split	scenario	seed	method	direction	pair_rank_spearman	top_quartile_auroc	tie_fraction	fit_profile_name	fit_fallback_gate	fit_cv_relative_improvement	fit_lambda_hypergraph	fit_anchor_weight	fit_cv_mse	fit_cv_baseline_mse	fit_profile_relative_improvement_over_equal	fit_folds	fit_converged	fit_iterations	fit_fit_status	fit_formal_release_allowed
development	coherent_mixed	701	liana_baseline	target	0.6813590534133978	0.9055555555555556	0.5714285714285714													
development	coherent_mixed	701	liana_baseline	reference	0.7689326090726403	0.9222222222222223	0.6666666666666666													
development	coherent_mixed	701	equal_multiview_rc2	target	0.7276415806225344	0.8777777777777778	0.6666666666666666	all_equal	1.0	0.33031967557914954										
development	coherent_mixed	701	equal_multiview_rc2	reference	0.7948728966580201	0.9500000000000001	0.7619047619047619	all_equal	1.0	0.33031967557914954										
development	coherent_mixed	701	adaptive_multiview_rc4	target	0.7276415806225344	0.8777777777777778	0.6666666666666666	all_equal	1.0	0.33031967557914954	0.05	0.1	3.5784432384015057	5.343509593918855	0.0033142053787491577	3.0	True	9.0	candidate_unreleased	False
development	coherent_mixed	701	adaptive_multiview_rc4	reference	0.7948728966580201	0.9500000000000001	0.7619047619047619	all_equal	1.0	0.33031967557914954	0.05	0.1	3.5784432384015057	5.343509593918855	0.0033142053787491577	3.0	True	9.0	candidate_unreleased	False
development	coherent_mixed	702	liana_baseline	target	0.5690350521177648	0.7944444444444445	0.7619047619047619													
development	coherent_mixed	702	liana_baseline	reference	0.811076467590145	0.85	0.5238095238095238													
development	coherent_mixed	702	equal_multiview_rc2	target	0.5774543155626188	0.7888888888888889	0.7142857142857143	all_equal	1.0	0.2733862454874483										
development	coherent_mixed	702	equal_multiview_rc2	reference	0.7825527467117973	0.8444444444444444	0.3333333333333333	all_equal	1.0	0.2733862454874483										
development	coherent_mixed	702	adaptive_multiview_rc4	target	0.5774543155626188	0.7888888888888889	0.7142857142857143	all_equal	1.0	0.2733862454874483	0.05	0.1	3.8729807707543507	5.330178167839029	0.003192834117833221	3.0	True	11.0	candidate_unreleased	False
development	coherent_mixed	702	adaptive_multiview_rc4	reference	0.7825527467117973	0.8444444444444444	0.3333333333333333	all_equal	1.0	0.2733862454874483	0.05	0.1	3.8729807707543507	5.330178167839029	0.003192834117833221	3.0	True	11.0	candidate_unreleased	False
development	coherent_mixed	703	liana_baseline	target	0.7661896722351372	0.9	0.7142857142857143													
development	coherent_mixed	703	liana_baseline	reference	0.7381218610616576	0.8520408163265306	0.8095238095238095													
development	coherent_mixed	703	equal_multiview_rc2	target	0.8231770839630556	0.938888888888889	0.7142857142857143	all_equal	1.0	0.31031719063033525										
development	coherent_mixed	703	equal_multiview_rc2	reference	0.7798499011985022	0.8724489795918366	0.7619047619047619	all_equal	1.0	0.31031719063033525										
development	coherent_mixed	703	adaptive_multiview_rc4	target	0.8231770839630556	0.938888888888889	0.7142857142857143	all_equal	1.0	0.31031719063033525	0.05	0.1	3.5849514910443423	5.197971360661877	0.0023689796857054857	3.0	True	10.0	candidate_unreleased	False
development	coherent_mixed	703	adaptive_multiview_rc4	reference	0.7798499011985022	0.8724489795918366	0.7619047619047619	all_equal	1.0	0.31031719063033525	0.05	0.1	3.5849514910443423	5.197971360661877	0.0023689796857054857	3.0	True	10.0	candidate_unreleased	False
development	coherent_mixed	704	liana_baseline	target	0.6878694440159009	0.7833333333333333	0.7619047619047619													
development	coherent_mixed	704	liana_baseline	reference	0.9366694420631706	0.9944444444444445	0.5714285714285714													
development	coherent_mixed	704	equal_multiview_rc2	target	0.7279004523240964	0.7833333333333334	0.6666666666666666	all_equal	1.0	0.3676431622359252										
development	coherent_mixed	704	equal_multiview_rc2	reference	0.9329213178213234	1.0	0.5714285714285714	all_equal	1.0	0.3676431622359252										
development	coherent_mixed	704	adaptive_multiview_rc4	target	0.7279004523240964	0.7833333333333334	0.6666666666666666	all_equal	1.0	0.3676431622359252	0.05	0.1	3.7097016238298584	5.866468744050976	0.004787756376438024	3.0	True	10.0	candidate_unreleased	False
development	coherent_mixed	704	adaptive_multiview_rc4	reference	0.9329213178213234	1.0	0.5714285714285714	all_equal	1.0	0.3676431622359252	0.05	0.1	3.7097016238298584	5.866468744050976	0.004787756376438024	3.0	True	10.0	candidate_unreleased	False
development	coherent_mixed	705	liana_baseline	target	0.5886489614472177	0.6632653061224489	0.6190476190476191													
development	coherent_mixed	705	liana_baseline	reference	0.539220326784483	0.6875	0.7619047619047619													
development	coherent_mixed	705	equal_multiview_rc2	target	0.6457517719150414	0.6938775510204082	0.5714285714285714	all_equal	1.0	0.2717072895629449										
development	coherent_mixed	705	equal_multiview_rc2	reference	0.5664038042041846	0.6923076923076923	0.7142857142857143	all_equal	1.0	0.2717072895629449										
development	coherent_mixed	705	adaptive_multiview_rc4	target	0.6312523467198324	0.6836734693877551	0.6666666666666666	reliability_weighted	1.0	0.27536078856676216	0.05	0.1	3.6425926602959757	5.026767255792607	0.005016525569265573	3.0	True	10.0	candidate_unreleased	False
development	coherent_mixed	705	adaptive_multiview_rc4	reference	0.5477839897222546	0.6826923076923077	0.7142857142857143	reliability_weighted	1.0	0.27536078856676216	0.05	0.1	3.6425926602959757	5.026767255792607	0.005016525569265573	3.0	True	10.0	candidate_unreleased	False
development	coherent_mixed	706	liana_baseline	target	0.7263280177543083	0.8888888888888888	0.8571428571428571													
development	coherent_mixed	706	liana_baseline	reference	0.5689547344653574	0.7666666666666667	0.6666666666666666													
development	coherent_mixed	706	equal_multiview_rc2	target	0.673326787017355	0.8722222222222223	0.7142857142857143	all_equal	1.0	0.2956390343308436										
development	coherent_mixed	706	equal_multiview_rc2	reference	0.5478604395341728	0.75	0.5714285714285714	all_equal	1.0	0.2956390343308436										
development	coherent_mixed	706	adaptive_multiview_rc4	target	0.673326787017355	0.8722222222222223	0.7142857142857143	all_equal	1.0	0.2956390343308436	0.05	0.1	3.7026661093750626	5.256773571853827	0.0042743700132253926	3.0	True	9.0	candidate_unreleased	False
development	coherent_mixed	706	adaptive_multiview_rc4	reference	0.5478604395341728	0.75	0.5714285714285714	all_equal	1.0	0.2956390343308436	0.05	0.1	3.7026661093750626	5.256773571853827	0.0042743700132253926	3.0	True	9.0	candidate_unreleased	False
development	coherent_mixed	707	liana_baseline	target	0.7793970600876977	0.9333333333333332	0.6190476190476191													
development	coherent_mixed	707	liana_baseline	reference	0.8359982648131692	1.0	0.47619047619047616													
development	coherent_mixed	707	equal_multiview_rc2	target	0.7878871648857361	0.9777777777777777	0.7142857142857143	all_equal	1.0	0.35480047340222465										
development	coherent_mixed	707	equal_multiview_rc2	reference	0.8569628186603637	0.9722222222222222	0.6666666666666666	all_equal	1.0	0.35480047340222465										
development	coherent_mixed	707	adaptive_multiview_rc4	target	0.7775275054762063	0.9555555555555556	0.6190476190476191	reliability_weighted	1.0	0.36613136304395855	0.05	0.1	3.4643556733973857	5.4654158155448185	0.017561838120810802	3.0	True	10.0	candidate_unreleased	False
development	coherent_mixed	707	adaptive_multiview_rc4	reference	0.8699439648510945	0.9777777777777777	0.7142857142857143	reliability_weighted	1.0	0.36613136304395855	0.05	0.1	3.4643556733973857	5.4654158155448185	0.017561838120810802	3.0	True	10.0	candidate_unreleased	False
development	coherent_mixed	708	liana_baseline	target	0.6486372969461763	0.8888888888888888	0.9047619047619048													
development	coherent_mixed	708	liana_baseline	reference	0.8523395221506866	1.0	0.3333333333333333													
development	coherent_mixed	708	equal_multiview_rc2	target	0.644882536303638	0.8722222222222222	0.6666666666666666	all_equal	1.0	0.3738561191620182										
development	coherent_mixed	708	equal_multiview_rc2	reference	0.8569102211902467	1.0	0.42857142857142855	all_equal	1.0	0.3738561191620182										
development	coherent_mixed	708	adaptive_multiview_rc4	target	0.6406417678620941	0.8722222222222222	0.6190476190476191	reliability_weighted	1.0	0.37857908277156993	0.05	0.1	3.6823267414979615	5.925656249102994	0.007542936622219831	3.0	True	10.0	candidate_unreleased	False
development	coherent_mixed	708	adaptive_multiview_rc4	reference	0.8558856393162527	0.9944444444444445	0.5238095238095238	reliability_weighted	1.0	0.37857908277156993	0.05	0.1	3.6823267414979615	5.925656249102994	0.007542936622219831	3.0	True	10.0	candidate_unreleased	False
development	coherent_mixed	709	liana_baseline	target	0.8767536919916062	1.0	0.38095238095238093													
development	coherent_mixed	709	liana_baseline	reference	0.6167128688290178	0.9111111111111111	0.8571428571428571													
development	coherent_mixed	709	equal_multiview_rc2	target	0.8885995370984586	1.0	0.5714285714285714	all_equal	1.0	0.3386931026050298										
development	coherent_mixed	709	equal_multiview_rc2	reference	0.6285142164032592	0.9111111111111111	0.6190476190476191	all_equal	1.0	0.3386931026050298										
development	coherent_mixed	709	adaptive_multiview_rc4	target	0.8885995370984586	1.0	0.5714285714285714	reliability_weighted	1.0	0.34519736287336633	0.05	0.1	3.6070553951053315	5.508614642930577	0.009835464130131033	3.0	True	10.0	candidate_unreleased	False
development	coherent_mixed	709	adaptive_multiview_rc4	reference	0.6285142164032592	0.9111111111111111	0.6190476190476191	reliability_weighted	1.0	0.34519736287336633	0.05	0.1	3.6070553951053315	5.508614642930577	0.009835464130131033	3.0	True	10.0	candidate_unreleased	False
development	coherent_mixed	710	liana_baseline	target	0.6537207658977573	0.8833333333333334	0.6190476190476191													
development	coherent_mixed	710	liana_baseline	reference	0.6276508033406203	0.8112244897959183	0.47619047619047616													
development	coherent_mixed	710	equal_multiview_rc2	target	0.6800525625524095	0.8777777777777779	0.7142857142857143	all_equal	1.0	0.28874888782756536										
development	coherent_mixed	710	equal_multiview_rc2	reference	0.6319766234158135	0.8214285714285715	0.6666666666666666	all_equal	1.0	0.28874888782756536										
development	coherent_mixed	710	adaptive_multiview_rc4	target	0.6800525625524095	0.8777777777777779	0.7142857142857143	all_equal	1.0	0.28874888782756536	0.05	0.1	3.9644852271269144	5.573959968959276	0.0009704614020280555	3.0	True	10.0	candidate_unreleased	False
development	coherent_mixed	710	adaptive_multiview_rc4	reference	0.6319766234158135	0.8214285714285715	0.6666666666666666	all_equal	1.0	0.28874888782756536	0.05	0.1	3.9644852271269144	5.573959968959276	0.0009704614020280555	3.0	True	10.0	candidate_unreleased	False
development	coherent_mixed	711	liana_baseline	target	0.7298092436096784	0.8888888888888888	0.5714285714285714													
development	coherent_mixed	711	liana_baseline	reference	0.4952599939634165	0.7388888888888889	0.6190476190476191													
development	coherent_mixed	711	equal_multiview_rc2	target	0.6965089076745146	0.8777777777777778	0.7142857142857143	all_equal	1.0	0.2978025236715923										
development	coherent_mixed	711	equal_multiview_rc2	reference	0.5274909776982364	0.7777777777777778	0.7142857142857143	all_equal	1.0	0.2978025236715923										
development	coherent_mixed	711	adaptive_multiview_rc4	target	0.6965089076745146	0.8777777777777778	0.7142857142857143	reliability_weighted	1.0	0.3047554685057866	0.05	0.1	3.6127806105374587	5.1964171552315594	0.009901694421559748	3.0	True	10.0	candidate_unreleased	False
development	coherent_mixed	711	adaptive_multiview_rc4	reference	0.5274909776982364	0.7777777777777778	0.7142857142857143	reliability_weighted	1.0	0.3047554685057866	0.05	0.1	3.6127806105374587	5.1964171552315594	0.009901694421559748	3.0	True	10.0	candidate_unreleased	False
development	coherent_mixed	712	liana_baseline	target	0.656619174689357	0.8418367346938775	0.6666666666666666													
development	coherent_mixed	712	liana_baseline	reference	0.7023167950107513	0.8	0.47619047619047616													
development	coherent_mixed	712	equal_multiview_rc2	target	0.6772521870133597	0.8469387755102041	0.6190476190476191	all_equal	1.0	0.3355546799253589										
development	coherent_mixed	712	equal_multiview_rc2	reference	0.6785425454080899	0.7944444444444445	0.5238095238095238	all_equal	1.0	0.3355546799253589										
development	coherent_mixed	712	adaptive_multiview_rc4	target	0.6772521870133597	0.8469387755102041	0.6190476190476191	all_equal	1.0	0.3355546799253589	0.05	0.1	3.7101805845971803	5.5838764643272585	0.0017654162129028261	3.0	True	10.0	candidate_unreleased	False
development	coherent_mixed	712	adaptive_multiview_rc4	reference	0.6785425454080899	0.7944444444444445	0.5238095238095238	all_equal	1.0	0.3355546799253589	0.05	0.1	3.7101805845971803	5.5838764643272585	0.0017654162129028261	3.0	True	10.0	candidate_unreleased	False
development	cell_dominant	701	liana_baseline	target	0.780336467625151	0.9846938775510203	0.6190476190476191													
development	cell_dominant	701	liana_baseline	reference	0.8104628799302389	1.0	0.6666666666666666													
development	cell_dominant	701	equal_multiview_rc2	target	0.8105270965411423	0.9795918367346939	0.7619047619047619	all_equal	1.0	0.3062621142753248										
development	cell_dominant	701	equal_multiview_rc2	reference	0.8325066580171561	1.0	0.7142857142857143	all_equal	1.0	0.3062621142753248										
development	cell_dominant	701	adaptive_multiview_rc4	target	0.8108673682021589	0.9642857142857143	0.7619047619047619	reliability_weighted	1.0	0.3272959881911369	0.05	0.1	3.5641284986623254	5.2982120458574125	0.03031962697819257	3.0	True	10.0	candidate_unreleased	False
development	cell_dominant	701	adaptive_multiview_rc4	reference	0.8404208268181399	1.0	0.5238095238095238	reliability_weighted	1.0	0.3272959881911369	0.05	0.1	3.5641284986623254	5.2982120458574125	0.03031962697819257	3.0	True	10.0	candidate_unreleased	False
development	cell_dominant	702	liana_baseline	target	0.4562575244949228		0.6190476190476191													
development	cell_dominant	702	liana_baseline	reference	0.9075347504249954	1.0	0.38095238095238093													
development	cell_dominant	702	equal_multiview_rc2	target	0.3443943584382758		0.7619047619047619	all_equal	1.0	0.2897129762865368										
development	cell_dominant	702	equal_multiview_rc2	reference	0.8904114532471654	0.9777777777777777	0.38095238095238093	all_equal	1.0	0.2897129762865368										
development	cell_dominant	702	adaptive_multiview_rc4	target	0.4154146836685222		0.7619047619047619	reliability_weighted	1.0	0.30671531996541845	0.05	0.1	3.9252183220013785	5.661769883340831	0.02393728607062451	3.0	True	11.0	candidate_unreleased	False
development	cell_dominant	702	adaptive_multiview_rc4	reference	0.9012064868067406	0.9777777777777777	0.3333333333333333	reliability_weighted	1.0	0.30671531996541845	0.05	0.1	3.9252183220013785	5.661769883340831	0.02393728607062451	3.0	True	11.0	candidate_unreleased	False
development	cell_dominant	703	liana_baseline	target	0.7731511081663326	0.8388888888888889	0.5714285714285714													
development	cell_dominant	703	liana_baseline	reference	0.6103208434400155	0.8277777777777777	0.7142857142857143													
development	cell_dominant	703	equal_multiview_rc2	target	0.7918643197015687	0.85	0.5714285714285714	all_equal	1.0	0.23352111891465455										
development	cell_dominant	703	equal_multiview_rc2	reference	0.6264450892543636	0.8277777777777778	0.6190476190476191	all_equal	1.0	0.23352111891465455										
development	cell_dominant	703	adaptive_multiview_rc4	target	0.7918643197015687	0.85	0.5714285714285714	reliability_weighted	1.0	0.23894677608162795	0.05	0.1	3.563984780758604	4.682963909421485	0.007078677966039559	3.0	True	10.0	candidate_unreleased	False
development	cell_dominant	703	adaptive_multiview_rc4	reference	0.6384856782629899	0.8388888888888889	0.6190476190476191	reliability_weighted	1.0	0.23894677608162795	0.05	0.1	3.563984780758604	4.682963909421485	0.007078677966039559	3.0	True	10.0	candidate_unreleased	False
development	cell_dominant	704	liana_baseline	target	0.8382355839289829	0.9222222222222222	0.5238095238095238													
development	cell_dominant	704	liana_baseline	reference	0.8493218741883768	1.0	0.47619047619047616													
development	cell_dominant	704	equal_multiview_rc2	target	0.8420706375393882	0.9	0.6190476190476191	all_equal	1.0	0.3762786375595397										
development	cell_dominant	704	equal_multiview_rc2	reference	0.8450902841973759	1.0	0.42857142857142855	all_equal	1.0	0.3762786375595397										
development	cell_dominant	704	adaptive_multiview_rc4	target	0.8489238001034597	0.9	0.6666666666666666	reliability_weighted	1.0	0.3920743361396887	0.05	0.1	3.5491378439081367	5.83811155688215	0.02532492797480035	3.0	True	9.0	candidate_unreleased	False
development	cell_dominant	704	adaptive_multiview_rc4	reference	0.8574927506593023	1.0	0.42857142857142855	reliability_weighted	1.0	0.3920743361396887	0.05	0.1	3.5491378439081367	5.83811155688215	0.02532492797480035	3.0	True	9.0	candidate_unreleased	False
development	cell_dominant	705	liana_baseline	target	0.7799613762677488	0.9222222222222223	0.6666666666666666													
development	cell_dominant	705	liana_baseline	reference	0.6481617001804982	0.9611111111111112	0.6190476190476191													
development	cell_dominant	705	equal_multiview_rc2	target	0.7513090614183457	0.9111111111111111	0.7619047619047619	all_equal	1.0	0.23657364918040003										
development	cell_dominant	705	equal_multiview_rc2	reference	0.7030040254288118	0.9444444444444445	0.7142857142857143	all_equal	1.0	0.23657364918040003										
development	cell_dominant	705	adaptive_multiview_rc4	target	0.7513090614183457	0.9111111111111111	0.7619047619047619	reliability_weighted	1.0	0.24859995237028443	0.05	0.1	3.65009886071007	4.857730409020165	0.015753062724352063	3.0	True	9.0	candidate_unreleased	False
development	cell_dominant	705	adaptive_multiview_rc4	reference	0.7030040254288118	0.9444444444444445	0.7142857142857143	reliability_weighted	1.0	0.24859995237028443	0.05	0.1	3.65009886071007	4.857730409020165	0.015753062724352063	3.0	True	9.0	candidate_unreleased	False
development	cell_dominant	706	liana_baseline	target	0.6715090781182576	0.8722222222222222	0.6666666666666666													
development	cell_dominant	706	liana_baseline	reference	0.5983008581023972	0.9277777777777778	0.7619047619047619													
development	cell_dominant	706	equal_multiview_rc2	target	0.7207187043562153	0.8555555555555556	0.8095238095238095	all_equal	1.0	0.26699485118685706										
development	cell_dominant	706	equal_multiview_rc2	reference	0.6574057124693687	0.9500000000000001	0.7619047619047619	all_equal	1.0	0.26699485118685706										
development	cell_dominant	706	adaptive_multiview_rc4	target	0.7113597330247298	0.8555555555555556	0.7142857142857143	reliability_weighted	1.0	0.28562943435429633	0.05	0.1	3.645722450533962	5.103405187528512	0.02542217226933763	3.0	True	10.0	candidate_unreleased	False
development	cell_dominant	706	adaptive_multiview_rc4	reference	0.662196904050916	0.9555555555555556	0.6190476190476191	reliability_weighted	1.0	0.28562943435429633	0.05	0.1	3.645722450533962	5.103405187528512	0.02542217226933763	3.0	True	10.0	candidate_unreleased	False
development	cell_dominant	707	liana_baseline	target	0.7257320276653741	0.9500000000000001	0.5714285714285714													
development	cell_dominant	707	liana_baseline	reference	0.7453387635618126	1.0	0.42857142857142855													
development	cell_dominant	707	equal_multiview_rc2	target	0.7065051648101572	0.9333333333333333	0.47619047619047616	all_equal	1.0	0.41724911057583036										
development	cell_dominant	707	equal_multiview_rc2	reference	0.7644861317492142	1.0	0.47619047619047616	all_equal	1.0	0.41724911057583036										
development	cell_dominant	707	adaptive_multiview_rc4	target	0.7065051648101572	0.9333333333333333	0.47619047619047616	all_equal	1.0	0.41724911057583036	0.05	0.1	3.6027829060108587	6.182372213229664	0.0	3.0	True	10.0	candidate_unreleased	False
development	cell_dominant	707	adaptive_multiview_rc4	reference	0.7644861317492142	1.0	0.47619047619047616	all_equal	1.0	0.41724911057583036	0.05	0.1	3.6027829060108587	6.182372213229664	0.0	3.0	True	10.0	candidate_unreleased	False
development	cell_dominant	708	liana_baseline	target	0.6954547080722527	0.9222222222222223	0.7142857142857143													
development	cell_dominant	708	liana_baseline	reference	0.9072142667485577	1.0	0.47619047619047616													
development	cell_dominant	708	equal_multiview_rc2	target	0.6399792430185637	0.8777777777777779	0.6190476190476191	all_equal	1.0	0.43323228787563184										
development	cell_dominant	708	equal_multiview_rc2	reference	0.9205482072965799	1.0	0.42857142857142855	all_equal	1.0	0.43323228787563184										
development	cell_dominant	708	adaptive_multiview_rc4	target	0.7006190424489663	0.9222222222222223	0.5238095238095238	reliability_weighted	1.0	0.4591868756250931	0.05	0.1	3.6732780010407216	6.792139161353454	0.04579404788635144	3.0	True	11.0	candidate_unreleased	False
development	cell_dominant	708	adaptive_multiview_rc4	reference	0.9205482072965799	1.0	0.42857142857142855	reliability_weighted	1.0	0.4591868756250931	0.05	0.1	3.6732780010407216	6.792139161353454	0.04579404788635144	3.0	True	11.0	candidate_unreleased	False
development	cell_dominant	709	liana_baseline	target	0.9043638947226802	1.0	0.5238095238095238													
development	cell_dominant	709	liana_baseline	reference	0.8322555564887897	0.9833333333333334	0.47619047619047616													
development	cell_dominant	709	equal_multiview_rc2	target	0.9061928715944161	1.0	0.47619047619047616	all_equal	1.0	0.37503863679255733										
development	cell_dominant	709	equal_multiview_rc2	reference	0.8282679859526828	0.9777777777777779	0.6190476190476191	all_equal	1.0	0.37503863679255733										
development	cell_dominant	709	adaptive_multiview_rc4	target	0.9061928715944161	1.0	0.47619047619047616	all_equal	1.0	0.37503863679255733	0.05	0.1	3.708714947682203	5.9343107686661485	0.0	3.0	True	10.0	candidate_unreleased	False
development	cell_dominant	709	adaptive_multiview_rc4	reference	0.8282679859526828	0.9777777777777779	0.6190476190476191	all_equal	1.0	0.37503863679255733	0.05	0.1	3.708714947682203	5.9343107686661485	0.0	3.0	True	10.0	candidate_unreleased	False
development	cell_dominant	710	liana_baseline	target	0.6231796418723508	0.9666666666666668	0.5714285714285714													
development	cell_dominant	710	liana_baseline	reference	0.6213123761722901	0.85	0.42857142857142855													
development	cell_dominant	710	equal_multiview_rc2	target	0.6559897866266793	0.9777777777777777	0.6666666666666666	all_equal	1.0	0.28629855114970293										
development	cell_dominant	710	equal_multiview_rc2	reference	0.6483780410499529	0.8388888888888889	0.5238095238095238	all_equal	1.0	0.28629855114970293										
development	cell_dominant	710	adaptive_multiview_rc4	target	0.6609496851049292	0.9777777777777777	0.5714285714285714	reliability_weighted	1.0	0.30278124722393396	0.05	0.1	3.8817409491847417	5.56746492220568	0.023094665284459026	3.0	True	10.0	candidate_unreleased	False
development	cell_dominant	710	adaptive_multiview_rc4	reference	0.6748852064236894	0.8444444444444444	0.47619047619047616	reliability_weighted	1.0	0.30278124722393396	0.05	0.1	3.8817409491847417	5.56746492220568	0.023094665284459026	3.0	True	10.0	candidate_unreleased	False
development	cell_dominant	711	liana_baseline	target	0.6740838735924244	0.9999999999999999	0.7619047619047619													
development	cell_dominant	711	liana_baseline	reference	0.4430284531854639	0.8555555555555556	0.7142857142857143													
development	cell_dominant	711	equal_multiview_rc2	target	0.7234306950832137	1.0	0.5714285714285714	all_equal	1.0	0.26708956235386205										
development	cell_dominant	711	equal_multiview_rc2	reference	0.49299989780137243	0.8833333333333333	0.8095238095238095	all_equal	1.0	0.26708956235386205										
development	cell_dominant	711	adaptive_multiview_rc4	target	0.7302575297251265	1.0	0.47619047619047616	reliability_weighted	1.0	0.2752974993478545	0.05	0.1	3.5943731823672014	4.9597913338683055	0.011199099606704399	3.0	True	8.0	candidate_unreleased	False
development	cell_dominant	711	adaptive_multiview_rc4	reference	0.5190246631131373	0.9	0.7619047619047619	reliability_weighted	1.0	0.2752974993478545	0.05	0.1	3.5943731823672014	4.9597913338683055	0.011199099606704399	3.0	True	8.0	candidate_unreleased	False
development	cell_dominant	712	liana_baseline	target	0.5529841062170934	0.75	0.6190476190476191													
development	cell_dominant	712	liana_baseline	reference	0.850166049577942	0.9500000000000001	0.5238095238095238													
development	cell_dominant	712	equal_multiview_rc2	target	0.6298581224885861	0.788888888888889	0.8095238095238095	all_equal	1.0	0.3604400983273838										
development	cell_dominant	712	equal_multiview_rc2	reference	0.8312433712169064	0.9555555555555556	0.42857142857142855	all_equal	1.0	0.3604400983273838										
development	cell_dominant	712	adaptive_multiview_rc4	target	0.6376759650828162	0.7944444444444445	0.8571428571428571	reliability_weighted	1.0	0.380158087551666	0.05	0.1	3.7395810148241386	6.0331206065963565	0.03083055890889108	3.0	True	10.0	candidate_unreleased	False
development	cell_dominant	712	adaptive_multiview_rc4	reference	0.8374773750001377	0.95	0.47619047619047616	reliability_weighted	1.0	0.380158087551666	0.05	0.1	3.7395810148241386	6.0331206065963565	0.03083055890889108	3.0	True	10.0	candidate_unreleased	False
development	molecular_dominant	701	liana_baseline	target	0.6749926956059856	0.7888888888888889	0.8095238095238095													
development	molecular_dominant	701	liana_baseline	reference	0.7652668712662448	0.8545454545454545	0.7142857142857143													
development	molecular_dominant	701	equal_multiview_rc2	target	0.70207202857937	0.7722222222222221	0.7619047619047619	all_equal	1.0	0.37715183766624905										
development	molecular_dominant	701	equal_multiview_rc2	reference	0.7321479350076959	0.8681818181818183	0.8095238095238095	all_equal	1.0	0.37715183766624905										
development	molecular_dominant	701	adaptive_multiview_rc4	target	0.6775479038581486	0.7388888888888889	0.7142857142857143	reliability_weighted	1.0	0.38276361967834494	0.05	0.1	3.521325267101714	5.704986581099896	0.009009871669315217	3.0	True	11.0	candidate_unreleased	False
development	molecular_dominant	701	adaptive_multiview_rc4	reference	0.7269982534892985	0.8681818181818182	0.6190476190476191	reliability_weighted	1.0	0.38276361967834494	0.05	0.1	3.521325267101714	5.704986581099896	0.009009871669315217	3.0	True	11.0	candidate_unreleased	False
development	molecular_dominant	702	liana_baseline	target	0.703313900286749	0.8388888888888889	0.9523809523809523													
development	molecular_dominant	702	liana_baseline	reference	0.6040756004356909	0.7755102040816326	0.7142857142857143													
development	molecular_dominant	702	equal_multiview_rc2	target	0.7028380077642992	0.8055555555555556	0.7619047619047619	all_equal	1.0	0.30013226899516166										
development	molecular_dominant	702	equal_multiview_rc2	reference	0.6060324046345367	0.7653061224489797	0.7619047619047619	all_equal	1.0	0.30013226899516166										
development	molecular_dominant	702	adaptive_multiview_rc4	target	0.7028380077642992	0.8055555555555556	0.7619047619047619	all_equal	1.0	0.30013226899516166	0.05	0.1	3.744182262008155	5.349842686177898	0.0	3.0	True	10.0	candidate_unreleased	False
development	molecular_dominant	702	adaptive_multiview_rc4	reference	0.6060324046345367	0.7653061224489797	0.7619047619047619	all_equal	1.0	0.30013226899516166	0.05	0.1	3.744182262008155	5.349842686177898	0.0	3.0	True	10.0	candidate_unreleased	False
development	molecular_dominant	703	liana_baseline	target	0.6809980327340639	0.6785714285714286	0.7142857142857143													
development	molecular_dominant	703	liana_baseline	reference	0.8017197169773457	0.9183673469387755	0.6666666666666666													
development	molecular_dominant	703	equal_multiview_rc2	target	0.6259284777834903	0.6224489795918366	0.6666666666666666	all_equal	1.0	0.3906846580955806										
development	molecular_dominant	703	equal_multiview_rc2	reference	0.8099977992493924	0.8928571428571429	0.6190476190476191	all_equal	1.0	0.3906846580955806										
development	molecular_dominant	703	adaptive_multiview_rc4	target	0.6259284777834903	0.6224489795918366	0.6666666666666666	all_equal	1.0	0.3906846580955806	0.05	0.1	3.549845958494974	5.825958603635197	0.0	3.0	True	10.0	candidate_unreleased	False
development	molecular_dominant	703	adaptive_multiview_rc4	reference	0.8099977992493924	0.8928571428571429	0.6190476190476191	all_equal	1.0	0.3906846580955806	0.05	0.1	3.549845958494974	5.825958603635197	0.0	3.0	True	10.0	candidate_unreleased	False
development	molecular_dominant	704	liana_baseline	target	0.7700531995572141	0.9074074074074074	0.5714285714285714													
development	molecular_dominant	704	liana_baseline	reference	0.7796005087014811	0.8611111111111112	0.6190476190476191													
development	molecular_dominant	704	equal_multiview_rc2	target	0.7426096510524904	0.9027777777777778	0.7619047619047619	all_equal	1.0	0.4004918457497705										
development	molecular_dominant	704	equal_multiview_rc2	reference	0.7632292541746443	0.8444444444444444	0.47619047619047616	all_equal	1.0	0.4004918457497705										
development	molecular_dominant	704	adaptive_multiview_rc4	target	0.7426096510524904	0.9027777777777778	0.7619047619047619	all_equal	1.0	0.4004918457497705	0.05	0.1	3.69402826101573	6.161764831431925	0.003974287756314809	3.0	True	10.0	candidate_unreleased	False
development	molecular_dominant	704	adaptive_multiview_rc4	reference	0.7632292541746443	0.8444444444444444	0.47619047619047616	all_equal	1.0	0.4004918457497705	0.05	0.1	3.69402826101573	6.161764831431925	0.003974287756314809	3.0	True	10.0	candidate_unreleased	False
development	molecular_dominant	705	liana_baseline	target	0.6397329260606227	0.75	0.5238095238095238													
development	molecular_dominant	705	liana_baseline	reference	0.6490947852962361	0.8775510204081632	0.6190476190476191													
development	molecular_dominant	705	equal_multiview_rc2	target	0.6085893430904333	0.7307692307692307	0.6190476190476191	all_equal	1.0	0.3519392934147706										
development	molecular_dominant	705	equal_multiview_rc2	reference	0.6677727471632635	0.9081632653061225	0.7619047619047619	all_equal	1.0	0.3519392934147706										
development	molecular_dominant	705	adaptive_multiview_rc4	target	0.6085893430904333	0.7307692307692307	0.6190476190476191	all_equal	1.0	0.3519392934147706	0.05	0.1	3.669565600415626	5.662379408483741	0.0	3.0	True	10.0	candidate_unreleased	False
development	molecular_dominant	705	adaptive_multiview_rc4	reference	0.6677727471632635	0.9081632653061225	0.7619047619047619	all_equal	1.0	0.3519392934147706	0.05	0.1	3.669565600415626	5.662379408483741	0.0	3.0	True	10.0	candidate_unreleased	False
development	molecular_dominant	706	liana_baseline	target	0.35852825263200117	0.5240384615384616	0.8095238095238095													
development	molecular_dominant	706	liana_baseline	reference	0.560486643162005	0.6778846153846154	0.7619047619047619													
development	molecular_dominant	706	equal_multiview_rc2	target	0.4148590042790662	0.5625	0.8571428571428571	all_equal	1.0	0.3449211119517688										
development	molecular_dominant	706	equal_multiview_rc2	reference	0.5273715036319265	0.6538461538461539	0.6190476190476191	all_equal	1.0	0.3449211119517688										
development	molecular_dominant	706	adaptive_multiview_rc4	target	0.37818531049040777	0.548076923076923	0.8095238095238095	reliability_weighted	1.0	0.3499207873897714	0.05	0.1	3.6259271454106567	5.577669728665317	0.007632173054605396	3.0	True	11.0	candidate_unreleased	False
development	molecular_dominant	706	adaptive_multiview_rc4	reference	0.5308611743494486	0.6586538461538461	0.6190476190476191	reliability_weighted	1.0	0.3499207873897714	0.05	0.1	3.6259271454106567	5.577669728665317	0.007632173054605396	3.0	True	11.0	candidate_unreleased	False
development	molecular_dominant	707	liana_baseline	target	0.49818848495832946	0.7277777777777777	0.7142857142857143													
development	molecular_dominant	707	liana_baseline	reference	0.690022614015803	0.7555555555555555	0.5714285714285714													
development	molecular_dominant	707	equal_multiview_rc2	target	0.4400530828592453	0.6833333333333333	0.8095238095238095	all_equal	1.0	0.37813368180677887										
development	molecular_dominant	707	equal_multiview_rc2	reference	0.6993205926697422	0.75	0.7619047619047619	all_equal	1.0	0.37813368180677887										
development	molecular_dominant	707	adaptive_multiview_rc4	target	0.4400530828592453	0.6833333333333333	0.8095238095238095	all_equal	1.0	0.37813368180677887	0.05	0.1	3.5101682823261506	5.644570512396686	0.0	3.0	True	10.0	candidate_unreleased	False
development	molecular_dominant	707	adaptive_multiview_rc4	reference	0.6993205926697422	0.75	0.7619047619047619	all_equal	1.0	0.37813368180677887	0.05	0.1	3.5101682823261506	5.644570512396686	0.0	3.0	True	10.0	candidate_unreleased	False
development	molecular_dominant	708	liana_baseline	target	0.7739200609380659	0.8388888888888889	0.6666666666666666													
development	molecular_dominant	708	liana_baseline	reference	0.48950394683136356	0.6020408163265306	0.7619047619047619													
development	molecular_dominant	708	equal_multiview_rc2	target	0.7908903149719508	0.8666666666666667	0.7142857142857143	all_equal	1.0	0.37232857156378796										
development	molecular_dominant	708	equal_multiview_rc2	reference	0.6068633722637724	0.6887755102040816	0.8095238095238095	all_equal	1.0	0.37232857156378796										
development	molecular_dominant	708	adaptive_multiview_rc4	target	0.7908903149719508	0.8666666666666667	0.7142857142857143	all_equal	1.0	0.37232857156378796	0.05	0.1	3.514541628294698	5.599333455484612	0.0	3.0	True	10.0	candidate_unreleased	False
development	molecular_dominant	708	adaptive_multiview_rc4	reference	0.6068633722637724	0.6887755102040816	0.8095238095238095	all_equal	1.0	0.37232857156378796	0.05	0.1	3.514541628294698	5.599333455484612	0.0	3.0	True	10.0	candidate_unreleased	False
development	molecular_dominant	709	liana_baseline	target	0.6518181987403242	0.8076923076923077	0.6666666666666666													
development	molecular_dominant	709	liana_baseline	reference	0.7799288938932096	0.7295918367346939	0.7619047619047619													
development	molecular_dominant	709	equal_multiview_rc2	target	0.6620780427734556	0.8125	0.6190476190476191	all_equal	1.0	0.38608291681060436										
development	molecular_dominant	709	equal_multiview_rc2	reference	0.7689302440630736	0.7193877551020408	0.8095238095238095	all_equal	1.0	0.38608291681060436										
development	molecular_dominant	709	adaptive_multiview_rc4	target	0.6269402185569224	0.8173076923076923	0.7619047619047619	reliability_weighted	1.0	0.3917920799383985	0.25	0.25	3.6080664295948375	5.932291097474362	0.009299567130685027	3.0	True	23.0	candidate_unreleased	False
development	molecular_dominant	709	adaptive_multiview_rc4	reference	0.8134034165571618	0.7755102040816326	0.7142857142857143	reliability_weighted	1.0	0.3917920799383985	0.25	0.25	3.6080664295948375	5.932291097474362	0.009299567130685027	3.0	True	23.0	candidate_unreleased	False
development	molecular_dominant	710	liana_baseline	target	0.5269659166095484	0.673469387755102	0.7142857142857143													
development	molecular_dominant	710	liana_baseline	reference	0.6454833642573985	0.7	0.6666666666666666													
development	molecular_dominant	710	equal_multiview_rc2	target	0.5331359274595476	0.6581632653061225	0.8095238095238095	all_equal	1.0	0.3479591169990831										
development	molecular_dominant	710	equal_multiview_rc2	reference	0.6455019827855412	0.7333333333333334	0.6190476190476191	all_equal	1.0	0.3479591169990831										
development	molecular_dominant	710	adaptive_multiview_rc4	target	0.5331359274595476	0.6581632653061225	0.8095238095238095	all_equal	1.0	0.3479591169990831	0.05	0.1	3.910258561176819	5.996953048680723	0.0	3.0	True	10.0	candidate_unreleased	False
development	molecular_dominant	710	adaptive_multiview_rc4	reference	0.6455019827855412	0.7333333333333334	0.6190476190476191	all_equal	1.0	0.3479591169990831	0.05	0.1	3.910258561176819	5.996953048680723	0.0	3.0	True	10.0	candidate_unreleased	False
development	molecular_dominant	711	liana_baseline	target	0.6875425441761004	0.7222222222222221	0.7619047619047619													
development	molecular_dominant	711	liana_baseline	reference	0.7346207223814541	0.8409090909090908	0.5714285714285714													
development	molecular_dominant	711	equal_multiview_rc2	target	0.6914977265970559	0.736111111111111	0.7142857142857143	all_equal	1.0	0.35929359931345806										
development	molecular_dominant	711	equal_multiview_rc2	reference	0.7139056803017959	0.8409090909090908	0.5714285714285714	all_equal	1.0	0.35929359931345806										
development	molecular_dominant	711	adaptive_multiview_rc4	target	0.6981256543194816	0.7499999999999999	0.8095238095238095	reliability_weighted	1.0	0.3736863813303437	0.05	0.1	3.541016544224053	5.653743489955519	0.02246392731750957	3.0	True	11.0	candidate_unreleased	False
development	molecular_dominant	711	adaptive_multiview_rc4	reference	0.704749602544903	0.85	0.7142857142857143	reliability_weighted	1.0	0.3736863813303437	0.05	0.1	3.541016544224053	5.653743489955519	0.02246392731750957	3.0	True	11.0	candidate_unreleased	False
development	molecular_dominant	712	liana_baseline	target	0.6492817096375794	0.7019230769230769	0.7619047619047619													
development	molecular_dominant	712	liana_baseline	reference	0.6816366191843474	0.7788461538461539	0.7142857142857143													
development	molecular_dominant	712	equal_multiview_rc2	target	0.6610003622235717	0.7211538461538461	0.7142857142857143	all_equal	1.0	0.3763539950436897										
development	molecular_dominant	712	equal_multiview_rc2	reference	0.7381212688816655	0.8317307692307692	0.7142857142857143	all_equal	1.0	0.3763539950436897										
development	molecular_dominant	712	adaptive_multiview_rc4	target	0.6610003622235717	0.7211538461538461	0.7142857142857143	all_equal	1.0	0.3763539950436897	0.05	0.1	3.668852970737291	5.882909441541782	0.0	3.0	True	10.0	candidate_unreleased	False
development	molecular_dominant	712	adaptive_multiview_rc4	reference	0.7381212688816655	0.8317307692307692	0.7142857142857143	all_equal	1.0	0.3763539950436897	0.05	0.1	3.668852970737291	5.882909441541782	0.0	3.0	True	10.0	candidate_unreleased	False
development	corrupted_sender	701	liana_baseline	target	0.6813590534133978	0.9055555555555556	0.5714285714285714													
development	corrupted_sender	701	liana_baseline	reference	0.7689326090726403	0.9222222222222223	0.6666666666666666													
development	corrupted_sender	701	equal_multiview_rc2	target	0.7276415806225344	0.8777777777777778	0.6666666666666666	all_equal	1.0	0.32401210786572276										
development	corrupted_sender	701	equal_multiview_rc2	reference	0.7948728966580201	0.9500000000000001	0.7619047619047619	all_equal	1.0	0.32401210786572276										
development	corrupted_sender	701	adaptive_multiview_rc4	target	0.7208486999981506	0.8722222222222222	0.5714285714285714	reliability_weighted	1.0	0.3274593000944037	0.05	0.1	3.5937276822464552	5.343509593918855	0.0050994881251456015	3.0	True	9.0	candidate_unreleased	False
development	corrupted_sender	701	adaptive_multiview_rc4	reference	0.7955774429231489	0.9500000000000001	0.7619047619047619	reliability_weighted	1.0	0.3274593000944037	0.05	0.1	3.5937276822464552	5.343509593918855	0.0050994881251456015	3.0	True	9.0	candidate_unreleased	False
development	corrupted_sender	702	liana_baseline	target	0.5690350521177648	0.7944444444444445	0.7619047619047619													
development	corrupted_sender	702	liana_baseline	reference	0.811076467590145	0.85	0.5238095238095238													
development	corrupted_sender	702	equal_multiview_rc2	target	0.5774543155626188	0.7888888888888889	0.7142857142857143	all_equal	1.0	0.2656710934552279										
development	corrupted_sender	702	equal_multiview_rc2	reference	0.7885325170764811	0.8444444444444444	0.38095238095238093	all_equal	1.0	0.2656710934552279										
development	corrupted_sender	702	adaptive_multiview_rc4	target	0.5774543155626188	0.7888888888888889	0.7142857142857143	all_equal	1.0	0.2656710934552279	0.05	0.1	3.914103905678051	5.330178167839029	0.0014193024195816584	3.0	True	11.0	candidate_unreleased	False
development	corrupted_sender	702	adaptive_multiview_rc4	reference	0.7885325170764811	0.8444444444444444	0.38095238095238093	all_equal	1.0	0.2656710934552279	0.05	0.1	3.914103905678051	5.330178167839029	0.0014193024195816584	3.0	True	11.0	candidate_unreleased	False
development	corrupted_sender	703	liana_baseline	target	0.7661896722351372	0.9	0.7142857142857143													
development	corrupted_sender	703	liana_baseline	reference	0.7381218610616576	0.8520408163265306	0.8095238095238095													
development	corrupted_sender	703	equal_multiview_rc2	target	0.809028275334925	0.9444444444444445	0.6666666666666666	all_equal	1.0	0.309400957478564										
development	corrupted_sender	703	equal_multiview_rc2	reference	0.7798499011985022	0.8724489795918366	0.7619047619047619	all_equal	1.0	0.309400957478564										
development	corrupted_sender	703	adaptive_multiview_rc4	target	0.809028275334925	0.9444444444444445	0.6666666666666666	all_equal	1.0	0.309400957478564	0.05	0.1	3.5897140447269384	5.197971360661877	0.003043559229225279	3.0	True	10.0	candidate_unreleased	False
development	corrupted_sender	703	adaptive_multiview_rc4	reference	0.7798499011985022	0.8724489795918366	0.7619047619047619	all_equal	1.0	0.309400957478564	0.05	0.1	3.5897140447269384	5.197971360661877	0.003043559229225279	3.0	True	10.0	candidate_unreleased	False
development	corrupted_sender	704	liana_baseline	target	0.6878694440159009	0.7833333333333333	0.7619047619047619													
development	corrupted_sender	704	liana_baseline	reference	0.9366694420631706	0.9944444444444445	0.5714285714285714													
development	corrupted_sender	704	equal_multiview_rc2	target	0.7279004523240964	0.7833333333333334	0.6666666666666666	all_equal	1.0	0.36225169130127177										
development	corrupted_sender	704	equal_multiview_rc2	reference	0.9329213178213234	1.0	0.5714285714285714	all_equal	1.0	0.36225169130127177										
development	corrupted_sender	704	adaptive_multiview_rc4	target	0.7233904320924536	0.7833333333333334	0.5714285714285714	reliability_weighted	1.0	0.3680136471218767	0.05	0.1	3.707528185826281	5.866468744050976	0.009034842965497947	3.0	True	10.0	candidate_unreleased	False
development	corrupted_sender	704	adaptive_multiview_rc4	reference	0.9339408239372391	1.0	0.38095238095238093	reliability_weighted	1.0	0.3680136471218767	0.05	0.1	3.707528185826281	5.866468744050976	0.009034842965497947	3.0	True	10.0	candidate_unreleased	False
development	corrupted_sender	705	liana_baseline	target	0.5886489614472177	0.6632653061224489	0.6190476190476191													
development	corrupted_sender	705	liana_baseline	reference	0.539220326784483	0.6875	0.7619047619047619													
development	corrupted_sender	705	equal_multiview_rc2	target	0.6282372531895066	0.6887755102040817	0.7142857142857143	all_equal	1.0	0.26749151500414503										
development	corrupted_sender	705	equal_multiview_rc2	reference	0.5379075566644964	0.6778846153846154	0.7619047619047619	all_equal	1.0	0.26749151500414503										
development	corrupted_sender	705	adaptive_multiview_rc4	target	0.6282372531895066	0.6887755102040817	0.7142857142857143	reliability_weighted	1.0	0.2728501691547557	0.05	0.1	3.655212959748007	5.026767255792607	0.0073154840665647924	3.0	True	10.0	candidate_unreleased	False
development	corrupted_sender	705	adaptive_multiview_rc4	reference	0.5379075566644964	0.6778846153846154	0.7619047619047619	reliability_weighted	1.0	0.2728501691547557	0.05	0.1	3.655212959748007	5.026767255792607	0.0073154840665647924	3.0	True	10.0	candidate_unreleased	False
development	corrupted_sender	706	liana_baseline	target	0.7263280177543083	0.8888888888888888	0.8571428571428571													
development	corrupted_sender	706	liana_baseline	reference	0.5689547344653574	0.7666666666666667	0.6666666666666666													
development	corrupted_sender	706	equal_multiview_rc2	target	0.673326787017355	0.8722222222222223	0.7142857142857143	all_equal	1.0	0.29513747748096186										
development	corrupted_sender	706	equal_multiview_rc2	reference	0.5478604395341728	0.75	0.5714285714285714	all_equal	1.0	0.29513747748096186										
development	corrupted_sender	706	adaptive_multiview_rc4	target	0.673326787017355	0.8722222222222223	0.7142857142857143	all_equal	1.0	0.29513747748096186	0.05	0.1	3.7053026801683027	5.256773571853827	0.004672711896700488	3.0	True	9.0	candidate_unreleased	False
development	corrupted_sender	706	adaptive_multiview_rc4	reference	0.5478604395341728	0.75	0.5714285714285714	all_equal	1.0	0.29513747748096186	0.05	0.1	3.7053026801683027	5.256773571853827	0.004672711896700488	3.0	True	9.0	candidate_unreleased	False
development	corrupted_sender	707	liana_baseline	target	0.7793970600876977	0.9333333333333332	0.6190476190476191													
development	corrupted_sender	707	liana_baseline	reference	0.8359982648131692	1.0	0.47619047619047616													
development	corrupted_sender	707	equal_multiview_rc2	target	0.7897717296495326	0.9777777777777779	0.7619047619047619	all_equal	1.0	0.3407192814411405										
development	corrupted_sender	707	equal_multiview_rc2	reference	0.8569628186603637	0.9722222222222222	0.6666666666666666	all_equal	1.0	0.3407192814411405										
development	corrupted_sender	707	adaptive_multiview_rc4	target	0.7897717296495326	0.9777777777777779	0.7619047619047619	all_equal	1.0	0.3407192814411405	0.05	0.1	3.603243266095343	5.4654158155448185	0.00121978125380251	3.0	True	10.0	candidate_unreleased	False
development	corrupted_sender	707	adaptive_multiview_rc4	reference	0.8569628186603637	0.9722222222222222	0.6666666666666666	all_equal	1.0	0.3407192814411405	0.05	0.1	3.603243266095343	5.4654158155448185	0.00121978125380251	3.0	True	10.0	candidate_unreleased	False
development	corrupted_sender	708	liana_baseline	target	0.6486372969461763	0.8888888888888888	0.9047619047619048													
development	corrupted_sender	708	liana_baseline	reference	0.8523395221506866	1.0	0.3333333333333333													
development	corrupted_sender	708	equal_multiview_rc2	target	0.635850726679711	0.8666666666666667	0.7142857142857143	all_equal	1.0	0.36138741550616726										
development	corrupted_sender	708	equal_multiview_rc2	reference	0.8421914690871927	1.0	0.5238095238095238	all_equal	1.0	0.36138741550616726										
development	corrupted_sender	708	adaptive_multiview_rc4	target	0.635850726679711	0.8666666666666667	0.7142857142857143	all_equal	1.0	0.36138741550616726	0.05	0.1	3.784198652061694	5.925656249102994	0.002778290258966365	3.0	True	10.0	candidate_unreleased	False
development	corrupted_sender	708	adaptive_multiview_rc4	reference	0.8421914690871927	1.0	0.5238095238095238	all_equal	1.0	0.36138741550616726	0.05	0.1	3.784198652061694	5.925656249102994	0.002778290258966365	3.0	True	10.0	candidate_unreleased	False
development	corrupted_sender	709	liana_baseline	target	0.8767536919916062	1.0	0.38095238095238093													
development	corrupted_sender	709	liana_baseline	reference	0.6167128688290178	0.9111111111111111	0.8571428571428571													
development	corrupted_sender	709	equal_multiview_rc2	target	0.8840392755444344	1.0	0.5714285714285714	all_equal	1.0	0.3273761449526579										
development	corrupted_sender	709	equal_multiview_rc2	reference	0.5943045930487207	0.9166666666666667	0.6190476190476191	all_equal	1.0	0.3273761449526579										
development	corrupted_sender	709	adaptive_multiview_rc4	target	0.8813950121760709	1.0	0.6666666666666666	reliability_weighted	1.0	0.3320048822007319	0.05	0.1	3.679727687315184	5.508614642930577	0.0068816132721730705	3.0	True	10.0	candidate_unreleased	False
development	corrupted_sender	709	adaptive_multiview_rc4	reference	0.5931896066351391	0.9166666666666667	0.7142857142857143	reliability_weighted	1.0	0.3320048822007319	0.05	0.1	3.679727687315184	5.508614642930577	0.0068816132721730705	3.0	True	10.0	candidate_unreleased	False
development	corrupted_sender	710	liana_baseline	target	0.6537207658977573	0.8833333333333334	0.6190476190476191													
development	corrupted_sender	710	liana_baseline	reference	0.6276508033406203	0.8112244897959183	0.47619047619047616													
development	corrupted_sender	710	equal_multiview_rc2	target	0.6800525625524095	0.8777777777777779	0.7142857142857143	all_equal	1.0	0.2840942038819124										
development	corrupted_sender	710	equal_multiview_rc2	reference	0.6319766234158135	0.8214285714285715	0.6666666666666666	all_equal	1.0	0.2840942038819124										
development	corrupted_sender	710	adaptive_multiview_rc4	target	0.6800525625524095	0.8777777777777779	0.7142857142857143	all_equal	1.0	0.2840942038819124	0.05	0.1	3.990430249108141	5.573959968959276	0.0027809602169170944	3.0	True	10.0	candidate_unreleased	False
development	corrupted_sender	710	adaptive_multiview_rc4	reference	0.6319766234158135	0.8214285714285715	0.6666666666666666	all_equal	1.0	0.2840942038819124	0.05	0.1	3.990430249108141	5.573959968959276	0.0027809602169170944	3.0	True	10.0	candidate_unreleased	False
development	corrupted_sender	711	liana_baseline	target	0.7298092436096784	0.8888888888888888	0.5714285714285714													
development	corrupted_sender	711	liana_baseline	reference	0.4952599939634165	0.7388888888888889	0.6190476190476191													
development	corrupted_sender	711	equal_multiview_rc2	target	0.7181239417602673	0.8777777777777778	0.7142857142857143	all_equal	1.0	0.29506764716300227										
development	corrupted_sender	711	equal_multiview_rc2	reference	0.5187860674053443	0.7722222222222221	0.7619047619047619	all_equal	1.0	0.29506764716300227										
development	corrupted_sender	711	adaptive_multiview_rc4	target	0.6965089076745146	0.8777777777777778	0.7142857142857143	reliability_weighted	1.0	0.30396882107660494	0.05	0.1	3.616868358733577	5.1964171552315594	0.012626990203783328	3.0	True	10.0	candidate_unreleased	False
development	corrupted_sender	711	adaptive_multiview_rc4	reference	0.5274909776982364	0.7777777777777778	0.7142857142857143	reliability_weighted	1.0	0.30396882107660494	0.05	0.1	3.616868358733577	5.1964171552315594	0.012626990203783328	3.0	True	10.0	candidate_unreleased	False
development	corrupted_sender	712	liana_baseline	target	0.656619174689357	0.8418367346938775	0.6666666666666666													
development	corrupted_sender	712	liana_baseline	reference	0.7023167950107513	0.8	0.47619047619047616													
development	corrupted_sender	712	equal_multiview_rc2	target	0.6772521870133597	0.8469387755102041	0.6190476190476191	all_equal	1.0	0.3297489833102607										
development	corrupted_sender	712	equal_multiview_rc2	reference	0.6785425454080899	0.7944444444444445	0.5238095238095238	all_equal	1.0	0.3297489833102607										
development	corrupted_sender	712	adaptive_multiview_rc4	target	0.6772521870133597	0.8469387755102041	0.6190476190476191	all_equal	1.0	0.3297489833102607	0.05	0.1	3.7425988772852516	5.5838764643272585	0.0038506824705835108	3.0	True	10.0	candidate_unreleased	False
development	corrupted_sender	712	adaptive_multiview_rc4	reference	0.6785425454080899	0.7944444444444445	0.5238095238095238	all_equal	1.0	0.3297489833102607	0.05	0.1	3.7425988772852516	5.5838764643272585	0.0038506824705835108	3.0	True	10.0	candidate_unreleased	False
development	corrupted_interaction	701	liana_baseline	target	0.6813590534133978	0.9055555555555556	0.5714285714285714													
development	corrupted_interaction	701	liana_baseline	reference	0.7689326090726403	0.9222222222222223	0.6666666666666666													
development	corrupted_interaction	701	equal_multiview_rc2	target	0.7276415806225344	0.8777777777777778	0.6666666666666666	all_equal	1.0	0.3183516124292495										
development	corrupted_interaction	701	equal_multiview_rc2	reference	0.7948728966580201	0.9500000000000001	0.7619047619047619	all_equal	1.0	0.3183516124292495										
development	corrupted_interaction	701	adaptive_multiview_rc4	target	0.7276415806225344	0.8777777777777778	0.6666666666666666	all_equal	1.0	0.3183516124292495	0.05	0.1	3.642394698663623	5.343509593918855	0.0025979788131119674	3.0	True	9.0	candidate_unreleased	False
development	corrupted_interaction	701	adaptive_multiview_rc4	reference	0.7948728966580201	0.9500000000000001	0.7619047619047619	all_equal	1.0	0.3183516124292495	0.05	0.1	3.642394698663623	5.343509593918855	0.0025979788131119674	3.0	True	9.0	candidate_unreleased	False
development	corrupted_interaction	702	liana_baseline	target	0.5690350521177648	0.7944444444444445	0.7619047619047619													
development	corrupted_interaction	702	liana_baseline	reference	0.811076467590145	0.85	0.5238095238095238													
development	corrupted_interaction	702	equal_multiview_rc2	target	0.5770740360906459	0.7888888888888889	0.7619047619047619	all_equal	1.0	0.26723580404835934										
development	corrupted_interaction	702	equal_multiview_rc2	reference	0.7841104498842831	0.8444444444444444	0.42857142857142855	all_equal	1.0	0.26723580404835934										
development	corrupted_interaction	702	adaptive_multiview_rc4	target	0.5770740360906459	0.7888888888888889	0.7619047619047619	reliability_weighted	1.0	0.2709374461522335	0.05	0.1	3.8860333075083315	5.330178167839029	0.005051614317845843	3.0	True	11.0	candidate_unreleased	False
development	corrupted_interaction	702	adaptive_multiview_rc4	reference	0.7900939507462958	0.8444444444444444	0.47619047619047616	reliability_weighted	1.0	0.2709374461522335	0.05	0.1	3.8860333075083315	5.330178167839029	0.005051614317845843	3.0	True	11.0	candidate_unreleased	False
development	corrupted_interaction	703	liana_baseline	target	0.7661896722351372	0.9	0.7142857142857143													
development	corrupted_interaction	703	liana_baseline	reference	0.7381218610616576	0.8520408163265306	0.8095238095238095													
development	corrupted_interaction	703	equal_multiview_rc2	target	0.8231770839630556	0.938888888888889	0.7142857142857143	all_equal	1.0	0.29918221665432787										
development	corrupted_interaction	703	equal_multiview_rc2	reference	0.7825377736419752	0.8724489795918368	0.6666666666666666	all_equal	1.0	0.29918221665432787										
development	corrupted_interaction	703	adaptive_multiview_rc4	target	0.8231770839630556	0.938888888888889	0.7142857142857143	reliability_weighted	1.0	0.3050176700842203	0.05	0.1	3.6124982470682867	5.197971360661877	0.008326634352847417	3.0	True	10.0	candidate_unreleased	False
development	corrupted_interaction	703	adaptive_multiview_rc4	reference	0.7825377736419752	0.8724489795918368	0.6666666666666666	reliability_weighted	1.0	0.3050176700842203	0.05	0.1	3.6124982470682867	5.197971360661877	0.008326634352847417	3.0	True	10.0	candidate_unreleased	False
development	corrupted_interaction	704	liana_baseline	target	0.6878694440159009	0.7833333333333333	0.7619047619047619													
development	corrupted_interaction	704	liana_baseline	reference	0.9366694420631706	0.9944444444444445	0.5714285714285714													
development	corrupted_interaction	704	equal_multiview_rc2	target	0.7297836683831433	0.7833333333333333	0.7619047619047619	all_equal	1.0	0.35447454648132415										
development	corrupted_interaction	704	equal_multiview_rc2	reference	0.9387435071663488	1.0	0.5238095238095238	all_equal	1.0	0.35447454648132415										
development	corrupted_interaction	704	adaptive_multiview_rc4	target	0.7297836683831433	0.7833333333333333	0.7619047619047619	all_equal	1.0	0.35447454648132415	0.05	0.1	3.786954896556643	5.866468744050976	0.0017807061812377123	3.0	True	10.0	candidate_unreleased	False
development	corrupted_interaction	704	adaptive_multiview_rc4	reference	0.9387435071663488	1.0	0.5238095238095238	all_equal	1.0	0.35447454648132415	0.05	0.1	3.786954896556643	5.866468744050976	0.0017807061812377123	3.0	True	10.0	candidate_unreleased	False
development	corrupted_interaction	705	liana_baseline	target	0.5886489614472177	0.6632653061224489	0.6190476190476191													
development	corrupted_interaction	705	liana_baseline	reference	0.539220326784483	0.6875	0.7619047619047619													
development	corrupted_interaction	705	equal_multiview_rc2	target	0.6392158228065896	0.6938775510204082	0.5714285714285714	all_equal	1.0	0.2604147239410953										
development	corrupted_interaction	705	equal_multiview_rc2	reference	0.5509203179651195	0.6826923076923077	0.7619047619047619	all_equal	1.0	0.2604147239410953										
development	corrupted_interaction	705	adaptive_multiview_rc4	target	0.6392158228065896	0.6938775510204082	0.5714285714285714	all_equal	1.0	0.2604147239410953	0.05	0.1	3.717723048559238	5.026767255792607	0.003275641976346222	3.0	True	10.0	candidate_unreleased	False
development	corrupted_interaction	705	adaptive_multiview_rc4	reference	0.5509203179651195	0.6826923076923077	0.7619047619047619	all_equal	1.0	0.2604147239410953	0.05	0.1	3.717723048559238	5.026767255792607	0.003275641976346222	3.0	True	10.0	candidate_unreleased	False
development	corrupted_interaction	706	liana_baseline	target	0.7263280177543083	0.8888888888888888	0.8571428571428571													
development	corrupted_interaction	706	liana_baseline	reference	0.5689547344653574	0.7666666666666667	0.6666666666666666													
development	corrupted_interaction	706	equal_multiview_rc2	target	0.708256940954178	0.8777777777777778	0.8571428571428571	all_equal	1.0	0.28630932516251995										
development	corrupted_interaction	706	equal_multiview_rc2	reference	0.5469745503218252	0.7444444444444445	0.6190476190476191	all_equal	1.0	0.28630932516251995										
development	corrupted_interaction	706	adaptive_multiview_rc4	target	0.708256940954178	0.8777777777777778	0.8571428571428571	all_equal	1.0	0.28630932516251995	0.05	0.1	3.7517102779641887	5.256773571853827	0.003749296825752424	3.0	True	9.0	candidate_unreleased	False
development	corrupted_interaction	706	adaptive_multiview_rc4	reference	0.5469745503218252	0.7444444444444445	0.6190476190476191	all_equal	1.0	0.28630932516251995	0.05	0.1	3.7517102779641887	5.256773571853827	0.003749296825752424	3.0	True	9.0	candidate_unreleased	False
development	corrupted_interaction	707	liana_baseline	target	0.7793970600876977	0.9333333333333332	0.6190476190476191													
development	corrupted_interaction	707	liana_baseline	reference	0.8359982648131692	1.0	0.47619047619047616													
development	corrupted_interaction	707	equal_multiview_rc2	target	0.8097544824252135	0.9722222222222222	0.7619047619047619	all_equal	1.0	0.34918825326743275										
development	corrupted_interaction	707	equal_multiview_rc2	reference	0.8562181116038748	0.9722222222222223	0.6190476190476191	all_equal	1.0	0.34918825326743275										
development	corrupted_interaction	707	adaptive_multiview_rc4	target	0.8125280469139436	0.95	0.5238095238095238	reliability_weighted	1.0	0.36186585902706947	0.05	0.1	3.487668426512561	5.4654158155448185	0.019479681833165063	3.0	True	10.0	candidate_unreleased	False
development	corrupted_interaction	707	adaptive_multiview_rc4	reference	0.8824316192375165	0.9777777777777779	0.6190476190476191	reliability_weighted	1.0	0.36186585902706947	0.05	0.1	3.487668426512561	5.4654158155448185	0.019479681833165063	3.0	True	10.0	candidate_unreleased	False
development	corrupted_interaction	708	liana_baseline	target	0.6486372969461763	0.8888888888888888	0.9047619047619048													
development	corrupted_interaction	708	liana_baseline	reference	0.8523395221506866	1.0	0.3333333333333333													
development	corrupted_interaction	708	equal_multiview_rc2	target	0.6523299089786314	0.8722222222222222	0.7619047619047619	all_equal	1.0	0.36754512496619374										
development	corrupted_interaction	708	equal_multiview_rc2	reference	0.8503427608902047	0.9944444444444445	0.5238095238095238	all_equal	1.0	0.36754512496619374										
development	corrupted_interaction	708	adaptive_multiview_rc4	target	0.6476489152699174	0.8666666666666667	0.7619047619047619	reliability_weighted	1.0	0.37541585112679465	0.05	0.1	3.7010709648611844	5.925656249102994	0.012444723681164116	3.0	True	10.0	candidate_unreleased	False
development	corrupted_interaction	708	adaptive_multiview_rc4	reference	0.8548135354620847	0.9944444444444445	0.47619047619047616	reliability_weighted	1.0	0.37541585112679465	0.05	0.1	3.7010709648611844	5.925656249102994	0.012444723681164116	3.0	True	10.0	candidate_unreleased	False
development	corrupted_interaction	709	liana_baseline	target	0.8767536919916062	1.0	0.38095238095238093													
development	corrupted_interaction	709	liana_baseline	reference	0.6167128688290178	0.9111111111111111	0.8571428571428571													
development	corrupted_interaction	709	equal_multiview_rc2	target	0.8885995370984586	1.0	0.5714285714285714	all_equal	1.0	0.32831558124387916										
development	corrupted_interaction	709	equal_multiview_rc2	reference	0.6285142164032592	0.9111111111111111	0.6190476190476191	all_equal	1.0	0.32831558124387916										
development	corrupted_interaction	709	adaptive_multiview_rc4	target	0.8885995370984586	1.0	0.5714285714285714	reliability_weighted	1.0	0.33534430925961745	0.05	0.1	3.661332070519608	5.508614642930577	0.010464330896278184	3.0	True	10.0	candidate_unreleased	False
development	corrupted_interaction	709	adaptive_multiview_rc4	reference	0.6285142164032592	0.9111111111111111	0.6190476190476191	reliability_weighted	1.0	0.33534430925961745	0.05	0.1	3.661332070519608	5.508614642930577	0.010464330896278184	3.0	True	10.0	candidate_unreleased	False
development	corrupted_interaction	710	liana_baseline	target	0.6537207658977573	0.8833333333333334	0.6190476190476191													
development	corrupted_interaction	710	liana_baseline	reference	0.6276508033406203	0.8112244897959183	0.47619047619047616													
development	corrupted_interaction	710	equal_multiview_rc2	target	0.6800525625524095	0.8777777777777779	0.7142857142857143	all_equal	1.0	0.2800854825540321										
development	corrupted_interaction	710	equal_multiview_rc2	reference	0.6319766234158135	0.8214285714285715	0.6666666666666666	all_equal	1.0	0.2800854825540321										
development	corrupted_interaction	710	adaptive_multiview_rc4	target	0.6800525625524095	0.8777777777777779	0.7142857142857143	all_equal	1.0	0.2800854825540321	0.05	0.1	4.012774701316459	5.573959968959276	0.0012252018639472562	3.0	True	10.0	candidate_unreleased	False
development	corrupted_interaction	710	adaptive_multiview_rc4	reference	0.6319766234158135	0.8214285714285715	0.6666666666666666	all_equal	1.0	0.2800854825540321	0.05	0.1	4.012774701316459	5.573959968959276	0.0012252018639472562	3.0	True	10.0	candidate_unreleased	False
development	corrupted_interaction	711	liana_baseline	target	0.7298092436096784	0.8888888888888888	0.5714285714285714													
development	corrupted_interaction	711	liana_baseline	reference	0.4952599939634165	0.7388888888888889	0.6190476190476191													
development	corrupted_interaction	711	equal_multiview_rc2	target	0.7298964653956813	0.8888888888888888	0.7142857142857143	all_equal	1.0	0.28162527270634785										
development	corrupted_interaction	711	equal_multiview_rc2	reference	0.5200928333182041	0.7777777777777778	0.7619047619047619	all_equal	1.0	0.28162527270634785										
development	corrupted_interaction	711	adaptive_multiview_rc4	target	0.7298964653956813	0.8888888888888888	0.7142857142857143	all_equal	1.0	0.28162527270634785	0.05	0.1	3.732974756793527	5.1964171552315594	0.0036754306754520627	3.0	True	10.0	candidate_unreleased	False
development	corrupted_interaction	711	adaptive_multiview_rc4	reference	0.5200928333182041	0.7777777777777778	0.7619047619047619	all_equal	1.0	0.28162527270634785	0.05	0.1	3.732974756793527	5.1964171552315594	0.0036754306754520627	3.0	True	10.0	candidate_unreleased	False
development	corrupted_interaction	712	liana_baseline	target	0.656619174689357	0.8418367346938775	0.6666666666666666													
development	corrupted_interaction	712	liana_baseline	reference	0.7023167950107513	0.8	0.47619047619047616													
development	corrupted_interaction	712	equal_multiview_rc2	target	0.6772521870133597	0.8469387755102041	0.6190476190476191	all_equal	1.0	0.3258268603827501										
development	corrupted_interaction	712	equal_multiview_rc2	reference	0.6785425454080899	0.7944444444444445	0.5238095238095238	all_equal	1.0	0.3258268603827501										
development	corrupted_interaction	712	adaptive_multiview_rc4	target	0.6772521870133597	0.8469387755102041	0.6190476190476191	all_equal	1.0	0.3258268603827501	0.05	0.1	3.7644995271903765	5.5838764643272585	0.003601937165954805	3.0	True	10.0	candidate_unreleased	False
development	corrupted_interaction	712	adaptive_multiview_rc4	reference	0.6785425454080899	0.7944444444444445	0.5238095238095238	all_equal	1.0	0.3258268603827501	0.05	0.1	3.7644995271903765	5.5838764643272585	0.003601937165954805	3.0	True	10.0	candidate_unreleased	False
development	topology_jump	701	liana_baseline	target	0.6297913165879392	0.8944444444444445	0.7142857142857143													
development	topology_jump	701	liana_baseline	reference	0.7452460618642607	0.9166666666666667	0.8095238095238095													
development	topology_jump	701	equal_multiview_rc2	target	0.6998061880423362	0.8833333333333334	0.7142857142857143	all_equal	1.0	0.32031755158941355										
development	topology_jump	701	equal_multiview_rc2	reference	0.7928973893921321	0.9333333333333333	0.6190476190476191	all_equal	1.0	0.32031755158941355										
development	topology_jump	701	adaptive_multiview_rc4	target	0.6998061880423362	0.8833333333333334	0.7142857142857143	all_equal	1.0	0.32031755158941355	0.05	0.1	3.6154063338398674	5.319258048069901	0.0013204041859185	3.0	True	9.0	candidate_unreleased	False
development	topology_jump	701	adaptive_multiview_rc4	reference	0.7928973893921321	0.9333333333333333	0.6190476190476191	all_equal	1.0	0.32031755158941355	0.05	0.1	3.6154063338398674	5.319258048069901	0.0013204041859185	3.0	True	9.0	candidate_unreleased	False
development	topology_jump	702	liana_baseline	target	0.3923540681339196	0.6712962962962963	0.7619047619047619													
development	topology_jump	702	liana_baseline	reference	0.8117291404021888	0.8500000000000001	0.6190476190476191													
development	topology_jump	702	equal_multiview_rc2	target	0.36822901692694043	0.6805555555555556	0.7142857142857143	all_equal	1.0	0.2743883372879252										
development	topology_jump	702	equal_multiview_rc2	reference	0.7816208403890158	0.8333333333333333	0.5714285714285714	all_equal	1.0	0.2743883372879252										
development	topology_jump	702	adaptive_multiview_rc4	target	0.36822901692694043	0.6805555555555556	0.7142857142857143	all_equal	1.0	0.2743883372879252	0.05	0.1	3.881920040474641	5.349858939650203	0.0022035853777431225	3.0	True	11.0	candidate_unreleased	False
development	topology_jump	702	adaptive_multiview_rc4	reference	0.7816208403890158	0.8333333333333333	0.5714285714285714	all_equal	1.0	0.2743883372879252	0.05	0.1	3.881920040474641	5.349858939650203	0.0022035853777431225	3.0	True	11.0	candidate_unreleased	False
development	topology_jump	703	liana_baseline	target	0.763516256248081	0.9111111111111111	0.8095238095238095													
development	topology_jump	703	liana_baseline	reference	0.7366017541875507	0.8666666666666667	0.7142857142857143													
development	topology_jump	703	equal_multiview_rc2	target	0.8040820915132814	0.9500000000000001	0.7142857142857143	all_equal	1.0	0.3058650758084802										
development	topology_jump	703	equal_multiview_rc2	reference	0.7649181972412319	0.8722222222222222	0.8571428571428571	all_equal	1.0	0.3058650758084802										
development	topology_jump	703	adaptive_multiview_rc4	target	0.8040820915132814	0.9500000000000001	0.7142857142857143	all_equal	1.0	0.3058650758084802	0.05	0.1	3.5986564239476553	5.184375974367117	0.002708415238082851	3.0	True	10.0	candidate_unreleased	False
development	topology_jump	703	adaptive_multiview_rc4	reference	0.7649181972412319	0.8722222222222222	0.8571428571428571	all_equal	1.0	0.3058650758084802	0.05	0.1	3.5986564239476553	5.184375974367117	0.002708415238082851	3.0	True	10.0	candidate_unreleased	False
development	topology_jump	704	liana_baseline	target	0.6608896115881454	0.7666666666666667	0.6666666666666666													
development	topology_jump	704	liana_baseline	reference	0.917863554473203	0.9722222222222223	0.6190476190476191													
development	topology_jump	704	equal_multiview_rc2	target	0.6782212045689329	0.7388888888888888	0.6666666666666666	all_equal	1.0	0.3620383050925632										
development	topology_jump	704	equal_multiview_rc2	reference	0.9122945183101588	0.9833333333333334	0.47619047619047616	all_equal	1.0	0.3620383050925632										
development	topology_jump	704	adaptive_multiview_rc4	target	0.6782212045689329	0.7388888888888888	0.6666666666666666	all_equal	1.0	0.3620383050925632	0.05	0.1	3.7467682226003305	5.873030077681947	0.004330043488266377	3.0	True	10.0	candidate_unreleased	False
development	topology_jump	704	adaptive_multiview_rc4	reference	0.9122945183101588	0.9833333333333334	0.47619047619047616	all_equal	1.0	0.3620383050925632	0.05	0.1	3.7467682226003305	5.873030077681947	0.004330043488266377	3.0	True	10.0	candidate_unreleased	False
development	topology_jump	705	liana_baseline	target	0.5543550632074145	0.6377551020408163	0.6190476190476191													
development	topology_jump	705	liana_baseline	reference	0.6990177460179094	0.8826530612244897	0.7142857142857143													
development	topology_jump	705	equal_multiview_rc2	target	0.5784827921323251	0.6530612244897959	0.7142857142857143	all_equal	1.0	0.2749969935032208										
development	topology_jump	705	equal_multiview_rc2	reference	0.7065185199411455	0.8928571428571429	0.7142857142857143	all_equal	1.0	0.2749969935032208										
development	topology_jump	705	adaptive_multiview_rc4	target	0.5784827921323251	0.6530612244897959	0.7142857142857143	reliability_weighted	1.0	0.2789590861900696	0.05	0.1	3.6424610365274104	5.05167039312776	0.0054649327676496995	3.0	True	10.0	candidate_unreleased	False
development	topology_jump	705	adaptive_multiview_rc4	reference	0.7065185199411455	0.8928571428571429	0.7142857142857143	reliability_weighted	1.0	0.2789590861900696	0.05	0.1	3.6424610365274104	5.05167039312776	0.0054649327676496995	3.0	True	10.0	candidate_unreleased	False
development	topology_jump	706	liana_baseline	target	0.7616133655146763	0.9285714285714285	0.8095238095238095													
development	topology_jump	706	liana_baseline	reference	0.5872912204987376	0.7833333333333333	0.7619047619047619													
development	topology_jump	706	equal_multiview_rc2	target	0.7471418158703955	0.8928571428571429	0.8095238095238095	all_equal	1.0	0.2872604301774435										
development	topology_jump	706	equal_multiview_rc2	reference	0.5840157535690179	0.7666666666666666	0.7619047619047619	all_equal	1.0	0.2872604301774435										
development	topology_jump	706	adaptive_multiview_rc4	target	0.7471418158703955	0.8928571428571429	0.8095238095238095	all_equal	1.0	0.2872604301774435	0.05	0.1	3.712184671596626	5.208332508493686	0.0027188931856750864	3.0	True	10.0	candidate_unreleased	False
development	topology_jump	706	adaptive_multiview_rc4	reference	0.5840157535690179	0.7666666666666666	0.7619047619047619	all_equal	1.0	0.2872604301774435	0.05	0.1	3.712184671596626	5.208332508493686	0.0027188931856750864	3.0	True	10.0	candidate_unreleased	False
development	topology_jump	707	liana_baseline	target	0.6267247877755704	0.9111111111111111	0.6666666666666666													
development	topology_jump	707	liana_baseline	reference	0.8386152345165304	1.0	0.5714285714285714													
development	topology_jump	707	equal_multiview_rc2	target	0.7131151794406072	0.9611111111111112	0.7142857142857143	all_equal	1.0	0.3572751386997185										
development	topology_jump	707	equal_multiview_rc2	reference	0.8651694005326592	0.9777777777777779	0.6190476190476191	all_equal	1.0	0.3572751386997185										
development	topology_jump	707	adaptive_multiview_rc4	target	0.6947122070679462	0.9666666666666668	0.7142857142857143	reliability_weighted	1.0	0.3647338482986745	0.05	0.1	3.4770635916987236	5.473396595091198	0.011604825094001292	3.0	True	10.0	candidate_unreleased	False
development	topology_jump	707	adaptive_multiview_rc4	reference	0.8634857072536504	0.9777777777777779	0.7142857142857143	reliability_weighted	1.0	0.3647338482986745	0.05	0.1	3.4770635916987236	5.473396595091198	0.011604825094001292	3.0	True	10.0	candidate_unreleased	False
development	topology_jump	708	liana_baseline	target	0.6481228595773486	0.8555555555555556	0.8571428571428571													
development	topology_jump	708	liana_baseline	reference	0.8796141477159956	1.0	0.47619047619047616													
development	topology_jump	708	equal_multiview_rc2	target	0.6627287099094343	0.8555555555555556	0.7619047619047619	all_equal	1.0	0.36334403581852204										
development	topology_jump	708	equal_multiview_rc2	reference	0.8708873492557717	0.9944444444444445	0.5714285714285714	all_equal	1.0	0.36334403581852204										
development	topology_jump	708	adaptive_multiview_rc4	target	0.6627287099094343	0.8555555555555556	0.7619047619047619	reliability_weighted	1.0	0.367526020409342	0.05	0.1	3.7036786855435615	5.855859379291162	0.0065686726051432665	3.0	True	10.0	candidate_unreleased	False
development	topology_jump	708	adaptive_multiview_rc4	reference	0.8708873492557717	0.9944444444444445	0.5714285714285714	reliability_weighted	1.0	0.367526020409342	0.05	0.1	3.7036786855435615	5.855859379291162	0.0065686726051432665	3.0	True	10.0	candidate_unreleased	False
development	topology_jump	709	liana_baseline	target	0.9021528338188319	0.9888888888888888	0.5238095238095238													
development	topology_jump	709	liana_baseline	reference	0.6909933652889043	0.9055555555555557	0.7619047619047619													
development	topology_jump	709	equal_multiview_rc2	target	0.9014686210528029	0.9944444444444445	0.6190476190476191	all_equal	1.0	0.33524004085140413										
development	topology_jump	709	equal_multiview_rc2	reference	0.6891460791033482	0.9055555555555557	0.6666666666666666	all_equal	1.0	0.33524004085140413										
development	topology_jump	709	adaptive_multiview_rc4	target	0.9014686210528029	0.9944444444444445	0.6190476190476191	reliability_weighted	1.0	0.33973547797655457	0.05	0.1	3.6272906329955794	5.493693076040783	0.0067624968430830545	3.0	True	10.0	candidate_unreleased	False
development	topology_jump	709	adaptive_multiview_rc4	reference	0.6891460791033482	0.9055555555555557	0.6666666666666666	reliability_weighted	1.0	0.33973547797655457	0.05	0.1	3.6272906329955794	5.493693076040783	0.0067624968430830545	3.0	True	10.0	candidate_unreleased	False
development	topology_jump	710	liana_baseline	target	0.6004586295425074	0.8500000000000001	0.7142857142857143													
development	topology_jump	710	liana_baseline	reference	0.597718726947739	0.8010204081632654	0.6666666666666666													
development	topology_jump	710	equal_multiview_rc2	target	0.6432081661023564	0.85	0.5714285714285714	all_equal	1.0	0.28372242860285035										
development	topology_jump	710	equal_multiview_rc2	reference	0.6027355529798498	0.8163265306122449	0.5714285714285714	all_equal	1.0	0.28372242860285035										
development	topology_jump	710	adaptive_multiview_rc4	target	0.6432081661023564	0.85	0.5714285714285714	all_equal	1.0	0.28372242860285035	0.05	0.1	3.9906603465649235	5.571388112545337	0.0015050492285424433	3.0	True	10.0	candidate_unreleased	False
development	topology_jump	710	adaptive_multiview_rc4	reference	0.6027355529798498	0.8163265306122449	0.5714285714285714	all_equal	1.0	0.28372242860285035	0.05	0.1	3.9906603465649235	5.571388112545337	0.0015050492285424433	3.0	True	10.0	candidate_unreleased	False
development	topology_jump	711	liana_baseline	target	0.7690330529485306	0.8666666666666667	0.6190476190476191													
development	topology_jump	711	liana_baseline	reference	0.47820832065550845	0.6444444444444445	0.6190476190476191													
development	topology_jump	711	equal_multiview_rc2	target	0.7349712448908926	0.861111111111111	0.7142857142857143	all_equal	1.0	0.29550149233746237										
development	topology_jump	711	equal_multiview_rc2	reference	0.5052306238094297	0.638888888888889	0.8095238095238095	all_equal	1.0	0.29550149233746237										
development	topology_jump	711	adaptive_multiview_rc4	target	0.7349712448908926	0.861111111111111	0.7142857142857143	reliability_weighted	1.0	0.3032814486658514	0.05	0.1	3.6240924801902885	5.201659225594757	0.01104325451902266	3.0	True	9.0	candidate_unreleased	False
development	topology_jump	711	adaptive_multiview_rc4	reference	0.5052306238094297	0.638888888888889	0.8095238095238095	reliability_weighted	1.0	0.3032814486658514	0.05	0.1	3.6240924801902885	5.201659225594757	0.01104325451902266	3.0	True	9.0	candidate_unreleased	False
development	topology_jump	712	liana_baseline	target	0.648045007667322	0.8173076923076923	0.6190476190476191													
development	topology_jump	712	liana_baseline	reference	0.70915774892382	0.7999999999999999	0.6190476190476191													
development	topology_jump	712	equal_multiview_rc2	target	0.6474076906723022	0.8125	0.6190476190476191	all_equal	1.0	0.3350000462529482										
development	topology_jump	712	equal_multiview_rc2	reference	0.6901030990140762	0.7944444444444445	0.7142857142857143	all_equal	1.0	0.3350000462529482										
development	topology_jump	712	adaptive_multiview_rc4	target	0.6474076906723022	0.8125	0.6190476190476191	all_equal	1.0	0.3350000462529482	0.05	0.1	3.7369789091205106	5.6195175474282175	0.0019920182205057646	3.0	True	10.0	candidate_unreleased	False
development	topology_jump	712	adaptive_multiview_rc4	reference	0.6901030990140762	0.7944444444444445	0.7142857142857143	all_equal	1.0	0.3350000462529482	0.05	0.1	3.7369789091205106	5.6195175474282175	0.0019920182205057646	3.0	True	10.0	candidate_unreleased	False
development	noisy_anchor	701	liana_baseline	target	0.6813590534133978	0.9055555555555556	0.5714285714285714													
development	noisy_anchor	701	liana_baseline	reference	0.7689326090726403	0.9222222222222223	0.6666666666666666													
development	noisy_anchor	701	equal_multiview_rc2	target	0.6626400703267584	0.8833333333333334	0.6666666666666666	all_equal	1.0	0.08385349265076913										
development	noisy_anchor	701	equal_multiview_rc2	reference	0.7520960748013846	0.9222222222222223	0.6190476190476191	all_equal	1.0	0.08385349265076913										
development	noisy_anchor	701	adaptive_multiview_rc4	target	0.6626400703267584	0.8833333333333334	0.6666666666666666	reliability_weighted	1.0	0.09452671656085365	0.05	0.0	4.838405177094285	5.343509593918855	0.01165012781740149	3.0	True	9.0	candidate_unreleased	False
development	noisy_anchor	701	adaptive_multiview_rc4	reference	0.7520960748013846	0.9222222222222223	0.6190476190476191	reliability_weighted	1.0	0.09452671656085365	0.05	0.0	4.838405177094285	5.343509593918855	0.01165012781740149	3.0	True	9.0	candidate_unreleased	False
development	noisy_anchor	702	liana_baseline	target	0.5690350521177648	0.7944444444444445	0.7619047619047619													
development	noisy_anchor	702	liana_baseline	reference	0.811076467590145	0.85	0.5238095238095238													
development	noisy_anchor	702	equal_multiview_rc2	target	0.5731416304328525	0.7944444444444445	0.8095238095238095	all_equal	1.0	0.053831201569513376										
development	noisy_anchor	702	equal_multiview_rc2	reference	0.7900939507462958	0.8444444444444444	0.47619047619047616	all_equal	1.0	0.053831201569513376										
development	noisy_anchor	702	adaptive_multiview_rc4	target	0.5731416304328525	0.7944444444444445	0.8095238095238095	reliability_weighted	1.0	0.059981632643685834	0.05	0.0	5.010465379050314	5.330178167839029	0.006500352880347449	3.0	True	8.0	candidate_unreleased	False
development	noisy_anchor	702	adaptive_multiview_rc4	reference	0.7900939507462958	0.8444444444444444	0.47619047619047616	reliability_weighted	1.0	0.059981632643685834	0.05	0.0	5.010465379050314	5.330178167839029	0.006500352880347449	3.0	True	8.0	candidate_unreleased	False
development	noisy_anchor	703	liana_baseline	target	0.7661896722351372	0.9	0.7142857142857143													
development	noisy_anchor	703	liana_baseline	reference	0.7381218610616576	0.8520408163265306	0.8095238095238095													
development	noisy_anchor	703	equal_multiview_rc2	target	0.7723620626589531	0.9166666666666667	0.6666666666666666	all_equal	1.0	0.09857461537682966										
development	noisy_anchor	703	equal_multiview_rc2	reference	0.7495259072645787	0.8622448979591837	0.9047619047619048	all_equal	1.0	0.09857461537682966										
development	noisy_anchor	703	adaptive_multiview_rc4	target	0.759493594994377	0.9222222222222223	0.6190476190476191	reliability_weighted	1.0	0.12322684062552669	0.05	0.0	4.557441772225544	5.197971360661877	0.027348048623017873	3.0	True	10.0	candidate_unreleased	False
development	noisy_anchor	703	adaptive_multiview_rc4	reference	0.7584748452711474	0.8571428571428572	0.9047619047619048	reliability_weighted	1.0	0.12322684062552669	0.05	0.0	4.557441772225544	5.197971360661877	0.027348048623017873	3.0	True	10.0	candidate_unreleased	False
development	noisy_anchor	704	liana_baseline	target	0.6878694440159009	0.7833333333333333	0.7619047619047619													
development	noisy_anchor	704	liana_baseline	reference	0.9366694420631706	0.9944444444444445	0.5714285714285714													
development	noisy_anchor	704	equal_multiview_rc2	target	0.7103448658920184	0.7888888888888889	0.7142857142857143	all_equal	1.0	0.09148816738363319										
development	noisy_anchor	704	equal_multiview_rc2	reference	0.939778844998454	0.9944444444444445	0.47619047619047616	all_equal	1.0	0.09148816738363319										
development	noisy_anchor	704	adaptive_multiview_rc4	target	0.6986211424819435	0.7722222222222223	0.6190476190476191	reliability_weighted	1.0	0.10310079817863116	0.05	0.0	5.2616311340493285	5.866468744050976	0.012782035828367122	3.0	True	9.0	candidate_unreleased	False
development	noisy_anchor	704	adaptive_multiview_rc4	reference	0.9192971524817771	0.9944444444444445	0.38095238095238093	reliability_weighted	1.0	0.10310079817863116	0.05	0.0	5.2616311340493285	5.866468744050976	0.012782035828367122	3.0	True	9.0	candidate_unreleased	False
development	noisy_anchor	705	liana_baseline	target	0.5886489614472177	0.6632653061224489	0.6190476190476191													
development	noisy_anchor	705	liana_baseline	reference	0.539220326784483	0.6875	0.7619047619047619													
development	noisy_anchor	705	equal_multiview_rc2	target	0.5886489614472177	0.6632653061224489	0.6190476190476191	all_equal	1.0	0.07719431046368752										
development	noisy_anchor	705	equal_multiview_rc2	reference	0.5285812710828128	0.673076923076923	0.7619047619047619	all_equal	1.0	0.07719431046368752										
development	noisy_anchor	705	adaptive_multiview_rc4	target	0.5819466720537728	0.6581632653061225	0.7142857142857143	reliability_weighted	1.0	0.09514965172354461	0.05	0.0	4.548472102108622	5.026767255792607	0.019457336970775785	3.0	True	9.0	candidate_unreleased	False
development	noisy_anchor	705	adaptive_multiview_rc4	reference	0.5264374913218071	0.673076923076923	0.6666666666666666	reliability_weighted	1.0	0.09514965172354461	0.05	0.0	4.548472102108622	5.026767255792607	0.019457336970775785	3.0	True	9.0	candidate_unreleased	False
development	noisy_anchor	706	liana_baseline	target	0.7263280177543083	0.8888888888888888	0.8571428571428571													
development	noisy_anchor	706	liana_baseline	reference	0.5689547344653574	0.7666666666666667	0.6666666666666666													
development	noisy_anchor	706	equal_multiview_rc2	target	0.7416637544299152	0.8722222222222222	0.9523809523809523	all_equal	1.0	0.07600761493106778										
development	noisy_anchor	706	equal_multiview_rc2	reference	0.5827349346297416	0.788888888888889	0.5714285714285714	all_equal	1.0	0.07600761493106778										
development	noisy_anchor	706	adaptive_multiview_rc4	target	0.7416637544299152	0.8722222222222222	0.9523809523809523	reliability_weighted	1.0	0.08841101971059495	0.05	0.0	4.792016859978524	5.256773571853827	0.013423708874615636	3.0	True	9.0	candidate_unreleased	False
development	noisy_anchor	706	adaptive_multiview_rc4	reference	0.5827349346297416	0.788888888888889	0.5714285714285714	reliability_weighted	1.0	0.08841101971059495	0.05	0.0	4.792016859978524	5.256773571853827	0.013423708874615636	3.0	True	9.0	candidate_unreleased	False
development	noisy_anchor	707	liana_baseline	target	0.7793970600876977	0.9333333333333332	0.6190476190476191													
development	noisy_anchor	707	liana_baseline	reference	0.8359982648131692	1.0	0.47619047619047616													
development	noisy_anchor	707	equal_multiview_rc2	target	0.7915802840941384	0.961111111111111	0.6190476190476191	all_equal	1.0	0.07992626899218058										
development	noisy_anchor	707	equal_multiview_rc2	reference	0.8431714168513477	0.9777777777777779	0.47619047619047616	all_equal	1.0	0.07992626899218058										
development	noisy_anchor	707	adaptive_multiview_rc4	target	0.7823237210290629	0.961111111111111	0.7142857142857143	reliability_weighted	1.0	0.12011871727802992	0.05	0.0	4.808917078390517	5.4654158155448185	0.04368394285295352	3.0	True	9.0	candidate_unreleased	False
development	noisy_anchor	707	adaptive_multiview_rc4	reference	0.8592386769863455	0.9944444444444445	0.5238095238095238	reliability_weighted	1.0	0.12011871727802992	0.05	0.0	4.808917078390517	5.4654158155448185	0.04368394285295352	3.0	True	9.0	candidate_unreleased	False
development	noisy_anchor	708	liana_baseline	target	0.6486372969461763	0.8888888888888888	0.9047619047619048													
development	noisy_anchor	708	liana_baseline	reference	0.8523395221506866	1.0	0.3333333333333333													
development	noisy_anchor	708	equal_multiview_rc2	target	0.6643984475719494	0.8833333333333334	0.8095238095238095	all_equal	1.0	0.08558076427136307										
development	noisy_anchor	708	equal_multiview_rc2	reference	0.8548604796336169	0.9944444444444445	0.6190476190476191	all_equal	1.0	0.08558076427136307										
development	noisy_anchor	708	adaptive_multiview_rc4	target	0.6643984475719494	0.8833333333333334	0.8095238095238095	reliability_weighted	1.0	0.09628653288861966	0.05	0.0	5.3550953537870845	5.925656249102994	0.011707724639810069	3.0	True	8.0	candidate_unreleased	False
development	noisy_anchor	708	adaptive_multiview_rc4	reference	0.8548604796336169	0.9944444444444445	0.6190476190476191	reliability_weighted	1.0	0.09628653288861966	0.05	0.0	5.3550953537870845	5.925656249102994	0.011707724639810069	3.0	True	8.0	candidate_unreleased	False
development	noisy_anchor	709	liana_baseline	target	0.8767536919916062	1.0	0.38095238095238093													
development	noisy_anchor	709	liana_baseline	reference	0.6167128688290178	0.9111111111111111	0.8571428571428571													
development	noisy_anchor	709	equal_multiview_rc2	target	0.8724329441369568	1.0	0.5714285714285714	all_equal	1.0	0.08502236539151298										
development	noisy_anchor	709	equal_multiview_rc2	reference	0.6322330598426493	0.9222222222222222	0.6666666666666666	all_equal	1.0	0.08502236539151298										
development	noisy_anchor	709	adaptive_multiview_rc4	target	0.882686525874045	1.0	0.5238095238095238	reliability_weighted	1.0	0.10688728151131777	0.05	0.0	4.919813798854289	5.508614642930577	0.023896667298497043	3.0	True	9.0	candidate_unreleased	False
development	noisy_anchor	709	adaptive_multiview_rc4	reference	0.6322330598426493	0.9222222222222222	0.6666666666666666	reliability_weighted	1.0	0.10688728151131777	0.05	0.0	4.919813798854289	5.508614642930577	0.023896667298497043	3.0	True	9.0	candidate_unreleased	False
development	noisy_anchor	710	liana_baseline	target	0.6537207658977573	0.8833333333333334	0.6190476190476191													
development	noisy_anchor	710	liana_baseline	reference	0.6276508033406203	0.8112244897959183	0.47619047619047616													
development	noisy_anchor	710	equal_multiview_rc2	target	0.6440240635610732	0.8666666666666667	0.5714285714285714	all_equal	1.0	0.08191937614713662										
development	noisy_anchor	710	equal_multiview_rc2	reference	0.6353913002042323	0.8163265306122448	0.5714285714285714	all_equal	1.0	0.08191937614713662										
development	noisy_anchor	710	adaptive_multiview_rc4	target	0.6440240635610732	0.8666666666666667	0.5714285714285714	reliability_weighted	1.0	0.08872011520830192	0.05	0.0	5.079437598346746	5.573959968959276	0.007407561911746963	3.0	True	9.0	candidate_unreleased	False
development	noisy_anchor	710	adaptive_multiview_rc4	reference	0.6353913002042323	0.8163265306122448	0.5714285714285714	reliability_weighted	1.0	0.08872011520830192	0.05	0.0	5.079437598346746	5.573959968959276	0.007407561911746963	3.0	True	9.0	candidate_unreleased	False
development	noisy_anchor	711	liana_baseline	target	0.7298092436096784	0.8888888888888888	0.5714285714285714													
development	noisy_anchor	711	liana_baseline	reference	0.4952599939634165	0.7388888888888889	0.6190476190476191													
development	noisy_anchor	711	equal_multiview_rc2	target	0.7255299362342403	0.8888888888888888	0.5238095238095238	all_equal	1.0	0.08325120219718884										
development	noisy_anchor	711	equal_multiview_rc2	reference	0.514519006659526	0.7555555555555555	0.6190476190476191	all_equal	1.0	0.08325120219718884										
development	noisy_anchor	711	adaptive_multiview_rc4	target	0.7013125822012961	0.8888888888888888	0.5238095238095238	reliability_weighted	1.0	0.1095266906481066	0.05	0.0	4.627270780991998	5.1964171552315594	0.028661601208414655	3.0	True	9.0	candidate_unreleased	False
development	noisy_anchor	711	adaptive_multiview_rc4	reference	0.5232044024274305	0.7611111111111111	0.5714285714285714	reliability_weighted	1.0	0.1095266906481066	0.05	0.0	4.627270780991998	5.1964171552315594	0.028661601208414655	3.0	True	9.0	candidate_unreleased	False
development	noisy_anchor	712	liana_baseline	target	0.656619174689357	0.8418367346938775	0.6666666666666666													
development	noisy_anchor	712	liana_baseline	reference	0.7023167950107513	0.8	0.47619047619047616													
development	noisy_anchor	712	equal_multiview_rc2	target	0.6675410196977903	0.8469387755102041	0.5714285714285714	all_equal	1.0	0.08383854444184236										
development	noisy_anchor	712	equal_multiview_rc2	reference	0.7029688997414949	0.8	0.47619047619047616	all_equal	1.0	0.08383854444184236										
development	noisy_anchor	712	adaptive_multiview_rc4	target	0.6675410196977903	0.8469387755102041	0.5714285714285714	all_equal	1.0	0.08383854444184236	0.05	0.0	5.115732389215	5.5838764643272585	0.004345005579203698	3.0	True	9.0	candidate_unreleased	False
development	noisy_anchor	712	adaptive_multiview_rc4	reference	0.7029688997414949	0.8	0.47619047619047616	all_equal	1.0	0.08383854444184236	0.05	0.0	5.115732389215	5.5838764643272585	0.004345005579203698	3.0	True	9.0	candidate_unreleased	False
development	antagonistic_anchor	701	liana_baseline	target	0.6813590534133978	0.9055555555555556	0.5714285714285714													
development	antagonistic_anchor	701	liana_baseline	reference	0.7689326090726403	0.9222222222222223	0.6666666666666666													
development	antagonistic_anchor	701	equal_multiview_rc2	target	0.6626400703267584	0.8833333333333334	0.6666666666666666	all_equal	1.0	0.08385349263238118										
development	antagonistic_anchor	701	equal_multiview_rc2	reference	0.7520960748013846	0.9222222222222223	0.6190476190476191	all_equal	1.0	0.08385349263238118										
development	antagonistic_anchor	701	adaptive_multiview_rc4	target	0.6626400703267584	0.8833333333333334	0.6666666666666666	reliability_weighted	1.0	0.09452671661560896	0.05	0.0	4.838405176801699	5.343509593918855	0.011650127897005702	3.0	True	9.0	candidate_unreleased	False
development	antagonistic_anchor	701	adaptive_multiview_rc4	reference	0.7520960748013846	0.9222222222222223	0.6190476190476191	reliability_weighted	1.0	0.09452671661560896	0.05	0.0	4.838405176801699	5.343509593918855	0.011650127897005702	3.0	True	9.0	candidate_unreleased	False
development	antagonistic_anchor	702	liana_baseline	target	0.5690350521177648	0.7944444444444445	0.7619047619047619													
development	antagonistic_anchor	702	liana_baseline	reference	0.811076467590145	0.85	0.5238095238095238													
development	antagonistic_anchor	702	equal_multiview_rc2	target	0.5731416304328525	0.7944444444444445	0.8095238095238095	all_equal	1.0	0.05383120163094457										
development	antagonistic_anchor	702	equal_multiview_rc2	reference	0.7900939507462958	0.8444444444444444	0.47619047619047616	all_equal	1.0	0.05383120163094457										
development	antagonistic_anchor	702	adaptive_multiview_rc4	target	0.5731416304328525	0.7944444444444445	0.8095238095238095	reliability_weighted	1.0	0.05998163270418644	0.05	0.0	5.010465378727835	5.330178167839029	0.006500352879786009	3.0	True	8.0	candidate_unreleased	False
development	antagonistic_anchor	702	adaptive_multiview_rc4	reference	0.7900939507462958	0.8444444444444444	0.47619047619047616	reliability_weighted	1.0	0.05998163270418644	0.05	0.0	5.010465378727835	5.330178167839029	0.006500352879786009	3.0	True	8.0	candidate_unreleased	False
development	antagonistic_anchor	703	liana_baseline	target	0.7661896722351372	0.9	0.7142857142857143													
development	antagonistic_anchor	703	liana_baseline	reference	0.7381218610616576	0.8520408163265306	0.8095238095238095													
development	antagonistic_anchor	703	equal_multiview_rc2	target	0.7723620626589531	0.9166666666666667	0.6666666666666666	all_equal	1.0	0.09857461542695334										
development	antagonistic_anchor	703	equal_multiview_rc2	reference	0.7495259072645787	0.8622448979591837	0.9047619047619048	all_equal	1.0	0.09857461542695334										
development	antagonistic_anchor	703	adaptive_multiview_rc4	target	0.759493594994377	0.9222222222222223	0.6190476190476191	reliability_weighted	1.0	0.12322684060080746	0.05	0.0	4.557441772354034	5.197971360661877	0.027348048541511183	3.0	True	10.0	candidate_unreleased	False
development	antagonistic_anchor	703	adaptive_multiview_rc4	reference	0.7584748452711474	0.8571428571428572	0.9047619047619048	reliability_weighted	1.0	0.12322684060080746	0.05	0.0	4.557441772354034	5.197971360661877	0.027348048541511183	3.0	True	10.0	candidate_unreleased	False
development	antagonistic_anchor	704	liana_baseline	target	0.6878694440159009	0.7833333333333333	0.7619047619047619													
development	antagonistic_anchor	704	liana_baseline	reference	0.9366694420631706	0.9944444444444445	0.5714285714285714													
development	antagonistic_anchor	704	equal_multiview_rc2	target	0.7103448658920184	0.7888888888888889	0.7142857142857143	all_equal	1.0	0.0914881674138458										
development	antagonistic_anchor	704	equal_multiview_rc2	reference	0.939778844998454	0.9944444444444445	0.47619047619047616	all_equal	1.0	0.0914881674138458										
development	antagonistic_anchor	704	adaptive_multiview_rc4	target	0.6986211424819435	0.7722222222222223	0.6190476190476191	reliability_weighted	1.0	0.10310079821329687	0.05	0.0	5.261631133845963	5.866468744050976	0.01278203583369375	3.0	True	9.0	candidate_unreleased	False
development	antagonistic_anchor	704	adaptive_multiview_rc4	reference	0.9192971524817771	0.9944444444444445	0.38095238095238093	reliability_weighted	1.0	0.10310079821329687	0.05	0.0	5.261631133845963	5.866468744050976	0.01278203583369375	3.0	True	9.0	candidate_unreleased	False
development	antagonistic_anchor	705	liana_baseline	target	0.5886489614472177	0.6632653061224489	0.6190476190476191													
development	antagonistic_anchor	705	liana_baseline	reference	0.539220326784483	0.6875	0.7619047619047619													
development	antagonistic_anchor	705	equal_multiview_rc2	target	0.5886489614472177	0.6632653061224489	0.6190476190476191	all_equal	1.0	0.07719431046106828										
development	antagonistic_anchor	705	equal_multiview_rc2	reference	0.5285812710828128	0.673076923076923	0.7619047619047619	all_equal	1.0	0.07719431046106828										
development	antagonistic_anchor	705	adaptive_multiview_rc4	target	0.5819466720537728	0.6581632653061225	0.7142857142857143	reliability_weighted	1.0	0.09514965171835366	0.05	0.0	4.548472102134716	5.026767255792607	0.019457336967933725	3.0	True	9.0	candidate_unreleased	False
development	antagonistic_anchor	705	adaptive_multiview_rc4	reference	0.5264374913218071	0.673076923076923	0.6666666666666666	reliability_weighted	1.0	0.09514965171835366	0.05	0.0	4.548472102134716	5.026767255792607	0.019457336967933725	3.0	True	9.0	candidate_unreleased	False
development	antagonistic_anchor	706	liana_baseline	target	0.7263280177543083	0.8888888888888888	0.8571428571428571													
development	antagonistic_anchor	706	liana_baseline	reference	0.5689547344653574	0.7666666666666667	0.6666666666666666													
development	antagonistic_anchor	706	equal_multiview_rc2	target	0.7416637544299152	0.8722222222222222	0.9523809523809523	all_equal	1.0	0.07600761476267304										
development	antagonistic_anchor	706	equal_multiview_rc2	reference	0.5827349346297416	0.788888888888889	0.5714285714285714	all_equal	1.0	0.07600761476267304										
development	antagonistic_anchor	706	adaptive_multiview_rc4	target	0.7416637544299152	0.8722222222222222	0.9523809523809523	reliability_weighted	1.0	0.08841101957274555	0.05	0.0	4.792016860703167	5.256773571853827	0.01342370890522726	3.0	True	9.0	candidate_unreleased	False
development	antagonistic_anchor	706	adaptive_multiview_rc4	reference	0.5827349346297416	0.788888888888889	0.5714285714285714	reliability_weighted	1.0	0.08841101957274555	0.05	0.0	4.792016860703167	5.256773571853827	0.01342370890522726	3.0	True	9.0	candidate_unreleased	False
development	antagonistic_anchor	707	liana_baseline	target	0.7793970600876977	0.9333333333333332	0.6190476190476191													
development	antagonistic_anchor	707	liana_baseline	reference	0.8359982648131692	1.0	0.47619047619047616													
development	antagonistic_anchor	707	equal_multiview_rc2	target	0.7915802840941384	0.961111111111111	0.6190476190476191	all_equal	1.0	0.07992626900217037										
development	antagonistic_anchor	707	equal_multiview_rc2	reference	0.8431714168513477	0.9777777777777779	0.47619047619047616	all_equal	1.0	0.07992626900217037										
development	antagonistic_anchor	707	adaptive_multiview_rc4	target	0.7823237210290629	0.961111111111111	0.7142857142857143	reliability_weighted	1.0	0.12011871728294687	0.05	0.0	4.808917078363644	5.4654158155448185	0.043683942847914436	3.0	True	9.0	candidate_unreleased	False
development	antagonistic_anchor	707	adaptive_multiview_rc4	reference	0.8592386769863455	0.9944444444444445	0.5238095238095238	reliability_weighted	1.0	0.12011871728294687	0.05	0.0	4.808917078363644	5.4654158155448185	0.043683942847914436	3.0	True	9.0	candidate_unreleased	False
development	antagonistic_anchor	708	liana_baseline	target	0.6486372969461763	0.8888888888888888	0.9047619047619048													
development	antagonistic_anchor	708	liana_baseline	reference	0.8523395221506866	1.0	0.3333333333333333													
development	antagonistic_anchor	708	equal_multiview_rc2	target	0.6643984475719494	0.8833333333333334	0.8095238095238095	all_equal	1.0	0.08558076429581296										
development	antagonistic_anchor	708	equal_multiview_rc2	reference	0.8548604796336169	0.9944444444444445	0.6190476190476191	all_equal	1.0	0.08558076429581296										
development	antagonistic_anchor	708	adaptive_multiview_rc4	target	0.6643984475719494	0.8833333333333334	0.8095238095238095	reliability_weighted	1.0	0.09628653288773004	0.05	0.0	5.355095353792356	5.925656249102994	0.011707724612412207	3.0	True	8.0	candidate_unreleased	False
development	antagonistic_anchor	708	adaptive_multiview_rc4	reference	0.8548604796336169	0.9944444444444445	0.6190476190476191	reliability_weighted	1.0	0.09628653288773004	0.05	0.0	5.355095353792356	5.925656249102994	0.011707724612412207	3.0	True	8.0	candidate_unreleased	False
development	antagonistic_anchor	709	liana_baseline	target	0.8767536919916062	1.0	0.38095238095238093													
development	antagonistic_anchor	709	liana_baseline	reference	0.6167128688290178	0.9111111111111111	0.8571428571428571													
development	antagonistic_anchor	709	equal_multiview_rc2	target	0.8724329441369568	1.0	0.5714285714285714	all_equal	1.0	0.08502236540881836										
development	antagonistic_anchor	709	equal_multiview_rc2	reference	0.6322330598426493	0.9222222222222222	0.6666666666666666	all_equal	1.0	0.08502236540881836										
development	antagonistic_anchor	709	adaptive_multiview_rc4	target	0.882686525874045	1.0	0.5238095238095238	reliability_weighted	1.0	0.106887281485463	0.05	0.0	4.919813798996713	5.508614642930577	0.023896667251778303	3.0	True	9.0	candidate_unreleased	False
development	antagonistic_anchor	709	adaptive_multiview_rc4	reference	0.6322330598426493	0.9222222222222222	0.6666666666666666	reliability_weighted	1.0	0.106887281485463	0.05	0.0	4.919813798996713	5.508614642930577	0.023896667251778303	3.0	True	9.0	candidate_unreleased	False
development	antagonistic_anchor	710	liana_baseline	target	0.6537207658977573	0.8833333333333334	0.6190476190476191													
development	antagonistic_anchor	710	liana_baseline	reference	0.6276508033406203	0.8112244897959183	0.47619047619047616													
development	antagonistic_anchor	710	equal_multiview_rc2	target	0.6440240635610732	0.8666666666666667	0.5714285714285714	all_equal	1.0	0.08191937613803701										
development	antagonistic_anchor	710	equal_multiview_rc2	reference	0.6353913002042323	0.8163265306122448	0.5714285714285714	all_equal	1.0	0.08191937613803701										
development	antagonistic_anchor	710	adaptive_multiview_rc4	target	0.6440240635610732	0.8666666666666667	0.5714285714285714	reliability_weighted	1.0	0.08872011523626877	0.05	0.0	5.07943759819086	5.573959968959276	0.007407561952047281	3.0	True	9.0	candidate_unreleased	False
development	antagonistic_anchor	710	adaptive_multiview_rc4	reference	0.6353913002042323	0.8163265306122448	0.5714285714285714	reliability_weighted	1.0	0.08872011523626877	0.05	0.0	5.07943759819086	5.573959968959276	0.007407561952047281	3.0	True	9.0	candidate_unreleased	False
development	antagonistic_anchor	711	liana_baseline	target	0.7298092436096784	0.8888888888888888	0.5714285714285714													
development	antagonistic_anchor	711	liana_baseline	reference	0.4952599939634165	0.7388888888888889	0.6190476190476191													
development	antagonistic_anchor	711	equal_multiview_rc2	target	0.7255299362342403	0.8888888888888888	0.5238095238095238	all_equal	1.0	0.08325120226382388										
development	antagonistic_anchor	711	equal_multiview_rc2	reference	0.514519006659526	0.7555555555555555	0.6190476190476191	all_equal	1.0	0.08325120226382388										
development	antagonistic_anchor	711	adaptive_multiview_rc4	target	0.7013125822012961	0.8888888888888888	0.5238095238095238	reliability_weighted	1.0	0.10952669058679831	0.05	0.0	4.627270781310582	5.1964171552315594	0.02866160107093596	3.0	True	9.0	candidate_unreleased	False
development	antagonistic_anchor	711	adaptive_multiview_rc4	reference	0.5232044024274305	0.7611111111111111	0.5714285714285714	reliability_weighted	1.0	0.10952669058679831	0.05	0.0	4.627270781310582	5.1964171552315594	0.02866160107093596	3.0	True	9.0	candidate_unreleased	False
development	antagonistic_anchor	712	liana_baseline	target	0.656619174689357	0.8418367346938775	0.6666666666666666													
development	antagonistic_anchor	712	liana_baseline	reference	0.7023167950107513	0.8	0.47619047619047616													
development	antagonistic_anchor	712	equal_multiview_rc2	target	0.6675410196977903	0.8469387755102041	0.5714285714285714	all_equal	1.0	0.08383854443592997										
development	antagonistic_anchor	712	equal_multiview_rc2	reference	0.7029688997414949	0.8	0.47619047619047616	all_equal	1.0	0.08383854443592997										
development	antagonistic_anchor	712	adaptive_multiview_rc4	target	0.6675410196977903	0.8469387755102041	0.5714285714285714	all_equal	1.0	0.08383854443592997	0.05	0.0	5.115732389248014	5.5838764643272585	0.004345005579905359	3.0	True	9.0	candidate_unreleased	False
development	antagonistic_anchor	712	adaptive_multiview_rc4	reference	0.7029688997414949	0.8	0.47619047619047616	all_equal	1.0	0.08383854443592997	0.05	0.0	5.115732389248014	5.5838764643272585	0.004345005579905359	3.0	True	9.0	candidate_unreleased	False
development	wrong_topology	701	liana_baseline	target	0.6813590534133978	0.9055555555555556	0.5714285714285714													
development	wrong_topology	701	liana_baseline	reference	0.7689326090726403	0.9222222222222223	0.6666666666666666													
development	wrong_topology	701	equal_multiview_rc2	target	0.6813590534133978	0.9055555555555556	0.5714285714285714	all_equal	0.0	0.00015315002893412366										
development	wrong_topology	701	equal_multiview_rc2	reference	0.7689326090726403	0.9222222222222223	0.6666666666666666	all_equal	0.0	0.00015315002893412366										
development	wrong_topology	701	adaptive_multiview_rc4	target	0.6813590534133978	0.9055555555555556	0.5714285714285714	all_equal	0.0	0.00015315002893412366	1.0	0.1	5.342691235269936	5.343509593918855	0.0	3.0	True	65.0	candidate_unreleased	False
development	wrong_topology	701	adaptive_multiview_rc4	reference	0.7689326090726403	0.9222222222222223	0.6666666666666666	all_equal	0.0	0.00015315002893412366	1.0	0.1	5.342691235269936	5.343509593918855	0.0	3.0	True	65.0	candidate_unreleased	False
development	wrong_topology	702	liana_baseline	target	0.5690350521177648	0.7944444444444445	0.7619047619047619													
development	wrong_topology	702	liana_baseline	reference	0.811076467590145	0.85	0.5238095238095238													
development	wrong_topology	702	equal_multiview_rc2	target	0.5690350521177648	0.7944444444444445	0.7619047619047619	all_equal	0.0	-5.715634322722707e-06										
development	wrong_topology	702	equal_multiview_rc2	reference	0.811076467590145	0.85	0.5238095238095238	all_equal	0.0	-5.715634322722707e-06										
development	wrong_topology	702	adaptive_multiview_rc4	target	0.5690350521177648	0.7944444444444445	0.7619047619047619	all_equal	0.0	-5.715634322722707e-06	1.0	0.0	5.330208633188311	5.330178167839029	5.439351457137143e-06	3.0	True	13.0	candidate_unreleased	False
development	wrong_topology	702	adaptive_multiview_rc4	reference	0.811076467590145	0.85	0.5238095238095238	all_equal	0.0	-5.715634322722707e-06	1.0	0.0	5.330208633188311	5.330178167839029	5.439351457137143e-06	3.0	True	13.0	candidate_unreleased	False
development	wrong_topology	703	liana_baseline	target	0.7661896722351372	0.9	0.7142857142857143													
development	wrong_topology	703	liana_baseline	reference	0.7381218610616576	0.8520408163265306	0.8095238095238095													
development	wrong_topology	703	equal_multiview_rc2	target	0.7661896722351372	0.9	0.7142857142857143	all_equal	0.0	0.002205225137710043										
development	wrong_topology	703	equal_multiview_rc2	reference	0.7381218610616576	0.8520408163265306	0.8095238095238095	all_equal	0.0	0.002205225137710043										
development	wrong_topology	703	adaptive_multiview_rc4	target	0.7661896722351372	0.9	0.7142857142857143	all_equal	0.0	0.002205225137710043	1.0	0.25	5.186508663552249	5.197971360661877	2.0220853704788766e-06	3.0	True	62.0	candidate_unreleased	False
development	wrong_topology	703	adaptive_multiview_rc4	reference	0.7381218610616576	0.8520408163265306	0.8095238095238095	all_equal	0.0	0.002205225137710043	1.0	0.25	5.186508663552249	5.197971360661877	2.0220853704788766e-06	3.0	True	62.0	candidate_unreleased	False
development	wrong_topology	704	liana_baseline	target	0.6878694440159009	0.7833333333333333	0.7619047619047619													
development	wrong_topology	704	liana_baseline	reference	0.9366694420631706	0.9944444444444445	0.5714285714285714													
development	wrong_topology	704	equal_multiview_rc2	target	0.6878694440159009	0.7833333333333333	0.7619047619047619	all_equal	0.0	0.00022706393729376995										
development	wrong_topology	704	equal_multiview_rc2	reference	0.9366694420631706	0.9944444444444445	0.5714285714285714	all_equal	0.0	0.00022706393729376995										
development	wrong_topology	704	adaptive_multiview_rc4	target	0.6878694440159009	0.7833333333333333	0.7619047619047619	all_equal	0.0	0.00022706393729376995	1.0	0.1	5.8651366805599405	5.866468744050976	0.0	3.0	True	66.0	candidate_unreleased	False
development	wrong_topology	704	adaptive_multiview_rc4	reference	0.9366694420631706	0.9944444444444445	0.5714285714285714	all_equal	0.0	0.00022706393729376995	1.0	0.1	5.8651366805599405	5.866468744050976	0.0	3.0	True	66.0	candidate_unreleased	False
development	wrong_topology	705	liana_baseline	target	0.5886489614472177	0.6632653061224489	0.6190476190476191													
development	wrong_topology	705	liana_baseline	reference	0.539220326784483	0.6875	0.7619047619047619													
development	wrong_topology	705	equal_multiview_rc2	target	0.5886489614472177	0.6632653061224489	0.6190476190476191	all_equal	0.0	-0.00032189261106974065										
development	wrong_topology	705	equal_multiview_rc2	reference	0.539220326784483	0.6875	0.7619047619047619	all_equal	0.0	-0.00032189261106974065										
development	wrong_topology	705	adaptive_multiview_rc4	target	0.5886489614472177	0.6632653061224489	0.6190476190476191	all_equal	0.0	-0.00032189261106974065	1.0	0.0	5.028385335029814	5.026767255792607	0.0	3.0	True	13.0	candidate_unreleased	False
development	wrong_topology	705	adaptive_multiview_rc4	reference	0.539220326784483	0.6875	0.7619047619047619	all_equal	0.0	-0.00032189261106974065	1.0	0.0	5.028385335029814	5.026767255792607	0.0	3.0	True	13.0	candidate_unreleased	False
development	wrong_topology	706	liana_baseline	target	0.7263280177543083	0.8888888888888888	0.8571428571428571													
development	wrong_topology	706	liana_baseline	reference	0.5689547344653574	0.7666666666666667	0.6666666666666666													
development	wrong_topology	706	equal_multiview_rc2	target	0.7263280177543083	0.8888888888888888	0.8571428571428571	all_equal	0.0	0.0004783628822666586										
development	wrong_topology	706	equal_multiview_rc2	reference	0.5689547344653574	0.7666666666666667	0.6666666666666666	all_equal	0.0	0.0004783628822666586										
development	wrong_topology	706	adaptive_multiview_rc4	target	0.7263280177543083	0.8888888888888888	0.8571428571428571	all_equal	0.0	0.0004783628822666586	0.25	0.0	5.254258926496572	5.256773571853827	0.0	3.0	True	10.0	candidate_unreleased	False
development	wrong_topology	706	adaptive_multiview_rc4	reference	0.5689547344653574	0.7666666666666667	0.6666666666666666	all_equal	0.0	0.0004783628822666586	0.25	0.0	5.254258926496572	5.256773571853827	0.0	3.0	True	10.0	candidate_unreleased	False
development	wrong_topology	707	liana_baseline	target	0.7793970600876977	0.9333333333333332	0.6190476190476191													
development	wrong_topology	707	liana_baseline	reference	0.8359982648131692	1.0	0.47619047619047616													
development	wrong_topology	707	equal_multiview_rc2	target	0.7793970600876977	0.9333333333333332	0.6190476190476191	all_equal	0.0	-6.23968737869518e-05										
development	wrong_topology	707	equal_multiview_rc2	reference	0.8359982648131692	1.0	0.47619047619047616	all_equal	0.0	-6.23968737869518e-05										
development	wrong_topology	707	adaptive_multiview_rc4	target	0.7793970600876977	0.9333333333333332	0.6190476190476191	all_equal	0.0	-6.23968737869518e-05	1.0	0.0	5.465756840405654	5.4654158155448185	0.0	3.0	True	13.0	candidate_unreleased	False
development	wrong_topology	707	adaptive_multiview_rc4	reference	0.8359982648131692	1.0	0.47619047619047616	all_equal	0.0	-6.23968737869518e-05	1.0	0.0	5.465756840405654	5.4654158155448185	0.0	3.0	True	13.0	candidate_unreleased	False
development	wrong_topology	708	liana_baseline	target	0.6486372969461763	0.8888888888888888	0.9047619047619048													
development	wrong_topology	708	liana_baseline	reference	0.8523395221506866	1.0	0.3333333333333333													
development	wrong_topology	708	equal_multiview_rc2	target	0.6486372969461763	0.8888888888888888	0.9047619047619048	all_equal	0.0	0.00023079904710021637										
development	wrong_topology	708	equal_multiview_rc2	reference	0.8523395221506866	1.0	0.3333333333333333	all_equal	0.0	0.00023079904710021637										
development	wrong_topology	708	adaptive_multiview_rc4	target	0.6486372969461763	0.8888888888888888	0.9047619047619048	all_equal	0.0	0.00023079904710021637	0.25	0.0	5.924288613287258	5.925656249102994	0.0	3.0	True	10.0	candidate_unreleased	False
development	wrong_topology	708	adaptive_multiview_rc4	reference	0.8523395221506866	1.0	0.3333333333333333	all_equal	0.0	0.00023079904710021637	0.25	0.0	5.924288613287258	5.925656249102994	0.0	3.0	True	10.0	candidate_unreleased	False
development	wrong_topology	709	liana_baseline	target	0.8767536919916062	1.0	0.38095238095238093													
development	wrong_topology	709	liana_baseline	reference	0.6167128688290178	0.9111111111111111	0.8571428571428571													
development	wrong_topology	709	equal_multiview_rc2	target	0.8767536919916062	1.0	0.38095238095238093	all_equal	0.0	2.06114597667284e-06										
development	wrong_topology	709	equal_multiview_rc2	reference	0.6167128688290178	0.9111111111111111	0.8571428571428571	all_equal	0.0	2.06114597667284e-06										
development	wrong_topology	709	adaptive_multiview_rc4	target	0.8767536919916062	1.0	0.38095238095238093	all_equal	0.0	2.06114597667284e-06	1.0	0.0	5.508603288871669	5.508614642930577	8.928258327323135e-06	3.0	True	13.0	candidate_unreleased	False
development	wrong_topology	709	adaptive_multiview_rc4	reference	0.6167128688290178	0.9111111111111111	0.8571428571428571	all_equal	0.0	2.06114597667284e-06	1.0	0.0	5.508603288871669	5.508614642930577	8.928258327323135e-06	3.0	True	13.0	candidate_unreleased	False
development	wrong_topology	710	liana_baseline	target	0.6537207658977573	0.8833333333333334	0.6190476190476191													
development	wrong_topology	710	liana_baseline	reference	0.6276508033406203	0.8112244897959183	0.47619047619047616													
development	wrong_topology	710	equal_multiview_rc2	target	0.6537207658977573	0.8833333333333334	0.6190476190476191	all_equal	0.0	0.0003139607557886004										
development	wrong_topology	710	equal_multiview_rc2	reference	0.6276508033406203	0.8112244897959183	0.47619047619047616	all_equal	0.0	0.0003139607557886004										
development	wrong_topology	710	adaptive_multiview_rc4	target	0.6537207658977573	0.8833333333333334	0.6190476190476191	all_equal	0.0	0.0003139607557886004	0.25	0.0	5.572209964274686	5.573959968959276	0.0	3.0	True	10.0	candidate_unreleased	False
development	wrong_topology	710	adaptive_multiview_rc4	reference	0.6276508033406203	0.8112244897959183	0.47619047619047616	all_equal	0.0	0.0003139607557886004	0.25	0.0	5.572209964274686	5.573959968959276	0.0	3.0	True	10.0	candidate_unreleased	False
development	wrong_topology	711	liana_baseline	target	0.7298092436096784	0.8888888888888888	0.5714285714285714													
development	wrong_topology	711	liana_baseline	reference	0.4952599939634165	0.7388888888888889	0.6190476190476191													
development	wrong_topology	711	equal_multiview_rc2	target	0.7298092436096784	0.8888888888888888	0.5714285714285714	all_equal	0.0	0.0018366018198300305										
development	wrong_topology	711	equal_multiview_rc2	reference	0.4952599939634165	0.7388888888888889	0.6190476190476191	all_equal	0.0	0.0018366018198300305										
development	wrong_topology	711	adaptive_multiview_rc4	target	0.7298092436096784	0.8888888888888888	0.5714285714285714	all_equal	0.0	0.0018366018198300305	0.05	0.0	5.186873406027665	5.1964171552315594	0.0	3.0	True	7.0	candidate_unreleased	False
development	wrong_topology	711	adaptive_multiview_rc4	reference	0.4952599939634165	0.7388888888888889	0.6190476190476191	all_equal	0.0	0.0018366018198300305	0.05	0.0	5.186873406027665	5.1964171552315594	0.0	3.0	True	7.0	candidate_unreleased	False
development	wrong_topology	712	liana_baseline	target	0.656619174689357	0.8418367346938775	0.6666666666666666													
development	wrong_topology	712	liana_baseline	reference	0.7023167950107513	0.8	0.47619047619047616													
development	wrong_topology	712	equal_multiview_rc2	target	0.656619174689357	0.8418367346938775	0.6666666666666666	all_equal	0.0	0.0004573192065192577										
development	wrong_topology	712	equal_multiview_rc2	reference	0.7023167950107513	0.8	0.47619047619047616	all_equal	0.0	0.0004573192065192577										
development	wrong_topology	712	adaptive_multiview_rc4	target	0.656619174689357	0.8418367346938775	0.6666666666666666	all_equal	0.0	0.0004573192065192577	1.0	0.1	5.581322850373291	5.5838764643272585	7.180324021249795e-06	3.0	True	64.0	candidate_unreleased	False
development	wrong_topology	712	adaptive_multiview_rc4	reference	0.7023167950107513	0.8	0.47619047619047616	all_equal	0.0	0.0004573192065192577	1.0	0.1	5.581322850373291	5.5838764643272585	7.180324021249795e-06	3.0	True	64.0	candidate_unreleased	False
development	global_null	701	liana_baseline	target			0.9047619047619048													
development	global_null	701	liana_baseline	reference			0.9047619047619048													
development	global_null	701	equal_multiview_rc2	target			0.9047619047619048	all_equal	0.0	0.00021904609497847005										
development	global_null	701	equal_multiview_rc2	reference			0.9047619047619048	all_equal	0.0	0.00021904609497847005										
development	global_null	701	adaptive_multiview_rc4	target			0.9047619047619048	all_equal	0.0	0.00021904609497847005	1.0	0.1	3.1956094628137333	3.1963096019503827	0.0	3.0	True	62.0	candidate_unreleased	False
development	global_null	701	adaptive_multiview_rc4	reference			0.9047619047619048	all_equal	0.0	0.00021904609497847005	1.0	0.1	3.1956094628137333	3.1963096019503827	0.0	3.0	True	62.0	candidate_unreleased	False
development	global_null	702	liana_baseline	target			0.9047619047619048													
development	global_null	702	liana_baseline	reference			0.8571428571428571													
development	global_null	702	equal_multiview_rc2	target			0.9047619047619048	all_equal	0.0	-0.00011511312001633023										
development	global_null	702	equal_multiview_rc2	reference			0.8571428571428571	all_equal	0.0	-0.00011511312001633023										
development	global_null	702	adaptive_multiview_rc4	target			0.9047619047619048	all_equal	0.0	-0.00011511312001633023	1.0	0.1	3.3028702235427794	3.3024900636077343	0.0	3.0	True	62.0	candidate_unreleased	False
development	global_null	702	adaptive_multiview_rc4	reference			0.8571428571428571	all_equal	0.0	-0.00011511312001633023	1.0	0.1	3.3028702235427794	3.3024900636077343	0.0	3.0	True	62.0	candidate_unreleased	False
development	global_null	703	liana_baseline	target			1.0													
development	global_null	703	liana_baseline	reference			0.9523809523809523													
development	global_null	703	equal_multiview_rc2	target			1.0	all_equal	0.0	-0.0005349686073596871										
development	global_null	703	equal_multiview_rc2	reference			0.9523809523809523	all_equal	0.0	-0.0005349686073596871										
development	global_null	703	adaptive_multiview_rc4	target			1.0	all_equal	0.0	-0.0005349686073596871	1.0	0.0	3.2670321890391536	3.2652853638754094	0.0	3.0	True	22.0	candidate_unreleased	False
development	global_null	703	adaptive_multiview_rc4	reference			0.9523809523809523	all_equal	0.0	-0.0005349686073596871	1.0	0.0	3.2670321890391536	3.2652853638754094	0.0	3.0	True	22.0	candidate_unreleased	False
development	global_null	704	liana_baseline	target			0.9047619047619048													
development	global_null	704	liana_baseline	reference			0.9523809523809523													
development	global_null	704	equal_multiview_rc2	target			0.9047619047619048	all_equal	0.0	0.000598958821729112										
development	global_null	704	equal_multiview_rc2	reference			0.9523809523809523	all_equal	0.0	0.000598958821729112										
development	global_null	704	adaptive_multiview_rc4	target			0.9047619047619048	all_equal	0.0	0.000598958821729112	0.25	0.0	3.262029376108623	3.2639843683400263	0.0	3.0	True	14.0	candidate_unreleased	False
development	global_null	704	adaptive_multiview_rc4	reference			0.9523809523809523	all_equal	0.0	0.000598958821729112	0.25	0.0	3.262029376108623	3.2639843683400263	0.0	3.0	True	14.0	candidate_unreleased	False
development	global_null	705	liana_baseline	target			0.9523809523809523													
development	global_null	705	liana_baseline	reference			0.8571428571428571													
development	global_null	705	equal_multiview_rc2	target			0.9523809523809523	all_equal	0.0	0.0009062988292806162										
development	global_null	705	equal_multiview_rc2	reference			0.8571428571428571	all_equal	0.0	0.0009062988292806162										
development	global_null	705	adaptive_multiview_rc4	target			0.9523809523809523	all_equal	0.0	0.0009062988292806162	0.05	0.0	3.2028500134834683	3.205755385836612	0.0	3.0	True	8.0	candidate_unreleased	False
development	global_null	705	adaptive_multiview_rc4	reference			0.8571428571428571	all_equal	0.0	0.0009062988292806162	0.05	0.0	3.2028500134834683	3.205755385836612	0.0	3.0	True	8.0	candidate_unreleased	False
development	global_null	706	liana_baseline	target			0.9523809523809523													
development	global_null	706	liana_baseline	reference			0.9523809523809523													
development	global_null	706	equal_multiview_rc2	target			0.9523809523809523	all_equal	0.0	-0.0005702344974036766										
development	global_null	706	equal_multiview_rc2	reference			0.9523809523809523	all_equal	0.0	-0.0005702344974036766										
development	global_null	706	adaptive_multiview_rc4	target			0.9523809523809523	all_equal	0.0	-0.0005702344974036766	1.0	0.0	3.24387940896974	3.2420306912279604	0.0	3.0	True	20.0	candidate_unreleased	False
development	global_null	706	adaptive_multiview_rc4	reference			0.9523809523809523	all_equal	0.0	-0.0005702344974036766	1.0	0.0	3.24387940896974	3.2420306912279604	0.0	3.0	True	20.0	candidate_unreleased	False
development	global_null	707	liana_baseline	target			0.8095238095238095													
development	global_null	707	liana_baseline	reference			0.9523809523809523													
development	global_null	707	equal_multiview_rc2	target			0.8095238095238095	all_equal	0.0	-0.00011250646335558834										
development	global_null	707	equal_multiview_rc2	reference			0.9523809523809523	all_equal	0.0	-0.00011250646335558834										
development	global_null	707	adaptive_multiview_rc4	target			0.8095238095238095	all_equal	0.0	-0.00011250646335558834	1.0	0.0	3.1296374843828105	3.1292854195474273	0.0	3.0	True	22.0	candidate_unreleased	False
development	global_null	707	adaptive_multiview_rc4	reference			0.9523809523809523	all_equal	0.0	-0.00011250646335558834	1.0	0.0	3.1296374843828105	3.1292854195474273	0.0	3.0	True	22.0	candidate_unreleased	False
development	global_null	708	liana_baseline	target			0.9047619047619048													
development	global_null	708	liana_baseline	reference			0.9523809523809523													
development	global_null	708	equal_multiview_rc2	target			0.9047619047619048	all_equal	0.0	-0.0008645048027671187										
development	global_null	708	equal_multiview_rc2	reference			0.9523809523809523	all_equal	0.0	-0.0008645048027671187										
development	global_null	708	adaptive_multiview_rc4	target			0.9047619047619048	all_equal	0.0	-0.0008645048027671187	1.0	0.0	3.1509806139282555	3.1482589289638114	0.0	3.0	True	21.0	candidate_unreleased	False
development	global_null	708	adaptive_multiview_rc4	reference			0.9523809523809523	all_equal	0.0	-0.0008645048027671187	1.0	0.0	3.1509806139282555	3.1482589289638114	0.0	3.0	True	21.0	candidate_unreleased	False
development	global_null	709	liana_baseline	target			0.9047619047619048													
development	global_null	709	liana_baseline	reference			0.8571428571428571													
development	global_null	709	equal_multiview_rc2	target			0.9047619047619048	all_equal	0.0	3.0655797613743374e-06										
development	global_null	709	equal_multiview_rc2	reference			0.8571428571428571	all_equal	0.0	3.0655797613743374e-06										
development	global_null	709	adaptive_multiview_rc4	target			0.9047619047619048	all_equal	0.0	3.0655797613743374e-06	1.0	0.0	3.2552844781266717	3.2552944574914777	0.0	3.0	True	21.0	candidate_unreleased	False
development	global_null	709	adaptive_multiview_rc4	reference			0.8571428571428571	all_equal	0.0	3.0655797613743374e-06	1.0	0.0	3.2552844781266717	3.2552944574914777	0.0	3.0	True	21.0	candidate_unreleased	False
development	global_null	710	liana_baseline	target			0.8571428571428571													
development	global_null	710	liana_baseline	reference			0.9047619047619048													
development	global_null	710	equal_multiview_rc2	target			0.8571428571428571	all_equal	0.0	-0.00031842357382205755										
development	global_null	710	equal_multiview_rc2	reference			0.9047619047619048	all_equal	0.0	-0.00031842357382205755										
development	global_null	710	adaptive_multiview_rc4	target			0.8571428571428571	all_equal	0.0	-0.00031842357382205755	1.0	0.0	3.4918337083431945	3.4907221801113835	0.0	3.0	True	23.0	candidate_unreleased	False
development	global_null	710	adaptive_multiview_rc4	reference			0.9047619047619048	all_equal	0.0	-0.00031842357382205755	1.0	0.0	3.4918337083431945	3.4907221801113835	0.0	3.0	True	23.0	candidate_unreleased	False
development	global_null	711	liana_baseline	target			0.8095238095238095													
development	global_null	711	liana_baseline	reference			0.8095238095238095													
development	global_null	711	equal_multiview_rc2	target			0.8095238095238095	all_equal	0.0	0.0008514753566498667										
development	global_null	711	equal_multiview_rc2	reference			0.8095238095238095	all_equal	0.0	0.0008514753566498667										
development	global_null	711	adaptive_multiview_rc4	target			0.8095238095238095	all_equal	0.0	0.0008514753566498667	1.0	0.1	3.182682039943122	3.1853943247118264	0.0	3.0	True	59.0	candidate_unreleased	False
development	global_null	711	adaptive_multiview_rc4	reference			0.8095238095238095	all_equal	0.0	0.0008514753566498667	1.0	0.1	3.182682039943122	3.1853943247118264	0.0	3.0	True	59.0	candidate_unreleased	False
development	global_null	712	liana_baseline	target			0.9047619047619048													
development	global_null	712	liana_baseline	reference			0.9523809523809523													
development	global_null	712	equal_multiview_rc2	target			0.9047619047619048	all_equal	0.0	-0.0007561577457912971										
development	global_null	712	equal_multiview_rc2	reference			0.9523809523809523	all_equal	0.0	-0.0007561577457912971										
development	global_null	712	adaptive_multiview_rc4	target			0.9047619047619048	all_equal	0.0	-0.0007561577457912971	1.0	0.0	3.376645687220804	3.3740943396508465	0.0	3.0	True	22.0	candidate_unreleased	False
development	global_null	712	adaptive_multiview_rc4	reference			0.9523809523809523	all_equal	0.0	-0.0007561577457912971	1.0	0.0	3.376645687220804	3.3740943396508465	0.0	3.0	True	22.0	candidate_unreleased	False
holdout	coherent_mixed	7001	liana_baseline	target	0.8797119952509443	0.9277777777777777	0.5238095238095238													
holdout	coherent_mixed	7001	liana_baseline	reference	0.7208247615266903	0.9999999999999999	0.5238095238095238													
holdout	coherent_mixed	7001	equal_multiview_rc2	target	0.8885316309316724	0.9333333333333333	0.5714285714285714	all_equal	1.0	0.34705519586298617										
holdout	coherent_mixed	7001	equal_multiview_rc2	reference	0.7310842187134313	1.0	0.5714285714285714	all_equal	1.0	0.34705519586298617										
holdout	coherent_mixed	7001	adaptive_multiview_rc4	target	0.8885316309316724	0.9333333333333333	0.5714285714285714	reliability_weighted	1.0	0.3611157206309137	0.05	0.1	3.6121220820243045	5.6537970938827335	0.021534017391425797	3.0	True	10.0	candidate_unreleased	False
holdout	coherent_mixed	7001	adaptive_multiview_rc4	reference	0.7310842187134313	1.0	0.5714285714285714	reliability_weighted	1.0	0.3611157206309137	0.05	0.1	3.6121220820243045	5.6537970938827335	0.021534017391425797	3.0	True	10.0	candidate_unreleased	False
holdout	coherent_mixed	7002	liana_baseline	target	0.676672428542712	0.9222222222222223	0.5714285714285714													
holdout	coherent_mixed	7002	liana_baseline	reference	0.7828672963426884	0.838888888888889	0.7142857142857143													
holdout	coherent_mixed	7002	equal_multiview_rc2	target	0.7452546852776244	0.9388888888888889	0.6190476190476191	all_equal	1.0	0.31764380577556806										
holdout	coherent_mixed	7002	equal_multiview_rc2	reference	0.848890520269629	0.9055555555555556	0.6190476190476191	all_equal	1.0	0.31764380577556806										
holdout	coherent_mixed	7002	adaptive_multiview_rc4	target	0.7452546852776244	0.9388888888888889	0.6190476190476191	all_equal	1.0	0.31764380577556806	0.05	0.1	3.7954322085280014	5.562244822649996	0.004155374066629136	3.0	True	10.0	candidate_unreleased	False
holdout	coherent_mixed	7002	adaptive_multiview_rc4	reference	0.848890520269629	0.9055555555555556	0.6190476190476191	all_equal	1.0	0.31764380577556806	0.05	0.1	3.7954322085280014	5.562244822649996	0.004155374066629136	3.0	True	10.0	candidate_unreleased	False
holdout	coherent_mixed	7003	liana_baseline	target	0.6154145993036955	0.826530612244898	0.7619047619047619													
holdout	coherent_mixed	7003	liana_baseline	reference	0.6862639539206996	0.7884615384615384	0.7142857142857143													
holdout	coherent_mixed	7003	equal_multiview_rc2	target	0.5907311963429559	0.8214285714285714	0.6666666666666666	all_equal	1.0	0.2879448711065028										
holdout	coherent_mixed	7003	equal_multiview_rc2	reference	0.7064675562919259	0.7884615384615384	0.6190476190476191	all_equal	1.0	0.2879448711065028										
holdout	coherent_mixed	7003	adaptive_multiview_rc4	target	0.5907311963429559	0.8214285714285714	0.6666666666666666	all_equal	1.0	0.2879448711065028	0.05	0.1	3.889723165552082	5.462671368713464	0.004250874240514291	3.0	True	9.0	candidate_unreleased	False
holdout	coherent_mixed	7003	adaptive_multiview_rc4	reference	0.7064675562919259	0.7884615384615384	0.6190476190476191	all_equal	1.0	0.2879448711065028	0.05	0.1	3.889723165552082	5.462671368713464	0.004250874240514291	3.0	True	9.0	candidate_unreleased	False
holdout	coherent_mixed	7004	liana_baseline	target	0.5532737644829618	0.7222222222222222	0.6190476190476191													
holdout	coherent_mixed	7004	liana_baseline	reference	0.8102095975922579	0.8444444444444446	0.7619047619047619													
holdout	coherent_mixed	7004	equal_multiview_rc2	target	0.5822792030469546	0.7388888888888888	0.6666666666666666	all_equal	1.0	0.2984746636020804										
holdout	coherent_mixed	7004	equal_multiview_rc2	reference	0.8144401167314805	0.8388888888888889	0.5238095238095238	all_equal	1.0	0.2984746636020804										
holdout	coherent_mixed	7004	adaptive_multiview_rc4	target	0.5822792030469546	0.7388888888888888	0.6666666666666666	all_equal	1.0	0.2984746636020804	0.05	0.1	3.6720114005907245	5.2343247065675245	0.0018974863131490105	3.0	True	10.0	candidate_unreleased	False
holdout	coherent_mixed	7004	adaptive_multiview_rc4	reference	0.8144401167314805	0.8388888888888889	0.5238095238095238	all_equal	1.0	0.2984746636020804	0.05	0.1	3.6720114005907245	5.2343247065675245	0.0018974863131490105	3.0	True	10.0	candidate_unreleased	False
holdout	coherent_mixed	7005	liana_baseline	target	0.6884034134575904	0.8277777777777777	0.7142857142857143													
holdout	coherent_mixed	7005	liana_baseline	reference	0.7066180644275046	0.8722222222222222	0.7142857142857143													
holdout	coherent_mixed	7005	equal_multiview_rc2	target	0.7034379306794981	0.85	0.7142857142857143	all_equal	1.0	0.2923760660272988										
holdout	coherent_mixed	7005	equal_multiview_rc2	reference	0.7340200339629798	0.8666666666666667	0.6666666666666666	all_equal	1.0	0.2923760660272988										
holdout	coherent_mixed	7005	adaptive_multiview_rc4	target	0.7034379306794981	0.85	0.7142857142857143	all_equal	1.0	0.2923760660272988	0.05	0.1	3.62186903154441	5.11835292400403	0.002071304068770763	3.0	True	10.0	candidate_unreleased	False
holdout	coherent_mixed	7005	adaptive_multiview_rc4	reference	0.7340200339629798	0.8666666666666667	0.6666666666666666	all_equal	1.0	0.2923760660272988	0.05	0.1	3.62186903154441	5.11835292400403	0.002071304068770763	3.0	True	10.0	candidate_unreleased	False
holdout	coherent_mixed	7006	liana_baseline	target	0.8859214057299328	0.9777777777777777	0.7142857142857143													
holdout	coherent_mixed	7006	liana_baseline	reference	0.5781701005894437	0.6444444444444444	0.6666666666666666													
holdout	coherent_mixed	7006	equal_multiview_rc2	target	0.925525915055501	1.0	0.7142857142857143	all_equal	1.0	0.30903734544161654										
holdout	coherent_mixed	7006	equal_multiview_rc2	reference	0.58819946763662	0.6333333333333333	0.5714285714285714	all_equal	1.0	0.30903734544161654										
holdout	coherent_mixed	7006	adaptive_multiview_rc4	target	0.925525915055501	1.0	0.7142857142857143	all_equal	1.0	0.30903734544161654	0.05	0.1	3.461425206383371	5.009569162020312	0.0036767153195806923	3.0	True	10.0	candidate_unreleased	False
holdout	coherent_mixed	7006	adaptive_multiview_rc4	reference	0.58819946763662	0.6333333333333333	0.5714285714285714	all_equal	1.0	0.30903734544161654	0.05	0.1	3.461425206383371	5.009569162020312	0.0036767153195806923	3.0	True	10.0	candidate_unreleased	False
holdout	coherent_mixed	7007	liana_baseline	target	0.8905584704391173	0.9333333333333333	0.47619047619047616													
holdout	coherent_mixed	7007	liana_baseline	reference	0.5840305682542437	0.8666666666666667	0.6190476190476191													
holdout	coherent_mixed	7007	equal_multiview_rc2	target	0.878909230247397	0.9111111111111111	0.5238095238095238	all_equal	1.0	0.34185881699231624										
holdout	coherent_mixed	7007	equal_multiview_rc2	reference	0.5588661195163499	0.8555555555555555	0.7142857142857143	all_equal	1.0	0.34185881699231624										
holdout	coherent_mixed	7007	adaptive_multiview_rc4	target	0.878909230247397	0.9111111111111111	0.5238095238095238	reliability_weighted	1.0	0.3468219676708657	0.05	0.1	3.756281018901693	5.750776714745537	0.007541164125101529	3.0	True	11.0	candidate_unreleased	False
holdout	coherent_mixed	7007	adaptive_multiview_rc4	reference	0.5588661195163499	0.8555555555555555	0.7142857142857143	reliability_weighted	1.0	0.3468219676708657	0.05	0.1	3.756281018901693	5.750776714745537	0.007541164125101529	3.0	True	11.0	candidate_unreleased	False
holdout	coherent_mixed	7008	liana_baseline	target	0.7387282280809886	0.7555555555555555	0.8095238095238095													
holdout	coherent_mixed	7008	liana_baseline	reference	0.6304888886099768	0.7777777777777778	0.8095238095238095													
holdout	coherent_mixed	7008	equal_multiview_rc2	target	0.7738687363832274	0.7777777777777778	0.5238095238095238	all_equal	1.0	0.3091941306180147										
holdout	coherent_mixed	7008	equal_multiview_rc2	reference	0.5814819140660545	0.6944444444444444	0.6666666666666666	all_equal	1.0	0.3091941306180147										
holdout	coherent_mixed	7008	adaptive_multiview_rc4	target	0.7738687363832274	0.7777777777777778	0.5238095238095238	all_equal	1.0	0.3091941306180147	0.05	0.1	3.5030243228919624	5.07092437709869	0.002927773526584687	3.0	True	10.0	candidate_unreleased	False
holdout	coherent_mixed	7008	adaptive_multiview_rc4	reference	0.5814819140660545	0.6944444444444444	0.6666666666666666	all_equal	1.0	0.3091941306180147	0.05	0.1	3.5030243228919624	5.07092437709869	0.002927773526584687	3.0	True	10.0	candidate_unreleased	False
holdout	coherent_mixed	7009	liana_baseline	target	0.8225383229945672	0.8555555555555556	0.6666666666666666													
holdout	coherent_mixed	7009	liana_baseline	reference	0.8394780218420382	0.9500000000000001	0.5238095238095238													
holdout	coherent_mixed	7009	equal_multiview_rc2	target	0.827031095965059	0.8555555555555556	0.5714285714285714	all_equal	1.0	0.38655114616765096										
holdout	coherent_mixed	7009	equal_multiview_rc2	reference	0.8704309948324107	0.9500000000000001	0.6190476190476191	all_equal	1.0	0.38655114616765096										
holdout	coherent_mixed	7009	adaptive_multiview_rc4	target	0.827031095965059	0.8555555555555556	0.5714285714285714	all_equal	1.0	0.38655114616765096	0.05	0.1	3.6104942445878274	5.885566860272508	0.0034923746175991033	3.0	True	10.0	candidate_unreleased	False
holdout	coherent_mixed	7009	adaptive_multiview_rc4	reference	0.8704309948324107	0.9500000000000001	0.6190476190476191	all_equal	1.0	0.38655114616765096	0.05	0.1	3.6104942445878274	5.885566860272508	0.0034923746175991033	3.0	True	10.0	candidate_unreleased	False
holdout	coherent_mixed	7010	liana_baseline	target	0.7458465421394558	0.8622448979591837	0.5238095238095238													
holdout	coherent_mixed	7010	liana_baseline	reference	0.6436530730215815	0.8888888888888888	0.6190476190476191													
holdout	coherent_mixed	7010	equal_multiview_rc2	target	0.7840645685986595	0.8775510204081632	0.5238095238095238	all_equal	1.0	0.31706153966212525										
holdout	coherent_mixed	7010	equal_multiview_rc2	reference	0.6930641630196794	0.9166666666666667	0.6190476190476191	all_equal	1.0	0.31706153966212525										
holdout	coherent_mixed	7010	adaptive_multiview_rc4	target	0.7840645685986595	0.8775510204081632	0.5238095238095238	all_equal	1.0	0.31706153966212525	0.05	0.1	3.6045949662552754	5.278067023011048	0.0038620836145057957	3.0	True	10.0	candidate_unreleased	False
holdout	coherent_mixed	7010	adaptive_multiview_rc4	reference	0.6930641630196794	0.9166666666666667	0.6190476190476191	all_equal	1.0	0.31706153966212525	0.05	0.1	3.6045949662552754	5.278067023011048	0.0038620836145057957	3.0	True	10.0	candidate_unreleased	False
holdout	coherent_mixed	7011	liana_baseline	target	0.2749555089735312	0.5816326530612245	0.7619047619047619													
holdout	coherent_mixed	7011	liana_baseline	reference	0.8679090210132409	0.9333333333333333	0.5714285714285714													
holdout	coherent_mixed	7011	equal_multiview_rc2	target	0.2581810349512733	0.5663265306122449	0.7619047619047619	all_equal	1.0	0.34074533433355536										
holdout	coherent_mixed	7011	equal_multiview_rc2	reference	0.8679513966196006	0.9166666666666666	0.47619047619047616	all_equal	1.0	0.34074533433355536										
holdout	coherent_mixed	7011	adaptive_multiview_rc4	target	0.2581810349512733	0.5663265306122449	0.7619047619047619	all_equal	1.0	0.34074533433355536	0.05	0.1	3.6966733761064434	5.607352618990498	0.002303524992452899	3.0	True	11.0	candidate_unreleased	False
holdout	coherent_mixed	7011	adaptive_multiview_rc4	reference	0.8679513966196006	0.9166666666666666	0.47619047619047616	all_equal	1.0	0.34074533433355536	0.05	0.1	3.6966733761064434	5.607352618990498	0.002303524992452899	3.0	True	11.0	candidate_unreleased	False
holdout	coherent_mixed	7012	liana_baseline	target	0.7732913791401623	0.9777777777777777	0.2857142857142857													
holdout	coherent_mixed	7012	liana_baseline	reference	0.5322926006944606	0.7884615384615384	0.7142857142857143													
holdout	coherent_mixed	7012	equal_multiview_rc2	target	0.7907867265954348	0.9777777777777779	0.6190476190476191	all_equal	1.0	0.3108423877165629										
holdout	coherent_mixed	7012	equal_multiview_rc2	reference	0.49837595614568314	0.7644230769230769	0.7619047619047619	all_equal	1.0	0.3108423877165629										
holdout	coherent_mixed	7012	adaptive_multiview_rc4	target	0.7817342351363226	0.9777777777777779	0.47619047619047616	reliability_weighted	1.0	0.3144265862739779	0.05	0.1	3.657546923528218	5.335018614053046	0.005200840117747796	3.0	True	11.0	candidate_unreleased	False
holdout	coherent_mixed	7012	adaptive_multiview_rc4	reference	0.48860156532088544	0.7596153846153846	0.6190476190476191	reliability_weighted	1.0	0.3144265862739779	0.05	0.1	3.657546923528218	5.335018614053046	0.005200840117747796	3.0	True	11.0	candidate_unreleased	False
holdout	cell_dominant	7001	liana_baseline	target	0.806462784328992	0.9944444444444445	0.6190476190476191													
holdout	cell_dominant	7001	liana_baseline	reference	0.7787943690675599	1.0	0.5238095238095238													
holdout	cell_dominant	7001	equal_multiview_rc2	target	0.7511247775334745	0.9833333333333334	0.47619047619047616	all_equal	1.0	0.4048729123320822										
holdout	cell_dominant	7001	equal_multiview_rc2	reference	0.7765049147192633	1.0	0.42857142857142855	all_equal	1.0	0.4048729123320822										
holdout	cell_dominant	7001	adaptive_multiview_rc4	target	0.8243399853825851	0.9777777777777777	0.5714285714285714	reliability_weighted	1.0	0.4167666621632423	0.25	0.1	3.704867869184556	6.352290976585976	0.019985226815615542	3.0	True	26.0	candidate_unreleased	False
holdout	cell_dominant	7001	adaptive_multiview_rc4	reference	0.7770119372445378	1.0	0.6190476190476191	reliability_weighted	1.0	0.4167666621632423	0.25	0.1	3.704867869184556	6.352290976585976	0.019985226815615542	3.0	True	26.0	candidate_unreleased	False
holdout	cell_dominant	7002	liana_baseline	target	0.4825751667865338	0.6923076923076923	0.5714285714285714													
holdout	cell_dominant	7002	liana_baseline	reference	0.7458106572008648	0.9777777777777779	0.5714285714285714													
holdout	cell_dominant	7002	equal_multiview_rc2	target	0.4869986494537601	0.7019230769230769	0.6666666666666666	all_equal	1.0	0.3344556017418767										
holdout	cell_dominant	7002	equal_multiview_rc2	reference	0.7458705525019644	0.9611111111111111	0.42857142857142855	all_equal	1.0	0.3344556017418767										
holdout	cell_dominant	7002	adaptive_multiview_rc4	target	0.5119674429803099	0.7163461538461539	0.6190476190476191	reliability_weighted	1.0	0.35086813463768507	0.05	0.1	3.797473228988821	5.850079824488741	0.02466031257833967	3.0	True	10.0	candidate_unreleased	False
holdout	cell_dominant	7002	adaptive_multiview_rc4	reference	0.7734315890840231	0.9722222222222223	0.42857142857142855	reliability_weighted	1.0	0.35086813463768507	0.05	0.1	3.797473228988821	5.850079824488741	0.02466031257833967	3.0	True	10.0	candidate_unreleased	False
holdout	cell_dominant	7003	liana_baseline	target	0.6417235266931927	0.8777777777777778	0.7142857142857143													
holdout	cell_dominant	7003	liana_baseline	reference	0.7764710764796281	0.9500000000000001	0.6666666666666666													
holdout	cell_dominant	7003	equal_multiview_rc2	target	0.6365903047042782	0.9055555555555556	0.5238095238095238	all_equal	1.0	0.32940417961935387										
holdout	cell_dominant	7003	equal_multiview_rc2	reference	0.7876480521783187	0.9333333333333333	0.6666666666666666	all_equal	1.0	0.32940417961935387										
holdout	cell_dominant	7003	adaptive_multiview_rc4	target	0.6365903047042782	0.9055555555555556	0.5238095238095238	all_equal	1.0	0.32940417961935387	0.05	0.1	3.9479043840872623	5.887159245708299	0.0	3.0	True	10.0	candidate_unreleased	False
holdout	cell_dominant	7003	adaptive_multiview_rc4	reference	0.7876480521783187	0.9333333333333333	0.6666666666666666	all_equal	1.0	0.32940417961935387	0.05	0.1	3.9479043840872623	5.887159245708299	0.0	3.0	True	10.0	candidate_unreleased	False
holdout	cell_dominant	7004	liana_baseline	target	0.7312071335691079	0.9666666666666668	0.7142857142857143													
holdout	cell_dominant	7004	liana_baseline	reference	0.7966857907148726	0.9500000000000001	0.5714285714285714													
holdout	cell_dominant	7004	equal_multiview_rc2	target	0.7390254724199877	0.9611111111111111	0.6190476190476191	all_equal	1.0	0.31134791608988943										
holdout	cell_dominant	7004	equal_multiview_rc2	reference	0.8117928182234457	0.9611111111111111	0.5238095238095238	all_equal	1.0	0.31134791608988943										
holdout	cell_dominant	7004	adaptive_multiview_rc4	target	0.7390254724199877	0.9611111111111111	0.6190476190476191	reliability_weighted	1.0	0.3242169623652821	0.05	0.1	3.6608200815867242	5.417152958440358	0.01868729736839425	3.0	True	10.0	candidate_unreleased	False
holdout	cell_dominant	7004	adaptive_multiview_rc4	reference	0.8117928182234457	0.9611111111111111	0.5238095238095238	reliability_weighted	1.0	0.3242169623652821	0.05	0.1	3.6608200815867242	5.417152958440358	0.01868729736839425	3.0	True	10.0	candidate_unreleased	False
holdout	cell_dominant	7005	liana_baseline	target	0.7965311306928528	0.9333333333333333	0.5714285714285714													
holdout	cell_dominant	7005	liana_baseline	reference	0.6902462673328071	0.8666666666666667	0.6666666666666666													
holdout	cell_dominant	7005	equal_multiview_rc2	target	0.766727547354011	0.9333333333333333	0.6666666666666666	all_equal	1.0	0.30905796074212755										
holdout	cell_dominant	7005	equal_multiview_rc2	reference	0.7304217326987464	0.8833333333333333	0.6190476190476191	all_equal	1.0	0.30905796074212755										
holdout	cell_dominant	7005	adaptive_multiview_rc4	target	0.7932132642245217	0.9333333333333333	0.6666666666666666	reliability_weighted	1.0	0.3271176581379758	0.05	0.1	3.568830409972884	5.3037956087495	0.02613778923518062	3.0	True	9.0	candidate_unreleased	False
holdout	cell_dominant	7005	adaptive_multiview_rc4	reference	0.7365031164472509	0.8888888888888888	0.7142857142857143	reliability_weighted	1.0	0.3271176581379758	0.05	0.1	3.568830409972884	5.3037956087495	0.02613778923518062	3.0	True	9.0	candidate_unreleased	False
holdout	cell_dominant	7006	liana_baseline	target	0.8497505194614476	1.0	0.5714285714285714													
holdout	cell_dominant	7006	liana_baseline	reference	0.5333114616717023	0.6938775510204082	0.6666666666666666													
holdout	cell_dominant	7006	equal_multiview_rc2	target	0.8339961700697763	1.0	0.5238095238095238	all_equal	1.0	0.3108489732162374										
holdout	cell_dominant	7006	equal_multiview_rc2	reference	0.5761789004969656	0.7397959183673469	0.5238095238095238	all_equal	1.0	0.3108489732162374										
holdout	cell_dominant	7006	adaptive_multiview_rc4	target	0.8339961700697763	1.0	0.5238095238095238	all_equal	1.0	0.3108489732162374	0.05	0.1	3.4837171531301947	5.055085195749542	0.0	3.0	True	10.0	candidate_unreleased	False
holdout	cell_dominant	7006	adaptive_multiview_rc4	reference	0.5761789004969656	0.7397959183673469	0.5238095238095238	all_equal	1.0	0.3108489732162374	0.05	0.1	3.4837171531301947	5.055085195749542	0.0	3.0	True	10.0	candidate_unreleased	False
holdout	cell_dominant	7007	liana_baseline	target	0.9220039322846884	1.0	0.42857142857142855													
holdout	cell_dominant	7007	liana_baseline	reference	0.5070858126976268		0.6190476190476191													
holdout	cell_dominant	7007	equal_multiview_rc2	target	0.9030585838888492	0.9777777777777777	0.42857142857142855	all_equal	1.0	0.3684502006949485										
holdout	cell_dominant	7007	equal_multiview_rc2	reference	0.5439844389189283		0.7142857142857143	all_equal	1.0	0.3684502006949485										
holdout	cell_dominant	7007	adaptive_multiview_rc4	target	0.9030585838888492	0.9777777777777777	0.42857142857142855	reliability_weighted	1.0	0.3979731016942598	0.05	0.1	3.7686194930923715	6.259885569396059	0.04674675066288969	3.0	True	11.0	candidate_unreleased	False
holdout	cell_dominant	7007	adaptive_multiview_rc4	reference	0.5545174663954858		0.8095238095238095	reliability_weighted	1.0	0.3979731016942598	0.05	0.1	3.7686194930923715	6.259885569396059	0.04674675066288969	3.0	True	11.0	candidate_unreleased	False
holdout	cell_dominant	7008	liana_baseline	target	0.8247247120889949	0.9	0.5714285714285714													
holdout	cell_dominant	7008	liana_baseline	reference	0.7171121754824036	0.9444444444444445	0.5238095238095238													
holdout	cell_dominant	7008	equal_multiview_rc2	target	0.8391418419726349	0.9111111111111111	0.38095238095238093	all_equal	1.0	0.34479727122680315										
holdout	cell_dominant	7008	equal_multiview_rc2	reference	0.7301428868226155	0.9444444444444444	0.5714285714285714	all_equal	1.0	0.34479727122680315										
holdout	cell_dominant	7008	adaptive_multiview_rc4	target	0.8391418419726349	0.9111111111111111	0.38095238095238093	reliability_weighted	1.0	0.3659386952102537	0.05	0.1	3.442948550567462	5.4299931640035	0.032266996236471335	3.0	True	10.0	candidate_unreleased	False
holdout	cell_dominant	7008	adaptive_multiview_rc4	reference	0.7317910920860695	0.9444444444444444	0.6666666666666666	reliability_weighted	1.0	0.3659386952102537	0.05	0.1	3.442948550567462	5.4299931640035	0.032266996236471335	3.0	True	10.0	candidate_unreleased	False
holdout	cell_dominant	7009	liana_baseline	target	0.7263486707442173	0.9438775510204082	0.7619047619047619													
holdout	cell_dominant	7009	liana_baseline	reference	0.789563408378841	0.9666666666666668	0.2857142857142857													
holdout	cell_dominant	7009	equal_multiview_rc2	target	0.7342695023311738	0.9489795918367347	0.6666666666666666	all_equal	1.0	0.41744976360270725										
holdout	cell_dominant	7009	equal_multiview_rc2	reference	0.7882755859454122	0.9666666666666668	0.3333333333333333	all_equal	1.0	0.41744976360270725										
holdout	cell_dominant	7009	adaptive_multiview_rc4	target	0.7592422013664857	0.9642857142857143	0.6190476190476191	reliability_weighted	1.0	0.44097972432606747	0.05	0.1	3.6207122919131476	6.4768890315260235	0.04039129890132431	3.0	True	10.0	candidate_unreleased	False
holdout	cell_dominant	7009	adaptive_multiview_rc4	reference	0.7884409238883404	0.9666666666666667	0.38095238095238093	reliability_weighted	1.0	0.44097972432606747	0.05	0.1	3.6207122919131476	6.4768890315260235	0.04039129890132431	3.0	True	10.0	candidate_unreleased	False
holdout	cell_dominant	7010	liana_baseline	target	0.7302843906148245	0.9500000000000001	0.2857142857142857													
holdout	cell_dominant	7010	liana_baseline	reference	0.6374843307085671	0.8333333333333335	0.8571428571428571													
holdout	cell_dominant	7010	equal_multiview_rc2	target	0.7703100473751259	0.9500000000000001	0.5714285714285714	all_equal	1.0	0.341524285200675										
holdout	cell_dominant	7010	equal_multiview_rc2	reference	0.6964236080230859	0.8666666666666666	0.6190476190476191	all_equal	1.0	0.341524285200675										
holdout	cell_dominant	7010	adaptive_multiview_rc4	target	0.784038255534185	0.9555555555555556	0.5238095238095238	reliability_weighted	1.0	0.35334982950340255	0.05	0.1	3.5223075177450576	5.447006246113085	0.017958968018025434	3.0	True	10.0	candidate_unreleased	False
holdout	cell_dominant	7010	adaptive_multiview_rc4	reference	0.6964236080230859	0.8666666666666666	0.6190476190476191	reliability_weighted	1.0	0.35334982950340255	0.05	0.1	3.5223075177450576	5.447006246113085	0.017958968018025434	3.0	True	10.0	candidate_unreleased	False
holdout	cell_dominant	7011	liana_baseline	target	-0.019230769230769232		0.8095238095238095													
holdout	cell_dominant	7011	liana_baseline	reference	0.9394417747144268	0.9555555555555556	0.19047619047619047													
holdout	cell_dominant	7011	equal_multiview_rc2	target	0.10443140118370281		0.7619047619047619	all_equal	1.0	0.3541879542003462										
holdout	cell_dominant	7011	equal_multiview_rc2	reference	0.9306870291674335	0.9444444444444444	0.3333333333333333	all_equal	1.0	0.3541879542003462										
holdout	cell_dominant	7011	adaptive_multiview_rc4	target	0.07710069930651407		0.7142857142857143	reliability_weighted	1.0	0.37845449652008	0.05	0.1	3.7537318665903663	6.039351657399025	0.03757523954153974	3.0	True	11.0	candidate_unreleased	False
holdout	cell_dominant	7011	adaptive_multiview_rc4	reference	0.9329869362834043	0.9444444444444444	0.42857142857142855	reliability_weighted	1.0	0.37845449652008	0.05	0.1	3.7537318665903663	6.039351657399025	0.03757523954153974	3.0	True	11.0	candidate_unreleased	False
holdout	cell_dominant	7012	liana_baseline	target	0.8940694459476837	0.9500000000000001	0.47619047619047616													
holdout	cell_dominant	7012	liana_baseline	reference	0.2654038371324201		0.6190476190476191													
holdout	cell_dominant	7012	equal_multiview_rc2	target	0.8969517302577213	0.9611111111111111	0.38095238095238093	all_equal	1.0	0.29320782643050125										
holdout	cell_dominant	7012	equal_multiview_rc2	reference	0.25696473744958265		0.8571428571428571	all_equal	1.0	0.29320782643050125										
holdout	cell_dominant	7012	adaptive_multiview_rc4	target	0.8979256331350105	0.9611111111111111	0.42857142857142855	reliability_weighted	1.0	0.3167215620535536	0.05	0.1	3.637295746497634	5.323299469875436	0.033268245606486335	3.0	True	11.0	candidate_unreleased	False
holdout	cell_dominant	7012	adaptive_multiview_rc4	reference	0.2866624513761236		0.7142857142857143	reliability_weighted	1.0	0.3167215620535536	0.05	0.1	3.637295746497634	5.323299469875436	0.033268245606486335	3.0	True	11.0	candidate_unreleased	False
holdout	molecular_dominant	7001	liana_baseline	target	0.7137735428424351	0.7111111111111111	0.7619047619047619													
holdout	molecular_dominant	7001	liana_baseline	reference	0.7711703857553345	0.8061224489795918	0.6666666666666666													
holdout	molecular_dominant	7001	equal_multiview_rc2	target	0.6950819672131149	0.711111111111111	0.7142857142857143	all_equal	1.0	0.36008616082532297										
holdout	molecular_dominant	7001	equal_multiview_rc2	reference	0.7885811281522348	0.8112244897959183	0.6190476190476191	all_equal	1.0	0.36008616082532297										
holdout	molecular_dominant	7001	adaptive_multiview_rc4	target	0.6950819672131149	0.711111111111111	0.7142857142857143	all_equal	1.0	0.36008616082532297	0.05	0.1	3.648507019030656	5.7015597970756255	0.0	3.0	True	10.0	candidate_unreleased	False
holdout	molecular_dominant	7001	adaptive_multiview_rc4	reference	0.7885811281522348	0.8112244897959183	0.6190476190476191	all_equal	1.0	0.36008616082532297	0.05	0.1	3.648507019030656	5.7015597970756255	0.0	3.0	True	10.0	candidate_unreleased	False
holdout	molecular_dominant	7002	liana_baseline	target	0.6003273644036837	0.673076923076923	0.7619047619047619													
holdout	molecular_dominant	7002	liana_baseline	reference	0.555958951294453	0.673469387755102	0.7142857142857143													
holdout	molecular_dominant	7002	equal_multiview_rc2	target	0.5740097241934704	0.6586538461538461	0.7619047619047619	all_equal	1.0	0.3533021412115689										
holdout	molecular_dominant	7002	equal_multiview_rc2	reference	0.6067427657569754	0.6887755102040817	0.7142857142857143	all_equal	1.0	0.3533021412115689										
holdout	molecular_dominant	7002	adaptive_multiview_rc4	target	0.5740097241934704	0.6586538461538461	0.7619047619047619	all_equal	1.0	0.3533021412115689	0.05	0.1	3.797178809489801	5.871642773958926	0.0	3.0	True	10.0	candidate_unreleased	False
holdout	molecular_dominant	7002	adaptive_multiview_rc4	reference	0.6067427657569754	0.6887755102040817	0.7142857142857143	all_equal	1.0	0.3533021412115689	0.05	0.1	3.797178809489801	5.871642773958926	0.0	3.0	True	10.0	candidate_unreleased	False
holdout	molecular_dominant	7003	liana_baseline	target	0.565682592770986	0.6944444444444444	0.8095238095238095													
holdout	molecular_dominant	7003	liana_baseline	reference	0.5057617863343385	0.6071428571428572	0.7142857142857143													
holdout	molecular_dominant	7003	equal_multiview_rc2	target	0.5699400584428954	0.7055555555555556	0.8571428571428571	all_equal	1.0	0.3014769803865043										
holdout	molecular_dominant	7003	equal_multiview_rc2	reference	0.5115171430680583	0.6326530612244898	0.8571428571428571	all_equal	1.0	0.3014769803865043										
holdout	molecular_dominant	7003	adaptive_multiview_rc4	target	0.5699400584428954	0.7055555555555556	0.8571428571428571	all_equal	1.0	0.3014769803865043	0.05	0.1	3.8361984256672335	5.491871159507191	0.0	3.0	True	8.0	candidate_unreleased	False
holdout	molecular_dominant	7003	adaptive_multiview_rc4	reference	0.5115171430680583	0.6326530612244898	0.8571428571428571	all_equal	1.0	0.3014769803865043	0.05	0.1	3.8361984256672335	5.491871159507191	0.0	3.0	True	8.0	candidate_unreleased	False
holdout	molecular_dominant	7004	liana_baseline	target	0.7279371750328196	0.8333333333333334	0.7619047619047619													
holdout	molecular_dominant	7004	liana_baseline	reference	0.5882353258803324	0.7611111111111111	0.7142857142857143													
holdout	molecular_dominant	7004	equal_multiview_rc2	target	0.7185553569473649	0.8564814814814815	0.8095238095238095	all_equal	1.0	0.3251298462626466										
holdout	molecular_dominant	7004	equal_multiview_rc2	reference	0.5715697640081332	0.75	0.6666666666666666	all_equal	1.0	0.3251298462626466										
holdout	molecular_dominant	7004	adaptive_multiview_rc4	target	0.7185553569473649	0.8564814814814815	0.8095238095238095	all_equal	1.0	0.3251298462626466	0.05	0.1	3.618396590206901	5.361618927979903	0.0	3.0	True	10.0	candidate_unreleased	False
holdout	molecular_dominant	7004	adaptive_multiview_rc4	reference	0.5715697640081332	0.75	0.6666666666666666	all_equal	1.0	0.3251298462626466	0.05	0.1	3.618396590206901	5.361618927979903	0.0	3.0	True	10.0	candidate_unreleased	False
holdout	molecular_dominant	7005	liana_baseline	target	0.46486432120382964	0.6071428571428571	0.7619047619047619													
holdout	molecular_dominant	7005	liana_baseline	reference	0.5623983958886684	0.6836734693877551	0.5714285714285714													
holdout	molecular_dominant	7005	equal_multiview_rc2	target	0.39701563544656526	0.5357142857142857	0.6666666666666666	all_equal	1.0	0.3166874321705656										
holdout	molecular_dominant	7005	equal_multiview_rc2	reference	0.5347998526424783	0.6479591836734694	0.7142857142857143	all_equal	1.0	0.3166874321705656										
holdout	molecular_dominant	7005	adaptive_multiview_rc4	target	0.3847972106162673	0.5357142857142858	0.7619047619047619	reliability_weighted	1.0	0.32888520874073934	0.05	0.1	3.554083997240609	5.295791485346087	0.017850947201103695	3.0	True	11.0	candidate_unreleased	False
holdout	molecular_dominant	7005	adaptive_multiview_rc4	reference	0.511803388724202	0.6377551020408163	0.8571428571428571	reliability_weighted	1.0	0.32888520874073934	0.05	0.1	3.554083997240609	5.295791485346087	0.017850947201103695	3.0	True	11.0	candidate_unreleased	False
holdout	molecular_dominant	7006	liana_baseline	target	0.5397328198651034	0.8999999999999999	0.7142857142857143													
holdout	molecular_dominant	7006	liana_baseline	reference	0.5666010498687665	0.7019230769230769	0.8095238095238095													
holdout	molecular_dominant	7006	equal_multiview_rc2	target	0.5994837865872913	0.9055555555555556	0.7142857142857143	all_equal	1.0	0.3330475691945457										
holdout	molecular_dominant	7006	equal_multiview_rc2	reference	0.5617832935395375	0.7163461538461539	0.7619047619047619	all_equal	1.0	0.3330475691945457										
holdout	molecular_dominant	7006	adaptive_multiview_rc4	target	0.5994837865872913	0.9055555555555556	0.7142857142857143	all_equal	1.0	0.3330475691945457	0.05	0.1	3.4916198867828876	5.235185787637335	0.0	3.0	True	10.0	candidate_unreleased	False
holdout	molecular_dominant	7006	adaptive_multiview_rc4	reference	0.5617832935395375	0.7163461538461539	0.7619047619047619	all_equal	1.0	0.3330475691945457	0.05	0.1	3.4916198867828876	5.235185787637335	0.0	3.0	True	10.0	candidate_unreleased	False
holdout	molecular_dominant	7007	liana_baseline	target	0.7803006579839707	0.9166666666666666	0.6666666666666666													
holdout	molecular_dominant	7007	liana_baseline	reference	0.4944226786169176	0.7244897959183674	0.6190476190476191													
holdout	molecular_dominant	7007	equal_multiview_rc2	target	0.7721920193974414	0.8935185185185185	0.7142857142857143	all_equal	1.0	0.3624909731877879										
holdout	molecular_dominant	7007	equal_multiview_rc2	reference	0.5419008751210743	0.7959183673469388	0.8571428571428571	all_equal	1.0	0.3624909731877879										
holdout	molecular_dominant	7007	adaptive_multiview_rc4	target	0.7721920193974414	0.8935185185185185	0.7142857142857143	all_equal	1.0	0.3624909731877879	0.05	0.1	3.6480869520152432	5.7224083088784905	0.0	3.0	True	10.0	candidate_unreleased	False
holdout	molecular_dominant	7007	adaptive_multiview_rc4	reference	0.5419008751210743	0.7959183673469388	0.8571428571428571	all_equal	1.0	0.3624909731877879	0.05	0.1	3.6480869520152432	5.7224083088784905	0.0	3.0	True	10.0	candidate_unreleased	False
holdout	molecular_dominant	7008	liana_baseline	target	0.716815121863644	0.7611111111111111	0.6190476190476191													
holdout	molecular_dominant	7008	liana_baseline	reference	0.5984810178572344	0.7277777777777779	0.7142857142857143													
holdout	molecular_dominant	7008	equal_multiview_rc2	target	0.7212108158603674	0.7388888888888889	0.7142857142857143	all_equal	1.0	0.34462369675738214										
holdout	molecular_dominant	7008	equal_multiview_rc2	reference	0.6293730743986194	0.7444444444444445	0.7619047619047619	all_equal	1.0	0.34462369675738214										
holdout	molecular_dominant	7008	adaptive_multiview_rc4	target	0.7212108158603674	0.7388888888888889	0.7142857142857143	all_equal	1.0	0.34462369675738214	0.05	0.1	3.4768042437852733	5.305050284215377	0.0	3.0	True	10.0	candidate_unreleased	False
holdout	molecular_dominant	7008	adaptive_multiview_rc4	reference	0.6293730743986194	0.7444444444444445	0.7619047619047619	all_equal	1.0	0.34462369675738214	0.05	0.1	3.4768042437852733	5.305050284215377	0.0	3.0	True	10.0	candidate_unreleased	False
holdout	molecular_dominant	7009	liana_baseline	target	0.448948416919857	0.6444444444444444	0.6666666666666666													
holdout	molecular_dominant	7009	liana_baseline	reference	0.6275802717080305	0.7091836734693878	0.5714285714285714													
holdout	molecular_dominant	7009	equal_multiview_rc2	target	0.4334246162362066	0.6444444444444444	0.8571428571428571	all_equal	1.0	0.4103746227050207										
holdout	molecular_dominant	7009	equal_multiview_rc2	reference	0.6317528859041972	0.6989795918367347	0.6190476190476191	all_equal	1.0	0.4103746227050207										
holdout	molecular_dominant	7009	adaptive_multiview_rc4	target	0.4334246162362066	0.6444444444444444	0.8571428571428571	all_equal	1.0	0.4103746227050207	0.05	0.1	3.5620434345724434	6.041197634528568	0.0	3.0	True	10.0	candidate_unreleased	False
holdout	molecular_dominant	7009	adaptive_multiview_rc4	reference	0.6317528859041972	0.6989795918367347	0.6190476190476191	all_equal	1.0	0.4103746227050207	0.05	0.1	3.5620434345724434	6.041197634528568	0.0	3.0	True	10.0	candidate_unreleased	False
holdout	molecular_dominant	7010	liana_baseline	target	0.7528717176052229	0.8316326530612245	0.6190476190476191													
holdout	molecular_dominant	7010	liana_baseline	reference	0.6357336871276674	0.7166666666666667	0.6666666666666666													
holdout	molecular_dominant	7010	equal_multiview_rc2	target	0.7772309711286091	0.8724489795918368	0.7619047619047619	all_equal	1.0	0.3454660791857125										
holdout	molecular_dominant	7010	equal_multiview_rc2	reference	0.6190310543787894	0.7	0.6666666666666666	all_equal	1.0	0.3454660791857125										
holdout	molecular_dominant	7010	adaptive_multiview_rc4	target	0.7772309711286091	0.8724489795918368	0.7619047619047619	all_equal	1.0	0.3454660791857125	0.05	0.1	3.49211200231563	5.335265127239227	0.004496855717104231	3.0	True	10.0	candidate_unreleased	False
holdout	molecular_dominant	7010	adaptive_multiview_rc4	reference	0.6190310543787894	0.7	0.6666666666666666	all_equal	1.0	0.3454660791857125	0.05	0.1	3.49211200231563	5.335265127239227	0.004496855717104231	3.0	True	10.0	candidate_unreleased	False
holdout	molecular_dominant	7011	liana_baseline	target	0.38669019462529963	0.5833333333333333	0.7142857142857143													
holdout	molecular_dominant	7011	liana_baseline	reference	0.6145287958115184	0.688888888888889	0.6666666666666666													
holdout	molecular_dominant	7011	equal_multiview_rc2	target	0.4659427695493726	0.6222222222222222	0.7619047619047619	all_equal	1.0	0.39596390925977687										
holdout	molecular_dominant	7011	equal_multiview_rc2	reference	0.6088948326457826	0.6722222222222223	0.47619047619047616	all_equal	1.0	0.39596390925977687										
holdout	molecular_dominant	7011	adaptive_multiview_rc4	target	0.4659427695493726	0.6222222222222222	0.7619047619047619	all_equal	1.0	0.39596390925977687	0.05	0.1	3.4926292894412225	5.782153323257786	0.0	3.0	True	10.0	candidate_unreleased	False
holdout	molecular_dominant	7011	adaptive_multiview_rc4	reference	0.6088948326457826	0.6722222222222223	0.47619047619047616	all_equal	1.0	0.39596390925977687	0.05	0.1	3.4926292894412225	5.782153323257786	0.0	3.0	True	10.0	candidate_unreleased	False
holdout	molecular_dominant	7012	liana_baseline	target	0.7901529390191219	0.8833333333333333	0.6666666666666666													
holdout	molecular_dominant	7012	liana_baseline	reference	0.7751335904852287	0.8317307692307693	0.8095238095238095													
holdout	molecular_dominant	7012	equal_multiview_rc2	target	0.7504097956352176	0.8833333333333333	0.7142857142857143	all_equal	1.0	0.3708673006562081										
holdout	molecular_dominant	7012	equal_multiview_rc2	reference	0.7795775179615534	0.8509615384615385	0.8095238095238095	all_equal	1.0	0.3708673006562081										
holdout	molecular_dominant	7012	adaptive_multiview_rc4	target	0.7327222666241736	0.8833333333333333	0.7142857142857143	reliability_weighted	1.0	0.384071843299563	0.05	0.1	3.452214195173948	5.604897515430469	0.020988485667853163	3.0	True	11.0	candidate_unreleased	False
holdout	molecular_dominant	7012	adaptive_multiview_rc4	reference	0.7729162218943236	0.8413461538461539	0.6666666666666666	reliability_weighted	1.0	0.384071843299563	0.05	0.1	3.452214195173948	5.604897515430469	0.020988485667853163	3.0	True	11.0	candidate_unreleased	False
holdout	corrupted_sender	7001	liana_baseline	target	0.8797119952509443	0.9277777777777777	0.5238095238095238													
holdout	corrupted_sender	7001	liana_baseline	reference	0.7208247615266903	0.9999999999999999	0.5238095238095238													
holdout	corrupted_sender	7001	equal_multiview_rc2	target	0.8819923983040553	0.9333333333333333	0.47619047619047616	all_equal	1.0	0.329587475728654										
holdout	corrupted_sender	7001	equal_multiview_rc2	reference	0.7310842187134313	1.0	0.5714285714285714	all_equal	1.0	0.329587475728654										
holdout	corrupted_sender	7001	adaptive_multiview_rc4	target	0.8819923983040553	0.9333333333333333	0.47619047619047616	all_equal	1.0	0.329587475728654	0.05	0.1	3.7903763814279237	5.6537970938827335	0.0008304877001975575	3.0	True	10.0	candidate_unreleased	False
holdout	corrupted_sender	7001	adaptive_multiview_rc4	reference	0.7310842187134313	1.0	0.5714285714285714	all_equal	1.0	0.329587475728654	0.05	0.1	3.7903763814279237	5.6537970938827335	0.0008304877001975575	3.0	True	10.0	candidate_unreleased	False
holdout	corrupted_sender	7002	liana_baseline	target	0.676672428542712	0.9222222222222223	0.5714285714285714													
holdout	corrupted_sender	7002	liana_baseline	reference	0.7828672963426884	0.838888888888889	0.7142857142857143													
holdout	corrupted_sender	7002	equal_multiview_rc2	target	0.7309999920660605	0.9388888888888889	0.5714285714285714	all_equal	1.0	0.310547106176166										
holdout	corrupted_sender	7002	equal_multiview_rc2	reference	0.848890520269629	0.9055555555555556	0.6190476190476191	all_equal	1.0	0.310547106176166										
holdout	corrupted_sender	7002	adaptive_multiview_rc4	target	0.7309999920660605	0.9388888888888889	0.5714285714285714	reliability_weighted	1.0	0.3149633137955614	0.05	0.1	3.8103417611659482	5.562244822649996	0.0064053797713464755	3.0	True	10.0	candidate_unreleased	False
holdout	corrupted_sender	7002	adaptive_multiview_rc4	reference	0.848890520269629	0.9055555555555556	0.6190476190476191	reliability_weighted	1.0	0.3149633137955614	0.05	0.1	3.8103417611659482	5.562244822649996	0.0064053797713464755	3.0	True	10.0	candidate_unreleased	False
holdout	corrupted_sender	7003	liana_baseline	target	0.6154145993036955	0.826530612244898	0.7619047619047619													
holdout	corrupted_sender	7003	liana_baseline	reference	0.6862639539206996	0.7884615384615384	0.7142857142857143													
holdout	corrupted_sender	7003	equal_multiview_rc2	target	0.5797847551119836	0.8112244897959183	0.7142857142857143	all_equal	1.0	0.27924452582240433										
holdout	corrupted_sender	7003	equal_multiview_rc2	reference	0.6876036916770761	0.7788461538461539	0.6190476190476191	all_equal	1.0	0.27924452582240433										
holdout	corrupted_sender	7003	adaptive_multiview_rc4	target	0.5797847551119836	0.8112244897959183	0.7142857142857143	all_equal	1.0	0.27924452582240433	0.05	0.1	3.9372502926334483	5.462671368713464	0.0012461557157970038	3.0	True	9.0	candidate_unreleased	False
holdout	corrupted_sender	7003	adaptive_multiview_rc4	reference	0.6876036916770761	0.7788461538461539	0.6190476190476191	all_equal	1.0	0.27924452582240433	0.05	0.1	3.9372502926334483	5.462671368713464	0.0012461557157970038	3.0	True	9.0	candidate_unreleased	False
holdout	corrupted_sender	7004	liana_baseline	target	0.5532737644829618	0.7222222222222222	0.6190476190476191													
holdout	corrupted_sender	7004	liana_baseline	reference	0.8102095975922579	0.8444444444444446	0.7619047619047619													
holdout	corrupted_sender	7004	equal_multiview_rc2	target	0.5822792030469546	0.7388888888888888	0.6666666666666666	all_equal	1.0	0.29305439606405514										
holdout	corrupted_sender	7004	equal_multiview_rc2	reference	0.8144401167314805	0.8388888888888889	0.5238095238095238	all_equal	1.0	0.29305439606405514										
holdout	corrupted_sender	7004	adaptive_multiview_rc4	target	0.5822792030469546	0.7388888888888888	0.6666666666666666	all_equal	1.0	0.29305439606405514	0.05	0.1	3.700382840881216	5.2343247065675245	0.0030857736069849206	3.0	True	10.0	candidate_unreleased	False
holdout	corrupted_sender	7004	adaptive_multiview_rc4	reference	0.8144401167314805	0.8388888888888889	0.5238095238095238	all_equal	1.0	0.29305439606405514	0.05	0.1	3.700382840881216	5.2343247065675245	0.0030857736069849206	3.0	True	10.0	candidate_unreleased	False
holdout	corrupted_sender	7005	liana_baseline	target	0.6884034134575904	0.8277777777777777	0.7142857142857143													
holdout	corrupted_sender	7005	liana_baseline	reference	0.7066180644275046	0.8722222222222222	0.7142857142857143													
holdout	corrupted_sender	7005	equal_multiview_rc2	target	0.6973807975419068	0.85	0.6666666666666666	all_equal	1.0	0.28455288050737393										
holdout	corrupted_sender	7005	equal_multiview_rc2	reference	0.7256987301397286	0.8666666666666666	0.6190476190476191	all_equal	1.0	0.28455288050737393										
holdout	corrupted_sender	7005	adaptive_multiview_rc4	target	0.6973807975419068	0.85	0.6666666666666666	all_equal	1.0	0.28455288050737393	0.05	0.1	3.6619108560253437	5.11835292400403	0.002571065638154457	3.0	True	10.0	candidate_unreleased	False
holdout	corrupted_sender	7005	adaptive_multiview_rc4	reference	0.7256987301397286	0.8666666666666666	0.6190476190476191	all_equal	1.0	0.28455288050737393	0.05	0.1	3.6619108560253437	5.11835292400403	0.002571065638154457	3.0	True	10.0	candidate_unreleased	False
holdout	corrupted_sender	7006	liana_baseline	target	0.8859214057299328	0.9777777777777777	0.7142857142857143													
holdout	corrupted_sender	7006	liana_baseline	reference	0.5781701005894437	0.6444444444444444	0.6666666666666666													
holdout	corrupted_sender	7006	equal_multiview_rc2	target	0.925525915055501	1.0	0.7142857142857143	all_equal	1.0	0.30127224224803995										
holdout	corrupted_sender	7006	equal_multiview_rc2	reference	0.5855136288703201	0.6333333333333333	0.6190476190476191	all_equal	1.0	0.30127224224803995										
holdout	corrupted_sender	7006	adaptive_multiview_rc4	target	0.925525915055501	1.0	0.7142857142857143	all_equal	1.0	0.30127224224803995	0.05	0.1	3.500325027881818	5.009569162020312	0.0033476350665014865	3.0	True	10.0	candidate_unreleased	False
holdout	corrupted_sender	7006	adaptive_multiview_rc4	reference	0.5855136288703201	0.6333333333333333	0.6190476190476191	all_equal	1.0	0.30127224224803995	0.05	0.1	3.500325027881818	5.009569162020312	0.0033476350665014865	3.0	True	10.0	candidate_unreleased	False
holdout	corrupted_sender	7007	liana_baseline	target	0.8905584704391173	0.9333333333333333	0.47619047619047616													
holdout	corrupted_sender	7007	liana_baseline	reference	0.5840305682542437	0.8666666666666667	0.6190476190476191													
holdout	corrupted_sender	7007	equal_multiview_rc2	target	0.878909230247397	0.9111111111111111	0.5238095238095238	all_equal	1.0	0.3298133618649961										
holdout	corrupted_sender	7007	equal_multiview_rc2	reference	0.5586826139722414	0.8555555555555556	0.6190476190476191	all_equal	1.0	0.3298133618649961										
holdout	corrupted_sender	7007	adaptive_multiview_rc4	target	0.878909230247397	0.9111111111111111	0.5238095238095238	all_equal	1.0	0.3298133618649961	0.05	0.1	3.854093713120373	5.750776714745537	0.004804062406046139	3.0	True	11.0	candidate_unreleased	False
holdout	corrupted_sender	7007	adaptive_multiview_rc4	reference	0.5586826139722414	0.8555555555555556	0.6190476190476191	all_equal	1.0	0.3298133618649961	0.05	0.1	3.854093713120373	5.750776714745537	0.004804062406046139	3.0	True	11.0	candidate_unreleased	False
holdout	corrupted_sender	7008	liana_baseline	target	0.7387282280809886	0.7555555555555555	0.8095238095238095													
holdout	corrupted_sender	7008	liana_baseline	reference	0.6304888886099768	0.7777777777777778	0.8095238095238095													
holdout	corrupted_sender	7008	equal_multiview_rc2	target	0.7535070163741162	0.7611111111111111	0.47619047619047616	all_equal	1.0	0.30404812575038087										
holdout	corrupted_sender	7008	equal_multiview_rc2	reference	0.5697000509052229	0.7055555555555555	0.7142857142857143	all_equal	1.0	0.30404812575038087										
holdout	corrupted_sender	7008	adaptive_multiview_rc4	target	0.7495133146517953	0.7611111111111111	0.5714285714285714	reliability_weighted	1.0	0.30789169733550326	0.05	0.1	3.509628863573795	5.07092437709869	0.005522754844602518	3.0	True	10.0	candidate_unreleased	False
holdout	corrupted_sender	7008	adaptive_multiview_rc4	reference	0.5640378258562724	0.7166666666666667	0.7142857142857143	reliability_weighted	1.0	0.30789169733550326	0.05	0.1	3.509628863573795	5.07092437709869	0.005522754844602518	3.0	True	10.0	candidate_unreleased	False
holdout	corrupted_sender	7009	liana_baseline	target	0.8225383229945672	0.8555555555555556	0.6666666666666666													
holdout	corrupted_sender	7009	liana_baseline	reference	0.8394780218420382	0.9500000000000001	0.5238095238095238													
holdout	corrupted_sender	7009	equal_multiview_rc2	target	0.8497151774830237	0.8833333333333334	0.6666666666666666	all_equal	1.0	0.37557062190482304										
holdout	corrupted_sender	7009	equal_multiview_rc2	reference	0.8798178637086872	0.9611111111111111	0.5714285714285714	all_equal	1.0	0.37557062190482304										
holdout	corrupted_sender	7009	adaptive_multiview_rc4	target	0.8497151774830237	0.8833333333333334	0.6666666666666666	all_equal	1.0	0.37557062190482304	0.05	0.1	3.6751208542975453	5.885566860272508	0.0035119608048566064	3.0	True	10.0	candidate_unreleased	False
holdout	corrupted_sender	7009	adaptive_multiview_rc4	reference	0.8798178637086872	0.9611111111111111	0.5714285714285714	all_equal	1.0	0.37557062190482304	0.05	0.1	3.6751208542975453	5.885566860272508	0.0035119608048566064	3.0	True	10.0	candidate_unreleased	False
holdout	corrupted_sender	7010	liana_baseline	target	0.7458465421394558	0.8622448979591837	0.5238095238095238													
holdout	corrupted_sender	7010	liana_baseline	reference	0.6436530730215815	0.8888888888888888	0.6190476190476191													
holdout	corrupted_sender	7010	equal_multiview_rc2	target	0.7840645685986595	0.8775510204081632	0.5238095238095238	all_equal	1.0	0.31209176879317335										
holdout	corrupted_sender	7010	equal_multiview_rc2	reference	0.6905480975895419	0.9166666666666666	0.5238095238095238	all_equal	1.0	0.31209176879317335										
holdout	corrupted_sender	7010	adaptive_multiview_rc4	target	0.7840645685986595	0.8775510204081632	0.5238095238095238	reliability_weighted	1.0	0.31632571509271934	0.05	0.1	3.6084786976497782	5.278067023011048	0.0061548126733680375	3.0	True	10.0	candidate_unreleased	False
holdout	corrupted_sender	7010	adaptive_multiview_rc4	reference	0.6905480975895419	0.9166666666666666	0.5238095238095238	reliability_weighted	1.0	0.31632571509271934	0.05	0.1	3.6084786976497782	5.278067023011048	0.0061548126733680375	3.0	True	10.0	candidate_unreleased	False
holdout	corrupted_sender	7011	liana_baseline	target	0.2749555089735312	0.5816326530612245	0.7619047619047619													
holdout	corrupted_sender	7011	liana_baseline	reference	0.8679090210132409	0.9333333333333333	0.5714285714285714													
holdout	corrupted_sender	7011	equal_multiview_rc2	target	0.25826690923768303	0.5663265306122448	0.8571428571428571	all_equal	1.0	0.3330454041838654										
holdout	corrupted_sender	7011	equal_multiview_rc2	reference	0.8757766533885228	0.9166666666666666	0.47619047619047616	all_equal	1.0	0.3330454041838654										
holdout	corrupted_sender	7011	adaptive_multiview_rc4	target	0.25826690923768303	0.5663265306122448	0.8571428571428571	all_equal	1.0	0.3330454041838654	0.05	0.1	3.7398495995973513	5.607352618990498	0.00452857219994629	3.0	True	11.0	candidate_unreleased	False
holdout	corrupted_sender	7011	adaptive_multiview_rc4	reference	0.8757766533885228	0.9166666666666666	0.47619047619047616	all_equal	1.0	0.3330454041838654	0.05	0.1	3.7398495995973513	5.607352618990498	0.00452857219994629	3.0	True	11.0	candidate_unreleased	False
holdout	corrupted_sender	7012	liana_baseline	target	0.7732913791401623	0.9777777777777777	0.2857142857142857													
holdout	corrupted_sender	7012	liana_baseline	reference	0.5322926006944606	0.7884615384615384	0.7142857142857143													
holdout	corrupted_sender	7012	equal_multiview_rc2	target	0.7817342351363226	0.9777777777777779	0.47619047619047616	all_equal	1.0	0.30364988701178053										
holdout	corrupted_sender	7012	equal_multiview_rc2	reference	0.4720608117611502	0.7548076923076923	0.6666666666666666	all_equal	1.0	0.30364988701178053										
holdout	corrupted_sender	7012	adaptive_multiview_rc4	target	0.7817342351363226	0.9777777777777779	0.47619047619047616	reliability_weighted	1.0	0.3098482158321678	0.05	0.1	3.6819726150573047	5.335018614053046	0.008901167250176312	3.0	True	11.0	candidate_unreleased	False
holdout	corrupted_sender	7012	adaptive_multiview_rc4	reference	0.4720608117611502	0.7548076923076923	0.6666666666666666	reliability_weighted	1.0	0.3098482158321678	0.05	0.1	3.6819726150573047	5.335018614053046	0.008901167250176312	3.0	True	11.0	candidate_unreleased	False
holdout	corrupted_interaction	7001	liana_baseline	target	0.8797119952509443	0.9277777777777777	0.5238095238095238													
holdout	corrupted_interaction	7001	liana_baseline	reference	0.7208247615266903	0.9999999999999999	0.5238095238095238													
holdout	corrupted_interaction	7001	equal_multiview_rc2	target	0.8819923983040553	0.9333333333333333	0.47619047619047616	all_equal	1.0	0.34171677779204723										
holdout	corrupted_interaction	7001	equal_multiview_rc2	reference	0.7310842187134313	1.0	0.5714285714285714	all_equal	1.0	0.34171677779204723										
holdout	corrupted_interaction	7001	adaptive_multiview_rc4	target	0.8935821872953503	0.9277777777777777	0.47619047619047616	reliability_weighted	1.0	0.3574098984082289	0.05	0.1	3.633074048937366	5.6537970938827335	0.023839466185307412	3.0	True	10.0	candidate_unreleased	False
holdout	corrupted_interaction	7001	adaptive_multiview_rc4	reference	0.7240252598768019	0.9999999999999999	0.5238095238095238	reliability_weighted	1.0	0.3574098984082289	0.05	0.1	3.633074048937366	5.6537970938827335	0.023839466185307412	3.0	True	10.0	candidate_unreleased	False
holdout	corrupted_interaction	7002	liana_baseline	target	0.676672428542712	0.9222222222222223	0.5714285714285714													
holdout	corrupted_interaction	7002	liana_baseline	reference	0.7828672963426884	0.838888888888889	0.7142857142857143													
holdout	corrupted_interaction	7002	equal_multiview_rc2	target	0.729889440633262	0.9277777777777778	0.7619047619047619	all_equal	1.0	0.3084924829335576										
holdout	corrupted_interaction	7002	equal_multiview_rc2	reference	0.8469821005448626	0.9055555555555556	0.5238095238095238	all_equal	1.0	0.3084924829335576										
holdout	corrupted_interaction	7002	adaptive_multiview_rc4	target	0.729889440633262	0.9277777777777778	0.7619047619047619	all_equal	1.0	0.3084924829335576	0.05	0.1	3.846334106626373	5.562244822649996	0.0030332102085857127	3.0	True	10.0	candidate_unreleased	False
holdout	corrupted_interaction	7002	adaptive_multiview_rc4	reference	0.8469821005448626	0.9055555555555556	0.5238095238095238	all_equal	1.0	0.3084924829335576	0.05	0.1	3.846334106626373	5.562244822649996	0.0030332102085857127	3.0	True	10.0	candidate_unreleased	False
holdout	corrupted_interaction	7003	liana_baseline	target	0.6154145993036955	0.826530612244898	0.7619047619047619													
holdout	corrupted_interaction	7003	liana_baseline	reference	0.6862639539206996	0.7884615384615384	0.7142857142857143													
holdout	corrupted_interaction	7003	equal_multiview_rc2	target	0.6027442334058959	0.8316326530612245	0.7142857142857143	all_equal	1.0	0.28215180593203537										
holdout	corrupted_interaction	7003	equal_multiview_rc2	reference	0.6899460637963984	0.7788461538461539	0.6666666666666666	all_equal	1.0	0.28215180593203537										
holdout	corrupted_interaction	7003	adaptive_multiview_rc4	target	0.6027442334058959	0.8316326530612245	0.7142857142857143	reliability_weighted	1.0	0.2862563833502799	0.05	0.1	3.898946819274424	5.462671368713464	0.005717890568177619	3.0	True	9.0	candidate_unreleased	False
holdout	corrupted_interaction	7003	adaptive_multiview_rc4	reference	0.6899460637963984	0.7788461538461539	0.6666666666666666	reliability_weighted	1.0	0.2862563833502799	0.05	0.1	3.898946819274424	5.462671368713464	0.005717890568177619	3.0	True	9.0	candidate_unreleased	False
holdout	corrupted_interaction	7004	liana_baseline	target	0.5532737644829618	0.7222222222222222	0.6190476190476191													
holdout	corrupted_interaction	7004	liana_baseline	reference	0.8102095975922579	0.8444444444444446	0.7619047619047619													
holdout	corrupted_interaction	7004	equal_multiview_rc2	target	0.6253752858426944	0.7444444444444445	0.7142857142857143	all_equal	1.0	0.29043065155847136										
holdout	corrupted_interaction	7004	equal_multiview_rc2	reference	0.8395953068591676	0.861111111111111	0.5238095238095238	all_equal	1.0	0.29043065155847136										
holdout	corrupted_interaction	7004	adaptive_multiview_rc4	target	0.6253752858426944	0.7444444444444445	0.7142857142857143	all_equal	1.0	0.29043065155847136	0.05	0.1	3.7141163715705137	5.2343247065675245	0.0020834225883678004	3.0	True	10.0	candidate_unreleased	False
holdout	corrupted_interaction	7004	adaptive_multiview_rc4	reference	0.8395953068591676	0.861111111111111	0.5238095238095238	all_equal	1.0	0.29043065155847136	0.05	0.1	3.7141163715705137	5.2343247065675245	0.0020834225883678004	3.0	True	10.0	candidate_unreleased	False
holdout	corrupted_interaction	7005	liana_baseline	target	0.6884034134575904	0.8277777777777777	0.7142857142857143													
holdout	corrupted_interaction	7005	liana_baseline	reference	0.7066180644275046	0.8722222222222222	0.7142857142857143													
holdout	corrupted_interaction	7005	equal_multiview_rc2	target	0.6864166312866019	0.85	0.7142857142857143	all_equal	1.0	0.28286103616199654										
holdout	corrupted_interaction	7005	equal_multiview_rc2	reference	0.7116699833335379	0.85	0.6666666666666666	all_equal	1.0	0.28286103616199654										
holdout	corrupted_interaction	7005	adaptive_multiview_rc4	target	0.6864166312866019	0.85	0.7142857142857143	all_equal	1.0	0.28286103616199654	0.05	0.1	3.670570312477466	5.11835292400403	0.004194559250240482	3.0	True	10.0	candidate_unreleased	False
holdout	corrupted_interaction	7005	adaptive_multiview_rc4	reference	0.7116699833335379	0.85	0.6666666666666666	all_equal	1.0	0.28286103616199654	0.05	0.1	3.670570312477466	5.11835292400403	0.004194559250240482	3.0	True	10.0	candidate_unreleased	False
holdout	corrupted_interaction	7006	liana_baseline	target	0.8859214057299328	0.9777777777777777	0.7142857142857143													
holdout	corrupted_interaction	7006	liana_baseline	reference	0.5781701005894437	0.6444444444444444	0.6666666666666666													
holdout	corrupted_interaction	7006	equal_multiview_rc2	target	0.9252220155513123	1.0	0.6190476190476191	all_equal	1.0	0.2987105361012078										
holdout	corrupted_interaction	7006	equal_multiview_rc2	reference	0.5856688709747312	0.6277777777777778	0.5238095238095238	all_equal	1.0	0.2987105361012078										
holdout	corrupted_interaction	7006	adaptive_multiview_rc4	target	0.9252220155513123	1.0	0.6190476190476191	reliability_weighted	1.0	0.30334435927171166	0.05	0.1	3.489944614339935	5.009569162020312	0.00660757562895975	3.0	True	10.0	candidate_unreleased	False
holdout	corrupted_interaction	7006	adaptive_multiview_rc4	reference	0.5856688709747312	0.6277777777777778	0.5238095238095238	reliability_weighted	1.0	0.30334435927171166	0.05	0.1	3.489944614339935	5.009569162020312	0.00660757562895975	3.0	True	10.0	candidate_unreleased	False
holdout	corrupted_interaction	7007	liana_baseline	target	0.8905584704391173	0.9333333333333333	0.47619047619047616													
holdout	corrupted_interaction	7007	liana_baseline	reference	0.5840305682542437	0.8666666666666667	0.6190476190476191													
holdout	corrupted_interaction	7007	equal_multiview_rc2	target	0.878909230247397	0.9111111111111111	0.5238095238095238	all_equal	1.0	0.33344720723913635										
holdout	corrupted_interaction	7007	equal_multiview_rc2	reference	0.6481617098057483	0.9055555555555557	0.6666666666666666	all_equal	1.0	0.33344720723913635										
holdout	corrupted_interaction	7007	adaptive_multiview_rc4	target	0.879273351825936	0.9111111111111111	0.42857142857142855	reliability_weighted	1.0	0.3407218707204661	0.05	0.1	3.7913613144017413	5.750776714745537	0.010913859427695183	3.0	True	11.0	candidate_unreleased	False
holdout	corrupted_interaction	7007	adaptive_multiview_rc4	reference	0.6372419152492033	0.9055555555555556	0.6190476190476191	reliability_weighted	1.0	0.3407218707204661	0.05	0.1	3.7913613144017413	5.750776714745537	0.010913859427695183	3.0	True	11.0	candidate_unreleased	False
holdout	corrupted_interaction	7008	liana_baseline	target	0.7387282280809886	0.7555555555555555	0.8095238095238095													
holdout	corrupted_interaction	7008	liana_baseline	reference	0.6304888886099768	0.7777777777777778	0.8095238095238095													
holdout	corrupted_interaction	7008	equal_multiview_rc2	target	0.7590646402219837	0.7611111111111111	0.5714285714285714	all_equal	1.0	0.30077879453772083										
holdout	corrupted_interaction	7008	equal_multiview_rc2	reference	0.619176445357236	0.7222222222222222	0.6190476190476191	all_equal	1.0	0.30077879453772083										
holdout	corrupted_interaction	7008	adaptive_multiview_rc4	target	0.7590646402219837	0.7611111111111111	0.5714285714285714	all_equal	1.0	0.30077879453772083	0.05	0.1	3.5456978557630032	5.07092437709869	0.00493687660695985	3.0	True	10.0	candidate_unreleased	False
holdout	corrupted_interaction	7008	adaptive_multiview_rc4	reference	0.619176445357236	0.7222222222222222	0.6190476190476191	all_equal	1.0	0.30077879453772083	0.05	0.1	3.5456978557630032	5.07092437709869	0.00493687660695985	3.0	True	10.0	candidate_unreleased	False
holdout	corrupted_interaction	7009	liana_baseline	target	0.8225383229945672	0.8555555555555556	0.6666666666666666													
holdout	corrupted_interaction	7009	liana_baseline	reference	0.8394780218420382	0.9500000000000001	0.5238095238095238													
holdout	corrupted_interaction	7009	equal_multiview_rc2	target	0.8094316286094568	0.8444444444444444	0.5714285714285714	all_equal	1.0	0.37641587085492545										
holdout	corrupted_interaction	7009	equal_multiview_rc2	reference	0.8439949578689967	0.9444444444444444	0.6190476190476191	all_equal	1.0	0.37641587085492545										
holdout	corrupted_interaction	7009	adaptive_multiview_rc4	target	0.8138371008436973	0.8444444444444446	0.6190476190476191	reliability_weighted	1.0	0.3817510732902569	0.05	0.1	3.638745394441911	5.885566860272508	0.00855570593601529	3.0	True	10.0	candidate_unreleased	False
holdout	corrupted_interaction	7009	adaptive_multiview_rc4	reference	0.8585898900111874	0.95	0.5714285714285714	reliability_weighted	1.0	0.3817510732902569	0.05	0.1	3.638745394441911	5.885566860272508	0.00855570593601529	3.0	True	10.0	candidate_unreleased	False
holdout	corrupted_interaction	7010	liana_baseline	target	0.7458465421394558	0.8622448979591837	0.5238095238095238													
holdout	corrupted_interaction	7010	liana_baseline	reference	0.6436530730215815	0.8888888888888888	0.6190476190476191													
holdout	corrupted_interaction	7010	equal_multiview_rc2	target	0.7801442457556662	0.8724489795918368	0.5238095238095238	all_equal	1.0	0.30681456350504854										
holdout	corrupted_interaction	7010	equal_multiview_rc2	reference	0.7035353873901373	0.9222222222222222	0.6190476190476191	all_equal	1.0	0.30681456350504854										
holdout	corrupted_interaction	7010	adaptive_multiview_rc4	target	0.7801442457556662	0.8724489795918368	0.5238095238095238	all_equal	1.0	0.30681456350504854	0.05	0.1	3.6586791931955225	5.278067023011048	0.001429003727226097	3.0	True	10.0	candidate_unreleased	False
holdout	corrupted_interaction	7010	adaptive_multiview_rc4	reference	0.7035353873901373	0.9222222222222222	0.6190476190476191	all_equal	1.0	0.30681456350504854	0.05	0.1	3.6586791931955225	5.278067023011048	0.001429003727226097	3.0	True	10.0	candidate_unreleased	False
holdout	corrupted_interaction	7011	liana_baseline	target	0.2749555089735312	0.5816326530612245	0.7619047619047619													
holdout	corrupted_interaction	7011	liana_baseline	reference	0.8679090210132409	0.9333333333333333	0.5714285714285714													
holdout	corrupted_interaction	7011	equal_multiview_rc2	target	0.2601773951826867	0.5765306122448979	0.7142857142857143	all_equal	1.0	0.3305140167322551										
holdout	corrupted_interaction	7011	equal_multiview_rc2	reference	0.8625414487511294	0.9166666666666666	0.42857142857142855	all_equal	1.0	0.3305140167322551										
holdout	corrupted_interaction	7011	adaptive_multiview_rc4	target	0.2601773951826867	0.5765306122448979	0.7142857142857143	all_equal	1.0	0.3305140167322551	0.05	0.1	3.7540439816538176	5.607352618990498	0.00496528382342587	3.0	True	11.0	candidate_unreleased	False
holdout	corrupted_interaction	7011	adaptive_multiview_rc4	reference	0.8625414487511294	0.9166666666666666	0.42857142857142855	all_equal	1.0	0.3305140167322551	0.05	0.1	3.7540439816538176	5.607352618990498	0.00496528382342587	3.0	True	11.0	candidate_unreleased	False
holdout	corrupted_interaction	7012	liana_baseline	target	0.7732913791401623	0.9777777777777777	0.2857142857142857													
holdout	corrupted_interaction	7012	liana_baseline	reference	0.5322926006944606	0.7884615384615384	0.7142857142857143													
holdout	corrupted_interaction	7012	equal_multiview_rc2	target	0.779653497318315	0.9722222222222223	0.6190476190476191	all_equal	1.0	0.29635691504626205										
holdout	corrupted_interaction	7012	equal_multiview_rc2	reference	0.49837595614568314	0.7644230769230769	0.7619047619047619	all_equal	1.0	0.29635691504626205										
holdout	corrupted_interaction	7012	adaptive_multiview_rc4	target	0.779653497318315	0.9722222222222223	0.6190476190476191	all_equal	1.0	0.29635691504626205	0.05	0.1	3.7539489558779002	5.335018614053046	0.003557145565274089	3.0	True	11.0	candidate_unreleased	False
holdout	corrupted_interaction	7012	adaptive_multiview_rc4	reference	0.49837595614568314	0.7644230769230769	0.7619047619047619	all_equal	1.0	0.29635691504626205	0.05	0.1	3.7539489558779002	5.335018614053046	0.003557145565274089	3.0	True	11.0	candidate_unreleased	False
holdout	topology_jump	7001	liana_baseline	target	0.8280195793466906	0.9	0.5238095238095238													
holdout	topology_jump	7001	liana_baseline	reference	0.7092036553524804	1.0	0.5238095238095238													
holdout	topology_jump	7001	equal_multiview_rc2	target	0.8524021694269351	0.9055555555555556	0.5238095238095238	all_equal	1.0	0.34056211691123517										
holdout	topology_jump	7001	equal_multiview_rc2	reference	0.7385925443046345	1.0	0.38095238095238093	all_equal	1.0	0.34056211691123517										
holdout	topology_jump	7001	adaptive_multiview_rc4	target	0.8513663345368448	0.9055555555555556	0.6190476190476191	reliability_weighted	1.0	0.35013524198624935	0.05	0.1	3.6820642281097586	5.665893068834253	0.01451709906348464	3.0	True	10.0	candidate_unreleased	False
holdout	topology_jump	7001	adaptive_multiview_rc4	reference	0.7385925443046345	1.0	0.38095238095238093	reliability_weighted	1.0	0.35013524198624935	0.05	0.1	3.6820642281097586	5.665893068834253	0.01451709906348464	3.0	True	10.0	candidate_unreleased	False
holdout	topology_jump	7002	liana_baseline	target	0.6955957655029228	0.9222222222222223	0.5714285714285714													
holdout	topology_jump	7002	liana_baseline	reference	0.7506553001812661	0.838888888888889	0.6666666666666666													
holdout	topology_jump	7002	equal_multiview_rc2	target	0.7562093118478774	0.9444444444444445	0.5714285714285714	all_equal	1.0	0.31215591915715546										
holdout	topology_jump	7002	equal_multiview_rc2	reference	0.817620403144059	0.9	0.5714285714285714	all_equal	1.0	0.31215591915715546										
holdout	topology_jump	7002	adaptive_multiview_rc4	target	0.7562093118478774	0.9444444444444445	0.5714285714285714	all_equal	1.0	0.31215591915715546	0.05	0.1	3.7935479189951264	5.515127664319988	0.003365086485051405	3.0	True	10.0	candidate_unreleased	False
holdout	topology_jump	7002	adaptive_multiview_rc4	reference	0.817620403144059	0.9	0.5714285714285714	all_equal	1.0	0.31215591915715546	0.05	0.1	3.7935479189951264	5.515127664319988	0.003365086485051405	3.0	True	10.0	candidate_unreleased	False
holdout	topology_jump	7003	liana_baseline	target	0.6478465050606906	0.9222222222222222	0.7142857142857143													
holdout	topology_jump	7003	liana_baseline	reference	0.663282337914149	0.7740384615384616	0.7142857142857143													
holdout	topology_jump	7003	equal_multiview_rc2	target	0.6329529948760179	0.9166666666666666	0.6190476190476191	all_equal	1.0	0.2863752715603858										
holdout	topology_jump	7003	equal_multiview_rc2	reference	0.693717277486911	0.7836538461538461	0.6666666666666666	all_equal	1.0	0.2863752715603858										
holdout	topology_jump	7003	adaptive_multiview_rc4	target	0.6329529948760179	0.9166666666666666	0.6190476190476191	all_equal	1.0	0.2863752715603858	0.05	0.1	3.910846511551539	5.480256436885046	0.0029955199847783165	3.0	True	9.0	candidate_unreleased	False
holdout	topology_jump	7003	adaptive_multiview_rc4	reference	0.693717277486911	0.7836538461538461	0.6666666666666666	all_equal	1.0	0.2863752715603858	0.05	0.1	3.910846511551539	5.480256436885046	0.0029955199847783165	3.0	True	9.0	candidate_unreleased	False
holdout	topology_jump	7004	liana_baseline	target	0.5592767755765956	0.7806122448979592	0.7619047619047619													
holdout	topology_jump	7004	liana_baseline	reference	0.7793748624599677	0.85	0.5714285714285714													
holdout	topology_jump	7004	equal_multiview_rc2	target	0.6210485093929945	0.8010204081632653	0.7619047619047619	all_equal	1.0	0.2969797423387862										
holdout	topology_jump	7004	equal_multiview_rc2	reference	0.802491463235501	0.8555555555555555	0.6190476190476191	all_equal	1.0	0.2969797423387862										
holdout	topology_jump	7004	adaptive_multiview_rc4	target	0.6210485093929945	0.8010204081632653	0.7619047619047619	all_equal	1.0	0.2969797423387862	0.05	0.1	3.6564114571165143	5.201004405307682	0.0014331726070416773	3.0	True	10.0	candidate_unreleased	False
holdout	topology_jump	7004	adaptive_multiview_rc4	reference	0.802491463235501	0.8555555555555555	0.6190476190476191	all_equal	1.0	0.2969797423387862	0.05	0.1	3.6564114571165143	5.201004405307682	0.0014331726070416773	3.0	True	10.0	candidate_unreleased	False
holdout	topology_jump	7005	liana_baseline	target	0.621935294693599	0.8111111111111111	0.5714285714285714													
holdout	topology_jump	7005	liana_baseline	reference	0.7090138677678391	0.8214285714285714	0.7142857142857143													
holdout	topology_jump	7005	equal_multiview_rc2	target	0.6497587127999268	0.8277777777777778	0.7142857142857143	all_equal	1.0	0.29235904040875105										
holdout	topology_jump	7005	equal_multiview_rc2	reference	0.7385272357220388	0.8367346938775511	0.7619047619047619	all_equal	1.0	0.29235904040875105										
holdout	topology_jump	7005	adaptive_multiview_rc4	target	0.6497587127999268	0.8277777777777778	0.7142857142857143	all_equal	1.0	0.29235904040875105	0.05	0.1	3.7002133629355627	5.228941757516266	0.001068164240759728	3.0	True	10.0	candidate_unreleased	False
holdout	topology_jump	7005	adaptive_multiview_rc4	reference	0.7385272357220388	0.8367346938775511	0.7619047619047619	all_equal	1.0	0.29235904040875105	0.05	0.1	3.7002133629355627	5.228941757516266	0.001068164240759728	3.0	True	10.0	candidate_unreleased	False
holdout	topology_jump	7006	liana_baseline	target	0.795006570302234	0.95	0.7142857142857143													
holdout	topology_jump	7006	liana_baseline	reference	0.54469338236861	0.6222222222222222	0.7142857142857143													
holdout	topology_jump	7006	equal_multiview_rc2	target	0.8671928238483104	0.9888888888888889	0.6666666666666666	all_equal	1.0	0.2993705008824219										
holdout	topology_jump	7006	equal_multiview_rc2	reference	0.5363769644986239	0.6222222222222222	0.5714285714285714	all_equal	1.0	0.2993705008824219										
holdout	topology_jump	7006	adaptive_multiview_rc4	target	0.8671928238483104	0.9888888888888889	0.6666666666666666	all_equal	1.0	0.2993705008824219	0.05	0.1	3.508827745169696	5.0081073514446075	0.0021285551448322337	3.0	True	10.0	candidate_unreleased	False
holdout	topology_jump	7006	adaptive_multiview_rc4	reference	0.5363769644986239	0.6222222222222222	0.5714285714285714	all_equal	1.0	0.2993705008824219	0.05	0.1	3.508827745169696	5.0081073514446075	0.0021285551448322337	3.0	True	10.0	candidate_unreleased	False
holdout	topology_jump	7007	liana_baseline	target	0.8462050982683123	0.9055555555555556	0.5238095238095238													
holdout	topology_jump	7007	liana_baseline	reference	0.6058661856688499	0.7653061224489796	0.6190476190476191													
holdout	topology_jump	7007	equal_multiview_rc2	target	0.8278555596154482	0.8833333333333333	0.38095238095238093	all_equal	1.0	0.3417081994947503										
holdout	topology_jump	7007	equal_multiview_rc2	reference	0.5657659954417347	0.7653061224489796	0.6666666666666666	all_equal	1.0	0.3417081994947503										
holdout	topology_jump	7007	adaptive_multiview_rc4	target	0.8278555596154482	0.8833333333333333	0.38095238095238093	reliability_weighted	1.0	0.34525278712811924	0.05	0.1	3.802226729758132	5.807167491527974	0.005384523444843858	3.0	True	11.0	candidate_unreleased	False
holdout	topology_jump	7007	adaptive_multiview_rc4	reference	0.5657659954417347	0.7653061224489796	0.6666666666666666	reliability_weighted	1.0	0.34525278712811924	0.05	0.1	3.802226729758132	5.807167491527974	0.005384523444843858	3.0	True	11.0	candidate_unreleased	False
holdout	topology_jump	7008	liana_baseline	target	0.7117251250253439	0.8222222222222222	0.6190476190476191													
holdout	topology_jump	7008	liana_baseline	reference	0.6478457837994056	0.7666666666666666	0.7619047619047619													
holdout	topology_jump	7008	equal_multiview_rc2	target	0.7506567394428987	0.8444444444444444	0.5238095238095238	all_equal	1.0	0.3093128696465942										
holdout	topology_jump	7008	equal_multiview_rc2	reference	0.6060230189141511	0.6944444444444444	0.8095238095238095	all_equal	1.0	0.3093128696465942										
holdout	topology_jump	7008	adaptive_multiview_rc4	target	0.7506567394428987	0.8444444444444444	0.5238095238095238	all_equal	1.0	0.3093128696465942	0.05	0.1	3.531614766172804	5.113190344759679	0.0023737233236195143	3.0	True	10.0	candidate_unreleased	False
holdout	topology_jump	7008	adaptive_multiview_rc4	reference	0.6060230189141511	0.6944444444444444	0.8095238095238095	all_equal	1.0	0.3093128696465942	0.05	0.1	3.531614766172804	5.113190344759679	0.0023737233236195143	3.0	True	10.0	candidate_unreleased	False
holdout	topology_jump	7009	liana_baseline	target	0.8577538144556963	0.9438775510204082	0.8095238095238095													
holdout	topology_jump	7009	liana_baseline	reference	0.8496262846669126	0.9722222222222222	0.5714285714285714													
holdout	topology_jump	7009	equal_multiview_rc2	target	0.8755777128262963	0.9591836734693877	0.7619047619047619	all_equal	1.0	0.37863113528137915										
holdout	topology_jump	7009	equal_multiview_rc2	reference	0.859517783673899	0.9833333333333334	0.47619047619047616	all_equal	1.0	0.37863113528137915										
holdout	topology_jump	7009	adaptive_multiview_rc4	target	0.8755777128262963	0.9591836734693877	0.7619047619047619	all_equal	1.0	0.37863113528137915	0.05	0.1	3.660744143811578	5.891418691326448	0.002536064956428552	3.0	True	10.0	candidate_unreleased	False
holdout	topology_jump	7009	adaptive_multiview_rc4	reference	0.859517783673899	0.9833333333333334	0.47619047619047616	all_equal	1.0	0.37863113528137915	0.05	0.1	3.660744143811578	5.891418691326448	0.002536064956428552	3.0	True	10.0	candidate_unreleased	False
holdout	topology_jump	7010	liana_baseline	target	0.7433955300007037	0.7999999999999999	0.42857142857142855													
holdout	topology_jump	7010	liana_baseline	reference	0.6602360128308942	0.8666666666666667	0.6190476190476191													
holdout	topology_jump	7010	equal_multiview_rc2	target	0.7650189220022466	0.7944444444444444	0.3333333333333333	all_equal	1.0	0.31336794381963695										
holdout	topology_jump	7010	equal_multiview_rc2	reference	0.7233492126705983	0.9111111111111111	0.6190476190476191	all_equal	1.0	0.31336794381963695										
holdout	topology_jump	7010	adaptive_multiview_rc4	target	0.7650189220022466	0.7944444444444444	0.3333333333333333	all_equal	1.0	0.31336794381963695	0.05	0.1	3.6333556625959504	5.291561368118748	0.0021808448283895387	3.0	True	10.0	candidate_unreleased	False
holdout	topology_jump	7010	adaptive_multiview_rc4	reference	0.7233492126705983	0.9111111111111111	0.6190476190476191	all_equal	1.0	0.31336794381963695	0.05	0.1	3.6333556625959504	5.291561368118748	0.0021808448283895387	3.0	True	10.0	candidate_unreleased	False
holdout	topology_jump	7011	liana_baseline	target	0.06410448538506405	0.47222222222222227	0.7142857142857143													
holdout	topology_jump	7011	liana_baseline	reference	0.8629115156113463	0.9333333333333332	0.3333333333333333													
holdout	topology_jump	7011	equal_multiview_rc2	target	0.11150634774958851	0.5277777777777778	0.8095238095238095	all_equal	1.0	0.3271715758340342										
holdout	topology_jump	7011	equal_multiview_rc2	reference	0.8620381595407723	0.9222222222222222	0.5714285714285714	all_equal	1.0	0.3271715758340342										
holdout	topology_jump	7011	adaptive_multiview_rc4	target	0.11150634774958851	0.5277777777777778	0.8095238095238095	all_equal	1.0	0.3271715758340342	0.05	0.1	3.722687217713509	5.532892315493553	0.0010495424473451198	3.0	True	11.0	candidate_unreleased	False
holdout	topology_jump	7011	adaptive_multiview_rc4	reference	0.8620381595407723	0.9222222222222222	0.5714285714285714	all_equal	1.0	0.3271715758340342	0.05	0.1	3.722687217713509	5.532892315493553	0.0010495424473451198	3.0	True	11.0	candidate_unreleased	False
holdout	topology_jump	7012	liana_baseline	target	0.7535082980644284	0.9888888888888889	0.5714285714285714													
holdout	topology_jump	7012	liana_baseline	reference	0.5479223520155619	0.6555555555555556	0.7619047619047619													
holdout	topology_jump	7012	equal_multiview_rc2	target	0.7571077005145507	0.9833333333333334	0.7142857142857143	all_equal	1.0	0.3189876032172707										
holdout	topology_jump	7012	equal_multiview_rc2	reference	0.4995109119953282	0.6222222222222222	0.7142857142857143	all_equal	1.0	0.3189876032172707										
holdout	topology_jump	7012	adaptive_multiview_rc4	target	0.7571077005145507	0.9833333333333334	0.7142857142857143	all_equal	1.0	0.3189876032172707	0.05	0.1	3.7023779894084687	5.43657943217982	0.004485534136636882	3.0	True	11.0	candidate_unreleased	False
holdout	topology_jump	7012	adaptive_multiview_rc4	reference	0.4995109119953282	0.6222222222222222	0.7142857142857143	all_equal	1.0	0.3189876032172707	0.05	0.1	3.7023779894084687	5.43657943217982	0.004485534136636882	3.0	True	11.0	candidate_unreleased	False
holdout	noisy_anchor	7001	liana_baseline	target	0.8797119952509443	0.9277777777777777	0.5238095238095238													
holdout	noisy_anchor	7001	liana_baseline	reference	0.7208247615266903	0.9999999999999999	0.5238095238095238													
holdout	noisy_anchor	7001	equal_multiview_rc2	target	0.8836451338288174	0.9277777777777778	0.5238095238095238	all_equal	1.0	0.09097268826609761										
holdout	noisy_anchor	7001	equal_multiview_rc2	reference	0.7120420373024043	1.0	0.5714285714285714	all_equal	1.0	0.09097268826609761										
holdout	noisy_anchor	7001	adaptive_multiview_rc4	target	0.8824107908664804	0.9277777777777778	0.5714285714285714	reliability_weighted	1.0	0.13943818220314586	0.05	0.0	4.865441904566296	5.6537970938827335	0.0533157731472379	3.0	True	9.0	candidate_unreleased	False
holdout	noisy_anchor	7001	adaptive_multiview_rc4	reference	0.7129296617618446	1.0	0.6666666666666666	reliability_weighted	1.0	0.13943818220314586	0.05	0.0	4.865441904566296	5.6537970938827335	0.0533157731472379	3.0	True	9.0	candidate_unreleased	False
holdout	noisy_anchor	7002	liana_baseline	target	0.676672428542712	0.9222222222222223	0.5714285714285714													
holdout	noisy_anchor	7002	liana_baseline	reference	0.7828672963426884	0.838888888888889	0.7142857142857143													
holdout	noisy_anchor	7002	equal_multiview_rc2	target	0.6782097715721628	0.9111111111111111	0.7142857142857143	all_equal	1.0	0.07848972728835435										
holdout	noisy_anchor	7002	equal_multiview_rc2	reference	0.8215124483909009	0.8722222222222222	0.8571428571428571	all_equal	1.0	0.07848972728835435										
holdout	noisy_anchor	7002	adaptive_multiview_rc4	target	0.6782097715721628	0.9111111111111111	0.7142857142857143	reliability_weighted	1.0	0.08726173728781506	0.05	0.0	5.076873676205403	5.562244822649996	0.009519166806082335	3.0	True	9.0	candidate_unreleased	False
holdout	noisy_anchor	7002	adaptive_multiview_rc4	reference	0.8215124483909009	0.8722222222222222	0.8571428571428571	reliability_weighted	1.0	0.08726173728781506	0.05	0.0	5.076873676205403	5.562244822649996	0.009519166806082335	3.0	True	9.0	candidate_unreleased	False
holdout	noisy_anchor	7003	liana_baseline	target	0.6154145993036955	0.826530612244898	0.7619047619047619													
holdout	noisy_anchor	7003	liana_baseline	reference	0.6862639539206996	0.7884615384615384	0.7142857142857143													
holdout	noisy_anchor	7003	equal_multiview_rc2	target	0.6173975196754474	0.8418367346938775	0.7619047619047619	all_equal	1.0	0.061090070152259535										
holdout	noisy_anchor	7003	equal_multiview_rc2	reference	0.7118825838315493	0.8028846153846153	0.7619047619047619	all_equal	1.0	0.061090070152259535										
holdout	noisy_anchor	7003	adaptive_multiview_rc4	target	0.6173975196754474	0.8418367346938775	0.7619047619047619	reliability_weighted	1.0	0.06945458266957427	0.05	0.0	5.083263808538438	5.462671368713464	0.00890874859388402	3.0	True	9.0	candidate_unreleased	False
holdout	noisy_anchor	7003	adaptive_multiview_rc4	reference	0.7118825838315493	0.8028846153846153	0.7619047619047619	reliability_weighted	1.0	0.06945458266957427	0.05	0.0	5.083263808538438	5.462671368713464	0.00890874859388402	3.0	True	9.0	candidate_unreleased	False
holdout	noisy_anchor	7004	liana_baseline	target	0.5532737644829618	0.7222222222222222	0.6190476190476191													
holdout	noisy_anchor	7004	liana_baseline	reference	0.8102095975922579	0.8444444444444446	0.7619047619047619													
holdout	noisy_anchor	7004	equal_multiview_rc2	target	0.5725550120343468	0.7333333333333333	0.6190476190476191	all_equal	1.0	0.06834761723687754										
holdout	noisy_anchor	7004	equal_multiview_rc2	reference	0.813991543984517	0.8500000000000001	0.7142857142857143	all_equal	1.0	0.06834761723687754										
holdout	noisy_anchor	7004	adaptive_multiview_rc4	target	0.5725550120343468	0.7333333333333333	0.6190476190476191	reliability_weighted	1.0	0.07333545343028425	0.05	0.0	4.850463130810056	5.2343247065675245	0.005353752414193003	3.0	True	9.0	candidate_unreleased	False
holdout	noisy_anchor	7004	adaptive_multiview_rc4	reference	0.813991543984517	0.8500000000000001	0.7142857142857143	reliability_weighted	1.0	0.07333545343028425	0.05	0.0	4.850463130810056	5.2343247065675245	0.005353752414193003	3.0	True	9.0	candidate_unreleased	False
holdout	noisy_anchor	7005	liana_baseline	target	0.6884034134575904	0.8277777777777777	0.7142857142857143													
holdout	noisy_anchor	7005	liana_baseline	reference	0.7066180644275046	0.8722222222222222	0.7142857142857143													
holdout	noisy_anchor	7005	equal_multiview_rc2	target	0.682505621243294	0.8388888888888889	0.7142857142857143	all_equal	1.0	0.07328574934724519										
holdout	noisy_anchor	7005	equal_multiview_rc2	reference	0.6995759590327063	0.85	0.7619047619047619	all_equal	1.0	0.07328574934724519										
holdout	noisy_anchor	7005	adaptive_multiview_rc4	target	0.682505621243294	0.8388888888888889	0.7142857142857143	all_equal	1.0	0.07328574934724519	0.05	0.0	4.743250594544731	5.11835292400403	0.004776123832834656	3.0	True	9.0	candidate_unreleased	False
holdout	noisy_anchor	7005	adaptive_multiview_rc4	reference	0.6995759590327063	0.85	0.7619047619047619	all_equal	1.0	0.07328574934724519	0.05	0.0	4.743250594544731	5.11835292400403	0.004776123832834656	3.0	True	9.0	candidate_unreleased	False
holdout	noisy_anchor	7006	liana_baseline	target	0.8859214057299328	0.9777777777777777	0.7142857142857143													
holdout	noisy_anchor	7006	liana_baseline	reference	0.5781701005894437	0.6444444444444444	0.6666666666666666													
holdout	noisy_anchor	7006	equal_multiview_rc2	target	0.899142711486135	0.9888888888888889	0.7142857142857143	all_equal	1.0	0.09173401429120964										
holdout	noisy_anchor	7006	equal_multiview_rc2	reference	0.5791467236845791	0.65	0.6666666666666666	all_equal	1.0	0.09173401429120964										
holdout	noisy_anchor	7006	adaptive_multiview_rc4	target	0.8952477519655399	0.9888888888888889	0.7619047619047619	reliability_weighted	1.0	0.10361075637143391	0.05	0.0	4.490523912048377	5.009569162020312	0.013076281912017151	3.0	True	9.0	candidate_unreleased	False
holdout	noisy_anchor	7006	adaptive_multiview_rc4	reference	0.579310179251104	0.6499999999999999	0.7142857142857143	reliability_weighted	1.0	0.10361075637143391	0.05	0.0	4.490523912048377	5.009569162020312	0.013076281912017151	3.0	True	9.0	candidate_unreleased	False
holdout	noisy_anchor	7007	liana_baseline	target	0.8905584704391173	0.9333333333333333	0.47619047619047616													
holdout	noisy_anchor	7007	liana_baseline	reference	0.5840305682542437	0.8666666666666667	0.6190476190476191													
holdout	noisy_anchor	7007	equal_multiview_rc2	target	0.893255677613029	0.9277777777777777	0.6190476190476191	all_equal	1.0	0.07862127752810943										
holdout	noisy_anchor	7007	equal_multiview_rc2	reference	0.5427476230419656	0.8388888888888889	0.5238095238095238	all_equal	1.0	0.07862127752810943										
holdout	noisy_anchor	7007	adaptive_multiview_rc4	target	0.8882429163314612	0.9166666666666666	0.5714285714285714	reliability_weighted	1.0	0.0933956147744116	0.05	0.0	5.213679388041506	5.750776714745537	0.016035031942853273	3.0	True	8.0	candidate_unreleased	False
holdout	noisy_anchor	7007	adaptive_multiview_rc4	reference	0.5617919264490279	0.85	0.5714285714285714	reliability_weighted	1.0	0.0933956147744116	0.05	0.0	5.213679388041506	5.750776714745537	0.016035031942853273	3.0	True	8.0	candidate_unreleased	False
holdout	noisy_anchor	7008	liana_baseline	target	0.7387282280809886	0.7555555555555555	0.8095238095238095													
holdout	noisy_anchor	7008	liana_baseline	reference	0.6304888886099768	0.7777777777777778	0.8095238095238095													
holdout	noisy_anchor	7008	equal_multiview_rc2	target	0.7342356989036548	0.7555555555555555	0.7142857142857143	all_equal	1.0	0.07380507719318485										
holdout	noisy_anchor	7008	equal_multiview_rc2	reference	0.6232592566687609	0.7777777777777778	0.7619047619047619	all_equal	1.0	0.07380507719318485										
holdout	noisy_anchor	7008	adaptive_multiview_rc4	target	0.7342356989036548	0.7555555555555555	0.7142857142857143	reliability_weighted	1.0	0.07847101572194903	0.05	0.0	4.673003790578564	5.07092437709869	0.005037750060888024	3.0	True	9.0	candidate_unreleased	False
holdout	noisy_anchor	7008	adaptive_multiview_rc4	reference	0.6232592566687609	0.7777777777777778	0.7619047619047619	reliability_weighted	1.0	0.07847101572194903	0.05	0.0	4.673003790578564	5.07092437709869	0.005037750060888024	3.0	True	9.0	candidate_unreleased	False
holdout	noisy_anchor	7009	liana_baseline	target	0.8225383229945672	0.8555555555555556	0.6666666666666666													
holdout	noisy_anchor	7009	liana_baseline	reference	0.8394780218420382	0.9500000000000001	0.5238095238095238													
holdout	noisy_anchor	7009	equal_multiview_rc2	target	0.8210133500432559	0.8555555555555556	0.7142857142857143	all_equal	1.0	0.10325634990476518										
holdout	noisy_anchor	7009	equal_multiview_rc2	reference	0.8394780218420382	0.9500000000000001	0.5238095238095238	all_equal	1.0	0.10325634990476518										
holdout	noisy_anchor	7009	adaptive_multiview_rc4	target	0.8164064615059392	0.8555555555555556	0.7142857142857143	reliability_weighted	1.0	0.10977743174944288	0.05	0.0	5.23946444596216	5.885566860272508	0.007271957648080418	3.0	True	9.0	candidate_unreleased	False
holdout	noisy_anchor	7009	adaptive_multiview_rc4	reference	0.8384466538149469	0.9500000000000001	0.6190476190476191	reliability_weighted	1.0	0.10977743174944288	0.05	0.0	5.23946444596216	5.885566860272508	0.007271957648080418	3.0	True	9.0	candidate_unreleased	False
holdout	noisy_anchor	7010	liana_baseline	target	0.7458465421394558	0.8622448979591837	0.5238095238095238													
holdout	noisy_anchor	7010	liana_baseline	reference	0.6436530730215815	0.8888888888888888	0.6190476190476191													
holdout	noisy_anchor	7010	equal_multiview_rc2	target	0.7639618314492224	0.8724489795918368	0.5714285714285714	all_equal	1.0	0.06747181400780433										
holdout	noisy_anchor	7010	equal_multiview_rc2	reference	0.6631718330871071	0.9055555555555556	0.47619047619047616	all_equal	1.0	0.06747181400780433										
holdout	noisy_anchor	7010	adaptive_multiview_rc4	target	0.7639618314492224	0.8724489795918368	0.5714285714285714	reliability_weighted	1.0	0.07600449367444417	0.05	0.0	4.876910211347313	5.278067023011048	0.009150050148415856	3.0	True	9.0	candidate_unreleased	False
holdout	noisy_anchor	7010	adaptive_multiview_rc4	reference	0.6631718330871071	0.9055555555555556	0.47619047619047616	reliability_weighted	1.0	0.07600449367444417	0.05	0.0	4.876910211347313	5.278067023011048	0.009150050148415856	3.0	True	9.0	candidate_unreleased	False
holdout	noisy_anchor	7011	liana_baseline	target	0.2749555089735312	0.5816326530612245	0.7619047619047619													
holdout	noisy_anchor	7011	liana_baseline	reference	0.8679090210132409	0.9333333333333333	0.5714285714285714													
holdout	noisy_anchor	7011	equal_multiview_rc2	target	0.2671299507655899	0.576530612244898	0.8571428571428571	all_equal	1.0	0.08519247975957933										
holdout	noisy_anchor	7011	equal_multiview_rc2	reference	0.8638004295376573	0.9	0.5238095238095238	all_equal	1.0	0.08519247975957933										
holdout	noisy_anchor	7011	adaptive_multiview_rc4	target	0.2671299507655899	0.576530612244898	0.8571428571428571	all_equal	1.0	0.08519247975957933	0.05	0.0	5.129648344492326	5.607352618990498	0.0048574501606237774	3.0	True	9.0	candidate_unreleased	False
holdout	noisy_anchor	7011	adaptive_multiview_rc4	reference	0.8638004295376573	0.9	0.5238095238095238	all_equal	1.0	0.08519247975957933	0.05	0.0	5.129648344492326	5.607352618990498	0.0048574501606237774	3.0	True	9.0	candidate_unreleased	False
holdout	noisy_anchor	7012	liana_baseline	target	0.7732913791401623	0.9777777777777777	0.2857142857142857													
holdout	noisy_anchor	7012	liana_baseline	reference	0.5322926006944606	0.7884615384615384	0.7142857142857143													
holdout	noisy_anchor	7012	equal_multiview_rc2	target	0.7653220281981447	0.9777777777777779	0.47619047619047616	all_equal	1.0	0.08717316504159378										
holdout	noisy_anchor	7012	equal_multiview_rc2	reference	0.4707366580114697	0.7548076923076923	0.6666666666666666	all_equal	1.0	0.08717316504159378										
holdout	noisy_anchor	7012	adaptive_multiview_rc4	target	0.7653220281981447	0.9777777777777779	0.47619047619047616	reliability_weighted	1.0	0.09895929992256425	0.05	0.0	4.807068906932507	5.335018614053046	0.012911687550801965	3.0	True	9.0	candidate_unreleased	False
holdout	noisy_anchor	7012	adaptive_multiview_rc4	reference	0.4707366580114697	0.7548076923076923	0.6666666666666666	reliability_weighted	1.0	0.09895929992256425	0.05	0.0	4.807068906932507	5.335018614053046	0.012911687550801965	3.0	True	9.0	candidate_unreleased	False
holdout	antagonistic_anchor	7001	liana_baseline	target	0.8797119952509443	0.9277777777777777	0.5238095238095238													
holdout	antagonistic_anchor	7001	liana_baseline	reference	0.7208247615266903	0.9999999999999999	0.5238095238095238													
holdout	antagonistic_anchor	7001	equal_multiview_rc2	target	0.8836451338288174	0.9277777777777778	0.5238095238095238	all_equal	1.0	0.09097268827409544										
holdout	antagonistic_anchor	7001	equal_multiview_rc2	reference	0.7120420373024043	1.0	0.5714285714285714	all_equal	1.0	0.09097268827409544										
holdout	antagonistic_anchor	7001	adaptive_multiview_rc4	target	0.8824107908664804	0.9277777777777778	0.5714285714285714	reliability_weighted	1.0	0.13943818221112303	0.05	0.0	4.865441904521195	5.6537970938827335	0.05331577314768421	3.0	True	9.0	candidate_unreleased	False
holdout	antagonistic_anchor	7001	adaptive_multiview_rc4	reference	0.7129296617618446	1.0	0.6666666666666666	reliability_weighted	1.0	0.13943818221112303	0.05	0.0	4.865441904521195	5.6537970938827335	0.05331577314768421	3.0	True	9.0	candidate_unreleased	False
holdout	antagonistic_anchor	7002	liana_baseline	target	0.676672428542712	0.9222222222222223	0.5714285714285714													
holdout	antagonistic_anchor	7002	liana_baseline	reference	0.7828672963426884	0.838888888888889	0.7142857142857143													
holdout	antagonistic_anchor	7002	equal_multiview_rc2	target	0.6782097715721628	0.9111111111111111	0.7142857142857143	all_equal	1.0	0.07848972719736014										
holdout	antagonistic_anchor	7002	equal_multiview_rc2	reference	0.8215124483909009	0.8722222222222222	0.8571428571428571	all_equal	1.0	0.07848972719736014										
holdout	antagonistic_anchor	7002	adaptive_multiview_rc4	target	0.6782097715721628	0.9111111111111111	0.7142857142857143	reliability_weighted	1.0	0.08726173731260645	0.05	0.0	5.076873676067507	5.562244822649996	0.009519166930790135	3.0	True	9.0	candidate_unreleased	False
holdout	antagonistic_anchor	7002	adaptive_multiview_rc4	reference	0.8215124483909009	0.8722222222222222	0.8571428571428571	reliability_weighted	1.0	0.08726173731260645	0.05	0.0	5.076873676067507	5.562244822649996	0.009519166930790135	3.0	True	9.0	candidate_unreleased	False
holdout	antagonistic_anchor	7003	liana_baseline	target	0.6154145993036955	0.826530612244898	0.7619047619047619													
holdout	antagonistic_anchor	7003	liana_baseline	reference	0.6862639539206996	0.7884615384615384	0.7142857142857143													
holdout	antagonistic_anchor	7003	equal_multiview_rc2	target	0.6173975196754474	0.8418367346938775	0.7619047619047619	all_equal	1.0	0.061090069971954764										
holdout	antagonistic_anchor	7003	equal_multiview_rc2	reference	0.7118825838315493	0.8028846153846153	0.7619047619047619	all_equal	1.0	0.061090069971954764										
holdout	antagonistic_anchor	7003	adaptive_multiview_rc4	target	0.6173975196754474	0.8418367346938775	0.7619047619047619	reliability_weighted	1.0	0.06945458249167491	0.05	0.0	5.083263809510243	5.462671368713464	0.008908748594735116	3.0	True	9.0	candidate_unreleased	False
holdout	antagonistic_anchor	7003	adaptive_multiview_rc4	reference	0.7118825838315493	0.8028846153846153	0.7619047619047619	reliability_weighted	1.0	0.06945458249167491	0.05	0.0	5.083263809510243	5.462671368713464	0.008908748594735116	3.0	True	9.0	candidate_unreleased	False
holdout	antagonistic_anchor	7004	liana_baseline	target	0.5532737644829618	0.7222222222222222	0.6190476190476191													
holdout	antagonistic_anchor	7004	liana_baseline	reference	0.8102095975922579	0.8444444444444446	0.7619047619047619													
holdout	antagonistic_anchor	7004	equal_multiview_rc2	target	0.5725550120343468	0.7333333333333333	0.6190476190476191	all_equal	1.0	0.06834761717350346										
holdout	antagonistic_anchor	7004	equal_multiview_rc2	reference	0.813991543984517	0.8500000000000001	0.7142857142857143	all_equal	1.0	0.06834761717350346										
holdout	antagonistic_anchor	7004	adaptive_multiview_rc4	target	0.5725550120343468	0.7333333333333333	0.6190476190476191	reliability_weighted	1.0	0.07333545336467184	0.05	0.0	4.850463131153492	5.2343247065675245	0.005353752411426327	3.0	True	9.0	candidate_unreleased	False
holdout	antagonistic_anchor	7004	adaptive_multiview_rc4	reference	0.813991543984517	0.8500000000000001	0.7142857142857143	reliability_weighted	1.0	0.07333545336467184	0.05	0.0	4.850463131153492	5.2343247065675245	0.005353752411426327	3.0	True	9.0	candidate_unreleased	False
holdout	antagonistic_anchor	7005	liana_baseline	target	0.6884034134575904	0.8277777777777777	0.7142857142857143													
holdout	antagonistic_anchor	7005	liana_baseline	reference	0.7066180644275046	0.8722222222222222	0.7142857142857143													
holdout	antagonistic_anchor	7005	equal_multiview_rc2	target	0.682505621243294	0.8388888888888889	0.7142857142857143	all_equal	1.0	0.07328574936478405										
holdout	antagonistic_anchor	7005	equal_multiview_rc2	reference	0.6995759590327063	0.85	0.7619047619047619	all_equal	1.0	0.07328574936478405										
holdout	antagonistic_anchor	7005	adaptive_multiview_rc4	target	0.682505621243294	0.8388888888888889	0.7142857142857143	all_equal	1.0	0.07328574936478405	0.05	0.0	4.743250594454961	5.11835292400403	0.004776123840143809	3.0	True	9.0	candidate_unreleased	False
holdout	antagonistic_anchor	7005	adaptive_multiview_rc4	reference	0.6995759590327063	0.85	0.7619047619047619	all_equal	1.0	0.07328574936478405	0.05	0.0	4.743250594454961	5.11835292400403	0.004776123840143809	3.0	True	9.0	candidate_unreleased	False
holdout	antagonistic_anchor	7006	liana_baseline	target	0.8859214057299328	0.9777777777777777	0.7142857142857143													
holdout	antagonistic_anchor	7006	liana_baseline	reference	0.5781701005894437	0.6444444444444444	0.6666666666666666													
holdout	antagonistic_anchor	7006	equal_multiview_rc2	target	0.899142711486135	0.9888888888888889	0.7142857142857143	all_equal	1.0	0.09173401429699024										
holdout	antagonistic_anchor	7006	equal_multiview_rc2	reference	0.5791467236845791	0.65	0.6666666666666666	all_equal	1.0	0.09173401429699024										
holdout	antagonistic_anchor	7006	adaptive_multiview_rc4	target	0.8952477519655399	0.9888888888888889	0.7619047619047619	reliability_weighted	1.0	0.10361075637708272	0.05	0.0	4.490523912020079	5.009569162020312	0.013076281911955312	3.0	True	9.0	candidate_unreleased	False
holdout	antagonistic_anchor	7006	adaptive_multiview_rc4	reference	0.579310179251104	0.6499999999999999	0.7142857142857143	reliability_weighted	1.0	0.10361075637708272	0.05	0.0	4.490523912020079	5.009569162020312	0.013076281911955312	3.0	True	9.0	candidate_unreleased	False
holdout	antagonistic_anchor	7007	liana_baseline	target	0.8905584704391173	0.9333333333333333	0.47619047619047616													
holdout	antagonistic_anchor	7007	liana_baseline	reference	0.5840305682542437	0.8666666666666667	0.6190476190476191													
holdout	antagonistic_anchor	7007	equal_multiview_rc2	target	0.893255677613029	0.9277777777777777	0.6190476190476191	all_equal	1.0	0.07862127757543436										
holdout	antagonistic_anchor	7007	equal_multiview_rc2	reference	0.5427476230419656	0.8388888888888889	0.5238095238095238	all_equal	1.0	0.07862127757543436										
holdout	antagonistic_anchor	7007	adaptive_multiview_rc4	target	0.8882429163314612	0.9166666666666666	0.5714285714285714	reliability_weighted	1.0	0.09339561473560654	0.05	0.0	5.213679388264666	5.750776714745537	0.0160350318501975	3.0	True	8.0	candidate_unreleased	False
holdout	antagonistic_anchor	7007	adaptive_multiview_rc4	reference	0.5617919264490279	0.85	0.5714285714285714	reliability_weighted	1.0	0.09339561473560654	0.05	0.0	5.213679388264666	5.750776714745537	0.0160350318501975	3.0	True	8.0	candidate_unreleased	False
holdout	antagonistic_anchor	7008	liana_baseline	target	0.7387282280809886	0.7555555555555555	0.8095238095238095													
holdout	antagonistic_anchor	7008	liana_baseline	reference	0.6304888886099768	0.7777777777777778	0.8095238095238095													
holdout	antagonistic_anchor	7008	equal_multiview_rc2	target	0.7342356989036548	0.7555555555555555	0.7142857142857143	all_equal	1.0	0.07380507721555862										
holdout	antagonistic_anchor	7008	equal_multiview_rc2	reference	0.6232592566687609	0.7777777777777778	0.7619047619047619	all_equal	1.0	0.07380507721555862										
holdout	antagonistic_anchor	7008	adaptive_multiview_rc4	target	0.7342356989036548	0.7555555555555555	0.7142857142857143	reliability_weighted	1.0	0.07847101574483917	0.05	0.0	4.67300379046249	5.07092437709869	0.005037750061567148	3.0	True	9.0	candidate_unreleased	False
holdout	antagonistic_anchor	7008	adaptive_multiview_rc4	reference	0.6232592566687609	0.7777777777777778	0.7619047619047619	reliability_weighted	1.0	0.07847101574483917	0.05	0.0	4.67300379046249	5.07092437709869	0.005037750061567148	3.0	True	9.0	candidate_unreleased	False
holdout	antagonistic_anchor	7009	liana_baseline	target	0.8225383229945672	0.8555555555555556	0.6666666666666666													
holdout	antagonistic_anchor	7009	liana_baseline	reference	0.8394780218420382	0.9500000000000001	0.5238095238095238													
holdout	antagonistic_anchor	7009	equal_multiview_rc2	target	0.8210133500432559	0.8555555555555556	0.7142857142857143	all_equal	1.0	0.10325634991042865										
holdout	antagonistic_anchor	7009	equal_multiview_rc2	reference	0.8394780218420382	0.9500000000000001	0.5238095238095238	all_equal	1.0	0.10325634991042865										
holdout	antagonistic_anchor	7009	adaptive_multiview_rc4	target	0.8164064615059392	0.8555555555555556	0.7142857142857143	reliability_weighted	1.0	0.1097774317549648	0.05	0.0	5.23946444592966	5.885566860272508	0.00727195764796873	3.0	True	9.0	candidate_unreleased	False
holdout	antagonistic_anchor	7009	adaptive_multiview_rc4	reference	0.8384466538149469	0.9500000000000001	0.6190476190476191	reliability_weighted	1.0	0.1097774317549648	0.05	0.0	5.23946444592966	5.885566860272508	0.00727195764796873	3.0	True	9.0	candidate_unreleased	False
holdout	antagonistic_anchor	7010	liana_baseline	target	0.7458465421394558	0.8622448979591837	0.5238095238095238													
holdout	antagonistic_anchor	7010	liana_baseline	reference	0.6436530730215815	0.8888888888888888	0.6190476190476191													
holdout	antagonistic_anchor	7010	equal_multiview_rc2	target	0.7639618314492224	0.8724489795918368	0.5714285714285714	all_equal	1.0	0.0674718139698065										
holdout	antagonistic_anchor	7010	equal_multiview_rc2	reference	0.6631718330871071	0.9055555555555556	0.47619047619047616	all_equal	1.0	0.0674718139698065										
holdout	antagonistic_anchor	7010	adaptive_multiview_rc4	target	0.7639618314492224	0.8724489795918368	0.5714285714285714	reliability_weighted	1.0	0.07600449369895967	0.05	0.0	4.876910211217918	5.278067023011048	0.00915005021507942	3.0	True	9.0	candidate_unreleased	False
holdout	antagonistic_anchor	7010	adaptive_multiview_rc4	reference	0.6631718330871071	0.9055555555555556	0.47619047619047616	reliability_weighted	1.0	0.07600449369895967	0.05	0.0	4.876910211217918	5.278067023011048	0.00915005021507942	3.0	True	9.0	candidate_unreleased	False
holdout	antagonistic_anchor	7011	liana_baseline	target	0.2749555089735312	0.5816326530612245	0.7619047619047619													
holdout	antagonistic_anchor	7011	liana_baseline	reference	0.8679090210132409	0.9333333333333333	0.5714285714285714													
holdout	antagonistic_anchor	7011	equal_multiview_rc2	target	0.2671299507655899	0.576530612244898	0.8571428571428571	all_equal	1.0	0.08519247986009348										
holdout	antagonistic_anchor	7011	equal_multiview_rc2	reference	0.8638004295376573	0.9	0.5238095238095238	all_equal	1.0	0.08519247986009348										
holdout	antagonistic_anchor	7011	adaptive_multiview_rc4	target	0.2671299507655899	0.576530612244898	0.8571428571428571	all_equal	1.0	0.08519247986009348	0.05	0.0	5.129648343928707	5.607352618990498	0.00485744989737813	3.0	True	9.0	candidate_unreleased	False
holdout	antagonistic_anchor	7011	adaptive_multiview_rc4	reference	0.8638004295376573	0.9	0.5238095238095238	all_equal	1.0	0.08519247986009348	0.05	0.0	5.129648343928707	5.607352618990498	0.00485744989737813	3.0	True	9.0	candidate_unreleased	False
holdout	antagonistic_anchor	7012	liana_baseline	target	0.7732913791401623	0.9777777777777777	0.2857142857142857													
holdout	antagonistic_anchor	7012	liana_baseline	reference	0.5322926006944606	0.7884615384615384	0.7142857142857143													
holdout	antagonistic_anchor	7012	equal_multiview_rc2	target	0.7653220281981447	0.9777777777777779	0.47619047619047616	all_equal	1.0	0.08717316506761874										
holdout	antagonistic_anchor	7012	equal_multiview_rc2	reference	0.4707366580114697	0.7548076923076923	0.6666666666666666	all_equal	1.0	0.08717316506761874										
holdout	antagonistic_anchor	7012	adaptive_multiview_rc4	target	0.7653220281981447	0.9777777777777779	0.47619047619047616	reliability_weighted	1.0	0.09895929995356856	0.05	0.0	4.807068906767099	5.335018614053046	0.012911687556624862	3.0	True	9.0	candidate_unreleased	False
holdout	antagonistic_anchor	7012	adaptive_multiview_rc4	reference	0.4707366580114697	0.7548076923076923	0.6666666666666666	reliability_weighted	1.0	0.09895929995356856	0.05	0.0	4.807068906767099	5.335018614053046	0.012911687556624862	3.0	True	9.0	candidate_unreleased	False
holdout	wrong_topology	7001	liana_baseline	target	0.8797119952509443	0.9277777777777777	0.5238095238095238													
holdout	wrong_topology	7001	liana_baseline	reference	0.7208247615266903	0.9999999999999999	0.5238095238095238													
holdout	wrong_topology	7001	equal_multiview_rc2	target	0.8797119952509443	0.9277777777777777	0.5238095238095238	all_equal	0.0	-0.00038792128129094827										
holdout	wrong_topology	7001	equal_multiview_rc2	reference	0.7208247615266903	0.9999999999999999	0.5238095238095238	all_equal	0.0	-0.00038792128129094827										
holdout	wrong_topology	7001	adaptive_multiview_rc4	target	0.8797119952509443	0.9277777777777777	0.5238095238095238	all_equal	0.0	-0.00038792128129094827	1.0	0.0	5.655990322095551	5.6537970938827335	0.0	3.0	True	13.0	candidate_unreleased	False
holdout	wrong_topology	7001	adaptive_multiview_rc4	reference	0.7208247615266903	0.9999999999999999	0.5238095238095238	all_equal	0.0	-0.00038792128129094827	1.0	0.0	5.655990322095551	5.6537970938827335	0.0	3.0	True	13.0	candidate_unreleased	False
holdout	wrong_topology	7002	liana_baseline	target	0.676672428542712	0.9222222222222223	0.5714285714285714													
holdout	wrong_topology	7002	liana_baseline	reference	0.7828672963426884	0.838888888888889	0.7142857142857143													
holdout	wrong_topology	7002	equal_multiview_rc2	target	0.676672428542712	0.9222222222222223	0.5714285714285714	all_equal	0.0	0.0014274570919889928										
holdout	wrong_topology	7002	equal_multiview_rc2	reference	0.7828672963426884	0.838888888888889	0.7142857142857143	all_equal	0.0	0.0014274570919889928										
holdout	wrong_topology	7002	adaptive_multiview_rc4	target	0.676672428542712	0.9222222222222223	0.5714285714285714	all_equal	0.0	0.0014274570919889928	1.0	0.25	5.554304956830525	5.562244822649996	0.0	3.0	True	57.0	candidate_unreleased	False
holdout	wrong_topology	7002	adaptive_multiview_rc4	reference	0.7828672963426884	0.838888888888889	0.7142857142857143	all_equal	0.0	0.0014274570919889928	1.0	0.25	5.554304956830525	5.562244822649996	0.0	3.0	True	57.0	candidate_unreleased	False
holdout	wrong_topology	7003	liana_baseline	target	0.6154145993036955	0.826530612244898	0.7619047619047619													
holdout	wrong_topology	7003	liana_baseline	reference	0.6862639539206996	0.7884615384615384	0.7142857142857143													
holdout	wrong_topology	7003	equal_multiview_rc2	target	0.6154145993036955	0.826530612244898	0.7619047619047619	all_equal	0.0	-0.0006280949064287888										
holdout	wrong_topology	7003	equal_multiview_rc2	reference	0.6862639539206996	0.7884615384615384	0.7142857142857143	all_equal	0.0	-0.0006280949064287888										
holdout	wrong_topology	7003	adaptive_multiview_rc4	target	0.6154145993036955	0.826530612244898	0.7619047619047619	all_equal	0.0	-0.0006280949064287888	1.0	0.0	5.466102444775647	5.462671368713464	0.0	3.0	True	13.0	candidate_unreleased	False
holdout	wrong_topology	7003	adaptive_multiview_rc4	reference	0.6862639539206996	0.7884615384615384	0.7142857142857143	all_equal	0.0	-0.0006280949064287888	1.0	0.0	5.466102444775647	5.462671368713464	0.0	3.0	True	13.0	candidate_unreleased	False
holdout	wrong_topology	7004	liana_baseline	target	0.5532737644829618	0.7222222222222222	0.6190476190476191													
holdout	wrong_topology	7004	liana_baseline	reference	0.8102095975922579	0.8444444444444446	0.7619047619047619													
holdout	wrong_topology	7004	equal_multiview_rc2	target	0.5532737644829618	0.7222222222222222	0.6190476190476191	all_equal	0.0	0.000551894642722095										
holdout	wrong_topology	7004	equal_multiview_rc2	reference	0.8102095975922579	0.8444444444444446	0.7619047619047619	all_equal	0.0	0.000551894642722095										
holdout	wrong_topology	7004	adaptive_multiview_rc4	target	0.5532737644829618	0.7222222222222222	0.6190476190476191	all_equal	0.0	0.000551894642722095	1.0	0.1	5.231435910803702	5.2343247065675245	0.0	3.0	True	62.0	candidate_unreleased	False
holdout	wrong_topology	7004	adaptive_multiview_rc4	reference	0.8102095975922579	0.8444444444444446	0.7619047619047619	all_equal	0.0	0.000551894642722095	1.0	0.1	5.231435910803702	5.2343247065675245	0.0	3.0	True	62.0	candidate_unreleased	False
holdout	wrong_topology	7005	liana_baseline	target	0.6884034134575904	0.8277777777777777	0.7142857142857143													
holdout	wrong_topology	7005	liana_baseline	reference	0.7066180644275046	0.8722222222222222	0.7142857142857143													
holdout	wrong_topology	7005	equal_multiview_rc2	target	0.6884034134575904	0.8277777777777777	0.7142857142857143	all_equal	0.0	-0.000438700158534866										
holdout	wrong_topology	7005	equal_multiview_rc2	reference	0.7066180644275046	0.8722222222222222	0.7142857142857143	all_equal	0.0	-0.000438700158534866										
holdout	wrong_topology	7005	adaptive_multiview_rc4	target	0.6884034134575904	0.8277777777777777	0.7142857142857143	all_equal	0.0	-0.000438700158534866	1.0	0.0	5.120598346243228	5.11835292400403	3.1220499643325184e-06	3.0	True	13.0	candidate_unreleased	False
holdout	wrong_topology	7005	adaptive_multiview_rc4	reference	0.7066180644275046	0.8722222222222222	0.7142857142857143	all_equal	0.0	-0.000438700158534866	1.0	0.0	5.120598346243228	5.11835292400403	3.1220499643325184e-06	3.0	True	13.0	candidate_unreleased	False
holdout	wrong_topology	7006	liana_baseline	target	0.8859214057299328	0.9777777777777777	0.7142857142857143													
holdout	wrong_topology	7006	liana_baseline	reference	0.5781701005894437	0.6444444444444444	0.6666666666666666													
holdout	wrong_topology	7006	equal_multiview_rc2	target	0.8859214057299328	0.9777777777777777	0.7142857142857143	all_equal	0.0	7.413257686705865e-05										
holdout	wrong_topology	7006	equal_multiview_rc2	reference	0.5781701005894437	0.6444444444444444	0.6666666666666666	all_equal	0.0	7.413257686705865e-05										
holdout	wrong_topology	7006	adaptive_multiview_rc4	target	0.8859214057299328	0.9777777777777777	0.7142857142857143	all_equal	0.0	7.413257686705865e-05	1.0	0.1	5.009197789749337	5.009569162020312	0.0	3.0	True	65.0	candidate_unreleased	False
holdout	wrong_topology	7006	adaptive_multiview_rc4	reference	0.5781701005894437	0.6444444444444444	0.6666666666666666	all_equal	0.0	7.413257686705865e-05	1.0	0.1	5.009197789749337	5.009569162020312	0.0	3.0	True	65.0	candidate_unreleased	False
holdout	wrong_topology	7007	liana_baseline	target	0.8905584704391173	0.9333333333333333	0.47619047619047616													
holdout	wrong_topology	7007	liana_baseline	reference	0.5840305682542437	0.8666666666666667	0.6190476190476191													
holdout	wrong_topology	7007	equal_multiview_rc2	target	0.8905584704391173	0.9333333333333333	0.47619047619047616	all_equal	0.0	-0.00021118103240591601										
holdout	wrong_topology	7007	equal_multiview_rc2	reference	0.5840305682542437	0.8666666666666667	0.6190476190476191	all_equal	0.0	-0.00021118103240591601										
holdout	wrong_topology	7007	adaptive_multiview_rc4	target	0.8905584704391173	0.9333333333333333	0.47619047619047616	all_equal	0.0	-0.00021118103240591601	1.0	0.0	5.751991169709292	5.750776714745537	0.0	3.0	True	13.0	candidate_unreleased	False
holdout	wrong_topology	7007	adaptive_multiview_rc4	reference	0.5840305682542437	0.8666666666666667	0.6190476190476191	all_equal	0.0	-0.00021118103240591601	1.0	0.0	5.751991169709292	5.750776714745537	0.0	3.0	True	13.0	candidate_unreleased	False
holdout	wrong_topology	7008	liana_baseline	target	0.7387282280809886	0.7555555555555555	0.8095238095238095													
holdout	wrong_topology	7008	liana_baseline	reference	0.6304888886099768	0.7777777777777778	0.8095238095238095													
holdout	wrong_topology	7008	equal_multiview_rc2	target	0.7387282280809886	0.7555555555555555	0.8095238095238095	all_equal	0.0	0.0014339919748410646										
holdout	wrong_topology	7008	equal_multiview_rc2	reference	0.6304888886099768	0.7777777777777778	0.8095238095238095	all_equal	0.0	0.0014339919748410646										
holdout	wrong_topology	7008	adaptive_multiview_rc4	target	0.7387282280809886	0.7555555555555555	0.8095238095238095	all_equal	0.0	0.0014339919748410646	1.0	0.25	5.063652712236904	5.07092437709869	8.393970592379674e-06	3.0	True	61.0	candidate_unreleased	False
holdout	wrong_topology	7008	adaptive_multiview_rc4	reference	0.6304888886099768	0.7777777777777778	0.8095238095238095	all_equal	0.0	0.0014339919748410646	1.0	0.25	5.063652712236904	5.07092437709869	8.393970592379674e-06	3.0	True	61.0	candidate_unreleased	False
holdout	wrong_topology	7009	liana_baseline	target	0.8225383229945672	0.8555555555555556	0.6666666666666666													
holdout	wrong_topology	7009	liana_baseline	reference	0.8394780218420382	0.9500000000000001	0.5238095238095238													
holdout	wrong_topology	7009	equal_multiview_rc2	target	0.8225383229945672	0.8555555555555556	0.6666666666666666	all_equal	0.0	0.0028461616054114014										
holdout	wrong_topology	7009	equal_multiview_rc2	reference	0.8394780218420382	0.9500000000000001	0.5238095238095238	all_equal	0.0	0.0028461616054114014										
holdout	wrong_topology	7009	adaptive_multiview_rc4	target	0.8225383229945672	0.8555555555555556	0.6666666666666666	all_equal	0.0	0.0028461616054114014	0.05	0.0	5.8688155858487185	5.885566860272508	0.0	3.0	True	7.0	candidate_unreleased	False
holdout	wrong_topology	7009	adaptive_multiview_rc4	reference	0.8394780218420382	0.9500000000000001	0.5238095238095238	all_equal	0.0	0.0028461616054114014	0.05	0.0	5.8688155858487185	5.885566860272508	0.0	3.0	True	7.0	candidate_unreleased	False
holdout	wrong_topology	7010	liana_baseline	target	0.7458465421394558	0.8622448979591837	0.5238095238095238													
holdout	wrong_topology	7010	liana_baseline	reference	0.6436530730215815	0.8888888888888888	0.6190476190476191													
holdout	wrong_topology	7010	equal_multiview_rc2	target	0.7458465421394558	0.8622448979591837	0.5238095238095238	all_equal	0.0	0.0016743454238536959										
holdout	wrong_topology	7010	equal_multiview_rc2	reference	0.6436530730215815	0.8888888888888888	0.6190476190476191	all_equal	0.0	0.0016743454238536959										
holdout	wrong_topology	7010	adaptive_multiview_rc4	target	0.7458465421394558	0.8622448979591837	0.5238095238095238	all_equal	0.0	0.0016743454238536959	0.05	0.0	5.2692297156442764	5.278067023011048	0.0	3.0	True	7.0	candidate_unreleased	False
holdout	wrong_topology	7010	adaptive_multiview_rc4	reference	0.6436530730215815	0.8888888888888888	0.6190476190476191	all_equal	0.0	0.0016743454238536959	0.05	0.0	5.2692297156442764	5.278067023011048	0.0	3.0	True	7.0	candidate_unreleased	False
holdout	wrong_topology	7011	liana_baseline	target	0.2749555089735312	0.5816326530612245	0.7619047619047619													
holdout	wrong_topology	7011	liana_baseline	reference	0.8679090210132409	0.9333333333333333	0.5714285714285714													
holdout	wrong_topology	7011	equal_multiview_rc2	target	0.2749555089735312	0.5816326530612245	0.7619047619047619	all_equal	0.0	0.0005451242150656954										
holdout	wrong_topology	7011	equal_multiview_rc2	reference	0.8679090210132409	0.9333333333333333	0.5714285714285714	all_equal	0.0	0.0005451242150656954										
holdout	wrong_topology	7011	adaptive_multiview_rc4	target	0.2749555089735312	0.5816326530612245	0.7619047619047619	all_equal	0.0	0.0005451242150656954	0.25	0.0	5.604295915295474	5.607352618990498	2.811911095412789e-06	3.0	True	10.0	candidate_unreleased	False
holdout	wrong_topology	7011	adaptive_multiview_rc4	reference	0.8679090210132409	0.9333333333333333	0.5714285714285714	all_equal	0.0	0.0005451242150656954	0.25	0.0	5.604295915295474	5.607352618990498	2.811911095412789e-06	3.0	True	10.0	candidate_unreleased	False
holdout	wrong_topology	7012	liana_baseline	target	0.7732913791401623	0.9777777777777777	0.2857142857142857													
holdout	wrong_topology	7012	liana_baseline	reference	0.5322926006944606	0.7884615384615384	0.7142857142857143													
holdout	wrong_topology	7012	equal_multiview_rc2	target	0.7732913791401623	0.9777777777777777	0.2857142857142857	all_equal	0.0	0.00023211056177430134										
holdout	wrong_topology	7012	equal_multiview_rc2	reference	0.5322926006944606	0.7884615384615384	0.7142857142857143	all_equal	0.0	0.00023211056177430134										
holdout	wrong_topology	7012	adaptive_multiview_rc4	target	0.7732913791401623	0.9777777777777777	0.2857142857142857	all_equal	0.0	0.00023211056177430134	0.25	0.0	5.333780299885461	5.335018614053046	3.239265389298751e-05	3.0	True	10.0	candidate_unreleased	False
holdout	wrong_topology	7012	adaptive_multiview_rc4	reference	0.5322926006944606	0.7884615384615384	0.7142857142857143	all_equal	0.0	0.00023211056177430134	0.25	0.0	5.333780299885461	5.335018614053046	3.239265389298751e-05	3.0	True	10.0	candidate_unreleased	False
holdout	global_null	7001	liana_baseline	target			0.8571428571428571													
holdout	global_null	7001	liana_baseline	reference			0.8571428571428571													
holdout	global_null	7001	equal_multiview_rc2	target			0.8571428571428571	all_equal	0.0	-0.0005175067227349839										
holdout	global_null	7001	equal_multiview_rc2	reference			0.8571428571428571	all_equal	0.0	-0.0005175067227349839										
holdout	global_null	7001	adaptive_multiview_rc4	target			0.8571428571428571	all_equal	0.0	-0.0005175067227349839	1.0	0.0	3.2321965203132783	3.2305247020619996	5.097536917020307e-07	3.0	True	21.0	candidate_unreleased	False
holdout	global_null	7001	adaptive_multiview_rc4	reference			0.8571428571428571	all_equal	0.0	-0.0005175067227349839	1.0	0.0	3.2321965203132783	3.2305247020619996	5.097536917020307e-07	3.0	True	21.0	candidate_unreleased	False
holdout	global_null	7002	liana_baseline	target			0.9047619047619048													
holdout	global_null	7002	liana_baseline	reference			0.9523809523809523													
holdout	global_null	7002	equal_multiview_rc2	target			0.9047619047619048	all_equal	0.0	0.0014061465666618256										
holdout	global_null	7002	equal_multiview_rc2	reference			0.9523809523809523	all_equal	0.0	0.0014061465666618256										
holdout	global_null	7002	adaptive_multiview_rc4	target			0.9047619047619048	all_equal	0.0	0.0014061465666618256	1.0	0.1	3.4148548861672197	3.419663434164309	0.0	3.0	True	52.0	candidate_unreleased	False
holdout	global_null	7002	adaptive_multiview_rc4	reference			0.9523809523809523	all_equal	0.0	0.0014061465666618256	1.0	0.1	3.4148548861672197	3.419663434164309	0.0	3.0	True	52.0	candidate_unreleased	False
holdout	global_null	7003	liana_baseline	target			1.0													
holdout	global_null	7003	liana_baseline	reference			0.9523809523809523													
holdout	global_null	7003	equal_multiview_rc2	target			1.0	all_equal	0.0	0.0003128619327501525										
holdout	global_null	7003	equal_multiview_rc2	reference			0.9523809523809523	all_equal	0.0	0.0003128619327501525										
holdout	global_null	7003	adaptive_multiview_rc4	target			1.0	all_equal	0.0	0.0003128619327501525	1.0	0.25	3.4804088878318336	3.4814981160612906	0.0	3.0	True	60.0	candidate_unreleased	False
holdout	global_null	7003	adaptive_multiview_rc4	reference			0.9523809523809523	all_equal	0.0	0.0003128619327501525	1.0	0.25	3.4804088878318336	3.4814981160612906	0.0	3.0	True	60.0	candidate_unreleased	False
holdout	global_null	7004	liana_baseline	target			0.9523809523809523													
holdout	global_null	7004	liana_baseline	reference			1.0													
holdout	global_null	7004	equal_multiview_rc2	target			0.9523809523809523	all_equal	0.0	4.874324068326885e-05										
holdout	global_null	7004	equal_multiview_rc2	reference			1.0	all_equal	0.0	4.874324068326885e-05										
holdout	global_null	7004	adaptive_multiview_rc4	target			0.9523809523809523	all_equal	0.0	4.874324068326885e-05	1.0	0.0	3.282284105663706	3.28244410262663	4.837749326247476e-06	3.0	True	23.0	candidate_unreleased	False
holdout	global_null	7004	adaptive_multiview_rc4	reference			1.0	all_equal	0.0	4.874324068326885e-05	1.0	0.0	3.282284105663706	3.28244410262663	4.837749326247476e-06	3.0	True	23.0	candidate_unreleased	False
holdout	global_null	7005	liana_baseline	target			1.0													
holdout	global_null	7005	liana_baseline	reference			0.8095238095238095													
holdout	global_null	7005	equal_multiview_rc2	target			1.0	all_equal	0.0	0.0002788816072514244										
holdout	global_null	7005	equal_multiview_rc2	reference			0.8095238095238095	all_equal	0.0	0.0002788816072514244										
holdout	global_null	7005	adaptive_multiview_rc4	target			1.0	all_equal	0.0	0.0002788816072514244	1.0	0.0	3.2033139282840035	3.2042075228279367	0.0	3.0	True	23.0	candidate_unreleased	False
holdout	global_null	7005	adaptive_multiview_rc4	reference			0.8095238095238095	all_equal	0.0	0.0002788816072514244	1.0	0.0	3.2033139282840035	3.2042075228279367	0.0	3.0	True	23.0	candidate_unreleased	False
holdout	global_null	7006	liana_baseline	target			0.8571428571428571													
holdout	global_null	7006	liana_baseline	reference			0.9523809523809523													
holdout	global_null	7006	equal_multiview_rc2	target			0.8571428571428571	all_equal	0.0	-0.0006440248265202619										
holdout	global_null	7006	equal_multiview_rc2	reference			0.9523809523809523	all_equal	0.0	-0.0006440248265202619										
holdout	global_null	7006	adaptive_multiview_rc4	target			0.8571428571428571	all_equal	0.0	-0.0006440248265202619	1.0	0.1	3.104928031278977	3.102929667538136	0.0	3.0	True	52.0	candidate_unreleased	False
holdout	global_null	7006	adaptive_multiview_rc4	reference			0.9523809523809523	all_equal	0.0	-0.0006440248265202619	1.0	0.1	3.104928031278977	3.102929667538136	0.0	3.0	True	52.0	candidate_unreleased	False
holdout	global_null	7007	liana_baseline	target			0.9523809523809523													
holdout	global_null	7007	liana_baseline	reference			0.8571428571428571													
holdout	global_null	7007	equal_multiview_rc2	target			0.9523809523809523	all_equal	0.0	0.0007205987149817572										
holdout	global_null	7007	equal_multiview_rc2	reference			0.8571428571428571	all_equal	0.0	0.0007205987149817572										
holdout	global_null	7007	adaptive_multiview_rc4	target			0.9523809523809523	all_equal	0.0	0.0007205987149817572	1.0	0.1	3.248218495369326	3.2505608453374464	1.1517566375851551e-05	3.0	True	59.0	candidate_unreleased	False
holdout	global_null	7007	adaptive_multiview_rc4	reference			0.8571428571428571	all_equal	0.0	0.0007205987149817572	1.0	0.1	3.248218495369326	3.2505608453374464	1.1517566375851551e-05	3.0	True	59.0	candidate_unreleased	False
holdout	global_null	7008	liana_baseline	target			0.9523809523809523													
holdout	global_null	7008	liana_baseline	reference			0.9523809523809523													
holdout	global_null	7008	equal_multiview_rc2	target			0.9523809523809523	all_equal	0.0	0.0025486011499169514										
holdout	global_null	7008	equal_multiview_rc2	reference			0.9523809523809523	all_equal	0.0	0.0025486011499169514										
holdout	global_null	7008	adaptive_multiview_rc4	target			0.9523809523809523	all_equal	0.0	0.0025486011499169514	1.0	0.25	3.1228659456406183	3.130845221372019	0.0	3.0	True	55.0	candidate_unreleased	False
holdout	global_null	7008	adaptive_multiview_rc4	reference			0.9523809523809523	all_equal	0.0	0.0025486011499169514	1.0	0.25	3.1228659456406183	3.130845221372019	0.0	3.0	True	55.0	candidate_unreleased	False
holdout	global_null	7009	liana_baseline	target			0.9047619047619048													
holdout	global_null	7009	liana_baseline	reference			0.8571428571428571													
holdout	global_null	7009	equal_multiview_rc2	target			0.9047619047619048	all_equal	0.0	2.7912291013176826e-05										
holdout	global_null	7009	equal_multiview_rc2	reference			0.8571428571428571	all_equal	0.0	2.7912291013176826e-05										
holdout	global_null	7009	adaptive_multiview_rc4	target			0.9047619047619048	all_equal	0.0	2.7912291013176826e-05	1.0	0.0	3.23739993668231	3.2374903024537844	0.0	3.0	True	22.0	candidate_unreleased	False
holdout	global_null	7009	adaptive_multiview_rc4	reference			0.8571428571428571	all_equal	0.0	2.7912291013176826e-05	1.0	0.0	3.23739993668231	3.2374903024537844	0.0	3.0	True	22.0	candidate_unreleased	False
holdout	global_null	7010	liana_baseline	target			0.9523809523809523													
holdout	global_null	7010	liana_baseline	reference			1.0													
holdout	global_null	7010	equal_multiview_rc2	target			0.9523809523809523	all_equal	0.0	0.00020920100659060914										
holdout	global_null	7010	equal_multiview_rc2	reference			1.0	all_equal	0.0	0.00020920100659060914										
holdout	global_null	7010	adaptive_multiview_rc4	target			0.9523809523809523	all_equal	0.0	0.00020920100659060914	1.0	0.0	3.177466623588377	3.1781314918955585	0.0	3.0	True	22.0	candidate_unreleased	False
holdout	global_null	7010	adaptive_multiview_rc4	reference			1.0	all_equal	0.0	0.00020920100659060914	1.0	0.0	3.177466623588377	3.1781314918955585	0.0	3.0	True	22.0	candidate_unreleased	False
holdout	global_null	7011	liana_baseline	target			1.0													
holdout	global_null	7011	liana_baseline	reference			1.0													
holdout	global_null	7011	equal_multiview_rc2	target			1.0	all_equal	0.0	-0.0015179485339420484										
holdout	global_null	7011	equal_multiview_rc2	reference			1.0	all_equal	0.0	-0.0015179485339420484										
holdout	global_null	7011	adaptive_multiview_rc4	target			1.0	all_equal	0.0	-0.0015179485339420484	1.0	0.1	3.17880334266979	3.173985396190889	0.0	3.0	True	49.0	candidate_unreleased	False
holdout	global_null	7011	adaptive_multiview_rc4	reference			1.0	all_equal	0.0	-0.0015179485339420484	1.0	0.1	3.17880334266979	3.173985396190889	0.0	3.0	True	49.0	candidate_unreleased	False
holdout	global_null	7012	liana_baseline	target			0.9523809523809523													
holdout	global_null	7012	liana_baseline	reference			1.0													
holdout	global_null	7012	equal_multiview_rc2	target			0.9523809523809523	all_equal	0.0	0.0001923827820345947										
holdout	global_null	7012	equal_multiview_rc2	reference			1.0	all_equal	0.0	0.0001923827820345947										
holdout	global_null	7012	adaptive_multiview_rc4	target			0.9523809523809523	all_equal	0.0	0.0001923827820345947	1.0	0.0	3.1697871535201565	3.1703970833312023	0.0	3.0	True	22.0	candidate_unreleased	False
holdout	global_null	7012	adaptive_multiview_rc4	reference			1.0	all_equal	0.0	0.0001923827820345947	1.0	0.0	3.1697871535201565	3.1703970833312023	0.0	3.0	True	22.0	candidate_unreleased	False
