split	scenario	seed	lambda_hypergraph	anchor_weight	cv_mse	cv_baseline_mse	cv_relative_improvement	converged	iterations
development	smooth_helpful_anchor	501	0.05	0.25	1.7656196240475541	3.3350151428190813	0.470581227239922	True	13
development	smooth_helpful_anchor	501	0.05	0.1	1.963396767454025	3.3350151428190813	0.4112780052343721	True	16
development	smooth_helpful_anchor	501	0.25	0.25	2.3309985638116393	3.3350151428190813	0.3010530795247751	True	28
development	smooth_helpful_anchor	501	0.25	0.1	2.7167693829010626	3.3350151428190813	0.18538019572391407	True	36
development	smooth_helpful_anchor	501	1.0	0.25	2.946196256435497	3.3350151428190813	0.1165868428576059	True	77
development	smooth_helpful_anchor	501	0.05	0.0	2.9781988942917073	3.3350151428190813	0.1069908930685568	True	22
development	smooth_helpful_anchor	501	0.25	0.0	3.105699087590506	3.3350151428190813	0.06876012413986676	True	43
development	smooth_helpful_anchor	501	1.0	0.1	3.111894063414266	3.3350151428190813	0.06690256860909227	True	96
development	smooth_helpful_anchor	501	1.0	0.0	3.236086462352327	3.3350151428190813	0.029663637563915324	True	114
development	smooth_helpful_anchor	502	0.05	0.25	1.6393548531473559	3.2017901113573815	0.48798803290314363	True	13
development	smooth_helpful_anchor	502	0.05	0.1	1.8367635076479776	3.2017901113573815	0.4263323191821303	True	16
development	smooth_helpful_anchor	502	0.25	0.25	2.20519206150774	3.2017901113573815	0.3112627671359567	True	30
development	smooth_helpful_anchor	502	0.25	0.1	2.5904404932499645	3.2017901113573815	0.1909399419839668	True	37
development	smooth_helpful_anchor	502	1.0	0.25	2.8190713903678057	3.2017901113573815	0.11953273252734364	True	81
development	smooth_helpful_anchor	502	0.05	0.0	2.8489363090568056	3.2017901113573815	0.11020516337062003	True	23
development	smooth_helpful_anchor	502	0.25	0.0	2.97864438594902	3.2017901113573815	0.06969405165467268	True	44
development	smooth_helpful_anchor	502	1.0	0.1	2.983984494644676	3.2017901113573815	0.06802620069944809	True	99
development	smooth_helpful_anchor	502	1.0	0.0	3.1075949727769334	3.2017901113573815	0.02941952323680408	True	118
development	smooth_helpful_anchor	503	0.05	0.25	1.8277291951625014	3.426375907977008	0.46657073121856485	True	14
development	smooth_helpful_anchor	503	0.05	0.1	2.0580872729217643	3.426375907977008	0.3993399065962687	True	17
development	smooth_helpful_anchor	503	0.25	0.25	2.453988903489271	3.426375907977008	0.28379460707271065	True	30
development	smooth_helpful_anchor	503	0.25	0.1	2.8429930809885446	3.426375907977008	0.17026235376867993	True	38
development	smooth_helpful_anchor	503	1.0	0.25	3.0691857690772277	3.426375907977008	0.10424721294245598	True	84
development	smooth_helpful_anchor	503	0.05	0.0	3.1193916397038954	3.426375907977008	0.08959445096447738	True	24
development	smooth_helpful_anchor	503	1.0	0.1	3.226866980515585	3.426375907977008	0.058227390344691266	True	104
development	smooth_helpful_anchor	503	0.25	0.0	3.236126743783099	3.426375907977008	0.05552489548825812	True	46
development	smooth_helpful_anchor	503	1.0	0.0	3.3477595645755214	3.426375907977008	0.022944459543524864	True	123
development	smooth_helpful_anchor	504	0.05	0.25	1.7791782564077596	3.6569813129280013	0.5134844550290465	True	13
development	smooth_helpful_anchor	504	0.05	0.1	2.0939011167279773	3.6569813129280013	0.42742362140990187	True	17
development	smooth_helpful_anchor	504	0.25	0.25	2.5379523645737345	3.6569813129280013	0.3059979946843929	True	31
development	smooth_helpful_anchor	504	0.25	0.1	2.971280236375021	3.6569813129280013	0.18750467062243925	True	37
development	smooth_helpful_anchor	504	1.0	0.25	3.2325825000866324	3.6569813129280013	0.11605167664955052	True	84
development	smooth_helpful_anchor	504	0.05	0.0	3.240624686528182	3.6569813129280013	0.11385254415381718	True	22
development	smooth_helpful_anchor	504	0.25	0.0	3.3946271804725656	3.6569813129280013	0.07174062703792683	True	43
development	smooth_helpful_anchor	504	1.0	0.1	3.412861967503654	3.6569813129280013	0.06675433220327032	True	99
development	smooth_helpful_anchor	504	1.0	0.0	3.5465111704274483	3.6569813129280013	0.03020801394582573	True	113
development	smooth_helpful_anchor	505	0.05	0.25	1.7594109315050015	3.8890459928270436	0.5475983223777607	True	13
development	smooth_helpful_anchor	505	0.05	0.1	2.0961765132981522	3.8890459928270436	0.4610049567003476	True	17
development	smooth_helpful_anchor	505	0.25	0.25	2.5920424078916957	3.8890459928270436	0.33350173469985733	True	30
development	smooth_helpful_anchor	505	0.25	0.1	3.101948634371393	3.8890459928270436	0.2023882874893671	True	37
development	smooth_helpful_anchor	505	1.0	0.25	3.391998990008156	3.8890459928270436	0.12780692327517884	True	82
development	smooth_helpful_anchor	505	0.05	0.0	3.4485159600795283	3.8890459928270436	0.11327457519402673	True	23
development	smooth_helpful_anchor	505	0.25	0.0	3.607573221644053	3.8890459928270436	0.07237578874154205	True	44
development	smooth_helpful_anchor	505	1.0	0.1	3.6076385950616383	3.8890459928270436	0.07235897911324085	True	100
development	smooth_helpful_anchor	505	1.0	0.0	3.7685846052551915	3.8890459928270436	0.0309745340615748	True	116
development	smooth_helpful_anchor	506	0.05	0.25	1.6360389447248307	3.17471032995298	0.4846651269915824	True	13
development	smooth_helpful_anchor	506	0.05	0.1	1.7565122601247645	3.17471032995298	0.4467173135286394	True	17
development	smooth_helpful_anchor	506	0.25	0.25	2.1203700008343573	3.17471032995298	0.33210599378817607	True	31
development	smooth_helpful_anchor	506	0.25	0.1	2.53319355751786	3.17471032995298	0.20207096262688673	True	37
development	smooth_helpful_anchor	506	1.0	0.25	2.767009726502727	3.17471032995298	0.12842135536072397	True	86
development	smooth_helpful_anchor	506	0.05	0.0	2.8354300000391963	3.17471032995298	0.10686969665002755	True	23
development	smooth_helpful_anchor	506	1.0	0.1	2.947494913382759	3.17471032995298	0.07157044043561178	True	101
development	smooth_helpful_anchor	506	0.25	0.0	2.95923362740289	3.17471032995298	0.06787287032681233	True	44
development	smooth_helpful_anchor	506	1.0	0.0	3.082966196058301	3.17471032995298	0.02889842674120069	True	116
development	smooth_helpful_anchor	507	0.05	0.25	1.7783083568142295	3.5919060072131836	0.5049123353330874	True	13
development	smooth_helpful_anchor	507	0.05	0.1	2.1016065960375068	3.5919060072131836	0.41490490235069954	True	17
development	smooth_helpful_anchor	507	0.25	0.25	2.5456864390589753	3.5919060072131836	0.29127142137161	True	30
development	smooth_helpful_anchor	507	0.25	0.1	2.9826808758112118	3.5919060072131836	0.16961054386683283	True	38
development	smooth_helpful_anchor	507	1.0	0.25	3.213570573474954	3.5919060072131836	0.10532999276107591	True	83
development	smooth_helpful_anchor	507	0.05	0.0	3.301734454676423	3.5919060072131836	0.08078484012500464	True	24
development	smooth_helpful_anchor	507	1.0	0.1	3.387364158734564	3.5919060072131836	0.05694521183679735	True	104
development	smooth_helpful_anchor	507	0.25	0.0	3.4124072872233144	3.5919060072131836	0.0499731116653398	True	46
development	smooth_helpful_anchor	507	1.0	0.0	3.517719614539243	3.5919060072131836	0.02065376781156336	True	123
development	smooth_helpful_anchor	508	0.05	0.25	1.785276866348528	3.7519445525747344	0.5241729078529693	True	13
development	smooth_helpful_anchor	508	0.05	0.1	2.0622304307542207	3.7519445525747344	0.45035690110637805	True	17
development	smooth_helpful_anchor	508	0.25	0.25	2.5309407861391273	3.7519445525747344	0.3254322523497063	True	31
development	smooth_helpful_anchor	508	0.25	0.1	3.015011212703504	3.7519445525747344	0.19641370749083087	True	38
development	smooth_helpful_anchor	508	1.0	0.25	3.291188255947473	3.7519445525747344	0.12280466573288562	True	85
development	smooth_helpful_anchor	508	0.05	0.0	3.3484960034077096	3.7519445525747344	0.10753052011127462	True	23
development	smooth_helpful_anchor	508	1.0	0.1	3.494192513066497	3.7519445525747344	0.06869825390446072	True	104
development	smooth_helpful_anchor	508	0.25	0.0	3.4990986532529975	3.7519445525747344	0.06739062792072015	True	45
development	smooth_helpful_anchor	508	1.0	0.0	3.6460575477156048	3.7519445525747344	0.0282219002374291	True	121
development	smooth_helpful_anchor	509	0.05	0.25	1.8014307296447167	3.4100775071001026	0.4717332008161198	True	13
development	smooth_helpful_anchor	509	0.05	0.1	2.0640299661990142	3.4100775071001026	0.3947263773619487	True	17
development	smooth_helpful_anchor	509	0.25	0.25	2.4506714328517734	3.4100775071001026	0.2813443601357316	True	30
development	smooth_helpful_anchor	509	0.25	0.1	2.830061803407432	3.4100775071001026	0.17008871572127715	True	38
development	smooth_helpful_anchor	509	1.0	0.25	3.0518642038429267	3.4100775071001026	0.10504550190174333	True	83
development	smooth_helpful_anchor	509	0.05	0.0	3.0824459251747545	3.4100775071001026	0.09607745901469644	True	24
development	smooth_helpful_anchor	509	0.25	0.0	3.2047190205180587	3.4100775071001026	0.06022106129683802	True	46
development	smooth_helpful_anchor	509	1.0	0.1	3.207497625693807	3.4100775071001026	0.05940623958971758	True	104
development	smooth_helpful_anchor	509	1.0	0.0	3.3241739949871243	3.4100775071001026	0.025191073204089642	True	123
development	smooth_helpful_anchor	510	0.05	0.25	1.7355486858858042	3.2898114336735595	0.4724473663988066	True	13
development	smooth_helpful_anchor	510	0.05	0.1	1.9165948580686167	3.2898114336735595	0.4174149805514975	True	16
development	smooth_helpful_anchor	510	0.25	0.25	2.2767408621068115	3.2898114336735595	0.30794183557065014	True	28
development	smooth_helpful_anchor	510	0.25	0.1	2.664554108300233	3.2898114336735595	0.1900587124761538	True	36
development	smooth_helpful_anchor	510	1.0	0.25	2.895132741869271	3.2898114336735595	0.11997000428792703	True	78
development	smooth_helpful_anchor	510	0.05	0.0	2.9297847776048433	3.2898114336735595	0.1094368669230058	True	22
development	smooth_helpful_anchor	510	0.25	0.0	3.0573459222416517	3.2898114336735595	0.07066226016860966	True	43
development	smooth_helpful_anchor	510	1.0	0.1	3.0635689646880886	3.2898114336735595	0.06877064948760236	True	97
development	smooth_helpful_anchor	510	1.0	0.0	3.189684654106372	3.2898114336735595	0.030435416006619365	True	115
development	smooth_helpful_anchor	511	0.05	0.25	1.7587767064709923	3.369239585044598	0.47799001463776536	True	13
development	smooth_helpful_anchor	511	0.05	0.1	1.9939626704762565	3.369239585044598	0.4081861440406106	True	17
development	smooth_helpful_anchor	511	0.25	0.25	2.3830602118051947	3.369239585044598	0.2927008745881007	True	31
development	smooth_helpful_anchor	511	0.25	0.1	2.772863522220105	3.369239585044598	0.17700613084082562	True	39
development	smooth_helpful_anchor	511	1.0	0.25	3.0003725631731015	3.369239585044598	0.10948079308720748	True	85
development	smooth_helpful_anchor	511	0.05	0.0	3.047271209451609	3.369239585044598	0.09556113997417826	True	24
development	smooth_helpful_anchor	511	1.0	0.1	3.1611281973151915	3.369239585044598	0.06176805848214906	True	107
development	smooth_helpful_anchor	511	0.25	0.0	3.1657018800686654	3.369239585044598	0.06041057628534252	True	47
development	smooth_helpful_anchor	511	1.0	0.0	3.283546128983227	3.369239585044598	0.02543406424456951	True	125
development	smooth_helpful_anchor	512	0.05	0.25	1.706764896574999	3.863374169186947	0.5582191054162919	True	13
development	smooth_helpful_anchor	512	0.05	0.1	2.024109580034693	3.863374169186947	0.476077260085665	True	17
development	smooth_helpful_anchor	512	0.25	0.25	2.5314233052597293	3.863374169186947	0.3447636199854618	True	30
development	smooth_helpful_anchor	512	0.25	0.1	3.044327830818856	3.863374169186947	0.21200285100535854	True	37
development	smooth_helpful_anchor	512	1.0	0.25	3.3532722965247177	3.863374169186947	0.13203532723561717	True	83
development	smooth_helpful_anchor	512	0.05	0.0	3.3747666960530345	3.863374169186947	0.12647169332727115	True	23
development	smooth_helpful_anchor	512	0.25	0.0	3.5533020552024417	3.863374169186947	0.08025940548485899	True	45
development	smooth_helpful_anchor	512	1.0	0.1	3.570101950416023	3.863374169186947	0.07591090221339958	True	101
development	smooth_helpful_anchor	512	1.0	0.0	3.731675916569931	3.863374169186947	0.034088919905143955	True	119
development	smooth_helpful_anchor	513	0.05	0.25	1.7270474929366948	3.4778064192573277	0.5034089639452966	True	13
development	smooth_helpful_anchor	513	0.05	0.1	1.9497261597934223	3.4778064192573277	0.43938048161697885	True	17
development	smooth_helpful_anchor	513	0.25	0.25	2.354525808890308	3.4778064192573277	0.322985374961408	True	32
development	smooth_helpful_anchor	513	0.25	0.1	2.7855744963229787	3.4778064192573277	0.19904268365867595	True	39
development	smooth_helpful_anchor	513	1.0	0.25	3.038995192110854	3.4778064192573277	0.12617471309406014	True	87
development	smooth_helpful_anchor	513	0.05	0.0	3.0829799947145906	3.4778064192573277	0.1135274299214879	True	24
development	smooth_helpful_anchor	513	0.25	0.0	3.221941762125849	3.4778064192573277	0.07357070126580467	True	46
development	smooth_helpful_anchor	513	1.0	0.1	3.226141202121087	3.4778064192573277	0.07236320450233191	True	105
development	smooth_helpful_anchor	513	1.0	0.0	3.3667315586295326	3.4778064192573277	0.03193819529826358	True	122
development	smooth_helpful_anchor	514	0.05	0.25	1.7487785497301849	3.668162471424639	0.523254882150573	True	13
development	smooth_helpful_anchor	514	0.05	0.1	2.0150619750792558	3.668162471424639	0.4506617439176168	True	17
development	smooth_helpful_anchor	514	0.25	0.25	2.476198281157428	3.668162471424639	0.3249485810818724	True	30
development	smooth_helpful_anchor	514	0.25	0.1	2.9462340178598216	3.668162471424639	0.19680929053407914	True	38
development	smooth_helpful_anchor	514	1.0	0.25	3.220688111143645	3.668162471424639	0.1219886970020726	True	84
development	smooth_helpful_anchor	514	0.05	0.0	3.2607549056056637	3.668162471424639	0.1110658453633725	True	24
development	smooth_helpful_anchor	514	0.25	0.0	3.416239421847047	3.668162471424639	0.06867826917158071	True	46
development	smooth_helpful_anchor	514	1.0	0.1	3.4171419741181395	3.668162471424639	0.06843221892758977	True	104
development	smooth_helpful_anchor	514	1.0	0.0	3.5641781063213696	3.668162471424639	0.028347807904725686	True	122
development	smooth_helpful_anchor	515	0.05	0.25	1.8320532504415716	4.243117756477147	0.5682294587170176	True	14
development	smooth_helpful_anchor	515	0.05	0.1	2.232203269396649	4.243117756477147	0.47392379907694615	True	17
development	smooth_helpful_anchor	515	0.25	0.25	2.8008235857919193	4.243117756477147	0.33991377413072177	True	32
development	smooth_helpful_anchor	515	0.25	0.1	3.3714370378831755	4.243117756477147	0.2054340154155151	True	39
development	smooth_helpful_anchor	515	1.0	0.25	3.6968126332134226	4.243117756477147	0.1287508748560623	True	89
development	smooth_helpful_anchor	515	0.05	0.0	3.748360148690503	4.243117756477147	0.11660237499451753	True	24
development	smooth_helpful_anchor	515	0.25	0.0	3.9343440670710277	4.243117756477147	0.07277047377126755	True	46
development	smooth_helpful_anchor	515	1.0	0.1	3.9357762695329646	4.243117756477147	0.07243293836826092	True	107
development	smooth_helpful_anchor	515	1.0	0.0	4.114474163842988	4.243117756477147	0.03031817640172363	True	124
development	smooth_helpful_anchor	516	0.05	0.25	1.7254638243237053	3.4729222191639075	0.503166579774682	True	13
development	smooth_helpful_anchor	516	0.05	0.1	1.9715136879545718	3.4729222191639075	0.4323185019590775	True	17
development	smooth_helpful_anchor	516	0.25	0.25	2.385483656909983	3.4729222191639075	0.31311918137795813	True	29
development	smooth_helpful_anchor	516	0.25	0.1	2.8101484973909745	3.4729222191639075	0.19084035862239757	True	38
development	smooth_helpful_anchor	516	1.0	0.25	3.0587673835810074	3.4729222191639075	0.11925255143854219	True	81
development	smooth_helpful_anchor	516	0.05	0.0	3.101424262107283	3.4729222191639075	0.10696984660545061	True	24
development	smooth_helpful_anchor	516	0.25	0.0	3.236596554948455	3.4729222191639075	0.06804807286249759	True	45
development	smooth_helpful_anchor	516	1.0	0.1	3.23757846576389	3.4729222191639075	0.06776533954643982	True	103
development	smooth_helpful_anchor	516	1.0	0.0	3.3723494697008425	3.4729222191639075	0.028959113713545093	True	121
development	smooth_noisy_anchor	501	0.05	0.0	2.978198894381174	3.3350151428190813	0.10699089304173037	True	24
development	smooth_noisy_anchor	501	0.25	0.0	3.1056990875316144	3.3350151428190813	0.0687601241575253	True	47
development	smooth_noisy_anchor	501	0.25	0.1	3.1572355476521268	3.3350151428190813	0.05330698289324043	True	39
development	smooth_noisy_anchor	501	1.0	0.0	3.2360864622494505	3.3350151428190813	0.02966363759476265	True	126
development	smooth_noisy_anchor	501	1.0	0.1	3.2453372647301095	3.3350151428190813	0.026889796372308927	True	107
development	smooth_noisy_anchor	501	1.0	0.25	3.269874376506465	3.3350151428190813	0.019532374973731947	True	85
development	smooth_noisy_anchor	501	0.25	0.25	3.2750139404570655	3.3350151428190813	0.017991283335312525	True	30
development	smooth_noisy_anchor	501	0.05	0.1	3.3576740964446334	3.3350151428190813	-0.006794258093352656	True	17
development	smooth_noisy_anchor	501	0.05	0.25	3.9464303952241946	3.3350151428190813	-0.18333207683377561	True	14
development	smooth_noisy_anchor	502	0.05	0.0	2.848936309295677	3.2017901113573815	0.11020516329601437	True	24
development	smooth_noisy_anchor	502	0.25	0.0	2.9786443889433922	3.2017901113573815	0.06969405071945445	True	46
development	smooth_noisy_anchor	502	0.25	0.1	3.00319947834177	3.2017901113573815	0.06202487549423408	True	38
development	smooth_noisy_anchor	502	0.25	0.25	3.0786466303224644	3.2017901113573815	0.038460822462441535	True	29
development	smooth_noisy_anchor	502	1.0	0.0	3.107594983471341	3.2017901113573815	0.029419519896670243	True	123
development	smooth_noisy_anchor	502	1.0	0.1	3.108128382174559	3.2017901113573815	0.029252925996175017	True	104
development	smooth_noisy_anchor	502	1.0	0.25	3.1159467280957265	3.2017901113573815	0.026811058900191975	True	82
development	smooth_noisy_anchor	502	0.05	0.1	3.1232382879831095	3.2017901113573815	0.02453372040085733	True	17
development	smooth_noisy_anchor	502	0.05	0.25	3.609505466072631	3.2017901113573815	-0.1273398132091803	True	13
development	smooth_noisy_anchor	503	0.05	0.0	3.1193916393233274	3.426375907977008	0.08959445107554742	True	25
development	smooth_noisy_anchor	503	0.25	0.0	3.236126743092524	3.426375907977008	0.0555248956898049	True	49
development	smooth_noisy_anchor	503	0.25	0.1	3.309203329592117	3.426375907977008	0.03419723390889473	True	41
development	smooth_noisy_anchor	503	1.0	0.0	3.34775956390111	3.426375907977008	0.022944459740354084	True	133
development	smooth_noisy_anchor	503	1.0	0.1	3.366793761409209	3.426375907977008	0.017389261472766204	True	112
development	smooth_noisy_anchor	503	1.0	0.25	3.42841501737207	3.426375907977008	-0.0005951213322259452	True	86
development	smooth_noisy_anchor	503	0.25	0.25	3.5002505827321873	3.426375907977008	-0.021560586677950466	True	30
development	smooth_noisy_anchor	503	0.05	0.1	3.6267391240105233	3.426375907977008	-0.05847671750406791	True	18
development	smooth_noisy_anchor	503	0.05	0.25	4.434389045332299	3.426375907977008	-0.29419222071008533	True	14
development	smooth_noisy_anchor	504	0.05	0.0	3.240624686423267	3.6569813129280013	0.11385254418250601	True	23
development	smooth_noisy_anchor	504	0.25	0.0	3.3946271801970394	3.6569813129280013	0.07174062711326934	True	45
development	smooth_noisy_anchor	504	0.25	0.1	3.446239036137219	3.6569813129280013	0.05762738684110191	True	38
development	smooth_noisy_anchor	504	1.0	0.0	3.546511170301895	3.6569813129280013	0.030208013980158155	True	120
development	smooth_noisy_anchor	504	0.25	0.25	3.5522671738784606	3.6569813129280013	0.02863403722610225	True	31
development	smooth_noisy_anchor	504	1.0	0.1	3.5535508579573167	3.6569813129280013	0.028283014355321323	True	103
development	smooth_noisy_anchor	504	1.0	0.25	3.5676802741108	3.6569813129280013	0.024419331458300886	True	85
development	smooth_noisy_anchor	504	0.05	0.1	3.6220854356614005	3.6569813129280013	0.009542262943274649	True	17
development	smooth_noisy_anchor	504	0.05	0.25	4.19638002088761	3.6569813129280013	-0.14749834954112284	True	13
development	smooth_noisy_anchor	505	0.05	0.0	3.4485159608187543	3.8890459928270436	0.11327457500394766	True	21
development	smooth_noisy_anchor	505	0.25	0.0	3.6075732252733324	3.8890459928270436	0.07237578780833642	True	41
development	smooth_noisy_anchor	505	0.25	0.1	3.657879416642253	3.8890459928270436	0.059440432592248627	True	34
development	smooth_noisy_anchor	505	0.25	0.25	3.7634394714209813	3.8890459928270436	0.032297515030095036	True	28
development	smooth_noisy_anchor	505	1.0	0.0	3.7685846178115137	3.8890459928270436	0.030974530832936664	True	108
development	smooth_noisy_anchor	505	1.0	0.1	3.774372361642576	3.8890459928270436	0.02948631396902268	True	92
development	smooth_noisy_anchor	505	1.0	0.25	3.7867630724561154	3.8890459928270436	0.026300259899106004	True	76
development	smooth_noisy_anchor	505	0.05	0.1	3.832559002244267	3.8890459928270436	0.014524639381216176	True	15
development	smooth_noisy_anchor	505	0.05	0.25	4.42042175406843	3.8890459928270436	-0.136633961702036	True	13
development	smooth_noisy_anchor	506	0.05	0.0	2.8354300002828143	3.17471032995298	0.10686969657329048	True	23
development	smooth_noisy_anchor	506	0.25	0.0	2.959233627348662	3.17471032995298	0.06787287034389355	True	44
development	smooth_noisy_anchor	506	0.25	0.1	2.984977545029542	3.17471032995298	0.05976380998711406	True	37
development	smooth_noisy_anchor	506	0.25	0.25	3.0610241610494833	3.17471032995298	0.03580993447839398	True	30
development	smooth_noisy_anchor	506	1.0	0.0	3.0829661963957484	3.17471032995298	0.02889842663490827	True	116
development	smooth_noisy_anchor	506	1.0	0.1	3.083494414452123	3.17471032995298	0.028732043563233778	True	100
development	smooth_noisy_anchor	506	1.0	0.25	3.0882037294717066	3.17471032995298	0.027248659402117736	True	83
development	smooth_noisy_anchor	506	0.05	0.1	3.1263848428738945	3.17471032995298	0.015222014627016778	True	16
development	smooth_noisy_anchor	506	0.05	0.25	3.6504182637905993	3.17471032995298	-0.1498429413699185	True	13
development	smooth_noisy_anchor	507	0.05	0.0	3.301734454744332	3.5919060072131836	0.08078484010609843	True	25
development	smooth_noisy_anchor	507	0.25	0.0	3.412407287371344	3.5919060072131836	0.049973111624127764	True	50
development	smooth_noisy_anchor	507	0.25	0.1	3.490820612298995	3.5919060072131836	0.028142550142234102	True	41
development	smooth_noisy_anchor	507	1.0	0.0	3.51771961488265	3.5919060072131836	0.020653767715957505	True	134
development	smooth_noisy_anchor	507	1.0	0.1	3.542497561984729	3.5919060072131836	0.013755495029445064	True	113
development	smooth_noisy_anchor	507	1.0	0.25	3.621108970957975	3.5919060072131836	-0.008130213787929552	True	89
development	smooth_noisy_anchor	507	0.25	0.25	3.7021583973281387	3.5919060072131836	-0.030694675721900433	True	32
development	smooth_noisy_anchor	507	0.05	0.1	3.8175420111347522	3.5919060072131836	-0.06281790321585579	True	18
development	smooth_noisy_anchor	507	0.05	0.25	4.640044002369869	3.5919060072131836	-0.2918055185886932	True	14
development	smooth_noisy_anchor	508	0.05	0.0	3.348496003304216	3.7519445525747344	0.10753052013885867	True	24
development	smooth_noisy_anchor	508	0.25	0.0	3.499098652854032	3.7519445525747344	0.06739062802705575	True	46
development	smooth_noisy_anchor	508	0.25	0.1	3.5560764862704834	3.7519445525747344	0.05220441388715047	True	39
development	smooth_noisy_anchor	508	1.0	0.0	3.6460575466605416	3.7519445525747344	0.02822190051863338	True	124
development	smooth_noisy_anchor	508	1.0	0.1	3.655097043153305	3.7519445525747344	0.025812617447922737	True	105
development	smooth_noisy_anchor	508	1.0	0.25	3.675424641786921	3.7519445525747344	0.020394733908128404	True	82
development	smooth_noisy_anchor	508	0.25	0.25	3.675699796614149	3.7519445525747344	0.020321397316029888	True	30
development	smooth_noisy_anchor	508	0.05	0.1	3.7600812248397877	3.7519445525747344	-0.002168654720515528	True	17
development	smooth_noisy_anchor	508	0.05	0.25	4.376753058352826	3.7519445525747344	-0.16652924823990878	True	13
development	smooth_noisy_anchor	509	0.05	0.0	3.0824459253620256	3.4100775071001026	0.09607745895977948	True	23
development	smooth_noisy_anchor	509	0.25	0.0	3.2047190208889926	3.4100775071001026	0.06022106118806225	True	45
development	smooth_noisy_anchor	509	0.25	0.1	3.2574843063418806	3.4100775071001026	0.044747722138429036	True	37
development	smooth_noisy_anchor	509	1.0	0.0	3.3241739951771168	3.4100775071001026	0.025191073148374654	True	120
development	smooth_noisy_anchor	509	1.0	0.1	3.3332966123253627	3.4100775071001026	0.022515879658123517	True	101
development	smooth_noisy_anchor	509	1.0	0.25	3.3515547623878326	3.4100775071001026	0.01716170514905313	True	82
development	smooth_noisy_anchor	509	0.25	0.25	3.3647165186754977	3.4100775071001026	0.013302040299717266	True	30
development	smooth_noisy_anchor	509	0.05	0.1	3.4507189030630125	3.4100775071001026	-0.011918027047271185	True	17
development	smooth_noisy_anchor	509	0.05	0.25	4.000697056549887	3.4100775071001026	-0.1731982772297871	True	13
development	smooth_noisy_anchor	510	0.05	0.0	2.9297847777027166	3.2898114336735595	0.10943686689325538	True	22
development	smooth_noisy_anchor	510	0.25	0.0	3.0573459222914083	3.2898114336735595	0.0706622601534852	True	42
development	smooth_noisy_anchor	510	0.25	0.1	3.087312810466267	3.2898114336735595	0.061553261422395034	True	35
development	smooth_noisy_anchor	510	0.25	0.25	3.165568216803949	3.2898114336735595	0.037766060266522516	True	27
development	smooth_noisy_anchor	510	1.0	0.0	3.1896846539533774	3.2898114336735595	0.030435416053124942	True	112
development	smooth_noisy_anchor	510	1.0	0.1	3.1914632559638987	3.2898114336735595	0.02989477655253958	True	94
development	smooth_noisy_anchor	510	1.0	0.25	3.1977775539378372	3.2898114336735595	0.027975427039279577	True	75
development	smooth_noisy_anchor	510	0.05	0.1	3.222338089872946	3.2898114336735595	0.020509790655469096	True	16
development	smooth_noisy_anchor	510	0.05	0.25	3.727238240980897	3.2898114336735595	-0.13296409722148894	True	12
development	smooth_noisy_anchor	511	0.05	0.0	3.0472712098504666	3.369239585044598	0.09556113985579617	True	25
development	smooth_noisy_anchor	511	0.25	0.0	3.165701880535522	3.369239585044598	0.06041057614677814	True	49
development	smooth_noisy_anchor	511	0.25	0.1	3.2126994314220045	3.369239585044598	0.04646156786161626	True	41
development	smooth_noisy_anchor	511	1.0	0.0	3.283546130124023	3.369239585044598	0.02543406390597802	True	132
development	smooth_noisy_anchor	511	1.0	0.1	3.2951896318922973	3.369239585044598	0.02197823909020724	True	112
development	smooth_noisy_anchor	511	1.0	0.25	3.3394455661937004	3.369239585044598	0.008842950493383572	True	87
development	smooth_noisy_anchor	511	0.25	0.25	3.3600860223769256	3.369239585044598	0.0027168037287413904	True	31
development	smooth_noisy_anchor	511	0.05	0.1	3.4497072841807066	3.369239585044598	-0.02388304455797363	True	18
development	smooth_noisy_anchor	511	0.05	0.25	4.15855144660419	3.369239585044598	-0.2342700308589496	True	14
development	smooth_noisy_anchor	512	0.05	0.0	3.374766696269241	3.863374169186947	0.12647169327130803	True	24
development	smooth_noisy_anchor	512	0.25	0.0	3.55330205526553	3.863374169186947	0.08025940546852917	True	47
development	smooth_noisy_anchor	512	0.25	0.1	3.613766087357552	3.863374169186947	0.06460882919914679	True	39
development	smooth_noisy_anchor	512	1.0	0.0	3.731675917935979	3.863374169186947	0.034088919551554686	True	125
development	smooth_noisy_anchor	512	1.0	0.1	3.741553817456183	3.863374169186947	0.03153211322433247	True	107
development	smooth_noisy_anchor	512	0.25	0.25	3.743339544457187	3.863374169186947	0.031069893692181827	True	31
development	smooth_noisy_anchor	512	1.0	0.25	3.764460774975854	3.863374169186947	0.025602851258880177	True	86
development	smooth_noisy_anchor	512	0.05	0.1	3.8132808800385463	3.863374169186947	0.01296620181082353	True	17
development	smooth_noisy_anchor	512	0.05	0.25	4.48057617817535	3.863374169186947	-0.15975724378731204	True	14
development	smooth_noisy_anchor	513	0.05	0.0	3.0829799952476122	3.4778064192573277	0.11352742976822416	True	24
development	smooth_noisy_anchor	513	0.25	0.0	3.221941764128542	3.4778064192573277	0.07357070068995519	True	46
development	smooth_noisy_anchor	513	0.25	0.1	3.2509598701595315	3.4778064192573277	0.06522690505190298	True	38
development	smooth_noisy_anchor	513	0.25	0.25	3.3356793312543846	3.4778064192573277	0.04086687724076765	True	29
development	smooth_noisy_anchor	513	1.0	0.0	3.3667315668537907	3.4778064192573277	0.031938192933480325	True	122
development	smooth_noisy_anchor	513	1.0	0.1	3.3687979592967494	3.4778064192573277	0.031344027475760594	True	103
development	smooth_noisy_anchor	513	0.05	0.1	3.378690819175441	3.4778064192573277	0.028499458605017014	True	17
development	smooth_noisy_anchor	513	1.0	0.25	3.379440836616638	3.4778064192573277	0.028283800413967608	True	81
development	smooth_noisy_anchor	513	0.05	0.25	3.9042698674892513	3.4778064192573277	-0.12262426277394511	True	13
development	smooth_noisy_anchor	514	0.05	0.0	3.260754905530409	3.668162471424639	0.1110658453838882	True	24
development	smooth_noisy_anchor	514	0.25	0.0	3.4162394216696983	3.668162471424639	0.06867826921992881	True	46
development	smooth_noisy_anchor	514	0.25	0.1	3.469060978586864	3.668162471424639	0.05427826449586037	True	39
development	smooth_noisy_anchor	514	1.0	0.0	3.564178106607565	3.668162471424639	0.028347807826704208	True	124
development	smooth_noisy_anchor	514	1.0	0.1	3.5726505530340074	3.668162471424639	0.026038082864289436	True	105
development	smooth_noisy_anchor	514	0.25	0.25	3.5873554483779797	3.668162471424639	0.02202929223450556	True	30
development	smooth_noisy_anchor	514	1.0	0.25	3.5929335635226662	3.668162471424639	0.02050860846214242	True	83
development	smooth_noisy_anchor	514	0.05	0.1	3.664640870936774	3.668162471424639	0.000960044849512065	True	17
development	smooth_noisy_anchor	514	0.05	0.25	4.296766611801764	3.668162471424639	-0.17136758398081198	True	13
development	smooth_noisy_anchor	515	0.05	0.0	3.7483601505315534	4.243117756477147	0.11660237456062661	True	23
development	smooth_noisy_anchor	515	0.25	0.0	3.934344074021879	4.243117756477147	0.07277047213312027	True	45
development	smooth_noisy_anchor	515	0.25	0.1	3.9853397672174466	4.243117756477147	0.06075202340689245	True	37
development	smooth_noisy_anchor	515	0.25	0.25	4.092228363684136	4.243117756477147	0.03556097225034072	True	28
development	smooth_noisy_anchor	515	1.0	0.0	4.114474189490944	4.243117756477147	0.03031817035712192	True	120
development	smooth_noisy_anchor	515	1.0	0.1	4.1182962571937605	4.243117756477147	0.0294174016483153	True	102
development	smooth_noisy_anchor	515	1.0	0.25	4.129858320498597	4.243117756477147	0.026692503597303907	True	78
development	smooth_noisy_anchor	515	0.05	0.1	4.14366490262792	4.243117756477147	0.0234386268675697	True	17
development	smooth_noisy_anchor	515	0.05	0.25	4.726043491301326	4.243117756477147	-0.1138138893475178	True	13
development	smooth_noisy_anchor	516	0.05	0.0	3.101424262304141	3.4729222191639075	0.10696984654876707	True	25
development	smooth_noisy_anchor	516	0.25	0.0	3.236596555293977	3.4729222191639075	0.06804807276300728	True	48
development	smooth_noisy_anchor	516	0.25	0.1	3.2893156643173147	3.4729222191639075	0.05286802964760762	True	40
development	smooth_noisy_anchor	516	1.0	0.0	3.3723494689966294	3.4729222191639075	0.02895911391631767	True	129
development	smooth_noisy_anchor	516	1.0	0.1	3.3824497215420957	3.4729222191639075	0.02605082749120502	True	109
development	smooth_noisy_anchor	516	1.0	0.25	3.4135237806375267	3.4729222191639075	0.017103302284921518	True	84
development	smooth_noisy_anchor	516	0.25	0.25	3.4182788403749407	3.4729222191639075	0.01573412110626593	True	30
development	smooth_noisy_anchor	516	0.05	0.1	3.4946435766301573	3.4729222191639075	-0.006254490050594752	True	18
development	smooth_noisy_anchor	516	0.05	0.25	4.1153535334743	3.4729222191639075	-0.18498292612641798	True	14
development	topology_jump	501	0.05	0.25	1.783932824504847	3.401100389254271	0.47548363166781027	True	12
development	topology_jump	501	0.05	0.1	2.033721475457314	3.401100389254271	0.40204015092208734	True	16
development	topology_jump	501	0.25	0.25	2.4151013638081906	3.401100389254271	0.2899058870950503	True	28
development	topology_jump	501	0.25	0.1	2.810590617540954	3.401100389254271	0.1736231525476356	True	35
development	topology_jump	501	1.0	0.25	3.026321718399108	3.401100389254271	0.1101933574319861	True	76
development	topology_jump	501	0.05	0.0	3.09666684730017	3.401100389254271	0.0895103075804391	True	22
development	topology_jump	501	1.0	0.1	3.1913484664048974	3.401100389254271	0.06167178231847603	True	93
development	topology_jump	501	0.25	0.0	3.2030184779630275	3.401100389254271	0.0582405364796289	True	42
development	topology_jump	501	1.0	0.0	3.314361980507828	3.401100389254271	0.025503042785944174	True	109
development	topology_jump	502	0.05	0.25	1.6550727726487964	3.2865301499205004	0.4964072449818141	True	13
development	topology_jump	502	0.05	0.1	1.882274370773645	3.2865301499205004	0.4272760982219572	True	16
development	topology_jump	502	0.25	0.25	2.2712972495341113	3.2865301499205004	0.3089072225340599	True	30
development	topology_jump	502	0.25	0.1	2.681718464267447	3.2865301499205004	0.18402742651476456	True	36
development	topology_jump	502	1.0	0.25	2.904404183997798	3.2865301499205004	0.1162703363399682	True	81
development	topology_jump	502	0.05	0.0	2.9806617207870496	3.2865301499205004	0.09306728226450312	True	23
development	topology_jump	502	1.0	0.1	3.076166734791459	3.2865301499205004	0.06400775454140595	True	98
development	topology_jump	502	0.25	0.0	3.092558645292714	3.2865301499205004	0.05902015066938571	True	44
development	topology_jump	502	1.0	0.0	3.2044508054119696	3.2865301499205004	0.024974468744951683	True	116
development	topology_jump	503	0.05	0.25	1.8449655521623334	3.6373925795773876	0.4927779963809429	True	13
development	topology_jump	503	0.05	0.1	2.1411477641458547	3.6373925795773876	0.41135092863838607	True	17
development	topology_jump	503	0.25	0.25	2.58247457597322	3.6373925795773876	0.29002038700115607	True	30
development	topology_jump	503	0.25	0.1	3.019511624560623	3.6373925795773876	0.16986919654643207	True	38
development	topology_jump	503	1.0	0.25	3.2537783236932025	3.6373925795773876	0.10546407831753912	True	83
development	topology_jump	503	0.05	0.0	3.3463989028623318	3.6373925795773876	0.0800006241693233	True	23
development	topology_jump	503	1.0	0.1	3.428283048300442	3.6373925795773876	0.05748885409043236	True	103
development	topology_jump	503	0.25	0.0	3.4542390484686467	3.6373925795773876	0.05035297320863308	True	45
development	topology_jump	503	1.0	0.0	3.5605040623992013	3.6373925795773876	0.021138360926419297	True	121
development	topology_jump	504	0.05	0.25	1.7785764380805067	3.6546713315324553	0.5133416176894012	True	13
development	topology_jump	504	0.05	0.1	2.093790468204469	3.6546713315324553	0.427091993159748	True	17
development	topology_jump	504	0.25	0.25	2.5396625811123585	3.6546713315324553	0.30509138832808746	True	30
development	topology_jump	504	0.25	0.1	2.9802457635342146	3.6546713315324553	0.18453795343491108	True	37
development	topology_jump	504	1.0	0.25	3.2350286361583924	3.6546713315324553	0.11482364823161839	True	83
development	topology_jump	504	0.05	0.0	3.2697040465096414	3.6546713315324553	0.1053356786700137	True	23
development	topology_jump	504	0.25	0.0	3.4112504398552246	3.6546713315324553	0.06660541252423946	True	43
development	topology_jump	504	1.0	0.1	3.416951390904228	3.6546713315324553	0.06504550452380842	True	100
development	topology_jump	504	1.0	0.0	3.5518068758050956	3.6546713315324553	0.028146020912974135	True	115
development	topology_jump	505	0.05	0.25	1.7672080345441845	3.8848517038542174	0.5451028329367342	True	13
development	topology_jump	505	0.05	0.1	2.132262170114033	3.8848517038542174	0.45113421755621075	True	16
development	topology_jump	505	0.25	0.25	2.6359428521978523	3.8848517038542174	0.3214817313148156	True	30
development	topology_jump	505	0.25	0.1	3.151761431999718	3.8848517038542174	0.18870482781290987	True	36
development	topology_jump	505	1.0	0.25	3.420215443353109	3.8848517038542174	0.11960205843639693	True	81
development	topology_jump	505	0.05	0.0	3.529426479738428	3.8848517038542174	0.0914900364827741	True	22
development	topology_jump	505	1.0	0.1	3.6314602532093665	3.8848517038542174	0.06522551437251967	True	97
development	topology_jump	505	0.25	0.0	3.658464451426409	3.8848517038542174	0.05827436146486786	True	43
development	topology_jump	505	1.0	0.0	3.7884293954038397	3.8848517038542174	0.02482007443288392	True	113
development	topology_jump	506	0.05	0.25	1.6412280958125052	3.1862504294107112	0.4849029816793007	True	13
development	topology_jump	506	0.05	0.1	1.7801880423448446	3.1862504294107112	0.44129060731924774	True	16
development	topology_jump	506	0.25	0.25	2.1509545289689935	3.1862504294107112	0.32492609208786927	True	31
development	topology_jump	506	0.25	0.1	2.570646584785518	3.1862504294107112	0.19320635909307582	True	37
development	topology_jump	506	1.0	0.25	2.7931034845452496	3.1862504294107112	0.12338858905643935	True	83
development	topology_jump	506	0.05	0.0	2.8958209538069477	3.1862504294107112	0.09115086275797779	True	22
development	topology_jump	506	1.0	0.1	2.9726960221237766	3.1862504294107112	0.06702373589838351	True	99
development	topology_jump	506	0.25	0.0	3.001048873217943	3.1862504294107112	0.05812523538114389	True	43
development	topology_jump	506	1.0	0.0	3.1071767077959747	3.1862504294107112	0.024817170955818812	True	114
development	topology_jump	507	0.05	0.25	1.7750385231817016	3.5720625587256656	0.5030774254370989	True	13
development	topology_jump	507	0.05	0.1	2.098116192232202	3.5720625587256656	0.4126317337004576	True	17
development	topology_jump	507	0.25	0.25	2.5389829927107215	3.5720625587256656	0.2892109387870003	True	29
development	topology_jump	507	0.25	0.1	2.9742943147282133	3.5720625587256656	0.16734540175878287	True	38
development	topology_jump	507	1.0	0.25	3.2000913237473703	3.5720625587256656	0.10413346039241711	True	81
development	topology_jump	507	0.05	0.0	3.297223449318643	3.5720625587256656	0.07694129228942492	True	24
development	topology_jump	507	1.0	0.1	3.3725646573256416	3.5720625587256656	0.05584949818773466	True	103
development	topology_jump	507	0.25	0.0	3.4020343849286014	3.5720625587256656	0.04759943898007257	True	46
development	topology_jump	507	1.0	0.0	3.501804578366559	3.5720625587256656	0.019668742975254894	True	122
development	topology_jump	508	0.05	0.25	1.8016095055980306	3.712979363077867	0.5147806304787566	True	13
development	topology_jump	508	0.05	0.1	2.108798054986182	3.712979363077867	0.43204692276067547	True	17
development	topology_jump	508	0.25	0.25	2.57012519479786	3.712979363077867	0.3077997630809993	True	31
development	topology_jump	508	0.25	0.1	3.040241528172953	3.712979363077867	0.18118544950577087	True	38
development	topology_jump	508	1.0	0.25	3.290483546407785	3.712979363077867	0.11378889440415718	True	84
development	topology_jump	508	0.05	0.0	3.385455010952021	3.712979363077867	0.08821065782987425	True	23
development	topology_jump	508	1.0	0.1	3.4819886080661666	3.712979363077867	0.06221169913000035	True	103
development	topology_jump	508	0.25	0.0	3.505428425976543	3.712979363077867	0.055898758599421616	True	45
development	topology_jump	508	1.0	0.0	3.6249968160331543	3.712979363077867	0.023695942918406043	True	120
development	topology_jump	509	0.05	0.25	1.7943977464464296	3.4280583049344067	0.4765556513833087	True	13
development	topology_jump	509	0.05	0.1	2.0774786899106434	3.4280583049344067	0.39397801754996853	True	17
development	topology_jump	509	0.25	0.25	2.4707336466657766	3.4280583049344067	0.27926148656533656	True	31
development	topology_jump	509	0.25	0.1	2.8658652703479945	3.4280583049344067	0.16399751246272032	True	39
development	topology_jump	509	1.0	0.25	3.074502665014993	3.4280583049344067	0.10313583039427876	True	86
development	topology_jump	509	0.05	0.0	3.155879684566295	3.4280583049344067	0.07939731362688118	True	24
development	topology_jump	509	1.0	0.1	3.2344981758737745	3.4280583049344067	0.056463488028199005	True	105
development	topology_jump	509	0.25	0.0	3.254513453678871	3.4280583049344067	0.05062482484785402	True	46
development	topology_jump	509	1.0	0.0	3.354123684838727	3.4280583049344067	0.02156749200830599	True	123
development	topology_jump	510	0.05	0.25	1.7551895878040373	3.288600584273278	0.46628070426135293	True	13
development	topology_jump	510	0.05	0.1	1.9655128910192885	3.288600584273278	0.4023254449267113	True	16
development	topology_jump	510	0.25	0.25	2.329507372420261	3.288600584273278	0.2916417446495587	True	28
development	topology_jump	510	0.25	0.1	2.7188943901037375	3.288600584273278	0.17323666391533998	True	36
development	topology_jump	510	1.0	0.25	2.927056128687143	3.288600584273278	0.10993869468828477	True	77
development	topology_jump	510	0.05	0.0	3.009872815160322	3.288600584273278	0.08475573788008361	True	22
development	topology_jump	510	1.0	0.1	3.0901430504105054	3.288600584273278	0.06034710776730834	True	97
development	topology_jump	510	0.25	0.0	3.1095178369085574	3.288600584273278	0.05445560893625356	True	43
development	topology_jump	510	1.0	0.0	3.211947390281514	3.288600584273278	0.023308757639445288	True	114
development	topology_jump	511	0.05	0.25	1.76401303701751	3.422069742162181	0.48451867731282827	True	13
development	topology_jump	511	0.05	0.1	2.0102208893390006	3.422069742162181	0.41257161869854997	True	17
development	topology_jump	511	0.25	0.25	2.411885205103675	3.422069742162181	0.2951969460506192	True	30
development	topology_jump	511	0.25	0.1	2.8182153915364347	3.422069742162181	0.17645880888570387	True	39
development	topology_jump	511	1.0	0.25	3.0467344418665787	3.422069742162181	0.10968078635897482	True	84
development	topology_jump	511	0.05	0.0	3.114258864029359	3.422069742162181	0.08994874486056981	True	24
development	topology_jump	511	1.0	0.1	3.2133218062995446	3.422069742162181	0.061000491395813095	True	106
development	topology_jump	511	0.25	0.0	3.2272467393493494	3.422069742162181	0.05693133614796986	True	47
development	topology_jump	511	1.0	0.0	3.3399527665464768	3.422069742162181	0.023996289322794406	True	125
development	topology_jump	512	0.05	0.25	1.73118337536486	3.939447430808121	0.5605517256490633	True	13
development	topology_jump	512	0.05	0.1	2.099098243833835	3.939447430808121	0.4671592194839277	True	16
development	topology_jump	512	0.25	0.25	2.6258186295524504	3.939447430808121	0.3334550909304046	True	28
development	topology_jump	512	0.25	0.1	3.1576322952964793	3.939447430808121	0.19845807038761876	True	35
development	topology_jump	512	1.0	0.25	3.4485625388571144	3.939447430808121	0.12460754980814881	True	76
development	topology_jump	512	0.05	0.0	3.531681685589681	3.939447430808121	0.10350836059634716	True	22
development	topology_jump	512	1.0	0.1	3.6667493969816025	3.939447430808121	0.06922240710560223	True	95
development	topology_jump	512	0.25	0.0	3.6797968390220013	3.939447430808121	0.06591040909837864	True	42
development	topology_jump	512	1.0	0.0	3.8286628613666625	3.939447430808121	0.028121855003084173	True	112
development	topology_jump	513	0.05	0.25	1.7462137037478784	3.533669267387	0.505835557429196	True	13
development	topology_jump	513	0.05	0.1	1.9998720420252494	3.533669267387	0.4340522865332921	True	17
development	topology_jump	513	0.25	0.25	2.419911312578077	3.533669267387	0.31518454912802296	True	31
development	topology_jump	513	0.25	0.1	2.866997210630102	3.533669267387	0.18866283353390167	True	38
development	topology_jump	513	1.0	0.25	3.1086176316108194	3.533669267387	0.12028619647545236	True	86
development	topology_jump	513	0.05	0.0	3.197466393305313	3.533669267387	0.09514271105804273	True	23
development	topology_jump	513	1.0	0.1	3.2977628045947807	3.533669267387	0.06675963281834296	True	103
development	topology_jump	513	0.25	0.0	3.3162336807198622	3.533669267387	0.061532523338813205	True	45
development	topology_jump	513	1.0	0.0	3.4394732768997414	3.533669267387	0.026656708186194367	True	120
development	topology_jump	514	0.05	0.25	1.7643877214597603	3.6674652196489292	0.5189081243342623	True	13
development	topology_jump	514	0.05	0.1	2.0508392189352795	3.6674652196489292	0.44080199917162466	True	16
development	topology_jump	514	0.25	0.25	2.5114901180550095	3.6674652196489292	0.3151972908701711	True	27
development	topology_jump	514	0.25	0.1	2.982467253478071	3.6674652196489292	0.1867769495129472	True	37
development	topology_jump	514	1.0	0.25	3.239367583815914	3.6674652196489292	0.11672847871587866	True	77
development	topology_jump	514	0.05	0.0	3.321365896482628	3.6674652196489292	0.09437017188657404	True	23
development	topology_jump	514	1.0	0.1	3.4324157221354787	3.6674652196489292	0.06409045033450944	True	100
development	topology_jump	514	0.25	0.0	3.4507920269470387	3.6674652196489292	0.05907982209102769	True	45
development	topology_jump	514	1.0	0.0	3.576663850387828	3.6674652196489292	0.02475861768902965	True	119
development	topology_jump	515	0.05	0.25	1.8391282409411787	4.2088880786778295	0.5630370286494009	True	14
development	topology_jump	515	0.05	0.1	2.252994317008779	4.2088880786778295	0.4647055766527939	True	17
development	topology_jump	515	0.25	0.25	2.8165669605533634	4.2088880786778295	0.3308049755891458	True	32
development	topology_jump	515	0.25	0.1	3.381032366132932	4.2088880786778295	0.1966922610127847	True	38
development	topology_jump	515	1.0	0.25	3.689264582730319	4.2088880786778295	0.12345861572796768	True	87
development	topology_jump	515	0.05	0.0	3.7705031534262927	4.2088880786778295	0.10415694526836883	True	23
development	topology_jump	515	1.0	0.1	3.9213463090895258	4.2088880786778295	0.06831775143772212	True	104
development	topology_jump	515	0.25	0.0	3.9342323988208845	4.2088880786778295	0.0652561139005684	True	45
development	topology_jump	515	1.0	0.0	4.0940205363682	4.2088880786778295	0.02729165997346117	True	120
development	topology_jump	516	0.05	0.25	1.7353697931086638	3.5365200341061844	0.5093001661597376	True	13
development	topology_jump	516	0.05	0.1	2.004682190357394	3.5365200341061844	0.43314835741795676	True	16
development	topology_jump	516	0.25	0.25	2.4355935969878764	3.5365200341061844	0.3113021915614723	True	29
development	topology_jump	516	0.25	0.1	2.8832777752071013	3.5365200341061844	0.18471329233235423	True	37
development	topology_jump	516	1.0	0.25	3.125184719371148	3.5365200341061844	0.11631075485735143	True	80
development	topology_jump	516	0.05	0.0	3.212276062035679	3.5365200341061844	0.09168447200736829	True	23
development	topology_jump	516	1.0	0.1	3.310396691973504	3.5365200341061844	0.06393950548899696	True	100
development	topology_jump	516	0.25	0.0	3.3308889220160904	3.5365200341061844	0.05814504374554319	True	45
development	topology_jump	516	1.0	0.0	3.449456917459705	3.5365200341061844	0.02461830155261191	True	119
development	antagonistic_anchor	501	0.05	0.0	2.978198894368786	3.3350151428190813	0.10699089304544485	True	25
development	antagonistic_anchor	501	0.25	0.0	3.1056990874965007	3.3350151428190813	0.0687601241680541	True	49
development	antagonistic_anchor	501	1.0	0.0	3.2360864623759653	3.3350151428190813	0.029663637556827327	True	133
development	antagonistic_anchor	501	1.0	0.1	3.389566282600464	3.3350151428190813	-0.016357089082141618	True	112
development	antagonistic_anchor	501	0.25	0.1	3.64686100252967	3.3350151428190813	-0.0935065798372916	True	41
development	antagonistic_anchor	501	1.0	0.25	3.6529715338231576	3.3350151428190813	-0.09533881478430373	True	88
development	antagonistic_anchor	501	0.25	0.25	4.47447427925609	3.3350151428190813	-0.34166535612004045	True	31
development	antagonistic_anchor	501	0.05	0.1	5.290568935316612	3.3350151428190813	-0.5863702888150923	True	18
development	antagonistic_anchor	501	0.05	0.25	7.705048726447704	3.3350151428190813	-1.3103489479015207	True	14
development	antagonistic_anchor	502	0.05	0.0	2.8489363093419757	3.2017901113573815	0.11020516328155416	True	25
development	antagonistic_anchor	502	0.25	0.0	2.9786443893182213	3.2017901113573815	0.06969405060238587	True	48
development	antagonistic_anchor	502	1.0	0.0	3.1075949838510595	3.2017901113573815	0.029419519778074554	True	130
development	antagonistic_anchor	502	1.0	0.1	3.2454443365752614	3.2017901113573815	-0.013634318209376106	True	110
development	antagonistic_anchor	502	1.0	0.25	3.4689177207401407	3.2017901113573815	-0.0834307059776358	True	85
development	antagonistic_anchor	502	0.25	0.1	3.4805313258778314	3.2017901113573815	-0.0870579284793529	True	40
development	antagonistic_anchor	502	0.25	0.25	4.226211219617221	3.2017901113573815	-0.3199526117049383	True	30
development	antagonistic_anchor	502	0.05	0.1	5.00095477294853	3.2017901113573815	-0.5619246106136553	True	18
development	antagonistic_anchor	502	0.05	0.25	7.226317042779197	3.2017901113573815	-1.2569615094837179	True	14
development	antagonistic_anchor	503	0.05	0.0	3.119391639334143	3.426375907977008	0.08959445107239083	True	26
development	antagonistic_anchor	503	0.25	0.0	3.236126743895346	3.426375907977008	0.055524895455498546	True	52
development	antagonistic_anchor	503	1.0	0.0	3.34775956422289	3.426375907977008	0.02294445964644154	True	140
development	antagonistic_anchor	503	1.0	0.1	3.5693348397371416	3.426375907977008	-0.04172307289089572	True	118
development	antagonistic_anchor	503	0.25	0.1	3.9248887847664973	3.426375907977008	-0.1454927568305895	True	43
development	antagonistic_anchor	503	1.0	0.25	4.062297649746154	3.426375907977008	-0.18559602298412292	True	91
development	antagonistic_anchor	503	0.25	0.25	5.1592646837848175	3.426375907977008	-0.5057497549447041	True	32
development	antagonistic_anchor	503	0.05	0.1	6.068461214144978	3.426375907977008	-0.7711019973076754	True	19
development	antagonistic_anchor	503	0.05	0.25	9.335187569829793	3.426375907977008	-1.7245077074282404	True	15
development	antagonistic_anchor	504	0.05	0.0	3.2406246869370974	3.6569813129280013	0.1138525440419994	True	24
development	antagonistic_anchor	504	0.25	0.0	3.3946271820781786	3.6569813129280013	0.07174062659887259	True	46
development	antagonistic_anchor	504	1.0	0.0	3.5465111770338433	3.6569813129280013	0.030208012139309792	True	122
development	antagonistic_anchor	504	1.0	0.1	3.6990476781492876	3.6569813129280013	-0.011503029854862845	True	104
development	antagonistic_anchor	504	1.0	0.25	3.9264596193264785	3.6569813129280013	-0.07368872940253457	True	85
development	antagonistic_anchor	504	0.25	0.1	3.968367111316778	3.6569813129280013	-0.08514831543928847	True	38
development	antagonistic_anchor	504	0.25	0.25	4.785973144418382	3.6569813129280013	-0.30872234088241535	True	31
development	antagonistic_anchor	504	0.05	0.1	5.6946333884166975	3.6569813129280013	-0.5571951019506929	True	17
development	antagonistic_anchor	504	0.05	0.25	8.18128080271708	3.6569813129280013	-1.2371677902194826	True	13
development	antagonistic_anchor	505	0.05	0.0	3.448515960796062	3.8890459928270436	0.11327457500978266	True	23
development	antagonistic_anchor	505	0.25	0.0	3.6075732250451473	3.8890459928270436	0.07237578786701027	True	44
development	antagonistic_anchor	505	1.0	0.0	3.7685846186655283	3.8890459928270436	0.030974530613341766	True	117
development	antagonistic_anchor	505	1.0	0.1	3.947248554939289	3.8890459928270436	-0.014965768525132983	True	101
development	antagonistic_anchor	505	1.0	0.25	4.213872713494376	3.8890459928270436	-0.08352349683352744	True	84
development	antagonistic_anchor	505	0.25	0.1	4.277748499329134	3.8890459928270436	-0.09994803538425967	True	37
development	antagonistic_anchor	505	0.25	0.25	5.2381984618312005	3.8890459928270436	-0.34691090604033326	True	31
development	antagonistic_anchor	505	0.05	0.1	6.320770480152443	3.8890459928270436	-0.6252753224853786	True	17
development	antagonistic_anchor	505	0.05	0.25	9.250995732968326	3.8890459928270436	-1.3787313778317003	True	13
development	antagonistic_anchor	506	0.05	0.0	2.835430000242283	3.17471032995298	0.10686969658605738	True	23
development	antagonistic_anchor	506	0.25	0.0	2.959233628398222	3.17471032995298	0.06787287001329334	True	44
development	antagonistic_anchor	506	1.0	0.0	3.0829662015968693	3.17471032995298	0.02889842499661055	True	115
development	antagonistic_anchor	506	1.0	0.1	3.2255114642165363	3.17471032995298	-0.016001817168720622	True	100
development	antagonistic_anchor	506	1.0	0.25	3.438867114354516	3.17471032995298	-0.08320657853702462	True	82
development	antagonistic_anchor	506	0.25	0.1	3.4963815462455647	3.17471032995298	-0.10132301308174751	True	37
development	antagonistic_anchor	506	0.25	0.25	4.276111079501373	3.17471032995298	-0.34692952587101233	True	30
development	antagonistic_anchor	506	0.05	0.1	5.178132004894456	3.17471032995298	-0.6310565269654533	True	17
development	antagonistic_anchor	506	0.05	0.25	7.622033504910208	3.17471032995298	-1.4008595155902288	True	13
development	antagonistic_anchor	507	0.05	0.0	3.30173445459748	3.5919060072131836	0.08078484014698262	True	27
development	antagonistic_anchor	507	0.25	0.0	3.4124072873859523	3.5919060072131836	0.049973111620060795	True	52
development	antagonistic_anchor	507	1.0	0.0	3.517719614821375	3.5919060072131836	0.020653767733016637	True	141
development	antagonistic_anchor	507	1.0	0.1	3.762075649527717	3.5919060072131836	-0.04737586172154895	True	119
development	antagonistic_anchor	507	0.25	0.1	4.160925808273493	3.5919060072131836	-0.15841723027206633	True	43
development	antagonistic_anchor	507	1.0	0.25	4.305304930940564	3.5919060072131836	-0.19861291534209102	True	94
development	antagonistic_anchor	507	0.25	0.25	5.506458724477526	3.5919060072131836	-0.5330186016615084	True	33
development	antagonistic_anchor	507	0.05	0.1	6.50229293600799	3.5919060072131836	-0.8102625522355635	True	19
development	antagonistic_anchor	507	0.05	0.25	10.045944625160697	3.5919060072131836	-1.7968283705048687	True	14
development	antagonistic_anchor	508	0.05	0.0	3.3484960032826394	3.7519445525747344	0.1075305201446094	True	25
development	antagonistic_anchor	508	0.25	0.0	3.4990986531689425	3.7519445525747344	0.06739062794312323	True	49
development	antagonistic_anchor	508	1.0	0.0	3.646057546450819	3.7519445525747344	0.028221900574530445	True	131
development	antagonistic_anchor	508	1.0	0.1	3.826248523268117	3.7519445525747344	-0.019804122809435443	True	111
development	antagonistic_anchor	508	1.0	0.25	4.117404848152245	3.7519445525747344	-0.09740556942045342	True	85
development	antagonistic_anchor	508	0.25	0.1	4.159341144071359	3.7519445525747344	-0.10858278574960623	True	40
development	antagonistic_anchor	508	0.25	0.25	5.140016783137518	3.7519445525747344	-0.36996075264764583	True	30
development	antagonistic_anchor	508	0.05	0.1	6.196382619997249	3.7519445525747344	-0.6515123113280135	True	18
development	antagonistic_anchor	508	0.05	0.25	9.144254102642071	3.7519445525747344	-1.437203955044303	True	14
development	antagonistic_anchor	509	0.05	0.0	3.0824459253156	3.4100775071001026	0.09607745897339359	True	25
development	antagonistic_anchor	509	0.25	0.0	3.2047190207853324	3.4100775071001026	0.06022106121846038	True	49
development	antagonistic_anchor	509	1.0	0.0	3.324173995311892	3.4100775071001026	0.025191073108852047	True	131
development	antagonistic_anchor	509	1.0	0.1	3.4673787397492535	3.4100775071001026	-0.016803498609589962	True	111
development	antagonistic_anchor	509	1.0	0.25	3.6975636006396573	3.4100775071001026	-0.08430485610399807	True	87
development	antagonistic_anchor	509	0.25	0.1	3.7273361108903718	3.4100775071001026	-0.09303559908233949	True	41
development	antagonistic_anchor	509	0.25	0.25	4.497768909484788	3.4100775071001026	-0.3189638359010929	True	31
development	antagonistic_anchor	509	0.05	0.1	5.3196204265177665	3.4100775071001026	-0.5599705330573324	True	18
development	antagonistic_anchor	509	0.05	0.25	7.611192603985085	3.4100775071001026	-1.231970560240307	True	14
development	antagonistic_anchor	510	0.05	0.0	2.9297847776302914	3.2898114336735595	0.10943686691527033	True	24
development	antagonistic_anchor	510	0.25	0.0	3.0573459221614057	3.2898114336735595	0.07066226019300192	True	46
development	antagonistic_anchor	510	1.0	0.0	3.1896846540502475	3.2898114336735595	0.030435416023679385	True	122
development	antagonistic_anchor	510	1.0	0.1	3.325259796635449	3.2898114336735595	-0.010775195988150132	True	103
development	antagonistic_anchor	510	1.0	0.25	3.529124590411243	3.2898114336735595	-0.07274373062484463	True	82
development	antagonistic_anchor	510	0.25	0.1	3.561885914105486	3.2898114336735595	-0.08270215053879704	True	38
development	antagonistic_anchor	510	0.25	0.25	4.29191357506703	3.2898114336735595	-0.3046077751254197	True	30
development	antagonistic_anchor	510	0.05	0.1	5.098599945434485	3.2898114336735595	-0.5498152548339665	True	17
development	antagonistic_anchor	510	0.05	0.25	7.345368416292995	3.2898114336735595	-1.2327627477696521	True	13
development	antagonistic_anchor	511	0.05	0.0	3.0472712098990846	3.369239585044598	0.09556113984136616	True	26
development	antagonistic_anchor	511	0.25	0.0	3.1657018805752157	3.369239585044598	0.06041057613499701	True	52
development	antagonistic_anchor	511	1.0	0.0	3.2835461304263327	3.369239585044598	0.025434063816251573	True	139
development	antagonistic_anchor	511	1.0	0.1	3.490070945076008	3.369239585044598	-0.03586309521227182	True	118
development	antagonistic_anchor	511	0.25	0.1	3.8160716118382374	3.369239585044598	-0.13262103080381715	True	43
development	antagonistic_anchor	511	1.0	0.25	3.9255941139964574	3.369239585044598	-0.16512762447093676	True	93
development	antagonistic_anchor	511	0.25	0.25	4.945428291726422	3.369239585044598	-0.46781734183529733	True	33
development	antagonistic_anchor	511	0.05	0.1	5.82387248805146	3.369239585044598	-0.728542106029652	True	19
development	antagonistic_anchor	511	0.05	0.25	8.876620179606773	3.369239585044598	-1.634606401696208	True	14
development	antagonistic_anchor	512	0.05	0.0	3.3747666964280914	3.863374169186947	0.12647169323019103	True	25
development	antagonistic_anchor	512	0.25	0.0	3.553302055679763	3.863374169186947	0.0802594053613086	True	49
development	antagonistic_anchor	512	1.0	0.0	3.7316759180423635	3.863374169186947	0.034088919524017935	True	132
development	antagonistic_anchor	512	1.0	0.1	3.924943223628692	3.863374169186947	-0.015936601464284772	True	112
development	antagonistic_anchor	512	1.0	0.25	4.233788554219958	3.863374169186947	-0.09587846499242003	True	89
development	antagonistic_anchor	512	0.25	0.1	4.255952039179241	3.863374169186947	-0.10161528570630596	True	41
development	antagonistic_anchor	512	0.25	0.25	5.292338889288314	3.863374169186947	-0.369874792739036	True	31
development	antagonistic_anchor	512	0.05	0.1	6.372795923074392	3.863374169186947	-0.649541474367614	True	18
development	antagonistic_anchor	512	0.05	0.25	9.45788874380981	3.863374169186947	-1.4480902779862603	True	14
development	antagonistic_anchor	513	0.05	0.0	3.0829799953555406	3.4778064192573277	0.11352742973719077	True	25
development	antagonistic_anchor	513	0.25	0.0	3.2219417640333297	3.4778064192573277	0.0735707007173323	True	49
development	antagonistic_anchor	513	1.0	0.0	3.3667315668469575	3.4778064192573277	0.0319381929354452	True	132
development	antagonistic_anchor	513	1.0	0.1	3.5251177189744634	3.4778064192573277	-0.01360377606273988	True	112
development	antagonistic_anchor	513	1.0	0.25	3.7804864947303303	3.4778064192573277	-0.08703189280375145	True	88
development	antagonistic_anchor	513	0.25	0.1	3.789683767806752	3.4778064192573277	-0.08967645433699123	True	41
development	antagonistic_anchor	513	0.25	0.25	4.634270939434755	3.4778064192573277	-0.3325269956872372	True	31
development	antagonistic_anchor	513	0.05	0.1	5.49454360771343	3.4778064192573277	-0.5798877065983359	True	18
development	antagonistic_anchor	513	0.05	0.25	7.99382136299868	3.4778064192573277	-1.2985239542762503	True	14
development	antagonistic_anchor	514	0.05	0.0	3.260754905581982	3.668162471424639	0.11106584536982844	True	25
development	antagonistic_anchor	514	0.25	0.0	3.4162394218755083	3.668162471424639	0.06867826916382169	True	49
development	antagonistic_anchor	514	1.0	0.0	3.564178106463337	3.668162471424639	0.02834780786602309	True	133
development	antagonistic_anchor	514	1.0	0.1	3.7455257579087116	3.668162471424639	-0.021090474341510346	True	113
development	antagonistic_anchor	514	1.0	0.25	4.045701342418957	3.668162471424639	-0.10292315946618635	True	88
development	antagonistic_anchor	514	0.25	0.1	4.072349372448784	3.668162471424639	-0.11018784041677598	True	41
development	antagonistic_anchor	514	0.25	0.25	5.060607700245222	3.668162471424639	-0.37960293189515837	True	31
development	antagonistic_anchor	514	0.05	0.1	6.092495944888345	3.668162471424639	-0.6609122393976581	True	18
development	antagonistic_anchor	514	0.05	0.25	9.050590341036868	3.668162471424639	-1.4673362784614619	True	14
development	antagonistic_anchor	515	0.05	0.0	3.748360151067326	4.243117756477147	0.11660237443435795	True	24
development	antagonistic_anchor	515	0.25	0.0	3.934344074708983	4.243117756477147	0.07277047197118658	True	47
development	antagonistic_anchor	515	1.0	0.0	4.114474189251065	4.243117756477147	0.0303181704136557	True	127
development	antagonistic_anchor	515	1.0	0.1	4.300731555864405	4.243117756477147	-0.013578175929553238	True	108
development	antagonistic_anchor	515	1.0	0.25	4.582918327175654	4.243117756477147	-0.0800827575854568	True	88
development	antagonistic_anchor	515	0.25	0.1	4.640383900698907	4.243117756477147	-0.0936260002719298	True	40
development	antagonistic_anchor	515	0.25	0.25	5.6467137712059206	4.243117756477147	-0.3307935568335747	True	32
development	antagonistic_anchor	515	0.05	0.1	6.763702649841767	4.243117756477147	-0.5940407591839587	True	18
development	antagonistic_anchor	515	0.05	0.25	9.787284532866135	4.243117756477147	-1.306625715943372	True	14
development	antagonistic_anchor	516	0.05	0.0	3.101424262084236	3.4729222191639075	0.10696984661208697	True	26
development	antagonistic_anchor	516	0.25	0.0	3.2365965554038008	3.4729222191639075	0.06804807273138447	True	51
development	antagonistic_anchor	516	1.0	0.0	3.3723494695100475	3.4729222191639075	0.028959113768483036	True	136
development	antagonistic_anchor	516	1.0	0.1	3.5552304230233487	3.4729222191639075	-0.0236999848154551	True	115
development	antagonistic_anchor	516	0.25	0.1	3.8610681684660397	3.4729222191639075	-0.11176350197545659	True	42
development	antagonistic_anchor	516	1.0	0.25	3.8951993126739697	3.4729222191639075	-0.1215912902338836	True	90
development	antagonistic_anchor	516	0.25	0.25	4.858739938987502	3.4729222191639075	-0.3990350581929314	True	32
development	antagonistic_anchor	516	0.05	0.1	5.77357541263355	3.4729222191639075	-0.66245456946154	True	18
development	antagonistic_anchor	516	0.05	0.25	8.610119551185765	3.4729222191639075	-1.4792146232571306	True	14
development	wrong_topology	501	1.0	0.0	3.334807135813561	3.3350151428190813	6.237063299940893e-05	True	126
development	wrong_topology	501	0.25	0.0	3.3352153621775114	3.3350151428190813	-6.00355170383704e-05	True	47
development	wrong_topology	501	0.05	0.0	3.336795393486602	3.3350151428190813	-0.0005338058723223238	True	24
development	wrong_topology	501	1.0	0.1	3.3401156156315364	3.3350151428190813	-0.0015293702109380192	True	107
development	wrong_topology	501	0.25	0.1	3.3591901741967014	3.3350151428190813	-0.007248852056841004	True	39
development	wrong_topology	501	1.0	0.25	3.3592495366510446	3.3350151428190813	-0.007266651812404712	True	85
development	wrong_topology	501	0.25	0.25	3.4444159692348584	3.3350151428190813	-0.03280369705407127	True	30
development	wrong_topology	501	0.05	0.1	3.594027711656816	3.3350151428190813	-0.07766458554031974	True	17
development	wrong_topology	501	0.05	0.25	4.095447165798695	3.3350151428190813	-0.22801456377700946	True	14
development	wrong_topology	502	1.0	0.1	3.19954315875218	3.2017901113573815	0.0007017801064570506	True	104
development	wrong_topology	502	0.25	0.1	3.2018909414226933	3.2017901113573815	-3.149177860040098e-05	True	38
development	wrong_topology	502	1.0	0.0	3.2022586497313315	3.2017901113573815	-0.0001463363798546169	True	123
development	wrong_topology	502	1.0	0.25	3.2028795598415374	3.2017901113573815	-0.0003402623052308762	True	82
development	wrong_topology	502	0.25	0.0	3.2035517802777207	3.2017901113573815	-0.0005502137426467435	True	46
development	wrong_topology	502	0.05	0.0	3.205910136230379	3.2017901113573815	-0.0012867879310336505	True	24
development	wrong_topology	502	0.25	0.25	3.246366861136252	3.2017901113573815	-0.013922445953202356	True	29
development	wrong_topology	502	0.05	0.1	3.357982605676156	3.2017901113573815	-0.048782864861981245	True	17
development	wrong_topology	502	0.05	0.25	3.757838356959556	3.2017901113573815	-0.17366792521151275	True	13
development	wrong_topology	503	0.05	0.0	3.424529426822193	3.426375907977008	0.0005389020949266854	True	25
development	wrong_topology	503	0.25	0.0	3.4246342158097374	3.426375907977008	0.0005083190560660755	True	49
development	wrong_topology	503	1.0	0.0	3.42546990108318	3.426375907977008	0.00026442133559212433	True	133
development	wrong_topology	503	1.0	0.1	3.4412737684911474	3.426375907977008	-0.0043479935985586415	True	112
development	wrong_topology	503	0.25	0.1	3.4756210877375753	3.426375907977008	-0.014372380930509854	True	41
development	wrong_topology	503	1.0	0.25	3.498473343922105	3.426375907977008	-0.021041893207702556	True	86
development	wrong_topology	503	0.25	0.25	3.6404460382391712	3.426375907977008	-0.06247712919174542	True	30
development	wrong_topology	503	0.05	0.1	3.831487352625018	3.426375907977008	-0.11823321653203989	True	18
development	wrong_topology	503	0.05	0.25	4.565167914020346	3.426375907977008	-0.33236049885597674	True	14
development	wrong_topology	504	0.25	0.0	3.6552734589988285	3.6569813129280013	0.0004670119377244708	True	45
development	wrong_topology	504	0.05	0.0	3.6556561738904048	3.6569813129280013	0.0003623587117910221	True	23
development	wrong_topology	504	1.0	0.0	3.6559955958748396	3.6569813129280013	0.0002695439130839805	True	120
development	wrong_topology	504	1.0	0.1	3.658263641424738	3.6569813129280013	-0.00035065218742125204	True	103
development	wrong_topology	504	1.0	0.25	3.6657310053137406	3.6569813129280013	-0.0023925996982285813	True	85
development	wrong_topology	504	0.25	0.1	3.675187409852805	3.6569813129280013	-0.004978449537174745	True	38
development	wrong_topology	504	0.25	0.25	3.74309107333587	3.6569813129280013	-0.023546677721173248	True	31
development	wrong_topology	504	0.05	0.1	3.8971754032066186	3.6569813129280013	-0.06568097283666541	True	17
development	wrong_topology	504	0.05	0.25	4.368015547833491	3.6569813129280013	-0.1944320121056875	True	13
development	wrong_topology	505	0.05	0.0	3.8849532657558146	3.8890459928270436	0.001052373018672892	True	21
development	wrong_topology	505	0.25	0.0	3.8856741363665934	3.8890459928270436	0.0008670137783582943	True	41
development	wrong_topology	505	1.0	0.0	3.8873956700859194	3.8890459928270436	0.00042435156184006395	True	108
development	wrong_topology	505	1.0	0.1	3.888154713166082	3.8890459928270436	0.0002291769402072985	True	92
development	wrong_topology	505	1.0	0.25	3.8935821805425963	3.8890459928270436	-0.001166401149258478	True	75
development	wrong_topology	505	0.25	0.1	3.9022646033559973	3.8890459928270436	-0.003398933968210782	True	34
development	wrong_topology	505	0.25	0.25	3.967623134441291	3.8890459928270436	-0.020204734466801266	True	28
development	wrong_topology	505	0.05	0.1	4.121269046757359	3.8890459928270436	-0.05971208732389055	True	15
development	wrong_topology	505	0.05	0.25	4.601208891611271	3.8890459928270436	-0.18312020482600122	True	12
development	wrong_topology	506	1.0	0.25	3.1727368570341863	3.17471032995298	0.0006216229871980339	True	83
development	wrong_topology	506	1.0	0.1	3.1735496316231884	3.17471032995298	0.00036560763318804756	True	100
development	wrong_topology	506	1.0	0.0	3.177016710626409	3.17471032995298	-0.0007264853903892199	True	116
development	wrong_topology	506	0.25	0.1	3.1798446432256657	3.17471032995298	-0.001617254092206144	True	37
development	wrong_topology	506	0.25	0.0	3.1811459852666886	3.17471032995298	-0.00202716299908956	True	44
development	wrong_topology	506	0.05	0.0	3.186772654634749	3.17471032995298	-0.003799504026544609	True	23
development	wrong_topology	506	0.25	0.25	3.2237721253036473	3.17471032995298	-0.015453943904039091	True	30
development	wrong_topology	506	0.05	0.1	3.3566942704530867	3.17471032995298	-0.05732300638049126	True	16
development	wrong_topology	506	0.05	0.25	3.7941298504771366	3.17471032995298	-0.1951105632158039	True	13
development	wrong_topology	507	1.0	0.0	3.5922526845271587	3.5919060072131836	-9.651625440065814e-05	True	134
development	wrong_topology	507	0.25	0.0	3.5935081759598497	3.5919060072131836	-0.00044604974168271916	True	50
development	wrong_topology	507	0.05	0.0	3.5960574228858775	3.5919060072131836	-0.0011557695731339024	True	26
development	wrong_topology	507	1.0	0.1	3.6139831963261404	3.5919060072131836	-0.006146371611234214	True	113
development	wrong_topology	507	0.25	0.1	3.6502115818225347	3.5919060072131836	-0.016232488960530533	True	41
development	wrong_topology	507	1.0	0.25	3.6883192288509954	3.5919060072131836	-0.026841799714189873	True	89
development	wrong_topology	507	0.25	0.25	3.8356911272018235	3.5919060072131836	-0.06787068467244861	True	32
development	wrong_topology	507	0.05	0.1	4.012309694906327	3.5919060072131836	-0.11704195122280447	True	18
development	wrong_topology	507	0.05	0.25	4.762992312777946	3.5919060072131836	-0.326034785769175	True	14
development	wrong_topology	508	0.25	0.0	3.7508862943298347	3.7519445525747344	0.0002820559392791022	True	47
development	wrong_topology	508	1.0	0.0	3.7512061013655167	3.7519445525747344	0.0001968182628687698	True	124
development	wrong_topology	508	0.05	0.0	3.7517511471782465	3.7519445525747344	5.1548042295901375e-05	True	24
development	wrong_topology	508	1.0	0.1	3.7556287981228094	3.7519445525747344	-0.0009819562886521638	True	105
development	wrong_topology	508	1.0	0.25	3.7695436474708486	3.7519445525747344	-0.0046906596431541825	True	82
development	wrong_topology	508	0.25	0.1	3.7770788455062076	3.7519445525747344	-0.00669900436407711	True	39
development	wrong_topology	508	0.25	0.25	3.8599370480590953	3.7519445525747344	-0.028783073409294424	True	30
development	wrong_topology	508	0.05	0.1	4.026111516520695	3.7519445525747344	-0.07307329842009946	True	17
development	wrong_topology	508	0.05	0.25	4.542710274733553	3.7519445525747344	-0.21076156938837576	True	13
development	wrong_topology	509	1.0	0.0	3.4110615813375027	3.4100775071001026	-0.00028857826115413765	True	120
development	wrong_topology	509	0.25	0.0	3.4131650870407344	3.4100775071001026	-0.000905428083145754	True	45
development	wrong_topology	509	1.0	0.1	3.416057376856867	3.4100775071001026	-0.0017535876367367198	True	101
development	wrong_topology	509	0.05	0.0	3.4164746465850797	3.4100775071001026	-0.0018759513447004217	True	23
development	wrong_topology	509	1.0	0.25	3.4285838777157096	3.4100775071001026	-0.005426964805660628	True	82
development	wrong_topology	509	0.25	0.1	3.4403432123267157	3.4100775071001026	-0.008875371648766617	True	37
development	wrong_topology	509	0.25	0.25	3.5167962415883047	3.4100775071001026	-0.031295105247902244	True	30
development	wrong_topology	509	0.05	0.1	3.6730422480932767	3.4100775071001026	-0.07711400707041305	True	16
development	wrong_topology	509	0.05	0.25	4.139724764286853	3.4100775071001026	-0.2139679393408378	True	13
development	wrong_topology	510	1.0	0.1	3.286232017050804	3.2898114336735595	0.0010880309388306975	True	94
development	wrong_topology	510	0.05	0.0	3.2868045180107033	3.2898114336735595	0.0009140085149191846	True	22
development	wrong_topology	510	1.0	0.25	3.286831093352042	3.2898114336735595	0.0009059304405752977	True	75
development	wrong_topology	510	0.25	0.0	3.2872896619419816	3.2898114336735595	0.0007665399012739549	True	42
development	wrong_topology	510	1.0	0.0	3.288564042283204	3.2898114336735595	0.0003791680512711393	True	111
development	wrong_topology	510	0.25	0.1	3.2898019595889014	3.2898114336735595	2.8798260475193516e-06	True	35
development	wrong_topology	510	0.25	0.25	3.3351805751308228	3.2898114336735595	-0.013790803020768294	True	27
development	wrong_topology	510	0.05	0.1	3.4605908528747973	3.2898114336735595	-0.051911613368835985	True	16
development	wrong_topology	510	0.05	0.25	3.877716063356405	3.2898114336735595	-0.17870465877321218	True	12
development	wrong_topology	511	1.0	0.0	3.3687681973637695	3.369239585044598	0.0001399092195523144	True	132
development	wrong_topology	511	0.25	0.0	3.36879528520041	3.369239585044598	0.00013186947172294516	True	49
development	wrong_topology	511	0.05	0.0	3.369957557577887	3.369239585044598	-0.00021309631303023657	True	25
development	wrong_topology	511	1.0	0.1	3.377325259686318	3.369239585044598	-0.002399851491004412	True	112
development	wrong_topology	511	0.25	0.1	3.391408155342608	3.369239585044598	-0.006579695429322463	True	41
development	wrong_topology	511	1.0	0.25	3.417330358537729	3.369239585044598	-0.014273479899321151	True	87
development	wrong_topology	511	0.25	0.25	3.509831585893033	3.369239585044598	-0.04172811024555667	True	31
development	wrong_topology	511	0.05	0.1	3.6595934223593094	3.369239585044598	-0.08617785407827205	True	18
development	wrong_topology	511	0.05	0.25	4.288821677524557	3.369239585044598	-0.2729346101006902	True	14
development	wrong_topology	512	0.05	0.0	3.860479930839344	3.863374169186947	0.0007491478228245363	True	24
development	wrong_topology	512	0.25	0.0	3.860807629339301	3.863374169186947	0.000664325984295222	True	47
development	wrong_topology	512	1.0	0.0	3.8620745863148622	3.863374169186947	0.00033638545353686933	True	125
development	wrong_topology	512	1.0	0.1	3.8659462865355163	3.863374169186947	-0.0006657696707410565	True	106
development	wrong_topology	512	1.0	0.25	3.8805579330904214	3.863374169186947	-0.004447864263453116	True	86
development	wrong_topology	512	0.25	0.1	3.883380255452795	3.863374169186947	-0.005178397273919444	True	39
development	wrong_topology	512	0.25	0.25	3.9675796331489623	3.863374169186947	-0.026972656387549865	True	31
development	wrong_topology	512	0.05	0.1	4.134119080756395	3.863374169186947	-0.07007990935199171	True	17
development	wrong_topology	512	0.05	0.25	4.6803340688829245	3.863374169186947	-0.21146279493500564	True	13
development	wrong_topology	513	1.0	0.1	3.4763648634469106	3.4778064192573277	0.00041450145195975896	True	103
development	wrong_topology	513	1.0	0.0	3.4786770848046142	3.4778064192573277	-0.000250349054066179	True	122
development	wrong_topology	513	0.25	0.1	3.4793317572172726	3.4778064192573277	-0.00043859196748230467	True	38
development	wrong_topology	513	0.25	0.0	3.4806961370937177	3.4778064192573277	-0.0008309024390744657	True	46
development	wrong_topology	513	1.0	0.25	3.480870682842135	3.4778064192573277	-0.0008810908990908306	True	81
development	wrong_topology	513	0.05	0.0	3.4840588841400866	3.4778064192573277	-0.0017978185468108254	True	24
development	wrong_topology	513	0.25	0.25	3.5273217175523683	3.4778064192573277	-0.014237508453853076	True	29
development	wrong_topology	513	0.05	0.1	3.645983168946247	3.4778064192573277	-0.04835713361091343	True	17
development	wrong_topology	513	0.05	0.25	4.07229014789778	3.4778064192573277	-0.17093640558849788	True	13
development	wrong_topology	514	0.05	0.0	3.662988752889055	3.668162471424639	0.0014104387621561854	True	24
development	wrong_topology	514	0.25	0.0	3.6641421430937204	3.668162471424639	0.0010960060690433648	True	46
development	wrong_topology	514	1.0	0.0	3.666248040975016	3.668162471424639	0.0005219044861116684	True	123
development	wrong_topology	514	1.0	0.1	3.670030948703987	3.668162471424639	-0.0005093769138917459	True	105
development	wrong_topology	514	1.0	0.25	3.683783916887707	3.668162471424639	-0.004258656911944492	True	83
development	wrong_topology	514	0.25	0.1	3.686826252017159	3.668162471424639	-0.005088046327803797	True	38
development	wrong_topology	514	0.25	0.25	3.7689362285724513	3.668162471424639	-0.027472544614054017	True	30
development	wrong_topology	514	0.05	0.1	3.9320973727573363	3.668162471424639	-0.07195289286905293	True	17
development	wrong_topology	514	0.05	0.25	4.4646029034943275	3.668162471424639	-0.2171224525287636	True	13
development	wrong_topology	515	0.05	0.0	4.234343824256107	4.243117756477147	0.002067803140190283	True	23
development	wrong_topology	515	0.25	0.0	4.23680930327706	4.243117756477147	0.0014867494993409114	True	45
development	wrong_topology	515	1.0	0.1	4.238956708292264	4.243117756477147	0.0009806581913810453	True	102
development	wrong_topology	515	1.0	0.0	4.240249866408417	4.243117756477147	0.0006758921701741638	True	120
development	wrong_topology	515	1.0	0.25	4.243477514516059	4.243117756477147	-8.478624906471666e-05	True	78
development	wrong_topology	515	0.25	0.1	4.250657270093996	4.243117756477147	-0.0017768805980791225	True	37
development	wrong_topology	515	0.25	0.25	4.313804243623065	4.243117756477147	-0.016659091546072258	True	28
development	wrong_topology	515	0.05	0.1	4.460113504765756	4.243117756477147	-0.05114063779101197	True	17
development	wrong_topology	515	0.05	0.25	4.923201076528329	4.243117756477147	-0.16027915299146023	True	13
development	wrong_topology	516	1.0	0.0	3.4725625515294882	3.4729222191639075	0.00010356340042250167	True	129
development	wrong_topology	516	0.25	0.0	3.4725760497666216	3.4729222191639075	9.967669168509108e-05	True	48
development	wrong_topology	516	0.05	0.0	3.4734647089296637	3.4729222191639075	-0.00015620556163420396	True	25
development	wrong_topology	516	1.0	0.1	3.478762441039463	3.4729222191639075	-0.0016816448820329288	True	109
development	wrong_topology	516	0.25	0.1	3.4972636756029094	3.4729222191639075	-0.007008926461031351	True	40
development	wrong_topology	516	1.0	0.25	3.5044239725977295	3.4729222191639075	-0.009070676348578166	True	84
development	wrong_topology	516	0.25	0.25	3.5927362372639773	3.4729222191639075	-0.03449948214760612	True	30
development	wrong_topology	516	0.05	0.1	3.739925185750663	3.4729222191639075	-0.07688135516350125	True	18
development	wrong_topology	516	0.05	0.25	4.269036434162148	3.4729222191639075	-0.2292346804098313	True	14
development	global_null	501	1.0	0.0	1.3577220676738353	1.3567322471720586	-0.0007295621548317754	True	110
development	global_null	501	1.0	0.1	1.3587138966330226	1.3567322471720586	-0.0014606046735414768	True	95
development	global_null	501	0.25	0.0	1.3595901276084739	1.3567322471720586	-0.002106443951908732	True	42
development	global_null	501	1.0	0.25	1.3619945570412315	1.3567322471720586	-0.0038786649909305915	True	79
development	global_null	501	0.05	0.0	1.3621022789026658	1.3567322471720586	-0.003958063016339608	True	22
development	global_null	501	0.25	0.1	1.3679808718608462	1.3567322471720586	-0.008290968768696949	True	35
development	global_null	501	0.25	0.25	1.3990682235277008	1.3567322471720586	-0.031204370975840057	True	29
development	global_null	501	0.05	0.1	1.4719779583263166	1.3567322471720586	-0.08494359251390504	True	16
development	global_null	501	0.05	0.25	1.6945502822325798	1.3567322471720586	-0.24899388642428244	True	13
development	global_null	502	1.0	0.1	1.3128845086773615	1.3136732942467697	0.0006004427226028453	True	90
development	global_null	502	0.25	0.0	1.312944139081195	1.3136732942467697	0.0005550506117222298	True	40
development	global_null	502	1.0	0.0	1.313044503148136	1.3136732942467697	0.0004786510477053918	True	105
development	global_null	502	0.05	0.0	1.3136460820916158	1.3136732942467697	2.0714553057521456e-05	True	21
development	global_null	502	1.0	0.25	1.3145943346906646	1.3136732942467697	-0.0007011183434484369	True	75
development	global_null	502	0.25	0.1	1.3185593603898371	1.3136732942467697	-0.003719392153639589	True	34
development	global_null	502	0.25	0.25	1.3461821807943484	1.3136732942467697	-0.024746553568494756	True	28
development	global_null	502	0.05	0.1	1.4154124897885074	1.3136732942467697	-0.07744634528790706	True	15
development	global_null	502	0.05	0.25	1.6310998180523442	1.3136732942467697	-0.24163277520807003	True	12
development	global_null	503	1.0	0.0	1.3288052588198336	1.3289438701361629	0.00010430185912602141	True	108
development	global_null	503	0.25	0.0	1.329171276047437	1.3289438701361629	-0.0001711177698202615	True	41
development	global_null	503	0.05	0.0	1.3302161357605347	1.3289438701361629	-0.0009573509107208	True	21
development	global_null	503	1.0	0.1	1.3305640948554733	1.3289438701361629	-0.001219182206050995	True	94
development	global_null	503	1.0	0.25	1.3349241718540414	1.3289438701361629	-0.004500040861218579	True	78
development	global_null	503	0.25	0.1	1.34116683211193	1.3289438701361629	-0.009197500549451343	True	35
development	global_null	503	0.25	0.25	1.3770725080834427	1.3289438701361629	-0.036215704085642564	True	29
development	global_null	503	0.05	0.1	1.4571203142600704	1.3289438701361629	-0.09644985541095474	True	16
development	global_null	503	0.05	0.25	1.6950243124450874	1.3289438701361629	-0.2754671965727311	True	12
development	global_null	504	1.0	0.0	1.358519659979987	1.358447076414388	-5.3431279627425e-05	True	115
development	global_null	504	1.0	0.1	1.3586914296585524	1.358447076414388	-0.0001798768964995645	True	99
development	global_null	504	0.25	0.0	1.3591543212213855	1.358447076414388	-0.000520627427653686	True	43
development	global_null	504	0.05	0.0	1.360422537582032	1.358447076414388	-0.0014542054688344574	True	23
development	global_null	504	1.0	0.25	1.3608600329654317	1.358447076414388	-0.0017762609916409655	True	83
development	global_null	504	0.25	0.1	1.3653325197740964	1.358447076414388	-0.00506861362452371	True	37
development	global_null	504	0.25	0.25	1.394043791954034	1.358447076414388	-0.026203976700809983	True	30
development	global_null	504	0.05	0.1	1.4650325079413704	1.358447076414388	-0.07846123222430856	True	16
development	global_null	504	0.05	0.25	1.6854825447788089	1.358447076414388	-0.24074214891582568	True	13
development	global_null	505	1.0	0.1	1.346163475566754	1.3450591275744768	-0.0008210404804052107	True	91
development	global_null	505	1.0	0.0	1.346484060912736	1.3450591275744768	-0.0010593834196930274	True	105
development	global_null	505	1.0	0.25	1.3476676472285085	1.3450591275744768	-0.0019393345619946878	True	76
development	global_null	505	0.25	0.0	1.3492563054112312	1.3450591275744768	-0.0031204411395082676	True	40
development	global_null	505	0.05	0.0	1.352978461619487	1.3450591275744768	-0.005887721872339657	True	21
development	global_null	505	0.25	0.1	1.3535033315382579	1.3450591275744768	-0.006277942575660944	True	34
development	global_null	505	0.25	0.25	1.3805738562445253	1.3450591275744768	-0.026403841988784205	True	28
development	global_null	505	0.05	0.1	1.4522539341459142	1.3450591275744768	-0.07969523746122609	True	15
development	global_null	505	0.05	0.25	1.6750804626966642	1.3450591275744768	-0.2453582361968798	True	12
development	global_null	506	0.25	0.0	1.3091209746164283	1.3103309627474307	0.0009234217654945365	True	40
development	global_null	506	1.0	0.0	1.309401517520712	1.3103309627474307	0.0007093209678642465	True	106
development	global_null	506	0.05	0.0	1.3098549829809076	1.3103309627474307	0.00036325156014405113	True	21
development	global_null	506	1.0	0.1	1.3098735032287112	1.3103309627474307	0.0003491175372672961	True	93
development	global_null	506	1.0	0.25	1.3125414576186254	1.3103309627474307	-0.0016869744622074467	True	79
development	global_null	506	0.25	0.1	1.3171207299048404	1.3103309627474307	-0.0051817192376903964	True	35
development	global_null	506	0.25	0.25	1.3497256639481385	1.3103309627474307	-0.03006469534849976	True	29
development	global_null	506	0.05	0.1	1.4288606582452295	1.3103309627474307	-0.09045783001973184	True	16
development	global_null	506	0.05	0.25	1.672665568323749	1.3103309627474307	-0.2765214406722061	True	13
development	global_null	507	1.0	0.0	1.3154853826831507	1.3157603054989324	0.000208945971870933	True	115
development	global_null	507	0.25	0.0	1.3158292650837964	1.3157603054989324	-5.241044632198211e-05	True	43
development	global_null	507	1.0	0.1	1.3160299110405267	1.3157603054989324	-0.00020490475390344542	True	98
development	global_null	507	0.05	0.0	1.3169925008124024	1.3157603054989324	-0.0009364891981618051	True	22
development	global_null	507	1.0	0.25	1.3187360602034444	1.3157603054989324	-0.0022616237106982684	True	81
development	global_null	507	0.25	0.1	1.3224680787212992	1.3157603054989324	-0.005098020661007396	True	36
development	global_null	507	0.25	0.25	1.3503119891707802	1.3157603054989324	-0.026259861714513333	True	30
development	global_null	507	0.05	0.1	1.4163443518517123	1.3157603054989324	-0.07644556985980722	True	16
development	global_null	507	0.05	0.25	1.622498178694133	1.3157603054989324	-0.23312595152267224	True	13
development	global_null	508	0.25	0.0	1.3579578914183512	1.358598854778234	0.00047178264402947256	True	40
development	global_null	508	1.0	0.0	1.3579953978603734	1.358598854778234	0.0004441759359197217	True	105
development	global_null	508	0.05	0.0	1.358836887553092	1.358598854778234	-0.00017520460437681074	True	21
development	global_null	508	1.0	0.1	1.3589604828382063	1.358598854778234	-0.00026617721537181005	True	93
development	global_null	508	1.0	0.25	1.3622011911854761	1.358598854778234	-0.0026515084968403713	True	80
development	global_null	508	0.25	0.1	1.3673419384505558	1.358598854778234	-0.006435368057003954	True	35
development	global_null	508	0.25	0.25	1.399716739410969	1.358598854778234	-0.030264919249800792	True	29
development	global_null	508	0.05	0.1	1.4750090172619084	1.358598854778234	-0.08568398396204757	True	16
development	global_null	508	0.05	0.25	1.7034249674794089	1.358598854778234	-0.2538101011114582	True	13
development	global_null	509	1.0	0.0	1.3361960371950372	1.3339533022421313	-0.0016812694635834902	True	114
development	global_null	509	1.0	0.1	1.3371080136286346	1.3339533022421313	-0.002364933900760091	True	98
development	global_null	509	0.25	0.0	1.339737993248119	1.3339533022421313	-0.004336501882235888	True	43
development	global_null	509	1.0	0.25	1.3404873461052949	1.3339533022421313	-0.00489825532286714	True	81
development	global_null	509	0.05	0.0	1.34387733467836	1.3339533022421313	-0.007439565102877355	True	22
development	global_null	509	0.25	0.1	1.347662726014039	1.3339533022421313	-0.010277289129135836	True	36
development	global_null	509	0.25	0.25	1.378371983267463	1.3339533022421313	-0.0332985277300728	True	30
development	global_null	509	0.05	0.1	1.451965320404481	1.3339533022421313	-0.08846787812136525	True	16
development	global_null	509	0.05	0.25	1.672564068006552	1.3339533022421313	-0.2538400446217106	True	13
development	global_null	510	1.0	0.1	1.3964317551925234	1.396214520121367	-0.00015558860621034398	True	89
development	global_null	510	1.0	0.25	1.3971789608134657	1.396214520121367	-0.0006907539480500713	True	72
development	global_null	510	1.0	0.0	1.397295336470095	1.396214520121367	-0.0007741047905978071	True	104
development	global_null	510	0.25	0.0	1.3993185348350081	1.396214520121367	-0.0022231646132511163	True	40
development	global_null	510	0.25	0.1	1.4017878858037727	1.396214520121367	-0.003991768888008229	True	33
development	global_null	510	0.05	0.0	1.4019775751468864	1.396214520121367	-0.004127628629029267	True	21
development	global_null	510	0.25	0.25	1.4270779253236747	1.396214520121367	-0.022105059614782485	True	27
development	global_null	510	0.05	0.1	1.4970634478284017	1.396214520121367	-0.07223025276822681	True	15
development	global_null	510	0.05	0.25	1.7198533079885188	1.396214520121367	-0.23179732283475984	True	12
development	global_null	511	1.0	0.1	1.3772616714936863	1.3772765551784607	1.0806605774571487e-05	True	89
development	global_null	511	1.0	0.25	1.3779792909771087	1.3772765551784607	-0.0005102357954223091	True	75
development	global_null	511	1.0	0.0	1.3782789843949208	1.3772765551784607	-0.0007278343718921665	True	103
development	global_null	511	0.25	0.0	1.380305419086417	1.3772765551784607	-0.0021991690024549815	True	39
development	global_null	511	0.25	0.1	1.3826253877224493	1.3772765551784607	-0.0038836299970963495	True	33
development	global_null	511	0.05	0.0	1.3831204346160588	1.3772765551784607	-0.00424306898685356	True	21
development	global_null	511	0.25	0.25	1.4099317026790077	1.3772765551784607	-0.02370994218827427	True	28
development	global_null	511	0.05	0.1	1.4853785682748324	1.3772765551784607	-0.07848969234967074	True	15
development	global_null	511	0.05	0.25	1.7278131571532038	1.3772765551784607	-0.2545143171549322	True	12
development	global_null	512	0.05	0.0	1.3048192408970805	1.308725140099525	0.002984506893592309	True	22
development	global_null	512	0.25	0.0	1.3051630208465896	1.308725140099525	0.0027218238144829376	True	42
development	global_null	512	1.0	0.0	1.3067337051690522	1.308725140099525	0.0015216601786387507	True	112
development	global_null	512	1.0	0.1	1.3076970024637202	1.308725140099525	0.0007856024189514255	True	97
development	global_null	512	1.0	0.25	1.3110932106520388	1.308725140099525	-0.0018094483554687013	True	81
development	global_null	512	0.25	0.1	1.3143420565907689	1.308725140099525	-0.004291899283616285	True	36
development	global_null	512	0.25	0.25	1.3483641010842216	1.308725140099525	-0.030288224601295655	True	30
development	global_null	512	0.05	0.1	1.4260432285913318	1.308725140099525	-0.08964303114318195	True	16
development	global_null	512	0.05	0.25	1.6707037822158275	1.308725140099525	-0.2765887435223984	True	13
development	global_null	513	1.0	0.0	1.3557586012513572	1.3554428297105818	-0.00023296559165308928	True	105
development	global_null	513	1.0	0.1	1.3557796417397443	1.3554428297105818	-0.0002484885542788362	True	91
development	global_null	513	0.25	0.0	1.3568346566976297	1.3554428297105818	-0.0010268430040276666	True	40
development	global_null	513	1.0	0.25	1.3577646521112985	1.3554428297105818	-0.0017129622510250186	True	77
development	global_null	513	0.05	0.0	1.3586011400149052	1.3554428297105818	-0.002330094811153094	True	21
development	global_null	513	0.25	0.1	1.3622333070800035	1.3554428297105818	-0.005009785156981916	True	34
development	global_null	513	0.25	0.25	1.3903963560666563	1.3554428297105818	-0.025787532745691566	True	29
development	global_null	513	0.05	0.1	1.46049887956256	1.3554428297105818	-0.0775068099880023	True	15
development	global_null	513	0.05	0.25	1.6826346379842239	1.3554428297105818	-0.24139107980194563	True	13
development	global_null	514	1.0	0.0	1.3395590736597072	1.3394415164633868	-8.77658299189843e-05	True	102
development	global_null	514	1.0	0.1	1.3400282761067366	1.3394415164633868	-0.00043806290617220967	True	87
development	global_null	514	0.25	0.0	1.3405370032109425	1.3394415164633868	-0.0008178682936812454	True	39
development	global_null	514	0.05	0.0	1.342417048784299	1.3394415164633868	-0.0022214723706404094	True	20
development	global_null	514	1.0	0.25	1.3425211799256105	1.3394415164633868	-0.002299214578890485	True	75
development	global_null	514	0.25	0.1	1.3472724440716535	1.3394415164633868	-0.005846412487603869	True	33
development	global_null	514	0.25	0.25	1.3766278669583487	1.3394415164633868	-0.02776257868514298	True	28
development	global_null	514	0.05	0.1	1.4481909450847406	1.3394415164633868	-0.08119012833683992	True	15
development	global_null	514	0.05	0.25	1.6710624520206283	1.3394415164633868	-0.2475814968262604	True	12
development	global_null	515	1.0	0.0	1.3709465485962444	1.3705778156139374	-0.0002690346933287291	True	105
development	global_null	515	1.0	0.1	1.3716722417169103	1.3705778156139374	-0.0007985143860529398	True	91
development	global_null	515	0.25	0.0	1.3718944214136728	1.3705778156139374	-0.0009606209765955498	True	40
development	global_null	515	0.05	0.0	1.373414237181668	1.3705778156139374	-0.002069507864068232	True	21
development	global_null	515	1.0	0.25	1.374529628789835	1.3705778156139374	-0.0028833190869410608	True	77
development	global_null	515	0.25	0.1	1.3798616352184794	1.3705778156139374	-0.006773653782206734	True	34
development	global_null	515	0.25	0.25	1.410535127490186	1.3705778156139374	-0.029153625150681428	True	28
development	global_null	515	0.05	0.1	1.4837856426755294	1.3705778156139374	-0.08259861335263308	True	15
development	global_null	515	0.05	0.25	1.7083851203234228	1.3705778156139374	-0.24647072268433567	True	12
development	global_null	516	1.0	0.0	1.3267399581515695	1.325612915838257	-0.000850204686335454	True	100
development	global_null	516	1.0	0.1	1.3267916035120828	1.325612915838257	-0.0008891642950539236	True	85
development	global_null	516	1.0	0.25	1.3285762206883271	1.325612915838257	-0.002235422433400469	True	74
development	global_null	516	0.25	0.0	1.328844383047904	1.325612915838257	-0.0024377155435328923	True	38
development	global_null	516	0.05	0.0	1.3316384705257494	1.325612915838257	-0.004545485801699556	True	20
development	global_null	516	0.25	0.1	1.3339757642397567	1.325612915838257	-0.006308665449454631	True	32
development	global_null	516	0.25	0.25	1.3592357526383176	1.325612915838257	-0.025363993061880308	True	27
development	global_null	516	0.05	0.1	1.4238007682773157	1.325612915838257	-0.07406977652821767	True	15
development	global_null	516	0.05	0.25	1.6212877946982107	1.325612915838257	-0.22304767502433576	True	12
holdout	smooth_helpful_anchor	5001	0.05	0.25	1.7512720657261664	4.1761407349331945	0.5806482164078263	True	13
holdout	smooth_helpful_anchor	5001	0.05	0.1	2.084289526476827	4.1761407349331945	0.5009053432893541	True	17
holdout	smooth_helpful_anchor	5001	0.25	0.25	2.657664737787926	4.1761407349331945	0.36360747722012765	True	31
holdout	smooth_helpful_anchor	5001	0.25	0.1	3.2650227222577675	4.1761407349331945	0.21817224813665248	True	38
holdout	smooth_helpful_anchor	5001	1.0	0.25	3.601912983522739	4.1761407349331945	0.1375020115119855	True	85
holdout	smooth_helpful_anchor	5001	0.05	0.0	3.6914096573535122	4.1761407349331945	0.11607153789740199	True	23
holdout	smooth_helpful_anchor	5001	1.0	0.1	3.8586304068786266	4.1761407349331945	0.07602960441409723	True	102
holdout	smooth_helpful_anchor	5001	0.25	0.0	3.8738588658856274	4.1761407349331945	0.07238306566610542	True	44
holdout	smooth_helpful_anchor	5001	1.0	0.0	4.050163762271251	4.1761407349331945	0.03016588296657552	True	118
holdout	smooth_helpful_anchor	5002	0.05	0.25	1.7394021588415722	3.7099810431396056	0.5311560521156768	True	13
holdout	smooth_helpful_anchor	5002	0.05	0.1	2.0689663561810683	3.7099810431396056	0.44232427817739295	True	17
holdout	smooth_helpful_anchor	5002	0.25	0.25	2.5400463536700895	3.7099810431396056	0.31534788880739084	True	30
holdout	smooth_helpful_anchor	5002	0.25	0.1	3.025327644849574	3.7099810431396056	0.18454363791321082	True	37
holdout	smooth_helpful_anchor	5002	1.0	0.25	3.2778183921684567	3.7099810431396056	0.11648648495665281	True	83
holdout	smooth_helpful_anchor	5002	0.05	0.0	3.3794449530444597	3.7099810431396056	0.08909374097917944	True	22
holdout	smooth_helpful_anchor	5002	1.0	0.1	3.476546160691618	3.7099810431396056	0.06292077499416038	True	100
holdout	smooth_helpful_anchor	5002	0.25	0.0	3.5045685041191916	3.7099810431396056	0.05536754410113687	True	43
holdout	smooth_helpful_anchor	5002	1.0	0.0	3.6245389194972297	3.7099810431396056	0.02303033968337198	True	116
holdout	smooth_helpful_anchor	5003	0.05	0.25	1.7403974122671382	3.2258291831454757	0.460480604069031	True	13
holdout	smooth_helpful_anchor	5003	0.05	0.1	1.9404406418797766	3.2258291831454757	0.3984676398805249	True	16
holdout	smooth_helpful_anchor	5003	0.25	0.25	2.288044942825337	3.2258291831454757	0.2907110659237431	True	30
holdout	smooth_helpful_anchor	5003	0.25	0.1	2.645542249168573	3.2258291831454757	0.17988768190480264	True	36
holdout	smooth_helpful_anchor	5003	1.0	0.25	2.862419470421741	3.2258291831454757	0.11265621708133267	True	81
holdout	smooth_helpful_anchor	5003	0.05	0.0	2.881699135716645	3.2258291831454757	0.10667956295604997	True	22
holdout	smooth_helpful_anchor	5003	0.25	0.0	3.003471810084112	3.2258291831454757	0.06893029991270183	True	43
holdout	smooth_helpful_anchor	5003	1.0	0.1	3.015529825765653	3.2258291831454757	0.06519234139197716	True	98
holdout	smooth_helpful_anchor	5003	1.0	0.0	3.1298224834427946	3.2258291831454757	0.029761867182646617	True	113
holdout	smooth_helpful_anchor	5004	0.05	0.25	1.8031235546659312	3.4152956283659335	0.4720446629304985	True	13
holdout	smooth_helpful_anchor	5004	0.05	0.1	2.0195107763766016	3.4152956283659335	0.40868639317679	True	16
holdout	smooth_helpful_anchor	5004	0.25	0.25	2.4028688578435835	3.4152956283659335	0.29643898528536783	True	30
holdout	smooth_helpful_anchor	5004	0.25	0.1	2.800739194533353	3.4152956283659335	0.179942382945812	True	36
holdout	smooth_helpful_anchor	5004	1.0	0.25	3.0303628172197756	3.4152956283659335	0.11270848940544897	True	82
holdout	smooth_helpful_anchor	5004	0.05	0.0	3.0694559981264646	3.4152956283659335	0.10126198955284516	True	22
holdout	smooth_helpful_anchor	5004	0.25	0.0	3.1985833080346184	3.4152956283659335	0.06345345876690689	True	42
holdout	smooth_helpful_anchor	5004	1.0	0.1	3.198876519496563	3.4152956283659335	0.06336760632722072	True	97
holdout	smooth_helpful_anchor	5004	1.0	0.0	3.324618016388782	3.4152956283659335	0.026550443019931702	True	111
holdout	smooth_helpful_anchor	5005	0.05	0.25	1.7886951563248676	3.6633131317409724	0.5117274740107192	True	13
holdout	smooth_helpful_anchor	5005	0.05	0.1	2.1025176020862406	3.6633131317409724	0.42606118383141633	True	16
holdout	smooth_helpful_anchor	5005	0.25	0.25	2.5539492294761272	3.6633131317409724	0.302830760672	True	28
holdout	smooth_helpful_anchor	5005	0.25	0.1	3.000724839000758	3.6633131317409724	0.1808713230106328	True	37
holdout	smooth_helpful_anchor	5005	1.0	0.25	3.2516777474071397	3.6633131317409724	0.11236696660386358	True	77
holdout	smooth_helpful_anchor	5005	0.05	0.0	3.303998345138869	3.6633131317409724	0.09808465006411848	True	23
holdout	smooth_helpful_anchor	5005	1.0	0.1	3.4341832180073237	3.6633131317409724	0.06254718215277322	True	99
holdout	smooth_helpful_anchor	5005	0.25	0.0	3.4395651632486914	3.6633131317409724	0.06107803522270716	True	44
holdout	smooth_helpful_anchor	5005	1.0	0.0	3.569983355750334	3.6633131317409724	0.025476876432423246	True	118
holdout	smooth_helpful_anchor	5006	0.05	0.25	1.8760650302838482	3.8863075840031427	0.5172628543334744	True	13
holdout	smooth_helpful_anchor	5006	0.05	0.1	2.1223427399420802	3.8863075840031427	0.4538922372799086	True	17
holdout	smooth_helpful_anchor	5006	0.25	0.25	2.592784835012959	3.8863075840031427	0.33284106340800057	True	30
holdout	smooth_helpful_anchor	5006	0.25	0.1	3.0850048842268274	3.8863075840031427	0.20618612460697794	True	38
holdout	smooth_helpful_anchor	5006	1.0	0.25	3.383064528826402	3.8863075840031427	0.12949130872918935	True	84
holdout	smooth_helpful_anchor	5006	0.05	0.0	3.4255694735548508	3.8863075840031427	0.11855420614281453	True	23
holdout	smooth_helpful_anchor	5006	0.25	0.0	3.5863893036821746	3.8863075840031427	0.07717306822432035	True	45
holdout	smooth_helpful_anchor	5006	1.0	0.1	3.594878356061479	3.8863075840031427	0.07498871914854288	True	103
holdout	smooth_helpful_anchor	5006	1.0	0.0	3.7554283822795878	3.8863075840031427	0.03367700545944463	True	120
holdout	smooth_helpful_anchor	5007	0.05	0.25	1.9255018679734253	4.0438153401923564	0.5238403077322931	True	14
holdout	smooth_helpful_anchor	5007	0.05	0.1	2.2594757604835722	4.0438153401923564	0.44125149879467707	True	17
holdout	smooth_helpful_anchor	5007	0.25	0.25	2.767799888456618	4.0438153401923564	0.3155474086695167	True	32
holdout	smooth_helpful_anchor	5007	0.25	0.1	3.268719027034605	4.0438153401923564	0.19167450735296965	True	38
holdout	smooth_helpful_anchor	5007	1.0	0.25	3.5654251781125317	4.0438153401923564	0.11830168339414548	True	88
holdout	smooth_helpful_anchor	5007	0.05	0.0	3.589281555999691	4.0438153401923564	0.11240221077232582	True	23
holdout	smooth_helpful_anchor	5007	0.25	0.0	3.7629381321040194	4.0438153401923564	0.06945846544886403	True	45
holdout	smooth_helpful_anchor	5007	1.0	0.1	3.7730623864180015	4.0438153401923564	0.06695482632040162	True	102
holdout	smooth_helpful_anchor	5007	1.0	0.0	3.927861303465807	4.0438153401923564	0.028674414376457014	True	119
holdout	smooth_helpful_anchor	5008	0.05	0.25	1.7414110086206716	3.4413764070703277	0.49397833813153	True	13
holdout	smooth_helpful_anchor	5008	0.05	0.1	2.0218845226862254	3.4413764070703277	0.4124779496563491	True	16
holdout	smooth_helpful_anchor	5008	0.25	0.25	2.4318592504310836	3.4413764070703277	0.29334691624118336	True	26
holdout	smooth_helpful_anchor	5008	0.25	0.1	2.836687213907496	3.4413764070703277	0.17571143683105805	True	37
holdout	smooth_helpful_anchor	5008	1.0	0.25	3.066701184235216	3.4413764070703277	0.10887365359550305	True	75
holdout	smooth_helpful_anchor	5008	0.05	0.0	3.1096001335720596	3.4413764070703277	0.09640801651822561	True	23
holdout	smooth_helpful_anchor	5008	1.0	0.1	3.232258559646212	3.4413764070703277	0.060765758431562955	True	99
holdout	smooth_helpful_anchor	5008	0.25	0.0	3.2349835559571933	3.4413764070703277	0.05997392516816791	True	44
holdout	smooth_helpful_anchor	5008	1.0	0.0	3.3556723976290432	3.4413764070703277	0.024903991689256944	True	118
holdout	smooth_helpful_anchor	5009	0.05	0.25	1.7537437495133323	3.2885130052438774	0.466706153596837	True	13
holdout	smooth_helpful_anchor	5009	0.05	0.1	2.0194394513441796	3.2885130052438774	0.38591106432482625	True	17
holdout	smooth_helpful_anchor	5009	0.25	0.25	2.385812302463289	3.2885130052438774	0.27450118072853524	True	31
holdout	smooth_helpful_anchor	5009	0.25	0.1	2.7448864074432446	3.2885130052438774	0.1653107641459114	True	37
holdout	smooth_helpful_anchor	5009	1.0	0.25	2.9499692423933537	3.2885130052438774	0.10294736931576076	True	84
holdout	smooth_helpful_anchor	5009	0.05	0.0	2.9883782174054945	3.2885130052438774	0.09126762988614812	True	23
holdout	smooth_helpful_anchor	5009	1.0	0.1	3.0970210768096926	3.2885130052438774	0.058230552267493185	True	102
holdout	smooth_helpful_anchor	5009	0.25	0.0	3.0974366153221307	3.2885130052438774	0.058104191656549786	True	44
holdout	smooth_helpful_anchor	5009	1.0	0.0	3.207076625280269	3.2885130052438774	0.024763891714507213	True	118
holdout	smooth_helpful_anchor	5010	0.05	0.25	1.6983336294021816	3.4589270599483757	0.5089998719349897	True	13
holdout	smooth_helpful_anchor	5010	0.05	0.1	1.9306691922950587	3.4589270599483757	0.44183003606792626	True	17
holdout	smooth_helpful_anchor	5010	0.25	0.25	2.3469452076877864	3.4589270599483757	0.32148172915712936	True	31
holdout	smooth_helpful_anchor	5010	0.25	0.1	2.783476054267533	3.4589270599483757	0.19527760891579016	True	38
holdout	smooth_helpful_anchor	5010	1.0	0.25	3.0341878443953125	3.4589270599483757	0.12279507725710825	True	85
holdout	smooth_helpful_anchor	5010	0.05	0.0	3.0916438520780427	3.4589270599483757	0.10618414366789641	True	24
holdout	smooth_helpful_anchor	5010	1.0	0.1	3.2191490488421644	3.4589270599483757	0.06932149968776447	True	105
holdout	smooth_helpful_anchor	5010	0.25	0.0	3.2246939564686183	3.4589270599483757	0.06771842811951445	True	46
holdout	smooth_helpful_anchor	5010	1.0	0.0	3.3585718920131415	3.4589270599483757	0.029013380795815946	True	123
holdout	smooth_helpful_anchor	5011	0.05	0.25	1.753876740834387	4.350203471108305	0.5968288029553821	True	13
holdout	smooth_helpful_anchor	5011	0.05	0.1	2.190796500114042	4.350203471108305	0.49639217690295967	True	17
holdout	smooth_helpful_anchor	5011	0.25	0.25	2.806896933601303	4.350203471108305	0.3547665178782574	True	32
holdout	smooth_helpful_anchor	5011	0.25	0.1	3.426650884344809	4.350203471108305	0.21230100911307526	True	38
holdout	smooth_helpful_anchor	5011	1.0	0.25	3.772372358511709	4.350203471108305	0.1328285254780005	True	87
holdout	smooth_helpful_anchor	5011	0.05	0.0	3.8459703355382433	4.350203471108305	0.11591024165166175	True	23
holdout	smooth_helpful_anchor	5011	1.0	0.1	4.0285647232859905	4.350203471108305	0.07393648365150385	True	103
holdout	smooth_helpful_anchor	5011	0.25	0.0	4.035619783312045	4.350203471108305	0.07231470663051842	True	45
holdout	smooth_helpful_anchor	5011	1.0	0.0	4.218827306856864	4.350203471108305	0.03020000446507176	True	118
holdout	smooth_helpful_anchor	5012	0.05	0.25	1.8041133063134651	3.612241345800256	0.5005557122004034	True	13
holdout	smooth_helpful_anchor	5012	0.05	0.1	2.0815665401205483	3.612241345800256	0.4237465493437571	True	17
holdout	smooth_helpful_anchor	5012	0.25	0.25	2.522403618576184	3.612241345800256	0.30170678614571633	True	29
holdout	smooth_helpful_anchor	5012	0.25	0.1	2.95694743001104	3.612241345800256	0.18140922852541075	True	38
holdout	smooth_helpful_anchor	5012	1.0	0.25	3.208832721099832	3.612241345800256	0.11167820366417214	True	81
holdout	smooth_helpful_anchor	5012	0.05	0.0	3.257158027083377	3.612241345800256	0.09829999845655768	True	24
holdout	smooth_helpful_anchor	5012	1.0	0.1	3.386070467197534	3.612241345800256	0.06261233869815419	True	104
holdout	smooth_helpful_anchor	5012	0.25	0.0	3.390658005792688	3.612241345800256	0.061342340889041225	True	46
holdout	smooth_helpful_anchor	5012	1.0	0.0	3.5200288810166898	3.612241345800256	0.025527769591247362	True	122
holdout	smooth_helpful_anchor	5013	0.05	0.25	1.8093385448757087	4.004605778828028	0.5481856030769594	True	13
holdout	smooth_helpful_anchor	5013	0.05	0.1	2.168214805878282	4.004605778828028	0.45856972555415343	True	17
holdout	smooth_helpful_anchor	5013	0.25	0.25	2.6858509921828424	4.004605778828028	0.3293095149633247	True	31
holdout	smooth_helpful_anchor	5013	0.25	0.1	3.2036921138086805	4.004605778828028	0.19999812946725049	True	37
holdout	smooth_helpful_anchor	5013	1.0	0.25	3.5045674283428574	4.004605778828028	0.12486581154350462	True	84
holdout	smooth_helpful_anchor	5013	0.05	0.0	3.542726491945753	4.004605778828028	0.1153370175222207	True	23
holdout	smooth_helpful_anchor	5013	0.25	0.0	3.7134780169940163	4.004605778828028	0.07269823246352392	True	44
holdout	smooth_helpful_anchor	5013	1.0	0.1	3.720874722926232	4.004605778828028	0.07085118275607927	True	101
holdout	smooth_helpful_anchor	5013	1.0	0.0	3.8817876182795636	4.004605778828028	0.03066922621891821	True	118
holdout	smooth_helpful_anchor	5014	0.05	0.25	1.7534177517643275	3.4028602333911455	0.48472237132791496	True	13
holdout	smooth_helpful_anchor	5014	0.05	0.1	1.9792673367558968	3.4028602333911455	0.41835185667221975	True	18
holdout	smooth_helpful_anchor	5014	0.25	0.25	2.368820635645974	3.4028602333911455	0.3038736612213696	True	32
holdout	smooth_helpful_anchor	5014	0.25	0.1	2.768504037063322	3.4028602333911455	0.18641852818493554	True	40
holdout	smooth_helpful_anchor	5014	1.0	0.25	3.004762468903933	3.4028602333911455	0.11698916122995895	True	89
holdout	smooth_helpful_anchor	5014	0.05	0.0	3.0468166822217344	3.4028602333911455	0.1046306714791495	True	24
holdout	smooth_helpful_anchor	5014	0.25	0.0	3.173454212811548	3.4028602333911455	0.06741564591119908	True	47
holdout	smooth_helpful_anchor	5014	1.0	0.1	3.174372927126675	3.4028602333911455	0.06714566294036994	True	108
holdout	smooth_helpful_anchor	5014	1.0	0.0	3.3037445021537732	3.4028602333911455	0.029127182558008835	True	126
holdout	smooth_helpful_anchor	5015	0.05	0.25	1.7062555292025536	3.4994151116660754	0.5124169397581977	True	13
holdout	smooth_helpful_anchor	5015	0.05	0.1	1.9728379679471009	3.4994151116660754	0.43623779831943676	True	17
holdout	smooth_helpful_anchor	5015	0.25	0.25	2.3959337254930455	3.4994151116660754	0.31533309166275536	True	30
holdout	smooth_helpful_anchor	5015	0.25	0.1	2.823629459845412	3.4994151116660754	0.19311388625138592	True	37
holdout	smooth_helpful_anchor	5015	1.0	0.25	3.0779875303766477	3.4994151116660754	0.12042800520707175	True	83
holdout	smooth_helpful_anchor	5015	0.05	0.0	3.1071562038125657	3.4994151116660754	0.11209270559123663	True	23
holdout	smooth_helpful_anchor	5015	0.25	0.0	3.249501833325397	3.4994151116660754	0.0714157281619826	True	44
holdout	smooth_helpful_anchor	5015	1.0	0.1	3.257831418858415	3.4994151116660754	0.06903544881037049	True	101
holdout	smooth_helpful_anchor	5015	1.0	0.0	3.392581923628168	3.4994151116660754	0.030528869719329776	True	117
holdout	smooth_helpful_anchor	5016	0.05	0.25	1.7464365662199168	3.6827905820096443	0.525784448686487	True	13
holdout	smooth_helpful_anchor	5016	0.05	0.1	1.9860345066809848	3.6827905820096443	0.4607256474525806	True	17
holdout	smooth_helpful_anchor	5016	0.25	0.25	2.442100927717547	3.6827905820096443	0.33688846179656273	True	30
holdout	smooth_helpful_anchor	5016	0.25	0.1	2.9238167652326656	3.6827905820096443	0.20608660739075146	True	38
holdout	smooth_helpful_anchor	5016	1.0	0.25	3.206189243543199	3.6827905820096443	0.1294130979900494	True	83
holdout	smooth_helpful_anchor	5016	0.05	0.0	3.2544442040966284	3.6827905820096443	0.11631027297763796	True	24
holdout	smooth_helpful_anchor	5016	0.25	0.0	3.4113929436802892	3.6827905820096443	0.07369347571787732	True	45
holdout	smooth_helpful_anchor	5016	1.0	0.1	3.4125174016330573	3.6827905820096443	0.07338814802472504	True	103
holdout	smooth_helpful_anchor	5016	1.0	0.0	3.5678596580536426	3.6827905820096443	0.031207564317514258	True	121
holdout	smooth_noisy_anchor	5001	0.05	0.0	3.691409658076856	4.1761407349331945	0.11607153772419332	True	23
holdout	smooth_noisy_anchor	5001	0.25	0.0	3.8738588688692475	4.1761407349331945	0.07238306495166102	True	44
holdout	smooth_noisy_anchor	5001	0.25	0.1	3.913261986861504	4.1761407349331945	0.06294777038348442	True	37
holdout	smooth_noisy_anchor	5001	0.25	0.25	4.010477364869304	4.1761407349331945	0.039669010356409906	True	30
holdout	smooth_noisy_anchor	5001	1.0	0.0	4.05016377450664	4.1761407349331945	0.03016588003674403	True	117
holdout	smooth_noisy_anchor	5001	1.0	0.1	4.052403858796526	4.1761407349331945	0.029629479462130126	True	100
holdout	smooth_noisy_anchor	5001	0.05	0.1	4.060490422371835	4.1761407349331945	0.027693107081844914	True	17
holdout	smooth_noisy_anchor	5001	1.0	0.25	4.060727667223559	4.1761407349331945	0.027636297489740058	True	82
holdout	smooth_noisy_anchor	5001	0.05	0.25	4.665729168078523	4.1761407349331945	-0.11723465855686999	True	13
holdout	smooth_noisy_anchor	5002	0.05	0.0	3.37944495311016	3.7099810431396056	0.08909374096147038	True	23
holdout	smooth_noisy_anchor	5002	0.25	0.0	3.5045685044643853	3.7099810431396056	0.055367544008092295	True	45
holdout	smooth_noisy_anchor	5002	0.25	0.1	3.53755387670626	3.7099810431396056	0.04647656266389644	True	38
holdout	smooth_noisy_anchor	5002	0.25	0.25	3.624031851815236	3.7099810431396056	0.023167016306809507	True	31
holdout	smooth_noisy_anchor	5002	1.0	0.0	3.6245389184986925	3.7099810431396056	0.023030339952520906	True	120
holdout	smooth_noisy_anchor	5002	1.0	0.1	3.627141569357356	3.7099810431396056	0.02232881322545688	True	103
holdout	smooth_noisy_anchor	5002	1.0	0.25	3.6360361912474857	3.7099810431396056	0.01993132876753012	True	84
holdout	smooth_noisy_anchor	5002	0.05	0.1	3.6964560696316346	3.7099810431396056	0.003645564047552452	True	17
holdout	smooth_noisy_anchor	5002	0.05	0.25	4.238398373771273	3.7099810431396056	-0.14243127511629794	True	13
holdout	smooth_noisy_anchor	5003	0.05	0.0	2.881699135546773	3.2258291831454757	0.10667956300870973	True	22
holdout	smooth_noisy_anchor	5003	0.25	0.0	3.003471809984177	3.2258291831454757	0.0689302999436816	True	42
holdout	smooth_noisy_anchor	5003	0.25	0.1	3.0510428750514493	3.2258291831454757	0.05418337369109971	True	35
holdout	smooth_noisy_anchor	5003	1.0	0.0	3.129822483251727	3.2258291831454757	0.029761867241877238	True	110
holdout	smooth_noisy_anchor	5003	1.0	0.1	3.136916219621262	3.2258291831454757	0.02756282446348124	True	93
holdout	smooth_noisy_anchor	5003	0.25	0.25	3.1479366348909843	3.2258291831454757	0.024146519803797895	True	27
holdout	smooth_noisy_anchor	5003	1.0	0.25	3.150418909022875	3.2258291831454757	0.023377020245402114	True	74
holdout	smooth_noisy_anchor	5003	0.05	0.1	3.225228317524689	3.2258291831454757	0.00018626702986190846	True	15
holdout	smooth_noisy_anchor	5003	0.05	0.25	3.746180977710712	3.2258291831454757	-0.16130791961459212	True	12
holdout	smooth_noisy_anchor	5004	0.05	0.0	3.0694559992926087	3.4152956283659335	0.10126198921139762	True	22
holdout	smooth_noisy_anchor	5004	0.25	0.0	3.1985833107547017	3.4152956283659335	0.06345345797046531	True	42
holdout	smooth_noisy_anchor	5004	0.25	0.1	3.245489541828754	3.4152956283659335	0.04971929373458783	True	35
holdout	smooth_noisy_anchor	5004	1.0	0.0	3.3246180276188992	3.4152956283659335	0.026550439731748643	True	111
holdout	smooth_noisy_anchor	5004	1.0	0.1	3.3302711113016983	3.4152956283659335	0.024895214445876723	True	96
holdout	smooth_noisy_anchor	5004	1.0	0.25	3.3424992448198827	3.4152956283659335	0.021314811795920763	True	79
holdout	smooth_noisy_anchor	5004	0.25	0.25	3.3462050147450757	3.4152956283659335	0.02022976079933514	True	29
holdout	smooth_noisy_anchor	5004	0.05	0.1	3.436033015782939	3.4152956283659335	-0.006071915779345627	True	16
holdout	smooth_noisy_anchor	5004	0.05	0.25	4.002601364085337	3.4152956283659335	-0.17196336704837556	True	13
holdout	smooth_noisy_anchor	5005	0.05	0.0	3.303998345055708	3.6633131317409724	0.09808465008681955	True	24
holdout	smooth_noisy_anchor	5005	0.25	0.0	3.439565163178784	3.6633131317409724	0.06107803524179034	True	47
holdout	smooth_noisy_anchor	5005	0.25	0.1	3.4936065361565025	3.6633131317409724	0.046325986745178294	True	39
holdout	smooth_noisy_anchor	5005	1.0	0.0	3.5699833557467984	3.6633131317409724	0.025476876433388473	True	124
holdout	smooth_noisy_anchor	5005	1.0	0.1	3.579779091521509	3.6633131317409724	0.022802866480530537	True	105
holdout	smooth_noisy_anchor	5005	1.0	0.25	3.6032814476533366	3.6633131317409724	0.01638726527838641	True	82
holdout	smooth_noisy_anchor	5005	0.25	0.25	3.612873110374602	3.6633131317409724	0.013768962562694997	True	29
holdout	smooth_noisy_anchor	5005	0.05	0.1	3.698258968651824	3.6633131317409724	-0.009539407540147593	True	17
holdout	smooth_noisy_anchor	5005	0.05	0.25	4.304410914882005	3.6633131317409724	-0.17500490951379666	True	13
holdout	smooth_noisy_anchor	5006	0.05	0.0	3.425569473469953	3.8863075840031427	0.11855420616465984	True	25
holdout	smooth_noisy_anchor	5006	0.25	0.0	3.5863893031835694	3.8863075840031427	0.07717306835261828	True	48
holdout	smooth_noisy_anchor	5006	0.25	0.1	3.6805565049129076	3.8863075840031427	0.05294256171002765	True	40
holdout	smooth_noisy_anchor	5006	1.0	0.0	3.755428380891259	3.8863075840031427	0.03367700581668054	True	129
holdout	smooth_noisy_anchor	5006	1.0	0.1	3.7758049145315704	3.8863075840031427	0.028433845516094625	True	109
holdout	smooth_noisy_anchor	5006	1.0	0.25	3.8204984172827405	3.8863075840031427	0.016933597070722506	True	85
holdout	smooth_noisy_anchor	5006	0.25	0.25	3.8671461442045425	3.8863075840031427	0.0049305000657881015	True	30
holdout	smooth_noisy_anchor	5006	0.05	0.1	4.001776024875873	3.8863075840031427	-0.029711606293856718	True	18
holdout	smooth_noisy_anchor	5006	0.05	0.25	4.8184325091485505	3.8863075840031427	-0.23984846927253756	True	14
holdout	smooth_noisy_anchor	5007	0.05	0.0	3.5892815569719763	4.0438153401923564	0.11240221053188815	True	24
holdout	smooth_noisy_anchor	5007	0.25	0.0	3.7629381347720194	4.0438153401923564	0.06945846478909101	True	47
holdout	smooth_noisy_anchor	5007	0.25	0.1	3.841338317132945	4.0438153401923564	0.05007078860573788	True	39
holdout	smooth_noisy_anchor	5007	1.0	0.0	3.9278613163662124	4.0438153401923564	0.028674411186300208	True	126
holdout	smooth_noisy_anchor	5007	1.0	0.1	3.9416924915968896	4.0438153401923564	0.02525408308842536	True	107
holdout	smooth_noisy_anchor	5007	1.0	0.25	3.969078617427473	4.0438153401923564	0.018481734816636952	True	86
holdout	smooth_noisy_anchor	5007	0.25	0.25	3.9908855118106095	4.0438153401923564	0.013089081456234108	True	31
holdout	smooth_noisy_anchor	5007	0.05	0.1	4.0989125989116975	4.0438153401923564	-0.013625067933176194	True	17
holdout	smooth_noisy_anchor	5007	0.05	0.25	4.810451442115657	4.0438153401923564	-0.18958237145587176	True	13
holdout	smooth_noisy_anchor	5008	0.05	0.0	3.109600133778454	3.4413764070703277	0.09640801645825126	True	24
holdout	smooth_noisy_anchor	5008	0.25	0.0	3.2349835563932166	3.4413764070703277	0.0599739250414677	True	47
holdout	smooth_noisy_anchor	5008	0.25	0.1	3.280068806121489	3.4413764070703277	0.04687298971929699	True	40
holdout	smooth_noisy_anchor	5008	1.0	0.0	3.3556723982336427	3.4413764070703277	0.02490399151357159	True	127
holdout	smooth_noisy_anchor	5008	1.0	0.1	3.364277494702981	3.4413764070703277	0.022403510470097476	True	108
holdout	smooth_noisy_anchor	5008	1.0	0.25	3.3884254990312446	3.4413764070703277	0.015386549384802883	True	86
holdout	smooth_noisy_anchor	5008	0.25	0.25	3.391601962404171	3.4413764070703277	0.014463528187121488	True	31
holdout	smooth_noisy_anchor	5008	0.05	0.1	3.462582171009385	3.4413764070703277	-0.006162000731884554	True	18
holdout	smooth_noisy_anchor	5008	0.05	0.25	4.039964231024717	3.4413764070703277	-0.17393849237897574	True	13
holdout	smooth_noisy_anchor	5009	0.05	0.0	2.9883782173957862	3.2885130052438774	0.09126762988910031	True	25
holdout	smooth_noisy_anchor	5009	0.25	0.0	3.0974366150370605	3.2885130052438774	0.058104191743236444	True	48
holdout	smooth_noisy_anchor	5009	0.25	0.1	3.1440900232878954	3.2885130052438774	0.043917412437075476	True	40
holdout	smooth_noisy_anchor	5009	1.0	0.0	3.2070766250956186	3.2885130052438774	0.02476389177065741	True	130
holdout	smooth_noisy_anchor	5009	1.0	0.1	3.217108099152398	3.2885130052438774	0.02171343278181259	True	111
holdout	smooth_noisy_anchor	5009	1.0	0.25	3.251585591827281	3.2885130052438774	0.011229213129980598	True	88
holdout	smooth_noisy_anchor	5009	0.25	0.25	3.26811486730385	3.2885130052438774	0.0062028454524888366	True	32
holdout	smooth_noisy_anchor	5009	0.05	0.1	3.3395981607532668	3.2885130052438774	-0.015534424047564555	True	18
holdout	smooth_noisy_anchor	5009	0.05	0.25	3.9101832974897377	3.2885130052438774	-0.189042978165068	True	14
holdout	smooth_noisy_anchor	5010	0.05	0.0	3.0916438521096548	3.4589270599483757	0.10618414365875717	True	24
holdout	smooth_noisy_anchor	5010	0.25	0.0	3.2246939565360377	3.4589270599483757	0.06771842810002293	True	47
holdout	smooth_noisy_anchor	5010	0.25	0.1	3.2671370782093248	3.4589270599483757	0.055447824835575865	True	39
holdout	smooth_noisy_anchor	5010	1.0	0.0	3.358571892074386	3.4589270599483757	0.029013380778109776	True	125
holdout	smooth_noisy_anchor	5010	1.0	0.1	3.3648820907994033	3.4589270599483757	0.027189058201873784	True	106
holdout	smooth_noisy_anchor	5010	0.25	0.25	3.373807827522004	3.4589270599483757	0.024608565301068253	True	30
holdout	smooth_noisy_anchor	5010	1.0	0.25	3.3840847479361273	3.4589270599483757	0.02163743574672705	True	84
holdout	smooth_noisy_anchor	5010	0.05	0.1	3.4459247645606865	3.4589270599483757	0.003759054516715765	True	17
holdout	smooth_noisy_anchor	5010	0.05	0.25	4.029583049369125	3.4589270599483757	-0.16498063692307707	True	14
holdout	smooth_noisy_anchor	5011	0.05	0.0	3.8459703355344725	4.350203471108305	0.11591024165252861	True	22
holdout	smooth_noisy_anchor	5011	0.25	0.0	4.035619783350753	4.350203471108305	0.07231470662162043	True	43
holdout	smooth_noisy_anchor	5011	0.25	0.1	4.085019955408384	4.350203471108305	0.0609588763976503	True	36
holdout	smooth_noisy_anchor	5011	0.25	0.25	4.187849513080104	4.350203471108305	0.03732100328328736	True	30
holdout	smooth_noisy_anchor	5011	1.0	0.0	4.2188273078134175	4.350203471108305	0.030200004245184542	True	114
holdout	smooth_noisy_anchor	5011	1.0	0.1	4.224319670277973	4.350203471108305	0.02893745124024283	True	99
holdout	smooth_noisy_anchor	5011	0.05	0.1	4.225028433168478	4.350203471108305	0.028774524863301565	True	16
holdout	smooth_noisy_anchor	5011	1.0	0.25	4.2360098009624005	4.350203471108305	0.026250190572536858	True	82
holdout	smooth_noisy_anchor	5011	0.05	0.25	4.798917460427798	4.350203471108305	-0.1031478164871158	True	13
holdout	smooth_noisy_anchor	5012	0.05	0.0	3.257158026955252	3.612241345800256	0.09829999849202742	True	25
holdout	smooth_noisy_anchor	5012	0.25	0.0	3.3906580059093057	3.612241345800256	0.06134234085675716	True	49
holdout	smooth_noisy_anchor	5012	0.25	0.1	3.4661988966579687	3.612241345800256	0.04042987031087564	True	41
holdout	smooth_noisy_anchor	5012	1.0	0.0	3.5200288809180753	3.612241345800256	0.025527769618547413	True	132
holdout	smooth_noisy_anchor	5012	1.0	0.1	3.5397595997356524	3.612241345800256	0.020065587851397004	True	112
holdout	smooth_noisy_anchor	5012	1.0	0.25	3.597676807029241	3.612241345800256	0.004031994924134419	True	86
holdout	smooth_noisy_anchor	5012	0.25	0.25	3.6535058418648783	3.612241345800256	-0.011423515793760108	True	30
holdout	smooth_noisy_anchor	5012	0.05	0.1	3.7705734791587346	3.612241345800256	-0.04383210262031967	True	18
holdout	smooth_noisy_anchor	5012	0.05	0.25	4.574281402596432	3.612241345800256	-0.2663277352480016	True	14
holdout	smooth_noisy_anchor	5013	0.05	0.0	3.5427264923142805	4.004605778828028	0.11533701743019487	True	23
holdout	smooth_noisy_anchor	5013	0.25	0.0	3.713478018059323	4.004605778828028	0.07269823219750349	True	44
holdout	smooth_noisy_anchor	5013	0.25	0.1	3.7864664061258684	4.004605778828028	0.05447212153951364	True	36
holdout	smooth_noisy_anchor	5013	1.0	0.0	3.881787622058333	4.004605778828028	0.03066922527531235	True	116
holdout	smooth_noisy_anchor	5013	1.0	0.1	3.894298057479262	4.004605778828028	0.02754521354684958	True	98
holdout	smooth_noisy_anchor	5013	1.0	0.25	3.9163106427951293	4.004605778828028	0.0220483964987781	True	78
holdout	smooth_noisy_anchor	5013	0.25	0.25	3.9209619084155882	4.004605778828028	0.020886917472540345	True	28
holdout	smooth_noisy_anchor	5013	0.05	0.1	4.012870333522042	4.004605778828028	-0.0020637623652517423	True	16
holdout	smooth_noisy_anchor	5013	0.05	0.25	4.667926172297673	4.004605778828028	-0.16563937378719196	True	13
holdout	smooth_noisy_anchor	5014	0.05	0.0	3.0468166817600055	3.4028602333911455	0.10463067161483797	True	25
holdout	smooth_noisy_anchor	5014	0.25	0.0	3.173454212125044	3.4028602333911455	0.06741564611294215	True	49
holdout	smooth_noisy_anchor	5014	0.25	0.1	3.247115661847894	3.4028602333911455	0.045768724208823386	True	40
holdout	smooth_noisy_anchor	5014	1.0	0.0	3.303744502347464	3.4028602333911455	0.02912718250108881	True	131
holdout	smooth_noisy_anchor	5014	1.0	0.1	3.319705568136024	3.4028602333911455	0.02443669723462405	True	110
holdout	smooth_noisy_anchor	5014	1.0	0.25	3.3645321921285314	3.4028602333911455	0.011263477966715674	True	84
holdout	smooth_noisy_anchor	5014	0.25	0.25	3.412392391197498	3.4028602333911455	-0.0028012193133342134	True	29
holdout	smooth_noisy_anchor	5014	0.05	0.1	3.526834402134645	3.4028602333911455	-0.0364323422769417	True	18
holdout	smooth_noisy_anchor	5014	0.05	0.25	4.237618659481959	3.4028602333911455	-0.24531081761736928	True	14
holdout	smooth_noisy_anchor	5015	0.05	0.0	3.107156203469227	3.4994151116660754	0.1120927056893497	True	24
holdout	smooth_noisy_anchor	5015	0.25	0.0	3.249501832932095	3.4994151116660754	0.07141572827437348	True	47
holdout	smooth_noisy_anchor	5015	0.25	0.1	3.312721244452884	3.4994151116660754	0.05335002029076408	True	39
holdout	smooth_noisy_anchor	5015	1.0	0.0	3.392581922826459	3.4994151116660754	0.03052886994842774	True	125
holdout	smooth_noisy_anchor	5015	1.0	0.1	3.4040951919988527	3.4994151116660754	0.027238814666328826	True	105
holdout	smooth_noisy_anchor	5015	1.0	0.25	3.428948636330871	3.4994151116660754	0.020136643720914615	True	81
holdout	smooth_noisy_anchor	5015	0.25	0.25	3.4410474127707547	3.4994151116660754	0.016679272687809776	True	29
holdout	smooth_noisy_anchor	5015	0.05	0.1	3.5332163783161734	3.4994151116660754	-0.009659118901731212	True	17
holdout	smooth_noisy_anchor	5015	0.05	0.25	4.1567331920076445	3.4994151116660754	-0.18783655535756627	True	13
holdout	smooth_noisy_anchor	5016	0.05	0.0	3.254444203961197	3.6827905820096443	0.11631027301441199	True	24
holdout	smooth_noisy_anchor	5016	0.25	0.0	3.4113929442483837	3.6827905820096443	0.07369347556362082	True	46
holdout	smooth_noisy_anchor	5016	0.25	0.1	3.468157738172647	3.6827905820096443	0.058279948060439346	True	38
holdout	smooth_noisy_anchor	5016	1.0	0.0	3.5678596590403107	3.6827905820096443	0.031207564049601122	True	124
holdout	smooth_noisy_anchor	5016	1.0	0.1	3.5758478451657068	3.6827905820096443	0.029038506117168517	True	105
holdout	smooth_noisy_anchor	5016	0.25	0.25	3.5893937489395022	3.6827905820096443	0.02536034319365965	True	29
holdout	smooth_noisy_anchor	5016	1.0	0.25	3.5942581062822647	3.6827905820096443	0.024039508561757184	True	82
holdout	smooth_noisy_anchor	5016	0.05	0.1	3.6774090058805027	3.6827905820096443	0.0014612767164743357	True	17
holdout	smooth_noisy_anchor	5016	0.05	0.25	4.322020922006645	3.6827905820096443	-0.1735722750893378	True	13
holdout	topology_jump	5001	0.05	0.25	1.7629907808943568	4.16344587286011	0.5765548935350377	True	13
holdout	topology_jump	5001	0.05	0.1	2.1178657680807587	4.16344587286011	0.4913190100809752	True	16
holdout	topology_jump	5001	0.25	0.25	2.693868697019624	4.16344587286011	0.35297136571898047	True	29
holdout	topology_jump	5001	0.25	0.1	3.3060556949274256	4.16344587286011	0.2059328268254137	True	35
holdout	topology_jump	5001	1.0	0.25	3.619425974154242	4.16344587286011	0.1306657790970991	True	80
holdout	topology_jump	5001	0.05	0.0	3.7679969470410843	4.16344587286011	0.09498116173355431	True	21
holdout	topology_jump	5001	1.0	0.1	3.8720925167572733	4.16344587286011	0.06997889848936334	True	95
holdout	topology_jump	5001	0.25	0.0	3.9160752324249506	4.16344587286011	0.059414880843695506	True	41
holdout	topology_jump	5001	1.0	0.0	4.059990492506876	4.16344587286011	0.02484849893873231	True	109
holdout	topology_jump	5002	0.05	0.25	1.7445005027907896	3.692694783345508	0.5275806409295742	True	13
holdout	topology_jump	5002	0.05	0.1	2.0824120756813382	3.692694783345508	0.4360725167232169	True	16
holdout	topology_jump	5002	0.25	0.25	2.5540029674895863	3.692694783345508	0.3083633721886675	True	30
holdout	topology_jump	5002	0.25	0.1	3.0456074910152733	3.692694783345508	0.1752344372593898	True	36
holdout	topology_jump	5002	1.0	0.25	3.2808275008728813	3.692694783345508	0.11153569591784218	True	81
holdout	topology_jump	5002	0.05	0.0	3.429369312190532	3.692694783345508	0.07130983918373246	True	22
holdout	topology_jump	5002	1.0	0.1	3.4784494951503824	3.692694783345508	0.0580186830391175	True	98
holdout	topology_jump	5002	0.25	0.0	3.5297683485303883	3.692694783345508	0.04412128387917058	True	43
holdout	topology_jump	5002	1.0	0.0	3.625257138679628	3.692694783345508	0.018262447513948787	True	114
holdout	topology_jump	5003	0.05	0.25	1.7546040430916774	3.2646077180735786	0.46253755592814183	True	13
holdout	topology_jump	5003	0.05	0.1	1.9704358207797878	3.2646077180735786	0.39642493342430507	True	16
holdout	topology_jump	5003	0.25	0.25	2.324314950945032	3.2646077180735786	0.28802626481671334	True	29
holdout	topology_jump	5003	0.25	0.1	2.687769931902667	3.2646077180735786	0.17669436452576281	True	35
holdout	topology_jump	5003	1.0	0.25	2.9022155164461703	3.2646077180735786	0.11100635449126894	True	79
holdout	topology_jump	5003	0.05	0.0	2.9342004770868564	3.2646077180735786	0.10120886474583635	True	22
holdout	topology_jump	5003	0.25	0.0	3.0501606945123134	3.2646077180735786	0.06568845082796315	True	42
holdout	topology_jump	5003	1.0	0.1	3.0565280659773255	3.2646077180735786	0.06373802614760693	True	96
holdout	topology_jump	5003	1.0	0.0	3.171618067472311	3.2646077180735786	0.028484172872120794	True	111
holdout	topology_jump	5004	0.05	0.25	1.8232011819245129	3.4370147121292383	0.46953931401852056	True	13
holdout	topology_jump	5004	0.05	0.1	2.060474700051721	3.4370147121292383	0.400504544603694	True	17
holdout	topology_jump	5004	0.25	0.25	2.448137394196558	3.4370147121292383	0.2877140195073732	True	31
holdout	topology_jump	5004	0.25	0.1	2.853228937736383	3.4370147121292383	0.16985256779165747	True	37
holdout	topology_jump	5004	1.0	0.25	3.0681546914475364	3.4370147121292383	0.10731988413665894	True	84
holdout	topology_jump	5004	0.05	0.0	3.149098352029043	3.4370147121292383	0.08376931267827781	True	22
holdout	topology_jump	5004	1.0	0.1	3.236216105894184	3.4370147121292383	0.05842238775598929	True	100
holdout	topology_jump	5004	0.25	0.0	3.2564558997609216	3.4370147121292383	0.05253361637677134	True	43
holdout	topology_jump	5004	1.0	0.0	3.361471988464657	3.4370147121292383	0.021979167967477897	True	114
holdout	topology_jump	5005	0.05	0.25	1.802119027004219	3.641945730344461	0.5051768586255755	True	13
holdout	topology_jump	5005	0.05	0.1	2.129276207611601	3.641945730344461	0.4153465303256425	True	17
holdout	topology_jump	5005	0.25	0.25	2.578315982847887	3.641945730344461	0.29204986187314064	True	30
holdout	topology_jump	5005	0.25	0.1	3.0246122557535355	3.641945730344461	0.16950650017855629	True	38
holdout	topology_jump	5005	1.0	0.25	3.2561725141656876	3.641945730344461	0.10592503149196741	True	84
holdout	topology_jump	5005	0.05	0.0	3.3499190428893066	3.641945730344461	0.08018425014464292	True	23
holdout	topology_jump	5005	1.0	0.1	3.434531449666582	3.641945730344461	0.056951502310898405	True	104
holdout	topology_jump	5005	0.25	0.0	3.4612377047238425	3.641945730344461	0.04961853882526879	True	45
holdout	topology_jump	5005	1.0	0.0	3.567140650500607	3.641945730344461	0.020539866703828902	True	121
holdout	topology_jump	5006	0.05	0.25	1.8675396380554756	3.926266795315159	0.5243472399064085	True	14
holdout	topology_jump	5006	0.05	0.1	2.147485094109126	3.926266795315159	0.45304656915533204	True	17
holdout	topology_jump	5006	0.25	0.25	2.6347308423759634	3.926266795315159	0.3289475780097936	True	30
holdout	topology_jump	5006	0.25	0.1	3.1439939700358353	3.926266795315159	0.19924087334379204	True	37
holdout	topology_jump	5006	1.0	0.25	3.4321017574889785	3.926266795315159	0.12586129868093043	True	82
holdout	topology_jump	5006	0.05	0.0	3.5154656969018507	3.926266795315159	0.10462893120342165	True	23
holdout	topology_jump	5006	1.0	0.1	3.6466471014560766	3.926266795315159	0.07121770079219425	True	102
holdout	topology_jump	5006	0.25	0.0	3.657333110190227	3.926266795315159	0.06849602921681863	True	45
holdout	topology_jump	5006	1.0	0.0	3.8082946891719764	3.926266795315159	0.030046889906704122	True	120
holdout	topology_jump	5007	0.05	0.25	1.9334364380155475	4.011885423902685	0.5180728675609241	True	14
holdout	topology_jump	5007	0.05	0.1	2.2830738273449915	4.011885423902685	0.4309224750680788	True	17
holdout	topology_jump	5007	0.25	0.25	2.7874766278546033	4.011885423902685	0.3051953549702824	True	32
holdout	topology_jump	5007	0.25	0.1	3.286596545188826	4.011885423902685	0.18078504296075137	True	37
holdout	topology_jump	5007	1.0	0.25	3.561651326158985	4.011885423902685	0.11222506382191766	True	86
holdout	topology_jump	5007	0.05	0.0	3.6308246111365867	4.011885423902685	0.09498297496128627	True	23
holdout	topology_jump	5007	1.0	0.1	3.7642359938359307	4.011885423902685	0.06172893886531927	True	101
holdout	topology_jump	5007	0.25	0.0	3.7766862330650914	4.011885423902685	0.05862560018197038	True	44
holdout	topology_jump	5007	1.0	0.0	3.9149193953667245	4.011885423902685	0.024169690380049236	True	117
holdout	topology_jump	5008	0.05	0.25	1.7558306420911525	3.4636292586784165	0.4930662288142502	True	13
holdout	topology_jump	5008	0.05	0.1	2.0499133748748966	3.4636292586784165	0.40816027877733596	True	16
holdout	topology_jump	5008	0.25	0.25	2.462742257235964	3.4636292586784165	0.2889705931818901	True	27
holdout	topology_jump	5008	0.25	0.1	2.8695782406687025	3.4636292586784165	0.1715111444220737	True	37
holdout	topology_jump	5008	1.0	0.25	3.0947429163997504	3.4636292586784165	0.1065028369749419	True	75
holdout	topology_jump	5008	0.05	0.0	3.1501727457540847	3.4636292586784165	0.09049944134145993	True	23
holdout	topology_jump	5008	1.0	0.1	3.2596543694897626	3.4636292586784165	0.05889050875684154	True	99
holdout	topology_jump	5008	0.25	0.0	3.2684095798805655	3.4636292586784165	0.0563627525401893	True	44
holdout	topology_jump	5008	1.0	0.0	3.382477228975877	3.4636292586784165	0.02342976792311302	True	118
holdout	topology_jump	5009	0.05	0.25	1.7576171583299651	3.369361758941593	0.47835308759422746	True	13
holdout	topology_jump	5009	0.05	0.1	2.0442200368387224	3.369361758941593	0.393291613340781	True	17
holdout	topology_jump	5009	0.25	0.25	2.428494610991718	3.369361758941593	0.2792419500378692	True	31
holdout	topology_jump	5009	0.25	0.1	2.809498297737687	3.369361758941593	0.1661630603238562	True	37
holdout	topology_jump	5009	1.0	0.25	3.017718354059335	3.369361758941593	0.10436498958565932	True	84
holdout	topology_jump	5009	0.05	0.0	3.0794774839178385	3.369361758941593	0.08603536686271862	True	23
holdout	topology_jump	5009	1.0	0.1	3.1729075392006045	3.369361758941593	0.058306063223884874	True	102
holdout	topology_jump	5009	0.25	0.0	3.1826909971315716	3.369361758941593	0.05540241006019486	True	44
holdout	topology_jump	5009	1.0	0.0	3.288804091914478	3.369361758941593	0.023908880313409986	True	118
holdout	topology_jump	5010	0.05	0.25	1.7021291672586123	3.4356552532602502	0.5045692766631972	True	13
holdout	topology_jump	5010	0.05	0.1	1.9409957758046807	3.4356552532602502	0.4350434974630295	True	17
holdout	topology_jump	5010	0.25	0.25	2.3538443323174887	3.4356552532602502	0.3148776117499512	True	31
holdout	topology_jump	5010	0.25	0.1	2.7872698037439427	3.4356552532602502	0.18872250028608806	True	39
holdout	topology_jump	5010	1.0	0.25	3.026682758078116	3.4356552532602502	0.11903769878949344	True	86
holdout	topology_jump	5010	0.05	0.0	3.104285215230975	3.4356552532602502	0.09645031692711992	True	24
holdout	topology_jump	5010	1.0	0.1	3.208268336775381	3.4356552532602502	0.0661844392766392	True	106
holdout	topology_jump	5010	0.25	0.0	3.2242146129314317	3.4356552532602502	0.061543031748651944	True	46
holdout	topology_jump	5010	1.0	0.0	3.3450483075388004	3.4356552532602502	0.026372537126787887	True	124
holdout	topology_jump	5011	0.05	0.25	1.7692913425747032	4.355677487963045	0.5937965224780402	True	13
holdout	topology_jump	5011	0.05	0.1	2.2332625896353107	4.355677487963045	0.4872754936959973	True	17
holdout	topology_jump	5011	0.25	0.25	2.8536985613068215	4.355677487963045	0.3448324470319385	True	31
holdout	topology_jump	5011	0.25	0.1	3.480737798540264	4.355677487963045	0.20087338693938772	True	38
holdout	topology_jump	5011	1.0	0.25	3.8038530775223705	4.355677487963045	0.12669083327809427	True	86
holdout	topology_jump	5011	0.05	0.0	3.9381783183662904	4.355677487963045	0.09585171784424296	True	23
holdout	topology_jump	5011	1.0	0.1	4.057404384033303	4.355677487963045	0.0684791527274512	True	102
holdout	topology_jump	5011	0.25	0.0	4.093484352656496	4.355677487963045	0.060195718354061345	True	44
holdout	topology_jump	5011	1.0	0.0	4.245224173946782	4.355677487963045	0.025358469336056677	True	117
holdout	topology_jump	5012	0.05	0.25	1.8162798082196818	3.6879973745382366	0.5075159703856642	True	13
holdout	topology_jump	5012	0.05	0.1	2.124994011032346	3.6879973745382366	0.42380815515130066	True	17
holdout	topology_jump	5012	0.25	0.25	2.584244778060204	3.6879973745382366	0.29928237045348505	True	30
holdout	topology_jump	5012	0.25	0.1	3.044346229118538	3.6879973745382366	0.17452592289339375	True	38
holdout	topology_jump	5012	1.0	0.25	3.286881115163358	3.6879973745382366	0.10876262064180597	True	83
holdout	topology_jump	5012	0.05	0.0	3.3879231267029946	3.6879973745382366	0.08136509258573255	True	24
holdout	topology_jump	5012	1.0	0.1	3.4714504400421777	3.6879973745382366	0.05871667262864366	True	104
holdout	topology_jump	5012	0.25	0.0	3.501096959645907	3.6879973745382366	0.050678022761805996	True	46
holdout	topology_jump	5012	1.0	0.0	3.6103885220705125	3.6879973745382366	0.02104363007510035	True	123
holdout	topology_jump	5013	0.05	0.25	1.8296465258027277	4.016117858213506	0.5444240955078417	True	13
holdout	topology_jump	5013	0.05	0.1	2.2118220364006724	4.016117858213506	0.4492636634462317	True	17
holdout	topology_jump	5013	0.25	0.25	2.73263161776429	4.016117858213506	0.3195838084841839	True	30
holdout	topology_jump	5013	0.25	0.1	3.2514941796222945	4.016117858213506	0.19038875490853746	True	37
holdout	topology_jump	5013	1.0	0.25	3.5375344587588176	4.016117858213506	0.11916567599626604	True	82
holdout	topology_jump	5013	0.05	0.0	3.6084438541162513	4.016117858213506	0.10150947220423479	True	23
holdout	topology_jump	5013	1.0	0.1	3.749980142085613	4.016117858213506	0.06626740686496668	True	100
holdout	topology_jump	5013	0.25	0.0	3.7591006696992704	4.016117858213506	0.06399642579925802	True	44
holdout	topology_jump	5013	1.0	0.0	3.9076803031905984	4.016117858213506	0.027000590832048865	True	116
holdout	topology_jump	5014	0.05	0.25	1.7539062907043166	3.5001795588499878	0.4989096241449462	True	13
holdout	topology_jump	5014	0.05	0.1	2.0232216194802497	3.5001795588499878	0.4219663347371254	True	17
holdout	topology_jump	5014	0.25	0.25	2.440093406939938	3.5001795588499878	0.30286621988568774	True	31
holdout	topology_jump	5014	0.25	0.1	2.868296000541017	3.5001795588499878	0.1805288979279055	True	39
holdout	topology_jump	5014	1.0	0.25	3.1012809491274465	3.5001795588499878	0.11396518464715644	True	86
holdout	topology_jump	5014	0.05	0.0	3.1852293078763187	3.5001795588499878	0.08998116973094616	True	24
holdout	topology_jump	5014	1.0	0.1	3.278168684821673	3.5001795588499878	0.06342842425525685	True	106
holdout	topology_jump	5014	0.25	0.0	3.2962054458086656	3.5001795588499878	0.0582753283401094	True	46
holdout	topology_jump	5014	1.0	0.0	3.411621980147926	3.5001795588499878	0.025300867344976385	True	124
holdout	topology_jump	5015	0.05	0.25	1.7191250770385198	3.4975782436925344	0.5084813098495347	True	13
holdout	topology_jump	5015	0.05	0.1	2.015445550667338	3.4975782436925344	0.42375969592618723	True	17
holdout	topology_jump	5015	0.25	0.25	2.4448145190904698	3.4975782436925344	0.3009979051935717	True	31
holdout	topology_jump	5015	0.25	0.1	2.8802317833693816	3.4975782436925344	0.17650683338863504	True	37
holdout	topology_jump	5015	1.0	0.25	3.109485662054413	3.4975782436925344	0.11096037160512429	True	83
holdout	topology_jump	5015	0.05	0.0	3.200753907786997	3.4975782436925344	0.08486567425355673	True	23
holdout	topology_jump	5015	1.0	0.1	3.2860962862532537	3.4975782436925344	0.06046525415711956	True	101
holdout	topology_jump	5015	0.25	0.0	3.309846690421651	3.4975782436925344	0.05367472582191268	True	44
holdout	topology_jump	5015	1.0	0.0	3.4179163356100655	3.4975782436925344	0.022776304783496903	True	118
holdout	topology_jump	5016	0.05	0.25	1.743615655159263	3.665484862639784	0.5243151396065082	True	13
holdout	topology_jump	5016	0.05	0.1	1.98823730711015	3.665484862639784	0.45757863376408137	True	17
holdout	topology_jump	5016	0.25	0.25	2.443712234633798	3.665484862639784	0.3333181485644161	True	29
holdout	topology_jump	5016	0.25	0.1	2.925856838448941	3.665484862639784	0.20178177019074706	True	38
holdout	topology_jump	5016	1.0	0.25	3.1998686894283788	3.665484862639784	0.12702717120923557	True	81
holdout	topology_jump	5016	0.05	0.0	3.2680012984831306	3.665484862639784	0.1084395595813199	True	23
holdout	topology_jump	5016	1.0	0.1	3.4044222054653286	3.665484862639784	0.07122186203394787	True	102
holdout	topology_jump	5016	0.25	0.0	3.412930638882609	3.665484862639784	0.06890063203679209	True	45
holdout	topology_jump	5016	1.0	0.0	3.558227693784704	3.665484862639784	0.02926138638527509	True	120
holdout	antagonistic_anchor	5001	0.05	0.0	3.691409658249362	4.1761407349331945	0.1160715376828858	True	24
holdout	antagonistic_anchor	5001	0.25	0.0	3.873858868954792	4.1761407349331945	0.07238306493117697	True	47
holdout	antagonistic_anchor	5001	1.0	0.0	4.050163774570299	4.1761407349331945	0.030165880021500446	True	125
holdout	antagonistic_anchor	5001	1.0	0.1	4.256521004241315	4.1761407349331945	-0.019247500122719474	True	107
holdout	antagonistic_anchor	5001	1.0	0.25	4.566462182481847	4.1761407349331945	-0.09346462974382885	True	89
holdout	antagonistic_anchor	5001	0.25	0.1	4.651678496909398	4.1761407349331945	-0.1138701476217876	True	39
holdout	antagonistic_anchor	5001	0.25	0.25	5.769883898415752	4.1761407349331945	-0.3816306165524981	True	32
holdout	antagonistic_anchor	5001	0.05	0.1	7.048878045629654	4.1761407349331945	-0.6878928400726931	True	18
holdout	antagonistic_anchor	5001	0.05	0.25	10.484909290558443	4.1761407349331945	-1.510669528651833	True	14
holdout	antagonistic_anchor	5002	0.05	0.0	3.379444953073184	3.7099810431396056	0.08909374097143707	True	24
holdout	antagonistic_anchor	5002	0.25	0.0	3.504568503984143	3.7099810431396056	0.055367544137538305	True	47
holdout	antagonistic_anchor	5002	1.0	0.0	3.62453891866854	3.7099810431396056	0.02303033990673964	True	126
holdout	antagonistic_anchor	5002	1.0	0.1	3.7879529907683636	3.7099810431396056	-0.021016804862909355	True	106
holdout	antagonistic_anchor	5002	1.0	0.25	4.03838309391462	3.7099810431396056	-0.08851852528526694	True	84
holdout	antagonistic_anchor	5002	0.25	0.1	4.118688041689265	3.7099810431396056	-0.11016417437103332	True	39
holdout	antagonistic_anchor	5002	0.25	0.25	5.0081094066180825	3.7099810431396056	-0.34990161631120453	True	30
holdout	antagonistic_anchor	5002	0.05	0.1	6.037845073499277	3.7099810431396056	-0.6274598180668047	True	17
holdout	antagonistic_anchor	5002	0.05	0.25	8.75773759311644	3.7099810431396056	-1.3605882324684666	True	14
holdout	antagonistic_anchor	5003	0.05	0.0	2.881699135238394	3.2258291831454757	0.1066795631043066	True	22
holdout	antagonistic_anchor	5003	0.25	0.0	3.003471809108993	3.2258291831454757	0.0689303002149867	True	43
holdout	antagonistic_anchor	5003	1.0	0.0	3.1298224791230096	3.2258291831454757	0.02976186852177054	True	113
holdout	antagonistic_anchor	5003	1.0	0.1	3.259736551759136	3.2258291831454757	-0.010511210200100374	True	97
holdout	antagonistic_anchor	5003	1.0	0.25	3.4527964045917767	3.2258291831454757	-0.07035934284188827	True	80
holdout	antagonistic_anchor	5003	0.25	0.1	3.489839629587333	3.2258291831454757	-0.08184266167014553	True	36
holdout	antagonistic_anchor	5003	0.25	0.25	4.185430715508151	3.2258291831454757	-0.2974743787973846	True	29
holdout	antagonistic_anchor	5003	0.05	0.1	4.965043409602938	3.2258291831454757	-0.539152610914621	True	16
holdout	antagonistic_anchor	5003	0.05	0.25	7.092444786980258	3.2258291831454757	-1.1986423906254338	True	13
holdout	antagonistic_anchor	5004	0.05	0.0	3.0694559993280928	3.4152956283659335	0.10126198920100793	True	22
holdout	antagonistic_anchor	5004	0.25	0.0	3.1985833117128806	3.4152956283659335	0.06345345768991018	True	42
holdout	antagonistic_anchor	5004	1.0	0.0	3.3246180311064455	3.4152956283659335	0.026550438710593594	True	111
holdout	antagonistic_anchor	5004	1.0	0.1	3.4647793016252626	3.4152956283659335	-0.01448884039447118	True	94
holdout	antagonistic_anchor	5004	1.0	0.25	3.6739164153615684	3.4152956283659335	-0.07572427547637317	True	75
holdout	antagonistic_anchor	5004	0.25	0.1	3.7315321890491115	3.4152956283659335	-0.09259419830501847	True	35
holdout	antagonistic_anchor	5004	0.25	0.25	4.495745718151983	3.4152956283659335	-0.31635624184691635	True	27
holdout	antagonistic_anchor	5004	0.05	0.1	5.379898585982098	3.4152956283659335	-0.5752365743389949	True	16
holdout	antagonistic_anchor	5004	0.05	0.25	7.747876700136776	3.4152956283659335	-1.2685815645902925	True	13
holdout	antagonistic_anchor	5005	0.05	0.0	3.303998345064125	3.6633131317409724	0.09808465008452194	True	25
holdout	antagonistic_anchor	5005	0.25	0.0	3.4395651631854114	3.6633131317409724	0.06107803523998123	True	49
holdout	antagonistic_anchor	5005	1.0	0.0	3.5699833557021043	3.6633131317409724	0.025476876445588936	True	133
holdout	antagonistic_anchor	5005	1.0	0.1	3.738929008769074	3.6633131317409724	-0.020641390541508375	True	112
holdout	antagonistic_anchor	5005	1.0	0.25	4.0233040352551255	3.6633131317409724	-0.09826921438819758	True	87
holdout	antagonistic_anchor	5005	0.25	0.1	4.045504727297033	3.6633131317409724	-0.10432949131335256	True	41
holdout	antagonistic_anchor	5005	0.25	0.25	4.958579596648531	3.6633131317409724	-0.3535778729054453	True	31
holdout	antagonistic_anchor	5005	0.05	0.1	5.902515604982852	3.6633131317409724	-0.6112506337064638	True	18
holdout	antagonistic_anchor	5005	0.05	0.25	8.581159274225127	3.6633131317409724	-1.3424585793317023	True	14
holdout	antagonistic_anchor	5006	0.05	0.0	3.42556947334742	3.8863075840031427	0.11855420619618928	True	26
holdout	antagonistic_anchor	5006	0.25	0.0	3.586389302975506	3.8863075840031427	0.07717306840615579	True	50
holdout	antagonistic_anchor	5006	1.0	0.0	3.755428380946903	3.8863075840031427	0.03367700580236255	True	136
holdout	antagonistic_anchor	5006	1.0	0.1	3.9827963770790977	3.8863075840031427	-0.024827883792091887	True	115
holdout	antagonistic_anchor	5006	0.25	0.1	4.374107557598016	3.8863075840031427	-0.1255175929982384	True	42
holdout	antagonistic_anchor	5006	1.0	0.25	4.387208794414771	3.8863075840031427	-0.12888872009859487	True	88
holdout	antagonistic_anchor	5006	0.25	0.25	5.611164454585898	3.8863075840031427	-0.44382922177406336	True	31
holdout	antagonistic_anchor	5006	0.05	0.1	6.8041794434960305	3.8863075840031427	-0.7508082663100215	True	18
holdout	antagonistic_anchor	5006	0.05	0.25	10.399607480906285	3.8863075840031427	-1.6759609876771595	True	14
holdout	antagonistic_anchor	5007	0.05	0.0	3.5892815569409606	4.0438153401923564	0.11240221053955801	True	25
holdout	antagonistic_anchor	5007	0.25	0.0	3.7629381348592417	4.0438153401923564	0.06945846476752171	True	49
holdout	antagonistic_anchor	5007	1.0	0.0	3.9278613160708757	4.0438153401923564	0.028674411259334343	True	131
holdout	antagonistic_anchor	5007	1.0	0.1	4.122676230040668	4.0438153401923564	-0.019501605096675867	True	111
holdout	antagonistic_anchor	5007	1.0	0.25	4.434855242356524	4.0438153401923564	-0.09670073167722015	True	89
holdout	antagonistic_anchor	5007	0.25	0.1	4.482410029136581	4.0438153401923564	-0.1084606125766765	True	41
holdout	antagonistic_anchor	5007	0.25	0.25	5.543070803369292	4.0438153401923564	-0.3707527018544865	True	32
holdout	antagonistic_anchor	5007	0.05	0.1	6.688505621504868	4.0438153401923564	-0.6540086672668661	True	18
holdout	antagonistic_anchor	5007	0.05	0.25	9.871037664247353	4.0438153401923564	-1.4410208760367893	True	14
holdout	antagonistic_anchor	5008	0.05	0.0	3.1096001337906305	3.4413764070703277	0.09640801645471297	True	25
holdout	antagonistic_anchor	5008	0.25	0.0	3.2349835561516254	3.4413764070703277	0.059973925111669546	True	50
holdout	antagonistic_anchor	5008	1.0	0.0	3.355672398171939	3.4413764070703277	0.024903991531501468	True	134
holdout	antagonistic_anchor	5008	1.0	0.1	3.516674551908577	3.4413764070703277	-0.021880240906966497	True	113
holdout	antagonistic_anchor	5008	0.25	0.1	3.7983174870882093	3.4413764070703277	-0.10372044141540115	True	41
holdout	antagonistic_anchor	5008	1.0	0.25	3.800575758358129	3.4413764070703277	-0.1043766530594632	True	90
holdout	antagonistic_anchor	5008	0.25	0.25	4.67143878018343	3.4413764070703277	-0.3574332556548978	True	32
holdout	antagonistic_anchor	5008	0.05	0.1	5.526271148319232	3.4413764070703277	-0.6058316483385764	True	18
holdout	antagonistic_anchor	5008	0.05	0.25	8.06089062259559	3.4413764070703277	-1.3423449425742686	True	14
holdout	antagonistic_anchor	5009	0.05	0.0	2.988378217588184	3.2885130052438774	0.09126762983059433	True	26
holdout	antagonistic_anchor	5009	0.25	0.0	3.0974366151727377	3.2885130052438774	0.05810419170197845	True	51
holdout	antagonistic_anchor	5009	1.0	0.0	3.207076624680855	3.2885130052438774	0.02476389189678241	True	137
holdout	antagonistic_anchor	5009	1.0	0.1	3.368345444437459	3.2885130052438774	-0.02427615127757754	True	116
holdout	antagonistic_anchor	5009	0.25	0.1	3.6361434777879915	3.2885130052438774	-0.1057105360355215	True	42
holdout	antagonistic_anchor	5009	1.0	0.25	3.6851986202916294	3.2885130052438774	-0.12062765584785451	True	90
holdout	antagonistic_anchor	5009	0.25	0.25	4.522824841549428	3.2885130052438774	-0.37534041505607907	True	31
holdout	antagonistic_anchor	5009	0.05	0.1	5.293454796268541	3.2885130052438774	-0.6096803594291933	True	18
holdout	antagonistic_anchor	5009	0.05	0.25	7.7589872153767105	3.2885130052438774	-1.3594211739482844	True	14
holdout	antagonistic_anchor	5010	0.05	0.0	3.0916438521017895	3.4589270599483757	0.10618414366103113	True	26
holdout	antagonistic_anchor	5010	0.25	0.0	3.2246939565194235	3.4589270599483757	0.06771842810482631	True	50
holdout	antagonistic_anchor	5010	1.0	0.0	3.3585718920769527	3.4589270599483757	0.029013380777367592	True	134
holdout	antagonistic_anchor	5010	1.0	0.1	3.538715977402294	3.4589270599483757	-0.023067533969655107	True	113
holdout	antagonistic_anchor	5010	1.0	0.25	3.849126795028584	3.4589270599483757	-0.11280947193088009	True	87
holdout	antagonistic_anchor	5010	0.25	0.1	3.8604429967266225	3.4589270599483757	-0.11608106497170234	True	41
holdout	antagonistic_anchor	5010	0.25	0.25	4.841672809820554	3.4589270599483757	-0.39976146530618517	True	31
holdout	antagonistic_anchor	5010	0.05	0.1	5.834582296053118	3.4589270599483757	-0.6868185408165846	True	18
holdout	antagonistic_anchor	5010	0.05	0.25	8.736988539166076	3.4589270599483757	-1.5259244811298434	True	14
holdout	antagonistic_anchor	5011	0.05	0.0	3.8459703365050433	4.350203471108305	0.1159102414294193	True	22
holdout	antagonistic_anchor	5011	0.25	0.0	4.035619786405631	4.350203471108305	0.0723147059193825	True	42
holdout	antagonistic_anchor	5011	1.0	0.0	4.218827318661861	4.350203471108305	0.030200001751406247	True	111
holdout	antagonistic_anchor	5011	1.0	0.1	4.4255225123883575	4.350203471108305	-0.017313912275662702	True	97
holdout	antagonistic_anchor	5011	1.0	0.25	4.732915861356108	4.350203471108305	-0.08797574476448555	True	83
holdout	antagonistic_anchor	5011	0.25	0.1	4.817470362501579	4.350203471108305	-0.10741265195906524	True	36
holdout	antagonistic_anchor	5011	0.25	0.25	5.934247796930329	4.350203471108305	-0.36413108865881516	True	31
holdout	antagonistic_anchor	5011	0.05	0.1	7.213936665813553	4.350203471108305	-0.6582986781479563	True	16
holdout	antagonistic_anchor	5011	0.05	0.25	10.643404173584884	4.350203471108305	-1.446645138387804	True	13
holdout	antagonistic_anchor	5012	0.05	0.0	3.2571580269581872	3.612241345800256	0.09829999849121474	True	26
holdout	antagonistic_anchor	5012	0.25	0.0	3.390658005825026	3.612241345800256	0.06134234088008883	True	52
holdout	antagonistic_anchor	5012	1.0	0.0	3.5200288810703384	3.612241345800256	0.025527769576395465	True	139
holdout	antagonistic_anchor	5012	1.0	0.1	3.7479473538134993	3.612241345800256	-0.03756836684542719	True	118
holdout	antagonistic_anchor	5012	0.25	0.1	4.1204699252688055	3.612241345800256	-0.1406961857793465	True	43
holdout	antagonistic_anchor	5012	1.0	0.25	4.222267679606872	3.612241345800256	-0.1688775127154385	True	91
holdout	antagonistic_anchor	5012	0.25	0.25	5.373870381362295	3.612241345800256	-0.4876830939356205	True	32
holdout	antagonistic_anchor	5012	0.05	0.1	6.386026894710976	3.612241345800256	-0.7678848901210988	True	19
holdout	antagonistic_anchor	5012	0.05	0.25	9.804448210475176	3.612241345800256	-1.714228444861316	True	14
holdout	antagonistic_anchor	5013	0.05	0.0	3.5427264922537045	4.004605778828028	0.11533701744532143	True	24
holdout	antagonistic_anchor	5013	0.25	0.0	3.713478018285608	4.004605778828028	0.07269823214099735	True	46
holdout	antagonistic_anchor	5013	1.0	0.0	3.8817876219277356	4.004605778828028	0.030669225307924153	True	124
holdout	antagonistic_anchor	5013	1.0	0.1	4.06880015902986	4.004605778828028	-0.016030137233787656	True	106
holdout	antagonistic_anchor	5013	1.0	0.25	4.350443120190554	4.004605778828028	-0.0863598966946848	True	86
holdout	antagonistic_anchor	5013	0.25	0.1	4.412122326555349	4.004605778828028	-0.10176196365740253	True	39
holdout	antagonistic_anchor	5013	0.25	0.25	5.4133584324364294	4.004605778828028	-0.3517831046082849	True	31
holdout	antagonistic_anchor	5013	0.05	0.1	6.528813060440598	4.004605778828028	-0.6303260348266528	True	17
holdout	antagonistic_anchor	5013	0.05	0.25	9.557256937875668	4.004605778828028	-1.3865662354092336	True	13
holdout	antagonistic_anchor	5014	0.05	0.0	3.046816681882533	3.4028602333911455	0.10463067157883088	True	26
holdout	antagonistic_anchor	5014	0.25	0.0	3.1734542127403413	3.4028602333911455	0.06741564593212457	True	51
holdout	antagonistic_anchor	5014	1.0	0.0	3.3037445013107423	3.4028602333911455	0.029127182805750662	True	137
holdout	antagonistic_anchor	5014	1.0	0.1	3.497052027878924	3.4028602333911455	-0.027680183148136805	True	116
holdout	antagonistic_anchor	5014	0.25	0.1	3.816318422537988	3.4028602333911455	-0.12150313582959238	True	42
holdout	antagonistic_anchor	5014	1.0	0.25	3.877338414788007	3.4028602333911455	-0.1394351071904052	True	92
holdout	antagonistic_anchor	5014	0.25	0.25	4.878985102006413	3.4028602333911455	-0.43378944986648027	True	33
holdout	antagonistic_anchor	5014	0.05	0.1	5.795563011869949	3.4028602333911455	-0.7031445943621193	True	19
holdout	antagonistic_anchor	5014	0.05	0.25	8.749669047384787	3.4028602333911455	-1.571269005270087	True	14
holdout	antagonistic_anchor	5015	0.05	0.0	3.107156203466809	3.4994151116660754	0.1120927056900407	True	25
holdout	antagonistic_anchor	5015	0.25	0.0	3.249501832930384	3.4994151116660754	0.07141572827486231	True	49
holdout	antagonistic_anchor	5015	1.0	0.0	3.3925819227528944	3.4994151116660754	0.0305288699694497	True	132
holdout	antagonistic_anchor	5015	1.0	0.1	3.567771984721824	3.4994151116660754	-0.019533799470621727	True	111
holdout	antagonistic_anchor	5015	1.0	0.25	3.8598559415434988	3.4994151116660754	-0.10300030673006288	True	87
holdout	antagonistic_anchor	5015	0.25	0.1	3.878873020653728	3.4994151116660754	-0.10843466604537588	True	41
holdout	antagonistic_anchor	5015	0.25	0.25	4.831384060841551	3.4994151116660754	-0.38062616370806146	True	31
holdout	antagonistic_anchor	5015	0.05	0.1	5.817867868873537	3.4994151116660754	-0.6625257888035021	True	18
holdout	antagonistic_anchor	5015	0.05	0.25	8.654715760204892	3.4994151116660754	-1.4731892284949222	True	14
holdout	antagonistic_anchor	5016	0.05	0.0	3.2544442037490113	3.6827905820096443	0.11631027307202757	True	25
holdout	antagonistic_anchor	5016	0.25	0.0	3.411392944196914	3.6827905820096443	0.07369347557759653	True	49
holdout	antagonistic_anchor	5016	1.0	0.0	3.5678596587824507	3.6827905820096443	0.03120756411961867	True	132
holdout	antagonistic_anchor	5016	1.0	0.1	3.74590065766072	3.6827905820096443	-0.017136482307565037	True	111
holdout	antagonistic_anchor	5016	1.0	0.25	4.0300665095623955	3.6827905820096443	-0.0942969522212822	True	87
holdout	antagonistic_anchor	5016	0.25	0.1	4.064418905174723	3.6827905820096443	-0.10362476895355521	True	41
holdout	antagonistic_anchor	5016	0.25	0.25	5.029870899659607	3.6827905820096443	-0.36577706162018075	True	31
holdout	antagonistic_anchor	5016	0.05	0.1	6.059843725830338	3.6827905820096443	-0.645448903728751	True	18
holdout	antagonistic_anchor	5016	0.05	0.25	8.962099586007735	3.6827905820096443	-1.4335077942762768	True	14
holdout	wrong_topology	5001	1.0	0.1	4.17653842129115	4.1761407349331945	-9.52281982811165e-05	True	99
holdout	wrong_topology	5001	1.0	0.25	4.178249542770941	4.1761407349331945	-0.0005049657019713383	True	81
holdout	wrong_topology	5001	1.0	0.0	4.179027968872509	4.1761407349331945	-0.0006913641379857616	True	117
holdout	wrong_topology	5001	0.25	0.0	4.184236588117317	4.1761407349331945	-0.0019385968285026145	True	44
holdout	wrong_topology	5001	0.25	0.1	4.188069682861915	4.1761407349331945	-0.002856452568500867	True	37
holdout	wrong_topology	5001	0.05	0.0	4.191392838859855	4.1761407349331945	-0.0036522006548000974	True	23
holdout	wrong_topology	5001	0.25	0.25	4.242520688855019	4.1761407349331945	-0.015895047158387188	True	30
holdout	wrong_topology	5001	0.05	0.1	4.393886111514082	4.1761407349331945	-0.05214033491722603	True	16
holdout	wrong_topology	5001	0.05	0.25	4.87700146021267	4.1761407349331945	-0.1678249775963756	True	13
holdout	wrong_topology	5002	1.0	0.1	3.710791000439657	3.7099810431396056	-0.00021831844708453119	True	103
holdout	wrong_topology	5002	1.0	0.0	3.712061749609614	3.7099810431396056	-0.0005608401891583625	True	120
holdout	wrong_topology	5002	1.0	0.25	3.7142863056656137	3.7099810431396056	-0.0011604540497502924	True	84
holdout	wrong_topology	5002	0.25	0.0	3.715875072630862	3.7099810431396056	-0.0015886953121109215	True	45
holdout	wrong_topology	5002	0.05	0.0	3.721194395488629	3.7099810431396056	-0.0030224823843125748	True	23
holdout	wrong_topology	5002	0.25	0.1	3.7230918479687154	3.7099810431396056	-0.0035339277146317905	True	38
holdout	wrong_topology	5002	0.25	0.25	3.778578610773199	3.7099810431396056	-0.01849000489111452	True	30
holdout	wrong_topology	5002	0.05	0.1	3.9216244819481956	3.7099810431396056	-0.057047040496326806	True	17
holdout	wrong_topology	5002	0.05	0.25	4.3782681446660225	3.7099810431396056	-0.18013221462740225	True	13
holdout	wrong_topology	5003	0.05	0.0	3.2200587532251945	3.2258291831454757	0.0017888206698701836	True	22
holdout	wrong_topology	5003	0.25	0.0	3.2217216368403085	3.2258291831454757	0.0012733303817290542	True	42
holdout	wrong_topology	5003	1.0	0.0	3.2239723974168553	3.2258291831454757	0.0005755995197519459	True	110
holdout	wrong_topology	5003	1.0	0.1	3.227130642922113	3.2258291831454757	-0.0004034496877383109	True	93
holdout	wrong_topology	5003	1.0	0.25	3.2351507071396663	3.2258291831454757	-0.002889652075470872	True	74
holdout	wrong_topology	5003	0.25	0.1	3.243641098639588	3.2258291831454757	-0.005521654893314576	True	35
holdout	wrong_topology	5003	0.25	0.25	3.3094818336760117	3.2258291831454757	-0.025932138926515247	True	27
holdout	wrong_topology	5003	0.05	0.1	3.452947277802992	3.2258291831454757	-0.07040611320778489	True	15
holdout	wrong_topology	5003	0.05	0.25	3.89008734900926	3.2258291831454757	-0.20591858035584898	True	12
holdout	wrong_topology	5004	1.0	0.0	3.4165245474464023	3.4152956283659335	-0.00035982802491885124	True	111
holdout	wrong_topology	5004	1.0	0.1	3.418256322948893	3.4152956283659335	-0.0008668926222283879	True	95
holdout	wrong_topology	5004	0.25	0.0	3.4190473273693165	3.4152956283659335	-0.0010984990500451097	True	42
holdout	wrong_topology	5004	0.05	0.0	3.422906833571134	3.4152956283659335	-0.0022285640932473427	True	21
holdout	wrong_topology	5004	1.0	0.25	3.425022807577447	3.4152956283659335	-0.0028481221744682816	True	79
holdout	wrong_topology	5004	0.25	0.1	3.439149062133887	3.4152956283659335	-0.006984295464743218	True	35
holdout	wrong_topology	5004	0.25	0.25	3.5077863453401905	3.4152956283659335	-0.027081320927555996	True	29
holdout	wrong_topology	5004	0.05	0.1	3.669277141756333	3.4152956283659335	-0.07436589420867157	True	16
holdout	wrong_topology	5004	0.05	0.25	4.148183526390282	3.4152956283659335	-0.21458988555406622	True	13
holdout	wrong_topology	5005	1.0	0.0	3.6646427944052826	3.6633131317409724	-0.00036296724208173536	True	124
holdout	wrong_topology	5005	0.25	0.0	3.6674027916806553	3.6633131317409724	-0.0011163828459674896	True	47
holdout	wrong_topology	5005	1.0	0.1	3.670691547696871	3.6633131317409724	-0.0020141373916326977	True	105
holdout	wrong_topology	5005	0.05	0.0	3.671651095708784	3.6633131317409724	-0.0022760718693597415	True	24
holdout	wrong_topology	5005	1.0	0.25	3.68889080849795	3.6633131317409724	-0.006982115870837857	True	82
holdout	wrong_topology	5005	0.25	0.1	3.694869208010172	3.6633131317409724	-0.008614081061152135	True	39
holdout	wrong_topology	5005	0.25	0.25	3.78192147179474	3.6633131317409724	-0.03237734143611126	True	29
holdout	wrong_topology	5005	0.05	0.1	3.9436040710548266	3.6633131317409724	-0.07651296223772364	True	17
holdout	wrong_topology	5005	0.05	0.25	4.459058879442627	3.6633131317409724	-0.21722023727834583	True	13
holdout	wrong_topology	5006	0.25	0.0	3.884892825320306	3.8863075840031427	0.0003640367243858966	True	48
holdout	wrong_topology	5006	1.0	0.0	3.885400011445873	3.8863075840031427	0.0002335308098116995	True	129
holdout	wrong_topology	5006	0.05	0.0	3.885665227079488	3.8863075840031427	0.00016528720637010164	True	25
holdout	wrong_topology	5006	1.0	0.1	3.8996478431626134	3.8863075840031427	-0.003432630812440607	True	109
holdout	wrong_topology	5006	1.0	0.25	3.9357184992692678	3.8863075840031427	-0.012714103090941897	True	85
holdout	wrong_topology	5006	0.25	0.1	3.9427668679714802	3.8863075840031427	-0.014527744587365055	True	40
holdout	wrong_topology	5006	0.25	0.25	4.085134724247031	3.8863075840031427	-0.05116093771432362	True	30
holdout	wrong_topology	5006	0.05	0.1	4.311194032355513	3.8863075840031427	-0.1093290840131369	True	18
holdout	wrong_topology	5006	0.05	0.25	5.012720631769578	3.8863075840031427	-0.28984145578260145	True	14
holdout	wrong_topology	5007	0.25	0.0	4.042736025651427	4.0438153401923564	0.0002669050018683228	True	47
holdout	wrong_topology	5007	1.0	0.0	4.043058514228559	4.0438153401923564	0.0001871564105005996	True	126
holdout	wrong_topology	5007	0.05	0.0	4.043633712769591	4.0438153401923564	4.4914865661715986e-05	True	24
holdout	wrong_topology	5007	1.0	0.1	4.051516615833448	4.0438153401923564	-0.001904457793744152	True	107
holdout	wrong_topology	5007	1.0	0.25	4.071363011716755	4.0438153401923564	-0.006812297102342102	True	86
holdout	wrong_topology	5007	0.25	0.1	4.086313284033423	4.0438153401923564	-0.010509368075903636	True	39
holdout	wrong_topology	5007	0.25	0.25	4.193767656603873	4.0438153401923564	-0.0370818901944181	True	31
holdout	wrong_topology	5007	0.05	0.1	4.3971207408532	4.0438153401923564	-0.08736932103433737	True	17
holdout	wrong_topology	5007	0.05	0.25	4.993918458984437	4.0438153401923564	-0.23495215257452529	True	13
holdout	wrong_topology	5008	0.25	0.0	3.439321887547442	3.4413764070703277	0.0005970051746344573	True	47
holdout	wrong_topology	5008	0.05	0.0	3.4394979534199708	3.4413764070703277	0.0005458437055875232	True	24
holdout	wrong_topology	5008	1.0	0.0	3.440245697352877	3.4413764070703277	0.00032856322113661296	True	126
holdout	wrong_topology	5008	1.0	0.1	3.4449614569906997	3.4413764070703277	-0.001041748851711377	True	108
holdout	wrong_topology	5008	0.25	0.1	3.4596239891462286	3.4413764070703277	-0.005302408082536791	True	39
holdout	wrong_topology	5008	1.0	0.25	3.463750620913033	3.4413764070703277	-0.0065015305494444675	True	86
holdout	wrong_topology	5008	0.25	0.25	3.541478023955146	3.4413764070703277	-0.029087668724397275	True	31
holdout	wrong_topology	5008	0.05	0.1	3.682576321086878	3.4413764070703277	-0.07008821049653391	True	17
holdout	wrong_topology	5008	0.05	0.25	4.178276140275322	3.4413764070703277	-0.21412936163885754	True	13
holdout	wrong_topology	5009	1.0	0.0	3.2884042885577696	3.2885130052438774	3.305952749299568e-05	True	130
holdout	wrong_topology	5009	0.25	0.0	3.288794567278665	3.2885130052438774	-8.561986354882478e-05	True	48
holdout	wrong_topology	5009	0.05	0.0	3.2901002151505003	3.2885130052438774	-0.00048265276861969575	True	25
holdout	wrong_topology	5009	1.0	0.1	3.295308264711037	3.2885130052438774	-0.0020663623517145346	True	110
holdout	wrong_topology	5009	0.25	0.1	3.3133538986060374	3.2885130052438774	-0.007553837653233808	True	40
holdout	wrong_topology	5009	1.0	0.25	3.325439769555294	3.2885130052438774	-0.011229015744360193	True	88
holdout	wrong_topology	5009	0.25	0.25	3.4108433525172748	3.2885130052438774	-0.037199289489908915	True	32
holdout	wrong_topology	5009	0.05	0.1	3.541851610900989	3.2885130052438774	-0.07703743462566126	True	18
holdout	wrong_topology	5009	0.05	0.25	4.038981914154465	3.2885130052438774	-0.22820919598429024	True	14
holdout	wrong_topology	5010	1.0	0.0	3.4613587057235224	3.4589270599483757	-0.0007030057971741943	True	125
holdout	wrong_topology	5010	1.0	0.1	3.4633759798272985	3.4589270599483757	-0.001286213846610984	True	106
holdout	wrong_topology	5010	0.25	0.0	3.465655390475508	3.4589270599483757	-0.001945207404064897	True	47
holdout	wrong_topology	5010	0.05	0.0	3.471434089991841	3.4589270599483757	-0.003615869842497288	True	24
holdout	wrong_topology	5010	1.0	0.25	3.476610541879529	3.4589270599483757	-0.005112418280198483	True	84
holdout	wrong_topology	5010	0.25	0.1	3.4786118325819393	3.4589270599483757	-0.005691005416534445	True	39
holdout	wrong_topology	5010	0.25	0.25	3.550132553509961	3.4589270599483757	-0.026368145954181132	True	30
holdout	wrong_topology	5010	0.05	0.1	3.6958450306162653	3.4589270599483757	-0.06849464199786448	True	17
holdout	wrong_topology	5010	0.05	0.25	4.185453192974216	3.4589270599483757	-0.21004378538028035	True	14
holdout	wrong_topology	5011	1.0	0.1	4.352772904421174	4.350203471108305	-0.000590646697317565	True	99
holdout	wrong_topology	5011	1.0	0.0	4.3532503206556425	4.350203471108305	-0.0007003924224633362	True	114
holdout	wrong_topology	5011	1.0	0.25	4.356176218421499	4.350203471108305	-0.0013729811382070523	True	82
holdout	wrong_topology	5011	0.25	0.0	4.358761255169023	4.350203471108305	-0.001967214664223116	True	43
holdout	wrong_topology	5011	0.05	0.0	4.366361563286489	4.350203471108305	-0.003714330211333161	True	22
holdout	wrong_topology	5011	0.25	0.1	4.369183159883556	4.350203471108305	-0.004362942768379341	True	36
holdout	wrong_topology	5011	0.25	0.25	4.425327669039826	4.350203471108305	-0.017269122796314207	True	30
holdout	wrong_topology	5011	0.05	0.1	4.571710561582269	4.350203471108305	-0.050918788499226375	True	16
holdout	wrong_topology	5011	0.05	0.25	5.017317340898077	4.350203471108305	-0.15335233724592	True	13
holdout	wrong_topology	5012	1.0	0.0	3.6132774695981675	3.612241345800256	-0.00028683681369079395	True	132
holdout	wrong_topology	5012	0.25	0.0	3.6155531763883473	3.612241345800256	-0.0009168353581749944	True	49
holdout	wrong_topology	5012	0.05	0.0	3.6192040695113485	3.612241345800256	-0.0019275355782049086	True	25
holdout	wrong_topology	5012	1.0	0.1	3.62894670809326	3.612241345800256	-0.004624652866128676	True	112
holdout	wrong_topology	5012	0.25	0.1	3.6636397432402865	3.612241345800256	-0.014228948876793268	True	41
holdout	wrong_topology	5012	1.0	0.25	3.6811188132681236	3.612241345800256	-0.01906779223042432	True	86
holdout	wrong_topology	5012	0.25	0.25	3.8177607862170473	3.612241345800256	-0.056895268267646903	True	30
holdout	wrong_topology	5012	0.05	0.1	4.0084960161720335	3.612241345800256	-0.10969772848441584	True	18
holdout	wrong_topology	5012	0.05	0.25	4.72184290660395	3.612241345800256	-0.3071781352853855	True	14
holdout	wrong_topology	5013	1.0	0.0	4.00547897533077	4.004605778828028	-0.0002180480554063724	True	116
holdout	wrong_topology	5013	0.25	0.0	4.007673494143103	4.004605778828028	-0.0007660467682721883	True	44
holdout	wrong_topology	5013	0.05	0.0	4.0114887134739385	4.004605778828028	-0.0017187546105787987	True	23
holdout	wrong_topology	5013	1.0	0.1	4.012072184676374	4.004605778828028	-0.001864454645653213	True	98
holdout	wrong_topology	5013	1.0	0.25	4.025874149846591	4.004605778828028	-0.005310977457758215	True	78
holdout	wrong_topology	5013	0.25	0.1	4.0441050866804895	4.004605778828028	-0.009863469723110141	True	36
holdout	wrong_topology	5013	0.25	0.25	4.134750830491647	4.004605778828028	-0.03249884229595934	True	28
holdout	wrong_topology	5013	0.05	0.1	4.3235985780426605	4.004605778828028	-0.07965647977164636	True	16
holdout	wrong_topology	5013	0.05	0.25	4.861577470410598	4.004605778828028	-0.21399651773797523	True	12
holdout	wrong_topology	5014	0.25	0.0	3.4010140993028832	3.4028602333911455	0.0005425242183463297	True	49
holdout	wrong_topology	5014	0.05	0.0	3.40112703379049	3.4028602333911455	0.000509336111911951	True	25
holdout	wrong_topology	5014	1.0	0.0	3.401853198981515	3.4028602333911455	0.0002959376349780385	True	131
holdout	wrong_topology	5014	1.0	0.1	3.4135428717192706	3.4028602333911455	-0.003139311518968624	True	110
holdout	wrong_topology	5014	0.25	0.1	3.4465268007619656	3.4028602333911455	-0.01283231292967435	True	40
holdout	wrong_topology	5014	1.0	0.25	3.4524024937334112	3.4028602333911455	-0.01455900534971244	True	84
holdout	wrong_topology	5014	0.25	0.25	3.578068430341495	3.4028602333911455	-0.051488508176471326	True	29
holdout	wrong_topology	5014	0.05	0.1	3.7586011552044623	3.4028602333911455	-0.10454173766014496	True	18
holdout	wrong_topology	5014	0.05	0.25	4.380801703741911	3.4028602333911455	-0.28738808040205366	True	14
holdout	wrong_topology	5015	1.0	0.0	3.4997690178613134	3.4994151116660754	-0.00010113295620683971	True	125
holdout	wrong_topology	5015	0.25	0.0	3.5009708642933024	3.4994151116660754	-0.000444575043995421	True	47
holdout	wrong_topology	5015	0.05	0.0	3.5033557472835826	3.4994151116660754	-0.00112608407169823	True	24
holdout	wrong_topology	5015	1.0	0.1	3.5063310451848335	3.4994151116660754	-0.0019763112686181916	True	105
holdout	wrong_topology	5015	1.0	0.25	3.5242913379799017	3.4994151116660754	-0.007108681171003717	True	81
holdout	wrong_topology	5015	0.25	0.1	3.5329362547698193	3.4994151116660754	-0.009579070225762543	True	39
holdout	wrong_topology	5015	0.25	0.25	3.623794509340661	3.4994151116660754	-0.035542910373776326	True	29
holdout	wrong_topology	5015	0.05	0.1	3.79361169980472	3.4994151116660754	-0.08407021709367224	True	17
holdout	wrong_topology	5015	0.05	0.25	4.318061018639644	3.4994151116660754	-0.23393792415321935	True	13
holdout	wrong_topology	5016	0.25	0.0	3.6807988336225486	3.6827905820096443	0.0005408258609178596	True	46
holdout	wrong_topology	5016	0.05	0.0	3.6810417731950893	3.6827905820096443	0.00047485969555205454	True	24
holdout	wrong_topology	5016	1.0	0.0	3.681679524654839	3.6827905820096443	0.0003016889855841365	True	124
holdout	wrong_topology	5016	1.0	0.1	3.6843293608577645	3.6827905820096443	-0.00041782958163216755	True	105
holdout	wrong_topology	5016	1.0	0.25	3.6953490815014782	3.6827905820096443	-0.0034100498554499037	True	82
holdout	wrong_topology	5016	0.25	0.1	3.7041790698941344	3.6827905820096443	-0.005807685071470559	True	39
holdout	wrong_topology	5016	0.25	0.25	3.7854400856847765	3.6827905820096443	-0.027872750673517244	True	29
holdout	wrong_topology	5016	0.05	0.1	3.958983490545449	3.6827905820096443	-0.07499555089692089	True	17
holdout	wrong_topology	5016	0.05	0.25	4.497181126312172	3.6827905820096443	-0.22113409007854212	True	13
holdout	global_null	5001	1.0	0.0	1.3480398086877003	1.3459414598403565	-0.001559019400140027	True	110
holdout	global_null	5001	1.0	0.1	1.348972526666473	1.3459414598403565	-0.002252004947136399	True	95
holdout	global_null	5001	0.25	0.0	1.351464553572687	1.3459414598403565	-0.0041035170526551035	True	42
holdout	global_null	5001	1.0	0.25	1.3522943094025643	1.3459414598403565	-0.004720004362568142	True	79
holdout	global_null	5001	0.05	0.0	1.3555474517135317	1.3459414598403565	-0.007137005701804089	True	22
holdout	global_null	5001	0.25	0.1	1.3600057410852633	1.3459414598403565	-0.010449400411942866	True	35
holdout	global_null	5001	0.25	0.25	1.3930308747329319	1.3459414598403565	-0.03498622807723062	True	29
holdout	global_null	5001	0.05	0.1	1.4727774232329722	1.3459414598403565	-0.09423586922395555	True	16
holdout	global_null	5001	0.05	0.25	1.7129960998101565	1.3459414598403565	-0.2727121876558709	True	12
holdout	global_null	5002	1.0	0.1	1.334951061757887	1.3332354796385766	-0.0012867810266912194	True	94
holdout	global_null	5002	1.0	0.0	1.3356732487904235	1.3332354796385766	-0.0018284610551375646	True	108
holdout	global_null	5002	1.0	0.25	1.335857880132054	1.3332354796385766	-0.001966944724714592	True	79
holdout	global_null	5002	0.25	0.0	1.3394762135159834	1.3332354796385766	-0.00468089394013016	True	41
holdout	global_null	5002	0.25	0.1	1.3420341153730084	1.3332354796385766	-0.006599461137065665	True	35
holdout	global_null	5002	0.05	0.0	1.3438693703380695	1.3332354796385766	-0.007976003385670172	True	21
holdout	global_null	5002	0.25	0.25	1.3662650583156581	1.3332354796385766	-0.024774002178546528	True	29
holdout	global_null	5002	0.05	0.1	1.4338925386756534	1.3332354796385766	-0.07549833512108717	True	16
holdout	global_null	5002	0.05	0.25	1.6439256838936094	1.3332354796385766	-0.23303475567516174	True	13
holdout	global_null	5003	0.05	0.0	1.3364459707531433	1.3394528935325705	0.0022448887855226474	True	22
holdout	global_null	5003	0.25	0.0	1.33670151274685	1.3394528935325705	0.0020541079115251604	True	42
holdout	global_null	5003	1.0	0.0	1.3379113669469478	1.3394528935325705	0.00115086285831012	True	111
holdout	global_null	5003	1.0	0.1	1.3387175994722584	1.3394528935325705	0.0005489510410274789	True	93
holdout	global_null	5003	1.0	0.25	1.3419527067600412	1.3394528935325705	-0.0018662942456137976	True	71
holdout	global_null	5003	0.25	0.1	1.3456923276278157	1.3394528935325705	-0.00465819598835604	True	35
holdout	global_null	5003	0.25	0.25	1.3774938248168236	1.3394528935325705	-0.028400350223535487	True	26
holdout	global_null	5003	0.05	0.1	1.4490674831883161	1.3394528935325705	-0.08183534500168688	True	15
holdout	global_null	5003	0.05	0.25	1.6718752932793646	1.3394528935325705	-0.24817774581836072	True	12
holdout	global_null	5004	0.25	0.0	1.3937766248625134	1.3943525888402055	0.0004130691062661507	True	40
holdout	global_null	5004	1.0	0.0	1.3938460252557552	1.3943525888402055	0.0003632966213170663	True	106
holdout	global_null	5004	0.05	0.0	1.3944128600866346	1.3943525888402055	-4.322525515521036e-05	True	21
holdout	global_null	5004	1.0	0.1	1.3949260677705755	1.3943525888402055	-0.00041128688321712126	True	92
holdout	global_null	5004	1.0	0.25	1.3988323699457248	1.3943525888402055	-0.0032128036634158086	True	77
holdout	global_null	5004	0.25	0.1	1.40556974667389	1.3943525888402055	-0.008044706857836204	True	34
holdout	global_null	5004	0.25	0.25	1.444353041493351	1.3943525888402055	-0.03585926045774035	True	29
holdout	global_null	5004	0.05	0.1	1.533263364682856	1.3943525888402055	-0.099623851925569	True	15
holdout	global_null	5004	0.05	0.25	1.7998163121000035	1.3943525888402055	-0.29078995263103047	True	13
holdout	global_null	5005	0.05	0.0	1.3122416574933053	1.3138821391566344	0.0012485759676907904	True	21
holdout	global_null	5005	0.25	0.0	1.3123997107578718	1.3138821391566344	0.0011282811102936163	True	40
holdout	global_null	5005	1.0	0.0	1.313079157716203	1.3138821391566344	0.000611151804641108	True	105
holdout	global_null	5005	1.0	0.1	1.3139643262378817	1.3138821391566344	-6.255285675771383e-05	True	92
holdout	global_null	5005	1.0	0.25	1.317065999509801	1.3138821391566344	-0.0024232465441764717	True	77
holdout	global_null	5005	0.25	0.1	1.3211477274068506	1.3138821391566344	-0.005529863017150083	True	34
holdout	global_null	5005	0.25	0.25	1.3529499533097893	1.3138821391566344	-0.0297346413265287	True	29
holdout	global_null	5005	0.05	0.1	1.4265127107249806	1.3138821391566344	-0.08572349696498849	True	15
holdout	global_null	5005	0.05	0.25	1.655270061769129	1.3138821391566344	-0.25983146618586916	True	12
holdout	global_null	5006	1.0	0.0	1.3740975100086028	1.3740552775701704	-3.0735618225641304e-05	True	106
holdout	global_null	5006	0.25	0.0	1.374765628669304	1.3740552775701704	-0.0005169741790809201	True	40
holdout	global_null	5006	0.05	0.0	1.376143472590693	1.3740552775701704	-0.001519731450844608	True	21
holdout	global_null	5006	1.0	0.1	1.3762290229952179	1.3740552775701704	-0.0015819927047560078	True	92
holdout	global_null	5006	1.0	0.25	1.3813860378266316	1.3740552775701704	-0.005335127615407664	True	77
holdout	global_null	5006	0.25	0.1	1.3887681791853248	1.3740552775701704	-0.010707648997333008	True	34
holdout	global_null	5006	0.25	0.25	1.429703069328509	1.3740552775701704	-0.040498946925005885	True	28
holdout	global_null	5006	0.05	0.1	1.5193242509324258	1.3740552775701704	-0.10572280150122038	True	16
holdout	global_null	5006	0.05	0.25	1.7862482770877122	1.3740552775701704	-0.29998283638664724	True	12
holdout	global_null	5007	1.0	0.0	1.4362862986781035	1.4362350514737279	-3.568162768563532e-05	True	110
holdout	global_null	5007	0.25	0.0	1.4368113758724357	1.4362350514737279	-0.0004012744279680014	True	41
holdout	global_null	5007	0.05	0.0	1.4379131607255211	1.4362350514737279	-0.0011684085067213967	True	21
holdout	global_null	5007	1.0	0.1	1.4388133124783802	1.4362350514737279	-0.001795152542758638	True	96
holdout	global_null	5007	1.0	0.25	1.4444703887860537	1.4362350514737279	-0.005733975997783691	True	81
holdout	global_null	5007	0.25	0.1	1.4523893341751222	1.4362350514737279	-0.011247659416763423	True	35
holdout	global_null	5007	0.25	0.25	1.4945065010893284	1.4362350514737279	-0.04057236282863852	True	30
holdout	global_null	5007	0.05	0.1	1.5853157005722194	1.4362350514737279	-0.10379961758036682	True	16
holdout	global_null	5007	0.05	0.25	1.8493038100145458	1.4362350514737279	-0.2876052621866916	True	13
holdout	global_null	5008	1.0	0.1	1.3450419025224252	1.3449616639147945	-5.965865777701751e-05	True	97
holdout	global_null	5008	1.0	0.25	1.3458161290236237	1.3449616639147945	-0.000635308151714975	True	81
holdout	global_null	5008	1.0	0.0	1.3459250277368713	1.3449616639147945	-0.0007162760455734496	True	112
holdout	global_null	5008	0.25	0.0	1.3477873045565398	1.3449616639147945	-0.0021009079422535937	True	42
holdout	global_null	5008	0.25	0.1	1.3501315245312597	1.3449616639147945	-0.0038438721007238996	True	36
holdout	global_null	5008	0.05	0.0	1.3503165590148094	1.3449616639147945	-0.003981448128735687	True	22
holdout	global_null	5008	0.25	0.25	1.375620167733792	1.3449616639147945	-0.022795076351663113	True	30
holdout	global_null	5008	0.05	0.1	1.445395971852634	1.3449616639147945	-0.07467447633080049	True	16
holdout	global_null	5008	0.05	0.25	1.6705241190599345	1.3449616639147945	-0.24206076937354615	True	13
holdout	global_null	5009	1.0	0.1	1.3376840534921095	1.3389837201499108	0.0009706366389995447	True	99
holdout	global_null	5009	1.0	0.0	1.3383521669390217	1.3389837201499108	0.0004716660862900124	True	114
holdout	global_null	5009	0.25	0.0	1.3383765572514914	1.3389837201499108	0.0004534505455761062	True	43
holdout	global_null	5009	1.0	0.25	1.3386142862120332	1.3389837201499108	0.0002759062207540186	True	83
holdout	global_null	5009	0.05	0.0	1.339384404129904	1.3389837201499108	-0.00029924484813625973	True	22
holdout	global_null	5009	0.25	0.1	1.3417849493044913	1.3389837201499108	-0.002092056170979406	True	37
holdout	global_null	5009	0.25	0.25	1.3646527222432665	1.3389837201499108	-0.01917051096818545	True	30
holdout	global_null	5009	0.05	0.1	1.4239783764642222	1.3389837201499108	-0.06347699007482732	True	17
holdout	global_null	5009	0.05	0.25	1.6118825545211992	1.3389837201499108	-0.2038104199957973	True	13
holdout	global_null	5010	1.0	0.1	1.3130785576419621	1.3112155347105672	-0.001420836530743319	True	96
holdout	global_null	5010	1.0	0.0	1.3132528901834601	1.3112155347105672	-0.0015537914392866892	True	111
holdout	global_null	5010	1.0	0.25	1.3147048992067745	1.3112155347105672	-0.002661167751476956	True	80
holdout	global_null	5010	0.25	0.0	1.3164676510663496	1.3112155347105672	-0.004005532436695658	True	42
holdout	global_null	5010	0.05	0.0	1.3202420962998382	1.3112155347105672	-0.00688411733259664	True	22
holdout	global_null	5010	0.25	0.1	1.3208150035921642	1.3112155347105672	-0.007321045722445518	True	36
holdout	global_null	5010	0.25	0.25	1.3475774900766841	1.3112155347105672	-0.02773148609327869	True	30
holdout	global_null	5010	0.05	0.1	1.4183200990100204	1.3112155347105672	-0.08168341623796826	True	16
holdout	global_null	5010	0.05	0.25	1.6372002081280765	1.3112155347105672	-0.2486125772521952	True	13
holdout	global_null	5011	1.0	0.25	1.3719073197374652	1.3731331224363164	0.00089270492337723	True	80
holdout	global_null	5011	1.0	0.1	1.3728062801312526	1.3731331224363164	0.00023802667033756553	True	94
holdout	global_null	5011	1.0	0.0	1.3746248014862048	1.3731331224363164	-0.0010863324360290694	True	108
holdout	global_null	5011	0.25	0.1	1.3747806562561449	1.3731331224363164	-0.0011998354659927823	True	35
holdout	global_null	5011	0.25	0.0	1.3771869958680207	1.3731331224363164	-0.0029522799832486513	True	41
holdout	global_null	5011	0.05	0.0	1.3803588285967379	1.3731331224363164	-0.005262203673013888	True	21
holdout	global_null	5011	0.25	0.25	1.3911477117168847	1.3731331224363164	-0.013119331976061854	True	29
holdout	global_null	5011	0.05	0.1	1.4443862486164485	1.3731331224363164	-0.051890909203114566	True	16
holdout	global_null	5011	0.05	0.25	1.6247759062960498	1.3731331224363164	-0.18326175353868823	True	13
holdout	global_null	5012	0.05	0.0	1.3478562541412822	1.3502962654978545	0.0018070192586014944	True	21
holdout	global_null	5012	0.25	0.0	1.3482317938971122	1.3502962654978545	0.0015289026960176866	True	40
holdout	global_null	5012	1.0	0.0	1.349205249711968	1.3502962654978545	0.0008079825248455963	True	103
holdout	global_null	5012	1.0	0.1	1.3498415786507154	1.3502962654978545	0.00033673117430377264	True	86
holdout	global_null	5012	1.0	0.25	1.3526997198586435	1.3502962654978545	-0.0017799459438649912	True	67
holdout	global_null	5012	0.25	0.1	1.356118926743025	1.3502962654978545	-0.004312136080020679	True	32
holdout	global_null	5012	0.25	0.25	1.387567575089359	1.3502962654978545	-0.02760231998254281	True	25
holdout	global_null	5012	0.05	0.1	1.4606520271204129	1.3502962654978545	-0.0817270731189279	True	15
holdout	global_null	5012	0.05	0.25	1.692298700945539	1.3502962654978545	-0.2532795536700889	True	12
holdout	global_null	5013	1.0	0.0	1.3232361590468122	1.3222449147172304	-0.0007496677193072898	True	100
holdout	global_null	5013	1.0	0.1	1.3248456451757076	1.3222449147172304	-0.0019669052454123204	True	85
holdout	global_null	5013	0.25	0.0	1.32494881307396	1.3222449147172304	-0.002044930047855553	True	38
holdout	global_null	5013	0.05	0.0	1.327088926943407	1.3222449147172304	-0.0036634757844484778	True	20
holdout	global_null	5013	1.0	0.25	1.3290544784255345	1.3222449147172304	-0.005150001813212013	True	71
holdout	global_null	5013	0.25	0.1	1.336342471443625	1.3222449147172304	-0.010661834709653206	True	32
holdout	global_null	5013	0.25	0.25	1.372025762941343	1.3222449147172304	-0.03764873486751785	True	26
holdout	global_null	5013	0.05	0.1	1.4529398662125892	1.3222449147172304	-0.09884322491291919	True	15
holdout	global_null	5013	0.05	0.25	1.6928829107220573	1.3222449147172304	-0.2803096399762597	True	12
holdout	global_null	5014	1.0	0.0	1.3086911471447698	1.3079443712126717	-0.0005709538941671699	True	92
holdout	global_null	5014	1.0	0.1	1.309612432277326	1.3079443712126717	-0.0012753302826691293	True	82
holdout	global_null	5014	0.25	0.0	1.3101565122618954	1.3079443712126717	-0.0016913112651517626	True	35
holdout	global_null	5014	0.05	0.0	1.3121422639151665	1.3079443712126717	-0.003209534590987717	True	19
holdout	global_null	5014	1.0	0.25	1.3127598758432106	1.3079443712126717	-0.003681735046632051	True	74
holdout	global_null	5014	0.25	0.1	1.3191140089048836	1.3079443712126717	-0.008539841554465966	True	31
holdout	global_null	5014	0.25	0.25	1.3503770331179623	1.3079443712126717	-0.03244225277406021	True	28
holdout	global_null	5014	0.05	0.1	1.4239836583462189	1.3079443712126717	-0.08871882450624446	True	14
holdout	global_null	5014	0.05	0.25	1.6443831630646477	1.3079443712126717	-0.2572271415030014	True	12
holdout	global_null	5015	1.0	0.1	1.2866005317633145	1.2859278744488611	-0.0005230910129712107	True	90
holdout	global_null	5015	1.0	0.0	1.286728657148597	1.2859278744488611	-0.0006227275383381414	True	107
holdout	global_null	5015	0.25	0.0	1.2881774886570443	1.2859278744488611	-0.0017494093198247018	True	41
holdout	global_null	5015	1.0	0.25	1.2882768243192615	1.2859278744488611	-0.0018266575576075805	True	73
holdout	global_null	5015	0.05	0.0	1.2900536576720039	1.2859278744488611	-0.0032084095112341338	True	21
holdout	global_null	5015	0.25	0.1	1.293158834772492	1.2859278744488611	-0.005623146108975963	True	33
holdout	global_null	5015	0.25	0.25	1.3194900646797165	1.2859278744488611	-0.02609958995191697	True	27
holdout	global_null	5015	0.05	0.1	1.3866395555741868	1.2859278744488611	-0.07831829694841153	True	15
holdout	global_null	5015	0.05	0.25	1.5955652109869047	1.2859278744488611	-0.2407890385537772	True	12
holdout	global_null	5016	1.0	0.0	1.3265628854072555	1.3260256959296857	-0.00040511241917773333	True	108
holdout	global_null	5016	1.0	0.1	1.3269273292362906	1.3260256959296857	-0.000679951609816154	True	90
holdout	global_null	5016	0.25	0.0	1.3279549114641895	1.3260256959296857	-0.001454885482555568	True	41
holdout	global_null	5016	1.0	0.25	1.3298338563595078	1.3260256959296857	-0.0028718602071675647	True	73
holdout	global_null	5016	0.05	0.0	1.3301501100456115	1.3260256959296857	-0.0031103576111579656	True	21
holdout	global_null	5016	0.25	0.1	1.3368301708290355	1.3260256959296857	-0.008148013219136496	True	34
holdout	global_null	5016	0.25	0.25	1.3712887434960286	1.3260256959296857	-0.03413436685675131	True	27
holdout	global_null	5016	0.05	0.1	1.4543017310982977	1.3260256959296857	-0.09673721675406655	True	15
holdout	global_null	5016	0.05	0.25	1.7040397348651934	1.3260256959296857	-0.28507293644146126	True	12
