split	scenario	seed	method	direction	pair_rank_spearman	top_quartile_auroc	tie_fraction	fit_lambda_hypergraph	fit_anchor_weight	fit_cv_mse	fit_cv_baseline_mse	fit_cv_relative_improvement	fit_fallback_gate	fit_folds	fit_converged	fit_iterations	fit_fit_status	fit_formal_release_allowed
development	smooth_helpful_anchor	501	liana_baseline	target	0.8782592587363898	0.9897959183673469	0.5238095238095238	0.05	0.25	1.7656196240475541	3.3350151428190813	0.470581227239922	1.0	3	True	10	candidate_unreleased	False
development	smooth_helpful_anchor	501	liana_baseline	reference	0.9609629147690306	1.0	0.2857142857142857	0.05	0.25	1.7656196240475541	3.3350151428190813	0.470581227239922	1.0	3	True	10	candidate_unreleased	False
development	smooth_helpful_anchor	501	liana_hypergraph_residual	target	0.8835415929393007	0.9846938775510203	0.6190476190476191	0.05	0.25	1.7656196240475541	3.3350151428190813	0.470581227239922	1.0	3	True	10	candidate_unreleased	False
development	smooth_helpful_anchor	501	liana_hypergraph_residual	reference	0.9765777488614183	1.0	0.2857142857142857	0.05	0.25	1.7656196240475541	3.3350151428190813	0.470581227239922	1.0	3	True	10	candidate_unreleased	False
development	smooth_helpful_anchor	502	liana_baseline	target	0.9446821163057383	0.9611111111111112	0.6666666666666666	0.05	0.25	1.6393548531473559	3.2017901113573815	0.48798803290314363	1.0	3	True	10	candidate_unreleased	False
development	smooth_helpful_anchor	502	liana_baseline	reference	0.9716360488078174	1.0	0.47619047619047616	0.05	0.25	1.6393548531473559	3.2017901113573815	0.48798803290314363	1.0	3	True	10	candidate_unreleased	False
development	smooth_helpful_anchor	502	liana_hypergraph_residual	target	0.9577754235310432	0.9611111111111112	0.42857142857142855	0.05	0.25	1.6393548531473559	3.2017901113573815	0.48798803290314363	1.0	3	True	10	candidate_unreleased	False
development	smooth_helpful_anchor	502	liana_hypergraph_residual	reference	0.9797873579421111	1.0	0.47619047619047616	0.05	0.25	1.6393548531473559	3.2017901113573815	0.48798803290314363	1.0	3	True	10	candidate_unreleased	False
development	smooth_helpful_anchor	503	liana_baseline	target	0.6424420550392673	0.8775510204081632	0.9047619047619048	0.05	0.25	1.8277291951625014	3.426375907977008	0.46657073121856485	1.0	3	True	10	candidate_unreleased	False
development	smooth_helpful_anchor	503	liana_baseline	reference	0.9866667188402007	1.0	0.19047619047619047	0.05	0.25	1.8277291951625014	3.426375907977008	0.46657073121856485	1.0	3	True	10	candidate_unreleased	False
development	smooth_helpful_anchor	503	liana_hypergraph_residual	target	0.6746114702030678	0.9030612244897959	1.0	0.05	0.25	1.8277291951625014	3.426375907977008	0.46657073121856485	1.0	3	True	10	candidate_unreleased	False
development	smooth_helpful_anchor	503	liana_hypergraph_residual	reference	0.9879675319171158	1.0	0.19047619047619047	0.05	0.25	1.8277291951625014	3.426375907977008	0.46657073121856485	1.0	3	True	10	candidate_unreleased	False
development	smooth_helpful_anchor	504	liana_baseline	target	0.9556863477679912	0.9795918367346939	0.42857142857142855	0.05	0.25	1.7791782564077596	3.6569813129280013	0.5134844550290465	1.0	3	True	9	candidate_unreleased	False
development	smooth_helpful_anchor	504	liana_baseline	reference	0.989240773213528	0.9722222222222222	0.5238095238095238	0.05	0.25	1.7791782564077596	3.6569813129280013	0.5134844550290465	1.0	3	True	9	candidate_unreleased	False
development	smooth_helpful_anchor	504	liana_hypergraph_residual	target	0.9556863477679912	0.9795918367346939	0.42857142857142855	0.05	0.25	1.7791782564077596	3.6569813129280013	0.5134844550290465	1.0	3	True	9	candidate_unreleased	False
development	smooth_helpful_anchor	504	liana_hypergraph_residual	reference	0.9902280130293161	0.9722222222222222	0.47619047619047616	0.05	0.25	1.7791782564077596	3.6569813129280013	0.5134844550290465	1.0	3	True	9	candidate_unreleased	False
development	smooth_helpful_anchor	505	liana_baseline	target	0.979449573306284	0.9888888888888889	0.2857142857142857	0.05	0.25	1.7594109315050015	3.8890459928270436	0.5475983223777607	1.0	3	True	9	candidate_unreleased	False
development	smooth_helpful_anchor	505	liana_baseline	reference	0.9608738691383094	1.0	0.42857142857142855	0.05	0.25	1.7594109315050015	3.8890459928270436	0.5475983223777607	1.0	3	True	9	candidate_unreleased	False
development	smooth_helpful_anchor	505	liana_hypergraph_residual	target	0.9801021046675809	0.9777777777777779	0.2857142857142857	0.05	0.25	1.7594109315050015	3.8890459928270436	0.5475983223777607	1.0	3	True	9	candidate_unreleased	False
development	smooth_helpful_anchor	505	liana_hypergraph_residual	reference	0.9559973924380706	1.0	0.3333333333333333	0.05	0.25	1.7594109315050015	3.8890459928270436	0.5475983223777607	1.0	3	True	9	candidate_unreleased	False
development	smooth_helpful_anchor	506	liana_baseline	target	0.9530350929952119	1.0	0.47619047619047616	0.05	0.25	1.6360389447248307	3.17471032995298	0.4846651269915824	1.0	3	True	9	candidate_unreleased	False
development	smooth_helpful_anchor	506	liana_baseline	reference	0.9709827053741179	1.0	0.6190476190476191	0.05	0.25	1.6360389447248307	3.17471032995298	0.4846651269915824	1.0	3	True	9	candidate_unreleased	False
development	smooth_helpful_anchor	506	liana_hypergraph_residual	target	0.9631923868035712	1.0	0.5714285714285714	0.05	0.25	1.6360389447248307	3.17471032995298	0.4846651269915824	1.0	3	True	9	candidate_unreleased	False
development	smooth_helpful_anchor	506	liana_hypergraph_residual	reference	0.9788016133054863	0.9999999999999999	0.47619047619047616	0.05	0.25	1.6360389447248307	3.17471032995298	0.4846651269915824	1.0	3	True	9	candidate_unreleased	False
development	smooth_helpful_anchor	507	liana_baseline	target	0.9869919221094294	1.0	0.19047619047619047	0.05	0.25	1.7783083568142295	3.5919060072131836	0.5049123353330874	1.0	3	True	10	candidate_unreleased	False
development	smooth_helpful_anchor	507	liana_baseline	reference	0.7585445320319797	0.9183673469387755	0.8571428571428571	0.05	0.25	1.7783083568142295	3.5919060072131836	0.5049123353330874	1.0	3	True	10	candidate_unreleased	False
development	smooth_helpful_anchor	507	liana_hypergraph_residual	target	0.9853472627320506	1.0	0.5714285714285714	0.05	0.25	1.7783083568142295	3.5919060072131836	0.5049123353330874	1.0	3	True	10	candidate_unreleased	False
development	smooth_helpful_anchor	507	liana_hypergraph_residual	reference	0.8071797513572243	0.9285714285714286	0.8571428571428571	0.05	0.25	1.7783083568142295	3.5919060072131836	0.5049123353330874	1.0	3	True	10	candidate_unreleased	False
development	smooth_helpful_anchor	508	liana_baseline	target	0.9846568783396299	0.9846938775510203	0.2857142857142857	0.05	0.25	1.785276866348528	3.7519445525747344	0.5241729078529693	1.0	3	True	10	candidate_unreleased	False
development	smooth_helpful_anchor	508	liana_baseline	reference	0.9371131040256591	1.0	0.6190476190476191	0.05	0.25	1.785276866348528	3.7519445525747344	0.5241729078529693	1.0	3	True	10	candidate_unreleased	False
development	smooth_helpful_anchor	508	liana_hypergraph_residual	target	0.9801238708639013	0.9846938775510204	0.47619047619047616	0.05	0.25	1.785276866348528	3.7519445525747344	0.5241729078529693	1.0	3	True	10	candidate_unreleased	False
development	smooth_helpful_anchor	508	liana_hypergraph_residual	reference	0.9486555672158412	1.0	0.5238095238095238	0.05	0.25	1.785276866348528	3.7519445525747344	0.5241729078529693	1.0	3	True	10	candidate_unreleased	False
development	smooth_helpful_anchor	509	liana_baseline	target	0.9200203437740272	1.0	0.7142857142857143	0.05	0.25	1.8014307296447167	3.4100775071001026	0.4717332008161198	1.0	3	True	10	candidate_unreleased	False
development	smooth_helpful_anchor	509	liana_baseline	reference	0.9918515797192548	1.0	0.42857142857142855	0.05	0.25	1.8014307296447167	3.4100775071001026	0.4717332008161198	1.0	3	True	10	candidate_unreleased	False
development	smooth_helpful_anchor	509	liana_hypergraph_residual	target	0.9339379678244087	1.0	0.5714285714285714	0.05	0.25	1.8014307296447167	3.4100775071001026	0.4717332008161198	1.0	3	True	10	candidate_unreleased	False
development	smooth_helpful_anchor	509	liana_hypergraph_residual	reference	0.9931667602867046	1.0	0.19047619047619047	0.05	0.25	1.8014307296447167	3.4100775071001026	0.4717332008161198	1.0	3	True	10	candidate_unreleased	False
development	smooth_helpful_anchor	510	liana_baseline	target	0.9370314439607853	0.9903846153846154	0.3333333333333333	0.05	0.25	1.7355486858858042	3.2898114336735595	0.4724473663988066	1.0	3	True	9	candidate_unreleased	False
development	smooth_helpful_anchor	510	liana_baseline	reference	0.9507830766710583	0.9944444444444445	0.5238095238095238	0.05	0.25	1.7355486858858042	3.2898114336735595	0.4724473663988066	1.0	3	True	9	candidate_unreleased	False
development	smooth_helpful_anchor	510	liana_hypergraph_residual	target	0.9104577108073408	0.985576923076923	0.5714285714285714	0.05	0.25	1.7355486858858042	3.2898114336735595	0.4724473663988066	1.0	3	True	9	candidate_unreleased	False
development	smooth_helpful_anchor	510	liana_hypergraph_residual	reference	0.948811172813527	0.9888888888888889	0.38095238095238093	0.05	0.25	1.7355486858858042	3.2898114336735595	0.4724473663988066	1.0	3	True	9	candidate_unreleased	False
development	smooth_helpful_anchor	511	liana_baseline	target	0.7720676355248522	0.9500000000000001	0.9523809523809523	0.05	0.25	1.7587767064709923	3.369239585044598	0.47799001463776536	1.0	3	True	10	candidate_unreleased	False
development	smooth_helpful_anchor	511	liana_baseline	reference	0.9873010246541893	1.0	0.3333333333333333	0.05	0.25	1.7587767064709923	3.369239585044598	0.47799001463776536	1.0	3	True	10	candidate_unreleased	False
development	smooth_helpful_anchor	511	liana_hypergraph_residual	target	0.8308091816197282	0.9722222222222222	0.8571428571428571	0.05	0.25	1.7587767064709923	3.369239585044598	0.47799001463776536	1.0	3	True	10	candidate_unreleased	False
development	smooth_helpful_anchor	511	liana_hypergraph_residual	reference	0.988610530704297	0.9944444444444445	0.38095238095238093	0.05	0.25	1.7587767064709923	3.369239585044598	0.47799001463776536	1.0	3	True	10	candidate_unreleased	False
development	smooth_helpful_anchor	512	liana_baseline	target	0.9248501357105943	1.0	0.42857142857142855	0.05	0.25	1.706764896574999	3.863374169186947	0.5582191054162919	1.0	3	True	9	candidate_unreleased	False
development	smooth_helpful_anchor	512	liana_baseline	reference	0.9382595276415377	0.9555555555555556	0.6190476190476191	0.05	0.25	1.706764896574999	3.863374169186947	0.5582191054162919	1.0	3	True	9	candidate_unreleased	False
development	smooth_helpful_anchor	512	liana_hypergraph_residual	target	0.9273562195381497	1.0	0.47619047619047616	0.05	0.25	1.706764896574999	3.863374169186947	0.5582191054162919	1.0	3	True	9	candidate_unreleased	False
development	smooth_helpful_anchor	512	liana_hypergraph_residual	reference	0.9557960165898679	0.9555555555555555	0.42857142857142855	0.05	0.25	1.706764896574999	3.863374169186947	0.5582191054162919	1.0	3	True	9	candidate_unreleased	False
development	smooth_helpful_anchor	513	liana_baseline	target	0.9837247922475256	0.9888888888888889	0.5714285714285714	0.05	0.25	1.7270474929366948	3.4778064192573277	0.5034089639452966	1.0	3	True	10	candidate_unreleased	False
development	smooth_helpful_anchor	513	liana_baseline	reference	0.9473344437377778	0.9948979591836734	0.7142857142857143	0.05	0.25	1.7270474929366948	3.4778064192573277	0.5034089639452966	1.0	3	True	10	candidate_unreleased	False
development	smooth_helpful_anchor	513	liana_hypergraph_residual	target	0.9879531166731375	0.9888888888888889	0.6666666666666666	0.05	0.25	1.7270474929366948	3.4778064192573277	0.5034089639452966	1.0	3	True	10	candidate_unreleased	False
development	smooth_helpful_anchor	513	liana_hypergraph_residual	reference	0.9444275446941537	0.9948979591836735	0.5238095238095238	0.05	0.25	1.7270474929366948	3.4778064192573277	0.5034089639452966	1.0	3	True	10	candidate_unreleased	False
development	smooth_helpful_anchor	514	liana_baseline	target	0.881101738462736	0.8888888888888888	0.5238095238095238	0.05	0.25	1.7487785497301849	3.668162471424639	0.523254882150573	1.0	3	True	10	candidate_unreleased	False
development	smooth_helpful_anchor	514	liana_baseline	reference	0.9612003294111668	1.0	0.5238095238095238	0.05	0.25	1.7487785497301849	3.668162471424639	0.523254882150573	1.0	3	True	10	candidate_unreleased	False
development	smooth_helpful_anchor	514	liana_hypergraph_residual	target	0.8911766609374077	0.9111111111111112	0.6190476190476191	0.05	0.25	1.7487785497301849	3.668162471424639	0.523254882150573	1.0	3	True	10	candidate_unreleased	False
development	smooth_helpful_anchor	514	liana_hypergraph_residual	reference	0.9634943377095357	1.0	0.42857142857142855	0.05	0.25	1.7487785497301849	3.668162471424639	0.523254882150573	1.0	3	True	10	candidate_unreleased	False
development	smooth_helpful_anchor	515	liana_baseline	target	0.965234970345881	0.9777777777777779	0.6190476190476191	0.05	0.25	1.8320532504415716	4.243117756477147	0.5682294587170176	1.0	3	True	9	candidate_unreleased	False
development	smooth_helpful_anchor	515	liana_baseline	reference	0.9905426064483273	1.0	0.2857142857142857	0.05	0.25	1.8320532504415716	4.243117756477147	0.5682294587170176	1.0	3	True	9	candidate_unreleased	False
development	smooth_helpful_anchor	515	liana_hypergraph_residual	target	0.974106902535995	0.9833333333333334	0.6666666666666666	0.05	0.25	1.8320532504415716	4.243117756477147	0.5682294587170176	1.0	3	True	9	candidate_unreleased	False
development	smooth_helpful_anchor	515	liana_hypergraph_residual	reference	0.9885945553290859	1.0	0.09523809523809523	0.05	0.25	1.8320532504415716	4.243117756477147	0.5682294587170176	1.0	3	True	9	candidate_unreleased	False
development	smooth_helpful_anchor	516	liana_baseline	target	0.9605863192182413	0.9744897959183674	0.47619047619047616	0.05	0.25	1.7254638243237053	3.4729222191639075	0.503166579774682	1.0	3	True	10	candidate_unreleased	False
development	smooth_helpful_anchor	516	liana_baseline	reference	0.8097029115596709	0.9423076923076924	0.7142857142857143	0.05	0.25	1.7254638243237053	3.4729222191639075	0.503166579774682	1.0	3	True	10	candidate_unreleased	False
development	smooth_helpful_anchor	516	liana_hypergraph_residual	target	0.9544272856028634	0.9744897959183674	0.2857142857142857	0.05	0.25	1.7254638243237053	3.4729222191639075	0.503166579774682	1.0	3	True	10	candidate_unreleased	False
development	smooth_helpful_anchor	516	liana_hypergraph_residual	reference	0.8889660173541362	0.9423076923076923	0.8095238095238095	0.05	0.25	1.7254638243237053	3.4729222191639075	0.503166579774682	1.0	3	True	10	candidate_unreleased	False
development	smooth_noisy_anchor	501	liana_baseline	target	0.8782592587363898	0.9897959183673469	0.5238095238095238	0.05	0.0	2.978198894381174	3.3350151428190813	0.10699089304173037	1.0	3	True	9	candidate_unreleased	False
development	smooth_noisy_anchor	501	liana_baseline	reference	0.9609629147690306	1.0	0.2857142857142857	0.05	0.0	2.978198894381174	3.3350151428190813	0.10699089304173037	1.0	3	True	9	candidate_unreleased	False
development	smooth_noisy_anchor	501	liana_hypergraph_residual	target	0.8538434049142571	0.9846938775510204	0.6190476190476191	0.05	0.0	2.978198894381174	3.3350151428190813	0.10699089304173037	1.0	3	True	9	candidate_unreleased	False
development	smooth_noisy_anchor	501	liana_hypergraph_residual	reference	0.9609629147690306	0.9944444444444445	0.2857142857142857	0.05	0.0	2.978198894381174	3.3350151428190813	0.10699089304173037	1.0	3	True	9	candidate_unreleased	False
development	smooth_noisy_anchor	502	liana_baseline	target	0.9446821163057383	0.9611111111111112	0.6666666666666666	0.05	0.0	2.848936309295677	3.2017901113573815	0.11020516329601437	1.0	3	True	8	candidate_unreleased	False
development	smooth_noisy_anchor	502	liana_baseline	reference	0.9716360488078174	1.0	0.47619047619047616	0.05	0.0	2.848936309295677	3.2017901113573815	0.11020516329601437	1.0	3	True	8	candidate_unreleased	False
development	smooth_noisy_anchor	502	liana_hypergraph_residual	target	0.9446821163057383	0.9611111111111112	0.6666666666666666	0.05	0.0	2.848936309295677	3.2017901113573815	0.11020516329601437	1.0	3	True	8	candidate_unreleased	False
development	smooth_noisy_anchor	502	liana_hypergraph_residual	reference	0.9716360488078174	1.0	0.47619047619047616	0.05	0.0	2.848936309295677	3.2017901113573815	0.11020516329601437	1.0	3	True	8	candidate_unreleased	False
development	smooth_noisy_anchor	503	liana_baseline	target	0.6424420550392673	0.8775510204081632	0.9047619047619048	0.05	0.0	3.1193916393233274	3.426375907977008	0.08959445107554742	1.0	3	True	8	candidate_unreleased	False
development	smooth_noisy_anchor	503	liana_baseline	reference	0.9866667188402007	1.0	0.19047619047619047	0.05	0.0	3.1193916393233274	3.426375907977008	0.08959445107554742	1.0	3	True	8	candidate_unreleased	False
development	smooth_noisy_anchor	503	liana_hypergraph_residual	target	0.6442156767904887	0.8775510204081632	0.9047619047619048	0.05	0.0	3.1193916393233274	3.426375907977008	0.08959445107554742	1.0	3	True	8	candidate_unreleased	False
development	smooth_noisy_anchor	503	liana_hypergraph_residual	reference	0.9876304176395253	1.0	0.23809523809523808	0.05	0.0	3.1193916393233274	3.426375907977008	0.08959445107554742	1.0	3	True	8	candidate_unreleased	False
development	smooth_noisy_anchor	504	liana_baseline	target	0.9556863477679912	0.9795918367346939	0.42857142857142855	0.05	0.0	3.240624686423267	3.6569813129280013	0.11385254418250601	1.0	3	True	9	candidate_unreleased	False
development	smooth_noisy_anchor	504	liana_baseline	reference	0.989240773213528	0.9722222222222222	0.5238095238095238	0.05	0.0	3.240624686423267	3.6569813129280013	0.11385254418250601	1.0	3	True	9	candidate_unreleased	False
development	smooth_noisy_anchor	504	liana_hypergraph_residual	target	0.9556863477679912	0.9795918367346939	0.42857142857142855	0.05	0.0	3.240624686423267	3.6569813129280013	0.11385254418250601	1.0	3	True	9	candidate_unreleased	False
development	smooth_noisy_anchor	504	liana_hypergraph_residual	reference	0.989240773213528	0.9722222222222222	0.5238095238095238	0.05	0.0	3.240624686423267	3.6569813129280013	0.11385254418250601	1.0	3	True	9	candidate_unreleased	False
development	smooth_noisy_anchor	505	liana_baseline	target	0.979449573306284	0.9888888888888889	0.2857142857142857	0.05	0.0	3.4485159608187543	3.8890459928270436	0.11327457500394766	1.0	3	True	9	candidate_unreleased	False
development	smooth_noisy_anchor	505	liana_baseline	reference	0.9608738691383094	1.0	0.42857142857142855	0.05	0.0	3.4485159608187543	3.8890459928270436	0.11327457500394766	1.0	3	True	9	candidate_unreleased	False
development	smooth_noisy_anchor	505	liana_hypergraph_residual	target	0.979449573306284	0.9888888888888889	0.2857142857142857	0.05	0.0	3.4485159608187543	3.8890459928270436	0.11327457500394766	1.0	3	True	9	candidate_unreleased	False
development	smooth_noisy_anchor	505	liana_hypergraph_residual	reference	0.9608738691383094	1.0	0.42857142857142855	0.05	0.0	3.4485159608187543	3.8890459928270436	0.11327457500394766	1.0	3	True	9	candidate_unreleased	False
development	smooth_noisy_anchor	506	liana_baseline	target	0.9530350929952119	1.0	0.47619047619047616	0.05	0.0	2.8354300002828143	3.17471032995298	0.10686969657329048	1.0	3	True	9	candidate_unreleased	False
development	smooth_noisy_anchor	506	liana_baseline	reference	0.9709827053741179	1.0	0.6190476190476191	0.05	0.0	2.8354300002828143	3.17471032995298	0.10686969657329048	1.0	3	True	9	candidate_unreleased	False
development	smooth_noisy_anchor	506	liana_hypergraph_residual	target	0.9470661058804082	1.0	0.5238095238095238	0.05	0.0	2.8354300002828143	3.17471032995298	0.10686969657329048	1.0	3	True	9	candidate_unreleased	False
development	smooth_noisy_anchor	506	liana_hypergraph_residual	reference	0.9709827053741179	1.0	0.6190476190476191	0.05	0.0	2.8354300002828143	3.17471032995298	0.10686969657329048	1.0	3	True	9	candidate_unreleased	False
development	smooth_noisy_anchor	507	liana_baseline	target	0.9869919221094294	1.0	0.19047619047619047	0.05	0.0	3.301734454744332	3.5919060072131836	0.08078484010609843	1.0	3	True	8	candidate_unreleased	False
development	smooth_noisy_anchor	507	liana_baseline	reference	0.7585445320319797	0.9183673469387755	0.8571428571428571	0.05	0.0	3.301734454744332	3.5919060072131836	0.08078484010609843	1.0	3	True	8	candidate_unreleased	False
development	smooth_noisy_anchor	507	liana_hypergraph_residual	target	0.9866623292127522	1.0	0.2857142857142857	0.05	0.0	3.301734454744332	3.5919060072131836	0.08078484010609843	1.0	3	True	8	candidate_unreleased	False
development	smooth_noisy_anchor	507	liana_hypergraph_residual	reference	0.8115067170858516	0.9489795918367346	0.8571428571428571	0.05	0.0	3.301734454744332	3.5919060072131836	0.08078484010609843	1.0	3	True	8	candidate_unreleased	False
development	smooth_noisy_anchor	508	liana_baseline	target	0.9846568783396299	0.9846938775510203	0.2857142857142857	0.05	0.0	3.348496003304216	3.7519445525747344	0.10753052013885867	1.0	3	True	8	candidate_unreleased	False
development	smooth_noisy_anchor	508	liana_baseline	reference	0.9371131040256591	1.0	0.6190476190476191	0.05	0.0	3.348496003304216	3.7519445525747344	0.10753052013885867	1.0	3	True	8	candidate_unreleased	False
development	smooth_noisy_anchor	508	liana_hypergraph_residual	target	0.9833413494270062	0.9846938775510204	0.47619047619047616	0.05	0.0	3.348496003304216	3.7519445525747344	0.10753052013885867	1.0	3	True	8	candidate_unreleased	False
development	smooth_noisy_anchor	508	liana_hypergraph_residual	reference	0.9438369541905527	1.0	0.7142857142857143	0.05	0.0	3.348496003304216	3.7519445525747344	0.10753052013885867	1.0	3	True	8	candidate_unreleased	False
development	smooth_noisy_anchor	509	liana_baseline	target	0.9200203437740272	1.0	0.7142857142857143	0.05	0.0	3.0824459253620256	3.4100775071001026	0.09607745895977948	1.0	3	True	8	candidate_unreleased	False
development	smooth_noisy_anchor	509	liana_baseline	reference	0.9918515797192548	1.0	0.42857142857142855	0.05	0.0	3.0824459253620256	3.4100775071001026	0.09607745895977948	1.0	3	True	8	candidate_unreleased	False
development	smooth_noisy_anchor	509	liana_hypergraph_residual	target	0.9171724499225977	1.0	0.5714285714285714	0.05	0.0	3.0824459253620256	3.4100775071001026	0.09607745895977948	1.0	3	True	8	candidate_unreleased	False
development	smooth_noisy_anchor	509	liana_hypergraph_residual	reference	0.9918515797192548	1.0	0.42857142857142855	0.05	0.0	3.0824459253620256	3.4100775071001026	0.09607745895977948	1.0	3	True	8	candidate_unreleased	False
development	smooth_noisy_anchor	510	liana_baseline	target	0.9370314439607853	0.9903846153846154	0.3333333333333333	0.05	0.0	2.9297847777027166	3.2898114336735595	0.10943686689325538	1.0	3	True	9	candidate_unreleased	False
development	smooth_noisy_anchor	510	liana_baseline	reference	0.9507830766710583	0.9944444444444445	0.5238095238095238	0.05	0.0	2.9297847777027166	3.2898114336735595	0.10943686689325538	1.0	3	True	9	candidate_unreleased	False
development	smooth_noisy_anchor	510	liana_hypergraph_residual	target	0.9493303028867909	0.9903846153846154	0.38095238095238093	0.05	0.0	2.9297847777027166	3.2898114336735595	0.10943686689325538	1.0	3	True	9	candidate_unreleased	False
development	smooth_noisy_anchor	510	liana_hypergraph_residual	reference	0.954057151812028	0.9944444444444445	0.42857142857142855	0.05	0.0	2.9297847777027166	3.2898114336735595	0.10943686689325538	1.0	3	True	9	candidate_unreleased	False
development	smooth_noisy_anchor	511	liana_baseline	target	0.7720676355248522	0.9500000000000001	0.9523809523809523	0.05	0.0	3.0472712098504666	3.369239585044598	0.09556113985579617	1.0	3	True	8	candidate_unreleased	False
development	smooth_noisy_anchor	511	liana_baseline	reference	0.9873010246541893	1.0	0.3333333333333333	0.05	0.0	3.0472712098504666	3.369239585044598	0.09556113985579617	1.0	3	True	8	candidate_unreleased	False
development	smooth_noisy_anchor	511	liana_hypergraph_residual	target	0.8022728144449622	0.9444444444444445	0.8095238095238095	0.05	0.0	3.0472712098504666	3.369239585044598	0.09556113985579617	1.0	3	True	8	candidate_unreleased	False
development	smooth_noisy_anchor	511	liana_hypergraph_residual	reference	0.9869753976671664	0.9944444444444445	0.3333333333333333	0.05	0.0	3.0472712098504666	3.369239585044598	0.09556113985579617	1.0	3	True	8	candidate_unreleased	False
development	smooth_noisy_anchor	512	liana_baseline	target	0.9248501357105943	1.0	0.42857142857142855	0.05	0.0	3.374766696269241	3.863374169186947	0.12647169327130803	1.0	3	True	9	candidate_unreleased	False
development	smooth_noisy_anchor	512	liana_baseline	reference	0.9382595276415377	0.9555555555555556	0.6190476190476191	0.05	0.0	3.374766696269241	3.863374169186947	0.12647169327130803	1.0	3	True	9	candidate_unreleased	False
development	smooth_noisy_anchor	512	liana_hypergraph_residual	target	0.914019740224984	1.0	0.42857142857142855	0.05	0.0	3.374766696269241	3.863374169186947	0.12647169327130803	1.0	3	True	9	candidate_unreleased	False
development	smooth_noisy_anchor	512	liana_hypergraph_residual	reference	0.9376452823857566	0.9611111111111111	0.6666666666666666	0.05	0.0	3.374766696269241	3.863374169186947	0.12647169327130803	1.0	3	True	9	candidate_unreleased	False
development	smooth_noisy_anchor	513	liana_baseline	target	0.9837247922475256	0.9888888888888889	0.5714285714285714	0.05	0.0	3.0829799952476122	3.4778064192573277	0.11352742976822416	1.0	3	True	9	candidate_unreleased	False
development	smooth_noisy_anchor	513	liana_baseline	reference	0.9473344437377778	0.9948979591836734	0.7142857142857143	0.05	0.0	3.0829799952476122	3.4778064192573277	0.11352742976822416	1.0	3	True	9	candidate_unreleased	False
development	smooth_noisy_anchor	513	liana_hypergraph_residual	target	0.9840551386326982	0.9888888888888889	0.47619047619047616	0.05	0.0	3.0829799952476122	3.4778064192573277	0.11352742976822416	1.0	3	True	9	candidate_unreleased	False
development	smooth_noisy_anchor	513	liana_hypergraph_residual	reference	0.9489362210503158	0.9948979591836735	0.6666666666666666	0.05	0.0	3.0829799952476122	3.4778064192573277	0.11352742976822416	1.0	3	True	9	candidate_unreleased	False
development	smooth_noisy_anchor	514	liana_baseline	target	0.881101738462736	0.8888888888888888	0.5238095238095238	0.05	0.0	3.260754905530409	3.668162471424639	0.1110658453838882	1.0	3	True	8	candidate_unreleased	False
development	smooth_noisy_anchor	514	liana_baseline	reference	0.9612003294111668	1.0	0.5238095238095238	0.05	0.0	3.260754905530409	3.668162471424639	0.1110658453838882	1.0	3	True	8	candidate_unreleased	False
development	smooth_noisy_anchor	514	liana_hypergraph_residual	target	0.881101738462736	0.8888888888888888	0.5238095238095238	0.05	0.0	3.260754905530409	3.668162471424639	0.1110658453838882	1.0	3	True	8	candidate_unreleased	False
development	smooth_noisy_anchor	514	liana_hypergraph_residual	reference	0.9641347944602511	1.0	0.5238095238095238	0.05	0.0	3.260754905530409	3.668162471424639	0.1110658453838882	1.0	3	True	8	candidate_unreleased	False
development	smooth_noisy_anchor	515	liana_baseline	target	0.965234970345881	0.9777777777777779	0.6190476190476191	0.05	0.0	3.7483601505315534	4.243117756477147	0.11660237456062661	1.0	3	True	9	candidate_unreleased	False
development	smooth_noisy_anchor	515	liana_baseline	reference	0.9905426064483273	1.0	0.2857142857142857	0.05	0.0	3.7483601505315534	4.243117756477147	0.11660237456062661	1.0	3	True	9	candidate_unreleased	False
development	smooth_noisy_anchor	515	liana_hypergraph_residual	target	0.9669069462647446	0.9833333333333334	0.5714285714285714	0.05	0.0	3.7483601505315534	4.243117756477147	0.11660237456062661	1.0	3	True	9	candidate_unreleased	False
development	smooth_noisy_anchor	515	liana_hypergraph_residual	reference	0.9905426064483273	1.0	0.2857142857142857	0.05	0.0	3.7483601505315534	4.243117756477147	0.11660237456062661	1.0	3	True	9	candidate_unreleased	False
development	smooth_noisy_anchor	516	liana_baseline	target	0.9605863192182413	0.9744897959183674	0.47619047619047616	0.05	0.0	3.101424262304141	3.4729222191639075	0.10696984654876707	1.0	3	True	9	candidate_unreleased	False
development	smooth_noisy_anchor	516	liana_baseline	reference	0.8097029115596709	0.9423076923076924	0.7142857142857143	0.05	0.0	3.101424262304141	3.4729222191639075	0.10696984654876707	1.0	3	True	9	candidate_unreleased	False
development	smooth_noisy_anchor	516	liana_hypergraph_residual	target	0.9647981189513619	0.9744897959183674	0.42857142857142855	0.05	0.0	3.101424262304141	3.4729222191639075	0.10696984654876707	1.0	3	True	9	candidate_unreleased	False
development	smooth_noisy_anchor	516	liana_hypergraph_residual	reference	0.8215611313625863	0.9615384615384615	0.8095238095238095	0.05	0.0	3.101424262304141	3.4729222191639075	0.10696984654876707	1.0	3	True	9	candidate_unreleased	False
development	topology_jump	501	liana_baseline	target	0.9281476598549769	0.9722222222222223	0.7142857142857143	0.05	0.25	1.783932824504847	3.401100389254271	0.47548363166781027	1.0	3	True	9	candidate_unreleased	False
development	topology_jump	501	liana_baseline	reference	0.9622641509433962	0.9944444444444445	0.2857142857142857	0.05	0.25	1.783932824504847	3.401100389254271	0.47548363166781027	1.0	3	True	9	candidate_unreleased	False
development	topology_jump	501	liana_hypergraph_residual	target	0.9219629127745099	0.9777777777777777	0.6666666666666666	0.05	0.25	1.783932824504847	3.401100389254271	0.47548363166781027	1.0	3	True	9	candidate_unreleased	False
development	topology_jump	501	liana_hypergraph_residual	reference	0.9700522889142337	0.9944444444444445	0.23809523809523808	0.05	0.25	1.783932824504847	3.401100389254271	0.47548363166781027	1.0	3	True	9	candidate_unreleased	False
development	topology_jump	502	liana_baseline	target	0.8370536794191292	0.9387755102040817	0.6666666666666666	0.05	0.25	1.6550727726487964	3.2865301499205004	0.4964072449818141	1.0	3	True	9	candidate_unreleased	False
development	topology_jump	502	liana_baseline	reference	0.9791224924100778	1.0	0.42857142857142855	0.05	0.25	1.6550727726487964	3.2865301499205004	0.4964072449818141	1.0	3	True	9	candidate_unreleased	False
development	topology_jump	502	liana_hypergraph_residual	target	0.8723072702025179	0.9438775510204082	0.6190476190476191	0.05	0.25	1.6550727726487964	3.2865301499205004	0.4964072449818141	1.0	3	True	9	candidate_unreleased	False
development	topology_jump	502	liana_hypergraph_residual	reference	0.9840559722855992	1.0	0.3333333333333333	0.05	0.25	1.6550727726487964	3.2865301499205004	0.4964072449818141	1.0	3	True	9	candidate_unreleased	False
development	topology_jump	503	liana_baseline	target	0.7165295029831911	0.8555555555555556	0.8095238095238095	0.05	0.25	1.8449655521623334	3.6373925795773876	0.4927779963809429	1.0	3	True	10	candidate_unreleased	False
development	topology_jump	503	liana_baseline	reference	0.9827418300239527	1.0	0.38095238095238093	0.05	0.25	1.8449655521623334	3.6373925795773876	0.4927779963809429	1.0	3	True	10	candidate_unreleased	False
development	topology_jump	503	liana_hypergraph_residual	target	0.8091881607020859	0.9666666666666668	0.8095238095238095	0.05	0.25	1.8449655521623334	3.6373925795773876	0.4927779963809429	1.0	3	True	10	candidate_unreleased	False
development	topology_jump	503	liana_hypergraph_residual	reference	0.9869793758348847	1.0	0.2857142857142857	0.05	0.25	1.8449655521623334	3.6373925795773876	0.4927779963809429	1.0	3	True	10	candidate_unreleased	False
development	topology_jump	504	liana_baseline	target	0.9534201954397394	0.9888888888888889	0.47619047619047616	0.05	0.25	1.7785764380805067	3.6546713315324553	0.5133416176894012	1.0	3	True	9	candidate_unreleased	False
development	topology_jump	504	liana_baseline	reference	0.9719504240052186	0.9666666666666667	0.42857142857142855	0.05	0.25	1.7785764380805067	3.6546713315324553	0.5133416176894012	1.0	3	True	9	candidate_unreleased	False
development	topology_jump	504	liana_hypergraph_residual	target	0.9553745928338764	0.9888888888888889	0.47619047619047616	0.05	0.25	1.7785764380805067	3.6546713315324553	0.5133416176894012	1.0	3	True	9	candidate_unreleased	False
development	topology_jump	504	liana_hypergraph_residual	reference	0.9823991657160153	0.9666666666666667	0.47619047619047616	0.05	0.25	1.7785764380805067	3.6546713315324553	0.5133416176894012	1.0	3	True	9	candidate_unreleased	False
development	topology_jump	505	liana_baseline	target	0.9863211019529956	0.9897959183673469	0.5238095238095238	0.05	0.25	1.7672080345441845	3.8848517038542174	0.5451028329367342	1.0	3	True	9	candidate_unreleased	False
development	topology_jump	505	liana_baseline	reference	0.9716339829190221	0.9846938775510203	0.47619047619047616	0.05	0.25	1.7672080345441845	3.8848517038542174	0.5451028329367342	1.0	3	True	9	candidate_unreleased	False
development	topology_jump	505	liana_hypergraph_residual	target	0.9895903200538155	0.9846938775510203	0.38095238095238093	0.05	0.25	1.7672080345441845	3.8848517038542174	0.5451028329367342	1.0	3	True	9	candidate_unreleased	False
development	topology_jump	505	liana_hypergraph_residual	reference	0.9595300261096604	0.9897959183673469	0.5238095238095238	0.05	0.25	1.7672080345441845	3.8848517038542174	0.5451028329367342	1.0	3	True	9	candidate_unreleased	False
development	topology_jump	506	liana_baseline	target	0.9377647939981077	1.0	0.3333333333333333	0.05	0.25	1.6412280958125052	3.1862504294107112	0.4849029816793007	1.0	3	True	9	candidate_unreleased	False
development	topology_jump	506	liana_baseline	reference	0.9523498694516971	1.0	0.5238095238095238	0.05	0.25	1.6412280958125052	3.1862504294107112	0.4849029816793007	1.0	3	True	9	candidate_unreleased	False
development	topology_jump	506	liana_hypergraph_residual	target	0.9401826069677944	1.0	0.5238095238095238	0.05	0.25	1.6412280958125052	3.1862504294107112	0.4849029816793007	1.0	3	True	9	candidate_unreleased	False
development	topology_jump	506	liana_hypergraph_residual	reference	0.9598563968668408	1.0	0.5238095238095238	0.05	0.25	1.6412280958125052	3.1862504294107112	0.4849029816793007	1.0	3	True	9	candidate_unreleased	False
development	topology_jump	507	liana_baseline	target	0.9902362637275849	1.0	0.09523809523809523	0.05	0.25	1.7750385231817016	3.5720625587256656	0.5030774254370989	1.0	3	True	10	candidate_unreleased	False
development	topology_jump	507	liana_baseline	reference	0.7968392529491746	0.9423076923076923	0.7619047619047619	0.05	0.25	1.7750385231817016	3.5720625587256656	0.5030774254370989	1.0	3	True	10	candidate_unreleased	False
development	topology_jump	507	liana_hypergraph_residual	target	0.9885961060784471	1.0	0.38095238095238093	0.05	0.25	1.7750385231817016	3.5720625587256656	0.5030774254370989	1.0	3	True	10	candidate_unreleased	False
development	topology_jump	507	liana_hypergraph_residual	reference	0.8122276683281109	0.9326923076923077	0.8095238095238095	0.05	0.25	1.7750385231817016	3.5720625587256656	0.5030774254370989	1.0	3	True	10	candidate_unreleased	False
development	topology_jump	508	liana_baseline	target	0.9895903200538155	0.9833333333333334	0.19047619047619047	0.05	0.25	1.8016095055980306	3.712979363077867	0.5147806304787566	1.0	3	True	10	candidate_unreleased	False
development	topology_jump	508	liana_baseline	reference	0.919545071460149	0.9903846153846153	0.6190476190476191	0.05	0.25	1.8016095055980306	3.712979363077867	0.5147806304787566	1.0	3	True	10	candidate_unreleased	False
development	topology_jump	508	liana_hypergraph_residual	target	0.9882973245595688	0.9888888888888889	0.0	0.05	0.25	1.8016095055980306	3.712979363077867	0.5147806304787566	1.0	3	True	10	candidate_unreleased	False
development	topology_jump	508	liana_hypergraph_residual	reference	0.9287546384336581	1.0	0.7142857142857143	0.05	0.25	1.8016095055980306	3.712979363077867	0.5147806304787566	1.0	3	True	10	candidate_unreleased	False
development	topology_jump	509	liana_baseline	target	0.8571025864657373	0.9833333333333334	0.6190476190476191	0.05	0.25	1.7943977464464296	3.4280583049344067	0.4765556513833087	1.0	3	True	10	candidate_unreleased	False
development	topology_jump	509	liana_baseline	reference	0.9915227132845604	1.0	0.3333333333333333	0.05	0.25	1.7943977464464296	3.4280583049344067	0.4765556513833087	1.0	3	True	10	candidate_unreleased	False
development	topology_jump	509	liana_hypergraph_residual	target	0.85142256057673	0.9888888888888889	0.5714285714285714	0.05	0.25	1.7943977464464296	3.4280583049344067	0.4765556513833087	1.0	3	True	10	candidate_unreleased	False
development	topology_jump	509	liana_hypergraph_residual	reference	0.9915317862531865	0.9944444444444445	0.2857142857142857	0.05	0.25	1.7943977464464296	3.4280583049344067	0.4765556513833087	1.0	3	True	10	candidate_unreleased	False
development	topology_jump	510	liana_baseline	target	0.9333768778576094	0.9777777777777777	0.6190476190476191	0.05	0.25	1.7551895878040373	3.288600584273278	0.46628070426135293	1.0	3	True	9	candidate_unreleased	False
development	topology_jump	510	liana_baseline	reference	0.9266384581238803	0.9833333333333334	0.42857142857142855	0.05	0.25	1.7551895878040373	3.288600584273278	0.46628070426135293	1.0	3	True	9	candidate_unreleased	False
development	topology_jump	510	liana_hypergraph_residual	target	0.9004898277617573	0.9722222222222223	0.3333333333333333	0.05	0.25	1.7551895878040373	3.288600584273278	0.46628070426135293	1.0	3	True	9	candidate_unreleased	False
development	topology_jump	510	liana_hypergraph_residual	reference	0.9168569121197577	0.9722222222222222	0.6666666666666666	0.05	0.25	1.7551895878040373	3.288600584273278	0.46628070426135293	1.0	3	True	9	candidate_unreleased	False
development	topology_jump	511	liana_baseline	target	0.7795606836146568	0.9642857142857143	0.9047619047619048	0.05	0.25	1.76401303701751	3.422069742162181	0.48451867731282827	1.0	3	True	10	candidate_unreleased	False
development	topology_jump	511	liana_baseline	reference	0.9794989129097874	0.9944444444444445	0.38095238095238093	0.05	0.25	1.76401303701751	3.422069742162181	0.48451867731282827	1.0	3	True	10	candidate_unreleased	False
development	topology_jump	511	liana_hypergraph_residual	target	0.8739344972350364	0.9897959183673468	0.9047619047619048	0.05	0.25	1.76401303701751	3.422069742162181	0.48451867731282827	1.0	3	True	10	candidate_unreleased	False
development	topology_jump	511	liana_hypergraph_residual	reference	0.9824449410861227	0.9888888888888889	0.09523809523809523	0.05	0.25	1.76401303701751	3.422069742162181	0.48451867731282827	1.0	3	True	10	candidate_unreleased	False
development	topology_jump	512	liana_baseline	target	0.937892258046653	1.0	0.42857142857142855	0.05	0.25	1.73118337536486	3.939447430808121	0.5605517256490633	1.0	3	True	9	candidate_unreleased	False
development	topology_jump	512	liana_baseline	reference	0.9147623742568792	0.9611111111111111	0.5714285714285714	0.05	0.25	1.73118337536486	3.939447430808121	0.5605517256490633	1.0	3	True	9	candidate_unreleased	False
development	topology_jump	512	liana_hypergraph_residual	target	0.9458405835801938	1.0	0.38095238095238093	0.05	0.25	1.73118337536486	3.939447430808121	0.5605517256490633	1.0	3	True	9	candidate_unreleased	False
development	topology_jump	512	liana_hypergraph_residual	reference	0.9271725742646485	0.9555555555555556	0.5714285714285714	0.05	0.25	1.73118337536486	3.939447430808121	0.5605517256490633	1.0	3	True	9	candidate_unreleased	False
development	topology_jump	513	liana_baseline	target	0.9843656563919609	0.9897959183673469	0.42857142857142855	0.05	0.25	1.7462137037478784	3.533669267387	0.505835557429196	1.0	3	True	9	candidate_unreleased	False
development	topology_jump	513	liana_baseline	reference	0.9407994501855705	0.9081632653061223	0.8095238095238095	0.05	0.25	1.7462137037478784	3.533669267387	0.505835557429196	1.0	3	True	9	candidate_unreleased	False
development	topology_jump	513	liana_hypergraph_residual	target	0.986658041176902	0.989795918367347	0.38095238095238093	0.05	0.25	1.7462137037478784	3.533669267387	0.505835557429196	1.0	3	True	9	candidate_unreleased	False
development	topology_jump	513	liana_hypergraph_residual	reference	0.9316554732814353	0.903061224489796	0.6190476190476191	0.05	0.25	1.7462137037478784	3.533669267387	0.505835557429196	1.0	3	True	9	candidate_unreleased	False
development	topology_jump	514	liana_baseline	target	0.9050749566395369	0.9134615384615385	0.6190476190476191	0.05	0.25	1.7643877214597603	3.6674652196489292	0.5189081243342623	1.0	3	True	10	candidate_unreleased	False
development	topology_jump	514	liana_baseline	reference	0.9716429704709493	1.0	0.42857142857142855	0.05	0.25	1.7643877214597603	3.6674652196489292	0.5189081243342623	1.0	3	True	10	candidate_unreleased	False
development	topology_jump	514	liana_hypergraph_residual	target	0.9228150828313828	0.9278846153846154	0.6190476190476191	0.05	0.25	1.7643877214597603	3.6674652196489292	0.5189081243342623	1.0	3	True	10	candidate_unreleased	False
development	topology_jump	514	liana_hypergraph_residual	reference	0.971908807358487	1.0	0.5714285714285714	0.05	0.25	1.7643877214597603	3.6674652196489292	0.5189081243342623	1.0	3	True	10	candidate_unreleased	False
development	topology_jump	515	liana_baseline	target	0.9643799089071049	0.9846938775510203	0.5238095238095238	0.05	0.25	1.8391282409411787	4.2088880786778295	0.5630370286494009	1.0	3	True	9	candidate_unreleased	False
development	topology_jump	515	liana_baseline	reference	0.9882616811988423	1.0	0.2857142857142857	0.05	0.25	1.8391282409411787	4.2088880786778295	0.5630370286494009	1.0	3	True	9	candidate_unreleased	False
development	topology_jump	515	liana_hypergraph_residual	target	0.9732126671825614	0.9897959183673469	0.42857142857142855	0.05	0.25	1.8391282409411787	4.2088880786778295	0.5630370286494009	1.0	3	True	9	candidate_unreleased	False
development	topology_jump	515	liana_hypergraph_residual	reference	0.9869570453160716	1.0	0.2857142857142857	0.05	0.25	1.8391282409411787	4.2088880786778295	0.5630370286494009	1.0	3	True	9	candidate_unreleased	False
development	topology_jump	516	liana_baseline	target	0.9557440284934638	0.9611111111111111	0.47619047619047616	0.05	0.25	1.7353697931086638	3.5365200341061844	0.5093001661597376	1.0	3	True	10	candidate_unreleased	False
development	topology_jump	516	liana_baseline	reference	0.8449929289900248	0.8798076923076923	0.7142857142857143	0.05	0.25	1.7353697931086638	3.5365200341061844	0.5093001661597376	1.0	3	True	10	candidate_unreleased	False
development	topology_jump	516	liana_hypergraph_residual	target	0.9564369310793237	0.9666666666666667	0.19047619047619047	0.05	0.25	1.7353697931086638	3.5365200341061844	0.5093001661597376	1.0	3	True	10	candidate_unreleased	False
development	topology_jump	516	liana_hypergraph_residual	reference	0.9195799128721572	0.9134615384615384	0.7142857142857143	0.05	0.25	1.7353697931086638	3.5365200341061844	0.5093001661597376	1.0	3	True	10	candidate_unreleased	False
development	antagonistic_anchor	501	liana_baseline	target	0.8782592587363898	0.9897959183673469	0.5238095238095238	0.05	0.0	2.978198894368786	3.3350151428190813	0.10699089304544485	1.0	3	True	9	candidate_unreleased	False
development	antagonistic_anchor	501	liana_baseline	reference	0.9609629147690306	1.0	0.2857142857142857	0.05	0.0	2.978198894368786	3.3350151428190813	0.10699089304544485	1.0	3	True	9	candidate_unreleased	False
development	antagonistic_anchor	501	liana_hypergraph_residual	target	0.8538434049142571	0.9846938775510204	0.6190476190476191	0.05	0.0	2.978198894368786	3.3350151428190813	0.10699089304544485	1.0	3	True	9	candidate_unreleased	False
development	antagonistic_anchor	501	liana_hypergraph_residual	reference	0.9609629147690306	0.9944444444444445	0.2857142857142857	0.05	0.0	2.978198894368786	3.3350151428190813	0.10699089304544485	1.0	3	True	9	candidate_unreleased	False
development	antagonistic_anchor	502	liana_baseline	target	0.9446821163057383	0.9611111111111112	0.6666666666666666	0.05	0.0	2.8489363093419757	3.2017901113573815	0.11020516328155416	1.0	3	True	8	candidate_unreleased	False
development	antagonistic_anchor	502	liana_baseline	reference	0.9716360488078174	1.0	0.47619047619047616	0.05	0.0	2.8489363093419757	3.2017901113573815	0.11020516328155416	1.0	3	True	8	candidate_unreleased	False
development	antagonistic_anchor	502	liana_hypergraph_residual	target	0.9446821163057383	0.9611111111111112	0.6666666666666666	0.05	0.0	2.8489363093419757	3.2017901113573815	0.11020516328155416	1.0	3	True	8	candidate_unreleased	False
development	antagonistic_anchor	502	liana_hypergraph_residual	reference	0.9716360488078174	1.0	0.47619047619047616	0.05	0.0	2.8489363093419757	3.2017901113573815	0.11020516328155416	1.0	3	True	8	candidate_unreleased	False
development	antagonistic_anchor	503	liana_baseline	target	0.6424420550392673	0.8775510204081632	0.9047619047619048	0.05	0.0	3.119391639334143	3.426375907977008	0.08959445107239083	1.0	3	True	8	candidate_unreleased	False
development	antagonistic_anchor	503	liana_baseline	reference	0.9866667188402007	1.0	0.19047619047619047	0.05	0.0	3.119391639334143	3.426375907977008	0.08959445107239083	1.0	3	True	8	candidate_unreleased	False
development	antagonistic_anchor	503	liana_hypergraph_residual	target	0.6442156767904887	0.8775510204081632	0.9047619047619048	0.05	0.0	3.119391639334143	3.426375907977008	0.08959445107239083	1.0	3	True	8	candidate_unreleased	False
development	antagonistic_anchor	503	liana_hypergraph_residual	reference	0.9876304176395253	1.0	0.23809523809523808	0.05	0.0	3.119391639334143	3.426375907977008	0.08959445107239083	1.0	3	True	8	candidate_unreleased	False
development	antagonistic_anchor	504	liana_baseline	target	0.9556863477679912	0.9795918367346939	0.42857142857142855	0.05	0.0	3.2406246869370974	3.6569813129280013	0.1138525440419994	1.0	3	True	9	candidate_unreleased	False
development	antagonistic_anchor	504	liana_baseline	reference	0.989240773213528	0.9722222222222222	0.5238095238095238	0.05	0.0	3.2406246869370974	3.6569813129280013	0.1138525440419994	1.0	3	True	9	candidate_unreleased	False
development	antagonistic_anchor	504	liana_hypergraph_residual	target	0.9556863477679912	0.9795918367346939	0.42857142857142855	0.05	0.0	3.2406246869370974	3.6569813129280013	0.1138525440419994	1.0	3	True	9	candidate_unreleased	False
development	antagonistic_anchor	504	liana_hypergraph_residual	reference	0.989240773213528	0.9722222222222222	0.5238095238095238	0.05	0.0	3.2406246869370974	3.6569813129280013	0.1138525440419994	1.0	3	True	9	candidate_unreleased	False
development	antagonistic_anchor	505	liana_baseline	target	0.979449573306284	0.9888888888888889	0.2857142857142857	0.05	0.0	3.448515960796062	3.8890459928270436	0.11327457500978266	1.0	3	True	9	candidate_unreleased	False
development	antagonistic_anchor	505	liana_baseline	reference	0.9608738691383094	1.0	0.42857142857142855	0.05	0.0	3.448515960796062	3.8890459928270436	0.11327457500978266	1.0	3	True	9	candidate_unreleased	False
development	antagonistic_anchor	505	liana_hypergraph_residual	target	0.979449573306284	0.9888888888888889	0.2857142857142857	0.05	0.0	3.448515960796062	3.8890459928270436	0.11327457500978266	1.0	3	True	9	candidate_unreleased	False
development	antagonistic_anchor	505	liana_hypergraph_residual	reference	0.9608738691383094	1.0	0.42857142857142855	0.05	0.0	3.448515960796062	3.8890459928270436	0.11327457500978266	1.0	3	True	9	candidate_unreleased	False
development	antagonistic_anchor	506	liana_baseline	target	0.9530350929952119	1.0	0.47619047619047616	0.05	0.0	2.835430000242283	3.17471032995298	0.10686969658605738	1.0	3	True	9	candidate_unreleased	False
development	antagonistic_anchor	506	liana_baseline	reference	0.9709827053741179	1.0	0.6190476190476191	0.05	0.0	2.835430000242283	3.17471032995298	0.10686969658605738	1.0	3	True	9	candidate_unreleased	False
development	antagonistic_anchor	506	liana_hypergraph_residual	target	0.9470661058804082	1.0	0.5238095238095238	0.05	0.0	2.835430000242283	3.17471032995298	0.10686969658605738	1.0	3	True	9	candidate_unreleased	False
development	antagonistic_anchor	506	liana_hypergraph_residual	reference	0.9709827053741179	1.0	0.6190476190476191	0.05	0.0	2.835430000242283	3.17471032995298	0.10686969658605738	1.0	3	True	9	candidate_unreleased	False
development	antagonistic_anchor	507	liana_baseline	target	0.9869919221094294	1.0	0.19047619047619047	0.05	0.0	3.30173445459748	3.5919060072131836	0.08078484014698262	1.0	3	True	8	candidate_unreleased	False
development	antagonistic_anchor	507	liana_baseline	reference	0.7585445320319797	0.9183673469387755	0.8571428571428571	0.05	0.0	3.30173445459748	3.5919060072131836	0.08078484014698262	1.0	3	True	8	candidate_unreleased	False
development	antagonistic_anchor	507	liana_hypergraph_residual	target	0.9866623292127522	1.0	0.2857142857142857	0.05	0.0	3.30173445459748	3.5919060072131836	0.08078484014698262	1.0	3	True	8	candidate_unreleased	False
development	antagonistic_anchor	507	liana_hypergraph_residual	reference	0.8115067170858516	0.9489795918367346	0.8571428571428571	0.05	0.0	3.30173445459748	3.5919060072131836	0.08078484014698262	1.0	3	True	8	candidate_unreleased	False
development	antagonistic_anchor	508	liana_baseline	target	0.9846568783396299	0.9846938775510203	0.2857142857142857	0.05	0.0	3.3484960032826394	3.7519445525747344	0.1075305201446094	1.0	3	True	8	candidate_unreleased	False
development	antagonistic_anchor	508	liana_baseline	reference	0.9371131040256591	1.0	0.6190476190476191	0.05	0.0	3.3484960032826394	3.7519445525747344	0.1075305201446094	1.0	3	True	8	candidate_unreleased	False
development	antagonistic_anchor	508	liana_hypergraph_residual	target	0.9833413494270062	0.9846938775510204	0.47619047619047616	0.05	0.0	3.3484960032826394	3.7519445525747344	0.1075305201446094	1.0	3	True	8	candidate_unreleased	False
development	antagonistic_anchor	508	liana_hypergraph_residual	reference	0.9438369541905527	1.0	0.7142857142857143	0.05	0.0	3.3484960032826394	3.7519445525747344	0.1075305201446094	1.0	3	True	8	candidate_unreleased	False
development	antagonistic_anchor	509	liana_baseline	target	0.9200203437740272	1.0	0.7142857142857143	0.05	0.0	3.0824459253156	3.4100775071001026	0.09607745897339359	1.0	3	True	8	candidate_unreleased	False
development	antagonistic_anchor	509	liana_baseline	reference	0.9918515797192548	1.0	0.42857142857142855	0.05	0.0	3.0824459253156	3.4100775071001026	0.09607745897339359	1.0	3	True	8	candidate_unreleased	False
development	antagonistic_anchor	509	liana_hypergraph_residual	target	0.9171724499225977	1.0	0.5714285714285714	0.05	0.0	3.0824459253156	3.4100775071001026	0.09607745897339359	1.0	3	True	8	candidate_unreleased	False
development	antagonistic_anchor	509	liana_hypergraph_residual	reference	0.9918515797192548	1.0	0.42857142857142855	0.05	0.0	3.0824459253156	3.4100775071001026	0.09607745897339359	1.0	3	True	8	candidate_unreleased	False
development	antagonistic_anchor	510	liana_baseline	target	0.9370314439607853	0.9903846153846154	0.3333333333333333	0.05	0.0	2.9297847776302914	3.2898114336735595	0.10943686691527033	1.0	3	True	9	candidate_unreleased	False
development	antagonistic_anchor	510	liana_baseline	reference	0.9507830766710583	0.9944444444444445	0.5238095238095238	0.05	0.0	2.9297847776302914	3.2898114336735595	0.10943686691527033	1.0	3	True	9	candidate_unreleased	False
development	antagonistic_anchor	510	liana_hypergraph_residual	target	0.9493303028867909	0.9903846153846154	0.38095238095238093	0.05	0.0	2.9297847776302914	3.2898114336735595	0.10943686691527033	1.0	3	True	9	candidate_unreleased	False
development	antagonistic_anchor	510	liana_hypergraph_residual	reference	0.954057151812028	0.9944444444444445	0.42857142857142855	0.05	0.0	2.9297847776302914	3.2898114336735595	0.10943686691527033	1.0	3	True	9	candidate_unreleased	False
development	antagonistic_anchor	511	liana_baseline	target	0.7720676355248522	0.9500000000000001	0.9523809523809523	0.05	0.0	3.0472712098990846	3.369239585044598	0.09556113984136616	1.0	3	True	8	candidate_unreleased	False
development	antagonistic_anchor	511	liana_baseline	reference	0.9873010246541893	1.0	0.3333333333333333	0.05	0.0	3.0472712098990846	3.369239585044598	0.09556113984136616	1.0	3	True	8	candidate_unreleased	False
development	antagonistic_anchor	511	liana_hypergraph_residual	target	0.8022728144449622	0.9444444444444445	0.8095238095238095	0.05	0.0	3.0472712098990846	3.369239585044598	0.09556113984136616	1.0	3	True	8	candidate_unreleased	False
development	antagonistic_anchor	511	liana_hypergraph_residual	reference	0.9869753976671664	0.9944444444444445	0.3333333333333333	0.05	0.0	3.0472712098990846	3.369239585044598	0.09556113984136616	1.0	3	True	8	candidate_unreleased	False
development	antagonistic_anchor	512	liana_baseline	target	0.9248501357105943	1.0	0.42857142857142855	0.05	0.0	3.3747666964280914	3.863374169186947	0.12647169323019103	1.0	3	True	9	candidate_unreleased	False
development	antagonistic_anchor	512	liana_baseline	reference	0.9382595276415377	0.9555555555555556	0.6190476190476191	0.05	0.0	3.3747666964280914	3.863374169186947	0.12647169323019103	1.0	3	True	9	candidate_unreleased	False
development	antagonistic_anchor	512	liana_hypergraph_residual	target	0.914019740224984	1.0	0.42857142857142855	0.05	0.0	3.3747666964280914	3.863374169186947	0.12647169323019103	1.0	3	True	9	candidate_unreleased	False
development	antagonistic_anchor	512	liana_hypergraph_residual	reference	0.9376452823857566	0.9611111111111111	0.6666666666666666	0.05	0.0	3.3747666964280914	3.863374169186947	0.12647169323019103	1.0	3	True	9	candidate_unreleased	False
development	antagonistic_anchor	513	liana_baseline	target	0.9837247922475256	0.9888888888888889	0.5714285714285714	0.05	0.0	3.0829799953555406	3.4778064192573277	0.11352742973719077	1.0	3	True	9	candidate_unreleased	False
development	antagonistic_anchor	513	liana_baseline	reference	0.9473344437377778	0.9948979591836734	0.7142857142857143	0.05	0.0	3.0829799953555406	3.4778064192573277	0.11352742973719077	1.0	3	True	9	candidate_unreleased	False
development	antagonistic_anchor	513	liana_hypergraph_residual	target	0.9840551386326982	0.9888888888888889	0.47619047619047616	0.05	0.0	3.0829799953555406	3.4778064192573277	0.11352742973719077	1.0	3	True	9	candidate_unreleased	False
development	antagonistic_anchor	513	liana_hypergraph_residual	reference	0.9489362210503158	0.9948979591836735	0.6666666666666666	0.05	0.0	3.0829799953555406	3.4778064192573277	0.11352742973719077	1.0	3	True	9	candidate_unreleased	False
development	antagonistic_anchor	514	liana_baseline	target	0.881101738462736	0.8888888888888888	0.5238095238095238	0.05	0.0	3.260754905581982	3.668162471424639	0.11106584536982844	1.0	3	True	8	candidate_unreleased	False
development	antagonistic_anchor	514	liana_baseline	reference	0.9612003294111668	1.0	0.5238095238095238	0.05	0.0	3.260754905581982	3.668162471424639	0.11106584536982844	1.0	3	True	8	candidate_unreleased	False
development	antagonistic_anchor	514	liana_hypergraph_residual	target	0.881101738462736	0.8888888888888888	0.5238095238095238	0.05	0.0	3.260754905581982	3.668162471424639	0.11106584536982844	1.0	3	True	8	candidate_unreleased	False
development	antagonistic_anchor	514	liana_hypergraph_residual	reference	0.9641347944602511	1.0	0.5238095238095238	0.05	0.0	3.260754905581982	3.668162471424639	0.11106584536982844	1.0	3	True	8	candidate_unreleased	False
development	antagonistic_anchor	515	liana_baseline	target	0.965234970345881	0.9777777777777779	0.6190476190476191	0.05	0.0	3.748360151067326	4.243117756477147	0.11660237443435795	1.0	3	True	9	candidate_unreleased	False
development	antagonistic_anchor	515	liana_baseline	reference	0.9905426064483273	1.0	0.2857142857142857	0.05	0.0	3.748360151067326	4.243117756477147	0.11660237443435795	1.0	3	True	9	candidate_unreleased	False
development	antagonistic_anchor	515	liana_hypergraph_residual	target	0.9669069462647446	0.9833333333333334	0.5714285714285714	0.05	0.0	3.748360151067326	4.243117756477147	0.11660237443435795	1.0	3	True	9	candidate_unreleased	False
development	antagonistic_anchor	515	liana_hypergraph_residual	reference	0.9905426064483273	1.0	0.2857142857142857	0.05	0.0	3.748360151067326	4.243117756477147	0.11660237443435795	1.0	3	True	9	candidate_unreleased	False
development	antagonistic_anchor	516	liana_baseline	target	0.9605863192182413	0.9744897959183674	0.47619047619047616	0.05	0.0	3.101424262084236	3.4729222191639075	0.10696984661208697	1.0	3	True	9	candidate_unreleased	False
development	antagonistic_anchor	516	liana_baseline	reference	0.8097029115596709	0.9423076923076924	0.7142857142857143	0.05	0.0	3.101424262084236	3.4729222191639075	0.10696984661208697	1.0	3	True	9	candidate_unreleased	False
development	antagonistic_anchor	516	liana_hypergraph_residual	target	0.9647981189513619	0.9744897959183674	0.42857142857142855	0.05	0.0	3.101424262084236	3.4729222191639075	0.10696984661208697	1.0	3	True	9	candidate_unreleased	False
development	antagonistic_anchor	516	liana_hypergraph_residual	reference	0.8215611313625863	0.9615384615384615	0.8095238095238095	0.05	0.0	3.101424262084236	3.4729222191639075	0.10696984661208697	1.0	3	True	9	candidate_unreleased	False
development	wrong_topology	501	liana_baseline	target	0.8782592587363898	0.9897959183673469	0.5238095238095238	1.0	0.0	3.334807135813561	3.3350151428190813	6.237063299940893e-05	0.0	3	True	13	candidate_unreleased	False
development	wrong_topology	501	liana_baseline	reference	0.9609629147690306	1.0	0.2857142857142857	1.0	0.0	3.334807135813561	3.3350151428190813	6.237063299940893e-05	0.0	3	True	13	candidate_unreleased	False
development	wrong_topology	501	liana_hypergraph_residual	target	0.8782592587363898	0.9897959183673469	0.5238095238095238	1.0	0.0	3.334807135813561	3.3350151428190813	6.237063299940893e-05	0.0	3	True	13	candidate_unreleased	False
development	wrong_topology	501	liana_hypergraph_residual	reference	0.9609629147690306	1.0	0.2857142857142857	1.0	0.0	3.334807135813561	3.3350151428190813	6.237063299940893e-05	0.0	3	True	13	candidate_unreleased	False
development	wrong_topology	502	liana_baseline	target	0.9446821163057383	0.9611111111111112	0.6666666666666666	1.0	0.1	3.19954315875218	3.2017901113573815	0.0007017801064570506	0.0	3	True	67	candidate_unreleased	False
development	wrong_topology	502	liana_baseline	reference	0.9716360488078174	1.0	0.47619047619047616	1.0	0.1	3.19954315875218	3.2017901113573815	0.0007017801064570506	0.0	3	True	67	candidate_unreleased	False
development	wrong_topology	502	liana_hypergraph_residual	target	0.9446821163057383	0.9611111111111112	0.6666666666666666	1.0	0.1	3.19954315875218	3.2017901113573815	0.0007017801064570506	0.0	3	True	67	candidate_unreleased	False
development	wrong_topology	502	liana_hypergraph_residual	reference	0.9716360488078174	1.0	0.47619047619047616	1.0	0.1	3.19954315875218	3.2017901113573815	0.0007017801064570506	0.0	3	True	67	candidate_unreleased	False
development	wrong_topology	503	liana_baseline	target	0.6424420550392673	0.8775510204081632	0.9047619047619048	0.05	0.0	3.424529426822193	3.426375907977008	0.0005389020949266854	0.0	3	True	7	candidate_unreleased	False
development	wrong_topology	503	liana_baseline	reference	0.9866667188402007	1.0	0.19047619047619047	0.05	0.0	3.424529426822193	3.426375907977008	0.0005389020949266854	0.0	3	True	7	candidate_unreleased	False
development	wrong_topology	503	liana_hypergraph_residual	target	0.6424420550392673	0.8775510204081632	0.9047619047619048	0.05	0.0	3.424529426822193	3.426375907977008	0.0005389020949266854	0.0	3	True	7	candidate_unreleased	False
development	wrong_topology	503	liana_hypergraph_residual	reference	0.9866667188402007	1.0	0.19047619047619047	0.05	0.0	3.424529426822193	3.426375907977008	0.0005389020949266854	0.0	3	True	7	candidate_unreleased	False
development	wrong_topology	504	liana_baseline	target	0.9556863477679912	0.9795918367346939	0.42857142857142855	0.25	0.0	3.6552734589988285	3.6569813129280013	0.0004670119377244708	0.0	3	True	10	candidate_unreleased	False
development	wrong_topology	504	liana_baseline	reference	0.989240773213528	0.9722222222222222	0.5238095238095238	0.25	0.0	3.6552734589988285	3.6569813129280013	0.0004670119377244708	0.0	3	True	10	candidate_unreleased	False
development	wrong_topology	504	liana_hypergraph_residual	target	0.9556863477679912	0.9795918367346939	0.42857142857142855	0.25	0.0	3.6552734589988285	3.6569813129280013	0.0004670119377244708	0.0	3	True	10	candidate_unreleased	False
development	wrong_topology	504	liana_hypergraph_residual	reference	0.989240773213528	0.9722222222222222	0.5238095238095238	0.25	0.0	3.6552734589988285	3.6569813129280013	0.0004670119377244708	0.0	3	True	10	candidate_unreleased	False
development	wrong_topology	505	liana_baseline	target	0.979449573306284	0.9888888888888889	0.2857142857142857	0.05	0.0	3.8849532657558146	3.8890459928270436	0.001052373018672892	0.0	3	True	7	candidate_unreleased	False
development	wrong_topology	505	liana_baseline	reference	0.9608738691383094	1.0	0.42857142857142855	0.05	0.0	3.8849532657558146	3.8890459928270436	0.001052373018672892	0.0	3	True	7	candidate_unreleased	False
development	wrong_topology	505	liana_hypergraph_residual	target	0.979449573306284	0.9888888888888889	0.2857142857142857	0.05	0.0	3.8849532657558146	3.8890459928270436	0.001052373018672892	0.0	3	True	7	candidate_unreleased	False
development	wrong_topology	505	liana_hypergraph_residual	reference	0.9608738691383094	1.0	0.42857142857142855	0.05	0.0	3.8849532657558146	3.8890459928270436	0.001052373018672892	0.0	3	True	7	candidate_unreleased	False
development	wrong_topology	506	liana_baseline	target	0.9530350929952119	1.0	0.47619047619047616	1.0	0.25	3.1727368570341863	3.17471032995298	0.0006216229871980339	0.0	3	True	55	candidate_unreleased	False
development	wrong_topology	506	liana_baseline	reference	0.9709827053741179	1.0	0.6190476190476191	1.0	0.25	3.1727368570341863	3.17471032995298	0.0006216229871980339	0.0	3	True	55	candidate_unreleased	False
development	wrong_topology	506	liana_hypergraph_residual	target	0.9530350929952119	1.0	0.47619047619047616	1.0	0.25	3.1727368570341863	3.17471032995298	0.0006216229871980339	0.0	3	True	55	candidate_unreleased	False
development	wrong_topology	506	liana_hypergraph_residual	reference	0.9709827053741179	1.0	0.6190476190476191	1.0	0.25	3.1727368570341863	3.17471032995298	0.0006216229871980339	0.0	3	True	55	candidate_unreleased	False
development	wrong_topology	507	liana_baseline	target	0.9869919221094294	1.0	0.19047619047619047	1.0	0.0	3.5922526845271587	3.5919060072131836	-9.651625440065814e-05	0.0	3	True	13	candidate_unreleased	False
development	wrong_topology	507	liana_baseline	reference	0.7585445320319797	0.9183673469387755	0.8571428571428571	1.0	0.0	3.5922526845271587	3.5919060072131836	-9.651625440065814e-05	0.0	3	True	13	candidate_unreleased	False
development	wrong_topology	507	liana_hypergraph_residual	target	0.9869919221094294	1.0	0.19047619047619047	1.0	0.0	3.5922526845271587	3.5919060072131836	-9.651625440065814e-05	0.0	3	True	13	candidate_unreleased	False
development	wrong_topology	507	liana_hypergraph_residual	reference	0.7585445320319797	0.9183673469387755	0.8571428571428571	1.0	0.0	3.5922526845271587	3.5919060072131836	-9.651625440065814e-05	0.0	3	True	13	candidate_unreleased	False
development	wrong_topology	508	liana_baseline	target	0.9846568783396299	0.9846938775510203	0.2857142857142857	0.25	0.0	3.7508862943298347	3.7519445525747344	0.0002820559392791022	0.0	3	True	10	candidate_unreleased	False
development	wrong_topology	508	liana_baseline	reference	0.9371131040256591	1.0	0.6190476190476191	0.25	0.0	3.7508862943298347	3.7519445525747344	0.0002820559392791022	0.0	3	True	10	candidate_unreleased	False
development	wrong_topology	508	liana_hypergraph_residual	target	0.9846568783396299	0.9846938775510203	0.2857142857142857	0.25	0.0	3.7508862943298347	3.7519445525747344	0.0002820559392791022	0.0	3	True	10	candidate_unreleased	False
development	wrong_topology	508	liana_hypergraph_residual	reference	0.9371131040256591	1.0	0.6190476190476191	0.25	0.0	3.7508862943298347	3.7519445525747344	0.0002820559392791022	0.0	3	True	10	candidate_unreleased	False
development	wrong_topology	509	liana_baseline	target	0.9200203437740272	1.0	0.7142857142857143	1.0	0.0	3.4110615813375027	3.4100775071001026	-0.00028857826115413765	0.0	3	True	13	candidate_unreleased	False
development	wrong_topology	509	liana_baseline	reference	0.9918515797192548	1.0	0.42857142857142855	1.0	0.0	3.4110615813375027	3.4100775071001026	-0.00028857826115413765	0.0	3	True	13	candidate_unreleased	False
development	wrong_topology	509	liana_hypergraph_residual	target	0.9200203437740272	1.0	0.7142857142857143	1.0	0.0	3.4110615813375027	3.4100775071001026	-0.00028857826115413765	0.0	3	True	13	candidate_unreleased	False
development	wrong_topology	509	liana_hypergraph_residual	reference	0.9918515797192548	1.0	0.42857142857142855	1.0	0.0	3.4110615813375027	3.4100775071001026	-0.00028857826115413765	0.0	3	True	13	candidate_unreleased	False
development	wrong_topology	510	liana_baseline	target	0.9370314439607853	0.9903846153846154	0.3333333333333333	1.0	0.1	3.286232017050804	3.2898114336735595	0.0010880309388306975	0.0	3	True	61	candidate_unreleased	False
development	wrong_topology	510	liana_baseline	reference	0.9507830766710583	0.9944444444444445	0.5238095238095238	1.0	0.1	3.286232017050804	3.2898114336735595	0.0010880309388306975	0.0	3	True	61	candidate_unreleased	False
development	wrong_topology	510	liana_hypergraph_residual	target	0.9370314439607853	0.9903846153846154	0.3333333333333333	1.0	0.1	3.286232017050804	3.2898114336735595	0.0010880309388306975	0.0	3	True	61	candidate_unreleased	False
development	wrong_topology	510	liana_hypergraph_residual	reference	0.9507830766710583	0.9944444444444445	0.5238095238095238	1.0	0.1	3.286232017050804	3.2898114336735595	0.0010880309388306975	0.0	3	True	61	candidate_unreleased	False
development	wrong_topology	511	liana_baseline	target	0.7720676355248522	0.9500000000000001	0.9523809523809523	1.0	0.0	3.3687681973637695	3.369239585044598	0.0001399092195523144	0.0	3	True	13	candidate_unreleased	False
development	wrong_topology	511	liana_baseline	reference	0.9873010246541893	1.0	0.3333333333333333	1.0	0.0	3.3687681973637695	3.369239585044598	0.0001399092195523144	0.0	3	True	13	candidate_unreleased	False
development	wrong_topology	511	liana_hypergraph_residual	target	0.7720676355248522	0.9500000000000001	0.9523809523809523	1.0	0.0	3.3687681973637695	3.369239585044598	0.0001399092195523144	0.0	3	True	13	candidate_unreleased	False
development	wrong_topology	511	liana_hypergraph_residual	reference	0.9873010246541893	1.0	0.3333333333333333	1.0	0.0	3.3687681973637695	3.369239585044598	0.0001399092195523144	0.0	3	True	13	candidate_unreleased	False
development	wrong_topology	512	liana_baseline	target	0.9248501357105943	1.0	0.42857142857142855	0.05	0.0	3.860479930839344	3.863374169186947	0.0007491478228245363	0.0	3	True	7	candidate_unreleased	False
development	wrong_topology	512	liana_baseline	reference	0.9382595276415377	0.9555555555555556	0.6190476190476191	0.05	0.0	3.860479930839344	3.863374169186947	0.0007491478228245363	0.0	3	True	7	candidate_unreleased	False
development	wrong_topology	512	liana_hypergraph_residual	target	0.9248501357105943	1.0	0.42857142857142855	0.05	0.0	3.860479930839344	3.863374169186947	0.0007491478228245363	0.0	3	True	7	candidate_unreleased	False
development	wrong_topology	512	liana_hypergraph_residual	reference	0.9382595276415377	0.9555555555555556	0.6190476190476191	0.05	0.0	3.860479930839344	3.863374169186947	0.0007491478228245363	0.0	3	True	7	candidate_unreleased	False
development	wrong_topology	513	liana_baseline	target	0.9837247922475256	0.9888888888888889	0.5714285714285714	1.0	0.1	3.4763648634469106	3.4778064192573277	0.00041450145195975896	0.0	3	True	67	candidate_unreleased	False
development	wrong_topology	513	liana_baseline	reference	0.9473344437377778	0.9948979591836734	0.7142857142857143	1.0	0.1	3.4763648634469106	3.4778064192573277	0.00041450145195975896	0.0	3	True	67	candidate_unreleased	False
development	wrong_topology	513	liana_hypergraph_residual	target	0.9837247922475256	0.9888888888888889	0.5714285714285714	1.0	0.1	3.4763648634469106	3.4778064192573277	0.00041450145195975896	0.0	3	True	67	candidate_unreleased	False
development	wrong_topology	513	liana_hypergraph_residual	reference	0.9473344437377778	0.9948979591836734	0.7142857142857143	1.0	0.1	3.4763648634469106	3.4778064192573277	0.00041450145195975896	0.0	3	True	67	candidate_unreleased	False
development	wrong_topology	514	liana_baseline	target	0.881101738462736	0.8888888888888888	0.5238095238095238	0.05	0.0	3.662988752889055	3.668162471424639	0.0014104387621561854	0.0	3	True	7	candidate_unreleased	False
development	wrong_topology	514	liana_baseline	reference	0.9612003294111668	1.0	0.5238095238095238	0.05	0.0	3.662988752889055	3.668162471424639	0.0014104387621561854	0.0	3	True	7	candidate_unreleased	False
development	wrong_topology	514	liana_hypergraph_residual	target	0.881101738462736	0.8888888888888888	0.5238095238095238	0.05	0.0	3.662988752889055	3.668162471424639	0.0014104387621561854	0.0	3	True	7	candidate_unreleased	False
development	wrong_topology	514	liana_hypergraph_residual	reference	0.9612003294111668	1.0	0.5238095238095238	0.05	0.0	3.662988752889055	3.668162471424639	0.0014104387621561854	0.0	3	True	7	candidate_unreleased	False
development	wrong_topology	515	liana_baseline	target	0.965234970345881	0.9777777777777779	0.6190476190476191	0.05	0.0	4.234343824256107	4.243117756477147	0.002067803140190283	0.0	3	True	7	candidate_unreleased	False
development	wrong_topology	515	liana_baseline	reference	0.9905426064483273	1.0	0.2857142857142857	0.05	0.0	4.234343824256107	4.243117756477147	0.002067803140190283	0.0	3	True	7	candidate_unreleased	False
development	wrong_topology	515	liana_hypergraph_residual	target	0.965234970345881	0.9777777777777779	0.6190476190476191	0.05	0.0	4.234343824256107	4.243117756477147	0.002067803140190283	0.0	3	True	7	candidate_unreleased	False
development	wrong_topology	515	liana_hypergraph_residual	reference	0.9905426064483273	1.0	0.2857142857142857	0.05	0.0	4.234343824256107	4.243117756477147	0.002067803140190283	0.0	3	True	7	candidate_unreleased	False
development	wrong_topology	516	liana_baseline	target	0.9605863192182413	0.9744897959183674	0.47619047619047616	1.0	0.0	3.4725625515294882	3.4729222191639075	0.00010356340042250167	0.0	3	True	13	candidate_unreleased	False
development	wrong_topology	516	liana_baseline	reference	0.8097029115596709	0.9423076923076924	0.7142857142857143	1.0	0.0	3.4725625515294882	3.4729222191639075	0.00010356340042250167	0.0	3	True	13	candidate_unreleased	False
development	wrong_topology	516	liana_hypergraph_residual	target	0.9605863192182413	0.9744897959183674	0.47619047619047616	1.0	0.0	3.4725625515294882	3.4729222191639075	0.00010356340042250167	0.0	3	True	13	candidate_unreleased	False
development	wrong_topology	516	liana_hypergraph_residual	reference	0.8097029115596709	0.9423076923076924	0.7142857142857143	1.0	0.0	3.4725625515294882	3.4729222191639075	0.00010356340042250167	0.0	3	True	13	candidate_unreleased	False
development	global_null	501	liana_baseline	target			0.9523809523809523	1.0	0.0	1.3577220676738353	1.3567322471720586	-0.0007295621548317754	0.0	3	True	20	candidate_unreleased	False
development	global_null	501	liana_baseline	reference			0.8571428571428571	1.0	0.0	1.3577220676738353	1.3567322471720586	-0.0007295621548317754	0.0	3	True	20	candidate_unreleased	False
development	global_null	501	liana_hypergraph_residual	target			0.9523809523809523	1.0	0.0	1.3577220676738353	1.3567322471720586	-0.0007295621548317754	0.0	3	True	20	candidate_unreleased	False
development	global_null	501	liana_hypergraph_residual	reference			0.8571428571428571	1.0	0.0	1.3577220676738353	1.3567322471720586	-0.0007295621548317754	0.0	3	True	20	candidate_unreleased	False
development	global_null	502	liana_baseline	target			0.9523809523809523	1.0	0.1	1.3128845086773615	1.3136732942467697	0.0006004427226028453	0.0	3	True	36	candidate_unreleased	False
development	global_null	502	liana_baseline	reference			0.9047619047619048	1.0	0.1	1.3128845086773615	1.3136732942467697	0.0006004427226028453	0.0	3	True	36	candidate_unreleased	False
development	global_null	502	liana_hypergraph_residual	target			0.9523809523809523	1.0	0.1	1.3128845086773615	1.3136732942467697	0.0006004427226028453	0.0	3	True	36	candidate_unreleased	False
development	global_null	502	liana_hypergraph_residual	reference			0.9047619047619048	1.0	0.1	1.3128845086773615	1.3136732942467697	0.0006004427226028453	0.0	3	True	36	candidate_unreleased	False
development	global_null	503	liana_baseline	target			0.8095238095238095	1.0	0.0	1.3288052588198336	1.3289438701361629	0.00010430185912602141	0.0	3	True	21	candidate_unreleased	False
development	global_null	503	liana_baseline	reference			0.9047619047619048	1.0	0.0	1.3288052588198336	1.3289438701361629	0.00010430185912602141	0.0	3	True	21	candidate_unreleased	False
development	global_null	503	liana_hypergraph_residual	target			0.8095238095238095	1.0	0.0	1.3288052588198336	1.3289438701361629	0.00010430185912602141	0.0	3	True	21	candidate_unreleased	False
development	global_null	503	liana_hypergraph_residual	reference			0.9047619047619048	1.0	0.0	1.3288052588198336	1.3289438701361629	0.00010430185912602141	0.0	3	True	21	candidate_unreleased	False
development	global_null	504	liana_baseline	target			0.9047619047619048	1.0	0.0	1.358519659979987	1.358447076414388	-5.3431279627425e-05	0.0	3	True	21	candidate_unreleased	False
development	global_null	504	liana_baseline	reference			0.9523809523809523	1.0	0.0	1.358519659979987	1.358447076414388	-5.3431279627425e-05	0.0	3	True	21	candidate_unreleased	False
development	global_null	504	liana_hypergraph_residual	target			0.9047619047619048	1.0	0.0	1.358519659979987	1.358447076414388	-5.3431279627425e-05	0.0	3	True	21	candidate_unreleased	False
development	global_null	504	liana_hypergraph_residual	reference			0.9523809523809523	1.0	0.0	1.358519659979987	1.358447076414388	-5.3431279627425e-05	0.0	3	True	21	candidate_unreleased	False
development	global_null	505	liana_baseline	target			0.9047619047619048	1.0	0.1	1.346163475566754	1.3450591275744768	-0.0008210404804052107	0.0	3	True	52	candidate_unreleased	False
development	global_null	505	liana_baseline	reference			0.8571428571428571	1.0	0.1	1.346163475566754	1.3450591275744768	-0.0008210404804052107	0.0	3	True	52	candidate_unreleased	False
development	global_null	505	liana_hypergraph_residual	target			0.9047619047619048	1.0	0.1	1.346163475566754	1.3450591275744768	-0.0008210404804052107	0.0	3	True	52	candidate_unreleased	False
development	global_null	505	liana_hypergraph_residual	reference			0.8571428571428571	1.0	0.1	1.346163475566754	1.3450591275744768	-0.0008210404804052107	0.0	3	True	52	candidate_unreleased	False
development	global_null	506	liana_baseline	target			1.0	0.25	0.0	1.3091209746164283	1.3103309627474307	0.0009234217654945365	0.0	3	True	15	candidate_unreleased	False
development	global_null	506	liana_baseline	reference			0.8571428571428571	0.25	0.0	1.3091209746164283	1.3103309627474307	0.0009234217654945365	0.0	3	True	15	candidate_unreleased	False
development	global_null	506	liana_hypergraph_residual	target			1.0	0.25	0.0	1.3091209746164283	1.3103309627474307	0.0009234217654945365	0.0	3	True	15	candidate_unreleased	False
development	global_null	506	liana_hypergraph_residual	reference			0.8571428571428571	0.25	0.0	1.3091209746164283	1.3103309627474307	0.0009234217654945365	0.0	3	True	15	candidate_unreleased	False
development	global_null	507	liana_baseline	target			0.9047619047619048	1.0	0.0	1.3154853826831507	1.3157603054989324	0.000208945971870933	0.0	3	True	21	candidate_unreleased	False
development	global_null	507	liana_baseline	reference			0.9523809523809523	1.0	0.0	1.3154853826831507	1.3157603054989324	0.000208945971870933	0.0	3	True	21	candidate_unreleased	False
development	global_null	507	liana_hypergraph_residual	target			0.9047619047619048	1.0	0.0	1.3154853826831507	1.3157603054989324	0.000208945971870933	0.0	3	True	21	candidate_unreleased	False
development	global_null	507	liana_hypergraph_residual	reference			0.9523809523809523	1.0	0.0	1.3154853826831507	1.3157603054989324	0.000208945971870933	0.0	3	True	21	candidate_unreleased	False
development	global_null	508	liana_baseline	target			1.0	0.25	0.0	1.3579578914183512	1.358598854778234	0.00047178264402947256	0.0	3	True	14	candidate_unreleased	False
development	global_null	508	liana_baseline	reference			0.9523809523809523	0.25	0.0	1.3579578914183512	1.358598854778234	0.00047178264402947256	0.0	3	True	14	candidate_unreleased	False
development	global_null	508	liana_hypergraph_residual	target			1.0	0.25	0.0	1.3579578914183512	1.358598854778234	0.00047178264402947256	0.0	3	True	14	candidate_unreleased	False
development	global_null	508	liana_hypergraph_residual	reference			0.9523809523809523	0.25	0.0	1.3579578914183512	1.358598854778234	0.00047178264402947256	0.0	3	True	14	candidate_unreleased	False
development	global_null	509	liana_baseline	target			0.8571428571428571	1.0	0.0	1.3361960371950372	1.3339533022421313	-0.0016812694635834902	0.0	3	True	21	candidate_unreleased	False
development	global_null	509	liana_baseline	reference			0.9523809523809523	1.0	0.0	1.3361960371950372	1.3339533022421313	-0.0016812694635834902	0.0	3	True	21	candidate_unreleased	False
development	global_null	509	liana_hypergraph_residual	target			0.8571428571428571	1.0	0.0	1.3361960371950372	1.3339533022421313	-0.0016812694635834902	0.0	3	True	21	candidate_unreleased	False
development	global_null	509	liana_hypergraph_residual	reference			0.9523809523809523	1.0	0.0	1.3361960371950372	1.3339533022421313	-0.0016812694635834902	0.0	3	True	21	candidate_unreleased	False
development	global_null	510	liana_baseline	target			1.0	1.0	0.1	1.3964317551925234	1.396214520121367	-0.00015558860621034398	0.0	3	True	54	candidate_unreleased	False
development	global_null	510	liana_baseline	reference			0.8571428571428571	1.0	0.1	1.3964317551925234	1.396214520121367	-0.00015558860621034398	0.0	3	True	54	candidate_unreleased	False
development	global_null	510	liana_hypergraph_residual	target			1.0	1.0	0.1	1.3964317551925234	1.396214520121367	-0.00015558860621034398	0.0	3	True	54	candidate_unreleased	False
development	global_null	510	liana_hypergraph_residual	reference			0.8571428571428571	1.0	0.1	1.3964317551925234	1.396214520121367	-0.00015558860621034398	0.0	3	True	54	candidate_unreleased	False
development	global_null	511	liana_baseline	target			0.8571428571428571	1.0	0.1	1.3772616714936863	1.3772765551784607	1.0806605774571487e-05	0.0	3	True	44	candidate_unreleased	False
development	global_null	511	liana_baseline	reference			0.8571428571428571	1.0	0.1	1.3772616714936863	1.3772765551784607	1.0806605774571487e-05	0.0	3	True	44	candidate_unreleased	False
development	global_null	511	liana_hypergraph_residual	target			0.8571428571428571	1.0	0.1	1.3772616714936863	1.3772765551784607	1.0806605774571487e-05	0.0	3	True	44	candidate_unreleased	False
development	global_null	511	liana_hypergraph_residual	reference			0.8571428571428571	1.0	0.1	1.3772616714936863	1.3772765551784607	1.0806605774571487e-05	0.0	3	True	44	candidate_unreleased	False
development	global_null	512	liana_baseline	target			0.7619047619047619	0.05	0.0	1.3048192408970805	1.308725140099525	0.002984506893592309	0.0	3	True	8	candidate_unreleased	False
development	global_null	512	liana_baseline	reference			0.9047619047619048	0.05	0.0	1.3048192408970805	1.308725140099525	0.002984506893592309	0.0	3	True	8	candidate_unreleased	False
development	global_null	512	liana_hypergraph_residual	target			0.7619047619047619	0.05	0.0	1.3048192408970805	1.308725140099525	0.002984506893592309	0.0	3	True	8	candidate_unreleased	False
development	global_null	512	liana_hypergraph_residual	reference			0.9047619047619048	0.05	0.0	1.3048192408970805	1.308725140099525	0.002984506893592309	0.0	3	True	8	candidate_unreleased	False
development	global_null	513	liana_baseline	target			0.9523809523809523	1.0	0.0	1.3557586012513572	1.3554428297105818	-0.00023296559165308928	0.0	3	True	22	candidate_unreleased	False
development	global_null	513	liana_baseline	reference			0.8571428571428571	1.0	0.0	1.3557586012513572	1.3554428297105818	-0.00023296559165308928	0.0	3	True	22	candidate_unreleased	False
development	global_null	513	liana_hypergraph_residual	target			0.9523809523809523	1.0	0.0	1.3557586012513572	1.3554428297105818	-0.00023296559165308928	0.0	3	True	22	candidate_unreleased	False
development	global_null	513	liana_hypergraph_residual	reference			0.8571428571428571	1.0	0.0	1.3557586012513572	1.3554428297105818	-0.00023296559165308928	0.0	3	True	22	candidate_unreleased	False
development	global_null	514	liana_baseline	target			0.9047619047619048	1.0	0.0	1.3395590736597072	1.3394415164633868	-8.77658299189843e-05	0.0	3	True	22	candidate_unreleased	False
development	global_null	514	liana_baseline	reference			0.9523809523809523	1.0	0.0	1.3395590736597072	1.3394415164633868	-8.77658299189843e-05	0.0	3	True	22	candidate_unreleased	False
development	global_null	514	liana_hypergraph_residual	target			0.9047619047619048	1.0	0.0	1.3395590736597072	1.3394415164633868	-8.77658299189843e-05	0.0	3	True	22	candidate_unreleased	False
development	global_null	514	liana_hypergraph_residual	reference			0.9523809523809523	1.0	0.0	1.3395590736597072	1.3394415164633868	-8.77658299189843e-05	0.0	3	True	22	candidate_unreleased	False
development	global_null	515	liana_baseline	target			0.9523809523809523	1.0	0.0	1.3709465485962444	1.3705778156139374	-0.0002690346933287291	0.0	3	True	21	candidate_unreleased	False
development	global_null	515	liana_baseline	reference			0.9523809523809523	1.0	0.0	1.3709465485962444	1.3705778156139374	-0.0002690346933287291	0.0	3	True	21	candidate_unreleased	False
development	global_null	515	liana_hypergraph_residual	target			0.9523809523809523	1.0	0.0	1.3709465485962444	1.3705778156139374	-0.0002690346933287291	0.0	3	True	21	candidate_unreleased	False
development	global_null	515	liana_hypergraph_residual	reference			0.9523809523809523	1.0	0.0	1.3709465485962444	1.3705778156139374	-0.0002690346933287291	0.0	3	True	21	candidate_unreleased	False
development	global_null	516	liana_baseline	target			0.9523809523809523	1.0	0.0	1.3267399581515695	1.325612915838257	-0.000850204686335454	0.0	3	True	21	candidate_unreleased	False
development	global_null	516	liana_baseline	reference			0.9523809523809523	1.0	0.0	1.3267399581515695	1.325612915838257	-0.000850204686335454	0.0	3	True	21	candidate_unreleased	False
development	global_null	516	liana_hypergraph_residual	target			0.9523809523809523	1.0	0.0	1.3267399581515695	1.325612915838257	-0.000850204686335454	0.0	3	True	21	candidate_unreleased	False
development	global_null	516	liana_hypergraph_residual	reference			0.9523809523809523	1.0	0.0	1.3267399581515695	1.325612915838257	-0.000850204686335454	0.0	3	True	21	candidate_unreleased	False
holdout	smooth_helpful_anchor	5001	liana_baseline	target	0.9915372988702725	1.0	0.3333333333333333	0.05	0.25	1.7512720657261664	4.1761407349331945	0.5806482164078263	1.0	3	True	9	candidate_unreleased	False
holdout	smooth_helpful_anchor	5001	liana_baseline	reference	0.9539825361674553	0.9722222222222223	0.5714285714285714	0.05	0.25	1.7512720657261664	4.1761407349331945	0.5806482164078263	1.0	3	True	9	candidate_unreleased	False
holdout	smooth_helpful_anchor	5001	liana_hypergraph_residual	target	0.9934980494148243	1.0	0.19047619047619047	0.05	0.25	1.7512720657261664	4.1761407349331945	0.5806482164078263	1.0	3	True	9	candidate_unreleased	False
holdout	smooth_helpful_anchor	5001	liana_hypergraph_residual	reference	0.9563115876353452	0.9722222222222222	0.2857142857142857	0.05	0.25	1.7512720657261664	4.1761407349331945	0.5806482164078263	1.0	3	True	9	candidate_unreleased	False
holdout	smooth_helpful_anchor	5002	liana_baseline	target	0.9694443885183341	0.9846938775510203	0.5238095238095238	0.05	0.25	1.7394021588415722	3.7099810431396056	0.5311560521156768	1.0	3	True	10	candidate_unreleased	False
holdout	smooth_helpful_anchor	5002	liana_baseline	reference	0.9660426896331384	0.9846938775510203	0.2857142857142857	0.05	0.25	1.7394021588415722	3.7099810431396056	0.5311560521156768	1.0	3	True	10	candidate_unreleased	False
holdout	smooth_helpful_anchor	5002	liana_hypergraph_residual	target	0.9671680917681044	0.9744897959183674	0.5714285714285714	0.05	0.25	1.7394021588415722	3.7099810431396056	0.5311560521156768	1.0	3	True	10	candidate_unreleased	False
holdout	smooth_helpful_anchor	5002	liana_hypergraph_residual	reference	0.9706148997936739	0.9846938775510203	0.2857142857142857	0.05	0.25	1.7394021588415722	3.7099810431396056	0.5311560521156768	1.0	3	True	10	candidate_unreleased	False
holdout	smooth_helpful_anchor	5003	liana_baseline	target	0.9788209303426681	0.9888888888888889	0.42857142857142855	0.05	0.25	1.7403974122671382	3.2258291831454757	0.460480604069031	1.0	3	True	9	candidate_unreleased	False
holdout	smooth_helpful_anchor	5003	liana_baseline	reference	0.9397427542714241	1.0	0.3333333333333333	0.05	0.25	1.7403974122671382	3.2258291831454757	0.460480604069031	1.0	3	True	9	candidate_unreleased	False
holdout	smooth_helpful_anchor	5003	liana_hypergraph_residual	target	0.9771989044337889	0.9888888888888889	0.3333333333333333	0.05	0.25	1.7403974122671382	3.2258291831454757	0.460480604069031	1.0	3	True	9	candidate_unreleased	False
holdout	smooth_helpful_anchor	5003	liana_hypergraph_residual	reference	0.9401805974702594	1.0	0.42857142857142855	0.05	0.25	1.7403974122671382	3.2258291831454757	0.460480604069031	1.0	3	True	9	candidate_unreleased	False
holdout	smooth_helpful_anchor	5004	liana_baseline	target	0.949478487614081	1.0	0.3333333333333333	0.05	0.25	1.8031235546659312	3.4152956283659335	0.4720446629304985	1.0	3	True	8	candidate_unreleased	False
holdout	smooth_helpful_anchor	5004	liana_baseline	reference	0.9120521172638437	0.9388888888888889	0.47619047619047616	0.05	0.25	1.8031235546659312	3.4152956283659335	0.4720446629304985	1.0	3	True	8	candidate_unreleased	False
holdout	smooth_helpful_anchor	5004	liana_hypergraph_residual	target	0.9566492829204695	1.0	0.3333333333333333	0.05	0.25	1.8031235546659312	3.4152956283659335	0.4720446629304985	1.0	3	True	8	candidate_unreleased	False
holdout	smooth_helpful_anchor	5004	liana_hypergraph_residual	reference	0.9312480129418318	0.9444444444444444	0.3333333333333333	0.05	0.25	1.8031235546659312	3.4152956283659335	0.4720446629304985	1.0	3	True	8	candidate_unreleased	False
holdout	smooth_helpful_anchor	5005	liana_baseline	target	0.9797861080084702	0.9642857142857142	0.6190476190476191	0.05	0.25	1.7886951563248676	3.6633131317409724	0.5117274740107192	1.0	3	True	10	candidate_unreleased	False
holdout	smooth_helpful_anchor	5005	liana_baseline	reference	0.9043298870920335	1.0	0.6190476190476191	0.05	0.25	1.7886951563248676	3.6633131317409724	0.5117274740107192	1.0	3	True	10	candidate_unreleased	False
holdout	smooth_helpful_anchor	5005	liana_hypergraph_residual	target	0.9830784770433447	0.9642857142857142	0.2857142857142857	0.05	0.25	1.7886951563248676	3.6633131317409724	0.5117274740107192	1.0	3	True	10	candidate_unreleased	False
holdout	smooth_helpful_anchor	5005	liana_hypergraph_residual	reference	0.9279211015379126	1.0	0.6190476190476191	0.05	0.25	1.7886951563248676	3.6633131317409724	0.5117274740107192	1.0	3	True	10	candidate_unreleased	False
holdout	smooth_helpful_anchor	5006	liana_baseline	target	0.9625653081608687	1.0	0.47619047619047616	0.05	0.25	1.8760650302838482	3.8863075840031427	0.5172628543334744	1.0	3	True	10	candidate_unreleased	False
holdout	smooth_helpful_anchor	5006	liana_baseline	reference	0.9198967288355935	1.0	0.6190476190476191	0.05	0.25	1.8760650302838482	3.8863075840031427	0.5172628543334744	1.0	3	True	10	candidate_unreleased	False
holdout	smooth_helpful_anchor	5006	liana_hypergraph_residual	target	0.9668184775536759	1.0	0.2857142857142857	0.05	0.25	1.8760650302838482	3.8863075840031427	0.5172628543334744	1.0	3	True	10	candidate_unreleased	False
holdout	smooth_helpful_anchor	5006	liana_hypergraph_residual	reference	0.9326995917819539	1.0	0.6190476190476191	0.05	0.25	1.8760650302838482	3.8863075840031427	0.5172628543334744	1.0	3	True	10	candidate_unreleased	False
holdout	smooth_helpful_anchor	5007	liana_baseline	target	0.8704148431367967	1.0	0.5238095238095238	0.05	0.25	1.9255018679734253	4.0438153401923564	0.5238403077322931	1.0	3	True	10	candidate_unreleased	False
holdout	smooth_helpful_anchor	5007	liana_baseline	reference	0.9581427817680681	1.0	0.47619047619047616	0.05	0.25	1.9255018679734253	4.0438153401923564	0.5238403077322931	1.0	3	True	10	candidate_unreleased	False
holdout	smooth_helpful_anchor	5007	liana_hypergraph_residual	target	0.892942512147362	1.0	0.42857142857142855	0.05	0.25	1.9255018679734253	4.0438153401923564	0.5238403077322931	1.0	3	True	10	candidate_unreleased	False
holdout	smooth_helpful_anchor	5007	liana_hypergraph_residual	reference	0.9529737433284776	1.0	0.5714285714285714	0.05	0.25	1.9255018679734253	4.0438153401923564	0.5238403077322931	1.0	3	True	10	candidate_unreleased	False
holdout	smooth_helpful_anchor	5008	liana_baseline	target	0.9791804284556164	0.9888888888888889	0.38095238095238093	0.05	0.25	1.7414110086206716	3.4413764070703277	0.49397833813153	1.0	3	True	10	candidate_unreleased	False
holdout	smooth_helpful_anchor	5008	liana_baseline	reference	0.9495090132841034	0.9722222222222222	0.7619047619047619	0.05	0.25	1.7414110086206716	3.4413764070703277	0.49397833813153	1.0	3	True	10	candidate_unreleased	False
holdout	smooth_helpful_anchor	5008	liana_hypergraph_residual	target	0.9720147814470468	0.9722222222222223	0.47619047619047616	0.05	0.25	1.7414110086206716	3.4413764070703277	0.49397833813153	1.0	3	True	10	candidate_unreleased	False
holdout	smooth_helpful_anchor	5008	liana_hypergraph_residual	reference	0.9575945162162598	0.9944444444444445	0.7619047619047619	0.05	0.25	1.7414110086206716	3.4413764070703277	0.49397833813153	1.0	3	True	10	candidate_unreleased	False
holdout	smooth_helpful_anchor	5009	liana_baseline	target	0.9717073684556754	1.0	0.19047619047619047	0.05	0.25	1.7537437495133323	3.2885130052438774	0.466706153596837	1.0	3	True	10	candidate_unreleased	False
holdout	smooth_helpful_anchor	5009	liana_baseline	reference	0.7616182304641694	0.8724489795918368	0.7619047619047619	0.05	0.25	1.7537437495133323	3.2885130052438774	0.466706153596837	1.0	3	True	10	candidate_unreleased	False
holdout	smooth_helpful_anchor	5009	liana_hypergraph_residual	target	0.9648552414543254	0.9833333333333334	0.38095238095238093	0.05	0.25	1.7537437495133323	3.2885130052438774	0.466706153596837	1.0	3	True	10	candidate_unreleased	False
holdout	smooth_helpful_anchor	5009	liana_hypergraph_residual	reference	0.9211229946524065	0.9540816326530612	0.7619047619047619	0.05	0.25	1.7537437495133323	3.2885130052438774	0.466706153596837	1.0	3	True	10	candidate_unreleased	False
holdout	smooth_helpful_anchor	5010	liana_baseline	target	0.9759116651559976	1.0	0.2857142857142857	0.05	0.25	1.6983336294021816	3.4589270599483757	0.5089998719349897	1.0	3	True	10	candidate_unreleased	False
holdout	smooth_helpful_anchor	5010	liana_baseline	reference	0.907190317562224	0.9611111111111111	0.5238095238095238	0.05	0.25	1.6983336294021816	3.4589270599483757	0.5089998719349897	1.0	3	True	10	candidate_unreleased	False
holdout	smooth_helpful_anchor	5010	liana_hypergraph_residual	target	0.9778429974942047	1.0	0.3333333333333333	0.05	0.25	1.6983336294021816	3.4589270599483757	0.5089998719349897	1.0	3	True	10	candidate_unreleased	False
holdout	smooth_helpful_anchor	5010	liana_hypergraph_residual	reference	0.8864900703282541	0.9500000000000001	0.5714285714285714	0.05	0.25	1.6983336294021816	3.4589270599483757	0.5089998719349897	1.0	3	True	10	candidate_unreleased	False
holdout	smooth_helpful_anchor	5011	liana_baseline	target	0.960434941252496	0.9666666666666667	0.42857142857142855	0.05	0.25	1.753876740834387	4.350203471108305	0.5968288029553821	1.0	3	True	8	candidate_unreleased	False
holdout	smooth_helpful_anchor	5011	liana_baseline	reference	0.9172693259153051	1.0	0.42857142857142855	0.05	0.25	1.753876740834387	4.350203471108305	0.5968288029553821	1.0	3	True	8	candidate_unreleased	False
holdout	smooth_helpful_anchor	5011	liana_hypergraph_residual	target	0.9568781141919175	0.9666666666666667	0.38095238095238093	0.05	0.25	1.753876740834387	4.350203471108305	0.5968288029553821	1.0	3	True	8	candidate_unreleased	False
holdout	smooth_helpful_anchor	5011	liana_hypergraph_residual	reference	0.9374182877777735	1.0	0.47619047619047616	0.05	0.25	1.753876740834387	4.350203471108305	0.5968288029553821	1.0	3	True	8	candidate_unreleased	False
holdout	smooth_helpful_anchor	5012	liana_baseline	target	0.8270019013552085	0.9055555555555556	0.7142857142857143	0.05	0.25	1.8041133063134651	3.612241345800256	0.5005557122004034	1.0	3	True	10	candidate_unreleased	False
holdout	smooth_helpful_anchor	5012	liana_baseline	reference	0.9853613015920473	1.0	0.38095238095238093	0.05	0.25	1.8041133063134651	3.612241345800256	0.5005557122004034	1.0	3	True	10	candidate_unreleased	False
holdout	smooth_helpful_anchor	5012	liana_hypergraph_residual	target	0.810886270548406	0.8833333333333333	0.8095238095238095	0.05	0.25	1.8041133063134651	3.612241345800256	0.5005557122004034	1.0	3	True	10	candidate_unreleased	False
holdout	smooth_helpful_anchor	5012	liana_hypergraph_residual	reference	0.9853613015920473	1.0	0.38095238095238093	0.05	0.25	1.8041133063134651	3.612241345800256	0.5005557122004034	1.0	3	True	10	candidate_unreleased	False
holdout	smooth_helpful_anchor	5013	liana_baseline	target	0.9635298459379974	1.0	0.38095238095238093	0.05	0.25	1.8093385448757087	4.004605778828028	0.5481856030769594	1.0	3	True	9	candidate_unreleased	False
holdout	smooth_helpful_anchor	5013	liana_baseline	reference	0.9643445925894228	1.0	0.47619047619047616	0.05	0.25	1.8093385448757087	4.004605778828028	0.5481856030769594	1.0	3	True	9	candidate_unreleased	False
holdout	smooth_helpful_anchor	5013	liana_hypergraph_residual	target	0.9442635643925997	1.0	0.42857142857142855	0.05	0.25	1.8093385448757087	4.004605778828028	0.5481856030769594	1.0	3	True	9	candidate_unreleased	False
holdout	smooth_helpful_anchor	5013	liana_hypergraph_residual	reference	0.9571054354944334	1.0	0.47619047619047616	0.05	0.25	1.8093385448757087	4.004605778828028	0.5481856030769594	1.0	3	True	9	candidate_unreleased	False
holdout	smooth_helpful_anchor	5014	liana_baseline	target	0.9850313838099131	1.0	0.23809523809523808	0.05	0.25	1.7534177517643275	3.4028602333911455	0.48472237132791496	1.0	3	True	10	candidate_unreleased	False
holdout	smooth_helpful_anchor	5014	liana_baseline	reference	0.8598629017589557	0.9722222222222223	0.7142857142857143	0.05	0.25	1.7534177517643275	3.4028602333911455	0.48472237132791496	1.0	3	True	10	candidate_unreleased	False
holdout	smooth_helpful_anchor	5014	liana_hypergraph_residual	target	0.9807893168818357	1.0	0.42857142857142855	0.05	0.25	1.7534177517643275	3.4028602333911455	0.48472237132791496	1.0	3	True	10	candidate_unreleased	False
holdout	smooth_helpful_anchor	5014	liana_hypergraph_residual	reference	0.8159409294527443	0.9555555555555556	0.6666666666666666	0.05	0.25	1.7534177517643275	3.4028602333911455	0.48472237132791496	1.0	3	True	10	candidate_unreleased	False
holdout	smooth_helpful_anchor	5015	liana_baseline	target	0.9915309446254074	1.0	0.23809523809523808	0.05	0.25	1.7062555292025536	3.4994151116660754	0.5124169397581977	1.0	3	True	10	candidate_unreleased	False
holdout	smooth_helpful_anchor	5015	liana_baseline	reference	0.9012788272689516	0.9777777777777779	0.7142857142857143	0.05	0.25	1.7062555292025536	3.4994151116660754	0.5124169397581977	1.0	3	True	10	candidate_unreleased	False
holdout	smooth_helpful_anchor	5015	liana_hypergraph_residual	target	0.988932501248806	1.0	0.2857142857142857	0.05	0.25	1.7062555292025536	3.4994151116660754	0.5124169397581977	1.0	3	True	10	candidate_unreleased	False
holdout	smooth_helpful_anchor	5015	liana_hypergraph_residual	reference	0.9207693342439047	0.9777777777777779	0.6666666666666666	0.05	0.25	1.7062555292025536	3.4994151116660754	0.5124169397581977	1.0	3	True	10	candidate_unreleased	False
holdout	smooth_helpful_anchor	5016	liana_baseline	target	0.9611739482164873	0.9944444444444445	0.5238095238095238	0.05	0.25	1.7464365662199168	3.6827905820096443	0.525784448686487	1.0	3	True	10	candidate_unreleased	False
holdout	smooth_helpful_anchor	5016	liana_baseline	reference	0.9680886218228003	0.9722222222222222	0.38095238095238093	0.05	0.25	1.7464365662199168	3.6827905820096443	0.525784448686487	1.0	3	True	10	candidate_unreleased	False
holdout	smooth_helpful_anchor	5016	liana_hypergraph_residual	target	0.9564608553167607	0.9944444444444445	0.5714285714285714	0.05	0.25	1.7464365662199168	3.6827905820096443	0.525784448686487	1.0	3	True	10	candidate_unreleased	False
holdout	smooth_helpful_anchor	5016	liana_hypergraph_residual	reference	0.9801434368861605	0.9777777777777779	0.2857142857142857	0.05	0.25	1.7464365662199168	3.6827905820096443	0.525784448686487	1.0	3	True	10	candidate_unreleased	False
holdout	smooth_noisy_anchor	5001	liana_baseline	target	0.9915372988702725	1.0	0.3333333333333333	0.05	0.0	3.691409658076856	4.1761407349331945	0.11607153772419332	1.0	3	True	8	candidate_unreleased	False
holdout	smooth_noisy_anchor	5001	liana_baseline	reference	0.9539825361674553	0.9722222222222223	0.5714285714285714	0.05	0.0	3.691409658076856	4.1761407349331945	0.11607153772419332	1.0	3	True	8	candidate_unreleased	False
holdout	smooth_noisy_anchor	5001	liana_hypergraph_residual	target	0.9934904255259591	1.0	0.3333333333333333	0.05	0.0	3.691409658076856	4.1761407349331945	0.11607153772419332	1.0	3	True	8	candidate_unreleased	False
holdout	smooth_noisy_anchor	5001	liana_hypergraph_residual	reference	0.9575869185424499	0.9722222222222222	0.47619047619047616	0.05	0.0	3.691409658076856	4.1761407349331945	0.11607153772419332	1.0	3	True	8	candidate_unreleased	False
holdout	smooth_noisy_anchor	5002	liana_baseline	target	0.9694443885183341	0.9846938775510203	0.5238095238095238	0.05	0.0	3.37944495311016	3.7099810431396056	0.08909374096147038	1.0	3	True	9	candidate_unreleased	False
holdout	smooth_noisy_anchor	5002	liana_baseline	reference	0.9660426896331384	0.9846938775510203	0.2857142857142857	0.05	0.0	3.37944495311016	3.7099810431396056	0.08909374096147038	1.0	3	True	9	candidate_unreleased	False
holdout	smooth_noisy_anchor	5002	liana_hypergraph_residual	target	0.9678130393744969	0.9795918367346939	0.42857142857142855	0.05	0.0	3.37944495311016	3.7099810431396056	0.08909374096147038	1.0	3	True	9	candidate_unreleased	False
holdout	smooth_noisy_anchor	5002	liana_hypergraph_residual	reference	0.9670224489532533	0.9846938775510204	0.2857142857142857	0.05	0.0	3.37944495311016	3.7099810431396056	0.08909374096147038	1.0	3	True	9	candidate_unreleased	False
holdout	smooth_noisy_anchor	5003	liana_baseline	target	0.9788209303426681	0.9888888888888889	0.42857142857142855	0.05	0.0	2.881699135546773	3.2258291831454757	0.10667956300870973	1.0	3	True	9	candidate_unreleased	False
holdout	smooth_noisy_anchor	5003	liana_baseline	reference	0.9397427542714241	1.0	0.3333333333333333	0.05	0.0	2.881699135546773	3.2258291831454757	0.10667956300870973	1.0	3	True	9	candidate_unreleased	False
holdout	smooth_noisy_anchor	5003	liana_hypergraph_residual	target	0.9788209303426681	0.9888888888888889	0.42857142857142855	0.05	0.0	2.881699135546773	3.2258291831454757	0.10667956300870973	1.0	3	True	9	candidate_unreleased	False
holdout	smooth_noisy_anchor	5003	liana_hypergraph_residual	reference	0.9397427542714241	1.0	0.3333333333333333	0.05	0.0	2.881699135546773	3.2258291831454757	0.10667956300870973	1.0	3	True	9	candidate_unreleased	False
holdout	smooth_noisy_anchor	5004	liana_baseline	target	0.949478487614081	1.0	0.3333333333333333	0.05	0.0	3.0694559992926087	3.4152956283659335	0.10126198921139762	1.0	3	True	8	candidate_unreleased	False
holdout	smooth_noisy_anchor	5004	liana_baseline	reference	0.9120521172638437	0.9388888888888889	0.47619047619047616	0.05	0.0	3.0694559992926087	3.4152956283659335	0.10126198921139762	1.0	3	True	8	candidate_unreleased	False
holdout	smooth_noisy_anchor	5004	liana_hypergraph_residual	target	0.949478487614081	1.0	0.3333333333333333	0.05	0.0	3.0694559992926087	3.4152956283659335	0.10126198921139762	1.0	3	True	8	candidate_unreleased	False
holdout	smooth_noisy_anchor	5004	liana_hypergraph_residual	reference	0.9120521172638437	0.9388888888888889	0.47619047619047616	0.05	0.0	3.0694559992926087	3.4152956283659335	0.10126198921139762	1.0	3	True	8	candidate_unreleased	False
holdout	smooth_noisy_anchor	5005	liana_baseline	target	0.9797861080084702	0.9642857142857142	0.6190476190476191	0.05	0.0	3.303998345055708	3.6633131317409724	0.09808465008681955	1.0	3	True	8	candidate_unreleased	False
holdout	smooth_noisy_anchor	5005	liana_baseline	reference	0.9043298870920335	1.0	0.6190476190476191	0.05	0.0	3.303998345055708	3.6633131317409724	0.09808465008681955	1.0	3	True	8	candidate_unreleased	False
holdout	smooth_noisy_anchor	5005	liana_hypergraph_residual	target	0.982405161445787	0.9642857142857143	0.42857142857142855	0.05	0.0	3.303998345055708	3.6633131317409724	0.09808465008681955	1.0	3	True	8	candidate_unreleased	False
holdout	smooth_noisy_anchor	5005	liana_hypergraph_residual	reference	0.9096030217078167	1.0	0.5238095238095238	0.05	0.0	3.303998345055708	3.6633131317409724	0.09808465008681955	1.0	3	True	8	candidate_unreleased	False
holdout	smooth_noisy_anchor	5006	liana_baseline	target	0.9625653081608687	1.0	0.47619047619047616	0.05	0.0	3.425569473469953	3.8863075840031427	0.11855420616465984	1.0	3	True	9	candidate_unreleased	False
holdout	smooth_noisy_anchor	5006	liana_baseline	reference	0.9198967288355935	1.0	0.6190476190476191	0.05	0.0	3.425569473469953	3.8863075840031427	0.11855420616465984	1.0	3	True	9	candidate_unreleased	False
holdout	smooth_noisy_anchor	5006	liana_hypergraph_residual	target	0.9642160052049448	1.0	0.2857142857142857	0.05	0.0	3.425569473469953	3.8863075840031427	0.11855420616465984	1.0	3	True	9	candidate_unreleased	False
holdout	smooth_noisy_anchor	5006	liana_hypergraph_residual	reference	0.9491332988385417	1.0	0.7142857142857143	0.05	0.0	3.425569473469953	3.8863075840031427	0.11855420616465984	1.0	3	True	9	candidate_unreleased	False
holdout	smooth_noisy_anchor	5007	liana_baseline	target	0.8704148431367967	1.0	0.5238095238095238	0.05	0.0	3.5892815569719763	4.0438153401923564	0.11240221053188815	1.0	3	True	8	candidate_unreleased	False
holdout	smooth_noisy_anchor	5007	liana_baseline	reference	0.9581427817680681	1.0	0.47619047619047616	0.05	0.0	3.5892815569719763	4.0438153401923564	0.11240221053188815	1.0	3	True	8	candidate_unreleased	False
holdout	smooth_noisy_anchor	5007	liana_hypergraph_residual	target	0.883226832059955	1.0	0.47619047619047616	0.05	0.0	3.5892815569719763	4.0438153401923564	0.11240221053188815	1.0	3	True	8	candidate_unreleased	False
holdout	smooth_noisy_anchor	5007	liana_hypergraph_residual	reference	0.9529106027550004	1.0	0.47619047619047616	0.05	0.0	3.5892815569719763	4.0438153401923564	0.11240221053188815	1.0	3	True	8	candidate_unreleased	False
holdout	smooth_noisy_anchor	5008	liana_baseline	target	0.9791804284556164	0.9888888888888889	0.38095238095238093	0.05	0.0	3.109600133778454	3.4413764070703277	0.09640801645825126	1.0	3	True	8	candidate_unreleased	False
holdout	smooth_noisy_anchor	5008	liana_baseline	reference	0.9495090132841034	0.9722222222222222	0.7619047619047619	0.05	0.0	3.109600133778454	3.4413764070703277	0.09640801645825126	1.0	3	True	8	candidate_unreleased	False
holdout	smooth_noisy_anchor	5008	liana_hypergraph_residual	target	0.9791804284556164	0.9888888888888889	0.38095238095238093	0.05	0.0	3.109600133778454	3.4413764070703277	0.09640801645825126	1.0	3	True	8	candidate_unreleased	False
holdout	smooth_noisy_anchor	5008	liana_hypergraph_residual	reference	0.9484569927774129	1.0	0.6190476190476191	0.05	0.0	3.109600133778454	3.4413764070703277	0.09640801645825126	1.0	3	True	8	candidate_unreleased	False
holdout	smooth_noisy_anchor	5009	liana_baseline	target	0.9717073684556754	1.0	0.19047619047619047	0.05	0.0	2.9883782173957862	3.2885130052438774	0.09126762988910031	1.0	3	True	9	candidate_unreleased	False
holdout	smooth_noisy_anchor	5009	liana_baseline	reference	0.7616182304641694	0.8724489795918368	0.7619047619047619	0.05	0.0	2.9883782173957862	3.2885130052438774	0.09126762988910031	1.0	3	True	9	candidate_unreleased	False
holdout	smooth_noisy_anchor	5009	liana_hypergraph_residual	target	0.9717073684556754	1.0	0.19047619047619047	0.05	0.0	2.9883782173957862	3.2885130052438774	0.09126762988910031	1.0	3	True	9	candidate_unreleased	False
holdout	smooth_noisy_anchor	5009	liana_hypergraph_residual	reference	0.7827028317971148	0.8826530612244898	0.8095238095238095	0.05	0.0	2.9883782173957862	3.2885130052438774	0.09126762988910031	1.0	3	True	9	candidate_unreleased	False
holdout	smooth_noisy_anchor	5010	liana_baseline	target	0.9759116651559976	1.0	0.2857142857142857	0.05	0.0	3.0916438521096548	3.4589270599483757	0.10618414365875717	1.0	3	True	9	candidate_unreleased	False
holdout	smooth_noisy_anchor	5010	liana_baseline	reference	0.907190317562224	0.9611111111111111	0.5238095238095238	0.05	0.0	3.0916438521096548	3.4589270599483757	0.10618414365875717	1.0	3	True	9	candidate_unreleased	False
holdout	smooth_noisy_anchor	5010	liana_hypergraph_residual	target	0.9759116651559976	1.0	0.2857142857142857	0.05	0.0	3.0916438521096548	3.4589270599483757	0.10618414365875717	1.0	3	True	9	candidate_unreleased	False
holdout	smooth_noisy_anchor	5010	liana_hypergraph_residual	reference	0.9101017779741136	0.9666666666666667	0.6190476190476191	0.05	0.0	3.0916438521096548	3.4589270599483757	0.10618414365875717	1.0	3	True	9	candidate_unreleased	False
holdout	smooth_noisy_anchor	5011	liana_baseline	target	0.960434941252496	0.9666666666666667	0.42857142857142855	0.05	0.0	3.8459703355344725	4.350203471108305	0.11591024165252861	1.0	3	True	9	candidate_unreleased	False
holdout	smooth_noisy_anchor	5011	liana_baseline	reference	0.9172693259153051	1.0	0.42857142857142855	0.05	0.0	3.8459703355344725	4.350203471108305	0.11591024165252861	1.0	3	True	9	candidate_unreleased	False
holdout	smooth_noisy_anchor	5011	liana_hypergraph_residual	target	0.960434941252496	0.9666666666666667	0.42857142857142855	0.05	0.0	3.8459703355344725	4.350203471108305	0.11591024165252861	1.0	3	True	9	candidate_unreleased	False
holdout	smooth_noisy_anchor	5011	liana_hypergraph_residual	reference	0.9156626750744773	1.0	0.3333333333333333	0.05	0.0	3.8459703355344725	4.350203471108305	0.11591024165252861	1.0	3	True	9	candidate_unreleased	False
holdout	smooth_noisy_anchor	5012	liana_baseline	target	0.8270019013552085	0.9055555555555556	0.7142857142857143	0.05	0.0	3.257158026955252	3.612241345800256	0.09829999849202742	1.0	3	True	8	candidate_unreleased	False
holdout	smooth_noisy_anchor	5012	liana_baseline	reference	0.9853613015920473	1.0	0.38095238095238093	0.05	0.0	3.257158026955252	3.612241345800256	0.09829999849202742	1.0	3	True	8	candidate_unreleased	False
holdout	smooth_noisy_anchor	5012	liana_hypergraph_residual	target	0.8602922461514559	0.9222222222222222	0.7619047619047619	0.05	0.0	3.257158026955252	3.612241345800256	0.09829999849202742	1.0	3	True	8	candidate_unreleased	False
holdout	smooth_noisy_anchor	5012	liana_hypergraph_residual	reference	0.9840600651422722	1.0	0.38095238095238093	0.05	0.0	3.257158026955252	3.612241345800256	0.09829999849202742	1.0	3	True	8	candidate_unreleased	False
holdout	smooth_noisy_anchor	5013	liana_baseline	target	0.9635298459379974	1.0	0.38095238095238093	0.05	0.0	3.5427264923142805	4.004605778828028	0.11533701743019487	1.0	3	True	9	candidate_unreleased	False
holdout	smooth_noisy_anchor	5013	liana_baseline	reference	0.9643445925894228	1.0	0.47619047619047616	0.05	0.0	3.5427264923142805	4.004605778828028	0.11533701743019487	1.0	3	True	9	candidate_unreleased	False
holdout	smooth_noisy_anchor	5013	liana_hypergraph_residual	target	0.9635298459379974	1.0	0.38095238095238093	0.05	0.0	3.5427264923142805	4.004605778828028	0.11533701743019487	1.0	3	True	9	candidate_unreleased	False
holdout	smooth_noisy_anchor	5013	liana_hypergraph_residual	reference	0.9643445925894228	1.0	0.47619047619047616	0.05	0.0	3.5427264923142805	4.004605778828028	0.11533701743019487	1.0	3	True	9	candidate_unreleased	False
holdout	smooth_noisy_anchor	5014	liana_baseline	target	0.9850313838099131	1.0	0.23809523809523808	0.05	0.0	3.0468166817600055	3.4028602333911455	0.10463067161483797	1.0	3	True	9	candidate_unreleased	False
holdout	smooth_noisy_anchor	5014	liana_baseline	reference	0.8598629017589557	0.9722222222222223	0.7142857142857143	0.05	0.0	3.0468166817600055	3.4028602333911455	0.10463067161483797	1.0	3	True	9	candidate_unreleased	False
holdout	smooth_noisy_anchor	5014	liana_hypergraph_residual	target	0.9850313838099131	1.0	0.23809523809523808	0.05	0.0	3.0468166817600055	3.4028602333911455	0.10463067161483797	1.0	3	True	9	candidate_unreleased	False
holdout	smooth_noisy_anchor	5014	liana_hypergraph_residual	reference	0.8675859900338533	0.9722222222222223	0.7142857142857143	0.05	0.0	3.0468166817600055	3.4028602333911455	0.10463067161483797	1.0	3	True	9	candidate_unreleased	False
holdout	smooth_noisy_anchor	5015	liana_baseline	target	0.9915309446254074	1.0	0.23809523809523808	0.05	0.0	3.107156203469227	3.4994151116660754	0.1120927056893497	1.0	3	True	9	candidate_unreleased	False
holdout	smooth_noisy_anchor	5015	liana_baseline	reference	0.9012788272689516	0.9777777777777779	0.7142857142857143	0.05	0.0	3.107156203469227	3.4994151116660754	0.1120927056893497	1.0	3	True	9	candidate_unreleased	False
holdout	smooth_noisy_anchor	5015	liana_hypergraph_residual	target	0.9915309446254074	1.0	0.23809523809523808	0.05	0.0	3.107156203469227	3.4994151116660754	0.1120927056893497	1.0	3	True	9	candidate_unreleased	False
holdout	smooth_noisy_anchor	5015	liana_hypergraph_residual	reference	0.9092805457851074	0.9777777777777779	0.7619047619047619	0.05	0.0	3.107156203469227	3.4994151116660754	0.1120927056893497	1.0	3	True	9	candidate_unreleased	False
holdout	smooth_noisy_anchor	5016	liana_baseline	target	0.9611739482164873	0.9944444444444445	0.5238095238095238	0.05	0.0	3.254444203961197	3.6827905820096443	0.11631027301441199	1.0	3	True	9	candidate_unreleased	False
holdout	smooth_noisy_anchor	5016	liana_baseline	reference	0.9680886218228003	0.9722222222222222	0.38095238095238093	0.05	0.0	3.254444203961197	3.6827905820096443	0.11631027301441199	1.0	3	True	9	candidate_unreleased	False
holdout	smooth_noisy_anchor	5016	liana_hypergraph_residual	target	0.9611739482164873	0.9944444444444445	0.5238095238095238	0.05	0.0	3.254444203961197	3.6827905820096443	0.11631027301441199	1.0	3	True	9	candidate_unreleased	False
holdout	smooth_noisy_anchor	5016	liana_hypergraph_residual	reference	0.9680886218228003	0.9722222222222222	0.38095238095238093	0.05	0.0	3.254444203961197	3.6827905820096443	0.11631027301441199	1.0	3	True	9	candidate_unreleased	False
holdout	topology_jump	5001	liana_baseline	target	0.9836987314015158	1.0	0.38095238095238093	0.05	0.25	1.7629907808943568	4.16344587286011	0.5765548935350377	1.0	3	True	8	candidate_unreleased	False
holdout	topology_jump	5001	liana_baseline	reference	0.9546505361687253	0.9722222222222222	0.47619047619047616	0.05	0.25	1.7629907808943568	4.16344587286011	0.5765548935350377	1.0	3	True	8	candidate_unreleased	False
holdout	topology_jump	5001	liana_hypergraph_residual	target	0.9872806836516436	1.0	0.47619047619047616	0.05	0.25	1.7629907808943568	4.16344587286011	0.5765548935350377	1.0	3	True	8	candidate_unreleased	False
holdout	topology_jump	5001	liana_hypergraph_residual	reference	0.9529566009999992	0.9722222222222222	0.6190476190476191	0.05	0.25	1.7629907808943568	4.16344587286011	0.5765548935350377	1.0	3	True	8	candidate_unreleased	False
holdout	topology_jump	5002	liana_baseline	target	0.9699837384128953	1.0	0.5238095238095238	0.05	0.25	1.7445005027907896	3.692694783345508	0.5275806409295742	1.0	3	True	9	candidate_unreleased	False
holdout	topology_jump	5002	liana_baseline	reference	0.9680783813257401	1.0	0.38095238095238093	0.05	0.25	1.7445005027907896	3.692694783345508	0.5275806409295742	1.0	3	True	9	candidate_unreleased	False
holdout	topology_jump	5002	liana_hypergraph_residual	target	0.9670473597900511	1.0	0.5238095238095238	0.05	0.25	1.7445005027907896	3.692694783345508	0.5275806409295742	1.0	3	True	9	candidate_unreleased	False
holdout	topology_jump	5002	liana_hypergraph_residual	reference	0.9749022164276403	1.0	0.3333333333333333	0.05	0.25	1.7445005027907896	3.692694783345508	0.5275806409295742	1.0	3	True	9	candidate_unreleased	False
holdout	topology_jump	5003	liana_baseline	target	0.9853567988689849	1.0	0.47619047619047616	0.05	0.25	1.7546040430916774	3.2646077180735786	0.46253755592814183	1.0	3	True	9	candidate_unreleased	False
holdout	topology_jump	5003	liana_baseline	reference	0.9486092953509563	1.0	0.5714285714285714	0.05	0.25	1.7546040430916774	3.2646077180735786	0.46253755592814183	1.0	3	True	9	candidate_unreleased	False
holdout	topology_jump	5003	liana_hypergraph_residual	target	0.9811206233732769	1.0	0.3333333333333333	0.05	0.25	1.7546040430916774	3.2646077180735786	0.46253755592814183	1.0	3	True	9	candidate_unreleased	False
holdout	topology_jump	5003	liana_hypergraph_residual	reference	0.9450086389503832	1.0	0.5714285714285714	0.05	0.25	1.7546040430916774	3.2646077180735786	0.46253755592814183	1.0	3	True	9	candidate_unreleased	False
holdout	topology_jump	5004	liana_baseline	target	0.9341163109389498	0.9777777777777777	0.5238095238095238	0.05	0.25	1.8232011819245129	3.4370147121292383	0.46953931401852056	1.0	3	True	8	candidate_unreleased	False
holdout	topology_jump	5004	liana_baseline	reference	0.876999535619116	0.9333333333333333	0.47619047619047616	0.05	0.25	1.8232011819245129	3.4370147121292383	0.46953931401852056	1.0	3	True	8	candidate_unreleased	False
holdout	topology_jump	5004	liana_hypergraph_residual	target	0.9592436114709557	0.9777777777777777	0.42857142857142855	0.05	0.25	1.8232011819245129	3.4370147121292383	0.46953931401852056	1.0	3	True	8	candidate_unreleased	False
holdout	topology_jump	5004	liana_hypergraph_residual	reference	0.9207955020397288	0.95	0.42857142857142855	0.05	0.25	1.8232011819245129	3.4370147121292383	0.46953931401852056	1.0	3	True	8	candidate_unreleased	False
holdout	topology_jump	5005	liana_baseline	target	0.9889299984628603	0.9888888888888888	0.42857142857142855	0.05	0.25	1.802119027004219	3.641945730344461	0.5051768586255755	1.0	3	True	10	candidate_unreleased	False
holdout	topology_jump	5005	liana_baseline	reference	0.8775177808846958	1.0	0.6190476190476191	0.05	0.25	1.802119027004219	3.641945730344461	0.5051768586255755	1.0	3	True	10	candidate_unreleased	False
holdout	topology_jump	5005	liana_hypergraph_residual	target	0.9863372289293781	0.9888888888888889	0.14285714285714285	0.05	0.25	1.802119027004219	3.641945730344461	0.5051768586255755	1.0	3	True	10	candidate_unreleased	False
holdout	topology_jump	5005	liana_hypergraph_residual	reference	0.9099683344792666	0.9999999999999999	0.5714285714285714	0.05	0.25	1.802119027004219	3.641945730344461	0.5051768586255755	1.0	3	True	10	candidate_unreleased	False
holdout	topology_jump	5006	liana_baseline	target	0.9677843856791153	1.0	0.19047619047619047	0.05	0.25	1.8675396380554756	3.926266795315159	0.5243472399064085	1.0	3	True	10	candidate_unreleased	False
holdout	topology_jump	5006	liana_baseline	reference	0.8989583709968638	1.0	0.5714285714285714	0.05	0.25	1.8675396380554756	3.926266795315159	0.5243472399064085	1.0	3	True	10	candidate_unreleased	False
holdout	topology_jump	5006	liana_hypergraph_residual	target	0.9710192634630307	1.0	0.14285714285714285	0.05	0.25	1.8675396380554756	3.926266795315159	0.5243472399064085	1.0	3	True	10	candidate_unreleased	False
holdout	topology_jump	5006	liana_hypergraph_residual	reference	0.9196194225721787	1.0	0.5238095238095238	0.05	0.25	1.8675396380554756	3.926266795315159	0.5243472399064085	1.0	3	True	10	candidate_unreleased	False
holdout	topology_jump	5007	liana_baseline	target	0.9035257134432914	1.0	0.5238095238095238	0.05	0.25	1.9334364380155475	4.011885423902685	0.5180728675609241	1.0	3	True	10	candidate_unreleased	False
holdout	topology_jump	5007	liana_baseline	reference	0.9705594238612287	0.9999999999999999	0.5714285714285714	0.05	0.25	1.9334364380155475	4.011885423902685	0.5180728675609241	1.0	3	True	10	candidate_unreleased	False
holdout	topology_jump	5007	liana_hypergraph_residual	target	0.9133716166046784	1.0	0.5238095238095238	0.05	0.25	1.9334364380155475	4.011885423902685	0.5180728675609241	1.0	3	True	10	candidate_unreleased	False
holdout	topology_jump	5007	liana_hypergraph_residual	reference	0.9764714225057367	1.0	0.5238095238095238	0.05	0.25	1.9334364380155475	4.011885423902685	0.5180728675609241	1.0	3	True	10	candidate_unreleased	False
holdout	topology_jump	5008	liana_baseline	target	0.9810880624663132	0.9888888888888889	0.19047619047619047	0.05	0.25	1.7558306420911525	3.4636292586784165	0.4930662288142502	1.0	3	True	10	candidate_unreleased	False
holdout	topology_jump	5008	liana_baseline	reference	0.9418918167371246	0.9666666666666667	0.7142857142857143	0.05	0.25	1.7558306420911525	3.4636292586784165	0.4930662288142502	1.0	3	True	10	candidate_unreleased	False
holdout	topology_jump	5008	liana_hypergraph_residual	target	0.974828844080031	0.9777777777777779	0.6190476190476191	0.05	0.25	1.7558306420911525	3.4636292586784165	0.4930662288142502	1.0	3	True	10	candidate_unreleased	False
holdout	topology_jump	5008	liana_hypergraph_residual	reference	0.9483722972479439	0.9888888888888889	0.6666666666666666	0.05	0.25	1.7558306420911525	3.4636292586784165	0.4930662288142502	1.0	3	True	10	candidate_unreleased	False
holdout	topology_jump	5009	liana_baseline	target	0.9658092338803989	1.0	0.23809523809523808	0.05	0.25	1.7576171583299651	3.369361758941593	0.47835308759422746	1.0	3	True	10	candidate_unreleased	False
holdout	topology_jump	5009	liana_baseline	reference	0.8391980407187599	0.8571428571428572	0.7142857142857143	0.05	0.25	1.7576171583299651	3.369361758941593	0.47835308759422746	1.0	3	True	10	candidate_unreleased	False
holdout	topology_jump	5009	liana_hypergraph_residual	target	0.9684041142938847	1.0	0.3333333333333333	0.05	0.25	1.7576171583299651	3.369361758941593	0.47835308759422746	1.0	3	True	10	candidate_unreleased	False
holdout	topology_jump	5009	liana_hypergraph_residual	reference	0.8994080935023699	0.903061224489796	0.6666666666666666	0.05	0.25	1.7576171583299651	3.369361758941593	0.47835308759422746	1.0	3	True	10	candidate_unreleased	False
holdout	topology_jump	5010	liana_baseline	target	0.9798243278310199	1.0	0.2857142857142857	0.05	0.25	1.7021291672586123	3.4356552532602502	0.5045692766631972	1.0	3	True	10	candidate_unreleased	False
holdout	topology_jump	5010	liana_baseline	reference	0.8917239600423694	0.961111111111111	0.5714285714285714	0.05	0.25	1.7021291672586123	3.4356552532602502	0.5045692766631972	1.0	3	True	10	candidate_unreleased	False
holdout	topology_jump	5010	liana_hypergraph_residual	target	0.9824106319241024	1.0	0.3333333333333333	0.05	0.25	1.7021291672586123	3.4356552532602502	0.5045692766631972	1.0	3	True	10	candidate_unreleased	False
holdout	topology_jump	5010	liana_hypergraph_residual	reference	0.8650951429379734	0.9611111111111112	0.5714285714285714	0.05	0.25	1.7021291672586123	3.4356552532602502	0.5045692766631972	1.0	3	True	10	candidate_unreleased	False
holdout	topology_jump	5011	liana_baseline	target	0.9561989734355036	0.9666666666666667	0.42857142857142855	0.05	0.25	1.7692913425747032	4.355677487963045	0.5937965224780402	1.0	3	True	8	candidate_unreleased	False
holdout	topology_jump	5011	liana_baseline	reference	0.888816435486693	1.0	0.3333333333333333	0.05	0.25	1.7692913425747032	4.355677487963045	0.5937965224780402	1.0	3	True	8	candidate_unreleased	False
holdout	topology_jump	5011	liana_hypergraph_residual	target	0.95785941412624	0.9666666666666667	0.47619047619047616	0.05	0.25	1.7692913425747032	4.355677487963045	0.5937965224780402	1.0	3	True	8	candidate_unreleased	False
holdout	topology_jump	5011	liana_hypergraph_residual	reference	0.9134903807035969	1.0	0.2857142857142857	0.05	0.25	1.7692913425747032	4.355677487963045	0.5937965224780402	1.0	3	True	8	candidate_unreleased	False
holdout	topology_jump	5012	liana_baseline	target	0.8427563594792108	0.9277777777777777	0.6190476190476191	0.05	0.25	1.8162798082196818	3.6879973745382366	0.5075159703856642	1.0	3	True	10	candidate_unreleased	False
holdout	topology_jump	5012	liana_baseline	reference	0.9863058887490282	1.0	0.3333333333333333	0.05	0.25	1.8162798082196818	3.6879973745382366	0.5075159703856642	1.0	3	True	10	candidate_unreleased	False
holdout	topology_jump	5012	liana_hypergraph_residual	target	0.8107748462498704	0.938888888888889	0.8095238095238095	0.05	0.25	1.8162798082196818	3.6879973745382366	0.5075159703856642	1.0	3	True	10	candidate_unreleased	False
holdout	topology_jump	5012	liana_hypergraph_residual	reference	0.9837141900409405	1.0	0.2857142857142857	0.05	0.25	1.8162798082196818	3.6879973745382366	0.5075159703856642	1.0	3	True	10	candidate_unreleased	False
holdout	topology_jump	5013	liana_baseline	target	0.9693613532977535	0.9897959183673469	0.42857142857142855	0.05	0.25	1.8296465258027277	4.016117858213506	0.5444240955078417	1.0	3	True	9	candidate_unreleased	False
holdout	topology_jump	5013	liana_baseline	reference	0.9814340578123689	1.0	0.2857142857142857	0.05	0.25	1.8296465258027277	4.016117858213506	0.5444240955078417	1.0	3	True	9	candidate_unreleased	False
holdout	topology_jump	5013	liana_hypergraph_residual	target	0.95340506853317	0.9897959183673469	0.3333333333333333	0.05	0.25	1.8296465258027277	4.016117858213506	0.5444240955078417	1.0	3	True	9	candidate_unreleased	False
holdout	topology_jump	5013	liana_hypergraph_residual	reference	0.9739421947756333	1.0	0.2857142857142857	0.05	0.25	1.8296465258027277	4.016117858213506	0.5444240955078417	1.0	3	True	9	candidate_unreleased	False
holdout	topology_jump	5014	liana_baseline	target	0.9817710413977615	1.0	0.23809523809523808	0.05	0.25	1.7539062907043166	3.5001795588499878	0.4989096241449462	1.0	3	True	10	candidate_unreleased	False
holdout	topology_jump	5014	liana_baseline	reference	0.7909730757347453	1.0	0.6666666666666666	0.05	0.25	1.7539062907043166	3.5001795588499878	0.4989096241449462	1.0	3	True	10	candidate_unreleased	False
holdout	topology_jump	5014	liana_hypergraph_residual	target	0.9771789390191371	1.0	0.47619047619047616	0.05	0.25	1.7539062907043166	3.5001795588499878	0.4989096241449462	1.0	3	True	10	candidate_unreleased	False
holdout	topology_jump	5014	liana_hypergraph_residual	reference	0.707555326991291	0.9888888888888888	0.6666666666666666	0.05	0.25	1.7539062907043166	3.5001795588499878	0.4989096241449462	1.0	3	True	10	candidate_unreleased	False
holdout	topology_jump	5015	liana_baseline	target	0.9781550163614317	1.0	0.47619047619047616	0.05	0.25	1.7191250770385198	3.4975782436925344	0.5084813098495347	1.0	3	True	10	candidate_unreleased	False
holdout	topology_jump	5015	liana_baseline	reference	0.7903711876991011	0.9611111111111112	0.5714285714285714	0.05	0.25	1.7191250770385198	3.4975782436925344	0.5084813098495347	1.0	3	True	10	candidate_unreleased	False
holdout	topology_jump	5015	liana_hypergraph_residual	target	0.9892333316070967	1.0	0.42857142857142855	0.05	0.25	1.7191250770385198	3.4975782436925344	0.5084813098495347	1.0	3	True	10	candidate_unreleased	False
holdout	topology_jump	5015	liana_hypergraph_residual	reference	0.830708661417323	0.9611111111111112	0.5238095238095238	0.05	0.25	1.7191250770385198	3.4975782436925344	0.5084813098495347	1.0	3	True	10	candidate_unreleased	False
holdout	topology_jump	5016	liana_baseline	target	0.9238325515076767	1.0	0.5238095238095238	0.05	0.25	1.743615655159263	3.665484862639784	0.5243151396065082	1.0	3	True	10	candidate_unreleased	False
holdout	topology_jump	5016	liana_baseline	reference	0.9680997790020324	1.0	0.19047619047619047	0.05	0.25	1.743615655159263	3.665484862639784	0.5243151396065082	1.0	3	True	10	candidate_unreleased	False
holdout	topology_jump	5016	liana_hypergraph_residual	target	0.9290630259677343	1.0	0.5238095238095238	0.05	0.25	1.743615655159263	3.665484862639784	0.5243151396065082	1.0	3	True	10	candidate_unreleased	False
holdout	topology_jump	5016	liana_hypergraph_residual	reference	0.9801372309396802	1.0	0.2857142857142857	0.05	0.25	1.743615655159263	3.665484862639784	0.5243151396065082	1.0	3	True	10	candidate_unreleased	False
holdout	antagonistic_anchor	5001	liana_baseline	target	0.9915372988702725	1.0	0.3333333333333333	0.05	0.0	3.691409658249362	4.1761407349331945	0.1160715376828858	1.0	3	True	8	candidate_unreleased	False
holdout	antagonistic_anchor	5001	liana_baseline	reference	0.9539825361674553	0.9722222222222223	0.5714285714285714	0.05	0.0	3.691409658249362	4.1761407349331945	0.1160715376828858	1.0	3	True	8	candidate_unreleased	False
holdout	antagonistic_anchor	5001	liana_hypergraph_residual	target	0.9934904255259591	1.0	0.3333333333333333	0.05	0.0	3.691409658249362	4.1761407349331945	0.1160715376828858	1.0	3	True	8	candidate_unreleased	False
holdout	antagonistic_anchor	5001	liana_hypergraph_residual	reference	0.9575869185424499	0.9722222222222222	0.47619047619047616	0.05	0.0	3.691409658249362	4.1761407349331945	0.1160715376828858	1.0	3	True	8	candidate_unreleased	False
holdout	antagonistic_anchor	5002	liana_baseline	target	0.9694443885183341	0.9846938775510203	0.5238095238095238	0.05	0.0	3.379444953073184	3.7099810431396056	0.08909374097143707	1.0	3	True	9	candidate_unreleased	False
holdout	antagonistic_anchor	5002	liana_baseline	reference	0.9660426896331384	0.9846938775510203	0.2857142857142857	0.05	0.0	3.379444953073184	3.7099810431396056	0.08909374097143707	1.0	3	True	9	candidate_unreleased	False
holdout	antagonistic_anchor	5002	liana_hypergraph_residual	target	0.9678130393744969	0.9795918367346939	0.42857142857142855	0.05	0.0	3.379444953073184	3.7099810431396056	0.08909374097143707	1.0	3	True	9	candidate_unreleased	False
holdout	antagonistic_anchor	5002	liana_hypergraph_residual	reference	0.9670224489532533	0.9846938775510204	0.2857142857142857	0.05	0.0	3.379444953073184	3.7099810431396056	0.08909374097143707	1.0	3	True	9	candidate_unreleased	False
holdout	antagonistic_anchor	5003	liana_baseline	target	0.9788209303426681	0.9888888888888889	0.42857142857142855	0.05	0.0	2.881699135238394	3.2258291831454757	0.1066795631043066	1.0	3	True	9	candidate_unreleased	False
holdout	antagonistic_anchor	5003	liana_baseline	reference	0.9397427542714241	1.0	0.3333333333333333	0.05	0.0	2.881699135238394	3.2258291831454757	0.1066795631043066	1.0	3	True	9	candidate_unreleased	False
holdout	antagonistic_anchor	5003	liana_hypergraph_residual	target	0.9788209303426681	0.9888888888888889	0.42857142857142855	0.05	0.0	2.881699135238394	3.2258291831454757	0.1066795631043066	1.0	3	True	9	candidate_unreleased	False
holdout	antagonistic_anchor	5003	liana_hypergraph_residual	reference	0.9397427542714241	1.0	0.3333333333333333	0.05	0.0	2.881699135238394	3.2258291831454757	0.1066795631043066	1.0	3	True	9	candidate_unreleased	False
holdout	antagonistic_anchor	5004	liana_baseline	target	0.949478487614081	1.0	0.3333333333333333	0.05	0.0	3.0694559993280928	3.4152956283659335	0.10126198920100793	1.0	3	True	8	candidate_unreleased	False
holdout	antagonistic_anchor	5004	liana_baseline	reference	0.9120521172638437	0.9388888888888889	0.47619047619047616	0.05	0.0	3.0694559993280928	3.4152956283659335	0.10126198920100793	1.0	3	True	8	candidate_unreleased	False
holdout	antagonistic_anchor	5004	liana_hypergraph_residual	target	0.949478487614081	1.0	0.3333333333333333	0.05	0.0	3.0694559993280928	3.4152956283659335	0.10126198920100793	1.0	3	True	8	candidate_unreleased	False
holdout	antagonistic_anchor	5004	liana_hypergraph_residual	reference	0.9120521172638437	0.9388888888888889	0.47619047619047616	0.05	0.0	3.0694559993280928	3.4152956283659335	0.10126198920100793	1.0	3	True	8	candidate_unreleased	False
holdout	antagonistic_anchor	5005	liana_baseline	target	0.9797861080084702	0.9642857142857142	0.6190476190476191	0.05	0.0	3.303998345064125	3.6633131317409724	0.09808465008452194	1.0	3	True	8	candidate_unreleased	False
holdout	antagonistic_anchor	5005	liana_baseline	reference	0.9043298870920335	1.0	0.6190476190476191	0.05	0.0	3.303998345064125	3.6633131317409724	0.09808465008452194	1.0	3	True	8	candidate_unreleased	False
holdout	antagonistic_anchor	5005	liana_hypergraph_residual	target	0.982405161445787	0.9642857142857143	0.42857142857142855	0.05	0.0	3.303998345064125	3.6633131317409724	0.09808465008452194	1.0	3	True	8	candidate_unreleased	False
holdout	antagonistic_anchor	5005	liana_hypergraph_residual	reference	0.9096030217078167	1.0	0.5238095238095238	0.05	0.0	3.303998345064125	3.6633131317409724	0.09808465008452194	1.0	3	True	8	candidate_unreleased	False
holdout	antagonistic_anchor	5006	liana_baseline	target	0.9625653081608687	1.0	0.47619047619047616	0.05	0.0	3.42556947334742	3.8863075840031427	0.11855420619618928	1.0	3	True	9	candidate_unreleased	False
holdout	antagonistic_anchor	5006	liana_baseline	reference	0.9198967288355935	1.0	0.6190476190476191	0.05	0.0	3.42556947334742	3.8863075840031427	0.11855420619618928	1.0	3	True	9	candidate_unreleased	False
holdout	antagonistic_anchor	5006	liana_hypergraph_residual	target	0.9642160052049448	1.0	0.2857142857142857	0.05	0.0	3.42556947334742	3.8863075840031427	0.11855420619618928	1.0	3	True	9	candidate_unreleased	False
holdout	antagonistic_anchor	5006	liana_hypergraph_residual	reference	0.9491332988385417	1.0	0.7142857142857143	0.05	0.0	3.42556947334742	3.8863075840031427	0.11855420619618928	1.0	3	True	9	candidate_unreleased	False
holdout	antagonistic_anchor	5007	liana_baseline	target	0.8704148431367967	1.0	0.5238095238095238	0.05	0.0	3.5892815569409606	4.0438153401923564	0.11240221053955801	1.0	3	True	8	candidate_unreleased	False
holdout	antagonistic_anchor	5007	liana_baseline	reference	0.9581427817680681	1.0	0.47619047619047616	0.05	0.0	3.5892815569409606	4.0438153401923564	0.11240221053955801	1.0	3	True	8	candidate_unreleased	False
holdout	antagonistic_anchor	5007	liana_hypergraph_residual	target	0.883226832059955	1.0	0.47619047619047616	0.05	0.0	3.5892815569409606	4.0438153401923564	0.11240221053955801	1.0	3	True	8	candidate_unreleased	False
holdout	antagonistic_anchor	5007	liana_hypergraph_residual	reference	0.9529106027550004	1.0	0.47619047619047616	0.05	0.0	3.5892815569409606	4.0438153401923564	0.11240221053955801	1.0	3	True	8	candidate_unreleased	False
holdout	antagonistic_anchor	5008	liana_baseline	target	0.9791804284556164	0.9888888888888889	0.38095238095238093	0.05	0.0	3.1096001337906305	3.4413764070703277	0.09640801645471297	1.0	3	True	8	candidate_unreleased	False
holdout	antagonistic_anchor	5008	liana_baseline	reference	0.9495090132841034	0.9722222222222222	0.7619047619047619	0.05	0.0	3.1096001337906305	3.4413764070703277	0.09640801645471297	1.0	3	True	8	candidate_unreleased	False
holdout	antagonistic_anchor	5008	liana_hypergraph_residual	target	0.9791804284556164	0.9888888888888889	0.38095238095238093	0.05	0.0	3.1096001337906305	3.4413764070703277	0.09640801645471297	1.0	3	True	8	candidate_unreleased	False
holdout	antagonistic_anchor	5008	liana_hypergraph_residual	reference	0.9484569927774129	1.0	0.6190476190476191	0.05	0.0	3.1096001337906305	3.4413764070703277	0.09640801645471297	1.0	3	True	8	candidate_unreleased	False
holdout	antagonistic_anchor	5009	liana_baseline	target	0.9717073684556754	1.0	0.19047619047619047	0.05	0.0	2.988378217588184	3.2885130052438774	0.09126762983059433	1.0	3	True	9	candidate_unreleased	False
holdout	antagonistic_anchor	5009	liana_baseline	reference	0.7616182304641694	0.8724489795918368	0.7619047619047619	0.05	0.0	2.988378217588184	3.2885130052438774	0.09126762983059433	1.0	3	True	9	candidate_unreleased	False
holdout	antagonistic_anchor	5009	liana_hypergraph_residual	target	0.9717073684556754	1.0	0.19047619047619047	0.05	0.0	2.988378217588184	3.2885130052438774	0.09126762983059433	1.0	3	True	9	candidate_unreleased	False
holdout	antagonistic_anchor	5009	liana_hypergraph_residual	reference	0.7827028317971148	0.8826530612244898	0.8095238095238095	0.05	0.0	2.988378217588184	3.2885130052438774	0.09126762983059433	1.0	3	True	9	candidate_unreleased	False
holdout	antagonistic_anchor	5010	liana_baseline	target	0.9759116651559976	1.0	0.2857142857142857	0.05	0.0	3.0916438521017895	3.4589270599483757	0.10618414366103113	1.0	3	True	9	candidate_unreleased	False
holdout	antagonistic_anchor	5010	liana_baseline	reference	0.907190317562224	0.9611111111111111	0.5238095238095238	0.05	0.0	3.0916438521017895	3.4589270599483757	0.10618414366103113	1.0	3	True	9	candidate_unreleased	False
holdout	antagonistic_anchor	5010	liana_hypergraph_residual	target	0.9759116651559976	1.0	0.2857142857142857	0.05	0.0	3.0916438521017895	3.4589270599483757	0.10618414366103113	1.0	3	True	9	candidate_unreleased	False
holdout	antagonistic_anchor	5010	liana_hypergraph_residual	reference	0.9101017779741136	0.9666666666666667	0.6190476190476191	0.05	0.0	3.0916438521017895	3.4589270599483757	0.10618414366103113	1.0	3	True	9	candidate_unreleased	False
holdout	antagonistic_anchor	5011	liana_baseline	target	0.960434941252496	0.9666666666666667	0.42857142857142855	0.05	0.0	3.8459703365050433	4.350203471108305	0.1159102414294193	1.0	3	True	9	candidate_unreleased	False
holdout	antagonistic_anchor	5011	liana_baseline	reference	0.9172693259153051	1.0	0.42857142857142855	0.05	0.0	3.8459703365050433	4.350203471108305	0.1159102414294193	1.0	3	True	9	candidate_unreleased	False
holdout	antagonistic_anchor	5011	liana_hypergraph_residual	target	0.960434941252496	0.9666666666666667	0.42857142857142855	0.05	0.0	3.8459703365050433	4.350203471108305	0.1159102414294193	1.0	3	True	9	candidate_unreleased	False
holdout	antagonistic_anchor	5011	liana_hypergraph_residual	reference	0.9156626750744773	1.0	0.3333333333333333	0.05	0.0	3.8459703365050433	4.350203471108305	0.1159102414294193	1.0	3	True	9	candidate_unreleased	False
holdout	antagonistic_anchor	5012	liana_baseline	target	0.8270019013552085	0.9055555555555556	0.7142857142857143	0.05	0.0	3.2571580269581872	3.612241345800256	0.09829999849121474	1.0	3	True	8	candidate_unreleased	False
holdout	antagonistic_anchor	5012	liana_baseline	reference	0.9853613015920473	1.0	0.38095238095238093	0.05	0.0	3.2571580269581872	3.612241345800256	0.09829999849121474	1.0	3	True	8	candidate_unreleased	False
holdout	antagonistic_anchor	5012	liana_hypergraph_residual	target	0.8602922461514559	0.9222222222222222	0.7619047619047619	0.05	0.0	3.2571580269581872	3.612241345800256	0.09829999849121474	1.0	3	True	8	candidate_unreleased	False
holdout	antagonistic_anchor	5012	liana_hypergraph_residual	reference	0.9840600651422722	1.0	0.38095238095238093	0.05	0.0	3.2571580269581872	3.612241345800256	0.09829999849121474	1.0	3	True	8	candidate_unreleased	False
holdout	antagonistic_anchor	5013	liana_baseline	target	0.9635298459379974	1.0	0.38095238095238093	0.05	0.0	3.5427264922537045	4.004605778828028	0.11533701744532143	1.0	3	True	9	candidate_unreleased	False
holdout	antagonistic_anchor	5013	liana_baseline	reference	0.9643445925894228	1.0	0.47619047619047616	0.05	0.0	3.5427264922537045	4.004605778828028	0.11533701744532143	1.0	3	True	9	candidate_unreleased	False
holdout	antagonistic_anchor	5013	liana_hypergraph_residual	target	0.9635298459379974	1.0	0.38095238095238093	0.05	0.0	3.5427264922537045	4.004605778828028	0.11533701744532143	1.0	3	True	9	candidate_unreleased	False
holdout	antagonistic_anchor	5013	liana_hypergraph_residual	reference	0.9643445925894228	1.0	0.47619047619047616	0.05	0.0	3.5427264922537045	4.004605778828028	0.11533701744532143	1.0	3	True	9	candidate_unreleased	False
holdout	antagonistic_anchor	5014	liana_baseline	target	0.9850313838099131	1.0	0.23809523809523808	0.05	0.0	3.046816681882533	3.4028602333911455	0.10463067157883088	1.0	3	True	9	candidate_unreleased	False
holdout	antagonistic_anchor	5014	liana_baseline	reference	0.8598629017589557	0.9722222222222223	0.7142857142857143	0.05	0.0	3.046816681882533	3.4028602333911455	0.10463067157883088	1.0	3	True	9	candidate_unreleased	False
holdout	antagonistic_anchor	5014	liana_hypergraph_residual	target	0.9850313838099131	1.0	0.23809523809523808	0.05	0.0	3.046816681882533	3.4028602333911455	0.10463067157883088	1.0	3	True	9	candidate_unreleased	False
holdout	antagonistic_anchor	5014	liana_hypergraph_residual	reference	0.8675859900338533	0.9722222222222223	0.7142857142857143	0.05	0.0	3.046816681882533	3.4028602333911455	0.10463067157883088	1.0	3	True	9	candidate_unreleased	False
holdout	antagonistic_anchor	5015	liana_baseline	target	0.9915309446254074	1.0	0.23809523809523808	0.05	0.0	3.107156203466809	3.4994151116660754	0.1120927056900407	1.0	3	True	9	candidate_unreleased	False
holdout	antagonistic_anchor	5015	liana_baseline	reference	0.9012788272689516	0.9777777777777779	0.7142857142857143	0.05	0.0	3.107156203466809	3.4994151116660754	0.1120927056900407	1.0	3	True	9	candidate_unreleased	False
holdout	antagonistic_anchor	5015	liana_hypergraph_residual	target	0.9915309446254074	1.0	0.23809523809523808	0.05	0.0	3.107156203466809	3.4994151116660754	0.1120927056900407	1.0	3	True	9	candidate_unreleased	False
holdout	antagonistic_anchor	5015	liana_hypergraph_residual	reference	0.9092805457851074	0.9777777777777779	0.7619047619047619	0.05	0.0	3.107156203466809	3.4994151116660754	0.1120927056900407	1.0	3	True	9	candidate_unreleased	False
holdout	antagonistic_anchor	5016	liana_baseline	target	0.9611739482164873	0.9944444444444445	0.5238095238095238	0.05	0.0	3.2544442037490113	3.6827905820096443	0.11631027307202757	1.0	3	True	9	candidate_unreleased	False
holdout	antagonistic_anchor	5016	liana_baseline	reference	0.9680886218228003	0.9722222222222222	0.38095238095238093	0.05	0.0	3.2544442037490113	3.6827905820096443	0.11631027307202757	1.0	3	True	9	candidate_unreleased	False
holdout	antagonistic_anchor	5016	liana_hypergraph_residual	target	0.9611739482164873	0.9944444444444445	0.5238095238095238	0.05	0.0	3.2544442037490113	3.6827905820096443	0.11631027307202757	1.0	3	True	9	candidate_unreleased	False
holdout	antagonistic_anchor	5016	liana_hypergraph_residual	reference	0.9680886218228003	0.9722222222222222	0.38095238095238093	0.05	0.0	3.2544442037490113	3.6827905820096443	0.11631027307202757	1.0	3	True	9	candidate_unreleased	False
holdout	wrong_topology	5001	liana_baseline	target	0.9915372988702725	1.0	0.3333333333333333	1.0	0.1	4.17653842129115	4.1761407349331945	-9.52281982811165e-05	0.0	3	True	63	candidate_unreleased	False
holdout	wrong_topology	5001	liana_baseline	reference	0.9539825361674553	0.9722222222222223	0.5714285714285714	1.0	0.1	4.17653842129115	4.1761407349331945	-9.52281982811165e-05	0.0	3	True	63	candidate_unreleased	False
holdout	wrong_topology	5001	liana_hypergraph_residual	target	0.9915372988702725	1.0	0.3333333333333333	1.0	0.1	4.17653842129115	4.1761407349331945	-9.52281982811165e-05	0.0	3	True	63	candidate_unreleased	False
holdout	wrong_topology	5001	liana_hypergraph_residual	reference	0.9539825361674553	0.9722222222222223	0.5714285714285714	1.0	0.1	4.17653842129115	4.1761407349331945	-9.52281982811165e-05	0.0	3	True	63	candidate_unreleased	False
holdout	wrong_topology	5002	liana_baseline	target	0.9694443885183341	0.9846938775510203	0.5238095238095238	1.0	0.1	3.710791000439657	3.7099810431396056	-0.00021831844708453119	0.0	3	True	64	candidate_unreleased	False
holdout	wrong_topology	5002	liana_baseline	reference	0.9660426896331384	0.9846938775510203	0.2857142857142857	1.0	0.1	3.710791000439657	3.7099810431396056	-0.00021831844708453119	0.0	3	True	64	candidate_unreleased	False
holdout	wrong_topology	5002	liana_hypergraph_residual	target	0.9694443885183341	0.9846938775510203	0.5238095238095238	1.0	0.1	3.710791000439657	3.7099810431396056	-0.00021831844708453119	0.0	3	True	64	candidate_unreleased	False
holdout	wrong_topology	5002	liana_hypergraph_residual	reference	0.9660426896331384	0.9846938775510203	0.2857142857142857	1.0	0.1	3.710791000439657	3.7099810431396056	-0.00021831844708453119	0.0	3	True	64	candidate_unreleased	False
holdout	wrong_topology	5003	liana_baseline	target	0.9788209303426681	0.9888888888888889	0.42857142857142855	0.05	0.0	3.2200587532251945	3.2258291831454757	0.0017888206698701836	0.0	3	True	7	candidate_unreleased	False
holdout	wrong_topology	5003	liana_baseline	reference	0.9397427542714241	1.0	0.3333333333333333	0.05	0.0	3.2200587532251945	3.2258291831454757	0.0017888206698701836	0.0	3	True	7	candidate_unreleased	False
holdout	wrong_topology	5003	liana_hypergraph_residual	target	0.9788209303426681	0.9888888888888889	0.42857142857142855	0.05	0.0	3.2200587532251945	3.2258291831454757	0.0017888206698701836	0.0	3	True	7	candidate_unreleased	False
holdout	wrong_topology	5003	liana_hypergraph_residual	reference	0.9397427542714241	1.0	0.3333333333333333	0.05	0.0	3.2200587532251945	3.2258291831454757	0.0017888206698701836	0.0	3	True	7	candidate_unreleased	False
holdout	wrong_topology	5004	liana_baseline	target	0.949478487614081	1.0	0.3333333333333333	1.0	0.0	3.4165245474464023	3.4152956283659335	-0.00035982802491885124	0.0	3	True	13	candidate_unreleased	False
holdout	wrong_topology	5004	liana_baseline	reference	0.9120521172638437	0.9388888888888889	0.47619047619047616	1.0	0.0	3.4165245474464023	3.4152956283659335	-0.00035982802491885124	0.0	3	True	13	candidate_unreleased	False
holdout	wrong_topology	5004	liana_hypergraph_residual	target	0.949478487614081	1.0	0.3333333333333333	1.0	0.0	3.4165245474464023	3.4152956283659335	-0.00035982802491885124	0.0	3	True	13	candidate_unreleased	False
holdout	wrong_topology	5004	liana_hypergraph_residual	reference	0.9120521172638437	0.9388888888888889	0.47619047619047616	1.0	0.0	3.4165245474464023	3.4152956283659335	-0.00035982802491885124	0.0	3	True	13	candidate_unreleased	False
holdout	wrong_topology	5005	liana_baseline	target	0.9797861080084702	0.9642857142857142	0.6190476190476191	1.0	0.0	3.6646427944052826	3.6633131317409724	-0.00036296724208173536	0.0	3	True	13	candidate_unreleased	False
holdout	wrong_topology	5005	liana_baseline	reference	0.9043298870920335	1.0	0.6190476190476191	1.0	0.0	3.6646427944052826	3.6633131317409724	-0.00036296724208173536	0.0	3	True	13	candidate_unreleased	False
holdout	wrong_topology	5005	liana_hypergraph_residual	target	0.9797861080084702	0.9642857142857142	0.6190476190476191	1.0	0.0	3.6646427944052826	3.6633131317409724	-0.00036296724208173536	0.0	3	True	13	candidate_unreleased	False
holdout	wrong_topology	5005	liana_hypergraph_residual	reference	0.9043298870920335	1.0	0.6190476190476191	1.0	0.0	3.6646427944052826	3.6633131317409724	-0.00036296724208173536	0.0	3	True	13	candidate_unreleased	False
holdout	wrong_topology	5006	liana_baseline	target	0.9625653081608687	1.0	0.47619047619047616	0.25	0.0	3.884892825320306	3.8863075840031427	0.0003640367243858966	0.0	3	True	10	candidate_unreleased	False
holdout	wrong_topology	5006	liana_baseline	reference	0.9198967288355935	1.0	0.6190476190476191	0.25	0.0	3.884892825320306	3.8863075840031427	0.0003640367243858966	0.0	3	True	10	candidate_unreleased	False
holdout	wrong_topology	5006	liana_hypergraph_residual	target	0.9625653081608687	1.0	0.47619047619047616	0.25	0.0	3.884892825320306	3.8863075840031427	0.0003640367243858966	0.0	3	True	10	candidate_unreleased	False
holdout	wrong_topology	5006	liana_hypergraph_residual	reference	0.9198967288355935	1.0	0.6190476190476191	0.25	0.0	3.884892825320306	3.8863075840031427	0.0003640367243858966	0.0	3	True	10	candidate_unreleased	False
holdout	wrong_topology	5007	liana_baseline	target	0.8704148431367967	1.0	0.5238095238095238	0.25	0.0	4.042736025651427	4.0438153401923564	0.0002669050018683228	0.0	3	True	10	candidate_unreleased	False
holdout	wrong_topology	5007	liana_baseline	reference	0.9581427817680681	1.0	0.47619047619047616	0.25	0.0	4.042736025651427	4.0438153401923564	0.0002669050018683228	0.0	3	True	10	candidate_unreleased	False
holdout	wrong_topology	5007	liana_hypergraph_residual	target	0.8704148431367967	1.0	0.5238095238095238	0.25	0.0	4.042736025651427	4.0438153401923564	0.0002669050018683228	0.0	3	True	10	candidate_unreleased	False
holdout	wrong_topology	5007	liana_hypergraph_residual	reference	0.9581427817680681	1.0	0.47619047619047616	0.25	0.0	4.042736025651427	4.0438153401923564	0.0002669050018683228	0.0	3	True	10	candidate_unreleased	False
holdout	wrong_topology	5008	liana_baseline	target	0.9791804284556164	0.9888888888888889	0.38095238095238093	0.25	0.0	3.439321887547442	3.4413764070703277	0.0005970051746344573	0.0	3	True	10	candidate_unreleased	False
holdout	wrong_topology	5008	liana_baseline	reference	0.9495090132841034	0.9722222222222222	0.7619047619047619	0.25	0.0	3.439321887547442	3.4413764070703277	0.0005970051746344573	0.0	3	True	10	candidate_unreleased	False
holdout	wrong_topology	5008	liana_hypergraph_residual	target	0.9791804284556164	0.9888888888888889	0.38095238095238093	0.25	0.0	3.439321887547442	3.4413764070703277	0.0005970051746344573	0.0	3	True	10	candidate_unreleased	False
holdout	wrong_topology	5008	liana_hypergraph_residual	reference	0.9495090132841034	0.9722222222222222	0.7619047619047619	0.25	0.0	3.439321887547442	3.4413764070703277	0.0005970051746344573	0.0	3	True	10	candidate_unreleased	False
holdout	wrong_topology	5009	liana_baseline	target	0.9717073684556754	1.0	0.19047619047619047	1.0	0.0	3.2884042885577696	3.2885130052438774	3.305952749299568e-05	0.0	3	True	13	candidate_unreleased	False
holdout	wrong_topology	5009	liana_baseline	reference	0.7616182304641694	0.8724489795918368	0.7619047619047619	1.0	0.0	3.2884042885577696	3.2885130052438774	3.305952749299568e-05	0.0	3	True	13	candidate_unreleased	False
holdout	wrong_topology	5009	liana_hypergraph_residual	target	0.9717073684556754	1.0	0.19047619047619047	1.0	0.0	3.2884042885577696	3.2885130052438774	3.305952749299568e-05	0.0	3	True	13	candidate_unreleased	False
holdout	wrong_topology	5009	liana_hypergraph_residual	reference	0.7616182304641694	0.8724489795918368	0.7619047619047619	1.0	0.0	3.2884042885577696	3.2885130052438774	3.305952749299568e-05	0.0	3	True	13	candidate_unreleased	False
holdout	wrong_topology	5010	liana_baseline	target	0.9759116651559976	1.0	0.2857142857142857	1.0	0.0	3.4613587057235224	3.4589270599483757	-0.0007030057971741943	0.0	3	True	13	candidate_unreleased	False
holdout	wrong_topology	5010	liana_baseline	reference	0.907190317562224	0.9611111111111111	0.5238095238095238	1.0	0.0	3.4613587057235224	3.4589270599483757	-0.0007030057971741943	0.0	3	True	13	candidate_unreleased	False
holdout	wrong_topology	5010	liana_hypergraph_residual	target	0.9759116651559976	1.0	0.2857142857142857	1.0	0.0	3.4613587057235224	3.4589270599483757	-0.0007030057971741943	0.0	3	True	13	candidate_unreleased	False
holdout	wrong_topology	5010	liana_hypergraph_residual	reference	0.907190317562224	0.9611111111111111	0.5238095238095238	1.0	0.0	3.4613587057235224	3.4589270599483757	-0.0007030057971741943	0.0	3	True	13	candidate_unreleased	False
holdout	wrong_topology	5011	liana_baseline	target	0.960434941252496	0.9666666666666667	0.42857142857142855	1.0	0.1	4.352772904421174	4.350203471108305	-0.000590646697317565	0.0	3	True	42	candidate_unreleased	False
holdout	wrong_topology	5011	liana_baseline	reference	0.9172693259153051	1.0	0.42857142857142855	1.0	0.1	4.352772904421174	4.350203471108305	-0.000590646697317565	0.0	3	True	42	candidate_unreleased	False
holdout	wrong_topology	5011	liana_hypergraph_residual	target	0.960434941252496	0.9666666666666667	0.42857142857142855	1.0	0.1	4.352772904421174	4.350203471108305	-0.000590646697317565	0.0	3	True	42	candidate_unreleased	False
holdout	wrong_topology	5011	liana_hypergraph_residual	reference	0.9172693259153051	1.0	0.42857142857142855	1.0	0.1	4.352772904421174	4.350203471108305	-0.000590646697317565	0.0	3	True	42	candidate_unreleased	False
holdout	wrong_topology	5012	liana_baseline	target	0.8270019013552085	0.9055555555555556	0.7142857142857143	1.0	0.0	3.6132774695981675	3.612241345800256	-0.00028683681369079395	0.0	3	True	13	candidate_unreleased	False
holdout	wrong_topology	5012	liana_baseline	reference	0.9853613015920473	1.0	0.38095238095238093	1.0	0.0	3.6132774695981675	3.612241345800256	-0.00028683681369079395	0.0	3	True	13	candidate_unreleased	False
holdout	wrong_topology	5012	liana_hypergraph_residual	target	0.8270019013552085	0.9055555555555556	0.7142857142857143	1.0	0.0	3.6132774695981675	3.612241345800256	-0.00028683681369079395	0.0	3	True	13	candidate_unreleased	False
holdout	wrong_topology	5012	liana_hypergraph_residual	reference	0.9853613015920473	1.0	0.38095238095238093	1.0	0.0	3.6132774695981675	3.612241345800256	-0.00028683681369079395	0.0	3	True	13	candidate_unreleased	False
holdout	wrong_topology	5013	liana_baseline	target	0.9635298459379974	1.0	0.38095238095238093	1.0	0.0	4.00547897533077	4.004605778828028	-0.0002180480554063724	0.0	3	True	13	candidate_unreleased	False
holdout	wrong_topology	5013	liana_baseline	reference	0.9643445925894228	1.0	0.47619047619047616	1.0	0.0	4.00547897533077	4.004605778828028	-0.0002180480554063724	0.0	3	True	13	candidate_unreleased	False
holdout	wrong_topology	5013	liana_hypergraph_residual	target	0.9635298459379974	1.0	0.38095238095238093	1.0	0.0	4.00547897533077	4.004605778828028	-0.0002180480554063724	0.0	3	True	13	candidate_unreleased	False
holdout	wrong_topology	5013	liana_hypergraph_residual	reference	0.9643445925894228	1.0	0.47619047619047616	1.0	0.0	4.00547897533077	4.004605778828028	-0.0002180480554063724	0.0	3	True	13	candidate_unreleased	False
holdout	wrong_topology	5014	liana_baseline	target	0.9850313838099131	1.0	0.23809523809523808	0.25	0.0	3.4010140993028832	3.4028602333911455	0.0005425242183463297	0.0	3	True	10	candidate_unreleased	False
holdout	wrong_topology	5014	liana_baseline	reference	0.8598629017589557	0.9722222222222223	0.7142857142857143	0.25	0.0	3.4010140993028832	3.4028602333911455	0.0005425242183463297	0.0	3	True	10	candidate_unreleased	False
holdout	wrong_topology	5014	liana_hypergraph_residual	target	0.9850313838099131	1.0	0.23809523809523808	0.25	0.0	3.4010140993028832	3.4028602333911455	0.0005425242183463297	0.0	3	True	10	candidate_unreleased	False
holdout	wrong_topology	5014	liana_hypergraph_residual	reference	0.8598629017589557	0.9722222222222223	0.7142857142857143	0.25	0.0	3.4010140993028832	3.4028602333911455	0.0005425242183463297	0.0	3	True	10	candidate_unreleased	False
holdout	wrong_topology	5015	liana_baseline	target	0.9915309446254074	1.0	0.23809523809523808	1.0	0.0	3.4997690178613134	3.4994151116660754	-0.00010113295620683971	0.0	3	True	12	candidate_unreleased	False
holdout	wrong_topology	5015	liana_baseline	reference	0.9012788272689516	0.9777777777777779	0.7142857142857143	1.0	0.0	3.4997690178613134	3.4994151116660754	-0.00010113295620683971	0.0	3	True	12	candidate_unreleased	False
holdout	wrong_topology	5015	liana_hypergraph_residual	target	0.9915309446254074	1.0	0.23809523809523808	1.0	0.0	3.4997690178613134	3.4994151116660754	-0.00010113295620683971	0.0	3	True	12	candidate_unreleased	False
holdout	wrong_topology	5015	liana_hypergraph_residual	reference	0.9012788272689516	0.9777777777777779	0.7142857142857143	1.0	0.0	3.4997690178613134	3.4994151116660754	-0.00010113295620683971	0.0	3	True	12	candidate_unreleased	False
holdout	wrong_topology	5016	liana_baseline	target	0.9611739482164873	0.9944444444444445	0.5238095238095238	0.25	0.0	3.6807988336225486	3.6827905820096443	0.0005408258609178596	0.0	3	True	10	candidate_unreleased	False
holdout	wrong_topology	5016	liana_baseline	reference	0.9680886218228003	0.9722222222222222	0.38095238095238093	0.25	0.0	3.6807988336225486	3.6827905820096443	0.0005408258609178596	0.0	3	True	10	candidate_unreleased	False
holdout	wrong_topology	5016	liana_hypergraph_residual	target	0.9611739482164873	0.9944444444444445	0.5238095238095238	0.25	0.0	3.6807988336225486	3.6827905820096443	0.0005408258609178596	0.0	3	True	10	candidate_unreleased	False
holdout	wrong_topology	5016	liana_hypergraph_residual	reference	0.9680886218228003	0.9722222222222222	0.38095238095238093	0.25	0.0	3.6807988336225486	3.6827905820096443	0.0005408258609178596	0.0	3	True	10	candidate_unreleased	False
holdout	global_null	5001	liana_baseline	target			0.8571428571428571	1.0	0.0	1.3480398086877003	1.3459414598403565	-0.001559019400140027	0.0	3	True	21	candidate_unreleased	False
holdout	global_null	5001	liana_baseline	reference			0.9523809523809523	1.0	0.0	1.3480398086877003	1.3459414598403565	-0.001559019400140027	0.0	3	True	21	candidate_unreleased	False
holdout	global_null	5001	liana_hypergraph_residual	target			0.8571428571428571	1.0	0.0	1.3480398086877003	1.3459414598403565	-0.001559019400140027	0.0	3	True	21	candidate_unreleased	False
holdout	global_null	5001	liana_hypergraph_residual	reference			0.9523809523809523	1.0	0.0	1.3480398086877003	1.3459414598403565	-0.001559019400140027	0.0	3	True	21	candidate_unreleased	False
holdout	global_null	5002	liana_baseline	target			0.9047619047619048	1.0	0.1	1.334951061757887	1.3332354796385766	-0.0012867810266912194	0.0	3	True	55	candidate_unreleased	False
holdout	global_null	5002	liana_baseline	reference			0.9047619047619048	1.0	0.1	1.334951061757887	1.3332354796385766	-0.0012867810266912194	0.0	3	True	55	candidate_unreleased	False
holdout	global_null	5002	liana_hypergraph_residual	target			0.9047619047619048	1.0	0.1	1.334951061757887	1.3332354796385766	-0.0012867810266912194	0.0	3	True	55	candidate_unreleased	False
holdout	global_null	5002	liana_hypergraph_residual	reference			0.9047619047619048	1.0	0.1	1.334951061757887	1.3332354796385766	-0.0012867810266912194	0.0	3	True	55	candidate_unreleased	False
holdout	global_null	5003	liana_baseline	target			0.8571428571428571	0.05	0.0	1.3364459707531433	1.3394528935325705	0.0022448887855226474	0.0	3	True	8	candidate_unreleased	False
holdout	global_null	5003	liana_baseline	reference			0.9523809523809523	0.05	0.0	1.3364459707531433	1.3394528935325705	0.0022448887855226474	0.0	3	True	8	candidate_unreleased	False
holdout	global_null	5003	liana_hypergraph_residual	target			0.8571428571428571	0.05	0.0	1.3364459707531433	1.3394528935325705	0.0022448887855226474	0.0	3	True	8	candidate_unreleased	False
holdout	global_null	5003	liana_hypergraph_residual	reference			0.9523809523809523	0.05	0.0	1.3364459707531433	1.3394528935325705	0.0022448887855226474	0.0	3	True	8	candidate_unreleased	False
holdout	global_null	5004	liana_baseline	target			0.8095238095238095	0.25	0.0	1.3937766248625134	1.3943525888402055	0.0004130691062661507	0.0	3	True	14	candidate_unreleased	False
holdout	global_null	5004	liana_baseline	reference			0.9047619047619048	0.25	0.0	1.3937766248625134	1.3943525888402055	0.0004130691062661507	0.0	3	True	14	candidate_unreleased	False
holdout	global_null	5004	liana_hypergraph_residual	target			0.8095238095238095	0.25	0.0	1.3937766248625134	1.3943525888402055	0.0004130691062661507	0.0	3	True	14	candidate_unreleased	False
holdout	global_null	5004	liana_hypergraph_residual	reference			0.9047619047619048	0.25	0.0	1.3937766248625134	1.3943525888402055	0.0004130691062661507	0.0	3	True	14	candidate_unreleased	False
holdout	global_null	5005	liana_baseline	target			0.9523809523809523	0.05	0.0	1.3122416574933053	1.3138821391566344	0.0012485759676907904	0.0	3	True	8	candidate_unreleased	False
holdout	global_null	5005	liana_baseline	reference			0.8571428571428571	0.05	0.0	1.3122416574933053	1.3138821391566344	0.0012485759676907904	0.0	3	True	8	candidate_unreleased	False
holdout	global_null	5005	liana_hypergraph_residual	target			0.9523809523809523	0.05	0.0	1.3122416574933053	1.3138821391566344	0.0012485759676907904	0.0	3	True	8	candidate_unreleased	False
holdout	global_null	5005	liana_hypergraph_residual	reference			0.8571428571428571	0.05	0.0	1.3122416574933053	1.3138821391566344	0.0012485759676907904	0.0	3	True	8	candidate_unreleased	False
holdout	global_null	5006	liana_baseline	target			0.9523809523809523	1.0	0.0	1.3740975100086028	1.3740552775701704	-3.0735618225641304e-05	0.0	3	True	21	candidate_unreleased	False
holdout	global_null	5006	liana_baseline	reference			0.9523809523809523	1.0	0.0	1.3740975100086028	1.3740552775701704	-3.0735618225641304e-05	0.0	3	True	21	candidate_unreleased	False
holdout	global_null	5006	liana_hypergraph_residual	target			0.9523809523809523	1.0	0.0	1.3740975100086028	1.3740552775701704	-3.0735618225641304e-05	0.0	3	True	21	candidate_unreleased	False
holdout	global_null	5006	liana_hypergraph_residual	reference			0.9523809523809523	1.0	0.0	1.3740975100086028	1.3740552775701704	-3.0735618225641304e-05	0.0	3	True	21	candidate_unreleased	False
holdout	global_null	5007	liana_baseline	target			0.9047619047619048	1.0	0.0	1.4362862986781035	1.4362350514737279	-3.568162768563532e-05	0.0	3	True	21	candidate_unreleased	False
holdout	global_null	5007	liana_baseline	reference			0.8571428571428571	1.0	0.0	1.4362862986781035	1.4362350514737279	-3.568162768563532e-05	0.0	3	True	21	candidate_unreleased	False
holdout	global_null	5007	liana_hypergraph_residual	target			0.9047619047619048	1.0	0.0	1.4362862986781035	1.4362350514737279	-3.568162768563532e-05	0.0	3	True	21	candidate_unreleased	False
holdout	global_null	5007	liana_hypergraph_residual	reference			0.8571428571428571	1.0	0.0	1.4362862986781035	1.4362350514737279	-3.568162768563532e-05	0.0	3	True	21	candidate_unreleased	False
holdout	global_null	5008	liana_baseline	target			1.0	1.0	0.1	1.3450419025224252	1.3449616639147945	-5.965865777701751e-05	0.0	3	True	53	candidate_unreleased	False
holdout	global_null	5008	liana_baseline	reference			1.0	1.0	0.1	1.3450419025224252	1.3449616639147945	-5.965865777701751e-05	0.0	3	True	53	candidate_unreleased	False
holdout	global_null	5008	liana_hypergraph_residual	target			1.0	1.0	0.1	1.3450419025224252	1.3449616639147945	-5.965865777701751e-05	0.0	3	True	53	candidate_unreleased	False
holdout	global_null	5008	liana_hypergraph_residual	reference			1.0	1.0	0.1	1.3450419025224252	1.3449616639147945	-5.965865777701751e-05	0.0	3	True	53	candidate_unreleased	False
holdout	global_null	5009	liana_baseline	target			0.9523809523809523	1.0	0.1	1.3376840534921095	1.3389837201499108	0.0009706366389995447	0.0	3	True	54	candidate_unreleased	False
holdout	global_null	5009	liana_baseline	reference			0.8571428571428571	1.0	0.1	1.3376840534921095	1.3389837201499108	0.0009706366389995447	0.0	3	True	54	candidate_unreleased	False
holdout	global_null	5009	liana_hypergraph_residual	target			0.9523809523809523	1.0	0.1	1.3376840534921095	1.3389837201499108	0.0009706366389995447	0.0	3	True	54	candidate_unreleased	False
holdout	global_null	5009	liana_hypergraph_residual	reference			0.8571428571428571	1.0	0.1	1.3376840534921095	1.3389837201499108	0.0009706366389995447	0.0	3	True	54	candidate_unreleased	False
holdout	global_null	5010	liana_baseline	target			0.8571428571428571	1.0	0.1	1.3130785576419621	1.3112155347105672	-0.001420836530743319	0.0	3	True	54	candidate_unreleased	False
holdout	global_null	5010	liana_baseline	reference			0.9047619047619048	1.0	0.1	1.3130785576419621	1.3112155347105672	-0.001420836530743319	0.0	3	True	54	candidate_unreleased	False
holdout	global_null	5010	liana_hypergraph_residual	target			0.8571428571428571	1.0	0.1	1.3130785576419621	1.3112155347105672	-0.001420836530743319	0.0	3	True	54	candidate_unreleased	False
holdout	global_null	5010	liana_hypergraph_residual	reference			0.9047619047619048	1.0	0.1	1.3130785576419621	1.3112155347105672	-0.001420836530743319	0.0	3	True	54	candidate_unreleased	False
holdout	global_null	5011	liana_baseline	target			0.9523809523809523	1.0	0.25	1.3719073197374652	1.3731331224363164	0.00089270492337723	0.0	3	True	43	candidate_unreleased	False
holdout	global_null	5011	liana_baseline	reference			0.8571428571428571	1.0	0.25	1.3719073197374652	1.3731331224363164	0.00089270492337723	0.0	3	True	43	candidate_unreleased	False
holdout	global_null	5011	liana_hypergraph_residual	target			0.9523809523809523	1.0	0.25	1.3719073197374652	1.3731331224363164	0.00089270492337723	0.0	3	True	43	candidate_unreleased	False
holdout	global_null	5011	liana_hypergraph_residual	reference			0.8571428571428571	1.0	0.25	1.3719073197374652	1.3731331224363164	0.00089270492337723	0.0	3	True	43	candidate_unreleased	False
holdout	global_null	5012	liana_baseline	target			0.9047619047619048	0.05	0.0	1.3478562541412822	1.3502962654978545	0.0018070192586014944	0.0	3	True	8	candidate_unreleased	False
holdout	global_null	5012	liana_baseline	reference			0.8571428571428571	0.05	0.0	1.3478562541412822	1.3502962654978545	0.0018070192586014944	0.0	3	True	8	candidate_unreleased	False
holdout	global_null	5012	liana_hypergraph_residual	target			0.9047619047619048	0.05	0.0	1.3478562541412822	1.3502962654978545	0.0018070192586014944	0.0	3	True	8	candidate_unreleased	False
holdout	global_null	5012	liana_hypergraph_residual	reference			0.8571428571428571	0.05	0.0	1.3478562541412822	1.3502962654978545	0.0018070192586014944	0.0	3	True	8	candidate_unreleased	False
holdout	global_null	5013	liana_baseline	target			0.9047619047619048	1.0	0.0	1.3232361590468122	1.3222449147172304	-0.0007496677193072898	0.0	3	True	22	candidate_unreleased	False
holdout	global_null	5013	liana_baseline	reference			0.8571428571428571	1.0	0.0	1.3232361590468122	1.3222449147172304	-0.0007496677193072898	0.0	3	True	22	candidate_unreleased	False
holdout	global_null	5013	liana_hypergraph_residual	target			0.9047619047619048	1.0	0.0	1.3232361590468122	1.3222449147172304	-0.0007496677193072898	0.0	3	True	22	candidate_unreleased	False
holdout	global_null	5013	liana_hypergraph_residual	reference			0.8571428571428571	1.0	0.0	1.3232361590468122	1.3222449147172304	-0.0007496677193072898	0.0	3	True	22	candidate_unreleased	False
holdout	global_null	5014	liana_baseline	target			1.0	1.0	0.0	1.3086911471447698	1.3079443712126717	-0.0005709538941671699	0.0	3	True	22	candidate_unreleased	False
holdout	global_null	5014	liana_baseline	reference			0.9523809523809523	1.0	0.0	1.3086911471447698	1.3079443712126717	-0.0005709538941671699	0.0	3	True	22	candidate_unreleased	False
holdout	global_null	5014	liana_hypergraph_residual	target			1.0	1.0	0.0	1.3086911471447698	1.3079443712126717	-0.0005709538941671699	0.0	3	True	22	candidate_unreleased	False
holdout	global_null	5014	liana_hypergraph_residual	reference			0.9523809523809523	1.0	0.0	1.3086911471447698	1.3079443712126717	-0.0005709538941671699	0.0	3	True	22	candidate_unreleased	False
holdout	global_null	5015	liana_baseline	target			0.8571428571428571	1.0	0.1	1.2866005317633145	1.2859278744488611	-0.0005230910129712107	0.0	3	True	54	candidate_unreleased	False
holdout	global_null	5015	liana_baseline	reference			0.9523809523809523	1.0	0.1	1.2866005317633145	1.2859278744488611	-0.0005230910129712107	0.0	3	True	54	candidate_unreleased	False
holdout	global_null	5015	liana_hypergraph_residual	target			0.8571428571428571	1.0	0.1	1.2866005317633145	1.2859278744488611	-0.0005230910129712107	0.0	3	True	54	candidate_unreleased	False
holdout	global_null	5015	liana_hypergraph_residual	reference			0.9523809523809523	1.0	0.1	1.2866005317633145	1.2859278744488611	-0.0005230910129712107	0.0	3	True	54	candidate_unreleased	False
holdout	global_null	5016	liana_baseline	target			0.9047619047619048	1.0	0.0	1.3265628854072555	1.3260256959296857	-0.00040511241917773333	0.0	3	True	21	candidate_unreleased	False
holdout	global_null	5016	liana_baseline	reference			0.9523809523809523	1.0	0.0	1.3265628854072555	1.3260256959296857	-0.00040511241917773333	0.0	3	True	21	candidate_unreleased	False
holdout	global_null	5016	liana_hypergraph_residual	target			0.9047619047619048	1.0	0.0	1.3265628854072555	1.3260256959296857	-0.00040511241917773333	0.0	3	True	21	candidate_unreleased	False
holdout	global_null	5016	liana_hypergraph_residual	reference			0.9523809523809523	1.0	0.0	1.3265628854072555	1.3260256959296857	-0.00040511241917773333	0.0	3	True	21	candidate_unreleased	False
