split	scenario	seed	direction	candidate	candidate_priority	pair_rank_spearman	top_quartile_auroc	tie_fraction	reconstruction_rank	reconstruction_shrinkage	reconstruction_relative_improvement	reconstruction_reliability	occurrence_effective_alpha	magnitude_effective_alpha	occurrence_estimable_fraction
development	occurrence_helpful	1301	target	raw_rc6_reference	0	0.9150690841356521	0.9666666666666667	0.0	0	0.0	0.0	0.0	0.48888888888888893	0.023404255319148914	1.0
development	occurrence_helpful	1301	reference	raw_rc6_reference	0	0.7085244465885925	0.888888888888889	0.0	0	0.0	0.0	0.0	0.48888888888888893	0.023404255319148914	1.0
development	occurrence_helpful	1301	target	rank1_shrink05	1	0.8935916447498226	0.9555555555555556	0.0	1	0.5	0.020482055195246596	0.2620513798811649	0.48888888888888893	0.023404255319148914	1.0
development	occurrence_helpful	1301	reference	rank1_shrink05	1	0.7085244465885925	0.888888888888889	0.0	1	0.5	0.020482055195246596	0.2620513798811649	0.48888888888888893	0.023404255319148914	1.0
development	occurrence_helpful	1301	target	rank1_shrink10	2	0.8935916447498226	0.9555555555555556	0.0	1	1.0	0.027309406926995572	0.43273517317488924	0.48888888888888893	0.023404255319148914	1.0
development	occurrence_helpful	1301	reference	rank1_shrink10	2	0.7085244465885925	0.888888888888889	0.0	1	1.0	0.027309406926995572	0.43273517317488924	0.48888888888888893	0.023404255319148914	1.0
development	occurrence_helpful	1301	target	rank2_shrink05	3	0.8935916447498226	0.9555555555555556	0.0	2	0.5	0.021060753671222288	0.2765188417805572	0.48888888888888893	0.023404255319148914	1.0
development	occurrence_helpful	1301	reference	rank2_shrink05	3	0.7085244465885925	0.888888888888889	0.0	2	0.5	0.021060753671222288	0.2765188417805572	0.48888888888888893	0.023404255319148914	1.0
development	occurrence_helpful	1301	target	rank2_shrink10	4	0.8935916447498226	0.9555555555555556	0.0	2	1.0	0.028081004894963568	0.45202512237408915	0.48888888888888893	0.023404255319148914	1.0
development	occurrence_helpful	1301	reference	rank2_shrink10	4	0.7085244465885925	0.888888888888889	0.0	2	1.0	0.028081004894963568	0.45202512237408915	0.48888888888888893	0.023404255319148914	1.0
development	occurrence_helpful	1301	target	rank3_shrink05	5	0.8935916447498226	0.9555555555555556	0.0	3	0.5	0.021233613307229504	0.2808403326807376	0.48888888888888893	0.023404255319148914	1.0
development	occurrence_helpful	1301	reference	rank3_shrink05	5	0.7085244465885925	0.888888888888889	0.0	3	0.5	0.021233613307229504	0.2808403326807376	0.48888888888888893	0.023404255319148914	1.0
development	occurrence_helpful	1301	target	rank3_shrink10	6	0.8935916447498226	0.9555555555555556	0.0	3	1.0	0.02831148440963971	0.45778711024099267	0.48888888888888893	0.023404255319148914	1.0
development	occurrence_helpful	1301	reference	rank3_shrink10	6	0.7085244465885925	0.888888888888889	0.0	3	1.0	0.02831148440963971	0.45778711024099267	0.48888888888888893	0.023404255319148914	1.0
development	occurrence_helpful	1302	target	raw_rc6_reference	0	0.8760191943432345	0.9897959183673469	0.0	0	0.0	0.0	0.0	0.5555555555555554	0.0078125	1.0
development	occurrence_helpful	1302	reference	raw_rc6_reference	0	0.7732124465312433	0.9	0.0	0	0.0	0.0	0.0	0.5555555555555554	0.0078125	1.0
development	occurrence_helpful	1302	target	rank1_shrink05	1	0.8760191943432345	0.9897959183673469	0.0	1	0.5	0.01918379274031423	0.2295948185078558	0.5555555555555554	0.0078125	1.0
development	occurrence_helpful	1302	reference	rank1_shrink05	1	0.7542680399465396	0.8909090909090909	0.0	1	0.5	0.01918379274031423	0.2295948185078558	0.5555555555555554	0.0078125	1.0
development	occurrence_helpful	1302	target	rank1_shrink10	2	0.8760191943432345	0.9897959183673469	0.0	1	1.0	0.025578390320418865	0.3894597580104716	0.5555555555555554	0.0078125	1.0
development	occurrence_helpful	1302	reference	rank1_shrink10	2	0.7661959996480198	0.9	0.0	1	1.0	0.025578390320418865	0.3894597580104716	0.5555555555555554	0.0078125	1.0
development	occurrence_helpful	1302	target	rank2_shrink05	3	0.8760191943432345	0.9897959183673469	0.0	2	0.5	0.019633406823797883	0.24083517059494708	0.5555555555555554	0.0078125	1.0
development	occurrence_helpful	1302	reference	rank2_shrink05	3	0.7542680399465396	0.8909090909090909	0.0	2	0.5	0.019633406823797883	0.24083517059494708	0.5555555555555554	0.0078125	1.0
development	occurrence_helpful	1302	target	rank2_shrink10	4	0.8760191943432345	0.9897959183673469	0.0	2	1.0	0.02617787576506425	0.4044468941266062	0.5555555555555554	0.0078125	1.0
development	occurrence_helpful	1302	reference	rank2_shrink10	4	0.7661959996480198	0.9	0.0	2	1.0	0.02617787576506425	0.4044468941266062	0.5555555555555554	0.0078125	1.0
development	occurrence_helpful	1302	target	rank3_shrink05	5	0.8760191943432345	0.9897959183673469	0.0	3	0.5	0.01967548316281864	0.24188707907046603	0.5555555555555554	0.0078125	1.0
development	occurrence_helpful	1302	reference	rank3_shrink05	5	0.7542680399465396	0.8909090909090909	0.0	3	0.5	0.01967548316281864	0.24188707907046603	0.5555555555555554	0.0078125	1.0
development	occurrence_helpful	1302	target	rank3_shrink10	6	0.8760191943432345	0.9897959183673469	0.0	3	1.0	0.02623397755042456	0.4058494387606139	0.5555555555555554	0.0078125	1.0
development	occurrence_helpful	1302	reference	rank3_shrink10	6	0.7661959996480198	0.9	0.0	3	1.0	0.02623397755042456	0.4058494387606139	0.5555555555555554	0.0078125	1.0
development	occurrence_helpful	1303	target	raw_rc6_reference	0	0.8159442297294933	0.9111111111111112	0.0	0	0.0	0.0	0.0	0.5796296296296295	0.0	1.0
development	occurrence_helpful	1303	reference	raw_rc6_reference	0	0.7881743054366815	0.9666666666666667	0.0	0	0.0	0.0	0.0	0.5796296296296295	0.0	1.0
development	occurrence_helpful	1303	target	rank1_shrink05	1	0.8159442297294933	0.9111111111111112	0.0	1	0.5	0.025055036018440058	0.37637590046100144	0.5796296296296295	0.0	1.0
development	occurrence_helpful	1303	reference	rank1_shrink05	1	0.7894738508702126	0.9666666666666667	0.0	1	0.5	0.025055036018440058	0.37637590046100144	0.5796296296296295	0.0	1.0
development	occurrence_helpful	1303	target	rank1_shrink10	2	0.8132929081056769	0.9111111111111112	0.0	1	1.0	0.03340671469125356	0.5851678672813388	0.5796296296296295	0.0	1.0
development	occurrence_helpful	1303	reference	rank1_shrink10	2	0.7894738508702126	0.9666666666666667	0.0	1	1.0	0.03340671469125356	0.5851678672813388	0.5796296296296295	0.0	1.0
development	occurrence_helpful	1303	target	rank2_shrink05	3	0.8132929081056769	0.9111111111111112	0.0	2	0.5	0.026775779319294646	0.4193944829823661	0.5796296296296295	0.0	1.0
development	occurrence_helpful	1303	reference	rank2_shrink05	3	0.7894738508702126	0.9666666666666667	0.0	2	0.5	0.026775779319294646	0.4193944829823661	0.5796296296296295	0.0	1.0
development	occurrence_helpful	1303	target	rank2_shrink10	4	0.8132929081056769	0.9111111111111112	0.0	2	1.0	0.03570103909239297	0.6425259773098242	0.5796296296296295	0.0	1.0
development	occurrence_helpful	1303	reference	rank2_shrink10	4	0.7894738508702126	0.9666666666666667	0.0	2	1.0	0.03570103909239297	0.6425259773098242	0.5796296296296295	0.0	1.0
development	occurrence_helpful	1303	target	rank3_shrink05	5	0.8132929081056769	0.9111111111111112	0.0	3	0.5	0.02699432705992888	0.42485817649822194	0.5796296296296295	0.0	1.0
development	occurrence_helpful	1303	reference	rank3_shrink05	5	0.7894738508702126	0.9666666666666667	0.0	3	0.5	0.02699432705992888	0.42485817649822194	0.5796296296296295	0.0	1.0
development	occurrence_helpful	1303	target	rank3_shrink10	6	0.8132929081056769	0.9111111111111112	0.0	3	1.0	0.03599243607990499	0.6498109019976246	0.5796296296296295	0.0	1.0
development	occurrence_helpful	1303	reference	rank3_shrink10	6	0.7894738508702126	0.9666666666666667	0.0	3	1.0	0.03599243607990499	0.6498109019976246	0.5796296296296295	0.0	1.0
development	occurrence_helpful	1304	target	raw_rc6_reference	0	0.7812801335491435	0.9888888888888889	0.0	0	0.0	0.0	0.0	0.49259259259259247	0.014384349827387788	1.0
development	occurrence_helpful	1304	reference	raw_rc6_reference	0	0.87747848010416	0.9111111111111112	0.0	0	0.0	0.0	0.0	0.49259259259259247	0.014384349827387788	1.0
development	occurrence_helpful	1304	target	rank1_shrink05	1	0.7714403333784994	0.9888888888888889	0.0	1	0.5	0.02745673038398988	0.43641825959974695	0.49259259259259247	0.014384349827387788	1.0
development	occurrence_helpful	1304	reference	rank1_shrink05	1	0.87747848010416	0.9111111111111112	0.0	1	0.5	0.02745673038398988	0.43641825959974695	0.49259259259259247	0.014384349827387788	1.0
development	occurrence_helpful	1304	target	rank1_shrink10	2	0.7688163866663276	0.9888888888888889	0.0	1	1.0	0.036608973845320136	0.6652243461330033	0.49259259259259247	0.014384349827387788	1.0
development	occurrence_helpful	1304	reference	rank1_shrink10	2	0.87747848010416	0.9111111111111112	0.0	1	1.0	0.036608973845320136	0.6652243461330033	0.49259259259259247	0.014384349827387788	1.0
development	occurrence_helpful	1304	target	rank2_shrink05	3	0.7714403333784994	0.9888888888888889	0.0	2	0.5	0.027831579726779743	0.4457894931694935	0.49259259259259247	0.014384349827387788	1.0
development	occurrence_helpful	1304	reference	rank2_shrink05	3	0.87747848010416	0.9111111111111112	0.0	2	0.5	0.027831579726779743	0.4457894931694935	0.49259259259259247	0.014384349827387788	1.0
development	occurrence_helpful	1304	target	rank2_shrink10	4	0.7688163866663276	0.9888888888888889	0.0	2	1.0	0.037108772969039805	0.677719324225995	0.49259259259259247	0.014384349827387788	1.0
development	occurrence_helpful	1304	reference	rank2_shrink10	4	0.87747848010416	0.9111111111111112	0.0	2	1.0	0.037108772969039805	0.677719324225995	0.49259259259259247	0.014384349827387788	1.0
development	occurrence_helpful	1304	target	rank3_shrink05	5	0.7714403333784994	0.9888888888888889	0.0	3	0.5	0.028079527949928962	0.451988198748224	0.49259259259259247	0.014384349827387788	1.0
development	occurrence_helpful	1304	reference	rank3_shrink05	5	0.87747848010416	0.9111111111111112	0.0	3	0.5	0.028079527949928962	0.451988198748224	0.49259259259259247	0.014384349827387788	1.0
development	occurrence_helpful	1304	target	rank3_shrink10	6	0.7714403333784994	0.9888888888888889	0.0	3	1.0	0.03743937059990565	0.6859842649976412	0.49259259259259247	0.014384349827387788	1.0
development	occurrence_helpful	1304	reference	rank3_shrink10	6	0.87747848010416	0.9111111111111112	0.0	3	1.0	0.03743937059990565	0.6859842649976412	0.49259259259259247	0.014384349827387788	1.0
development	occurrence_helpful	1305	target	raw_rc6_reference	0	0.6437481767735446	0.888888888888889	0.0	0	0.0	0.0	0.0	0.5370370370370372	0.036500579374275754	1.0
development	occurrence_helpful	1305	reference	raw_rc6_reference	0	0.9493506493506494	0.9777777777777779	0.0	0	0.0	0.0	0.0	0.5370370370370372	0.036500579374275754	1.0
development	occurrence_helpful	1305	target	rank1_shrink05	1	0.6543129717971805	0.888888888888889	0.0	1	0.5	0.029852130334426574	0.4963032583606643	0.5370370370370372	0.036500579374275754	1.0
development	occurrence_helpful	1305	reference	rank1_shrink05	1	0.9571428571428571	0.9777777777777779	0.0	1	0.5	0.029852130334426574	0.4963032583606643	0.5370370370370372	0.036500579374275754	1.0
development	occurrence_helpful	1305	target	rank1_shrink10	2	0.6543129717971805	0.888888888888889	0.0	1	1.0	0.03980284044590254	0.7450710111475635	0.5370370370370372	0.036500579374275754	1.0
development	occurrence_helpful	1305	reference	rank1_shrink10	2	0.9571428571428571	0.9777777777777779	0.0	1	1.0	0.03980284044590254	0.7450710111475635	0.5370370370370372	0.036500579374275754	1.0
development	occurrence_helpful	1305	target	rank2_shrink05	3	0.6543129717971805	0.888888888888889	0.0	2	0.5	0.030016550956275312	0.5004137739068827	0.5370370370370372	0.036500579374275754	1.0
development	occurrence_helpful	1305	reference	rank2_shrink05	3	0.9571428571428571	0.9777777777777779	0.0	2	0.5	0.030016550956275312	0.5004137739068827	0.5370370370370372	0.036500579374275754	1.0
development	occurrence_helpful	1305	target	rank2_shrink10	4	0.6543129717971805	0.888888888888889	0.0	2	1.0	0.04002206794170071	0.7505516985425177	0.5370370370370372	0.036500579374275754	1.0
development	occurrence_helpful	1305	reference	rank2_shrink10	4	0.9571428571428571	0.9777777777777779	0.0	2	1.0	0.04002206794170071	0.7505516985425177	0.5370370370370372	0.036500579374275754	1.0
development	occurrence_helpful	1305	target	rank3_shrink05	5	0.6543129717971805	0.888888888888889	0.0	3	0.5	0.030637641816345873	0.5159410454086467	0.5370370370370372	0.036500579374275754	1.0
development	occurrence_helpful	1305	reference	rank3_shrink05	5	0.9571428571428571	0.9777777777777779	0.0	3	0.5	0.030637641816345873	0.5159410454086467	0.5370370370370372	0.036500579374275754	1.0
development	occurrence_helpful	1305	target	rank3_shrink10	6	0.6543129717971805	0.888888888888889	0.0	3	1.0	0.04085018908846105	0.7712547272115262	0.5370370370370372	0.036500579374275754	1.0
development	occurrence_helpful	1305	reference	rank3_shrink10	6	0.9571428571428571	0.9777777777777779	0.0	3	1.0	0.04085018908846105	0.7712547272115262	0.5370370370370372	0.036500579374275754	1.0
development	occurrence_helpful	1306	target	raw_rc6_reference	0	0.941826901978465	1.0	0.0	0	0.0	0.0	0.0	0.5296296296296297	0.0	1.0
development	occurrence_helpful	1306	reference	raw_rc6_reference	0	0.7886494815840628	0.8555555555555555	0.0	0	0.0	0.0	0.0	0.5296296296296297	0.0	1.0
development	occurrence_helpful	1306	target	rank1_shrink05	1	0.9444268382158106	1.0	0.0	1	0.5	0.013827326739481172	0.09568316848702928	0.5296296296296297	0.0	1.0
development	occurrence_helpful	1306	reference	rank1_shrink05	1	0.7886494815840628	0.8555555555555555	0.0	1	0.5	0.013827326739481172	0.09568316848702928	0.5296296296296297	0.0	1.0
development	occurrence_helpful	1306	target	rank1_shrink10	2	0.9444268382158106	1.0	0.0	1	1.0	0.018436435652641747	0.21091089131604368	0.5296296296296297	0.0	1.0
development	occurrence_helpful	1306	reference	rank1_shrink10	2	0.7886494815840628	0.8555555555555555	0.0	1	1.0	0.018436435652641747	0.21091089131604368	0.5296296296296297	0.0	1.0
development	occurrence_helpful	1306	target	rank2_shrink05	3	0.9444268382158106	1.0	0.0	2	0.5	0.014486713616848168	0.11216784042120419	0.5296296296296297	0.0	1.0
development	occurrence_helpful	1306	reference	rank2_shrink05	3	0.7886494815840628	0.8555555555555555	0.0	2	0.5	0.014486713616848168	0.11216784042120419	0.5296296296296297	0.0	1.0
development	occurrence_helpful	1306	target	rank2_shrink10	4	0.9405269338597922	1.0	0.0	2	1.0	0.01931561815579763	0.23289045389494079	0.5296296296296297	0.0	1.0
development	occurrence_helpful	1306	reference	rank2_shrink10	4	0.7886494815840628	0.8555555555555555	0.0	2	1.0	0.01931561815579763	0.23289045389494079	0.5296296296296297	0.0	1.0
development	occurrence_helpful	1306	target	rank3_shrink05	5	0.9444268382158106	1.0	0.0	3	0.5	0.015416862060160907	0.13542155150402269	0.5296296296296297	0.0	1.0
development	occurrence_helpful	1306	reference	rank3_shrink05	5	0.7886494815840628	0.8555555555555555	0.0	3	0.5	0.015416862060160907	0.13542155150402269	0.5296296296296297	0.0	1.0
development	occurrence_helpful	1306	target	rank3_shrink10	6	0.9405269338597922	1.0	0.0	3	1.0	0.02055581608021484	0.263895402005371	0.5296296296296297	0.0	1.0
development	occurrence_helpful	1306	reference	rank3_shrink10	6	0.7886494815840628	0.8555555555555555	0.0	3	1.0	0.02055581608021484	0.263895402005371	0.5296296296296297	0.0	1.0
development	occurrence_helpful	1307	target	raw_rc6_reference	0	0.22927676499622554		0.0	0	0.0	0.0	0.0	0.574074074074074	0.011258278145695355	1.0
development	occurrence_helpful	1307	reference	raw_rc6_reference	0	0.9470267744531564	0.9387755102040816	0.0	0	0.0	0.0	0.0	0.574074074074074	0.011258278145695355	1.0
development	occurrence_helpful	1307	target	rank1_shrink05	1	0.2783313286698366		0.0	1	0.5	0.028859862143256754	0.4714965535814188	0.574074074074074	0.011258278145695355	1.0
development	occurrence_helpful	1307	reference	rank1_shrink05	1	0.9372770135631101	0.9387755102040816	0.0	1	0.5	0.028859862143256754	0.4714965535814188	0.574074074074074	0.011258278145695355	1.0
development	occurrence_helpful	1307	target	rank1_shrink10	2	0.2783313286698366		0.0	1	1.0	0.03847981619100871	0.7119954047752176	0.574074074074074	0.011258278145695355	1.0
development	occurrence_helpful	1307	reference	rank1_shrink10	2	0.9353270613851008	0.9387755102040816	0.0	1	1.0	0.03847981619100871	0.7119954047752176	0.574074074074074	0.011258278145695355	1.0
development	occurrence_helpful	1307	target	rank2_shrink05	3	0.2783313286698366		0.0	2	0.5	0.029407530055882924	0.48518825139707306	0.574074074074074	0.011258278145695355	1.0
development	occurrence_helpful	1307	reference	rank2_shrink05	3	0.9372770135631101	0.9387755102040816	0.0	2	0.5	0.029407530055882924	0.48518825139707306	0.574074074074074	0.011258278145695355	1.0
development	occurrence_helpful	1307	target	rank2_shrink10	4	0.2783313286698366		0.0	2	1.0	0.039210040074510455	0.7302510018627613	0.574074074074074	0.011258278145695355	1.0
development	occurrence_helpful	1307	reference	rank2_shrink10	4	0.9353270613851008	0.9387755102040816	0.0	2	1.0	0.039210040074510455	0.7302510018627613	0.574074074074074	0.011258278145695355	1.0
development	occurrence_helpful	1307	target	rank3_shrink05	5	0.2783313286698366		0.0	3	0.5	0.02947306184592169	0.48682654614804216	0.574074074074074	0.011258278145695355	1.0
development	occurrence_helpful	1307	reference	rank3_shrink05	5	0.9372770135631101	0.9387755102040816	0.0	3	0.5	0.02947306184592169	0.48682654614804216	0.574074074074074	0.011258278145695355	1.0
development	occurrence_helpful	1307	target	rank3_shrink10	6	0.2783313286698366		0.0	3	1.0	0.039297415794562585	0.7324353948640645	0.574074074074074	0.011258278145695355	1.0
development	occurrence_helpful	1307	reference	rank3_shrink10	6	0.9353270613851008	0.9387755102040816	0.0	3	1.0	0.039297415794562585	0.7324353948640645	0.574074074074074	0.011258278145695355	1.0
development	occurrence_helpful	1308	target	raw_rc6_reference	0	0.9356727121424743	1.0	0.0	0	0.0	0.0	0.0	0.4648148148148148	0.0043177892918825345	1.0
development	occurrence_helpful	1308	reference	raw_rc6_reference	0	0.6068869544910205	0.7333333333333334	0.0	0	0.0	0.0	0.0	0.4648148148148148	0.0043177892918825345	1.0
development	occurrence_helpful	1308	target	rank1_shrink05	1	0.9356727121424743	1.0	0.0	1	0.5	0.019513265827072357	0.23783164567680892	0.4648148148148148	0.0043177892918825345	1.0
development	occurrence_helpful	1308	reference	rank1_shrink05	1	0.6068869544910205	0.7333333333333334	0.0	1	0.5	0.019513265827072357	0.23783164567680892	0.4648148148148148	0.0043177892918825345	1.0
development	occurrence_helpful	1308	target	rank1_shrink10	2	0.9356727121424743	1.0	0.0	1	1.0	0.02601768776943003	0.4004421942357507	0.4648148148148148	0.0043177892918825345	1.0
development	occurrence_helpful	1308	reference	rank1_shrink10	2	0.6068869544910205	0.7333333333333334	0.0	1	1.0	0.02601768776943003	0.4004421942357507	0.4648148148148148	0.0043177892918825345	1.0
development	occurrence_helpful	1308	target	rank2_shrink05	3	0.9356727121424743	1.0	0.0	2	0.5	0.020107471657629605	0.25268679144074013	0.4648148148148148	0.0043177892918825345	1.0
development	occurrence_helpful	1308	reference	rank2_shrink05	3	0.6068869544910205	0.7333333333333334	0.0	2	0.5	0.020107471657629605	0.25268679144074013	0.4648148148148148	0.0043177892918825345	1.0
development	occurrence_helpful	1308	target	rank2_shrink10	4	0.9356727121424743	1.0	0.0	2	1.0	0.026809962210173288	0.42024905525433215	0.4648148148148148	0.0043177892918825345	1.0
development	occurrence_helpful	1308	reference	rank2_shrink10	4	0.6068869544910205	0.7333333333333334	0.0	2	1.0	0.026809962210173288	0.42024905525433215	0.4648148148148148	0.0043177892918825345	1.0
development	occurrence_helpful	1308	target	rank3_shrink05	5	0.9356727121424743	1.0	0.0	3	0.5	0.020395253700400073	0.25988134251000183	0.4648148148148148	0.0043177892918825345	1.0
development	occurrence_helpful	1308	reference	rank3_shrink05	5	0.6068869544910205	0.7333333333333334	0.0	3	0.5	0.020395253700400073	0.25988134251000183	0.4648148148148148	0.0043177892918825345	1.0
development	occurrence_helpful	1308	target	rank3_shrink10	6	0.9356727121424743	1.0	0.0	3	1.0	0.027193671600533653	0.4298417900133413	0.4648148148148148	0.0043177892918825345	1.0
development	occurrence_helpful	1308	reference	rank3_shrink10	6	0.6068869544910205	0.7333333333333334	0.0	3	1.0	0.027193671600533653	0.4298417900133413	0.4648148148148148	0.0043177892918825345	1.0
development	occurrence_helpful	1309	target	raw_rc6_reference	0	0.7125074857485748	0.8222222222222223	0.0	0	0.0	0.0	0.0	0.5055555555555555	0.0	1.0
development	occurrence_helpful	1309	reference	raw_rc6_reference	0	0.9081481403014846	0.9666666666666667	0.0	0	0.0	0.0	0.0	0.5055555555555555	0.0	1.0
development	occurrence_helpful	1309	target	rank1_shrink05	1	0.7197377277626287	0.8222222222222223	0.0	1	0.5	0.021292234306357183	0.28230585765892957	0.5055555555555555	0.0	1.0
development	occurrence_helpful	1309	reference	rank1_shrink05	1	0.9185716483680726	0.9666666666666667	0.0	1	0.5	0.021292234306357183	0.28230585765892957	0.5055555555555555	0.0	1.0
development	occurrence_helpful	1309	target	rank1_shrink10	2	0.7197377277626287	0.8222222222222223	0.0	1	1.0	0.028389645741809688	0.45974114354524215	0.5055555555555555	0.0	1.0
development	occurrence_helpful	1309	reference	rank1_shrink10	2	0.9185716483680726	0.9666666666666667	0.0	1	1.0	0.028389645741809688	0.45974114354524215	0.5055555555555555	0.0	1.0
development	occurrence_helpful	1309	target	rank2_shrink05	3	0.7197377277626287	0.8222222222222223	0.0	2	0.5	0.021902864459128035	0.2975716114782009	0.5055555555555555	0.0	1.0
development	occurrence_helpful	1309	reference	rank2_shrink05	3	0.9185716483680726	0.9666666666666667	0.0	2	0.5	0.021902864459128035	0.2975716114782009	0.5055555555555555	0.0	1.0
development	occurrence_helpful	1309	target	rank2_shrink10	4	0.7197377277626287	0.8222222222222223	0.0	2	1.0	0.029203819278837972	0.48009548197094926	0.5055555555555555	0.0	1.0
development	occurrence_helpful	1309	reference	rank2_shrink10	4	0.9185716483680726	0.9666666666666667	0.0	2	1.0	0.029203819278837972	0.48009548197094926	0.5055555555555555	0.0	1.0
development	occurrence_helpful	1309	target	rank3_shrink05	5	0.7197377277626287	0.8222222222222223	0.0	3	0.5	0.02229366786015652	0.30734169650391296	0.5055555555555555	0.0	1.0
development	occurrence_helpful	1309	reference	rank3_shrink05	5	0.9185716483680726	0.9666666666666667	0.0	3	0.5	0.02229366786015652	0.30734169650391296	0.5055555555555555	0.0	1.0
development	occurrence_helpful	1309	target	rank3_shrink10	6	0.7197377277626287	0.8222222222222223	0.0	3	1.0	0.029724890480208654	0.4931222620052163	0.5055555555555555	0.0	1.0
development	occurrence_helpful	1309	reference	rank3_shrink10	6	0.9185716483680726	0.9666666666666667	0.0	3	1.0	0.029724890480208654	0.4931222620052163	0.5055555555555555	0.0	1.0
development	occurrence_helpful	1310	target	raw_rc6_reference	0	0.8117306906855449	0.9444444444444445	0.0	0	0.0	0.0	0.0	0.4907407407407409	0.0	1.0
development	occurrence_helpful	1310	reference	raw_rc6_reference	0	0.8203065838844336	0.9666666666666668	0.0	0	0.0	0.0	0.0	0.4907407407407409	0.0	1.0
development	occurrence_helpful	1310	target	rank1_shrink05	1	0.8117306906855449	0.9444444444444445	0.0	1	0.5	0.01814061529082267	0.20351538227056676	0.4907407407407409	0.0	1.0
development	occurrence_helpful	1310	reference	rank1_shrink05	1	0.8269326467591059	0.9666666666666668	0.0	1	0.5	0.01814061529082267	0.20351538227056676	0.4907407407407409	0.0	1.0
development	occurrence_helpful	1310	target	rank1_shrink10	2	0.8117306906855449	0.9444444444444445	0.0	1	1.0	0.024187487054430412	0.3546871763607603	0.4907407407407409	0.0	1.0
development	occurrence_helpful	1310	reference	rank1_shrink10	2	0.8269326467591059	0.9666666666666668	0.0	1	1.0	0.024187487054430412	0.3546871763607603	0.4907407407407409	0.0	1.0
development	occurrence_helpful	1310	target	rank2_shrink05	3	0.8117306906855449	0.9444444444444445	0.0	2	0.5	0.018595060334257063	0.21487650835642658	0.4907407407407409	0.0	1.0
development	occurrence_helpful	1310	reference	rank2_shrink05	3	0.8269326467591059	0.9666666666666668	0.0	2	0.5	0.018595060334257063	0.21487650835642658	0.4907407407407409	0.0	1.0
development	occurrence_helpful	1310	target	rank2_shrink10	4	0.8117306906855449	0.9444444444444445	0.0	2	1.0	0.024793413779009787	0.3698353444752447	0.4907407407407409	0.0	1.0
development	occurrence_helpful	1310	reference	rank2_shrink10	4	0.8269326467591059	0.9666666666666668	0.0	2	1.0	0.024793413779009787	0.3698353444752447	0.4907407407407409	0.0	1.0
development	occurrence_helpful	1310	target	rank3_shrink05	5	0.8117306906855449	0.9444444444444445	0.0	3	0.5	0.019130146167412043	0.22825365418530108	0.4907407407407409	0.0	1.0
development	occurrence_helpful	1310	reference	rank3_shrink05	5	0.8269326467591059	0.9666666666666668	0.0	3	0.5	0.019130146167412043	0.22825365418530108	0.4907407407407409	0.0	1.0
development	occurrence_helpful	1310	target	rank3_shrink10	6	0.8117306906855449	0.9444444444444445	0.0	3	1.0	0.025506861556549798	0.38767153891374495	0.4907407407407409	0.0	1.0
development	occurrence_helpful	1310	reference	rank3_shrink10	6	0.8269326467591059	0.9666666666666668	0.0	3	1.0	0.025506861556549798	0.38767153891374495	0.4907407407407409	0.0	1.0
development	occurrence_helpful	1311	target	raw_rc6_reference	0	0.8766438062810786	0.8555555555555556	0.0	0	0.0	0.0	0.0	0.4833333333333334	0.0	1.0
development	occurrence_helpful	1311	reference	raw_rc6_reference	0	0.8836158316292462	1.0	0.0	0	0.0	0.0	0.0	0.4833333333333334	0.0	1.0
development	occurrence_helpful	1311	target	rank1_shrink05	1	0.8799075583521176	0.8555555555555556	0.0	1	0.5	0.016747807202900367	0.16869518007250917	0.4833333333333334	0.0	1.0
development	occurrence_helpful	1311	reference	rank1_shrink05	1	0.8836158316292462	1.0	0.0	1	0.5	0.016747807202900367	0.16869518007250917	0.4833333333333334	0.0	1.0
development	occurrence_helpful	1311	target	rank1_shrink10	2	0.8799075583521176	0.8555555555555556	0.0	1	1.0	0.022330409603866896	0.3082602400966724	0.4833333333333334	0.0	1.0
development	occurrence_helpful	1311	reference	rank1_shrink10	2	0.8836158316292462	1.0	0.0	1	1.0	0.022330409603866896	0.3082602400966724	0.4833333333333334	0.0	1.0
development	occurrence_helpful	1311	target	rank2_shrink05	3	0.8799075583521176	0.8555555555555556	0.0	2	0.5	0.017419599320152912	0.1854899830038228	0.4833333333333334	0.0	1.0
development	occurrence_helpful	1311	reference	rank2_shrink05	3	0.8836158316292462	1.0	0.0	2	0.5	0.017419599320152912	0.1854899830038228	0.4833333333333334	0.0	1.0
development	occurrence_helpful	1311	target	rank2_shrink10	4	0.8799075583521176	0.8555555555555556	0.0	2	1.0	0.02322613242687066	0.3306533106717665	0.4833333333333334	0.0	1.0
development	occurrence_helpful	1311	reference	rank2_shrink10	4	0.8836158316292462	1.0	0.0	2	1.0	0.02322613242687066	0.3306533106717665	0.4833333333333334	0.0	1.0
development	occurrence_helpful	1311	target	rank3_shrink05	5	0.8799075583521176	0.8555555555555556	0.0	3	0.5	0.017807883975819228	0.1951970993954807	0.4833333333333334	0.0	1.0
development	occurrence_helpful	1311	reference	rank3_shrink05	5	0.8836158316292462	1.0	0.0	3	0.5	0.017807883975819228	0.1951970993954807	0.4833333333333334	0.0	1.0
development	occurrence_helpful	1311	target	rank3_shrink10	6	0.8799075583521176	0.8555555555555556	0.0	3	1.0	0.023743845301092192	0.3435961325273048	0.4833333333333334	0.0	1.0
development	occurrence_helpful	1311	reference	rank3_shrink10	6	0.8836158316292462	1.0	0.0	3	1.0	0.023743845301092192	0.3435961325273048	0.4833333333333334	0.0	1.0
development	occurrence_helpful	1312	target	raw_rc6_reference	0	0.8378722905889348	1.0	0.0	0	0.0	0.0	0.0	0.5203703703703701	0.0	1.0
development	occurrence_helpful	1312	reference	raw_rc6_reference	0	0.7112646352147823	0.7666666666666667	0.0	0	0.0	0.0	0.0	0.5203703703703701	0.0	1.0
development	occurrence_helpful	1312	target	rank1_shrink05	1	0.8378722905889348	1.0	0.0	1	0.5	0.01687589407994916	0.17189735199872902	0.5203703703703701	0.0	1.0
development	occurrence_helpful	1312	reference	rank1_shrink05	1	0.7112646352147823	0.7666666666666667	0.0	1	0.5	0.01687589407994916	0.17189735199872902	0.5203703703703701	0.0	1.0
development	occurrence_helpful	1312	target	rank1_shrink10	2	0.8378722905889348	1.0	0.0	1	1.0	0.022501192106599066	0.31252980266497665	0.5203703703703701	0.0	1.0
development	occurrence_helpful	1312	reference	rank1_shrink10	2	0.7112646352147823	0.7666666666666667	0.0	1	1.0	0.022501192106599066	0.31252980266497665	0.5203703703703701	0.0	1.0
development	occurrence_helpful	1312	target	rank2_shrink05	3	0.8378722905889348	1.0	0.0	2	0.5	0.017060507582583706	0.17651268956459265	0.5203703703703701	0.0	1.0
development	occurrence_helpful	1312	reference	rank2_shrink05	3	0.7112646352147823	0.7666666666666667	0.0	2	0.5	0.017060507582583706	0.17651268956459265	0.5203703703703701	0.0	1.0
development	occurrence_helpful	1312	target	rank2_shrink10	4	0.831305893327266	1.0	0.0	2	1.0	0.02274734344344498	0.31868358608612446	0.5203703703703701	0.0	1.0
development	occurrence_helpful	1312	reference	rank2_shrink10	4	0.7112646352147823	0.7666666666666667	0.0	2	1.0	0.02274734344344498	0.31868358608612446	0.5203703703703701	0.0	1.0
development	occurrence_helpful	1312	target	rank3_shrink05	5	0.8378722905889348	1.0	0.0	3	0.5	0.017796901622427752	0.1949225405606938	0.5203703703703701	0.0	1.0
development	occurrence_helpful	1312	reference	rank3_shrink05	5	0.7112646352147823	0.7666666666666667	0.0	3	0.5	0.017796901622427752	0.1949225405606938	0.5203703703703701	0.0	1.0
development	occurrence_helpful	1312	target	rank3_shrink10	6	0.831305893327266	1.0	0.0	3	1.0	0.023729202163237484	0.3432300540809371	0.5203703703703701	0.0	1.0
development	occurrence_helpful	1312	reference	rank3_shrink10	6	0.7112646352147823	0.7666666666666667	0.0	3	1.0	0.023729202163237484	0.3432300540809371	0.5203703703703701	0.0	1.0
development	concordant_helpful	1301	target	raw_rc6_reference	0	0.917021578625273	0.9777777777777777	0.0	0	0.0	0.0	0.0	0.48888888888888893	0.08510638297872342	1.0
development	concordant_helpful	1301	reference	raw_rc6_reference	0	0.7085244465885925	0.888888888888889	0.0	0	0.0	0.0	0.0	0.48888888888888893	0.08510638297872342	1.0
development	concordant_helpful	1301	target	rank1_shrink05	1	0.9105132636598702	0.9666666666666667	0.0	1	0.5	0.020482055195246596	0.2620513798811649	0.48888888888888893	0.08510638297872342	1.0
development	concordant_helpful	1301	reference	rank1_shrink05	1	0.7085244465885925	0.888888888888889	0.0	1	0.5	0.020482055195246596	0.2620513798811649	0.48888888888888893	0.08510638297872342	1.0
development	concordant_helpful	1301	target	rank1_shrink10	2	0.9105132636598702	0.9666666666666667	0.0	1	1.0	0.027309406926995572	0.43273517317488924	0.48888888888888893	0.08510638297872342	1.0
development	concordant_helpful	1301	reference	rank1_shrink10	2	0.7085244465885925	0.888888888888889	0.0	1	1.0	0.027309406926995572	0.43273517317488924	0.48888888888888893	0.08510638297872342	1.0
development	concordant_helpful	1301	target	rank2_shrink05	3	0.9105132636598702	0.9666666666666667	0.0	2	0.5	0.021060753671222288	0.2765188417805572	0.48888888888888893	0.08510638297872342	1.0
development	concordant_helpful	1301	reference	rank2_shrink05	3	0.7085244465885925	0.888888888888889	0.0	2	0.5	0.021060753671222288	0.2765188417805572	0.48888888888888893	0.08510638297872342	1.0
development	concordant_helpful	1301	target	rank2_shrink10	4	0.9105132636598702	0.9666666666666667	0.0	2	1.0	0.028081004894963568	0.45202512237408915	0.48888888888888893	0.08510638297872342	1.0
development	concordant_helpful	1301	reference	rank2_shrink10	4	0.7085244465885925	0.888888888888889	0.0	2	1.0	0.028081004894963568	0.45202512237408915	0.48888888888888893	0.08510638297872342	1.0
development	concordant_helpful	1301	target	rank3_shrink05	5	0.9105132636598702	0.9666666666666667	0.0	3	0.5	0.021233613307229504	0.2808403326807376	0.48888888888888893	0.08510638297872342	1.0
development	concordant_helpful	1301	reference	rank3_shrink05	5	0.7085244465885925	0.888888888888889	0.0	3	0.5	0.021233613307229504	0.2808403326807376	0.48888888888888893	0.08510638297872342	1.0
development	concordant_helpful	1301	target	rank3_shrink10	6	0.9105132636598702	0.9666666666666667	0.0	3	1.0	0.02831148440963971	0.45778711024099267	0.48888888888888893	0.08510638297872342	1.0
development	concordant_helpful	1301	reference	rank3_shrink10	6	0.7085244465885925	0.888888888888889	0.0	3	1.0	0.02831148440963971	0.45778711024099267	0.48888888888888893	0.08510638297872342	1.0
development	concordant_helpful	1302	target	raw_rc6_reference	0	0.874717531350154	0.9897959183673469	0.0	0	0.0	0.0	0.0	0.5555555555555554	0.1449652777777778	1.0
development	concordant_helpful	1302	reference	raw_rc6_reference	0	0.7675992890246645	0.9	0.0	0	0.0	0.0	0.0	0.5555555555555554	0.1449652777777778	1.0
development	concordant_helpful	1302	target	rank1_shrink05	1	0.8760191943432345	0.9897959183673469	0.0	1	0.5	0.01918379274031423	0.2295948185078558	0.5555555555555554	0.1449652777777778	1.0
development	concordant_helpful	1302	reference	rank1_shrink05	1	0.7605828421414409	0.9	0.0	1	0.5	0.01918379274031423	0.2295948185078558	0.5555555555555554	0.1449652777777778	1.0
development	concordant_helpful	1302	target	rank1_shrink10	2	0.8760191943432345	0.9897959183673469	0.0	1	1.0	0.025578390320418865	0.3894597580104716	0.5555555555555554	0.1449652777777778	1.0
development	concordant_helpful	1302	reference	rank1_shrink10	2	0.7781239593495	0.9090909090909091	0.0	1	1.0	0.025578390320418865	0.3894597580104716	0.5555555555555554	0.1449652777777778	1.0
development	concordant_helpful	1302	target	rank2_shrink05	3	0.8760191943432345	0.9897959183673469	0.0	2	0.5	0.019633406823797883	0.24083517059494708	0.5555555555555554	0.1449652777777778	1.0
development	concordant_helpful	1302	reference	rank2_shrink05	3	0.7605828421414409	0.9	0.0	2	0.5	0.019633406823797883	0.24083517059494708	0.5555555555555554	0.1449652777777778	1.0
development	concordant_helpful	1302	target	rank2_shrink10	4	0.8760191943432345	0.9897959183673469	0.0	2	1.0	0.02617787576506425	0.4044468941266062	0.5555555555555554	0.1449652777777778	1.0
development	concordant_helpful	1302	reference	rank2_shrink10	4	0.7781239593495	0.9090909090909091	0.0	2	1.0	0.02617787576506425	0.4044468941266062	0.5555555555555554	0.1449652777777778	1.0
development	concordant_helpful	1302	target	rank3_shrink05	5	0.8760191943432345	0.9897959183673469	0.0	3	0.5	0.01967548316281864	0.24188707907046603	0.5555555555555554	0.1449652777777778	1.0
development	concordant_helpful	1302	reference	rank3_shrink05	5	0.7605828421414409	0.9	0.0	3	0.5	0.01967548316281864	0.24188707907046603	0.5555555555555554	0.1449652777777778	1.0
development	concordant_helpful	1302	target	rank3_shrink10	6	0.8760191943432345	0.9897959183673469	0.0	3	1.0	0.02623397755042456	0.4058494387606139	0.5555555555555554	0.1449652777777778	1.0
development	concordant_helpful	1302	reference	rank3_shrink10	6	0.7781239593495	0.9090909090909091	0.0	3	1.0	0.02623397755042456	0.4058494387606139	0.5555555555555554	0.1449652777777778	1.0
development	concordant_helpful	1303	target	raw_rc6_reference	0	0.8238981946009426	0.9111111111111112	0.0	0	0.0	0.0	0.0	0.5796296296296295	0.0678610206297503	1.0
development	concordant_helpful	1303	reference	raw_rc6_reference	0	0.7881743054366815	0.9666666666666667	0.0	0	0.0	0.0	0.0	0.5796296296296295	0.0678610206297503	1.0
development	concordant_helpful	1303	target	rank1_shrink05	1	0.8185955513533097	0.9111111111111112	0.0	1	0.5	0.025055036018440058	0.37637590046100144	0.5796296296296295	0.0678610206297503	1.0
development	concordant_helpful	1303	reference	rank1_shrink05	1	0.7894738508702126	0.9666666666666667	0.0	1	0.5	0.025055036018440058	0.37637590046100144	0.5796296296296295	0.0678610206297503	1.0
development	concordant_helpful	1303	target	rank1_shrink10	2	0.8185955513533097	0.9111111111111112	0.0	1	1.0	0.03340671469125356	0.5851678672813388	0.5796296296296295	0.0678610206297503	1.0
development	concordant_helpful	1303	reference	rank1_shrink10	2	0.7894738508702126	0.9666666666666667	0.0	1	1.0	0.03340671469125356	0.5851678672813388	0.5796296296296295	0.0678610206297503	1.0
development	concordant_helpful	1303	target	rank2_shrink05	3	0.8185955513533097	0.9111111111111112	0.0	2	0.5	0.026775779319294646	0.4193944829823661	0.5796296296296295	0.0678610206297503	1.0
development	concordant_helpful	1303	reference	rank2_shrink05	3	0.7894738508702126	0.9666666666666667	0.0	2	0.5	0.026775779319294646	0.4193944829823661	0.5796296296296295	0.0678610206297503	1.0
development	concordant_helpful	1303	target	rank2_shrink10	4	0.8185955513533097	0.9111111111111112	0.0	2	1.0	0.03570103909239297	0.6425259773098242	0.5796296296296295	0.0678610206297503	1.0
development	concordant_helpful	1303	reference	rank2_shrink10	4	0.7894738508702126	0.9666666666666667	0.0	2	1.0	0.03570103909239297	0.6425259773098242	0.5796296296296295	0.0678610206297503	1.0
development	concordant_helpful	1303	target	rank3_shrink05	5	0.8185955513533097	0.9111111111111112	0.0	3	0.5	0.02699432705992888	0.42485817649822194	0.5796296296296295	0.0678610206297503	1.0
development	concordant_helpful	1303	reference	rank3_shrink05	5	0.7894738508702126	0.9666666666666667	0.0	3	0.5	0.02699432705992888	0.42485817649822194	0.5796296296296295	0.0678610206297503	1.0
development	concordant_helpful	1303	target	rank3_shrink10	6	0.8159442297294933	0.9111111111111112	0.0	3	1.0	0.03599243607990499	0.6498109019976246	0.5796296296296295	0.0678610206297503	1.0
development	concordant_helpful	1303	reference	rank3_shrink10	6	0.7894738508702126	0.9666666666666667	0.0	3	1.0	0.03599243607990499	0.6498109019976246	0.5796296296296295	0.0678610206297503	1.0
development	concordant_helpful	1304	target	raw_rc6_reference	0	0.7812801335491435	0.9888888888888889	0.0	0	0.0	0.0	0.0	0.49259259259259247	0.07537399309551207	1.0
development	concordant_helpful	1304	reference	raw_rc6_reference	0	0.87747848010416	0.9111111111111112	0.0	0	0.0	0.0	0.0	0.49259259259259247	0.07537399309551207	1.0
development	concordant_helpful	1304	target	rank1_shrink05	1	0.7747202667687141	0.9888888888888889	0.0	1	0.5	0.02745673038398988	0.43641825959974695	0.49259259259259247	0.07537399309551207	1.0
development	concordant_helpful	1304	reference	rank1_shrink05	1	0.87747848010416	0.9111111111111112	0.0	1	0.5	0.02745673038398988	0.43641825959974695	0.49259259259259247	0.07537399309551207	1.0
development	concordant_helpful	1304	target	rank1_shrink10	2	0.7747202667687141	0.9888888888888889	0.0	1	1.0	0.036608973845320136	0.6652243461330033	0.49259259259259247	0.07537399309551207	1.0
development	concordant_helpful	1304	reference	rank1_shrink10	2	0.87747848010416	0.9111111111111112	0.0	1	1.0	0.036608973845320136	0.6652243461330033	0.49259259259259247	0.07537399309551207	1.0
development	concordant_helpful	1304	target	rank2_shrink05	3	0.7747202667687141	0.9888888888888889	0.0	2	0.5	0.027831579726779743	0.4457894931694935	0.49259259259259247	0.07537399309551207	1.0
development	concordant_helpful	1304	reference	rank2_shrink05	3	0.87747848010416	0.9111111111111112	0.0	2	0.5	0.027831579726779743	0.4457894931694935	0.49259259259259247	0.07537399309551207	1.0
development	concordant_helpful	1304	target	rank2_shrink10	4	0.7747202667687141	0.9888888888888889	0.0	2	1.0	0.037108772969039805	0.677719324225995	0.49259259259259247	0.07537399309551207	1.0
development	concordant_helpful	1304	reference	rank2_shrink10	4	0.87747848010416	0.9111111111111112	0.0	2	1.0	0.037108772969039805	0.677719324225995	0.49259259259259247	0.07537399309551207	1.0
development	concordant_helpful	1304	target	rank3_shrink05	5	0.7747202667687141	0.9888888888888889	0.0	3	0.5	0.028079527949928962	0.451988198748224	0.49259259259259247	0.07537399309551207	1.0
development	concordant_helpful	1304	reference	rank3_shrink05	5	0.87747848010416	0.9111111111111112	0.0	3	0.5	0.028079527949928962	0.451988198748224	0.49259259259259247	0.07537399309551207	1.0
development	concordant_helpful	1304	target	rank3_shrink10	6	0.7747202667687141	0.9888888888888889	0.0	3	1.0	0.03743937059990565	0.6859842649976412	0.49259259259259247	0.07537399309551207	1.0
development	concordant_helpful	1304	reference	rank3_shrink10	6	0.87747848010416	0.9111111111111112	0.0	3	1.0	0.03743937059990565	0.6859842649976412	0.49259259259259247	0.07537399309551207	1.0
development	concordant_helpful	1305	target	raw_rc6_reference	0	0.6437481767735446	0.888888888888889	0.0	0	0.0	0.0	0.0	0.5370370370370372	0.06199304750869061	1.0
development	concordant_helpful	1305	reference	raw_rc6_reference	0	0.9493506493506494	0.9777777777777779	0.0	0	0.0	0.0	0.0	0.5370370370370372	0.06199304750869061	1.0
development	concordant_helpful	1305	target	rank1_shrink05	1	0.6543129717971805	0.888888888888889	0.0	1	0.5	0.029852130334426574	0.4963032583606643	0.5370370370370372	0.06199304750869061	1.0
development	concordant_helpful	1305	reference	rank1_shrink05	1	0.9506493506493506	0.9777777777777779	0.0	1	0.5	0.029852130334426574	0.4963032583606643	0.5370370370370372	0.06199304750869061	1.0
development	concordant_helpful	1305	target	rank1_shrink10	2	0.6543129717971805	0.888888888888889	0.0	1	1.0	0.03980284044590254	0.7450710111475635	0.5370370370370372	0.06199304750869061	1.0
development	concordant_helpful	1305	reference	rank1_shrink10	2	0.9545454545454546	0.9777777777777779	0.0	1	1.0	0.03980284044590254	0.7450710111475635	0.5370370370370372	0.06199304750869061	1.0
development	concordant_helpful	1305	target	rank2_shrink05	3	0.6543129717971805	0.888888888888889	0.0	2	0.5	0.030016550956275312	0.5004137739068827	0.5370370370370372	0.06199304750869061	1.0
development	concordant_helpful	1305	reference	rank2_shrink05	3	0.9571428571428571	0.9777777777777779	0.0	2	0.5	0.030016550956275312	0.5004137739068827	0.5370370370370372	0.06199304750869061	1.0
development	concordant_helpful	1305	target	rank2_shrink10	4	0.6543129717971805	0.888888888888889	0.0	2	1.0	0.04002206794170071	0.7505516985425177	0.5370370370370372	0.06199304750869061	1.0
development	concordant_helpful	1305	reference	rank2_shrink10	4	0.9545454545454546	0.9777777777777779	0.0	2	1.0	0.04002206794170071	0.7505516985425177	0.5370370370370372	0.06199304750869061	1.0
development	concordant_helpful	1305	target	rank3_shrink05	5	0.6543129717971805	0.888888888888889	0.0	3	0.5	0.030637641816345873	0.5159410454086467	0.5370370370370372	0.06199304750869061	1.0
development	concordant_helpful	1305	reference	rank3_shrink05	5	0.9571428571428571	0.9777777777777779	0.0	3	0.5	0.030637641816345873	0.5159410454086467	0.5370370370370372	0.06199304750869061	1.0
development	concordant_helpful	1305	target	rank3_shrink10	6	0.6543129717971805	0.888888888888889	0.0	3	1.0	0.04085018908846105	0.7712547272115262	0.5370370370370372	0.06199304750869061	1.0
development	concordant_helpful	1305	reference	rank3_shrink10	6	0.9545454545454546	0.9777777777777779	0.0	3	1.0	0.04085018908846105	0.7712547272115262	0.5370370370370372	0.06199304750869061	1.0
development	concordant_helpful	1306	target	raw_rc6_reference	0	0.9379269976224465	1.0	0.0	0	0.0	0.0	0.0	0.5296296296296297	0.13797692990239574	1.0
development	concordant_helpful	1306	reference	raw_rc6_reference	0	0.7846630478102598	0.8555555555555555	0.0	0	0.0	0.0	0.0	0.5296296296296297	0.13797692990239574	1.0
development	concordant_helpful	1306	target	rank1_shrink05	1	0.9379269976224465	1.0	0.0	1	0.5	0.013827326739481172	0.09568316848702928	0.5296296296296297	0.13797692990239574	1.0
development	concordant_helpful	1306	reference	rank1_shrink05	1	0.7886494815840628	0.8555555555555555	0.0	1	0.5	0.013827326739481172	0.09568316848702928	0.5296296296296297	0.13797692990239574	1.0
development	concordant_helpful	1306	target	rank1_shrink10	2	0.9379269976224465	1.0	0.0	1	1.0	0.018436435652641747	0.21091089131604368	0.5296296296296297	0.13797692990239574	1.0
development	concordant_helpful	1306	reference	rank1_shrink10	2	0.7886494815840628	0.8555555555555555	0.0	1	1.0	0.018436435652641747	0.21091089131604368	0.5296296296296297	0.13797692990239574	1.0
development	concordant_helpful	1306	target	rank2_shrink05	3	0.9379269976224465	1.0	0.0	2	0.5	0.014486713616848168	0.11216784042120419	0.5296296296296297	0.13797692990239574	1.0
development	concordant_helpful	1306	reference	rank2_shrink05	3	0.7886494815840628	0.8555555555555555	0.0	2	0.5	0.014486713616848168	0.11216784042120419	0.5296296296296297	0.13797692990239574	1.0
development	concordant_helpful	1306	target	rank2_shrink10	4	0.9379269976224465	1.0	0.0	2	1.0	0.01931561815579763	0.23289045389494079	0.5296296296296297	0.13797692990239574	1.0
development	concordant_helpful	1306	reference	rank2_shrink10	4	0.7886494815840628	0.8555555555555555	0.0	2	1.0	0.01931561815579763	0.23289045389494079	0.5296296296296297	0.13797692990239574	1.0
development	concordant_helpful	1306	target	rank3_shrink05	5	0.9379269976224465	1.0	0.0	3	0.5	0.015416862060160907	0.13542155150402269	0.5296296296296297	0.13797692990239574	1.0
development	concordant_helpful	1306	reference	rank3_shrink05	5	0.7886494815840628	0.8555555555555555	0.0	3	0.5	0.015416862060160907	0.13542155150402269	0.5296296296296297	0.13797692990239574	1.0
development	concordant_helpful	1306	target	rank3_shrink10	6	0.9379269976224465	1.0	0.0	3	1.0	0.02055581608021484	0.263895402005371	0.5296296296296297	0.13797692990239574	1.0
development	concordant_helpful	1306	reference	rank3_shrink10	6	0.7886494815840628	0.8555555555555555	0.0	3	1.0	0.02055581608021484	0.263895402005371	0.5296296296296297	0.13797692990239574	1.0
development	concordant_helpful	1307	target	raw_rc6_reference	0	0.22927676499622554		0.0	0	0.0	0.0	0.0	0.574074074074074	0.03245033112582785	1.0
development	concordant_helpful	1307	reference	raw_rc6_reference	0	0.9470267744531564	0.9387755102040816	0.0	0	0.0	0.0	0.0	0.574074074074074	0.03245033112582785	1.0
development	concordant_helpful	1307	target	rank1_shrink05	1	0.2783313286698366		0.0	1	0.5	0.028859862143256754	0.4714965535814188	0.574074074074074	0.03245033112582785	1.0
development	concordant_helpful	1307	reference	rank1_shrink05	1	0.9353270613851008	0.9387755102040816	0.0	1	0.5	0.028859862143256754	0.4714965535814188	0.574074074074074	0.03245033112582785	1.0
development	concordant_helpful	1307	target	rank1_shrink10	2	0.258069661065519		0.0	1	1.0	0.03847981619100871	0.7119954047752176	0.574074074074074	0.03245033112582785	1.0
development	concordant_helpful	1307	reference	rank1_shrink10	2	0.9353270613851008	0.9387755102040816	0.0	1	1.0	0.03847981619100871	0.7119954047752176	0.574074074074074	0.03245033112582785	1.0
development	concordant_helpful	1307	target	rank2_shrink05	3	0.2783313286698366		0.0	2	0.5	0.029407530055882924	0.48518825139707306	0.574074074074074	0.03245033112582785	1.0
development	concordant_helpful	1307	reference	rank2_shrink05	3	0.9353270613851008	0.9387755102040816	0.0	2	0.5	0.029407530055882924	0.48518825139707306	0.574074074074074	0.03245033112582785	1.0
development	concordant_helpful	1307	target	rank2_shrink10	4	0.2783313286698366		0.0	2	1.0	0.039210040074510455	0.7302510018627613	0.574074074074074	0.03245033112582785	1.0
development	concordant_helpful	1307	reference	rank2_shrink10	4	0.9353270613851008	0.9387755102040816	0.0	2	1.0	0.039210040074510455	0.7302510018627613	0.574074074074074	0.03245033112582785	1.0
development	concordant_helpful	1307	target	rank3_shrink05	5	0.2783313286698366		0.0	3	0.5	0.02947306184592169	0.48682654614804216	0.574074074074074	0.03245033112582785	1.0
development	concordant_helpful	1307	reference	rank3_shrink05	5	0.9353270613851008	0.9387755102040816	0.0	3	0.5	0.02947306184592169	0.48682654614804216	0.574074074074074	0.03245033112582785	1.0
development	concordant_helpful	1307	target	rank3_shrink10	6	0.2783313286698366		0.0	3	1.0	0.039297415794562585	0.7324353948640645	0.574074074074074	0.03245033112582785	1.0
development	concordant_helpful	1307	reference	rank3_shrink10	6	0.9353270613851008	0.9387755102040816	0.0	3	1.0	0.039297415794562585	0.7324353948640645	0.574074074074074	0.03245033112582785	1.0
development	concordant_helpful	1308	target	raw_rc6_reference	0	0.9402211211598336	1.0	0.0	0	0.0	0.0	0.0	0.4648148148148148	0.15803108808290156	1.0
development	concordant_helpful	1308	reference	raw_rc6_reference	0	0.6068869544910205	0.7333333333333334	0.0	0	0.0	0.0	0.0	0.4648148148148148	0.15803108808290156	1.0
development	concordant_helpful	1308	target	rank1_shrink05	1	0.9415206665933648	1.0	0.0	1	0.5	0.019513265827072357	0.23783164567680892	0.4648148148148148	0.15803108808290156	1.0
development	concordant_helpful	1308	reference	rank1_shrink05	1	0.6068869544910205	0.7333333333333334	0.0	1	0.5	0.019513265827072357	0.23783164567680892	0.4648148148148148	0.15803108808290156	1.0
development	concordant_helpful	1308	target	rank1_shrink10	2	0.9415206665933648	1.0	0.0	1	1.0	0.02601768776943003	0.4004421942357507	0.4648148148148148	0.15803108808290156	1.0
development	concordant_helpful	1308	reference	rank1_shrink10	2	0.6068869544910205	0.7333333333333334	0.0	1	1.0	0.02601768776943003	0.4004421942357507	0.4648148148148148	0.15803108808290156	1.0
development	concordant_helpful	1308	target	rank2_shrink05	3	0.9415206665933648	1.0	0.0	2	0.5	0.020107471657629605	0.25268679144074013	0.4648148148148148	0.15803108808290156	1.0
development	concordant_helpful	1308	reference	rank2_shrink05	3	0.6068869544910205	0.7333333333333334	0.0	2	0.5	0.020107471657629605	0.25268679144074013	0.4648148148148148	0.15803108808290156	1.0
development	concordant_helpful	1308	target	rank2_shrink10	4	0.9415206665933648	1.0	0.0	2	1.0	0.026809962210173288	0.42024905525433215	0.4648148148148148	0.15803108808290156	1.0
development	concordant_helpful	1308	reference	rank2_shrink10	4	0.6068869544910205	0.7333333333333334	0.0	2	1.0	0.026809962210173288	0.42024905525433215	0.4648148148148148	0.15803108808290156	1.0
development	concordant_helpful	1308	target	rank3_shrink05	5	0.9415206665933648	1.0	0.0	3	0.5	0.020395253700400073	0.25988134251000183	0.4648148148148148	0.15803108808290156	1.0
development	concordant_helpful	1308	reference	rank3_shrink05	5	0.6068869544910205	0.7333333333333334	0.0	3	0.5	0.020395253700400073	0.25988134251000183	0.4648148148148148	0.15803108808290156	1.0
development	concordant_helpful	1308	target	rank3_shrink10	6	0.9415206665933648	1.0	0.0	3	1.0	0.027193671600533653	0.4298417900133413	0.4648148148148148	0.15803108808290156	1.0
development	concordant_helpful	1308	reference	rank3_shrink10	6	0.6068869544910205	0.7333333333333334	0.0	3	1.0	0.027193671600533653	0.4298417900133413	0.4648148148148148	0.15803108808290156	1.0
development	concordant_helpful	1309	target	raw_rc6_reference	0	0.7197377277626287	0.8222222222222223	0.0	0	0.0	0.0	0.0	0.5055555555555555	0.0714285714285714	1.0
development	concordant_helpful	1309	reference	raw_rc6_reference	0	0.9081481403014846	0.9666666666666667	0.0	0	0.0	0.0	0.0	0.5055555555555555	0.0714285714285714	1.0
development	concordant_helpful	1309	target	rank1_shrink05	1	0.7197377277626287	0.8222222222222223	0.0	1	0.5	0.021292234306357183	0.28230585765892957	0.5055555555555555	0.0714285714285714	1.0
development	concordant_helpful	1309	reference	rank1_shrink05	1	0.9185716483680726	0.9666666666666667	0.0	1	0.5	0.021292234306357183	0.28230585765892957	0.5055555555555555	0.0714285714285714	1.0
development	concordant_helpful	1309	target	rank1_shrink10	2	0.7125074857485748	0.8222222222222223	0.0	1	1.0	0.028389645741809688	0.45974114354524215	0.5055555555555555	0.0714285714285714	1.0
development	concordant_helpful	1309	reference	rank1_shrink10	2	0.9185716483680726	0.9666666666666667	0.0	1	1.0	0.028389645741809688	0.45974114354524215	0.5055555555555555	0.0714285714285714	1.0
development	concordant_helpful	1309	target	rank2_shrink05	3	0.7197377277626287	0.8222222222222223	0.0	2	0.5	0.021902864459128035	0.2975716114782009	0.5055555555555555	0.0714285714285714	1.0
development	concordant_helpful	1309	reference	rank2_shrink05	3	0.9185716483680726	0.9666666666666667	0.0	2	0.5	0.021902864459128035	0.2975716114782009	0.5055555555555555	0.0714285714285714	1.0
development	concordant_helpful	1309	target	rank2_shrink10	4	0.7197377277626287	0.8222222222222223	0.0	2	1.0	0.029203819278837972	0.48009548197094926	0.5055555555555555	0.0714285714285714	1.0
development	concordant_helpful	1309	reference	rank2_shrink10	4	0.9185716483680726	0.9666666666666667	0.0	2	1.0	0.029203819278837972	0.48009548197094926	0.5055555555555555	0.0714285714285714	1.0
development	concordant_helpful	1309	target	rank3_shrink05	5	0.7197377277626287	0.8222222222222223	0.0	3	0.5	0.02229366786015652	0.30734169650391296	0.5055555555555555	0.0714285714285714	1.0
development	concordant_helpful	1309	reference	rank3_shrink05	5	0.9185716483680726	0.9666666666666667	0.0	3	0.5	0.02229366786015652	0.30734169650391296	0.5055555555555555	0.0714285714285714	1.0
development	concordant_helpful	1309	target	rank3_shrink10	6	0.7125074857485748	0.8222222222222223	0.0	3	1.0	0.029724890480208654	0.4931222620052163	0.5055555555555555	0.0714285714285714	1.0
development	concordant_helpful	1309	reference	rank3_shrink10	6	0.9185716483680726	0.9666666666666667	0.0	3	1.0	0.029724890480208654	0.4931222620052163	0.5055555555555555	0.0714285714285714	1.0
development	concordant_helpful	1310	target	raw_rc6_reference	0	0.8162909754646772	0.9444444444444445	0.0	0	0.0	0.0	0.0	0.4907407407407409	0.11744301288404357	1.0
development	concordant_helpful	1310	reference	raw_rc6_reference	0	0.8203065838844336	0.9666666666666668	0.0	0	0.0	0.0	0.0	0.4907407407407409	0.11744301288404357	1.0
development	concordant_helpful	1310	target	rank1_shrink05	1	0.8162909754646772	0.9444444444444445	0.0	1	0.5	0.01814061529082267	0.20351538227056676	0.4907407407407409	0.11744301288404357	1.0
development	concordant_helpful	1310	reference	rank1_shrink05	1	0.8203065838844336	0.9666666666666668	0.0	1	0.5	0.01814061529082267	0.20351538227056676	0.4907407407407409	0.11744301288404357	1.0
development	concordant_helpful	1310	target	rank1_shrink10	2	0.8162909754646772	0.9444444444444445	0.0	1	1.0	0.024187487054430412	0.3546871763607603	0.4907407407407409	0.11744301288404357	1.0
development	concordant_helpful	1310	reference	rank1_shrink10	2	0.8203065838844336	0.9666666666666668	0.0	1	1.0	0.024187487054430412	0.3546871763607603	0.4907407407407409	0.11744301288404357	1.0
development	concordant_helpful	1310	target	rank2_shrink05	3	0.8162909754646772	0.9444444444444445	0.0	2	0.5	0.018595060334257063	0.21487650835642658	0.4907407407407409	0.11744301288404357	1.0
development	concordant_helpful	1310	reference	rank2_shrink05	3	0.8203065838844336	0.9666666666666668	0.0	2	0.5	0.018595060334257063	0.21487650835642658	0.4907407407407409	0.11744301288404357	1.0
development	concordant_helpful	1310	target	rank2_shrink10	4	0.8162909754646772	0.9444444444444445	0.0	2	1.0	0.024793413779009787	0.3698353444752447	0.4907407407407409	0.11744301288404357	1.0
development	concordant_helpful	1310	reference	rank2_shrink10	4	0.8203065838844336	0.9666666666666668	0.0	2	1.0	0.024793413779009787	0.3698353444752447	0.4907407407407409	0.11744301288404357	1.0
development	concordant_helpful	1310	target	rank3_shrink05	5	0.8162909754646772	0.9444444444444445	0.0	3	0.5	0.019130146167412043	0.22825365418530108	0.4907407407407409	0.11744301288404357	1.0
development	concordant_helpful	1310	reference	rank3_shrink05	5	0.8203065838844336	0.9666666666666668	0.0	3	0.5	0.019130146167412043	0.22825365418530108	0.4907407407407409	0.11744301288404357	1.0
development	concordant_helpful	1310	target	rank3_shrink10	6	0.8162909754646772	0.9444444444444445	0.0	3	1.0	0.025506861556549798	0.38767153891374495	0.4907407407407409	0.11744301288404357	1.0
development	concordant_helpful	1310	reference	rank3_shrink10	6	0.8203065838844336	0.9666666666666668	0.0	3	1.0	0.025506861556549798	0.38767153891374495	0.4907407407407409	0.11744301288404357	1.0
development	concordant_helpful	1311	target	raw_rc6_reference	0	0.8753383054526629	0.8555555555555556	0.0	0	0.0	0.0	0.0	0.4833333333333334	0.07046979865771807	1.0
development	concordant_helpful	1311	reference	raw_rc6_reference	0	0.8836158316292462	1.0	0.0	0	0.0	0.0	0.0	0.4833333333333334	0.07046979865771807	1.0
development	concordant_helpful	1311	target	rank1_shrink05	1	0.8799075583521176	0.8555555555555556	0.0	1	0.5	0.016747807202900367	0.16869518007250917	0.4833333333333334	0.07046979865771807	1.0
development	concordant_helpful	1311	reference	rank1_shrink05	1	0.8836158316292462	1.0	0.0	1	0.5	0.016747807202900367	0.16869518007250917	0.4833333333333334	0.07046979865771807	1.0
development	concordant_helpful	1311	target	rank1_shrink10	2	0.8799075583521176	0.8555555555555556	0.0	1	1.0	0.022330409603866896	0.3082602400966724	0.4833333333333334	0.07046979865771807	1.0
development	concordant_helpful	1311	reference	rank1_shrink10	2	0.8836158316292462	1.0	0.0	1	1.0	0.022330409603866896	0.3082602400966724	0.4833333333333334	0.07046979865771807	1.0
development	concordant_helpful	1311	target	rank2_shrink05	3	0.8799075583521176	0.8555555555555556	0.0	2	0.5	0.017419599320152912	0.1854899830038228	0.4833333333333334	0.07046979865771807	1.0
development	concordant_helpful	1311	reference	rank2_shrink05	3	0.8836158316292462	1.0	0.0	2	0.5	0.017419599320152912	0.1854899830038228	0.4833333333333334	0.07046979865771807	1.0
development	concordant_helpful	1311	target	rank2_shrink10	4	0.8799075583521176	0.8555555555555556	0.0	2	1.0	0.02322613242687066	0.3306533106717665	0.4833333333333334	0.07046979865771807	1.0
development	concordant_helpful	1311	reference	rank2_shrink10	4	0.8836158316292462	1.0	0.0	2	1.0	0.02322613242687066	0.3306533106717665	0.4833333333333334	0.07046979865771807	1.0
development	concordant_helpful	1311	target	rank3_shrink05	5	0.8799075583521176	0.8555555555555556	0.0	3	0.5	0.017807883975819228	0.1951970993954807	0.4833333333333334	0.07046979865771807	1.0
development	concordant_helpful	1311	reference	rank3_shrink05	5	0.8836158316292462	1.0	0.0	3	0.5	0.017807883975819228	0.1951970993954807	0.4833333333333334	0.07046979865771807	1.0
development	concordant_helpful	1311	target	rank3_shrink10	6	0.8799075583521176	0.8555555555555556	0.0	3	1.0	0.023743845301092192	0.3435961325273048	0.4833333333333334	0.07046979865771807	1.0
development	concordant_helpful	1311	reference	rank3_shrink10	6	0.8836158316292462	1.0	0.0	3	1.0	0.023743845301092192	0.3435961325273048	0.4833333333333334	0.07046979865771807	1.0
development	concordant_helpful	1312	target	raw_rc6_reference	0	0.8529750042907729	1.0	0.0	0	0.0	0.0	0.0	0.5203703703703701	0.11545138888888884	1.0
development	concordant_helpful	1312	reference	raw_rc6_reference	0	0.7112646352147823	0.7666666666666667	0.0	0	0.0	0.0	0.0	0.5203703703703701	0.11545138888888884	1.0
development	concordant_helpful	1312	target	rank1_shrink05	1	0.8424687686721029	1.0	0.0	1	0.5	0.01687589407994916	0.17189735199872902	0.5203703703703701	0.11545138888888884	1.0
development	concordant_helpful	1312	reference	rank1_shrink05	1	0.7112646352147823	0.7666666666666667	0.0	1	0.5	0.01687589407994916	0.17189735199872902	0.5203703703703701	0.11545138888888884	1.0
development	concordant_helpful	1312	target	rank1_shrink10	2	0.8359023714104342	1.0	0.0	1	1.0	0.022501192106599066	0.31252980266497665	0.5203703703703701	0.11545138888888884	1.0
development	concordant_helpful	1312	reference	rank1_shrink10	2	0.7112646352147823	0.7666666666666667	0.0	1	1.0	0.022501192106599066	0.31252980266497665	0.5203703703703701	0.11545138888888884	1.0
development	concordant_helpful	1312	target	rank2_shrink05	3	0.8424687686721029	1.0	0.0	2	0.5	0.017060507582583706	0.17651268956459265	0.5203703703703701	0.11545138888888884	1.0
development	concordant_helpful	1312	reference	rank2_shrink05	3	0.7112646352147823	0.7666666666666667	0.0	2	0.5	0.017060507582583706	0.17651268956459265	0.5203703703703701	0.11545138888888884	1.0
development	concordant_helpful	1312	target	rank2_shrink10	4	0.8326191727795998	1.0	0.0	2	1.0	0.02274734344344498	0.31868358608612446	0.5203703703703701	0.11545138888888884	1.0
development	concordant_helpful	1312	reference	rank2_shrink10	4	0.7112646352147823	0.7666666666666667	0.0	2	1.0	0.02274734344344498	0.31868358608612446	0.5203703703703701	0.11545138888888884	1.0
development	concordant_helpful	1312	target	rank3_shrink05	5	0.8424687686721029	1.0	0.0	3	0.5	0.017796901622427752	0.1949225405606938	0.5203703703703701	0.11545138888888884	1.0
development	concordant_helpful	1312	reference	rank3_shrink05	5	0.7112646352147823	0.7666666666666667	0.0	3	0.5	0.017796901622427752	0.1949225405606938	0.5203703703703701	0.11545138888888884	1.0
development	concordant_helpful	1312	target	rank3_shrink10	6	0.8326191727795998	1.0	0.0	3	1.0	0.023729202163237484	0.3432300540809371	0.5203703703703701	0.11545138888888884	1.0
development	concordant_helpful	1312	reference	rank3_shrink10	6	0.7112646352147823	0.7666666666666667	0.0	3	1.0	0.023729202163237484	0.3432300540809371	0.5203703703703701	0.11545138888888884	1.0
development	partial_responders	1301	target	raw_rc6_reference	0	0.8818766778120971	0.9666666666666667	0.0	0	0.0	0.0	0.0	0.4314814814814816	0.06327800829875518	1.0
development	partial_responders	1301	reference	raw_rc6_reference	0	0.6389081786501356	0.8222222222222223	0.0	0	0.0	0.0	0.0	0.4314814814814816	0.06327800829875518	1.0
development	partial_responders	1301	target	rank1_shrink05	1	0.8818766778120971	0.9666666666666667	0.0	1	0.5	0.016226799607010234	0.15566999017525585	0.4314814814814816	0.06327800829875518	1.0
development	partial_responders	1301	reference	rank1_shrink05	1	0.6363057013440252	0.8222222222222223	0.0	1	0.5	0.016226799607010234	0.15566999017525585	0.4314814814814816	0.06327800829875518	1.0
development	partial_responders	1301	target	rank1_shrink10	2	0.8799241833224765	0.9666666666666667	0.0	1	1.0	0.021635732809347163	0.2908933202336791	0.4314814814814816	0.06327800829875518	1.0
development	partial_responders	1301	reference	rank1_shrink10	2	0.6421612752827739	0.8222222222222223	0.0	1	1.0	0.021635732809347163	0.2908933202336791	0.4314814814814816	0.06327800829875518	1.0
development	partial_responders	1301	target	rank2_shrink05	3	0.8818766778120971	0.9666666666666667	0.0	2	0.5	0.01695039247839336	0.17375981195983403	0.4314814814814816	0.06327800829875518	1.0
development	partial_responders	1301	reference	rank2_shrink05	3	0.6363057013440252	0.8222222222222223	0.0	2	0.5	0.01695039247839336	0.17375981195983403	0.4314814814814816	0.06327800829875518	1.0
development	partial_responders	1301	target	rank2_shrink10	4	0.8799241833224765	0.9666666666666667	0.0	2	1.0	0.022600523304524334	0.31501308261310834	0.4314814814814816	0.06327800829875518	1.0
development	partial_responders	1301	reference	rank2_shrink10	4	0.6421612752827739	0.8222222222222223	0.0	2	1.0	0.022600523304524334	0.31501308261310834	0.4314814814814816	0.06327800829875518	1.0
development	partial_responders	1301	target	rank3_shrink05	5	0.8818766778120971	0.9666666666666667	0.0	3	0.5	0.017212691078154152	0.1803172769538538	0.4314814814814816	0.06327800829875518	1.0
development	partial_responders	1301	reference	rank3_shrink05	5	0.6363057013440252	0.8222222222222223	0.0	3	0.5	0.017212691078154152	0.1803172769538538	0.4314814814814816	0.06327800829875518	1.0
development	partial_responders	1301	target	rank3_shrink10	6	0.8799241833224765	0.9666666666666667	0.0	3	1.0	0.02295025477087198	0.3237563692717995	0.4314814814814816	0.06327800829875518	1.0
development	partial_responders	1301	reference	rank3_shrink10	6	0.6421612752827739	0.8222222222222223	0.0	3	1.0	0.02295025477087198	0.3237563692717995	0.4314814814814816	0.06327800829875518	1.0
development	partial_responders	1302	target	raw_rc6_reference	0	0.8428267880196796	0.9591836734693877	0.0	0	0.0	0.0	0.0	0.28148148148148167	0.1313932980599647	1.0
development	partial_responders	1302	reference	raw_rc6_reference	0	0.7051529117639742	0.8727272727272727	0.0	0	0.0	0.0	0.0	0.28148148148148167	0.1313932980599647	1.0
development	partial_responders	1302	target	rank1_shrink05	1	0.8428267880196796	0.9591836734693877	0.0	1	0.5	0.011455408369282938	0.03638520923207344	0.28148148148148167	0.1313932980599647	1.0
development	partial_responders	1302	reference	rank1_shrink05	1	0.7051529117639742	0.8727272727272727	0.0	1	0.5	0.011455408369282938	0.03638520923207344	0.28148148148148167	0.1313932980599647	1.0
development	partial_responders	1302	target	rank1_shrink10	2	0.8428267880196796	0.9591836734693877	0.0	1	1.0	0.015273877825711102	0.13184694564277755	0.28148148148148167	0.1313932980599647	1.0
development	partial_responders	1302	reference	rank1_shrink10	2	0.7051529117639742	0.8727272727272727	0.0	1	1.0	0.015273877825711102	0.13184694564277755	0.28148148148148167	0.1313932980599647	1.0
development	partial_responders	1302	target	rank2_shrink05	3	0.8428267880196796	0.9591836734693877	0.0	2	0.5	0.012151129765169633	0.05377824412924081	0.28148148148148167	0.1313932980599647	1.0
development	partial_responders	1302	reference	rank2_shrink05	3	0.7051529117639742	0.8727272727272727	0.0	2	0.5	0.012151129765169633	0.05377824412924081	0.28148148148148167	0.1313932980599647	1.0
development	partial_responders	1302	target	rank2_shrink10	4	0.8428267880196796	0.9591836734693877	0.0	2	1.0	0.016201506353559547	0.15503765883898868	0.28148148148148167	0.1313932980599647	1.0
development	partial_responders	1302	reference	rank2_shrink10	4	0.7051529117639742	0.8727272727272727	0.0	2	1.0	0.016201506353559547	0.15503765883898868	0.28148148148148167	0.1313932980599647	1.0
development	partial_responders	1302	target	rank3_shrink05	5	0.8428267880196796	0.9591836734693877	0.0	3	0.5	0.012220487639856392	0.0555121909964098	0.28148148148148167	0.1313932980599647	1.0
development	partial_responders	1302	reference	rank3_shrink05	5	0.7051529117639742	0.8727272727272727	0.0	3	0.5	0.012220487639856392	0.0555121909964098	0.28148148148148167	0.1313932980599647	1.0
development	partial_responders	1302	target	rank3_shrink10	6	0.8428267880196796	0.9591836734693877	0.0	3	1.0	0.01629398351980882	0.15734958799522047	0.28148148148148167	0.1313932980599647	1.0
development	partial_responders	1302	reference	rank3_shrink10	6	0.7051529117639742	0.8727272727272727	0.0	3	1.0	0.01629398351980882	0.15734958799522047	0.28148148148148167	0.1313932980599647	1.0
development	partial_responders	1303	target	raw_rc6_reference	0	0.8079902648580441	0.9111111111111112	0.0	0	0.0	0.0	0.0	0.3740740740740742	0.06092648539778445	1.0
development	partial_responders	1303	reference	raw_rc6_reference	0	0.8122158959570088	0.9666666666666667	0.0	0	0.0	0.0	0.0	0.3740740740740742	0.06092648539778445	1.0
development	partial_responders	1303	target	rank1_shrink05	1	0.8119672472937687	0.9111111111111112	0.0	1	0.5	0.017426111220551266	0.18565278051378165	0.3740740740740742	0.06092648539778445	1.0
development	partial_responders	1303	reference	rank1_shrink05	1	0.8044186233558217	0.9666666666666667	0.0	1	0.5	0.017426111220551266	0.18565278051378165	0.3740740740740742	0.06092648539778445	1.0
development	partial_responders	1303	target	rank1_shrink10	2	0.8119672472937687	0.9111111111111112	0.0	1	1.0	0.023234814960735317	0.33087037401838293	0.3740740740740742	0.06092648539778445	1.0
development	partial_responders	1303	reference	rank1_shrink10	2	0.8044186233558217	0.9666666666666667	0.0	1	1.0	0.023234814960735317	0.33087037401838293	0.3740740740740742	0.06092648539778445	1.0
development	partial_responders	1303	target	rank2_shrink05	3	0.8119672472937687	0.9111111111111112	0.0	2	0.5	0.018255092068698686	0.20637730171746715	0.3740740740740742	0.06092648539778445	1.0
development	partial_responders	1303	reference	rank2_shrink05	3	0.8044186233558217	0.9666666666666667	0.0	2	0.5	0.018255092068698686	0.20637730171746715	0.3740740740740742	0.06092648539778445	1.0
development	partial_responders	1303	target	rank2_shrink10	4	0.8119672472937687	0.9111111111111112	0.0	2	1.0	0.024340122758264804	0.3585030689566201	0.3740740740740742	0.06092648539778445	1.0
development	partial_responders	1303	reference	rank2_shrink10	4	0.7985706689049312	0.9666666666666667	0.0	2	1.0	0.024340122758264804	0.3585030689566201	0.3740740740740742	0.06092648539778445	1.0
development	partial_responders	1303	target	rank3_shrink05	5	0.8119672472937687	0.9111111111111112	0.0	3	0.5	0.018482651643246473	0.21206629108116182	0.3740740740740742	0.06092648539778445	1.0
development	partial_responders	1303	reference	rank3_shrink05	5	0.8044186233558217	0.9666666666666667	0.0	3	0.5	0.018482651643246473	0.21206629108116182	0.3740740740740742	0.06092648539778445	1.0
development	partial_responders	1303	target	rank3_shrink10	6	0.8119672472937687	0.9111111111111112	0.0	3	1.0	0.024643535524328963	0.3660883881082241	0.3740740740740742	0.06092648539778445	1.0
development	partial_responders	1303	reference	rank3_shrink10	6	0.7985706689049312	0.9666666666666667	0.0	3	1.0	0.024643535524328963	0.3660883881082241	0.3740740740740742	0.06092648539778445	1.0
development	partial_responders	1304	target	raw_rc6_reference	0	0.7484807996469964	0.9555555555555556	0.0	0	0.0	0.0	0.0	0.42222222222222205	0.053319919517102576	1.0
development	partial_responders	1304	reference	raw_rc6_reference	0	0.8625288467394224	0.8888888888888888	0.0	0	0.0	0.0	0.0	0.42222222222222205	0.053319919517102576	1.0
development	partial_responders	1304	target	rank1_shrink05	1	0.7504487596811253	0.9666666666666668	0.0	1	0.5	0.015572972529848905	0.13932431324622263	0.42222222222222205	0.053319919517102576	1.0
development	partial_responders	1304	reference	rank1_shrink05	1	0.8625288467394224	0.8888888888888888	0.0	1	0.5	0.015572972529848905	0.13932431324622263	0.42222222222222205	0.053319919517102576	1.0
development	partial_responders	1304	target	rank1_shrink10	2	0.7504487596811253	0.9666666666666668	0.0	1	1.0	0.02076396337313202	0.26909908432830054	0.42222222222222205	0.053319919517102576	1.0
development	partial_responders	1304	reference	rank1_shrink10	2	0.8625288467394224	0.8888888888888888	0.0	1	1.0	0.02076396337313202	0.26909908432830054	0.42222222222222205	0.053319919517102576	1.0
development	partial_responders	1304	target	rank2_shrink05	3	0.7504487596811253	0.9666666666666668	0.0	2	0.5	0.015878206555768992	0.1469551638942248	0.42222222222222205	0.053319919517102576	1.0
development	partial_responders	1304	reference	rank2_shrink05	3	0.8625288467394224	0.8888888888888888	0.0	2	0.5	0.015878206555768992	0.1469551638942248	0.42222222222222205	0.053319919517102576	1.0
development	partial_responders	1304	target	rank2_shrink10	4	0.7504487596811253	0.9666666666666668	0.0	2	1.0	0.021170942074358656	0.2792735518589664	0.42222222222222205	0.053319919517102576	1.0
development	partial_responders	1304	reference	rank2_shrink10	4	0.8625288467394224	0.8888888888888888	0.0	2	1.0	0.021170942074358656	0.2792735518589664	0.42222222222222205	0.053319919517102576	1.0
development	partial_responders	1304	target	rank3_shrink05	5	0.7504487596811253	0.9666666666666668	0.0	3	0.5	0.016385621383541715	0.15964053458854288	0.42222222222222205	0.053319919517102576	1.0
development	partial_responders	1304	reference	rank3_shrink05	5	0.8625288467394224	0.8888888888888888	0.0	3	0.5	0.016385621383541715	0.15964053458854288	0.42222222222222205	0.053319919517102576	1.0
development	partial_responders	1304	target	rank3_shrink10	6	0.7504487596811253	0.9666666666666668	0.0	3	1.0	0.021847495178055842	0.29618737945139606	0.42222222222222205	0.053319919517102576	1.0
development	partial_responders	1304	reference	rank3_shrink10	6	0.8625288467394224	0.8888888888888888	0.0	3	1.0	0.021847495178055842	0.29618737945139606	0.42222222222222205	0.053319919517102576	1.0
development	partial_responders	1305	target	raw_rc6_reference	0	0.628253144072212	0.8777777777777778	0.0	0	0.0	0.0	0.0	0.39074074074074083	0.03430353430353428	1.0
development	partial_responders	1305	reference	raw_rc6_reference	0	0.9545454545454546	0.9777777777777779	0.0	0	0.0	0.0	0.0	0.39074074074074083	0.03430353430353428	1.0
development	partial_responders	1305	target	rank1_shrink05	1	0.6388179390958478	0.8777777777777778	0.0	1	0.5	0.018674561069529805	0.21686402673824512	0.39074074074074083	0.03430353430353428	1.0
development	partial_responders	1305	reference	rank1_shrink05	1	0.9545454545454546	0.9777777777777779	0.0	1	0.5	0.018674561069529805	0.21686402673824512	0.39074074074074083	0.03430353430353428	1.0
development	partial_responders	1305	target	rank1_shrink10	2	0.6388179390958478	0.8777777777777778	0.0	1	1.0	0.024899414759373184	0.3724853689843296	0.39074074074074083	0.03430353430353428	1.0
development	partial_responders	1305	reference	rank1_shrink10	2	0.9545454545454546	0.9777777777777779	0.0	1	1.0	0.024899414759373184	0.3724853689843296	0.39074074074074083	0.03430353430353428	1.0
development	partial_responders	1305	target	rank2_shrink05	3	0.6388179390958478	0.8777777777777778	0.0	2	0.5	0.019032234574862028	0.2258058643715507	0.39074074074074083	0.03430353430353428	1.0
development	partial_responders	1305	reference	rank2_shrink05	3	0.9545454545454546	0.9777777777777779	0.0	2	0.5	0.019032234574862028	0.2258058643715507	0.39074074074074083	0.03430353430353428	1.0
development	partial_responders	1305	target	rank2_shrink10	4	0.6388179390958478	0.8777777777777778	0.0	2	1.0	0.02537631276648311	0.3844078191620778	0.3851851851851853	0.03430353430353428	1.0
development	partial_responders	1305	reference	rank2_shrink10	4	0.9545454545454546	0.9777777777777779	0.0	2	1.0	0.02537631276648311	0.3844078191620778	0.3851851851851853	0.03430353430353428	1.0
development	partial_responders	1305	target	rank3_shrink05	5	0.6388179390958478	0.8777777777777778	0.0	3	0.5	0.019195144247626028	0.2298786061906507	0.39074074074074083	0.03430353430353428	1.0
development	partial_responders	1305	reference	rank3_shrink05	5	0.9545454545454546	0.9777777777777779	0.0	3	0.5	0.019195144247626028	0.2298786061906507	0.39074074074074083	0.03430353430353428	1.0
development	partial_responders	1305	target	rank3_shrink10	6	0.6388179390958478	0.8777777777777778	0.0	3	1.0	0.025593525663501926	0.38983814158754815	0.38703703703703685	0.03430353430353428	1.0
development	partial_responders	1305	reference	rank3_shrink10	6	0.9545454545454546	0.9777777777777779	0.0	3	1.0	0.025593525663501926	0.38983814158754815	0.38703703703703685	0.03430353430353428	1.0
development	partial_responders	1306	target	raw_rc6_reference	0	0.9073777468336349	1.0	0.0	0	0.0	0.0	0.0	0.3203703703703704	0.1581045172719221	1.0
development	partial_responders	1306	reference	raw_rc6_reference	0	0.7999443772765052	0.8777777777777778	0.0	0	0.0	0.0	0.0	0.3203703703703704	0.1581045172719221	1.0
development	partial_responders	1306	target	rank1_shrink05	1	0.9073777468336349	1.0	0.0	1	0.5	0.01090284788994289	0.022571197248572254	0.3203703703703704	0.1581045172719221	1.0
development	partial_responders	1306	reference	rank1_shrink05	1	0.7999443772765052	0.8777777777777778	0.0	1	0.5	0.01090284788994289	0.022571197248572254	0.3203703703703704	0.1581045172719221	1.0
development	partial_responders	1306	target	rank1_shrink10	2	0.9073777468336349	1.0	0.0	1	1.0	0.014537130519923891	0.11342826299809726	0.3203703703703704	0.1581045172719221	1.0
development	partial_responders	1306	reference	rank1_shrink10	2	0.7999443772765052	0.8777777777777778	0.0	1	1.0	0.014537130519923891	0.11342826299809726	0.3203703703703704	0.1581045172719221	1.0
development	partial_responders	1306	target	rank2_shrink05	3	0.9073777468336349	1.0	0.0	2	0.5	0.011525520206040252	0.038138005151006286	0.3203703703703704	0.1581045172719221	1.0
development	partial_responders	1306	reference	rank2_shrink05	3	0.7999443772765052	0.8777777777777778	0.0	2	0.5	0.011525520206040252	0.038138005151006286	0.3203703703703704	0.1581045172719221	1.0
development	partial_responders	1306	target	rank2_shrink10	4	0.9073777468336349	1.0	0.0	2	1.0	0.015367360274720299	0.13418400686800747	0.3203703703703704	0.1581045172719221	1.0
development	partial_responders	1306	reference	rank2_shrink10	4	0.7999443772765052	0.8777777777777778	0.0	2	1.0	0.015367360274720299	0.13418400686800747	0.3203703703703704	0.1581045172719221	1.0
development	partial_responders	1306	target	rank3_shrink05	5	0.9073777468336349	1.0	0.0	3	0.5	0.011776693453399267	0.044417336334981676	0.3203703703703704	0.1581045172719221	1.0
development	partial_responders	1306	reference	rank3_shrink05	5	0.7999443772765052	0.8777777777777778	0.0	3	0.5	0.011776693453399267	0.044417336334981676	0.3203703703703704	0.1581045172719221	1.0
development	partial_responders	1306	target	rank3_shrink10	6	0.9073777468336349	1.0	0.0	3	1.0	0.01570225793786606	0.1425564484466515	0.3203703703703704	0.1581045172719221	1.0
development	partial_responders	1306	reference	rank3_shrink10	6	0.7999443772765052	0.8777777777777778	0.0	3	1.0	0.01570225793786606	0.1425564484466515	0.3203703703703704	0.1581045172719221	1.0
development	partial_responders	1307	target	raw_rc6_reference	0	0.3188546638784718		0.0	0	0.0	0.0	0.0	0.3203703703703704	0.02960526315789469	1.0
development	partial_responders	1307	reference	raw_rc6_reference	0	0.9502766947498384	0.9591836734693877	0.0	0	0.0	0.0	0.0	0.3203703703703704	0.02960526315789469	1.0
development	partial_responders	1307	target	rank1_shrink05	1	0.27619852155359265		0.0	1	0.5	0.024266523478090662	0.35666308695226656	0.3203703703703704	0.02960526315789469	1.0
development	partial_responders	1307	reference	rank1_shrink05	1	0.9502766947498384	0.9591836734693877	0.0	1	0.5	0.024266523478090662	0.35666308695226656	0.3203703703703704	0.02960526315789469	1.0
development	partial_responders	1307	target	rank1_shrink10	2	0.2985929962741542		0.0	1	1.0	0.0323553646374547	0.5588841159363673	0.411111111111111	0.02960526315789469	1.0
development	partial_responders	1307	reference	rank1_shrink10	2	0.954176599105857	0.9591836734693877	0.0	1	1.0	0.0323553646374547	0.5588841159363673	0.411111111111111	0.02960526315789469	1.0
development	partial_responders	1307	target	rank2_shrink05	3	0.27619852155359265		0.0	2	0.5	0.024439034485783995	0.36097586214459987	0.3203703703703704	0.02960526315789469	1.0
development	partial_responders	1307	reference	rank2_shrink05	3	0.9502766947498384	0.9591836734693877	0.0	2	0.5	0.024439034485783995	0.36097586214459987	0.3203703703703704	0.02960526315789469	1.0
development	partial_responders	1307	target	rank2_shrink10	4	0.2985929962741542		0.0	2	1.0	0.03258537931437888	0.5646344828594719	0.412962962962963	0.02960526315789469	1.0
development	partial_responders	1307	reference	rank2_shrink10	4	0.954176599105857	0.9591836734693877	0.0	2	1.0	0.03258537931437888	0.5646344828594719	0.412962962962963	0.02960526315789469	1.0
development	partial_responders	1307	target	rank3_shrink05	5	0.27619852155359265		0.0	3	0.5	0.02459584146182059	0.3648960365455147	0.3203703703703704	0.02960526315789469	1.0
development	partial_responders	1307	reference	rank3_shrink05	5	0.9502766947498384	0.9591836734693877	0.0	3	0.5	0.02459584146182059	0.3648960365455147	0.3203703703703704	0.02960526315789469	1.0
development	partial_responders	1307	target	rank3_shrink10	6	0.27619852155359265		0.0	3	1.0	0.03279445528242764	0.5698613820606908	0.4185185185185185	0.02960526315789469	1.0
development	partial_responders	1307	reference	rank3_shrink10	6	0.954176599105857	0.9591836734693877	0.0	3	1.0	0.03279445528242764	0.5698613820606908	0.4185185185185185	0.02960526315789469	1.0
development	partial_responders	1308	target	raw_rc6_reference	0	0.888239303818585	1.0	0.0	0	0.0	0.0	0.0	0.3833333333333333	0.1443071491615181	1.0
development	partial_responders	1308	reference	raw_rc6_reference	0	0.5877360059815105	0.7444444444444445	0.0	0	0.0	0.0	0.0	0.3833333333333333	0.1443071491615181	1.0
development	partial_responders	1308	target	rank1_shrink05	1	0.888239303818585	1.0	0.0	1	0.5	0.010608187625464227	0.015204690636605673	0.3833333333333333	0.1443071491615181	1.0
development	partial_responders	1308	reference	rank1_shrink05	1	0.5877360059815105	0.7444444444444445	0.0	1	0.5	0.010608187625464227	0.015204690636605673	0.3833333333333333	0.1443071491615181	1.0
development	partial_responders	1308	target	rank1_shrink10	2	0.8960365764197722	1.0	0.0	1	1.0	0.014144250167285821	0.10360625418214552	0.3833333333333333	0.1443071491615181	1.0
development	partial_responders	1308	reference	rank1_shrink10	2	0.5903775161207534	0.7444444444444445	0.0	1	1.0	0.014144250167285821	0.10360625418214552	0.3833333333333333	0.1443071491615181	1.0
development	partial_responders	1308	target	rank2_shrink05	3	0.888239303818585	1.0	0.0	2	0.5	0.011027325389089127	0.025683134727228156	0.3833333333333333	0.1443071491615181	1.0
development	partial_responders	1308	reference	rank2_shrink05	3	0.5877360059815105	0.7444444444444445	0.0	2	0.5	0.011027325389089127	0.025683134727228156	0.3833333333333333	0.1443071491615181	1.0
development	partial_responders	1308	target	rank2_shrink10	4	0.8960365764197722	1.0	0.0	2	1.0	0.014703100518785761	0.11757751296964401	0.3833333333333333	0.1443071491615181	1.0
development	partial_responders	1308	reference	rank2_shrink10	4	0.5903775161207534	0.7444444444444445	0.0	2	1.0	0.014703100518785761	0.11757751296964401	0.3833333333333333	0.1443071491615181	1.0
development	partial_responders	1308	target	rank3_shrink05	5	0.888239303818585	1.0	0.0	3	0.5	0.012129467534633065	0.053236688365826616	0.3833333333333333	0.1443071491615181	1.0
development	partial_responders	1308	reference	rank3_shrink05	5	0.5877360059815105	0.7444444444444445	0.0	3	0.5	0.012129467534633065	0.053236688365826616	0.3833333333333333	0.1443071491615181	1.0
development	partial_responders	1308	target	rank3_shrink10	6	0.8960365764197722	1.0	0.0	3	1.0	0.016172623379510642	0.15431558448776606	0.3833333333333333	0.1443071491615181	1.0
development	partial_responders	1308	reference	rank3_shrink10	6	0.5903775161207534	0.7444444444444445	0.0	3	1.0	0.016172623379510642	0.15431558448776606	0.3833333333333333	0.1443071491615181	1.0
development	partial_responders	1309	target	raw_rc6_reference	0	0.7111928962914741	0.8222222222222223	0.0	0	0.0	0.0	0.0	0.35370370370370363	0.10227272727272729	1.0
development	partial_responders	1309	reference	raw_rc6_reference	0	0.8736202698309115	0.9444444444444445	0.0	0	0.0	0.0	0.0	0.35370370370370363	0.10227272727272729	1.0
development	partial_responders	1309	target	rank1_shrink05	1	0.7111928962914741	0.8222222222222223	0.0	1	0.5	0.01438343410773868	0.10958585269346698	0.35370370370370363	0.10227272727272729	1.0
development	partial_responders	1309	reference	rank1_shrink05	1	0.8736202698309115	0.9444444444444445	0.0	1	0.5	0.01438343410773868	0.10958585269346698	0.35370370370370363	0.10227272727272729	1.0
development	partial_responders	1309	target	rank1_shrink10	2	0.7111928962914741	0.8222222222222223	0.0	1	1.0	0.01917791214365172	0.22944780359129302	0.35370370370370363	0.10227272727272729	1.0
development	partial_responders	1309	reference	rank1_shrink10	2	0.8736202698309115	0.9444444444444445	0.0	1	1.0	0.01917791214365172	0.22944780359129302	0.35370370370370363	0.10227272727272729	1.0
development	partial_responders	1309	target	rank2_shrink05	3	0.7111928962914741	0.8222222222222223	0.0	2	0.5	0.015023027416079193	0.12557568540197983	0.35370370370370363	0.10227272727272729	1.0
development	partial_responders	1309	reference	rank2_shrink05	3	0.8736202698309115	0.9444444444444445	0.0	2	0.5	0.015023027416079193	0.12557568540197983	0.35370370370370363	0.10227272727272729	1.0
development	partial_responders	1309	target	rank2_shrink10	4	0.7111928962914741	0.8222222222222223	0.0	2	1.0	0.02003070322143885	0.25076758053597126	0.35370370370370363	0.10227272727272729	1.0
development	partial_responders	1309	reference	rank2_shrink10	4	0.8775290853558823	0.9444444444444445	0.0	2	1.0	0.02003070322143885	0.25076758053597126	0.35370370370370363	0.10227272727272729	1.0
development	partial_responders	1309	target	rank3_shrink05	5	0.7111928962914741	0.8222222222222223	0.0	3	0.5	0.015401428785215887	0.13503571963039718	0.35370370370370363	0.10227272727272729	1.0
development	partial_responders	1309	reference	rank3_shrink05	5	0.8736202698309115	0.9444444444444445	0.0	3	0.5	0.015401428785215887	0.13503571963039718	0.35370370370370363	0.10227272727272729	1.0
development	partial_responders	1309	target	rank3_shrink10	6	0.7111928962914741	0.8222222222222223	0.0	3	1.0	0.020535238380288146	0.26338095950720364	0.35370370370370363	0.10227272727272729	1.0
development	partial_responders	1309	reference	rank3_shrink10	6	0.8775290853558823	0.9444444444444445	0.0	3	1.0	0.020535238380288146	0.26338095950720364	0.35370370370370363	0.10227272727272729	1.0
development	partial_responders	1310	target	raw_rc6_reference	0	0.8117306906855449	0.9333333333333333	0.0	0	0.0	0.0	0.0	0.35925925925925917	0.14119291705498604	1.0
development	partial_responders	1310	reference	raw_rc6_reference	0	0.7865136632236046	0.9666666666666668	0.0	0	0.0	0.0	0.0	0.35925925925925917	0.14119291705498604	1.0
development	partial_responders	1310	target	rank1_shrink05	1	0.8117306906855449	0.9333333333333333	0.0	1	0.5	0.011197824199078332	0.0299456049769583	0.35925925925925917	0.14119291705498604	1.0
development	partial_responders	1310	reference	rank1_shrink05	1	0.7865136632236046	0.9666666666666668	0.0	1	0.5	0.011197824199078332	0.0299456049769583	0.35925925925925917	0.14119291705498604	1.0
development	partial_responders	1310	target	rank1_shrink10	2	0.8117306906855449	0.9333333333333333	0.0	1	1.0	0.01493043226543822	0.1232608066359555	0.35925925925925917	0.14119291705498604	1.0
development	partial_responders	1310	reference	rank1_shrink10	2	0.7865136632236046	0.9666666666666668	0.0	1	1.0	0.01493043226543822	0.1232608066359555	0.35925925925925917	0.14119291705498604	1.0
development	partial_responders	1310	target	rank2_shrink05	3	0.8117306906855449	0.9333333333333333	0.0	2	0.5	0.011334458766726674	0.03336146916816684	0.35925925925925917	0.14119291705498604	1.0
development	partial_responders	1310	reference	rank2_shrink05	3	0.7865136632236046	0.9666666666666668	0.0	2	0.5	0.011334458766726674	0.03336146916816684	0.35925925925925917	0.14119291705498604	1.0
development	partial_responders	1310	target	rank2_shrink10	4	0.8117306906855449	0.9333333333333333	0.0	2	1.0	0.01511261168896938	0.1278152922242345	0.35925925925925917	0.14119291705498604	1.0
development	partial_responders	1310	reference	rank2_shrink10	4	0.7865136632236046	0.9666666666666668	0.0	2	1.0	0.01511261168896938	0.1278152922242345	0.35925925925925917	0.14119291705498604	1.0
development	partial_responders	1310	target	rank3_shrink05	5	0.8117306906855449	0.9333333333333333	0.0	3	0.5	0.012101463212653485	0.052536580316337116	0.35925925925925917	0.14119291705498604	1.0
development	partial_responders	1310	reference	rank3_shrink05	5	0.7865136632236046	0.9666666666666668	0.0	3	0.5	0.012101463212653485	0.052536580316337116	0.35925925925925917	0.14119291705498604	1.0
development	partial_responders	1310	target	rank3_shrink10	6	0.8117306906855449	0.9333333333333333	0.0	3	1.0	0.016135284283538054	0.15338210708845135	0.35925925925925917	0.14119291705498604	1.0
development	partial_responders	1310	reference	rank3_shrink10	6	0.7865136632236046	0.9666666666666668	0.0	3	1.0	0.016135284283538054	0.15338210708845135	0.35925925925925917	0.14119291705498604	1.0
development	partial_responders	1311	target	raw_rc6_reference	0	0.8355205301859872	0.8222222222222222	0.0	0	0.0	0.0	0.0	0.2981481481481483	0.0855130784708249	1.0
development	partial_responders	1311	reference	raw_rc6_reference	0	0.8608589853400456	1.0	0.0	0	0.0	0.0	0.0	0.2981481481481483	0.0855130784708249	1.0
development	partial_responders	1311	target	rank1_shrink05	1	0.8472700376417276	0.8222222222222222	0.0	1	0.5	0.016048156666300883	0.15120391665752209	0.2981481481481483	0.0855130784708249	1.0
development	partial_responders	1311	reference	rank1_shrink05	1	0.8387523346591077	1.0	0.0	1	0.5	0.016048156666300883	0.15120391665752209	0.2981481481481483	0.0855130784708249	1.0
development	partial_responders	1311	target	rank1_shrink10	2	0.8472700376417276	0.8222222222222222	0.0	1	1.0	0.02139754222173451	0.2849385555433628	0.2981481481481483	0.0855130784708249	1.0
development	partial_responders	1311	reference	rank1_shrink10	2	0.843303703916948	1.0	0.0	1	1.0	0.02139754222173451	0.2849385555433628	0.2981481481481483	0.0855130784708249	1.0
development	partial_responders	1311	target	rank2_shrink05	3	0.8472700376417276	0.8222222222222222	0.0	2	0.5	0.017702557875089342	0.19256394687723355	0.2981481481481483	0.0855130784708249	1.0
development	partial_responders	1311	reference	rank2_shrink05	3	0.8387523346591077	1.0	0.0	2	0.5	0.017702557875089342	0.19256394687723355	0.2981481481481483	0.0855130784708249	1.0
development	partial_responders	1311	target	rank2_shrink10	4	0.8472700376417276	0.8222222222222222	0.0	2	1.0	0.02360341050011938	0.34008526250298454	0.2981481481481483	0.0855130784708249	1.0
development	partial_responders	1311	reference	rank2_shrink10	4	0.843303703916948	1.0	0.0	2	1.0	0.02360341050011938	0.34008526250298454	0.2981481481481483	0.0855130784708249	1.0
development	partial_responders	1311	target	rank3_shrink05	5	0.8472700376417276	0.8222222222222222	0.0	3	0.5	0.01781724105151794	0.1954310262879485	0.2981481481481483	0.0855130784708249	1.0
development	partial_responders	1311	reference	rank3_shrink05	5	0.8387523346591077	1.0	0.0	3	0.5	0.01781724105151794	0.1954310262879485	0.2981481481481483	0.0855130784708249	1.0
development	partial_responders	1311	target	rank3_shrink10	6	0.8472700376417276	0.8222222222222222	0.0	3	1.0	0.023756321402024216	0.3439080350506054	0.2981481481481483	0.0855130784708249	1.0
development	partial_responders	1311	reference	rank3_shrink10	6	0.843303703916948	1.0	0.0	3	1.0	0.023756321402024216	0.3439080350506054	0.2981481481481483	0.0855130784708249	1.0
development	partial_responders	1312	target	raw_rc6_reference	0	0.793220789209587	1.0	0.0	0	0.0	0.0	0.0	0.2666666666666666	0.14457831325301207	1.0
development	partial_responders	1312	reference	raw_rc6_reference	0	0.705391807951541	0.7777777777777779	0.0	0	0.0	0.0	0.0	0.2666666666666666	0.14457831325301207	1.0
development	partial_responders	1312	target	rank1_shrink05	1	0.7919075097572534	1.0	0.0	1	0.5	0.012588356754655972	0.06470891886639929	0.2666666666666666	0.14457831325301207	1.0
development	partial_responders	1312	reference	rank1_shrink05	1	0.7132222443025296	0.7777777777777779	0.0	1	0.5	0.012588356754655972	0.06470891886639929	0.2666666666666666	0.14457831325301207	1.0
development	partial_responders	1312	target	rank1_shrink10	2	0.7905942303049196	1.0	0.0	1	1.0	0.016784475672874777	0.16961189182186942	0.2666666666666666	0.14457831325301207	1.0
development	partial_responders	1312	reference	rank1_shrink10	2	0.7021291261386292	0.7666666666666667	0.0	1	1.0	0.016784475672874777	0.16961189182186942	0.2666666666666666	0.14457831325301207	1.0
development	partial_responders	1312	target	rank2_shrink05	3	0.7919075097572534	1.0	0.0	2	0.5	0.013203314369009789	0.08008285922524472	0.2666666666666666	0.14457831325301207	1.0
development	partial_responders	1312	reference	rank2_shrink05	3	0.7021291261386292	0.7666666666666667	0.0	2	0.5	0.013203314369009789	0.08008285922524472	0.2666666666666666	0.14457831325301207	1.0
development	partial_responders	1312	target	rank2_shrink10	4	0.7905942303049196	1.0	0.0	2	1.0	0.01760441915867972	0.19011047896699296	0.2666666666666666	0.14457831325301207	1.0
development	partial_responders	1312	reference	rank2_shrink10	4	0.7021291261386292	0.7666666666666667	0.0	2	1.0	0.01760441915867972	0.19011047896699296	0.2666666666666666	0.14457831325301207	1.0
development	partial_responders	1312	target	rank3_shrink05	5	0.7905942303049196	1.0	0.0	3	0.5	0.013893797297429789	0.0973449324357447	0.2666666666666666	0.14457831325301207	1.0
development	partial_responders	1312	reference	rank3_shrink05	5	0.7021291261386292	0.7666666666666667	0.0	3	0.5	0.013893797297429789	0.0973449324357447	0.2666666666666666	0.14457831325301207	1.0
development	partial_responders	1312	target	rank3_shrink10	6	0.7905942303049196	1.0	0.0	3	1.0	0.018525063063239866	0.21312657658099665	0.2666666666666666	0.14457831325301207	1.0
development	partial_responders	1312	reference	rank3_shrink10	6	0.7060443443141234	0.7666666666666667	0.0	3	1.0	0.018525063063239866	0.21312657658099665	0.2666666666666666	0.14457831325301207	1.0
development	weak_two_part	1301	target	raw_rc6_reference	0	0.7822994588414323	0.9111111111111112	0.0	0	0.0	0.0	0.0	0.2796296296296297	0.11256038647342992	1.0
development	weak_two_part	1301	reference	raw_rc6_reference	0	0.68445153150707	0.8555555555555556	0.0	0	0.0	0.0	0.0	0.2796296296296297	0.11256038647342992	1.0
development	weak_two_part	1301	target	rank1_shrink05	1	0.7822994588414323	0.9111111111111112	0.0	1	0.5	0.0011247220895258536	0.0	0.2796296296296297	0.11256038647342992	1.0
development	weak_two_part	1301	reference	rank1_shrink05	1	0.68445153150707	0.8555555555555556	0.0	1	0.5	0.0011247220895258536	0.0	0.2796296296296297	0.11256038647342992	1.0
development	weak_two_part	1301	target	rank1_shrink10	2	0.7822994588414323	0.9111111111111112	0.0	1	1.0	0.0014996294527012122	0.0	0.2796296296296297	0.11256038647342992	1.0
development	weak_two_part	1301	reference	rank1_shrink10	2	0.68445153150707	0.8555555555555556	0.0	1	1.0	0.0014996294527012122	0.0	0.2796296296296297	0.11256038647342992	1.0
development	weak_two_part	1301	target	rank2_shrink05	3	0.7822994588414323	0.9111111111111112	0.0	2	0.5	0.0015808261075199725	0.0	0.2796296296296297	0.11256038647342992	1.0
development	weak_two_part	1301	reference	rank2_shrink05	3	0.68445153150707	0.8555555555555556	0.0	2	0.5	0.0015808261075199725	0.0	0.2796296296296297	0.11256038647342992	1.0
development	weak_two_part	1301	target	rank2_shrink10	4	0.7822994588414323	0.9111111111111112	0.0	2	1.0	0.0021077681433598894	0.0	0.2796296296296297	0.11256038647342992	1.0
development	weak_two_part	1301	reference	rank2_shrink10	4	0.68445153150707	0.8555555555555556	0.0	2	1.0	0.0021077681433598894	0.0	0.2796296296296297	0.11256038647342992	1.0
development	weak_two_part	1301	target	rank3_shrink05	5	0.7822994588414323	0.9111111111111112	0.0	3	0.5	0.00235908464699075	0.0	0.2796296296296297	0.11256038647342992	1.0
development	weak_two_part	1301	reference	rank3_shrink05	5	0.68445153150707	0.8555555555555556	0.0	3	0.5	0.00235908464699075	0.0	0.2796296296296297	0.11256038647342992	1.0
development	weak_two_part	1301	target	rank3_shrink10	6	0.7822994588414323	0.9111111111111112	0.0	3	1.0	0.0031454461959876667	0.0	0.2796296296296297	0.11256038647342992	1.0
development	weak_two_part	1301	reference	rank3_shrink10	6	0.68445153150707	0.8555555555555556	0.0	3	1.0	0.0031454461959876667	0.0	0.2796296296296297	0.11256038647342992	1.0
development	weak_two_part	1302	target	raw_rc6_reference	0	0.7120096572150807	0.8571428571428571	0.0	0	0.0	0.0	0.0	0.35185185185185164	0.13996554694229113	1.0
development	weak_two_part	1302	reference	raw_rc6_reference	0	0.5851716700608502	0.8272727272727274	0.0	0	0.0	0.0	0.0	0.35185185185185164	0.13996554694229113	1.0
development	weak_two_part	1302	target	rank1_shrink05	1	0.7120096572150807	0.8571428571428571	0.0	1	0.5	0.0007042468762123999	0.0	0.35185185185185164	0.13996554694229113	1.0
development	weak_two_part	1302	reference	rank1_shrink05	1	0.5851716700608502	0.8272727272727274	0.0	1	0.5	0.0007042468762123999	0.0	0.35185185185185164	0.13996554694229113	1.0
development	weak_two_part	1302	target	rank1_shrink10	2	0.7120096572150807	0.8571428571428571	0.0	1	1.0	0.0009389958349500516	0.0	0.35185185185185164	0.13996554694229113	1.0
development	weak_two_part	1302	reference	rank1_shrink10	2	0.5851716700608502	0.8272727272727274	0.0	1	1.0	0.0009389958349500516	0.0	0.35185185185185164	0.13996554694229113	1.0
development	weak_two_part	1302	target	rank2_shrink05	3	0.7120096572150807	0.8571428571428571	0.0	2	0.5	0.001197962823949017	0.0	0.35185185185185164	0.13996554694229113	1.0
development	weak_two_part	1302	reference	rank2_shrink05	3	0.5851716700608502	0.8272727272727274	0.0	2	0.5	0.001197962823949017	0.0	0.35185185185185164	0.13996554694229113	1.0
development	weak_two_part	1302	target	rank2_shrink10	4	0.7120096572150807	0.8571428571428571	0.0	2	1.0	0.001597283765265356	0.0	0.35185185185185164	0.13996554694229113	1.0
development	weak_two_part	1302	reference	rank2_shrink10	4	0.5851716700608502	0.8272727272727274	0.0	2	1.0	0.001597283765265356	0.0	0.35185185185185164	0.13996554694229113	1.0
development	weak_two_part	1302	target	rank3_shrink05	5	0.7120096572150807	0.8571428571428571	0.0	3	0.5	0.002442868280603694	0.0	0.35185185185185164	0.13996554694229113	1.0
development	weak_two_part	1302	reference	rank3_shrink05	5	0.5851716700608502	0.8272727272727274	0.0	3	0.5	0.002442868280603694	0.0	0.35185185185185164	0.13996554694229113	1.0
development	weak_two_part	1302	target	rank3_shrink10	6	0.7120096572150807	0.8571428571428571	0.0	3	1.0	0.003257157707471814	0.0	0.35185185185185164	0.13996554694229113	1.0
development	weak_two_part	1302	reference	rank3_shrink10	6	0.5851716700608502	0.8272727272727274	0.0	3	1.0	0.003257157707471814	0.0	0.35185185185185164	0.13996554694229113	1.0
development	weak_two_part	1303	target	raw_rc6_reference	0	0.7781628965901098	0.8777777777777778	0.0	0	0.0	0.0	0.0	0.3648148148148147	0.10174418604651159	1.0
development	weak_two_part	1303	reference	raw_rc6_reference	0	0.7985706689049312	0.9555555555555556	0.0	0	0.0	0.0	0.0	0.3648148148148147	0.10174418604651159	1.0
development	weak_two_part	1303	target	rank1_shrink05	1	0.7781628965901098	0.8777777777777778	0.0	1	0.5	0.0012987191967513967	0.0	0.3648148148148147	0.10174418604651159	1.0
development	weak_two_part	1303	reference	rank1_shrink05	1	0.7985706689049312	0.9555555555555556	0.0	1	0.5	0.0012987191967513967	0.0	0.3648148148148147	0.10174418604651159	1.0
development	weak_two_part	1303	target	rank1_shrink10	2	0.7781628965901098	0.8777777777777778	0.0	1	1.0	0.001731625595668529	0.0	0.3648148148148147	0.10174418604651159	1.0
development	weak_two_part	1303	reference	rank1_shrink10	2	0.7985706689049312	0.9555555555555556	0.0	1	1.0	0.001731625595668529	0.0	0.3648148148148147	0.10174418604651159	1.0
development	weak_two_part	1303	target	rank2_shrink05	3	0.7781628965901098	0.8777777777777778	0.0	2	0.5	0.0025699805872561043	0.0	0.3648148148148147	0.10174418604651159	1.0
development	weak_two_part	1303	reference	rank2_shrink05	3	0.7985706689049312	0.9555555555555556	0.0	2	0.5	0.0025699805872561043	0.0	0.3648148148148147	0.10174418604651159	1.0
development	weak_two_part	1303	target	rank2_shrink10	4	0.7781628965901098	0.8777777777777778	0.0	2	1.0	0.003426640783008472	0.0	0.3648148148148147	0.10174418604651159	1.0
development	weak_two_part	1303	reference	rank2_shrink10	4	0.7985706689049312	0.9555555555555556	0.0	2	1.0	0.003426640783008472	0.0	0.3648148148148147	0.10174418604651159	1.0
development	weak_two_part	1303	target	rank3_shrink05	5	0.7781628965901098	0.8777777777777778	0.0	3	0.5	0.0029204559895835702	0.0	0.3648148148148147	0.10174418604651159	1.0
development	weak_two_part	1303	reference	rank3_shrink05	5	0.7985706689049312	0.9555555555555556	0.0	3	0.5	0.0029204559895835702	0.0	0.3648148148148147	0.10174418604651159	1.0
development	weak_two_part	1303	target	rank3_shrink10	6	0.7781628965901098	0.8777777777777778	0.0	3	1.0	0.0038939413194448713	0.0	0.3648148148148147	0.10174418604651159	1.0
development	weak_two_part	1303	reference	rank3_shrink10	6	0.7985706689049312	0.9555555555555556	0.0	3	1.0	0.0038939413194448713	0.0	0.3648148148148147	0.10174418604651159	1.0
development	weak_two_part	1304	target	raw_rc6_reference	0	0.7438888929006958	0.9777777777777777	0.0	0	0.0	0.0	0.0	0.2944444444444443	0.11685055165496494	1.0
development	weak_two_part	1304	reference	raw_rc6_reference	0	0.838479436543975	0.9222222222222223	0.0	0	0.0	0.0	0.0	0.2944444444444443	0.11685055165496494	1.0
development	weak_two_part	1304	target	rank1_shrink05	1	0.7438888929006958	0.9777777777777777	0.0	1	0.5	0.0019223101145576793	0.0	0.2944444444444443	0.11685055165496494	1.0
development	weak_two_part	1304	reference	rank1_shrink05	1	0.838479436543975	0.9222222222222223	0.0	1	0.5	0.0019223101145576793	0.0	0.2944444444444443	0.11685055165496494	1.0
development	weak_two_part	1304	target	rank1_shrink10	2	0.7438888929006958	0.9777777777777777	0.0	1	1.0	0.0025630801527435354	0.0	0.2944444444444443	0.11685055165496494	1.0
development	weak_two_part	1304	reference	rank1_shrink10	2	0.838479436543975	0.9222222222222223	0.0	1	1.0	0.0025630801527435354	0.0	0.2944444444444443	0.11685055165496494	1.0
development	weak_two_part	1304	target	rank2_shrink05	3	0.7438888929006958	0.9777777777777777	0.0	2	0.5	0.0032878293357461175	0.0	0.2944444444444443	0.11685055165496494	1.0
development	weak_two_part	1304	reference	rank2_shrink05	3	0.838479436543975	0.9222222222222223	0.0	2	0.5	0.0032878293357461175	0.0	0.2944444444444443	0.11685055165496494	1.0
development	weak_two_part	1304	target	rank2_shrink10	4	0.7438888929006958	0.9777777777777777	0.0	2	1.0	0.004383772447661638	0.0	0.2944444444444443	0.11685055165496494	1.0
development	weak_two_part	1304	reference	rank2_shrink10	4	0.838479436543975	0.9222222222222223	0.0	2	1.0	0.004383772447661638	0.0	0.2944444444444443	0.11685055165496494	1.0
development	weak_two_part	1304	target	rank3_shrink05	5	0.7438888929006958	0.9777777777777777	0.0	3	0.5	0.003401931699754779	0.0	0.2944444444444443	0.11685055165496494	1.0
development	weak_two_part	1304	reference	rank3_shrink05	5	0.838479436543975	0.9222222222222223	0.0	3	0.5	0.003401931699754779	0.0	0.2944444444444443	0.11685055165496494	1.0
development	weak_two_part	1304	target	rank3_shrink10	6	0.7438888929006958	0.9777777777777777	0.0	3	1.0	0.004535908933006594	0.0	0.2944444444444443	0.11685055165496494	1.0
development	weak_two_part	1304	reference	rank3_shrink10	6	0.838479436543975	0.9222222222222223	0.0	3	1.0	0.004535908933006594	0.0	0.2944444444444443	0.11685055165496494	1.0
development	weak_two_part	1305	target	raw_rc6_reference	0	0.6240272260627577	0.8777777777777778	0.0	0	0.0	0.0	0.0	0.32407407407407396	0.12450980392156863	1.0
development	weak_two_part	1305	reference	raw_rc6_reference	0	0.922077922077922	0.9666666666666667	0.0	0	0.0	0.0	0.0	0.32407407407407396	0.12450980392156863	1.0
development	weak_two_part	1305	target	rank1_shrink05	1	0.6240272260627577	0.8777777777777778	0.0	1	0.5	0.002113352604222407	0.0	0.32407407407407396	0.12450980392156863	1.0
development	weak_two_part	1305	reference	rank1_shrink05	1	0.922077922077922	0.9666666666666667	0.0	1	0.5	0.002113352604222407	0.0	0.32407407407407396	0.12450980392156863	1.0
development	weak_two_part	1305	target	rank1_shrink10	2	0.6240272260627577	0.8777777777777778	0.0	1	1.0	0.002817803472296654	0.0	0.32407407407407396	0.12450980392156863	1.0
development	weak_two_part	1305	reference	rank1_shrink10	2	0.922077922077922	0.9666666666666667	0.0	1	1.0	0.002817803472296654	0.0	0.32407407407407396	0.12450980392156863	1.0
development	weak_two_part	1305	target	rank2_shrink05	3	0.6240272260627577	0.8777777777777778	0.0	2	0.5	0.0022097672135471536	0.0	0.32407407407407396	0.12450980392156863	1.0
development	weak_two_part	1305	reference	rank2_shrink05	3	0.922077922077922	0.9666666666666667	0.0	2	0.5	0.0022097672135471536	0.0	0.32407407407407396	0.12450980392156863	1.0
development	weak_two_part	1305	target	rank2_shrink10	4	0.6240272260627577	0.8777777777777778	0.0	2	1.0	0.002946356284729612	0.0	0.32407407407407396	0.12450980392156863	1.0
development	weak_two_part	1305	reference	rank2_shrink10	4	0.922077922077922	0.9666666666666667	0.0	2	1.0	0.002946356284729612	0.0	0.32407407407407396	0.12450980392156863	1.0
development	weak_two_part	1305	target	rank3_shrink05	5	0.6240272260627577	0.8777777777777778	0.0	3	0.5	0.002625298861481995	0.0	0.32407407407407396	0.12450980392156863	1.0
development	weak_two_part	1305	reference	rank3_shrink05	5	0.922077922077922	0.9666666666666667	0.0	3	0.5	0.002625298861481995	0.0	0.32407407407407396	0.12450980392156863	1.0
development	weak_two_part	1305	target	rank3_shrink10	6	0.6240272260627577	0.8777777777777778	0.0	3	1.0	0.0035003984819761413	0.0	0.32407407407407396	0.12450980392156863	1.0
development	weak_two_part	1305	reference	rank3_shrink10	6	0.922077922077922	0.9666666666666667	0.0	3	1.0	0.0035003984819761413	0.0	0.32407407407407396	0.12450980392156863	1.0
development	weak_two_part	1306	target	raw_rc6_reference	0	0.9314271570290824	1.0	0.0	0	0.0	0.0	0.0	0.30925925925925934	0.12949956101843718	1.0
development	weak_two_part	1306	reference	raw_rc6_reference	0	0.7574224170226046	0.7444444444444445	0.0	0	0.0	0.0	0.0	0.30925925925925934	0.12949956101843718	1.0
development	weak_two_part	1306	target	rank1_shrink05	1	0.9314271570290824	1.0	0.0	1	0.5	0.0003098456594897714	0.0	0.30925925925925934	0.12949956101843718	1.0
development	weak_two_part	1306	reference	rank1_shrink05	1	0.7574224170226046	0.7444444444444445	0.0	1	0.5	0.0003098456594897714	0.0	0.30925925925925934	0.12949956101843718	1.0
development	weak_two_part	1306	target	rank1_shrink10	2	0.9314271570290824	1.0	0.0	1	1.0	0.0004131275459865469	0.0	0.30925925925925934	0.12949956101843718	1.0
development	weak_two_part	1306	reference	rank1_shrink10	2	0.7574224170226046	0.7444444444444445	0.0	1	1.0	0.0004131275459865469	0.0	0.30925925925925934	0.12949956101843718	1.0
development	weak_two_part	1306	target	rank2_shrink05	3	0.9314271570290824	1.0	0.0	2	0.5	0.0013350036270645127	0.0	0.30925925925925934	0.12949956101843718	1.0
development	weak_two_part	1306	reference	rank2_shrink05	3	0.7574224170226046	0.7444444444444445	0.0	2	0.5	0.0013350036270645127	0.0	0.30925925925925934	0.12949956101843718	1.0
development	weak_two_part	1306	target	rank2_shrink10	4	0.9314271570290824	1.0	0.0	2	1.0	0.001780004836086091	0.0	0.30925925925925934	0.12949956101843718	1.0
development	weak_two_part	1306	reference	rank2_shrink10	4	0.7574224170226046	0.7444444444444445	0.0	2	1.0	0.001780004836086091	0.0	0.30925925925925934	0.12949956101843718	1.0
development	weak_two_part	1306	target	rank3_shrink05	5	0.9314271570290824	1.0	0.0	3	0.5	0.0018891113581160912	0.0	0.30925925925925934	0.12949956101843718	1.0
development	weak_two_part	1306	reference	rank3_shrink05	5	0.7574224170226046	0.7444444444444445	0.0	3	0.5	0.0018891113581160912	0.0	0.30925925925925934	0.12949956101843718	1.0
development	weak_two_part	1306	target	rank3_shrink10	6	0.9314271570290824	1.0	0.0	3	1.0	0.0025188151441549733	0.0	0.30925925925925934	0.12949956101843718	1.0
development	weak_two_part	1306	reference	rank3_shrink10	6	0.7574224170226046	0.7444444444444445	0.0	3	1.0	0.0025188151441549733	0.0	0.30925925925925934	0.12949956101843718	1.0
development	weak_two_part	1307	target	raw_rc6_reference	0	0.11090597004468584		0.0	0	0.0	0.0	0.0	0.3685185185185187	0.10329670329670326	1.0
development	weak_two_part	1307	reference	raw_rc6_reference	0	0.9073777468336349	0.9285714285714286	0.0	0	0.0	0.0	0.0	0.3685185185185187	0.10329670329670326	1.0
development	weak_two_part	1307	target	rank1_shrink05	1	0.11090597004468584		0.0	1	0.5	0.0004752814241606451	0.0	0.3685185185185187	0.10329670329670326	1.0
development	weak_two_part	1307	reference	rank1_shrink05	1	0.9073777468336349	0.9285714285714286	0.0	1	0.5	0.0004752814241606451	0.0	0.3685185185185187	0.10329670329670326	1.0
development	weak_two_part	1307	target	rank1_shrink10	2	0.11090597004468584		0.0	1	1.0	0.0006337085655476749	0.0	0.3685185185185187	0.10329670329670326	1.0
development	weak_two_part	1307	reference	rank1_shrink10	2	0.9073777468336349	0.9285714285714286	0.0	1	1.0	0.0006337085655476749	0.0	0.3685185185185187	0.10329670329670326	1.0
development	weak_two_part	1307	target	rank2_shrink05	3	0.11090597004468584		0.0	2	0.5	0.0009246277155841032	0.0	0.3685185185185187	0.10329670329670326	1.0
development	weak_two_part	1307	reference	rank2_shrink05	3	0.9073777468336349	0.9285714285714286	0.0	2	0.5	0.0009246277155841032	0.0	0.3685185185185187	0.10329670329670326	1.0
development	weak_two_part	1307	target	rank2_shrink10	4	0.11090597004468584		0.0	2	1.0	0.0012328369541126927	0.0	0.3685185185185187	0.10329670329670326	1.0
development	weak_two_part	1307	reference	rank2_shrink10	4	0.9073777468336349	0.9285714285714286	0.0	2	1.0	0.0012328369541126927	0.0	0.3685185185185187	0.10329670329670326	1.0
development	weak_two_part	1307	target	rank3_shrink05	5	0.11090597004468584		0.0	3	0.5	0.0013529266943163032	0.0	0.3685185185185187	0.10329670329670326	1.0
development	weak_two_part	1307	reference	rank3_shrink05	5	0.9073777468336349	0.9285714285714286	0.0	3	0.5	0.0013529266943163032	0.0	0.3685185185185187	0.10329670329670326	1.0
development	weak_two_part	1307	target	rank3_shrink10	6	0.11090597004468584		0.0	3	1.0	0.0018039022590887743	0.0	0.3685185185185187	0.10329670329670326	1.0
development	weak_two_part	1307	reference	rank3_shrink10	6	0.9073777468336349	0.9285714285714286	0.0	3	1.0	0.0018039022590887743	0.0	0.3685185185185187	0.10329670329670326	1.0
development	weak_two_part	1308	target	raw_rc6_reference	0	0.8687461223156169	0.9666666666666667	0.0	0	0.0	0.0	0.0	0.2796296296296297	0.15198618307426592	1.0
development	weak_two_part	1308	reference	raw_rc6_reference	0	0.5712265676112434	0.7555555555555555	0.0	0	0.0	0.0	0.0	0.2796296296296297	0.15198618307426592	1.0
development	weak_two_part	1308	target	rank1_shrink05	1	0.8687461223156169	0.9666666666666667	0.0	1	0.5	0.0021284307220716947	0.0	0.2796296296296297	0.15198618307426592	1.0
development	weak_two_part	1308	reference	rank1_shrink05	1	0.5712265676112434	0.7555555555555555	0.0	1	0.5	0.0021284307220716947	0.0	0.2796296296296297	0.15198618307426592	1.0
development	weak_two_part	1308	target	rank1_shrink10	2	0.8687461223156169	0.9666666666666667	0.0	1	1.0	0.0028379076294290373	0.0	0.2796296296296297	0.15198618307426592	1.0
development	weak_two_part	1308	reference	rank1_shrink10	2	0.5712265676112434	0.7555555555555555	0.0	1	1.0	0.0028379076294290373	0.0	0.2796296296296297	0.15198618307426592	1.0
development	weak_two_part	1308	target	rank2_shrink05	3	0.8687461223156169	0.9666666666666667	0.0	2	0.5	0.0027319321391306994	0.0	0.2796296296296297	0.15198618307426592	1.0
development	weak_two_part	1308	reference	rank2_shrink05	3	0.5712265676112434	0.7555555555555555	0.0	2	0.5	0.0027319321391306994	0.0	0.2796296296296297	0.15198618307426592	1.0
development	weak_two_part	1308	target	rank2_shrink10	4	0.8687461223156169	0.9666666666666667	0.0	2	1.0	0.0036425761855076733	0.0	0.2796296296296297	0.15198618307426592	1.0
development	weak_two_part	1308	reference	rank2_shrink10	4	0.5712265676112434	0.7555555555555555	0.0	2	1.0	0.0036425761855076733	0.0	0.2796296296296297	0.15198618307426592	1.0
development	weak_two_part	1308	target	rank3_shrink05	5	0.8687461223156169	0.9666666666666667	0.0	3	0.5	0.0029613936366391647	0.0	0.2796296296296297	0.15198618307426592	1.0
development	weak_two_part	1308	reference	rank3_shrink05	5	0.5712265676112434	0.7555555555555555	0.0	3	0.5	0.0029613936366391647	0.0	0.2796296296296297	0.15198618307426592	1.0
development	weak_two_part	1308	target	rank3_shrink10	6	0.8687461223156169	0.9666666666666667	0.0	3	1.0	0.0039485248488522195	0.0	0.2796296296296297	0.15198618307426592	1.0
development	weak_two_part	1308	reference	rank3_shrink10	6	0.5712265676112434	0.7555555555555555	0.0	3	1.0	0.0039485248488522195	0.0	0.2796296296296297	0.15198618307426592	1.0
development	weak_two_part	1309	target	raw_rc6_reference	0	0.7236814961339307	0.8444444444444444	0.0	0	0.0	0.0	0.0	0.2962962962962963	0.08850787766450419	1.0
development	weak_two_part	1309	reference	raw_rc6_reference	0	0.9029363862681905	0.9555555555555556	0.0	0	0.0	0.0	0.0	0.2962962962962963	0.08850787766450419	1.0
development	weak_two_part	1309	target	rank1_shrink05	1	0.7236814961339307	0.8444444444444444	0.0	1	0.5	0.0013374749137416986	0.0	0.2962962962962963	0.08850787766450419	1.0
development	weak_two_part	1309	reference	rank1_shrink05	1	0.9029363862681905	0.9555555555555556	0.0	1	0.5	0.0013374749137416986	0.0	0.2962962962962963	0.08850787766450419	1.0
development	weak_two_part	1309	target	rank1_shrink10	2	0.7236814961339307	0.8444444444444444	0.0	1	1.0	0.0017832998849890425	0.0	0.2962962962962963	0.08850787766450419	1.0
development	weak_two_part	1309	reference	rank1_shrink10	2	0.9029363862681905	0.9555555555555556	0.0	1	1.0	0.0017832998849890425	0.0	0.2962962962962963	0.08850787766450419	1.0
development	weak_two_part	1309	target	rank2_shrink05	3	0.7236814961339307	0.8444444444444444	0.0	2	0.5	0.001626592155156259	0.0	0.2962962962962963	0.08850787766450419	1.0
development	weak_two_part	1309	reference	rank2_shrink05	3	0.9029363862681905	0.9555555555555556	0.0	2	0.5	0.001626592155156259	0.0	0.2962962962962963	0.08850787766450419	1.0
development	weak_two_part	1309	target	rank2_shrink10	4	0.7236814961339307	0.8444444444444444	0.0	2	1.0	0.0021687895402088264	0.0	0.2962962962962963	0.08850787766450419	1.0
development	weak_two_part	1309	reference	rank2_shrink10	4	0.9029363862681905	0.9555555555555556	0.0	2	1.0	0.0021687895402088264	0.0	0.2962962962962963	0.08850787766450419	1.0
development	weak_two_part	1309	target	rank3_shrink05	5	0.7236814961339307	0.8444444444444444	0.0	3	0.5	0.002225287964004785	0.0	0.2962962962962963	0.08850787766450419	1.0
development	weak_two_part	1309	reference	rank3_shrink05	5	0.9029363862681905	0.9555555555555556	0.0	3	0.5	0.002225287964004785	0.0	0.2962962962962963	0.08850787766450419	1.0
development	weak_two_part	1309	target	rank3_shrink10	6	0.7236814961339307	0.8444444444444444	0.0	3	1.0	0.002967050618673084	0.0	0.2962962962962963	0.08850787766450419	1.0
development	weak_two_part	1309	reference	rank3_shrink10	6	0.9029363862681905	0.9555555555555556	0.0	3	1.0	0.002967050618673084	0.0	0.2962962962962963	0.08850787766450419	1.0
development	weak_two_part	1310	target	raw_rc6_reference	0	0.7648249043858987	0.9111111111111112	0.0	0	0.0	0.0	0.0	0.3018518518518518	0.12737642585551334	1.0
development	weak_two_part	1310	reference	raw_rc6_reference	0	0.7785623877739979	0.9444444444444445	0.0	0	0.0	0.0	0.0	0.3018518518518518	0.12737642585551334	1.0
development	weak_two_part	1310	target	rank1_shrink05	1	0.7648249043858987	0.9111111111111112	0.0	1	0.5	0.00048004310797788996	0.0	0.3018518518518518	0.12737642585551334	1.0
development	weak_two_part	1310	reference	rank1_shrink05	1	0.7785623877739979	0.9444444444444445	0.0	1	0.5	0.00048004310797788996	0.0	0.3018518518518518	0.12737642585551334	1.0
development	weak_two_part	1310	target	rank1_shrink10	2	0.7648249043858987	0.9111111111111112	0.0	1	1.0	0.0006400574773037793	0.0	0.3018518518518518	0.12737642585551334	1.0
development	weak_two_part	1310	reference	rank1_shrink10	2	0.7785623877739979	0.9444444444444445	0.0	1	1.0	0.0006400574773037793	0.0	0.3018518518518518	0.12737642585551334	1.0
development	weak_two_part	1310	target	rank2_shrink05	3	0.7648249043858987	0.9111111111111112	0.0	2	0.5	0.0009692290879713683	0.0	0.3018518518518518	0.12737642585551334	1.0
development	weak_two_part	1310	reference	rank2_shrink05	3	0.7785623877739979	0.9444444444444445	0.0	2	0.5	0.0009692290879713683	0.0	0.3018518518518518	0.12737642585551334	1.0
development	weak_two_part	1310	target	rank2_shrink10	4	0.7648249043858987	0.9111111111111112	0.0	2	1.0	0.0012923054506287501	0.0	0.3018518518518518	0.12737642585551334	1.0
development	weak_two_part	1310	reference	rank2_shrink10	4	0.7785623877739979	0.9444444444444445	0.0	2	1.0	0.0012923054506287501	0.0	0.3018518518518518	0.12737642585551334	1.0
development	weak_two_part	1310	target	rank3_shrink05	5	0.7648249043858987	0.9111111111111112	0.0	3	0.5	0.0012642287387708562	0.0	0.3018518518518518	0.12737642585551334	1.0
development	weak_two_part	1310	reference	rank3_shrink05	5	0.7785623877739979	0.9444444444444445	0.0	3	0.5	0.0012642287387708562	0.0	0.3018518518518518	0.12737642585551334	1.0
development	weak_two_part	1310	target	rank3_shrink10	6	0.7648249043858987	0.9111111111111112	0.0	3	1.0	0.0016856383183613266	0.0	0.3018518518518518	0.12737642585551334	1.0
development	weak_two_part	1310	reference	rank3_shrink10	6	0.7785623877739979	0.9444444444444445	0.0	3	1.0	0.0016856383183613266	0.0	0.3018518518518518	0.12737642585551334	1.0
development	weak_two_part	1311	target	raw_rc6_reference	0	0.8446590359848962	0.8111111111111111	0.0	0	0.0	0.0	0.0	0.22592592592592586	0.1007944389275075	1.0
development	weak_two_part	1311	reference	raw_rc6_reference	0	0.8693115282474628	0.9777777777777777	0.0	0	0.0	0.0	0.0	0.22592592592592586	0.1007944389275075	1.0
development	weak_two_part	1311	target	rank1_shrink05	1	0.8446590359848962	0.8111111111111111	0.0	1	0.5	0.00039086354421313807	0.0	0.22592592592592586	0.1007944389275075	1.0
development	weak_two_part	1311	reference	rank1_shrink05	1	0.8693115282474628	0.9777777777777777	0.0	1	0.5	0.00039086354421313807	0.0	0.22592592592592586	0.1007944389275075	1.0
development	weak_two_part	1311	target	rank1_shrink10	2	0.8446590359848962	0.8111111111111111	0.0	1	1.0	0.0005211513922843691	0.0	0.22592592592592586	0.1007944389275075	1.0
development	weak_two_part	1311	reference	rank1_shrink10	2	0.8693115282474628	0.9777777777777777	0.0	1	1.0	0.0005211513922843691	0.0	0.22592592592592586	0.1007944389275075	1.0
development	weak_two_part	1311	target	rank2_shrink05	3	0.8446590359848962	0.8111111111111111	0.0	2	0.5	0.00046392219738911056	0.0	0.22592592592592586	0.1007944389275075	1.0
development	weak_two_part	1311	reference	rank2_shrink05	3	0.8693115282474628	0.9777777777777777	0.0	2	0.5	0.00046392219738911056	0.0	0.22592592592592586	0.1007944389275075	1.0
development	weak_two_part	1311	target	rank2_shrink10	4	0.8446590359848962	0.8111111111111111	0.0	2	1.0	0.0006185629298524065	0.0	0.22592592592592586	0.1007944389275075	1.0
development	weak_two_part	1311	reference	rank2_shrink10	4	0.8693115282474628	0.9777777777777777	0.0	2	1.0	0.0006185629298524065	0.0	0.22592592592592586	0.1007944389275075	1.0
development	weak_two_part	1311	target	rank3_shrink05	5	0.8446590359848962	0.8111111111111111	0.0	3	0.5	0.000762031763157367	0.0	0.22592592592592586	0.1007944389275075	1.0
development	weak_two_part	1311	reference	rank3_shrink05	5	0.8693115282474628	0.9777777777777777	0.0	3	0.5	0.000762031763157367	0.0	0.22592592592592586	0.1007944389275075	1.0
development	weak_two_part	1311	target	rank3_shrink10	6	0.8446590359848962	0.8111111111111111	0.0	3	1.0	0.0010160423508764893	0.0	0.22592592592592586	0.1007944389275075	1.0
development	weak_two_part	1311	reference	rank3_shrink10	6	0.8693115282474628	0.9777777777777777	0.0	3	1.0	0.0010160423508764893	0.0	0.22592592592592586	0.1007944389275075	1.0
development	weak_two_part	1312	target	raw_rc6_reference	0	0.8116067015422596	1.0	0.0	0	0.0	0.0	0.0	0.28148148148148167	0.11049957662997456	1.0
development	weak_two_part	1312	reference	raw_rc6_reference	0	0.7171374624780238	0.8444444444444446	0.0	0	0.0	0.0	0.0	0.28148148148148167	0.11049957662997456	1.0
development	weak_two_part	1312	target	rank1_shrink05	1	0.8116067015422596	1.0	0.0	1	0.5	0.0010656716922560205	0.0	0.28148148148148167	0.11049957662997456	1.0
development	weak_two_part	1312	reference	rank1_shrink05	1	0.7171374624780238	0.8444444444444446	0.0	1	0.5	0.0010656716922560205	0.0	0.28148148148148167	0.11049957662997456	1.0
development	weak_two_part	1312	target	rank1_shrink10	2	0.8116067015422596	1.0	0.0	1	1.0	0.0014208955896750641	0.0	0.28148148148148167	0.11049957662997456	1.0
development	weak_two_part	1312	reference	rank1_shrink10	2	0.7171374624780238	0.8444444444444446	0.0	1	1.0	0.0014208955896750641	0.0	0.28148148148148167	0.11049957662997456	1.0
development	weak_two_part	1312	target	rank2_shrink05	3	0.8116067015422596	1.0	0.0	2	0.5	0.0013700166086474397	0.0	0.28148148148148167	0.11049957662997456	1.0
development	weak_two_part	1312	reference	rank2_shrink05	3	0.7171374624780238	0.8444444444444446	0.0	2	0.5	0.0013700166086474397	0.0	0.28148148148148167	0.11049957662997456	1.0
development	weak_two_part	1312	target	rank2_shrink10	4	0.8116067015422596	1.0	0.0	2	1.0	0.0018266888115300306	0.0	0.28148148148148167	0.11049957662997456	1.0
development	weak_two_part	1312	reference	rank2_shrink10	4	0.7171374624780238	0.8444444444444446	0.0	2	1.0	0.0018266888115300306	0.0	0.28148148148148167	0.11049957662997456	1.0
development	weak_two_part	1312	target	rank3_shrink05	5	0.8116067015422596	1.0	0.0	3	0.5	0.001763150280414405	0.0	0.28148148148148167	0.11049957662997456	1.0
development	weak_two_part	1312	reference	rank3_shrink05	5	0.7171374624780238	0.8444444444444446	0.0	3	0.5	0.001763150280414405	0.0	0.28148148148148167	0.11049957662997456	1.0
development	weak_two_part	1312	target	rank3_shrink10	6	0.8116067015422596	1.0	0.0	3	1.0	0.00235086704055254	0.0	0.28148148148148167	0.11049957662997456	1.0
development	weak_two_part	1312	reference	rank3_shrink10	6	0.7171374624780238	0.8444444444444446	0.0	3	1.0	0.00235086704055254	0.0	0.28148148148148167	0.11049957662997456	1.0
development	structural_missingness	1301	target	raw_rc6_reference	0	0.8792733518259359	0.9111111111111112	0.0	0	0.0	0.0	0.0	0.4911504424778763	0.05379188712522043	0.8888888888888888
development	structural_missingness	1301	reference	raw_rc6_reference	0	0.6167871215481961	0.8666666666666667	0.0	0	0.0	0.0	0.0	0.4911504424778763	0.05379188712522043	0.8888888888888888
development	structural_missingness	1301	target	rank1_shrink05	1	0.8792733518259359	0.9111111111111112	0.0	1	0.5	0.014485526669159476	0.1121381667289869	0.44071353620146914	0.05379188712522043	0.8888888888888888
development	structural_missingness	1301	reference	rank1_shrink05	1	0.6174377408747238	0.8555555555555556	0.0	1	0.5	0.014485526669159476	0.1121381667289869	0.44071353620146914	0.05379188712522043	0.8888888888888888
development	structural_missingness	1301	target	rank1_shrink10	2	0.8883849927775	0.9222222222222223	0.0	1	1.0	0.020467809759121103	0.26169524397802757	0.44071353620146914	0.05379188712522043	0.8888888888888888
development	structural_missingness	1301	reference	rank1_shrink10	2	0.6174377408747238	0.8555555555555556	0.0	1	1.0	0.020467809759121103	0.26169524397802757	0.44071353620146914	0.05379188712522043	0.8888888888888888
development	structural_missingness	1301	target	rank2_shrink05	3	0.8792733518259359	0.9111111111111112	0.0	2	0.5	0.015197531453709945	0.12993828634274862	0.4470094438614902	0.05379188712522043	0.8888888888888888
development	structural_missingness	1301	reference	rank2_shrink05	3	0.6174377408747238	0.8555555555555556	0.0	2	0.5	0.015197531453709945	0.12993828634274862	0.4470094438614902	0.05379188712522043	0.8888888888888888
development	structural_missingness	1301	target	rank2_shrink10	4	0.8883849927775	0.9222222222222223	0.0	2	1.0	0.021460799595251823	0.28651998988129557	0.4470094438614902	0.05379188712522043	0.8888888888888888
development	structural_missingness	1301	reference	rank2_shrink10	4	0.6174377408747238	0.8555555555555556	0.0	2	1.0	0.021460799595251823	0.28651998988129557	0.4470094438614902	0.05379188712522043	0.8888888888888888
development	structural_missingness	1301	target	rank3_shrink05	5	0.8792733518259359	0.9111111111111112	0.0	3	0.5	0.015849165683021305	0.14622914207553261	0.45750262329485825	0.05379188712522043	0.8888888888888888
development	structural_missingness	1301	reference	rank3_shrink05	5	0.6271970307726383	0.8666666666666667	0.0	3	0.5	0.015849165683021305	0.14622914207553261	0.45750262329485825	0.05379188712522043	0.8888888888888888
development	structural_missingness	1301	target	rank3_shrink10	6	0.8929408132532822	0.9333333333333333	0.0	3	1.0	0.022363498313753616	0.3090874578438404	0.45750262329485825	0.05379188712522043	0.8888888888888888
development	structural_missingness	1301	reference	rank3_shrink10	6	0.6174377408747238	0.8555555555555556	0.0	3	1.0	0.022363498313753616	0.3090874578438404	0.45750262329485825	0.05379188712522043	0.8888888888888888
development	structural_missingness	1302	target	raw_rc6_reference	0	0.8766700258397749	0.9897959183673469	0.0	0	0.0	0.0	0.0	0.5965909090909092	0.1656565656565656	1.0
development	structural_missingness	1302	reference	raw_rc6_reference	0	0.7451466589983489	0.9	0.0	0	0.0	0.0	0.0	0.5965909090909092	0.1656565656565656	1.0
development	structural_missingness	1302	target	rank1_shrink05	1	0.8584467439366467	0.979591836734694	0.0	1	0.5	0.016618156258974892	0.1654539064743723	0.5648148148148149	0.1656565656565656	1.0
development	structural_missingness	1302	reference	rank1_shrink05	1	0.7332186992968687	0.8909090909090909	0.0	1	0.5	0.016618156258974892	0.1654539064743723	0.5648148148148149	0.1656565656565656	1.0
development	structural_missingness	1302	target	rank1_shrink10	2	0.8584467439366467	0.979591836734694	0.0	1	1.0	0.022384744656915756	0.3096186164228939	0.5648148148148149	0.1656565656565656	1.0
development	structural_missingness	1302	reference	rank1_shrink10	2	0.7332186992968687	0.8909090909090909	0.0	1	1.0	0.022384744656915756	0.3096186164228939	0.5648148148148149	0.1656565656565656	1.0
development	structural_missingness	1302	target	rank2_shrink05	3	0.8584467439366467	0.979591836734694	0.0	2	0.5	0.016976586835601548	0.1744146708900387	0.5648148148148149	0.1656565656565656	1.0
development	structural_missingness	1302	reference	rank2_shrink05	3	0.7332186992968687	0.8909090909090909	0.0	2	0.5	0.016976586835601548	0.1744146708900387	0.5648148148148149	0.1656565656565656	1.0
development	structural_missingness	1302	target	rank2_shrink10	4	0.8584467439366467	0.979591836734694	0.0	2	1.0	0.02286532612972303	0.32163315324307573	0.5648148148148149	0.1656565656565656	1.0
development	structural_missingness	1302	reference	rank2_shrink10	4	0.7332186992968687	0.8909090909090909	0.0	2	1.0	0.02286532612972303	0.32163315324307573	0.5648148148148149	0.1656565656565656	1.0
development	structural_missingness	1302	target	rank3_shrink05	5	0.8584467439366467	0.979591836734694	0.0	3	0.5	0.01731249641361965	0.18281241034049123	0.5648148148148149	0.1656565656565656	1.0
development	structural_missingness	1302	reference	rank3_shrink05	5	0.7332186992968687	0.8909090909090909	0.0	3	0.5	0.01731249641361965	0.18281241034049123	0.5648148148148149	0.1656565656565656	1.0
development	structural_missingness	1302	target	rank3_shrink10	6	0.8584467439366467	0.979591836734694	0.0	3	1.0	0.023318057547282667	0.33295143868206667	0.5648148148148149	0.1656565656565656	1.0
development	structural_missingness	1302	reference	rank3_shrink10	6	0.7332186992968687	0.8909090909090909	0.0	3	1.0	0.023318057547282667	0.33295143868206667	0.5648148148148149	0.1656565656565656	1.0
development	structural_missingness	1303	target	raw_rc6_reference	0	0.7861168614615589	0.9	0.0	0	0.0	0.0	0.0	0.5920000000000001	0.07816377171215882	1.0
development	structural_missingness	1303	reference	raw_rc6_reference	0	0.8479533953791173	0.9666666666666667	0.0	0	0.0	0.0	0.0	0.5920000000000001	0.07816377171215882	1.0
development	structural_missingness	1303	target	rank1_shrink05	1	0.7953964871449163	0.9	0.0	1	0.5	0.023876556677725036	0.3469139169431259	0.552273792780122	0.07816377171215882	1.0
development	structural_missingness	1303	reference	rank1_shrink05	1	0.8180638504078993	0.9666666666666667	0.0	1	0.5	0.023876556677725036	0.3469139169431259	0.552273792780122	0.07816377171215882	1.0
development	structural_missingness	1303	target	rank1_shrink10	2	0.7953964871449163	0.9	0.0	1	1.0	0.032641345292482415	0.5660336323120603	0.552273792780122	0.07816377171215882	1.0
development	structural_missingness	1303	reference	rank1_shrink10	2	0.8180638504078993	0.9666666666666667	0.0	1	1.0	0.032641345292482415	0.5660336323120603	0.552273792780122	0.07816377171215882	1.0
development	structural_missingness	1303	target	rank2_shrink05	3	0.7953964871449163	0.9	0.0	2	0.5	0.024096951358311802	0.35242378395779506	0.5428973277074545	0.07816377171215882	1.0
development	structural_missingness	1303	reference	rank2_shrink05	3	0.8180638504078993	0.9666666666666667	0.0	2	0.5	0.024096951358311802	0.35242378395779506	0.5428973277074545	0.07816377171215882	1.0
development	structural_missingness	1303	target	rank2_shrink10	4	0.7953964871449163	0.9	0.0	2	1.0	0.03294262690285954	0.5735656725714884	0.5428973277074545	0.07816377171215882	1.0
development	structural_missingness	1303	reference	rank2_shrink10	4	0.8180638504078993	0.9666666666666667	0.0	2	1.0	0.03294262690285954	0.5735656725714884	0.5428973277074545	0.07816377171215882	1.0
development	structural_missingness	1303	target	rank3_shrink05	5	0.7953964871449163	0.9	0.0	3	0.5	0.024689617245712614	0.36724043114281535	0.5447726207219876	0.07816377171215882	1.0
development	structural_missingness	1303	reference	rank3_shrink05	5	0.8180638504078993	0.9666666666666667	0.0	3	0.5	0.024689617245712614	0.36724043114281535	0.5447726207219876	0.07816377171215882	1.0
development	structural_missingness	1303	target	rank3_shrink10	6	0.7953964871449163	0.9	0.0	3	1.0	0.033764924528042584	0.5941231132010645	0.5485232067510548	0.07816377171215882	1.0
development	structural_missingness	1303	reference	rank3_shrink10	6	0.8180638504078993	0.9666666666666667	0.0	3	1.0	0.033764924528042584	0.5941231132010645	0.5485232067510548	0.07816377171215882	1.0
development	structural_missingness	1304	target	raw_rc6_reference	0	0.7288011993057082	0.9777777777777779	0.0	0	0.0	0.0	0.0	0.4716981132075473	0.07398373983739837	1.0
development	structural_missingness	1304	reference	raw_rc6_reference	0	0.8768284960448236	0.9	0.0	0	0.0	0.0	0.0	0.4716981132075473	0.07398373983739837	1.0
development	structural_missingness	1304	target	rank1_shrink05	1	0.7373290261202664	0.9777777777777779	0.0	1	0.5	0.01605261639246469	0.15131540981161729	0.4666666666666668	0.07398373983739837	1.0
development	structural_missingness	1304	reference	rank1_shrink05	1	0.8709786395107957	0.9	0.0	1	0.5	0.01605261639246469	0.15131540981161729	0.4666666666666668	0.07398373983739837	1.0
development	structural_missingness	1304	target	rank1_shrink10	2	0.7347050794080946	0.9777777777777779	0.0	1	1.0	0.022604456594080946	0.31511141485202365	0.4666666666666668	0.07398373983739837	1.0
development	structural_missingness	1304	reference	rank1_shrink10	2	0.8709786395107957	0.9	0.0	1	1.0	0.022604456594080946	0.31511141485202365	0.4666666666666668	0.07398373983739837	1.0
development	structural_missingness	1304	target	rank2_shrink05	3	0.7255212659154935	0.9777777777777779	0.0	2	0.5	0.017317178258623667	0.18292945646559167	0.4629629629629628	0.07398373983739837	1.0
development	structural_missingness	1304	reference	rank2_shrink05	3	0.8709786395107957	0.9	0.0	2	0.5	0.017317178258623667	0.18292945646559167	0.4629629629629628	0.07398373983739837	1.0
development	structural_missingness	1304	target	rank2_shrink10	4	0.7320811326959229	0.9777777777777779	0.0	2	1.0	0.024411374081548698	0.36028435203871745	0.4629629629629628	0.07398373983739837	1.0
development	structural_missingness	1304	reference	rank2_shrink10	4	0.8709786395107957	0.9	0.0	2	1.0	0.024411374081548698	0.36028435203871745	0.4629629629629628	0.07398373983739837	1.0
development	structural_missingness	1304	target	rank3_shrink05	5	0.7255212659154935	0.9777777777777779	0.0	3	0.5	0.017400131197770063	0.1850032799442516	0.4648148148148148	0.07398373983739837	1.0
development	structural_missingness	1304	reference	rank3_shrink05	5	0.8709786395107957	0.9	0.0	3	0.5	0.017400131197770063	0.1850032799442516	0.4648148148148148	0.07398373983739837	1.0
development	structural_missingness	1304	target	rank3_shrink10	6	0.7320811326959229	0.9777777777777779	0.0	3	1.0	0.024530533759653306	0.36326334399133264	0.4648148148148148	0.07398373983739837	1.0
development	structural_missingness	1304	reference	rank3_shrink10	6	0.8709786395107957	0.9	0.0	3	1.0	0.024530533759653306	0.36326334399133264	0.4648148148148148	0.07398373983739837	1.0
development	structural_missingness	1305	target	raw_rc6_reference	0	0.6247315457310001	0.8666666666666667	0.0	0	0.0	0.0	0.0	0.5779543197616683	0.05511288180610885	1.0
development	structural_missingness	1305	reference	raw_rc6_reference	0	0.9480519480519479	0.9777777777777779	0.0	0	0.0	0.0	0.0	0.5779543197616683	0.05511288180610885	1.0
development	structural_missingness	1305	target	rank1_shrink05	1	0.6247315457310001	0.8666666666666667	0.0	1	0.5	0.029544026524802813	0.4886006631200703	0.5306504445484324	0.05511288180610885	1.0
development	structural_missingness	1305	reference	rank1_shrink05	1	0.9571428571428571	0.9777777777777779	0.0	1	0.5	0.029544026524802813	0.4886006631200703	0.5306504445484324	0.05511288180610885	1.0
development	structural_missingness	1305	target	rank1_shrink10	2	0.6247315457310001	0.8666666666666667	0.0	1	1.0	0.04023008983435883	0.7557522458589706	0.5250350959288723	0.05511288180610885	1.0
development	structural_missingness	1305	reference	rank1_shrink10	2	0.9571428571428571	0.9777777777777779	0.0	1	1.0	0.04023008983435883	0.7557522458589706	0.5250350959288723	0.05511288180610885	1.0
development	structural_missingness	1305	target	rank2_shrink05	3	0.6247315457310001	0.8666666666666667	0.0	2	0.5	0.02965013517544457	0.4912533793861142	0.5306504445484324	0.05511288180610885	1.0
development	structural_missingness	1305	reference	rank2_shrink05	3	0.9571428571428571	0.9777777777777779	0.0	2	0.5	0.02965013517544457	0.4912533793861142	0.5306504445484324	0.05511288180610885	1.0
development	structural_missingness	1305	target	rank2_shrink10	4	0.6247315457310001	0.8666666666666667	0.0	2	1.0	0.04037293151095567	0.7593232877738916	0.5250350959288723	0.05511288180610885	1.0
development	structural_missingness	1305	reference	rank2_shrink10	4	0.9571428571428571	0.9777777777777779	0.0	2	1.0	0.04037293151095567	0.7593232877738916	0.5250350959288723	0.05511288180610885	1.0
development	structural_missingness	1305	target	rank3_shrink05	5	0.6247315457310001	0.8666666666666667	0.0	3	0.5	0.029758865428326398	0.4939716357081599	0.5306504445484324	0.05511288180610885	1.0
development	structural_missingness	1305	reference	rank3_shrink05	5	0.9571428571428571	0.9777777777777779	0.0	3	0.5	0.029758865428326398	0.4939716357081599	0.5306504445484324	0.05511288180610885	1.0
development	structural_missingness	1305	target	rank3_shrink10	6	0.6247315457310001	0.8666666666666667	0.0	3	1.0	0.04052221760090802	0.7630554400227003	0.521291530182499	0.05511288180610885	1.0
development	structural_missingness	1305	reference	rank3_shrink10	6	0.9571428571428571	0.9777777777777779	0.0	3	1.0	0.04052221760090802	0.7630554400227003	0.521291530182499	0.05511288180610885	1.0
development	structural_missingness	1306	target	raw_rc6_reference	0	0.9086777149523079	1.0	0.0	0	0.0	0.0	0.0	0.5745745745745747	0.16296670030272453	1.0
development	structural_missingness	1306	reference	raw_rc6_reference	0	0.8318358474669306	0.8555555555555556	0.0	0	0.0	0.0	0.0	0.5745745745745747	0.16296670030272453	1.0
development	structural_missingness	1306	target	rank1_shrink05	1	0.9086777149523079	1.0	0.0	1	0.5	0.012885838948240136	0.0721459737060034	0.5582501188777935	0.16296670030272453	1.0
development	structural_missingness	1306	reference	rank1_shrink05	1	0.8318358474669306	0.8555555555555556	0.0	1	0.5	0.012885838948240136	0.0721459737060034	0.5582501188777935	0.16296670030272453	1.0
development	structural_missingness	1306	target	rank1_shrink10	2	0.9086777149523079	1.0	0.0	1	1.0	0.017657702480419535	0.19144256201048837	0.5582501188777935	0.16296670030272453	1.0
development	structural_missingness	1306	reference	rank1_shrink10	2	0.8318358474669306	0.8555555555555556	0.0	1	1.0	0.017657702480419535	0.19144256201048837	0.5582501188777935	0.16296670030272453	1.0
development	structural_missingness	1306	target	rank2_shrink05	3	0.9086777149523079	1.0	0.0	2	0.5	0.013211962651469733	0.08029906628674333	0.5563480741797431	0.16296670030272453	1.0
development	structural_missingness	1306	reference	rank2_shrink05	3	0.8318358474669306	0.8555555555555556	0.0	2	0.5	0.013211962651469733	0.08029906628674333	0.5563480741797431	0.16296670030272453	1.0
development	structural_missingness	1306	target	rank2_shrink10	4	0.9086777149523079	1.0	0.0	2	1.0	0.018120956692727952	0.2030239173181988	0.5563480741797431	0.16296670030272453	1.0
development	structural_missingness	1306	reference	rank2_shrink10	4	0.8318358474669306	0.8555555555555556	0.0	2	1.0	0.018120956692727952	0.2030239173181988	0.5563480741797431	0.16296670030272453	1.0
development	structural_missingness	1306	target	rank3_shrink05	5	0.9086777149523079	1.0	0.0	3	0.5	0.01334685079315523	0.08367126982888072	0.5525439847836422	0.16296670030272453	1.0
development	structural_missingness	1306	reference	rank3_shrink05	5	0.8145613011137834	0.8444444444444444	0.0	3	0.5	0.01334685079315523	0.08367126982888072	0.5525439847836422	0.16296670030272453	1.0
development	structural_missingness	1306	target	rank3_shrink10	6	0.9086777149523079	1.0	0.0	3	1.0	0.018319100093734164	0.2079775023433541	0.5525439847836422	0.16296670030272453	1.0
development	structural_missingness	1306	reference	rank3_shrink10	6	0.8145613011137834	0.8444444444444444	0.0	3	1.0	0.018319100093734164	0.2079775023433541	0.5525439847836422	0.16296670030272453	1.0
development	structural_missingness	1307	target	raw_rc6_reference	0	0.2783313286698366		0.0	0	0.0	0.0	0.0	0.5463970969414205	0.010578279266572621	1.0
development	structural_missingness	1307	reference	raw_rc6_reference	0	0.9522266469278476	0.9285714285714285	0.0	0	0.0	0.0	0.0	0.5463970969414205	0.010578279266572621	1.0
development	structural_missingness	1307	target	rank1_shrink05	1	0.30072580339039817		0.0	1	0.5	0.02904241645675676	0.4760604114189189	0.4786324786324787	0.010578279266572621	1.0
development	structural_missingness	1307	reference	rank1_shrink05	1	0.960676439699221	0.9489795918367347	0.0	1	0.5	0.02904241645675676	0.4760604114189189	0.4786324786324787	0.010578279266572621	1.0
development	structural_missingness	1307	target	rank1_shrink10	2	0.28046413578608054		0.0	1	1.0	0.03937197627122013	0.7342994067805032	0.46226862838158533	0.010578279266572621	1.0
development	structural_missingness	1307	reference	rank1_shrink10	2	0.960676439699221	0.9489795918367347	0.0	1	1.0	0.03937197627122013	0.7342994067805032	0.46226862838158533	0.010578279266572621	1.0
development	structural_missingness	1307	target	rank2_shrink05	3	0.30072580339039817		0.0	2	0.5	0.029250323736881523	0.481258093422038	0.4805318138651473	0.010578279266572621	1.0
development	structural_missingness	1307	reference	rank2_shrink05	3	0.960676439699221	0.9489795918367347	0.0	2	0.5	0.029250323736881523	0.481258093422038	0.4805318138651473	0.010578279266572621	1.0
development	structural_missingness	1307	target	rank2_shrink10	4	0.28046413578608054		0.0	2	1.0	0.03964735462910218	0.7411838657275545	0.46606549596582836	0.010578279266572621	1.0
development	structural_missingness	1307	reference	rank2_shrink10	4	0.960676439699221	0.9489795918367347	0.0	2	1.0	0.03964735462910218	0.7411838657275545	0.46606549596582836	0.010578279266572621	1.0
development	structural_missingness	1307	target	rank3_shrink05	5	0.30072580339039817		0.0	3	0.5	0.029783392717843027	0.4945848179460756	0.4805318138651473	0.010578279266572621	1.0
development	structural_missingness	1307	reference	rank3_shrink05	5	0.960676439699221	0.9489795918367347	0.0	3	0.5	0.029783392717843027	0.4945848179460756	0.4805318138651473	0.010578279266572621	1.0
development	structural_missingness	1307	target	rank3_shrink10	6	0.28046413578608054		0.0	3	1.0	0.04036100882414018	0.7590252206035043	0.46606549596582836	0.011299435028248594	1.0
development	structural_missingness	1307	reference	rank3_shrink10	6	0.960676439699221	0.9489795918367347	0.0	3	1.0	0.04036100882414018	0.7590252206035043	0.46606549596582836	0.011299435028248594	1.0
development	structural_missingness	1308	target	raw_rc6_reference	0	0.8966863491365378	1.0	0.0	0	0.0	0.0	0.0	0.5441176470588234	0.14348677766895201	1.0
development	structural_missingness	1308	reference	raw_rc6_reference	0	0.6108492196998846	0.7666666666666666	0.0	0	0.0	0.0	0.0	0.5441176470588234	0.14348677766895201	1.0
development	structural_missingness	1308	target	rank1_shrink05	1	0.903184076304194	1.0	0.0	1	0.5	0.013951206844209363	0.09878017110523406	0.4801149976042165	0.14348677766895201	1.0
development	structural_missingness	1308	reference	rank1_shrink05	1	0.6108492196998846	0.7666666666666666	0.0	1	0.5	0.013951206844209363	0.09878017110523406	0.4801149976042165	0.14348677766895201	1.0
development	structural_missingness	1308	target	rank1_shrink10	2	0.903184076304194	1.0	0.0	1	1.0	0.019293295257794996	0.2323323814448749	0.4801149976042165	0.14348677766895201	1.0
development	structural_missingness	1308	reference	rank1_shrink10	2	0.5936794037948068	0.7444444444444445	0.0	1	1.0	0.019293295257794996	0.2323323814448749	0.4801149976042165	0.14348677766895201	1.0
development	structural_missingness	1308	target	rank2_shrink05	3	0.903184076304194	1.0	0.0	2	0.5	0.014402605461649176	0.11006513654122939	0.48203162434115976	0.14348677766895201	1.0
development	structural_missingness	1308	reference	rank2_shrink05	3	0.6049058218865885	0.7555555555555555	0.0	2	0.5	0.014402605461649176	0.11006513654122939	0.48203162434115976	0.14348677766895201	1.0
development	structural_missingness	1308	target	rank2_shrink10	4	0.903184076304194	1.0	0.0	2	1.0	0.01992027095268023	0.24800677381700575	0.48203162434115976	0.14348677766895201	1.0
development	structural_missingness	1308	reference	rank2_shrink10	4	0.6049058218865885	0.7555555555555555	0.0	2	1.0	0.01992027095268023	0.24800677381700575	0.48203162434115976	0.14348677766895201	1.0
development	structural_missingness	1308	target	rank3_shrink05	5	0.903184076304194	1.0	0.0	3	0.5	0.014659703388977596	0.1164925847244399	0.48778150455198865	0.14348677766895201	1.0
development	structural_missingness	1308	reference	rank3_shrink05	5	0.6049058218865885	0.7555555555555555	0.0	3	0.5	0.014659703388977596	0.1164925847244399	0.48778150455198865	0.14348677766895201	1.0
development	structural_missingness	1308	target	rank3_shrink10	6	0.903184076304194	1.0	0.0	3	1.0	0.02028068030646235	0.25701700766155877	0.48778150455198865	0.14348677766895201	1.0
development	structural_missingness	1308	reference	rank3_shrink10	6	0.6049058218865885	0.7555555555555555	0.0	3	1.0	0.02028068030646235	0.25701700766155877	0.48778150455198865	0.14348677766895201	1.0
development	structural_missingness	1309	target	raw_rc6_reference	0	0.7867817900747638	0.8444444444444444	0.0	0	0.0	0.0	0.0	0.4906403940886701	0.10775370581527932	1.0
development	structural_missingness	1309	reference	raw_rc6_reference	0	0.9342069104679547	0.9777777777777777	0.0	0	0.0	0.0	0.0	0.4906403940886701	0.10775370581527932	1.0
development	structural_missingness	1309	target	rank1_shrink05	1	0.7565462325614479	0.8444444444444444	0.0	1	0.5	0.018490250642596462	0.21225626606491155	0.47951012717852093	0.10775370581527932	1.0
development	structural_missingness	1309	reference	rank1_shrink05	1	0.9342069104679547	0.9777777777777777	0.0	1	0.5	0.018490250642596462	0.21225626606491155	0.47951012717852093	0.10775370581527932	1.0
development	structural_missingness	1309	target	rank1_shrink10	2	0.7565462325614479	0.8444444444444444	0.0	1	1.0	0.0257166215145066	0.3929155378626649	0.47951012717852093	0.10775370581527932	1.0
development	structural_missingness	1309	reference	rank1_shrink10	2	0.9342069104679547	0.9777777777777777	0.0	1	1.0	0.0257166215145066	0.3929155378626649	0.47951012717852093	0.10775370581527932	1.0
development	structural_missingness	1309	target	rank2_shrink05	3	0.7565462325614479	0.8444444444444444	0.0	2	0.5	0.01902037110638588	0.225509277659647	0.47574187470560547	0.10775370581527932	1.0
development	structural_missingness	1309	reference	rank2_shrink05	3	0.9342069104679547	0.9777777777777777	0.0	2	0.5	0.01902037110638588	0.225509277659647	0.47574187470560547	0.10775370581527932	1.0
development	structural_missingness	1309	target	rank2_shrink10	4	0.737484685433488	0.8333333333333334	0.0	2	1.0	0.02644424706297166	0.41110617657429144	0.47574187470560547	0.10775370581527932	1.0
development	structural_missingness	1309	reference	rank2_shrink10	4	0.9342069104679547	0.9777777777777777	0.0	2	1.0	0.02644424706297166	0.41110617657429144	0.47574187470560547	0.10775370581527932	1.0
development	structural_missingness	1309	target	rank3_shrink05	5	0.7565462325614479	0.8444444444444444	0.0	3	0.5	0.019264931942612473	0.23162329856531183	0.47574187470560547	0.10775370581527932	1.0
development	structural_missingness	1309	reference	rank3_shrink05	5	0.9342069104679547	0.9777777777777777	0.0	3	0.5	0.019264931942612473	0.23162329856531183	0.47574187470560547	0.10775370581527932	1.0
development	structural_missingness	1309	target	rank3_shrink10	6	0.737484685433488	0.8333333333333334	0.0	3	1.0	0.026807167312346003	0.42017918280865	0.47574187470560547	0.10775370581527932	1.0
development	structural_missingness	1309	reference	rank3_shrink10	6	0.9342069104679547	0.9777777777777777	0.0	3	1.0	0.026807167312346003	0.42017918280865	0.47574187470560547	0.10775370581527932	1.0
development	structural_missingness	1310	target	raw_rc6_reference	0	0.8254115450229418	0.9333333333333333	0.0	0	0.0	0.0	0.0	0.5550049554013876	0.12423625254582482	1.0
development	structural_missingness	1310	reference	raw_rc6_reference	0	0.8037414266977528	0.9777777777777779	0.0	0	0.0	0.0	0.0	0.5550049554013876	0.12423625254582482	1.0
development	structural_missingness	1310	target	rank1_shrink05	1	0.8188968524813243	0.9333333333333333	0.0	1	0.5	0.01858357108687214	0.21458927717180354	0.5197740112994351	0.12423625254582482	1.0
development	structural_missingness	1310	reference	rank1_shrink05	1	0.8183187650220317	0.9777777777777779	0.0	1	0.5	0.01858357108687214	0.21458927717180354	0.5197740112994351	0.12423625254582482	1.0
development	structural_missingness	1310	target	rank1_shrink10	2	0.8149880369563537	0.9333333333333333	0.0	1	1.0	0.0250972905871365	0.3774322646784125	0.5197740112994351	0.12423625254582482	1.0
development	structural_missingness	1310	reference	rank1_shrink10	2	0.8183187650220317	0.9777777777777779	0.0	1	1.0	0.0250972905871365	0.3774322646784125	0.5197740112994351	0.12423625254582482	1.0
development	structural_missingness	1310	target	rank2_shrink05	3	0.8188968524813243	0.9333333333333333	0.0	2	0.5	0.018807222844596017	0.22018057111490041	0.5160075329566856	0.12423625254582482	1.0
development	structural_missingness	1310	reference	rank2_shrink05	3	0.8183187650220317	0.9777777777777779	0.0	2	0.5	0.018807222844596017	0.22018057111490041	0.5160075329566856	0.12423625254582482	1.0
development	structural_missingness	1310	target	rank2_shrink10	4	0.8149880369563537	0.9333333333333333	0.0	2	1.0	0.025416571701279422	0.38541429253198556	0.5160075329566856	0.12423625254582482	1.0
development	structural_missingness	1310	reference	rank2_shrink10	4	0.8183187650220317	0.9777777777777779	0.0	2	1.0	0.025416571701279422	0.38541429253198556	0.5160075329566856	0.12423625254582482	1.0
development	structural_missingness	1310	target	rank3_shrink05	5	0.8149880369563537	0.9333333333333333	0.0	3	0.5	0.019123972740727746	0.22809931851819365	0.5065913370998119	0.12423625254582482	1.0
development	structural_missingness	1310	reference	rank3_shrink05	5	0.8183187650220317	0.9777777777777779	0.0	3	0.5	0.019123972740727746	0.22809931851819365	0.5065913370998119	0.12423625254582482	1.0
development	structural_missingness	1310	target	rank3_shrink10	6	0.8149880369563537	0.9333333333333333	0.0	3	1.0	0.02584067994293182	0.3960169985732955	0.5065913370998119	0.12423625254582482	1.0
development	structural_missingness	1310	reference	rank3_shrink10	6	0.8183187650220317	0.9777777777777779	0.0	3	1.0	0.02584067994293182	0.3960169985732955	0.5065913370998119	0.12423625254582482	1.0
development	structural_missingness	1311	target	raw_rc6_reference	0	0.8446590359848962	0.8222222222222222	0.0	0	0.0	0.0	0.0	0.5101939333664842	0.04625000000000001	1.0
development	structural_missingness	1311	reference	raw_rc6_reference	0	0.8719123106805142	0.9888888888888889	0.0	0	0.0	0.0	0.0	0.5101939333664842	0.04625000000000001	1.0
development	structural_missingness	1311	target	rank1_shrink05	1	0.8648942988253382	0.8444444444444444	0.0	1	0.5	0.020280067241159383	0.2570016810289846	0.480300187617261	0.04625000000000001	1.0
development	structural_missingness	1311	reference	rank1_shrink05	1	0.8777640711548802	0.9888888888888889	0.0	1	0.5	0.020280067241159383	0.2570016810289846	0.480300187617261	0.04625000000000001	1.0
development	structural_missingness	1311	target	rank1_shrink10	2	0.869463551724793	0.8444444444444444	0.0	1	1.0	0.02763872634624942	0.44096815865623545	0.480300187617261	0.04625000000000001	1.0
development	structural_missingness	1311	reference	rank1_shrink10	2	0.8777640711548802	0.9888888888888889	0.0	1	1.0	0.02763872634624942	0.44096815865623545	0.480300187617261	0.04625000000000001	1.0
development	structural_missingness	1311	target	rank2_shrink05	3	0.8648942988253382	0.8444444444444444	0.0	2	0.5	0.02060870000732895	0.26521750018322376	0.4859287054409007	0.04625000000000001	1.0
development	structural_missingness	1311	reference	rank2_shrink05	3	0.8777640711548802	0.9888888888888889	0.0	2	0.5	0.02060870000732895	0.26521750018322376	0.4859287054409007	0.04625000000000001	1.0
development	structural_missingness	1311	target	rank2_shrink10	4	0.869463551724793	0.8444444444444444	0.0	2	1.0	0.02807718599968878	0.45192964999221946	0.4859287054409007	0.04625000000000001	1.0
development	structural_missingness	1311	reference	rank2_shrink10	4	0.8777640711548802	0.9888888888888889	0.0	2	1.0	0.02807718599968878	0.45192964999221946	0.4859287054409007	0.04625000000000001	1.0
development	structural_missingness	1311	target	rank3_shrink05	5	0.8648942988253382	0.8444444444444444	0.0	3	0.5	0.021312160708687578	0.28280401771718944	0.4840525328330205	0.04625000000000001	1.0
development	structural_missingness	1311	reference	rank3_shrink05	5	0.8777640711548802	0.9888888888888889	0.0	3	0.5	0.021312160708687578	0.28280401771718944	0.4840525328330205	0.04625000000000001	1.0
development	structural_missingness	1311	target	rank3_shrink10	6	0.869463551724793	0.8444444444444444	0.0	3	1.0	0.02904433543982443	0.47610838599561073	0.4840525328330205	0.04625000000000001	1.0
development	structural_missingness	1311	reference	rank3_shrink10	6	0.8777640711548802	0.9888888888888889	0.0	3	1.0	0.02904433543982443	0.47610838599561073	0.4840525328330205	0.04625000000000001	1.0
development	structural_missingness	1312	target	raw_rc6_reference	0	0.831305893327266	1.0	0.0	0	0.0	0.0	0.0	0.46081651806663526	0.16330645161290325	1.0
development	structural_missingness	1312	reference	raw_rc6_reference	0	0.705391807951541	0.7666666666666667	0.0	0	0.0	0.0	0.0	0.46081651806663526	0.16330645161290325	1.0
development	structural_missingness	1312	target	rank1_shrink05	1	0.831305893327266	1.0	0.0	1	0.5	0.010628031616288225	0.015700790407205616	0.45740740740740726	0.16330645161290325	1.0
development	structural_missingness	1312	reference	rank1_shrink05	1	0.705391807951541	0.7666666666666667	0.0	1	0.5	0.010628031616288225	0.015700790407205616	0.45740740740740726	0.16330645161290325	1.0
development	structural_missingness	1312	target	rank1_shrink10	2	0.831305893327266	1.0	0.0	1	1.0	0.014595337001279352	0.11488342503198377	0.45740740740740726	0.16330645161290325	1.0
development	structural_missingness	1312	reference	rank1_shrink10	2	0.705391807951541	0.7666666666666667	0.0	1	1.0	0.014595337001279352	0.11488342503198377	0.45740740740740726	0.16330645161290325	1.0
development	structural_missingness	1312	target	rank2_shrink05	3	0.831305893327266	1.0	0.0	2	0.5	0.011228647790492263	0.030716194762306574	0.45740740740740726	0.16330645161290325	1.0
development	structural_missingness	1312	reference	rank2_shrink05	3	0.705391807951541	0.7666666666666667	0.0	2	0.5	0.011228647790492263	0.030716194762306574	0.45740740740740726	0.16330645161290325	1.0
development	structural_missingness	1312	target	rank2_shrink10	4	0.831305893327266	1.0	0.0	2	1.0	0.015402490545844416	0.1350622636461104	0.45740740740740726	0.16330645161290325	1.0
development	structural_missingness	1312	reference	rank2_shrink10	4	0.705391807951541	0.7666666666666667	0.0	2	1.0	0.015402490545844416	0.1350622636461104	0.45740740740740726	0.16330645161290325	1.0
development	structural_missingness	1312	target	rank3_shrink05	5	0.831305893327266	1.0	0.0	3	0.5	0.012109663976570095	0.052741599414252376	0.45740740740740726	0.16330645161290325	1.0
development	structural_missingness	1312	reference	rank3_shrink05	5	0.705391807951541	0.7666666666666667	0.0	3	0.5	0.012109663976570095	0.052741599414252376	0.45740740740740726	0.16330645161290325	1.0
development	structural_missingness	1312	target	rank3_shrink10	6	0.831305893327266	1.0	0.0	3	1.0	0.016583914823830592	0.1645978705957648	0.45740740740740726	0.16330645161290325	1.0
development	structural_missingness	1312	reference	rank3_shrink10	6	0.7066968806767059	0.7666666666666667	0.0	3	1.0	0.016583914823830592	0.1645978705957648	0.45740740740740726	0.16330645161290325	1.0
development	magnitude_helpful	1301	target	raw_rc6_reference	0	0.8454301140058407	0.9333333333333333	0.0	0	0.0	0.0	0.0	0.0	0.1467931345980127	1.0
development	magnitude_helpful	1301	reference	raw_rc6_reference	0	0.6109315476094475	0.8222222222222223	0.0	0	0.0	0.0	0.0	0.0	0.1467931345980127	1.0
development	magnitude_helpful	1301	target	rank1_shrink05	1	0.8454301140058407	0.9333333333333333	0.0	1	0.5	0.0002810355820006549	0.0	0.0	0.1467931345980127	1.0
development	magnitude_helpful	1301	reference	rank1_shrink05	1	0.6109315476094475	0.8222222222222223	0.0	1	0.5	0.0002810355820006549	0.0	0.0	0.1467931345980127	1.0
development	magnitude_helpful	1301	target	rank1_shrink10	2	0.8454301140058407	0.9333333333333333	0.0	1	1.0	0.00037471410933453964	0.0	0.0	0.1467931345980127	1.0
development	magnitude_helpful	1301	reference	rank1_shrink10	2	0.6109315476094475	0.8222222222222223	0.0	1	1.0	0.00037471410933453964	0.0	0.0	0.1467931345980127	1.0
development	magnitude_helpful	1301	target	rank2_shrink05	3	0.8454301140058407	0.9333333333333333	0.0	2	0.5	0.0007416949963994224	0.0	0.0	0.1467931345980127	1.0
development	magnitude_helpful	1301	reference	rank2_shrink05	3	0.6109315476094475	0.8222222222222223	0.0	2	0.5	0.0007416949963994224	0.0	0.0	0.1467931345980127	1.0
development	magnitude_helpful	1301	target	rank2_shrink10	4	0.8454301140058407	0.9333333333333333	0.0	2	1.0	0.0009889266618658965	0.0	0.0	0.1467931345980127	1.0
development	magnitude_helpful	1301	reference	rank2_shrink10	4	0.6109315476094475	0.8222222222222223	0.0	2	1.0	0.0009889266618658965	0.0	0.0	0.1467931345980127	1.0
development	magnitude_helpful	1301	target	rank3_shrink05	5	0.8454301140058407	0.9333333333333333	0.0	3	0.5	0.0008335653155274736	0.0	0.0	0.1467931345980127	1.0
development	magnitude_helpful	1301	reference	rank3_shrink05	5	0.6109315476094475	0.8222222222222223	0.0	3	0.5	0.0008335653155274736	0.0	0.0	0.1467931345980127	1.0
development	magnitude_helpful	1301	target	rank3_shrink10	6	0.8454301140058407	0.9333333333333333	0.0	3	1.0	0.0011114204207034462	0.0	0.0	0.1467931345980127	1.0
development	magnitude_helpful	1301	reference	rank3_shrink10	6	0.6109315476094475	0.8222222222222223	0.0	3	1.0	0.0011114204207034462	0.0	0.0	0.1467931345980127	1.0
development	magnitude_helpful	1302	target	raw_rc6_reference	0	0.805729392716883	0.9285714285714285	0.0	0	0.0	0.0	0.0	0.007407407407407529	0.13228699551569512	1.0
development	magnitude_helpful	1302	reference	raw_rc6_reference	0	0.6939265967508164	0.8727272727272727	0.0	0	0.0	0.0	0.0	0.007407407407407529	0.13228699551569512	1.0
development	magnitude_helpful	1302	target	rank1_shrink05	1	0.805729392716883	0.9285714285714285	0.0	1	0.5	0.0003246471454692035	0.0	0.007407407407407529	0.13228699551569512	1.0
development	magnitude_helpful	1302	reference	rank1_shrink05	1	0.6939265967508164	0.8727272727272727	0.0	1	0.5	0.0003246471454692035	0.0	0.007407407407407529	0.13228699551569512	1.0
development	magnitude_helpful	1302	target	rank1_shrink10	2	0.805729392716883	0.9285714285714285	0.0	1	1.0	0.00043286286062571566	0.0	0.007407407407407529	0.13228699551569512	1.0
development	magnitude_helpful	1302	reference	rank1_shrink10	2	0.6939265967508164	0.8727272727272727	0.0	1	1.0	0.00043286286062571566	0.0	0.007407407407407529	0.13228699551569512	1.0
development	magnitude_helpful	1302	target	rank2_shrink05	3	0.805729392716883	0.9285714285714285	0.0	2	0.5	0.0014820897604329586	0.0	0.007407407407407529	0.13228699551569512	1.0
development	magnitude_helpful	1302	reference	rank2_shrink05	3	0.6939265967508164	0.8727272727272727	0.0	2	0.5	0.0014820897604329586	0.0	0.007407407407407529	0.13228699551569512	1.0
development	magnitude_helpful	1302	target	rank2_shrink10	4	0.805729392716883	0.9285714285714285	0.0	2	1.0	0.001976119680577648	0.0	0.007407407407407529	0.13228699551569512	1.0
development	magnitude_helpful	1302	reference	rank2_shrink10	4	0.6939265967508164	0.8727272727272727	0.0	2	1.0	0.001976119680577648	0.0	0.007407407407407529	0.13228699551569512	1.0
development	magnitude_helpful	1302	target	rank3_shrink05	5	0.805729392716883	0.9285714285714285	0.0	3	0.5	0.0018365407771332443	0.0	0.007407407407407529	0.13228699551569512	1.0
development	magnitude_helpful	1302	reference	rank3_shrink05	5	0.6939265967508164	0.8727272727272727	0.0	3	0.5	0.0018365407771332443	0.0	0.007407407407407529	0.13228699551569512	1.0
development	magnitude_helpful	1302	target	rank3_shrink10	6	0.805729392716883	0.9285714285714285	0.0	3	1.0	0.002448721036177881	0.0	0.007407407407407529	0.13228699551569512	1.0
development	magnitude_helpful	1302	reference	rank3_shrink10	6	0.6939265967508164	0.8727272727272727	0.0	3	1.0	0.002448721036177881	0.0	0.007407407407407529	0.13228699551569512	1.0
development	magnitude_helpful	1303	target	raw_rc6_reference	0	0.7960593175508703	0.888888888888889	0.0	0	0.0	0.0	0.0	0.08333333333333348	0.14247311827956988	1.0
development	magnitude_helpful	1303	reference	raw_rc6_reference	0	0.7894738508702126	0.9666666666666667	0.0	0	0.0	0.0	0.0	0.08333333333333348	0.14247311827956988	1.0
development	magnitude_helpful	1303	target	rank1_shrink05	1	0.7960593175508703	0.888888888888889	0.0	1	0.5	0.0010334379773176972	0.0	0.08333333333333348	0.14247311827956988	1.0
development	magnitude_helpful	1303	reference	rank1_shrink05	1	0.7894738508702126	0.9666666666666667	0.0	1	0.5	0.0010334379773176972	0.0	0.08333333333333348	0.14247311827956988	1.0
development	magnitude_helpful	1303	target	rank1_shrink10	2	0.7960593175508703	0.888888888888889	0.0	1	1.0	0.0013779173030903369	0.0	0.08333333333333348	0.14247311827956988	1.0
development	magnitude_helpful	1303	reference	rank1_shrink10	2	0.7894738508702126	0.9666666666666667	0.0	1	1.0	0.0013779173030903369	0.0	0.08333333333333348	0.14247311827956988	1.0
development	magnitude_helpful	1303	target	rank2_shrink05	3	0.7960593175508703	0.888888888888889	0.0	2	0.5	0.001615327956633994	0.0	0.08333333333333348	0.14247311827956988	1.0
development	magnitude_helpful	1303	reference	rank2_shrink05	3	0.7894738508702126	0.9666666666666667	0.0	2	0.5	0.001615327956633994	0.0	0.08333333333333348	0.14247311827956988	1.0
development	magnitude_helpful	1303	target	rank2_shrink10	4	0.7960593175508703	0.888888888888889	0.0	2	1.0	0.0021537706088453623	0.0	0.08333333333333348	0.14247311827956988	1.0
development	magnitude_helpful	1303	reference	rank2_shrink10	4	0.7894738508702126	0.9666666666666667	0.0	2	1.0	0.0021537706088453623	0.0	0.08333333333333348	0.14247311827956988	1.0
development	magnitude_helpful	1303	target	rank3_shrink05	5	0.7960593175508703	0.888888888888889	0.0	3	0.5	0.0016292795913798175	0.0	0.08333333333333348	0.14247311827956988	1.0
development	magnitude_helpful	1303	reference	rank3_shrink05	5	0.7894738508702126	0.9666666666666667	0.0	3	0.5	0.0016292795913798175	0.0	0.08333333333333348	0.14247311827956988	1.0
development	magnitude_helpful	1303	target	rank3_shrink10	6	0.7960593175508703	0.888888888888889	0.0	3	1.0	0.0021723727885071265	0.0	0.08333333333333348	0.14247311827956988	1.0
development	magnitude_helpful	1303	reference	rank3_shrink10	6	0.7894738508702126	0.9666666666666667	0.0	3	1.0	0.0021723727885071265	0.0	0.08333333333333348	0.14247311827956988	1.0
development	magnitude_helpful	1304	target	raw_rc6_reference	0	0.7556966531054687	0.9777777777777779	0.0	0	0.0	0.0	0.0	0.0	0.15417057169634485	1.0
development	magnitude_helpful	1304	reference	raw_rc6_reference	0	0.8358795003066294	0.9	0.0	0	0.0	0.0	0.0	0.0	0.15417057169634485	1.0
development	magnitude_helpful	1304	target	rank1_shrink05	1	0.7556966531054687	0.9777777777777779	0.0	1	0.5	0.0002516312628507711	0.0	0.0	0.15417057169634485	1.0
development	magnitude_helpful	1304	reference	rank1_shrink05	1	0.8358795003066294	0.9	0.0	1	0.5	0.0002516312628507711	0.0	0.0	0.15417057169634485	1.0
development	magnitude_helpful	1304	target	rank1_shrink10	2	0.7556966531054687	0.9777777777777779	0.0	1	1.0	0.00033550835046791683	0.0	0.0	0.15417057169634485	1.0
development	magnitude_helpful	1304	reference	rank1_shrink10	2	0.8358795003066294	0.9	0.0	1	1.0	0.00033550835046791683	0.0	0.0	0.15417057169634485	1.0
development	magnitude_helpful	1304	target	rank2_shrink05	3	0.7556966531054687	0.9777777777777779	0.0	2	0.5	0.0009010490533170046	0.0	0.0	0.15417057169634485	1.0
development	magnitude_helpful	1304	reference	rank2_shrink05	3	0.8358795003066294	0.9	0.0	2	0.5	0.0009010490533170046	0.0	0.0	0.15417057169634485	1.0
development	magnitude_helpful	1304	target	rank2_shrink10	4	0.7556966531054687	0.9777777777777779	0.0	2	1.0	0.0012013987377561541	0.0	0.0	0.15417057169634485	1.0
development	magnitude_helpful	1304	reference	rank2_shrink10	4	0.8358795003066294	0.9	0.0	2	1.0	0.0012013987377561541	0.0	0.0	0.15417057169634485	1.0
development	magnitude_helpful	1304	target	rank3_shrink05	5	0.7556966531054687	0.9777777777777779	0.0	3	0.5	0.001357962232539256	0.0	0.0	0.15417057169634485	1.0
development	magnitude_helpful	1304	reference	rank3_shrink05	5	0.8358795003066294	0.9	0.0	3	0.5	0.001357962232539256	0.0	0.0	0.15417057169634485	1.0
development	magnitude_helpful	1304	target	rank3_shrink10	6	0.7556966531054687	0.9777777777777779	0.0	3	1.0	0.0018106163100524153	0.0	0.0	0.15417057169634485	1.0
development	magnitude_helpful	1304	reference	rank3_shrink10	6	0.8358795003066294	0.9	0.0	3	1.0	0.0018106163100524153	0.0	0.0	0.15417057169634485	1.0
development	magnitude_helpful	1305	target	raw_rc6_reference	0	0.6881203158728152	0.9	0.0	0	0.0	0.0	0.0	0.0	0.1648983200707339	1.0
development	magnitude_helpful	1305	reference	raw_rc6_reference	0	0.9506493506493506	0.9666666666666667	0.0	0	0.0	0.0	0.0	0.0	0.1648983200707339	1.0
development	magnitude_helpful	1305	target	rank1_shrink05	1	0.6881203158728152	0.9	0.0	1	0.5	0.00012813845075654307	0.0	0.0	0.1648983200707339	1.0
development	magnitude_helpful	1305	reference	rank1_shrink05	1	0.9506493506493506	0.9666666666666667	0.0	1	0.5	0.00012813845075654307	0.0	0.0	0.1648983200707339	1.0
development	magnitude_helpful	1305	target	rank1_shrink10	2	0.6881203158728152	0.9	0.0	1	1.0	0.0001708512676755758	0.0	0.0	0.1648983200707339	1.0
development	magnitude_helpful	1305	reference	rank1_shrink10	2	0.9506493506493506	0.9666666666666667	0.0	1	1.0	0.0001708512676755758	0.0	0.0	0.1648983200707339	1.0
development	magnitude_helpful	1305	target	rank2_shrink05	3	0.6881203158728152	0.9	0.0	2	0.5	0.00047921164979980446	0.0	0.0	0.1648983200707339	1.0
development	magnitude_helpful	1305	reference	rank2_shrink05	3	0.9506493506493506	0.9666666666666667	0.0	2	0.5	0.00047921164979980446	0.0	0.0	0.1648983200707339	1.0
development	magnitude_helpful	1305	target	rank2_shrink10	4	0.6881203158728152	0.9	0.0	2	1.0	0.0006389488663998133	0.0	0.0	0.1648983200707339	1.0
development	magnitude_helpful	1305	reference	rank2_shrink10	4	0.9506493506493506	0.9666666666666667	0.0	2	1.0	0.0006389488663998133	0.0	0.0	0.1648983200707339	1.0
development	magnitude_helpful	1305	target	rank3_shrink05	5	0.6881203158728152	0.9	0.0	3	0.5	0.0009035026422641312	0.0	0.0	0.1648983200707339	1.0
development	magnitude_helpful	1305	reference	rank3_shrink05	5	0.9506493506493506	0.9666666666666667	0.0	3	0.5	0.0009035026422641312	0.0	0.0	0.1648983200707339	1.0
development	magnitude_helpful	1305	target	rank3_shrink10	6	0.6881203158728152	0.9	0.0	3	1.0	0.0012046701896855083	0.0	0.0	0.1648983200707339	1.0
development	magnitude_helpful	1305	reference	rank3_shrink10	6	0.9506493506493506	0.9666666666666667	0.0	3	1.0	0.0012046701896855083	0.0	0.0	0.1648983200707339	1.0
development	magnitude_helpful	1306	target	raw_rc6_reference	0	0.9216773961390362	1.0	0.0	0	0.0	0.0	0.0	0.059259259259259345	0.13693131132917036	1.0
development	magnitude_helpful	1306	reference	raw_rc6_reference	0	0.8039308110503083	0.8444444444444444	0.0	0	0.0	0.0	0.0	0.059259259259259345	0.13693131132917036	1.0
development	magnitude_helpful	1306	target	rank1_shrink05	1	0.9216773961390362	1.0	0.0	1	0.5	0.0003525328685550777	0.0	0.059259259259259345	0.13693131132917036	1.0
development	magnitude_helpful	1306	reference	rank1_shrink05	1	0.8039308110503083	0.8444444444444444	0.0	1	0.5	0.0003525328685550777	0.0	0.059259259259259345	0.13693131132917036	1.0
development	magnitude_helpful	1306	target	rank1_shrink10	2	0.9216773961390362	1.0	0.0	1	1.0	0.0004700438247405847	0.0	0.059259259259259345	0.13693131132917036	1.0
development	magnitude_helpful	1306	reference	rank1_shrink10	2	0.8039308110503083	0.8444444444444444	0.0	1	1.0	0.0004700438247405847	0.0	0.059259259259259345	0.13693131132917036	1.0
development	magnitude_helpful	1306	target	rank2_shrink05	3	0.9216773961390362	1.0	0.0	2	0.5	0.0007373931678267276	0.0	0.059259259259259345	0.13693131132917036	1.0
development	magnitude_helpful	1306	reference	rank2_shrink05	3	0.8039308110503083	0.8444444444444444	0.0	2	0.5	0.0007373931678267276	0.0	0.059259259259259345	0.13693131132917036	1.0
development	magnitude_helpful	1306	target	rank2_shrink10	4	0.9216773961390362	1.0	0.0	2	1.0	0.0009831908904357478	0.0	0.059259259259259345	0.13693131132917036	1.0
development	magnitude_helpful	1306	reference	rank2_shrink10	4	0.8039308110503083	0.8444444444444444	0.0	2	1.0	0.0009831908904357478	0.0	0.059259259259259345	0.13693131132917036	1.0
development	magnitude_helpful	1306	target	rank3_shrink05	5	0.9216773961390362	1.0	0.0	3	0.5	0.0015421650054207037	0.0	0.059259259259259345	0.13693131132917036	1.0
development	magnitude_helpful	1306	reference	rank3_shrink05	5	0.8039308110503083	0.8444444444444444	0.0	3	0.5	0.0015421650054207037	0.0	0.059259259259259345	0.13693131132917036	1.0
development	magnitude_helpful	1306	target	rank3_shrink10	6	0.9216773961390362	1.0	0.0	3	1.0	0.002056220007227827	0.0	0.059259259259259345	0.13693131132917036	1.0
development	magnitude_helpful	1306	reference	rank3_shrink10	6	0.8039308110503083	0.8444444444444444	0.0	3	1.0	0.002056220007227827	0.0	0.059259259259259345	0.13693131132917036	1.0
development	magnitude_helpful	1307	target	raw_rc6_reference	0	0.3231202781109597		0.0	0	0.0	0.0	0.0	0.0	0.15797101449275364	1.0
development	magnitude_helpful	1307	reference	raw_rc6_reference	0	0.9411769179191286	0.9489795918367346	0.0	0	0.0	0.0	0.0	0.0	0.15797101449275364	1.0
development	magnitude_helpful	1307	target	rank1_shrink05	1	0.3231202781109597		0.0	1	0.5	0.00028466113919156655	0.0	0.0	0.15797101449275364	1.0
development	magnitude_helpful	1307	reference	rank1_shrink05	1	0.9411769179191286	0.9489795918367346	0.0	1	0.5	0.00028466113919156655	0.0	0.0	0.15797101449275364	1.0
development	magnitude_helpful	1307	target	rank1_shrink10	2	0.3231202781109597		0.0	1	1.0	0.00037954818558894043	0.0	0.0	0.15797101449275364	1.0
development	magnitude_helpful	1307	reference	rank1_shrink10	2	0.9411769179191286	0.9489795918367346	0.0	1	1.0	0.00037954818558894043	0.0	0.0	0.15797101449275364	1.0
development	magnitude_helpful	1307	target	rank2_shrink05	3	0.3231202781109597		0.0	2	0.5	0.0007454714194371492	0.0	0.0	0.15797101449275364	1.0
development	magnitude_helpful	1307	reference	rank2_shrink05	3	0.9411769179191286	0.9489795918367346	0.0	2	0.5	0.0007454714194371492	0.0	0.0	0.15797101449275364	1.0
development	magnitude_helpful	1307	target	rank2_shrink10	4	0.3231202781109597		0.0	2	1.0	0.0009939618925831617	0.0	0.0	0.15797101449275364	1.0
development	magnitude_helpful	1307	reference	rank2_shrink10	4	0.9411769179191286	0.9489795918367346	0.0	2	1.0	0.0009939618925831617	0.0	0.0	0.15797101449275364	1.0
development	magnitude_helpful	1307	target	rank3_shrink05	5	0.3231202781109597		0.0	3	0.5	0.0011508847729783112	0.0	0.0	0.15797101449275364	1.0
development	magnitude_helpful	1307	reference	rank3_shrink05	5	0.9411769179191286	0.9489795918367346	0.0	3	0.5	0.0011508847729783112	0.0	0.0	0.15797101449275364	1.0
development	magnitude_helpful	1307	target	rank3_shrink10	6	0.3231202781109597		0.0	3	1.0	0.0015345130306380073	0.0	0.0	0.15797101449275364	1.0
development	magnitude_helpful	1307	reference	rank3_shrink10	6	0.9411769179191286	0.9489795918367346	0.0	3	1.0	0.0015345130306380073	0.0	0.0	0.15797101449275364	1.0
development	magnitude_helpful	1308	target	raw_rc6_reference	0	0.8966863491365378	1.0	0.0	0	0.0	0.0	0.0	0.0	0.14611260053619302	1.0
development	magnitude_helpful	1308	reference	raw_rc6_reference	0	0.5692454350068114	0.7111111111111111	0.0	0	0.0	0.0	0.0	0.0	0.14611260053619302	1.0
development	magnitude_helpful	1308	target	rank1_shrink05	1	0.8966863491365378	1.0	0.0	1	0.5	7.855692072411546e-05	0.0	0.0	0.14611260053619302	1.0
development	magnitude_helpful	1308	reference	rank1_shrink05	1	0.5692454350068114	0.7111111111111111	0.0	1	0.5	7.855692072411546e-05	0.0	0.0	0.14611260053619302	1.0
development	magnitude_helpful	1308	target	rank1_shrink10	2	0.8966863491365378	1.0	0.0	1	1.0	0.00010474256096559831	0.0	0.0	0.14611260053619302	1.0
development	magnitude_helpful	1308	reference	rank1_shrink10	2	0.5692454350068114	0.7111111111111111	0.0	1	1.0	0.00010474256096559831	0.0	0.0	0.14611260053619302	1.0
development	magnitude_helpful	1308	target	rank2_shrink05	3	0.8966863491365378	1.0	0.0	2	0.5	0.0010371656108418836	0.0	0.0	0.14611260053619302	1.0
development	magnitude_helpful	1308	reference	rank2_shrink05	3	0.5692454350068114	0.7111111111111111	0.0	2	0.5	0.0010371656108418836	0.0	0.0	0.14611260053619302	1.0
development	magnitude_helpful	1308	target	rank2_shrink10	4	0.8966863491365378	1.0	0.0	2	1.0	0.0013828874811225855	0.0	0.0	0.14611260053619302	1.0
development	magnitude_helpful	1308	reference	rank2_shrink10	4	0.5692454350068114	0.7111111111111111	0.0	2	1.0	0.0013828874811225855	0.0	0.0	0.14611260053619302	1.0
development	magnitude_helpful	1308	target	rank3_shrink05	5	0.8966863491365378	1.0	0.0	3	0.5	0.0010541928710795512	0.0	0.0	0.14611260053619302	1.0
development	magnitude_helpful	1308	reference	rank3_shrink05	5	0.5692454350068114	0.7111111111111111	0.0	3	0.5	0.0010541928710795512	0.0	0.0	0.14611260053619302	1.0
development	magnitude_helpful	1308	target	rank3_shrink10	6	0.8966863491365378	1.0	0.0	3	1.0	0.001405590494773068	0.0	0.0	0.14611260053619302	1.0
development	magnitude_helpful	1308	reference	rank3_shrink10	6	0.5692454350068114	0.7111111111111111	0.0	3	1.0	0.001405590494773068	0.0	0.0	0.14611260053619302	1.0
development	magnitude_helpful	1309	target	raw_rc6_reference	0	0.6842438124209099	0.8111111111111111	0.0	0	0.0	0.0	0.0	0.0018518518518519933	0.11938958707360858	1.0
development	magnitude_helpful	1309	reference	raw_rc6_reference	0	0.9029363862681905	0.9666666666666668	0.0	0	0.0	0.0	0.0	0.0018518518518519933	0.11938958707360858	1.0
development	magnitude_helpful	1309	target	rank1_shrink05	1	0.6842438124209099	0.8111111111111111	0.0	1	0.5	0.00025703924927089616	0.0	0.0018518518518519933	0.11938958707360858	1.0
development	magnitude_helpful	1309	reference	rank1_shrink05	1	0.9029363862681905	0.9666666666666668	0.0	1	0.5	0.00025703924927089616	0.0	0.0018518518518519933	0.11938958707360858	1.0
development	magnitude_helpful	1309	target	rank1_shrink10	2	0.6842438124209099	0.8111111111111111	0.0	1	1.0	0.00034271899902826863	0.0	0.0018518518518519933	0.11938958707360858	1.0
development	magnitude_helpful	1309	reference	rank1_shrink10	2	0.9029363862681905	0.9666666666666668	0.0	1	1.0	0.00034271899902826863	0.0	0.0018518518518519933	0.11938958707360858	1.0
development	magnitude_helpful	1309	target	rank2_shrink05	3	0.6842438124209099	0.8111111111111111	0.0	2	0.5	0.00027250985587889964	0.0	0.0018518518518519933	0.11938958707360858	1.0
development	magnitude_helpful	1309	reference	rank2_shrink05	3	0.9029363862681905	0.9666666666666668	0.0	2	0.5	0.00027250985587889964	0.0	0.0018518518518519933	0.11938958707360858	1.0
development	magnitude_helpful	1309	target	rank2_shrink10	4	0.6842438124209099	0.8111111111111111	0.0	2	1.0	0.00036334647450542157	0.0	0.0018518518518519933	0.11938958707360858	1.0
development	magnitude_helpful	1309	reference	rank2_shrink10	4	0.9029363862681905	0.9666666666666668	0.0	2	1.0	0.00036334647450542157	0.0	0.0018518518518519933	0.11938958707360858	1.0
development	magnitude_helpful	1309	target	rank3_shrink05	5	0.6842438124209099	0.8111111111111111	0.0	3	0.5	0.0007565191955486439	0.0	0.0018518518518519933	0.11938958707360858	1.0
development	magnitude_helpful	1309	reference	rank3_shrink05	5	0.9029363862681905	0.9666666666666668	0.0	3	0.5	0.0007565191955486439	0.0	0.0018518518518519933	0.11938958707360858	1.0
development	magnitude_helpful	1309	target	rank3_shrink10	6	0.6842438124209099	0.8111111111111111	0.0	3	1.0	0.0010086922607314142	0.0	0.0018518518518519933	0.11938958707360858	1.0
development	magnitude_helpful	1309	reference	rank3_shrink10	6	0.9029363862681905	0.9666666666666668	0.0	3	1.0	0.0010086922607314142	0.0	0.0018518518518519933	0.11938958707360858	1.0
development	magnitude_helpful	1310	target	raw_rc6_reference	0	0.8000042441106334	0.9222222222222223	0.0	0	0.0	0.0	0.0	0.0	0.12813102119460495	1.0
development	magnitude_helpful	1310	reference	raw_rc6_reference	0	0.7984405763980149	0.9666666666666668	0.0	0	0.0	0.0	0.0	0.0	0.12813102119460495	1.0
development	magnitude_helpful	1310	target	rank1_shrink05	1	0.8000042441106334	0.9222222222222223	0.0	1	0.5	0.00017079341152292926	0.0	0.0	0.12813102119460495	1.0
development	magnitude_helpful	1310	reference	rank1_shrink05	1	0.7984405763980149	0.9666666666666668	0.0	1	0.5	0.00017079341152292926	0.0	0.0	0.12813102119460495	1.0
development	magnitude_helpful	1310	target	rank1_shrink10	2	0.8000042441106334	0.9222222222222223	0.0	1	1.0	0.000227724548697128	0.0	0.0	0.12813102119460495	1.0
development	magnitude_helpful	1310	reference	rank1_shrink10	2	0.7984405763980149	0.9666666666666668	0.0	1	1.0	0.000227724548697128	0.0	0.0	0.12813102119460495	1.0
development	magnitude_helpful	1310	target	rank2_shrink05	3	0.8000042441106334	0.9222222222222223	0.0	2	0.5	0.0007731397688875985	0.0	0.0	0.12813102119460495	1.0
development	magnitude_helpful	1310	reference	rank2_shrink05	3	0.7984405763980149	0.9666666666666668	0.0	2	0.5	0.0007731397688875985	0.0	0.0	0.12813102119460495	1.0
development	magnitude_helpful	1310	target	rank2_shrink10	4	0.8000042441106334	0.9222222222222223	0.0	2	1.0	0.0010308530251834647	0.0	0.0	0.12813102119460495	1.0
development	magnitude_helpful	1310	reference	rank2_shrink10	4	0.7984405763980149	0.9666666666666668	0.0	2	1.0	0.0010308530251834647	0.0	0.0	0.12813102119460495	1.0
development	magnitude_helpful	1310	target	rank3_shrink05	5	0.8000042441106334	0.9222222222222223	0.0	3	0.5	0.0008549869695395618	0.0	0.0	0.12813102119460495	1.0
development	magnitude_helpful	1310	reference	rank3_shrink05	5	0.7984405763980149	0.9666666666666668	0.0	3	0.5	0.0008549869695395618	0.0	0.0	0.12813102119460495	1.0
development	magnitude_helpful	1310	target	rank3_shrink10	6	0.8000042441106334	0.9222222222222223	0.0	3	1.0	0.001139982626052749	0.0	0.0	0.12813102119460495	1.0
development	magnitude_helpful	1310	reference	rank3_shrink10	6	0.7984405763980149	0.9666666666666668	0.0	3	1.0	0.001139982626052749	0.0	0.0	0.12813102119460495	1.0
development	magnitude_helpful	1311	target	raw_rc6_reference	0	0.8440062855706886	0.8111111111111111	0.0	0	0.0	0.0	0.0	0.0	0.13062200956937797	1.0
development	magnitude_helpful	1311	reference	raw_rc6_reference	0	0.8504558556078394	1.0	0.0	0	0.0	0.0	0.0	0.0	0.13062200956937797	1.0
development	magnitude_helpful	1311	target	rank1_shrink05	1	0.8440062855706886	0.8111111111111111	0.0	1	0.5	0.00010906269557253712	0.0	0.0	0.13062200956937797	1.0
development	magnitude_helpful	1311	reference	rank1_shrink05	1	0.8504558556078394	1.0	0.0	1	0.5	0.00010906269557253712	0.0	0.0	0.13062200956937797	1.0
development	magnitude_helpful	1311	target	rank1_shrink10	2	0.8440062855706886	0.8111111111111111	0.0	1	1.0	0.00014541692742986445	0.0	0.0	0.13062200956937797	1.0
development	magnitude_helpful	1311	reference	rank1_shrink10	2	0.8504558556078394	1.0	0.0	1	1.0	0.00014541692742986445	0.0	0.0	0.13062200956937797	1.0
development	magnitude_helpful	1311	target	rank2_shrink05	3	0.8440062855706886	0.8111111111111111	0.0	2	0.5	0.0006244210474157796	0.0	0.0	0.13062200956937797	1.0
development	magnitude_helpful	1311	reference	rank2_shrink05	3	0.8504558556078394	1.0	0.0	2	0.5	0.0006244210474157796	0.0	0.0	0.13062200956937797	1.0
development	magnitude_helpful	1311	target	rank2_shrink10	4	0.8440062855706886	0.8111111111111111	0.0	2	1.0	0.0008325613965547429	0.0	0.0	0.13062200956937797	1.0
development	magnitude_helpful	1311	reference	rank2_shrink10	4	0.8504558556078394	1.0	0.0	2	1.0	0.0008325613965547429	0.0	0.0	0.13062200956937797	1.0
development	magnitude_helpful	1311	target	rank3_shrink05	5	0.8440062855706886	0.8111111111111111	0.0	3	0.5	0.0007674826455220662	0.0	0.0	0.13062200956937797	1.0
development	magnitude_helpful	1311	reference	rank3_shrink05	5	0.8504558556078394	1.0	0.0	3	0.5	0.0007674826455220662	0.0	0.0	0.13062200956937797	1.0
development	magnitude_helpful	1311	target	rank3_shrink10	6	0.8440062855706886	0.8111111111111111	0.0	3	1.0	0.0010233101940295697	0.0	0.0	0.13062200956937797	1.0
development	magnitude_helpful	1311	reference	rank3_shrink10	6	0.8504558556078394	1.0	0.0	3	1.0	0.0010233101940295697	0.0	0.0	0.13062200956937797	1.0
development	magnitude_helpful	1312	target	raw_rc6_reference	0	0.7965039878404215	1.0	0.0	0	0.0	0.0	0.0	0.02037037037037015	0.11115954664341765	1.0
development	magnitude_helpful	1312	reference	raw_rc6_reference	0	0.691036007974729	0.7666666666666667	0.0	0	0.0	0.0	0.0	0.02037037037037015	0.11115954664341765	1.0
development	magnitude_helpful	1312	target	rank1_shrink05	1	0.7965039878404215	1.0	0.0	1	0.5	0.0001067855277395724	0.0	0.02037037037037015	0.11115954664341765	1.0
development	magnitude_helpful	1312	reference	rank1_shrink05	1	0.691036007974729	0.7666666666666667	0.0	1	0.5	0.0001067855277395724	0.0	0.02037037037037015	0.11115954664341765	1.0
development	magnitude_helpful	1312	target	rank1_shrink10	2	0.7965039878404215	1.0	0.0	1	1.0	0.00014238070365246713	0.0	0.02037037037037015	0.11115954664341765	1.0
development	magnitude_helpful	1312	reference	rank1_shrink10	2	0.691036007974729	0.7666666666666667	0.0	1	1.0	0.00014238070365246713	0.0	0.02037037037037015	0.11115954664341765	1.0
development	magnitude_helpful	1312	target	rank2_shrink05	3	0.7965039878404215	1.0	0.0	2	0.5	0.0005907430520184498	0.0	0.02037037037037015	0.11115954664341765	1.0
development	magnitude_helpful	1312	reference	rank2_shrink05	3	0.691036007974729	0.7666666666666667	0.0	2	0.5	0.0005907430520184498	0.0	0.02037037037037015	0.11115954664341765	1.0
development	magnitude_helpful	1312	target	rank2_shrink10	4	0.7965039878404215	1.0	0.0	2	1.0	0.0007876574026913774	0.0	0.02037037037037015	0.11115954664341765	1.0
development	magnitude_helpful	1312	reference	rank2_shrink10	4	0.691036007974729	0.7666666666666667	0.0	2	1.0	0.0007876574026913774	0.0	0.02037037037037015	0.11115954664341765	1.0
development	magnitude_helpful	1312	target	rank3_shrink05	5	0.7965039878404215	1.0	0.0	3	0.5	0.000728184426158407	0.0	0.02037037037037015	0.11115954664341765	1.0
development	magnitude_helpful	1312	reference	rank3_shrink05	5	0.691036007974729	0.7666666666666667	0.0	3	0.5	0.000728184426158407	0.0	0.02037037037037015	0.11115954664341765	1.0
development	magnitude_helpful	1312	target	rank3_shrink10	6	0.7965039878404215	1.0	0.0	3	1.0	0.0009709125682115793	0.0	0.02037037037037015	0.11115954664341765	1.0
development	magnitude_helpful	1312	reference	rank3_shrink10	6	0.691036007974729	0.7666666666666667	0.0	3	1.0	0.0009709125682115793	0.0	0.02037037037037015	0.11115954664341765	1.0
development	isolated_occurrence	1301	target	raw_rc6_reference	0	0.8532400919643242	0.9333333333333333	0.0	0	0.0	0.0	0.0	0.3851851851851853	0.019387755102040827	1.0
development	isolated_occurrence	1301	reference	raw_rc6_reference	0	0.5946660644462566	0.8222222222222223	0.0	0	0.0	0.0	0.0	0.3851851851851853	0.019387755102040827	1.0
development	isolated_occurrence	1301	target	rank1_shrink05	1	0.8532400919643242	0.9333333333333333	0.0	1	0.5	0.009991282437941451	0.0	0.3851851851851853	0.019387755102040827	1.0
development	isolated_occurrence	1301	reference	rank1_shrink05	1	0.5946660644462566	0.8222222222222223	0.0	1	0.5	0.009991282437941451	0.0	0.3851851851851853	0.019387755102040827	1.0
development	isolated_occurrence	1301	target	rank1_shrink10	2	0.8532400919643242	0.9333333333333333	0.0	1	1.0	0.013321709917255231	0.08304274793138078	0.3851851851851853	0.019387755102040827	1.0
development	isolated_occurrence	1301	reference	rank1_shrink10	2	0.6109315476094475	0.8222222222222223	0.0	1	1.0	0.013321709917255231	0.08304274793138078	0.3851851851851853	0.019387755102040827	1.0
development	isolated_occurrence	1301	target	rank2_shrink05	3	0.8532400919643242	0.9333333333333333	0.0	2	0.5	0.011612502210203934	0.04031255525509835	0.3851851851851853	0.019387755102040827	1.0
development	isolated_occurrence	1301	reference	rank2_shrink05	3	0.6018228770380606	0.8222222222222223	0.0	2	0.5	0.011612502210203934	0.04031255525509835	0.3851851851851853	0.019387755102040827	1.0
development	isolated_occurrence	1301	target	rank2_shrink10	4	0.8532400919643242	0.9333333333333333	0.0	2	1.0	0.015483336280271764	0.1370834070067941	0.3851851851851853	0.019387755102040827	1.0
development	isolated_occurrence	1301	reference	rank2_shrink10	4	0.6109315476094475	0.8222222222222223	0.0	2	1.0	0.015483336280271764	0.1370834070067941	0.3851851851851853	0.019387755102040827	1.0
development	isolated_occurrence	1301	target	rank3_shrink05	5	0.8532400919643242	0.9333333333333333	0.0	3	0.5	0.011873647480059146	0.04684118700147865	0.3851851851851853	0.019387755102040827	1.0
development	isolated_occurrence	1301	reference	rank3_shrink05	5	0.6018228770380606	0.8222222222222223	0.0	3	0.5	0.011873647480059146	0.04684118700147865	0.3851851851851853	0.019387755102040827	1.0
development	isolated_occurrence	1301	target	rank3_shrink10	6	0.8532400919643242	0.9333333333333333	0.0	3	1.0	0.015831529973412195	0.14578824933530488	0.3851851851851853	0.019387755102040827	1.0
development	isolated_occurrence	1301	reference	rank3_shrink10	6	0.6109315476094475	0.8222222222222223	0.0	3	1.0	0.015831529973412195	0.14578824933530488	0.3851851851851853	0.019387755102040827	1.0
development	isolated_occurrence	1302	target	raw_rc6_reference	0	0.846080945502381	0.9591836734693877	0.0	0	0.0	0.0	0.0	0.39074074074074083	0.00040683482506098656	1.0
development	isolated_occurrence	1302	reference	raw_rc6_reference	0	0.6805953476726916	0.8636363636363636	0.0	0	0.0	0.0	0.0	0.39074074074074083	0.00040683482506098656	1.0
development	isolated_occurrence	1302	target	rank1_shrink05	1	0.846080945502381	0.9591836734693877	0.0	1	0.5	0.010480482657703183	0.012012066442579567	0.39074074074074083	0.00040683482506098656	1.0
development	isolated_occurrence	1302	reference	rank1_shrink05	1	0.6805953476726916	0.8636363636363636	0.0	1	0.5	0.010480482657703183	0.012012066442579567	0.39074074074074083	0.00040683482506098656	1.0
development	isolated_occurrence	1302	target	rank1_shrink10	2	0.846080945502381	0.9591836734693877	0.0	1	1.0	0.013973976876938243	0.09934942192345607	0.39074074074074083	0.00040683482506098656	1.0
development	isolated_occurrence	1302	reference	rank1_shrink10	2	0.6805953476726916	0.8636363636363636	0.0	1	1.0	0.013973976876938243	0.09934942192345607	0.39074074074074083	0.00040683482506098656	1.0
development	isolated_occurrence	1302	target	rank2_shrink05	3	0.846080945502381	0.9591836734693877	0.0	2	0.5	0.011779238966603489	0.04448097416508722	0.39074074074074083	0.00040683482506098656	1.0
development	isolated_occurrence	1302	reference	rank2_shrink05	3	0.6805953476726916	0.8636363636363636	0.0	2	0.5	0.011779238966603489	0.04448097416508722	0.39074074074074083	0.00040683482506098656	1.0
development	isolated_occurrence	1302	target	rank2_shrink10	4	0.846080945502381	0.9591836734693877	0.0	2	1.0	0.015705651955471134	0.14264129888677834	0.39074074074074083	0.00040683482506098656	1.0
development	isolated_occurrence	1302	reference	rank2_shrink10	4	0.6805953476726916	0.8636363636363636	0.0	2	1.0	0.015705651955471134	0.14264129888677834	0.39074074074074083	0.00040683482506098656	1.0
development	isolated_occurrence	1302	target	rank3_shrink05	5	0.846080945502381	0.9591836734693877	0.0	3	0.5	0.012161640631941029	0.05404101579852571	0.39074074074074083	0.00040683482506098656	1.0
development	isolated_occurrence	1302	reference	rank3_shrink05	5	0.6805953476726916	0.8636363636363636	0.0	3	0.5	0.012161640631941029	0.05404101579852571	0.39074074074074083	0.00040683482506098656	1.0
development	isolated_occurrence	1302	target	rank3_shrink10	6	0.846080945502381	0.9591836734693877	0.0	3	1.0	0.01621552084258815	0.15538802106470373	0.39074074074074083	0.00040683482506098656	1.0
development	isolated_occurrence	1302	reference	rank3_shrink10	6	0.6805953476726916	0.8636363636363636	0.0	3	1.0	0.01621552084258815	0.15538802106470373	0.39074074074074083	0.00040683482506098656	1.0
development	isolated_occurrence	1303	target	raw_rc6_reference	0	0.8060017736401819	0.9	0.0	0	0.0	0.0	0.0	0.10740740740740762	0.002679528403001119	1.0
development	isolated_occurrence	1303	reference	raw_rc6_reference	0	0.7894738508702126	0.9666666666666667	0.0	0	0.0	0.0	0.0	0.10740740740740762	0.002679528403001119	1.0
development	isolated_occurrence	1303	target	rank1_shrink05	1	0.8060017736401819	0.9	0.0	1	0.5	0.008674650503118664	0.0	0.10740740740740762	0.002679528403001119	1.0
development	isolated_occurrence	1303	reference	rank1_shrink05	1	0.7894738508702126	0.9666666666666667	0.0	1	0.5	0.008674650503118664	0.0	0.10740740740740762	0.002679528403001119	1.0
development	isolated_occurrence	1303	target	rank1_shrink10	2	0.8060017736401819	0.9	0.0	1	1.0	0.011566200670825144	0.039155016770628596	0.10740740740740762	0.002679528403001119	1.0
development	isolated_occurrence	1303	reference	rank1_shrink10	2	0.7894738508702126	0.9666666666666667	0.0	1	1.0	0.011566200670825144	0.039155016770628596	0.10740740740740762	0.002679528403001119	1.0
development	isolated_occurrence	1303	target	rank2_shrink05	3	0.8060017736401819	0.9	0.0	2	0.5	0.015086736078642193	0.12716840196605483	0.10740740740740762	0.002679528403001119	1.0
development	isolated_occurrence	1303	reference	rank2_shrink05	3	0.7894738508702126	0.9666666666666667	0.0	2	0.5	0.015086736078642193	0.12716840196605483	0.10740740740740762	0.002679528403001119	1.0
development	isolated_occurrence	1303	target	rank2_shrink10	4	0.8060017736401819	0.9	0.0	2	1.0	0.020115648104856332	0.2528912026214083	0.10740740740740762	0.002679528403001119	1.0
development	isolated_occurrence	1303	reference	rank2_shrink10	4	0.7894738508702126	0.9666666666666667	0.0	2	1.0	0.020115648104856332	0.2528912026214083	0.10740740740740762	0.002679528403001119	1.0
development	isolated_occurrence	1303	target	rank3_shrink05	5	0.8060017736401819	0.9	0.0	3	0.5	0.01640792038928318	0.16019800973207954	0.10740740740740762	0.002679528403001119	1.0
development	isolated_occurrence	1303	reference	rank3_shrink05	5	0.7894738508702126	0.9666666666666667	0.0	3	0.5	0.01640792038928318	0.16019800973207954	0.10740740740740762	0.002679528403001119	1.0
development	isolated_occurrence	1303	target	rank3_shrink10	6	0.8060017736401819	0.9	0.0	3	1.0	0.021877227185710835	0.29693067964277087	0.10740740740740762	0.002679528403001119	1.0
development	isolated_occurrence	1303	reference	rank3_shrink10	6	0.7894738508702126	0.9666666666666667	0.0	3	1.0	0.021877227185710835	0.29693067964277087	0.10740740740740762	0.002679528403001119	1.0
development	isolated_occurrence	1304	target	raw_rc6_reference	0	0.7871840136515299	0.9888888888888889	0.0	0	0.0	0.0	0.0	0.2148148148148148	0.0	1.0
development	isolated_occurrence	1304	reference	raw_rc6_reference	0	0.8456292611966755	0.9	0.0	0	0.0	0.0	0.0	0.2148148148148148	0.0	1.0
development	isolated_occurrence	1304	target	rank1_shrink05	1	0.7871840136515299	0.9888888888888889	0.0	1	0.5	0.011012617677609304	0.0253154419402326	0.2148148148148148	0.0	1.0
development	isolated_occurrence	1304	reference	rank1_shrink05	1	0.8456292611966755	0.9	0.0	1	0.5	0.011012617677609304	0.0253154419402326	0.2148148148148148	0.0	1.0
development	isolated_occurrence	1304	target	rank1_shrink10	2	0.7871840136515299	0.9888888888888889	0.0	1	1.0	0.014683490236812702	0.11708725592031753	0.2148148148148148	0.0	1.0
development	isolated_occurrence	1304	reference	rank1_shrink10	2	0.8456292611966755	0.9	0.0	1	1.0	0.014683490236812702	0.11708725592031753	0.2148148148148148	0.0	1.0
development	isolated_occurrence	1304	target	rank2_shrink05	3	0.7871840136515299	0.9888888888888889	0.0	2	0.5	0.01881237547008363	0.22030938675209077	0.2148148148148148	0.0	1.0
development	isolated_occurrence	1304	reference	rank2_shrink05	3	0.8456292611966755	0.9	0.0	2	0.5	0.01881237547008363	0.22030938675209077	0.2148148148148148	0.0	1.0
development	isolated_occurrence	1304	target	rank2_shrink10	4	0.7930878937539164	0.9888888888888889	0.0	2	1.0	0.025083167293445063	0.3770791823361266	0.2148148148148148	0.0	1.0
development	isolated_occurrence	1304	reference	rank2_shrink10	4	0.8456292611966755	0.9	0.0	2	1.0	0.025083167293445063	0.3770791823361266	0.2148148148148148	0.0	1.0
development	isolated_occurrence	1304	target	rank3_shrink05	5	0.7871840136515299	0.9888888888888889	0.0	3	0.5	0.019228442986464866	0.23071107466162166	0.2148148148148148	0.0	1.0
development	isolated_occurrence	1304	reference	rank3_shrink05	5	0.8456292611966755	0.9	0.0	3	0.5	0.019228442986464866	0.23071107466162166	0.2148148148148148	0.0	1.0
development	isolated_occurrence	1304	target	rank3_shrink10	6	0.7930878937539164	0.9888888888888889	0.0	3	1.0	0.025637923981953192	0.39094809954882975	0.2148148148148148	0.0	1.0
development	isolated_occurrence	1304	reference	rank3_shrink10	6	0.8456292611966755	0.9	0.0	3	1.0	0.025637923981953192	0.39094809954882975	0.2148148148148148	0.0	1.0
development	isolated_occurrence	1305	target	raw_rc6_reference	0	0.6571302504701502	0.9111111111111112	0.0	0	0.0	0.0	0.0	0.2055555555555557	0.016741071428571397	1.0
development	isolated_occurrence	1305	reference	raw_rc6_reference	0	0.9415584415584415	0.9777777777777779	0.0	0	0.0	0.0	0.0	0.2055555555555557	0.016741071428571397	1.0
development	isolated_occurrence	1305	target	rank1_shrink05	1	0.6571302504701502	0.9111111111111112	0.0	1	0.5	0.011826518691517518	0.04566296728793794	0.2055555555555557	0.016741071428571397	1.0
development	isolated_occurrence	1305	reference	rank1_shrink05	1	0.9415584415584415	0.9777777777777779	0.0	1	0.5	0.011826518691517518	0.04566296728793794	0.2055555555555557	0.016741071428571397	1.0
development	isolated_occurrence	1305	target	rank1_shrink10	2	0.6571302504701502	0.9111111111111112	0.0	1	1.0	0.015768691588690098	0.14421728971725245	0.2055555555555557	0.016741071428571397	1.0
development	isolated_occurrence	1305	reference	rank1_shrink10	2	0.9415584415584415	0.9777777777777779	0.0	1	1.0	0.015768691588690098	0.14421728971725245	0.2055555555555557	0.016741071428571397	1.0
development	isolated_occurrence	1305	target	rank2_shrink05	3	0.6571302504701502	0.9111111111111112	0.0	2	0.5	0.019990917698692434	0.24977294246731085	0.2055555555555557	0.016741071428571397	1.0
development	isolated_occurrence	1305	reference	rank2_shrink05	3	0.9415584415584415	0.9777777777777779	0.0	2	0.5	0.019990917698692434	0.24977294246731085	0.2055555555555557	0.016741071428571397	1.0
development	isolated_occurrence	1305	target	rank2_shrink10	4	0.6571302504701502	0.9111111111111112	0.0	2	1.0	0.026654556931590134	0.4163639232897533	0.2055555555555557	0.016741071428571397	1.0
development	isolated_occurrence	1305	reference	rank2_shrink10	4	0.9415584415584415	0.9777777777777779	0.0	2	1.0	0.026654556931590134	0.4163639232897533	0.2055555555555557	0.016741071428571397	1.0
development	isolated_occurrence	1305	target	rank3_shrink05	5	0.6571302504701502	0.9111111111111112	0.0	3	0.5	0.020147872091716867	0.2536968022929217	0.2055555555555557	0.016741071428571397	1.0
development	isolated_occurrence	1305	reference	rank3_shrink05	5	0.9415584415584415	0.9777777777777779	0.0	3	0.5	0.020147872091716867	0.2536968022929217	0.2055555555555557	0.016741071428571397	1.0
development	isolated_occurrence	1305	target	rank3_shrink10	6	0.6571302504701502	0.9111111111111112	0.0	3	1.0	0.02686382945562238	0.4215957363905594	0.2055555555555557	0.016741071428571397	1.0
development	isolated_occurrence	1305	reference	rank3_shrink10	6	0.9415584415584415	0.9777777777777779	0.0	3	1.0	0.02686382945562238	0.4215957363905594	0.2055555555555557	0.016741071428571397	1.0
development	isolated_occurrence	1306	target	raw_rc6_reference	0	0.9392269657411193	1.0	0.0	0	0.0	0.0	0.0	0.47777777777777786	0.0	1.0
development	isolated_occurrence	1306	reference	raw_rc6_reference	0	0.8152257067427507	0.8777777777777778	0.0	0	0.0	0.0	0.0	0.47777777777777786	0.0	1.0
development	isolated_occurrence	1306	target	rank1_shrink05	1	0.9392269657411193	1.0	0.0	1	0.5	0.009068248934831047	0.0	0.47777777777777786	0.0	1.0
development	isolated_occurrence	1306	reference	rank1_shrink05	1	0.8152257067427507	0.8777777777777778	0.0	1	0.5	0.009068248934831047	0.0	0.47777777777777786	0.0	1.0
development	isolated_occurrence	1306	target	rank1_shrink10	2	0.9392269657411193	1.0	0.0	1	1.0	0.012090998579774914	0.05227496449437285	0.47777777777777786	0.0	1.0
development	isolated_occurrence	1306	reference	rank1_shrink10	2	0.8152257067427507	0.8777777777777778	0.0	1	1.0	0.012090998579774914	0.05227496449437285	0.47777777777777786	0.0	1.0
development	isolated_occurrence	1306	target	rank2_shrink05	3	0.9392269657411193	1.0	0.0	2	0.5	0.009923466724174879	0.0	0.47777777777777786	0.0	1.0
development	isolated_occurrence	1306	reference	rank2_shrink05	3	0.8152257067427507	0.8777777777777778	0.0	2	0.5	0.009923466724174879	0.0	0.47777777777777786	0.0	1.0
development	isolated_occurrence	1306	target	rank2_shrink10	4	0.9392269657411193	1.0	0.0	2	1.0	0.01323128896556669	0.08078222413916725	0.47777777777777786	0.0	1.0
development	isolated_occurrence	1306	reference	rank2_shrink10	4	0.8152257067427507	0.8777777777777778	0.0	2	1.0	0.01323128896556669	0.08078222413916725	0.47777777777777786	0.0	1.0
development	isolated_occurrence	1306	target	rank3_shrink05	5	0.9392269657411193	1.0	0.0	3	0.5	0.010192057068232674	0.004801426705816842	0.47777777777777786	0.0	1.0
development	isolated_occurrence	1306	reference	rank3_shrink05	5	0.8152257067427507	0.8777777777777778	0.0	3	0.5	0.010192057068232674	0.004801426705816842	0.47777777777777786	0.0	1.0
development	isolated_occurrence	1306	target	rank3_shrink10	6	0.9392269657411193	1.0	0.0	3	1.0	0.013589409424310417	0.08973523560776041	0.47777777777777786	0.0	1.0
development	isolated_occurrence	1306	reference	rank3_shrink10	6	0.8152257067427507	0.8777777777777778	0.0	3	1.0	0.013589409424310417	0.08973523560776041	0.47777777777777786	0.0	1.0
development	isolated_occurrence	1307	target	raw_rc6_reference	0	0.2825969429023245		0.0	0	0.0	0.0	0.0	0.47777777777777786	0.017739816031537403	1.0
development	isolated_occurrence	1307	reference	raw_rc6_reference	0	0.9515766628685113	0.9387755102040816	0.0	0	0.0	0.0	0.0	0.47777777777777786	0.017739816031537403	1.0
development	isolated_occurrence	1307	target	rank1_shrink05	1	0.2825969429023245		0.0	1	0.5	0.019619068840694753	0.24047672101736883	0.47777777777777786	0.017739816031537403	1.0
development	isolated_occurrence	1307	reference	rank1_shrink05	1	0.9515766628685113	0.9489795918367346	0.0	1	0.5	0.019619068840694753	0.24047672101736883	0.47777777777777786	0.017739816031537403	1.0
development	isolated_occurrence	1307	target	rank1_shrink10	2	0.2825969429023245		0.0	1	1.0	0.026158758454259856	0.40396896135649635	0.47407407407407387	0.017739816031537403	1.0
development	isolated_occurrence	1307	reference	rank1_shrink10	2	0.9515766628685113	0.9489795918367346	0.0	1	1.0	0.026158758454259856	0.40396896135649635	0.47407407407407387	0.017739816031537403	1.0
development	isolated_occurrence	1307	target	rank2_shrink05	3	0.2825969429023245		0.0	2	0.5	0.019797294286261313	0.24493235715653283	0.47777777777777786	0.017739816031537403	1.0
development	isolated_occurrence	1307	reference	rank2_shrink05	3	0.9515766628685113	0.9489795918367346	0.0	2	0.5	0.019797294286261313	0.24493235715653283	0.47777777777777786	0.017739816031537403	1.0
development	isolated_occurrence	1307	target	rank2_shrink10	4	0.2825969429023245		0.0	2	1.0	0.0263963923816819	0.4099098095420474	0.47407407407407387	0.017739816031537403	1.0
development	isolated_occurrence	1307	reference	rank2_shrink10	4	0.9515766628685113	0.9489795918367346	0.0	2	1.0	0.0263963923816819	0.4099098095420474	0.47407407407407387	0.017739816031537403	1.0
development	isolated_occurrence	1307	target	rank3_shrink05	5	0.2825969429023245		0.0	3	0.5	0.020779252264891745	0.26948130662229364	0.47777777777777786	0.017739816031537403	1.0
development	isolated_occurrence	1307	reference	rank3_shrink05	5	0.9515766628685113	0.9489795918367346	0.0	3	0.5	0.020779252264891745	0.26948130662229364	0.47777777777777786	0.017739816031537403	1.0
development	isolated_occurrence	1307	target	rank3_shrink10	6	0.2825969429023245		0.0	3	1.0	0.02770566968652255	0.4426417421630637	0.47407407407407387	0.017739816031537403	1.0
development	isolated_occurrence	1307	reference	rank3_shrink10	6	0.9515766628685113	0.9489795918367346	0.0	3	1.0	0.02770566968652255	0.4426417421630637	0.47407407407407387	0.017739816031537403	1.0
development	isolated_occurrence	1308	target	raw_rc6_reference	0	0.9083822580383187	1.0	0.0	0	0.0	0.0	0.0	0.3222222222222224	0.0	1.0
development	isolated_occurrence	1308	reference	raw_rc6_reference	0	0.5778303429593503	0.7111111111111111	0.0	0	0.0	0.0	0.0	0.3222222222222224	0.0	1.0
development	isolated_occurrence	1308	target	rank1_shrink05	1	0.9083822580383187	1.0	0.0	1	0.5	0.01043948554912677	0.01098713872816925	0.3222222222222224	0.0	1.0
development	isolated_occurrence	1308	reference	rank1_shrink05	1	0.5778303429593503	0.7111111111111111	0.0	1	0.5	0.01043948554912677	0.01098713872816925	0.3222222222222224	0.0	1.0
development	isolated_occurrence	1308	target	rank1_shrink10	2	0.9083822580383187	1.0	0.0	1	1.0	0.013919314065502508	0.09798285163756269	0.3222222222222224	0.0	1.0
development	isolated_occurrence	1308	reference	rank1_shrink10	2	0.5699058125416221	0.7111111111111111	0.0	1	1.0	0.013919314065502508	0.09798285163756269	0.3222222222222224	0.0	1.0
development	isolated_occurrence	1308	target	rank2_shrink05	3	0.9083822580383187	1.0	0.0	2	0.5	0.012141407313024932	0.0535351828256233	0.3222222222222224	0.0	1.0
development	isolated_occurrence	1308	reference	rank2_shrink05	3	0.5778303429593503	0.7111111111111111	0.0	2	0.5	0.012141407313024932	0.0535351828256233	0.3222222222222224	0.0	1.0
development	isolated_occurrence	1308	target	rank2_shrink10	4	0.9083822580383187	1.0	0.0	2	1.0	0.016188543084033724	0.1547135771008431	0.3222222222222224	0.0	1.0
development	isolated_occurrence	1308	reference	rank2_shrink10	4	0.5646227922631366	0.7111111111111111	0.0	2	1.0	0.016188543084033724	0.1547135771008431	0.3222222222222224	0.0	1.0
development	isolated_occurrence	1308	target	rank3_shrink05	5	0.9083822580383187	1.0	0.0	3	0.5	0.01284681645076613	0.07117041126915324	0.3222222222222224	0.0	1.0
development	isolated_occurrence	1308	reference	rank3_shrink05	5	0.5699058125416221	0.7111111111111111	0.0	3	0.5	0.01284681645076613	0.07117041126915324	0.3222222222222224	0.0	1.0
development	isolated_occurrence	1308	target	rank3_shrink10	6	0.9083822580383187	1.0	0.0	3	1.0	0.017129088601021802	0.17822721502554506	0.3222222222222224	0.0	1.0
development	isolated_occurrence	1308	reference	rank3_shrink10	6	0.5646227922631366	0.7111111111111111	0.0	3	1.0	0.017129088601021802	0.17822721502554506	0.3222222222222224	0.0	1.0
development	isolated_occurrence	1309	target	raw_rc6_reference	0	0.6980470017204672	0.8111111111111111	0.0	0	0.0	0.0	0.0	0.3648148148148147	0.0	1.0
development	isolated_occurrence	1309	reference	raw_rc6_reference	0	0.9029363862681905	0.9777777777777779	0.0	0	0.0	0.0	0.0	0.3648148148148147	0.0	1.0
development	isolated_occurrence	1309	target	rank1_shrink05	1	0.6980470017204672	0.8111111111111111	0.0	1	0.5	0.009549916450634743	0.0	0.3648148148148147	0.0	1.0
development	isolated_occurrence	1309	reference	rank1_shrink05	1	0.9029363862681905	0.9777777777777779	0.0	1	0.5	0.009549916450634743	0.0	0.3648148148148147	0.0	1.0
development	isolated_occurrence	1309	target	rank1_shrink10	2	0.6960751175348162	0.8111111111111111	0.0	1	1.0	0.012733221934179806	0.06833054835449515	0.3648148148148147	0.0	1.0
development	isolated_occurrence	1309	reference	rank1_shrink10	2	0.9029363862681905	0.9777777777777779	0.0	1	1.0	0.012733221934179806	0.06833054835449515	0.3648148148148147	0.0	1.0
development	isolated_occurrence	1309	target	rank2_shrink05	3	0.6960751175348162	0.8111111111111111	0.0	2	0.5	0.011922713931724616	0.04806784829311538	0.3648148148148147	0.0	1.0
development	isolated_occurrence	1309	reference	rank2_shrink05	3	0.9029363862681905	0.9777777777777779	0.0	2	0.5	0.011922713931724616	0.04806784829311538	0.3648148148148147	0.0	1.0
development	isolated_occurrence	1309	target	rank2_shrink10	4	0.6960751175348162	0.8111111111111111	0.0	2	1.0	0.015896951908966117	0.14742379772415293	0.3648148148148147	0.0	1.0
development	isolated_occurrence	1309	reference	rank2_shrink10	4	0.909451078809808	0.9777777777777779	0.0	2	1.0	0.015896951908966117	0.14742379772415293	0.3648148148148147	0.0	1.0
development	isolated_occurrence	1309	target	rank3_shrink05	5	0.6960751175348162	0.8111111111111111	0.0	3	0.5	0.014339560839489507	0.10848902098723766	0.3648148148148147	0.0	1.0
development	isolated_occurrence	1309	reference	rank3_shrink05	5	0.9029363862681905	0.9777777777777779	0.0	3	0.5	0.014339560839489507	0.10848902098723766	0.3648148148148147	0.0	1.0
development	isolated_occurrence	1309	target	rank3_shrink10	6	0.6960751175348162	0.8111111111111111	0.0	3	1.0	0.019119414452653083	0.22798536131632707	0.3648148148148147	0.0	1.0
development	isolated_occurrence	1309	reference	rank3_shrink10	6	0.909451078809808	0.9777777777777779	0.0	3	1.0	0.019119414452653083	0.22798536131632707	0.3648148148148147	0.0	1.0
development	isolated_occurrence	1310	target	raw_rc6_reference	0	0.7980498363481481	0.9222222222222223	0.0	0	0.0	0.0	0.0	0.0	0.014636449480642133	1.0
development	isolated_occurrence	1310	reference	raw_rc6_reference	0	0.7918145135233425	0.9666666666666668	0.0	0	0.0	0.0	0.0	0.0	0.014636449480642133	1.0
development	isolated_occurrence	1310	target	rank1_shrink05	1	0.7980498363481481	0.9222222222222223	0.0	1	0.5	0.015171777322139035	0.12929443305347588	0.0	0.014636449480642133	1.0
development	isolated_occurrence	1310	reference	rank1_shrink05	1	0.7918145135233425	0.9666666666666668	0.0	1	0.5	0.015171777322139035	0.12929443305347588	0.0	0.014636449480642133	1.0
development	isolated_occurrence	1310	target	rank1_shrink10	2	0.7980498363481481	0.9222222222222223	0.0	1	1.0	0.0202290364295189	0.25572591073797246	0.0	0.014636449480642133	1.0
development	isolated_occurrence	1310	reference	rank1_shrink10	2	0.7918145135233425	0.9666666666666668	0.0	1	1.0	0.0202290364295189	0.25572591073797246	0.0	0.014636449480642133	1.0
development	isolated_occurrence	1310	target	rank2_shrink05	3	0.7980498363481481	0.9222222222222223	0.0	2	0.5	0.015479734257494937	0.13699335643737343	0.0	0.014636449480642133	1.0
development	isolated_occurrence	1310	reference	rank2_shrink05	3	0.7918145135233425	0.9666666666666668	0.0	2	0.5	0.015479734257494937	0.13699335643737343	0.0	0.014636449480642133	1.0
development	isolated_occurrence	1310	target	rank2_shrink10	4	0.7980498363481481	0.9222222222222223	0.0	2	1.0	0.0206396456766601	0.2659911419165025	0.0	0.014636449480642133	1.0
development	isolated_occurrence	1310	reference	rank2_shrink10	4	0.7918145135233425	0.9666666666666668	0.0	2	1.0	0.0206396456766601	0.2659911419165025	0.0	0.014636449480642133	1.0
development	isolated_occurrence	1310	target	rank3_shrink05	5	0.7980498363481481	0.9222222222222223	0.0	3	0.5	0.01570454224998452	0.14261355624961303	0.0	0.014636449480642133	1.0
development	isolated_occurrence	1310	reference	rank3_shrink05	5	0.7918145135233425	0.9666666666666668	0.0	3	0.5	0.01570454224998452	0.14261355624961303	0.0	0.014636449480642133	1.0
development	isolated_occurrence	1310	target	rank3_shrink10	6	0.7980498363481481	0.9222222222222223	0.0	3	1.0	0.020939389666646213	0.27348474166615533	0.0	0.014636449480642133	1.0
development	isolated_occurrence	1310	reference	rank3_shrink10	6	0.7918145135233425	0.9666666666666668	0.0	3	1.0	0.020939389666646213	0.27348474166615533	0.0	0.014636449480642133	1.0
development	isolated_occurrence	1311	target	raw_rc6_reference	0	0.8727273037958319	0.8333333333333334	0.0	0	0.0	0.0	0.0	0.10185185185185164	0.01308900523560208	1.0
development	isolated_occurrence	1311	reference	raw_rc6_reference	0	0.8530566380408912	1.0	0.0	0	0.0	0.0	0.0	0.10185185185185164	0.01308900523560208	1.0
development	isolated_occurrence	1311	target	rank1_shrink05	1	0.8727273037958319	0.8333333333333334	0.0	1	0.5	0.002739966806982963	0.0	0.10185185185185164	0.01308900523560208	1.0
development	isolated_occurrence	1311	reference	rank1_shrink05	1	0.8530566380408912	1.0	0.0	1	0.5	0.002739966806982963	0.0	0.10185185185185164	0.01308900523560208	1.0
development	isolated_occurrence	1311	target	rank1_shrink10	2	0.8727273037958319	0.8333333333333334	0.0	1	1.0	0.003653289075977506	0.0	0.10185185185185164	0.01308900523560208	1.0
development	isolated_occurrence	1311	reference	rank1_shrink10	2	0.8530566380408912	1.0	0.0	1	1.0	0.003653289075977506	0.0	0.10185185185185164	0.01308900523560208	1.0
development	isolated_occurrence	1311	target	rank2_shrink05	3	0.8727273037958319	0.8333333333333334	0.0	2	0.5	0.009260503362206962	0.0	0.10185185185185164	0.01308900523560208	1.0
development	isolated_occurrence	1311	reference	rank2_shrink05	3	0.8530566380408912	1.0	0.0	2	0.5	0.009260503362206962	0.0	0.10185185185185164	0.01308900523560208	1.0
development	isolated_occurrence	1311	target	rank2_shrink10	4	0.8727273037958319	0.8333333333333334	0.0	2	1.0	0.012347337816276172	0.05868344540690428	0.10185185185185164	0.01308900523560208	1.0
development	isolated_occurrence	1311	reference	rank2_shrink10	4	0.8530566380408912	1.0	0.0	2	1.0	0.012347337816276172	0.05868344540690428	0.10185185185185164	0.01308900523560208	1.0
development	isolated_occurrence	1311	target	rank3_shrink05	5	0.8727273037958319	0.8333333333333334	0.0	3	0.5	0.010485868685515376	0.012146717137884394	0.10185185185185164	0.01308900523560208	1.0
development	isolated_occurrence	1311	reference	rank3_shrink05	5	0.8530566380408912	1.0	0.0	3	0.5	0.010485868685515376	0.012146717137884394	0.10185185185185164	0.01308900523560208	1.0
development	isolated_occurrence	1311	target	rank3_shrink10	6	0.8727273037958319	0.8333333333333334	0.0	3	1.0	0.013981158247354242	0.09952895618385603	0.10185185185185164	0.01308900523560208	1.0
development	isolated_occurrence	1311	reference	rank3_shrink10	6	0.8530566380408912	1.0	0.0	3	1.0	0.013981158247354242	0.09952895618385603	0.10185185185185164	0.01308900523560208	1.0
development	isolated_occurrence	1312	target	raw_rc6_reference	0	0.8378722905889348	1.0	0.0	0	0.0	0.0	0.0	0.5203703703703701	0.0	1.0
development	isolated_occurrence	1312	reference	raw_rc6_reference	0	0.7112646352147823	0.7666666666666667	0.0	0	0.0	0.0	0.0	0.5203703703703701	0.0	1.0
development	isolated_occurrence	1312	target	rank1_shrink05	1	0.8378722905889348	1.0	0.0	1	0.5	0.016933915789373755	0.17334789473434387	0.5203703703703701	0.0	1.0
development	isolated_occurrence	1312	reference	rank1_shrink05	1	0.7112646352147823	0.7666666666666667	0.0	1	0.5	0.016933915789373755	0.17334789473434387	0.5203703703703701	0.0	1.0
development	isolated_occurrence	1312	target	rank1_shrink10	2	0.8378722905889348	1.0	0.0	1	1.0	0.02257855438583234	0.3144638596458085	0.5203703703703701	0.0	1.0
development	isolated_occurrence	1312	reference	rank1_shrink10	2	0.7112646352147823	0.7666666666666667	0.0	1	1.0	0.02257855438583234	0.3144638596458085	0.5203703703703701	0.0	1.0
development	isolated_occurrence	1312	target	rank2_shrink05	3	0.8378722905889348	1.0	0.0	2	0.5	0.0174786769777302	0.18696692444325502	0.5203703703703701	0.0	1.0
development	isolated_occurrence	1312	reference	rank2_shrink05	3	0.7112646352147823	0.7666666666666667	0.0	2	0.5	0.0174786769777302	0.18696692444325502	0.5203703703703701	0.0	1.0
development	isolated_occurrence	1312	target	rank2_shrink10	4	0.831305893327266	1.0	0.0	2	1.0	0.023304902636973823	0.3326225659243456	0.5203703703703701	0.0	1.0
development	isolated_occurrence	1312	reference	rank2_shrink10	4	0.7112646352147823	0.7666666666666667	0.0	2	1.0	0.023304902636973823	0.3326225659243456	0.5203703703703701	0.0	1.0
development	isolated_occurrence	1312	target	rank3_shrink05	5	0.8378722905889348	1.0	0.0	3	0.5	0.0178052691631152	0.19513172907788	0.5203703703703701	0.0	1.0
development	isolated_occurrence	1312	reference	rank3_shrink05	5	0.7112646352147823	0.7666666666666667	0.0	3	0.5	0.0178052691631152	0.19513172907788	0.5203703703703701	0.0	1.0
development	isolated_occurrence	1312	target	rank3_shrink10	6	0.831305893327266	1.0	0.0	3	1.0	0.0237403588841536	0.34350897210384	0.5203703703703701	0.0	1.0
development	isolated_occurrence	1312	reference	rank3_shrink10	6	0.7112646352147823	0.7666666666666667	0.0	3	1.0	0.0237403588841536	0.34350897210384	0.5203703703703701	0.0	1.0
development	abundance_only	1301	target	raw_rc6_reference	0	0.8298101580888738	0.9111111111111112	0.0	0	0.0	0.0	0.0	0.02037037037037015	0.0	1.0
development	abundance_only	1301	reference	raw_rc6_reference	0	0.5979191610788949	0.8222222222222223	0.0	0	0.0	0.0	0.0	0.02037037037037015	0.0	1.0
development	abundance_only	1301	target	rank1_shrink05	1	0.8298101580888738	0.9111111111111112	0.0	1	0.5	0.0008017027207578575	0.0	0.02037037037037015	0.0	1.0
development	abundance_only	1301	reference	rank1_shrink05	1	0.5979191610788949	0.8222222222222223	0.0	1	0.5	0.0008017027207578575	0.0	0.02037037037037015	0.0	1.0
development	abundance_only	1301	target	rank1_shrink10	2	0.8298101580888738	0.9111111111111112	0.0	1	1.0	0.0010689369610102917	0.0	0.02037037037037015	0.0	1.0
development	abundance_only	1301	reference	rank1_shrink10	2	0.5979191610788949	0.8222222222222223	0.0	1	1.0	0.0010689369610102917	0.0	0.02037037037037015	0.0	1.0
development	abundance_only	1301	target	rank2_shrink05	3	0.8298101580888738	0.9111111111111112	0.0	2	0.5	0.0012384761961079516	0.0	0.02037037037037015	0.0	1.0
development	abundance_only	1301	reference	rank2_shrink05	3	0.5979191610788949	0.8222222222222223	0.0	2	0.5	0.0012384761961079516	0.0	0.02037037037037015	0.0	1.0
development	abundance_only	1301	target	rank2_shrink10	4	0.8298101580888738	0.9111111111111112	0.0	2	1.0	0.0016513015948107501	0.0	0.02037037037037015	0.0	1.0
development	abundance_only	1301	reference	rank2_shrink10	4	0.5979191610788949	0.8222222222222223	0.0	2	1.0	0.0016513015948107501	0.0	0.02037037037037015	0.0	1.0
development	abundance_only	1301	target	rank3_shrink05	5	0.8298101580888738	0.9111111111111112	0.0	3	0.5	0.0021546666642634493	0.0	0.02037037037037015	0.0	1.0
development	abundance_only	1301	reference	rank3_shrink05	5	0.5979191610788949	0.8222222222222223	0.0	3	0.5	0.0021546666642634493	0.0	0.02037037037037015	0.0	1.0
development	abundance_only	1301	target	rank3_shrink10	6	0.8298101580888738	0.9111111111111112	0.0	3	1.0	0.002872888885684821	0.0	0.02037037037037015	0.0	1.0
development	abundance_only	1301	reference	rank3_shrink10	6	0.5979191610788949	0.8222222222222223	0.0	3	1.0	0.002872888885684821	0.0	0.02037037037037015	0.0	1.0
development	abundance_only	1302	target	raw_rc6_reference	0	0.7842519533310532	0.9183673469387754	0.0	0	0.0	0.0	0.0	0.0	0.018648018648018683	1.0
development	abundance_only	1302	reference	raw_rc6_reference	0	0.6939265967508164	0.8727272727272727	0.0	0	0.0	0.0	0.0	0.0	0.018648018648018683	1.0
development	abundance_only	1302	target	rank1_shrink05	1	0.7842519533310532	0.9183673469387754	0.0	1	0.5	0.005051661189126921	0.0	0.0	0.018648018648018683	1.0
development	abundance_only	1302	reference	rank1_shrink05	1	0.6939265967508164	0.8727272727272727	0.0	1	0.5	0.005051661189126921	0.0	0.0	0.018648018648018683	1.0
development	abundance_only	1302	target	rank1_shrink10	2	0.7842519533310532	0.9183673469387754	0.0	1	1.0	0.0067355482521691545	0.0	0.0	0.018648018648018683	1.0
development	abundance_only	1302	reference	rank1_shrink10	2	0.6939265967508164	0.8727272727272727	0.0	1	1.0	0.0067355482521691545	0.0	0.0	0.018648018648018683	1.0
development	abundance_only	1302	target	rank2_shrink05	3	0.7842519533310532	0.9183673469387754	0.0	2	0.5	0.005211451419989022	0.0	0.0	0.018648018648018683	1.0
development	abundance_only	1302	reference	rank2_shrink05	3	0.6939265967508164	0.8727272727272727	0.0	2	0.5	0.005211451419989022	0.0	0.0	0.018648018648018683	1.0
development	abundance_only	1302	target	rank2_shrink10	4	0.7842519533310532	0.9183673469387754	0.0	2	1.0	0.006948601893319251	0.0	0.0	0.018648018648018683	1.0
development	abundance_only	1302	reference	rank2_shrink10	4	0.6939265967508164	0.8727272727272727	0.0	2	1.0	0.006948601893319251	0.0	0.0	0.018648018648018683	1.0
development	abundance_only	1302	target	rank3_shrink05	5	0.7842519533310532	0.9183673469387754	0.0	3	0.5	0.006437527760542183	0.0	0.0	0.018648018648018683	1.0
development	abundance_only	1302	reference	rank3_shrink05	5	0.6939265967508164	0.8727272727272727	0.0	3	0.5	0.006437527760542183	0.0	0.0	0.018648018648018683	1.0
development	abundance_only	1302	target	rank3_shrink10	6	0.7842519533310532	0.9183673469387754	0.0	3	1.0	0.00858337034738954	0.0	0.0	0.018648018648018683	1.0
development	abundance_only	1302	reference	rank3_shrink10	6	0.6939265967508164	0.8727272727272727	0.0	3	1.0	0.00858337034738954	0.0	0.0	0.018648018648018683	1.0
development	abundance_only	1303	target	raw_rc6_reference	0	0.8053389432342277	0.9	0.0	0	0.0	0.0	0.0	0.0	0.0	1.0
development	abundance_only	1303	reference	raw_rc6_reference	0	0.7894738508702126	0.9666666666666667	0.0	0	0.0	0.0	0.0	0.0	0.0	1.0
development	abundance_only	1303	target	rank1_shrink05	1	0.8053389432342277	0.9	0.0	1	0.5	0.003114380944526318	0.0	0.0	0.0	1.0
development	abundance_only	1303	reference	rank1_shrink05	1	0.7894738508702126	0.9666666666666667	0.0	1	0.5	0.003114380944526318	0.0	0.0	0.0	1.0
development	abundance_only	1303	target	rank1_shrink10	2	0.8053389432342277	0.9	0.0	1	1.0	0.004152507926035276	0.0	0.0	0.0	1.0
development	abundance_only	1303	reference	rank1_shrink10	2	0.7894738508702126	0.9666666666666667	0.0	1	1.0	0.004152507926035276	0.0	0.0	0.0	1.0
development	abundance_only	1303	target	rank2_shrink05	3	0.8053389432342277	0.9	0.0	2	0.5	0.0034477058847266484	0.0	0.0	0.0	1.0
development	abundance_only	1303	reference	rank2_shrink05	3	0.7894738508702126	0.9666666666666667	0.0	2	0.5	0.0034477058847266484	0.0	0.0	0.0	1.0
development	abundance_only	1303	target	rank2_shrink10	4	0.8053389432342277	0.9	0.0	2	1.0	0.004596941179635605	0.0	0.0	0.0	1.0
development	abundance_only	1303	reference	rank2_shrink10	4	0.7894738508702126	0.9666666666666667	0.0	2	1.0	0.004596941179635605	0.0	0.0	0.0	1.0
development	abundance_only	1303	target	rank3_shrink05	5	0.8053389432342277	0.9	0.0	3	0.5	0.0038833882746218684	0.0	0.0	0.0	1.0
development	abundance_only	1303	reference	rank3_shrink05	5	0.7894738508702126	0.9666666666666667	0.0	3	0.5	0.0038833882746218684	0.0	0.0	0.0	1.0
development	abundance_only	1303	target	rank3_shrink10	6	0.8053389432342277	0.9	0.0	3	1.0	0.005177851032829195	0.0	0.0	0.0	1.0
development	abundance_only	1303	reference	rank3_shrink10	6	0.7894738508702126	0.9666666666666667	0.0	3	1.0	0.005177851032829195	0.0	0.0	0.0	1.0
development	abundance_only	1304	target	raw_rc6_reference	0	0.7688163866663276	0.9777777777777779	0.0	0	0.0	0.0	0.0	0.05370370370370381	0.0	1.0
development	abundance_only	1304	reference	raw_rc6_reference	0	0.800780361102463	0.8666666666666667	0.0	0	0.0	0.0	0.0	0.05370370370370381	0.0	1.0
development	abundance_only	1304	target	rank1_shrink05	1	0.7688163866663276	0.9777777777777779	0.0	1	0.5	0.003390839365506104	0.0	0.05370370370370381	0.0	1.0
development	abundance_only	1304	reference	rank1_shrink05	1	0.800780361102463	0.8666666666666667	0.0	1	0.5	0.003390839365506104	0.0	0.05370370370370381	0.0	1.0
development	abundance_only	1304	target	rank1_shrink10	2	0.7688163866663276	0.9777777777777779	0.0	1	1.0	0.004521119154008435	0.0	0.05370370370370381	0.0	1.0
development	abundance_only	1304	reference	rank1_shrink10	2	0.800780361102463	0.8666666666666667	0.0	1	1.0	0.004521119154008435	0.0	0.05370370370370381	0.0	1.0
development	abundance_only	1304	target	rank2_shrink05	3	0.7688163866663276	0.9777777777777779	0.0	2	0.5	0.003471763294858987	0.0	0.05370370370370381	0.0	1.0
development	abundance_only	1304	reference	rank2_shrink05	3	0.800780361102463	0.8666666666666667	0.0	2	0.5	0.003471763294858987	0.0	0.05370370370370381	0.0	1.0
development	abundance_only	1304	target	rank2_shrink10	4	0.7688163866663276	0.9777777777777779	0.0	2	1.0	0.004629017726479057	0.0	0.05370370370370381	0.0	1.0
development	abundance_only	1304	reference	rank2_shrink10	4	0.800780361102463	0.8666666666666667	0.0	2	1.0	0.004629017726479057	0.0	0.05370370370370381	0.0	1.0
development	abundance_only	1304	target	rank3_shrink05	5	0.7688163866663276	0.9777777777777779	0.0	3	0.5	0.00389587551404047	0.0	0.05370370370370381	0.0	1.0
development	abundance_only	1304	reference	rank3_shrink05	5	0.800780361102463	0.8666666666666667	0.0	3	0.5	0.00389587551404047	0.0	0.05370370370370381	0.0	1.0
development	abundance_only	1304	target	rank3_shrink10	6	0.7688163866663276	0.9777777777777779	0.0	3	1.0	0.005194500685387404	0.0	0.05370370370370381	0.0	1.0
development	abundance_only	1304	reference	rank3_shrink10	6	0.800780361102463	0.8666666666666667	0.0	3	1.0	0.005194500685387404	0.0	0.05370370370370381	0.0	1.0
development	abundance_only	1305	target	raw_rc6_reference	0	0.6740339225079675	0.9222222222222223	0.0	0	0.0	0.0	0.0	0.08888888888888902	0.0	1.0
development	abundance_only	1305	reference	raw_rc6_reference	0	0.9207792207792208	0.9555555555555556	0.0	0	0.0	0.0	0.0	0.08888888888888902	0.0	1.0
development	abundance_only	1305	target	rank1_shrink05	1	0.6740339225079675	0.9222222222222223	0.0	1	0.5	0.0017761705263547034	0.0	0.08888888888888902	0.0	1.0
development	abundance_only	1305	reference	rank1_shrink05	1	0.9207792207792208	0.9555555555555556	0.0	1	0.5	0.0017761705263547034	0.0	0.08888888888888902	0.0	1.0
development	abundance_only	1305	target	rank1_shrink10	2	0.6740339225079675	0.9222222222222223	0.0	1	1.0	0.002368227368472864	0.0	0.08888888888888902	0.0	1.0
development	abundance_only	1305	reference	rank1_shrink10	2	0.9207792207792208	0.9555555555555556	0.0	1	1.0	0.002368227368472864	0.0	0.08888888888888902	0.0	1.0
development	abundance_only	1305	target	rank2_shrink05	3	0.6740339225079675	0.9222222222222223	0.0	2	0.5	0.004517570325724085	0.0	0.08888888888888902	0.0	1.0
development	abundance_only	1305	reference	rank2_shrink05	3	0.9207792207792208	0.9555555555555556	0.0	2	0.5	0.004517570325724085	0.0	0.08888888888888902	0.0	1.0
development	abundance_only	1305	target	rank2_shrink10	4	0.6740339225079675	0.9222222222222223	0.0	2	1.0	0.006023427100965706	0.0	0.08888888888888902	0.0	1.0
development	abundance_only	1305	reference	rank2_shrink10	4	0.9207792207792208	0.9555555555555556	0.0	2	1.0	0.006023427100965706	0.0	0.08888888888888902	0.0	1.0
development	abundance_only	1305	target	rank3_shrink05	5	0.6740339225079675	0.9222222222222223	0.0	3	0.5	0.0045635603614770925	0.0	0.08888888888888902	0.0	1.0
development	abundance_only	1305	reference	rank3_shrink05	5	0.9207792207792208	0.9555555555555556	0.0	3	0.5	0.0045635603614770925	0.0	0.08888888888888902	0.0	1.0
development	abundance_only	1305	target	rank3_shrink10	6	0.6740339225079675	0.9222222222222223	0.0	3	1.0	0.0060847471486366045	0.0	0.08888888888888902	0.0	1.0
development	abundance_only	1305	reference	rank3_shrink10	6	0.9207792207792208	0.9555555555555556	0.0	3	1.0	0.0060847471486366045	0.0	0.08888888888888902	0.0	1.0
development	abundance_only	1306	target	raw_rc6_reference	0	0.9054277946556258	1.0	0.0	0	0.0	0.0	0.0	0.061111111111110894	0.01690391459074736	1.0
development	abundance_only	1306	reference	raw_rc6_reference	0	0.799279971647538	0.8444444444444444	0.0	0	0.0	0.0	0.0	0.061111111111110894	0.01690391459074736	1.0
development	abundance_only	1306	target	rank1_shrink05	1	0.9054277946556258	1.0	0.0	1	0.5	0.005007635662285237	0.0	0.061111111111110894	0.01690391459074736	1.0
development	abundance_only	1306	reference	rank1_shrink05	1	0.799279971647538	0.8444444444444444	0.0	1	0.5	0.005007635662285237	0.0	0.061111111111110894	0.01690391459074736	1.0
development	abundance_only	1306	target	rank1_shrink10	2	0.9054277946556258	1.0	0.0	1	1.0	0.006676847549714204	0.0	0.061111111111110894	0.01690391459074736	1.0
development	abundance_only	1306	reference	rank1_shrink10	2	0.799279971647538	0.8444444444444444	0.0	1	1.0	0.006676847549714204	0.0	0.061111111111110894	0.01690391459074736	1.0
development	abundance_only	1306	target	rank2_shrink05	3	0.9054277946556258	1.0	0.0	2	0.5	0.005914109419166591	0.0	0.061111111111110894	0.01690391459074736	1.0
development	abundance_only	1306	reference	rank2_shrink05	3	0.799279971647538	0.8444444444444444	0.0	2	0.5	0.005914109419166591	0.0	0.061111111111110894	0.01690391459074736	1.0
development	abundance_only	1306	target	rank2_shrink10	4	0.9054277946556258	1.0	0.0	2	1.0	0.00788547922555527	0.0	0.061111111111110894	0.01690391459074736	1.0
development	abundance_only	1306	reference	rank2_shrink10	4	0.799279971647538	0.8444444444444444	0.0	2	1.0	0.00788547922555527	0.0	0.061111111111110894	0.01690391459074736	1.0
development	abundance_only	1306	target	rank3_shrink05	5	0.9054277946556258	1.0	0.0	3	0.5	0.006328244814156059	0.0	0.061111111111110894	0.01690391459074736	1.0
development	abundance_only	1306	reference	rank3_shrink05	5	0.799279971647538	0.8444444444444444	0.0	3	0.5	0.006328244814156059	0.0	0.061111111111110894	0.01690391459074736	1.0
development	abundance_only	1306	target	rank3_shrink10	6	0.9054277946556258	1.0	0.0	3	1.0	0.008437659752208337	0.0	0.061111111111110894	0.01690391459074736	1.0
development	abundance_only	1306	reference	rank3_shrink10	6	0.799279971647538	0.8444444444444444	0.0	3	1.0	0.008437659752208337	0.0	0.061111111111110894	0.01690391459074736	1.0
development	abundance_only	1307	target	raw_rc6_reference	0	0.27619852155359265		0.0	0	0.0	0.0	0.0	0.0	0.01777575205104831	1.0
development	abundance_only	1307	reference	raw_rc6_reference	0	0.9496267106905019	0.9591836734693877	0.0	0	0.0	0.0	0.0	0.0	0.01777575205104831	1.0
development	abundance_only	1307	target	rank1_shrink05	1	0.27619852155359265		0.0	1	0.5	0.003741906962955066	0.0	0.0	0.01777575205104831	1.0
development	abundance_only	1307	reference	rank1_shrink05	1	0.9496267106905019	0.9591836734693877	0.0	1	0.5	0.003741906962955066	0.0	0.0	0.01777575205104831	1.0
development	abundance_only	1307	target	rank1_shrink10	2	0.27619852155359265		0.0	1	1.0	0.004989209283940532	0.0	0.0	0.01777575205104831	1.0
development	abundance_only	1307	reference	rank1_shrink10	2	0.9496267106905019	0.9591836734693877	0.0	1	1.0	0.004989209283940532	0.0	0.0	0.01777575205104831	1.0
development	abundance_only	1307	target	rank2_shrink05	3	0.27619852155359265		0.0	2	0.5	0.005347660475493177	0.0	0.0	0.01777575205104831	1.0
development	abundance_only	1307	reference	rank2_shrink05	3	0.9496267106905019	0.9591836734693877	0.0	2	0.5	0.005347660475493177	0.0	0.0	0.01777575205104831	1.0
development	abundance_only	1307	target	rank2_shrink10	4	0.27619852155359265		0.0	2	1.0	0.007130213967324384	0.0	0.0	0.01777575205104831	1.0
development	abundance_only	1307	reference	rank2_shrink10	4	0.9496267106905019	0.9591836734693877	0.0	2	1.0	0.007130213967324384	0.0	0.0	0.01777575205104831	1.0
development	abundance_only	1307	target	rank3_shrink05	5	0.27619852155359265		0.0	3	0.5	0.005618376213441079	0.0	0.0	0.01777575205104831	1.0
development	abundance_only	1307	reference	rank3_shrink05	5	0.9496267106905019	0.9591836734693877	0.0	3	0.5	0.005618376213441079	0.0	0.0	0.01777575205104831	1.0
development	abundance_only	1307	target	rank3_shrink10	6	0.27619852155359265		0.0	3	1.0	0.007491168284588512	0.0	0.0	0.01777575205104831	1.0
development	abundance_only	1307	reference	rank3_shrink10	6	0.9496267106905019	0.9591836734693877	0.0	3	1.0	0.007491168284588512	0.0	0.0	0.01777575205104831	1.0
development	abundance_only	1308	target	raw_rc6_reference	0	0.8908383946856473	0.9777777777777777	0.0	0	0.0	0.0	0.0	0.2833333333333332	0.00897226753670477	1.0
development	abundance_only	1308	reference	raw_rc6_reference	0	0.5936794037948068	0.7333333333333334	0.0	0	0.0	0.0	0.0	0.2833333333333332	0.00897226753670477	1.0
development	abundance_only	1308	target	rank1_shrink05	1	0.9044836217377253	0.9888888888888889	0.0	1	0.5	0.024418526105519534	0.36046315263798834	0.2833333333333332	0.00897226753670477	1.0
development	abundance_only	1308	reference	rank1_shrink05	1	0.5870756284466999	0.7333333333333334	0.0	1	0.5	0.024418526105519534	0.36046315263798834	0.2833333333333332	0.00897226753670477	1.0
development	abundance_only	1308	target	rank1_shrink10	2	0.9044836217377253	0.9888888888888889	0.0	1	1.0	0.03255803480735964	0.5639508701839908	0.2833333333333332	0.00897226753670477	1.0
development	abundance_only	1308	reference	rank1_shrink10	2	0.5870756284466999	0.7333333333333334	0.0	1	1.0	0.03255803480735964	0.5639508701839908	0.2833333333333332	0.00897226753670477	1.0
development	abundance_only	1308	target	rank2_shrink05	3	0.9044836217377253	0.9888888888888889	0.0	2	0.5	0.024555062032686314	0.36387655081715786	0.2833333333333332	0.00897226753670477	1.0
development	abundance_only	1308	reference	rank2_shrink05	3	0.5870756284466999	0.7333333333333334	0.0	2	0.5	0.024555062032686314	0.36387655081715786	0.2833333333333332	0.00897226753670477	1.0
development	abundance_only	1308	target	rank2_shrink10	4	0.9044836217377253	0.9888888888888889	0.0	2	1.0	0.03274008271024864	0.5685020677562159	0.2833333333333332	0.00897226753670477	1.0
development	abundance_only	1308	reference	rank2_shrink10	4	0.5870756284466999	0.7333333333333334	0.0	2	1.0	0.03274008271024864	0.5685020677562159	0.2833333333333332	0.00897226753670477	1.0
development	abundance_only	1308	target	rank3_shrink05	5	0.9044836217377253	0.9888888888888889	0.0	3	0.5	0.025033308673925503	0.37583271684813757	0.2833333333333332	0.00897226753670477	1.0
development	abundance_only	1308	reference	rank3_shrink05	5	0.5870756284466999	0.7333333333333334	0.0	3	0.5	0.025033308673925503	0.37583271684813757	0.2833333333333332	0.00897226753670477	1.0
development	abundance_only	1308	target	rank3_shrink10	6	0.9044836217377253	0.9888888888888889	0.0	3	1.0	0.033377744898567596	0.5844436224641898	0.2833333333333332	0.00897226753670477	1.0
development	abundance_only	1308	reference	rank3_shrink10	6	0.5870756284466999	0.7333333333333334	0.0	3	1.0	0.033377744898567596	0.5844436224641898	0.2833333333333332	0.00897226753670477	1.0
development	abundance_only	1309	target	raw_rc6_reference	0	0.6803000440496078	0.8111111111111111	0.0	0	0.0	0.0	0.0	0.0	0.0	1.0
development	abundance_only	1309	reference	raw_rc6_reference	0	0.8833923086433377	0.9555555555555556	0.0	0	0.0	0.0	0.0	0.0	0.0	1.0
development	abundance_only	1309	target	rank1_shrink05	1	0.6803000440496078	0.8111111111111111	0.0	1	0.5	3.999866878590108e-05	0.0	0.0	0.0	1.0
development	abundance_only	1309	reference	rank1_shrink05	1	0.8833923086433377	0.9555555555555556	0.0	1	0.5	3.999866878590108e-05	0.0	0.0	0.0	1.0
development	abundance_only	1309	target	rank1_shrink10	2	0.6803000440496078	0.8111111111111111	0.0	1	1.0	5.333155838183057e-05	0.0	0.0	0.0	1.0
development	abundance_only	1309	reference	rank1_shrink10	2	0.8833923086433377	0.9555555555555556	0.0	1	1.0	5.333155838183057e-05	0.0	0.0	0.0	1.0
development	abundance_only	1309	target	rank2_shrink05	3	0.6803000440496078	0.8111111111111111	0.0	2	0.5	0.0005539405754755311	0.0	0.0	0.0	1.0
development	abundance_only	1309	reference	rank2_shrink05	3	0.8833923086433377	0.9555555555555556	0.0	2	0.5	0.0005539405754755311	0.0	0.0	0.0	1.0
development	abundance_only	1309	target	rank2_shrink10	4	0.6803000440496078	0.8111111111111111	0.0	2	1.0	0.0007385874339674858	0.0	0.0	0.0	1.0
development	abundance_only	1309	reference	rank2_shrink10	4	0.8833923086433377	0.9555555555555556	0.0	2	1.0	0.0007385874339674858	0.0	0.0	0.0	1.0
development	abundance_only	1309	target	rank3_shrink05	5	0.6803000440496078	0.8111111111111111	0.0	3	0.5	0.0008624731835982224	0.0	0.0	0.0	1.0
development	abundance_only	1309	reference	rank3_shrink05	5	0.8833923086433377	0.9555555555555556	0.0	3	0.5	0.0008624731835982224	0.0	0.0	0.0	1.0
development	abundance_only	1309	target	rank3_shrink10	6	0.6803000440496078	0.8111111111111111	0.0	3	1.0	0.001149964244797519	0.0	0.0	0.0	1.0
development	abundance_only	1309	reference	rank3_shrink10	6	0.8833923086433377	0.9555555555555556	0.0	3	1.0	0.001149964244797519	0.0	0.0	0.0	1.0
development	abundance_only	1310	target	raw_rc6_reference	0	0.7980498363481481	0.9222222222222223	0.0	0	0.0	0.0	0.0	0.0	0.0	1.0
development	abundance_only	1310	reference	raw_rc6_reference	0	0.7918145135233425	0.9666666666666668	0.0	0	0.0	0.0	0.0	0.0	0.0	1.0
development	abundance_only	1310	target	rank1_shrink05	1	0.7980498363481481	0.9222222222222223	0.0	1	0.5	0.000736263359481959	0.0	0.0	0.0	1.0
development	abundance_only	1310	reference	rank1_shrink05	1	0.7918145135233425	0.9666666666666668	0.0	1	0.5	0.000736263359481959	0.0	0.0	0.0	1.0
development	abundance_only	1310	target	rank1_shrink10	2	0.7980498363481481	0.9222222222222223	0.0	1	1.0	0.0009816844793093527	0.0	0.0	0.0	1.0
development	abundance_only	1310	reference	rank1_shrink10	2	0.7918145135233425	0.9666666666666668	0.0	1	1.0	0.0009816844793093527	0.0	0.0	0.0	1.0
development	abundance_only	1310	target	rank2_shrink05	3	0.7980498363481481	0.9222222222222223	0.0	2	0.5	0.0011434653022732721	0.0	0.0	0.0	1.0
development	abundance_only	1310	reference	rank2_shrink05	3	0.7918145135233425	0.9666666666666668	0.0	2	0.5	0.0011434653022732721	0.0	0.0	0.0	1.0
development	abundance_only	1310	target	rank2_shrink10	4	0.7980498363481481	0.9222222222222223	0.0	2	1.0	0.0015246204030312516	0.0	0.0	0.0	1.0
development	abundance_only	1310	reference	rank2_shrink10	4	0.7918145135233425	0.9666666666666668	0.0	2	1.0	0.0015246204030312516	0.0	0.0	0.0	1.0
development	abundance_only	1310	target	rank3_shrink05	5	0.7980498363481481	0.9222222222222223	0.0	3	0.5	0.0013349364808812325	0.0	0.0	0.0	1.0
development	abundance_only	1310	reference	rank3_shrink05	5	0.7918145135233425	0.9666666666666668	0.0	3	0.5	0.0013349364808812325	0.0	0.0	0.0	1.0
development	abundance_only	1310	target	rank3_shrink10	6	0.7980498363481481	0.9222222222222223	0.0	3	1.0	0.0017799153078416063	0.0	0.0	0.0	1.0
development	abundance_only	1310	reference	rank3_shrink10	6	0.7918145135233425	0.9666666666666668	0.0	3	1.0	0.0017799153078416063	0.0	0.0	0.0	1.0
development	abundance_only	1311	target	raw_rc6_reference	0	0.8440062855706886	0.8111111111111111	0.0	0	0.0	0.0	0.0	0.06666666666666687	0.00519750519750517	1.0
development	abundance_only	1311	reference	raw_rc6_reference	0	0.8504558556078394	1.0	0.0	0	0.0	0.0	0.0	0.06666666666666687	0.00519750519750517	1.0
development	abundance_only	1311	target	rank1_shrink05	1	0.8440062855706886	0.8111111111111111	0.0	1	0.5	0.00198871654000099	0.0	0.06666666666666687	0.00519750519750517	1.0
development	abundance_only	1311	reference	rank1_shrink05	1	0.8504558556078394	1.0	0.0	1	0.5	0.00198871654000099	0.0	0.06666666666666687	0.00519750519750517	1.0
development	abundance_only	1311	target	rank1_shrink10	2	0.8440062855706886	0.8111111111111111	0.0	1	1.0	0.00265162205333469	0.0	0.06666666666666687	0.00519750519750517	1.0
development	abundance_only	1311	reference	rank1_shrink10	2	0.8504558556078394	1.0	0.0	1	1.0	0.00265162205333469	0.0	0.06666666666666687	0.00519750519750517	1.0
development	abundance_only	1311	target	rank2_shrink05	3	0.8440062855706886	0.8111111111111111	0.0	2	0.5	0.0023433530490595267	0.0	0.06666666666666687	0.00519750519750517	1.0
development	abundance_only	1311	reference	rank2_shrink05	3	0.8504558556078394	1.0	0.0	2	0.5	0.0023433530490595267	0.0	0.06666666666666687	0.00519750519750517	1.0
development	abundance_only	1311	target	rank2_shrink10	4	0.8440062855706886	0.8111111111111111	0.0	2	1.0	0.003124470732079887	0.0	0.06666666666666687	0.00519750519750517	1.0
development	abundance_only	1311	reference	rank2_shrink10	4	0.8504558556078394	1.0	0.0	2	1.0	0.003124470732079887	0.0	0.06666666666666687	0.00519750519750517	1.0
development	abundance_only	1311	target	rank3_shrink05	5	0.8440062855706886	0.8111111111111111	0.0	3	0.5	0.0028840017151391395	0.0	0.06666666666666687	0.00519750519750517	1.0
development	abundance_only	1311	reference	rank3_shrink05	5	0.8504558556078394	1.0	0.0	3	0.5	0.0028840017151391395	0.0	0.06666666666666687	0.00519750519750517	1.0
development	abundance_only	1311	target	rank3_shrink10	6	0.8440062855706886	0.8111111111111111	0.0	3	1.0	0.0038453356201857414	0.0	0.06666666666666687	0.00519750519750517	1.0
development	abundance_only	1311	reference	rank3_shrink10	6	0.8504558556078394	1.0	0.0	3	1.0	0.0038453356201857414	0.0	0.06666666666666687	0.00519750519750517	1.0
development	abundance_only	1312	target	raw_rc6_reference	0	0.7951907083880878	1.0	0.0	0	0.0	0.0	0.0	0.0	0.0	1.0
development	abundance_only	1312	reference	raw_rc6_reference	0	0.6805954261734111	0.7666666666666667	0.0	0	0.0	0.0	0.0	0.0	0.0	1.0
development	abundance_only	1312	target	rank1_shrink05	1	0.7951907083880878	1.0	0.0	1	0.5	0.004520671832132339	0.0	0.0	0.0	1.0
development	abundance_only	1312	reference	rank1_shrink05	1	0.6805954261734111	0.7666666666666667	0.0	1	0.5	0.004520671832132339	0.0	0.0	0.0	1.0
development	abundance_only	1312	target	rank1_shrink10	2	0.7951907083880878	1.0	0.0	1	1.0	0.006027562442843082	0.0	0.0	0.0	1.0
development	abundance_only	1312	reference	rank1_shrink10	2	0.6805954261734111	0.7666666666666667	0.0	1	1.0	0.006027562442843082	0.0	0.0	0.0	1.0
development	abundance_only	1312	target	rank2_shrink05	3	0.7951907083880878	1.0	0.0	2	0.5	0.004659271855101399	0.0	0.0	0.0	1.0
development	abundance_only	1312	reference	rank2_shrink05	3	0.6805954261734111	0.7666666666666667	0.0	2	0.5	0.004659271855101399	0.0	0.0	0.0	1.0
development	abundance_only	1312	target	rank2_shrink10	4	0.7951907083880878	1.0	0.0	2	1.0	0.006212362473468569	0.0	0.0	0.0	1.0
development	abundance_only	1312	reference	rank2_shrink10	4	0.6805954261734111	0.7666666666666667	0.0	2	1.0	0.006212362473468569	0.0	0.0	0.0	1.0
development	abundance_only	1312	target	rank3_shrink05	5	0.7951907083880878	1.0	0.0	3	0.5	0.005131819589152542	0.0	0.0	0.0	1.0
development	abundance_only	1312	reference	rank3_shrink05	5	0.6805954261734111	0.7666666666666667	0.0	3	0.5	0.005131819589152542	0.0	0.0	0.0	1.0
development	abundance_only	1312	target	rank3_shrink10	6	0.7951907083880878	1.0	0.0	3	1.0	0.006842426118870315	0.0	0.0	0.0	1.0
development	abundance_only	1312	reference	rank3_shrink10	6	0.6805954261734111	0.7666666666666667	0.0	3	1.0	0.006842426118870315	0.0	0.0	0.0	1.0
development	noisy_two_part	1301	target	raw_rc6_reference	0	0.8298101580888738	0.9111111111111112	0.0	0	0.0	0.0	0.0	0.0	0.014150943396226467	1.0
development	noisy_two_part	1301	reference	raw_rc6_reference	0	0.5979191610788949	0.8222222222222223	0.0	0	0.0	0.0	0.0	0.0	0.014150943396226467	1.0
development	noisy_two_part	1301	target	rank1_shrink05	1	0.8298101580888738	0.9111111111111112	0.0	1	0.5	0.006273042765112868	0.0	0.0	0.014150943396226467	1.0
development	noisy_two_part	1301	reference	rank1_shrink05	1	0.5979191610788949	0.8222222222222223	0.0	1	0.5	0.006273042765112868	0.0	0.0	0.014150943396226467	1.0
development	noisy_two_part	1301	target	rank1_shrink10	2	0.8298101580888738	0.9111111111111112	0.0	1	1.0	0.00836405702015075	0.0	0.0	0.014150943396226467	1.0
development	noisy_two_part	1301	reference	rank1_shrink10	2	0.5979191610788949	0.8222222222222223	0.0	1	1.0	0.00836405702015075	0.0	0.0	0.014150943396226467	1.0
development	noisy_two_part	1301	target	rank2_shrink05	3	0.8298101580888738	0.9111111111111112	0.0	2	0.5	0.00644891803037273	0.0	0.0	0.014150943396226467	1.0
development	noisy_two_part	1301	reference	rank2_shrink05	3	0.5979191610788949	0.8222222222222223	0.0	2	0.5	0.00644891803037273	0.0	0.0	0.014150943396226467	1.0
development	noisy_two_part	1301	target	rank2_shrink10	4	0.8298101580888738	0.9111111111111112	0.0	2	1.0	0.008598557373830418	0.0	0.0	0.014150943396226467	1.0
development	noisy_two_part	1301	reference	rank2_shrink10	4	0.5979191610788949	0.8222222222222223	0.0	2	1.0	0.008598557373830418	0.0	0.0	0.014150943396226467	1.0
development	noisy_two_part	1301	target	rank3_shrink05	5	0.8298101580888738	0.9111111111111112	0.0	3	0.5	0.006633806353915417	0.0	0.0	0.014150943396226467	1.0
development	noisy_two_part	1301	reference	rank3_shrink05	5	0.5979191610788949	0.8222222222222223	0.0	3	0.5	0.006633806353915417	0.0	0.0	0.014150943396226467	1.0
development	noisy_two_part	1301	target	rank3_shrink10	6	0.8298101580888738	0.9111111111111112	0.0	3	1.0	0.008845075138554481	0.0	0.0	0.014150943396226467	1.0
development	noisy_two_part	1301	reference	rank3_shrink10	6	0.5979191610788949	0.8222222222222223	0.0	3	1.0	0.008845075138554481	0.0	0.0	0.014150943396226467	1.0
development	noisy_two_part	1302	target	raw_rc6_reference	0	0.7842519533310532	0.9183673469387754	0.0	0	0.0	0.0	0.0	0.0	0.021655437921077936	1.0
development	noisy_two_part	1302	reference	raw_rc6_reference	0	0.6939265967508164	0.8727272727272727	0.0	0	0.0	0.0	0.0	0.0	0.021655437921077936	1.0
development	noisy_two_part	1302	target	rank1_shrink05	1	0.7842519533310532	0.9183673469387754	0.0	1	0.5	0.005221756146702394	0.0	0.0	0.021655437921077936	1.0
development	noisy_two_part	1302	reference	rank1_shrink05	1	0.6939265967508164	0.8727272727272727	0.0	1	0.5	0.005221756146702394	0.0	0.0	0.021655437921077936	1.0
development	noisy_two_part	1302	target	rank1_shrink10	2	0.7842519533310532	0.9183673469387754	0.0	1	1.0	0.006962341528936711	0.0	0.0	0.021655437921077936	1.0
development	noisy_two_part	1302	reference	rank1_shrink10	2	0.6939265967508164	0.8727272727272727	0.0	1	1.0	0.006962341528936711	0.0	0.0	0.021655437921077936	1.0
development	noisy_two_part	1302	target	rank2_shrink05	3	0.7842519533310532	0.9183673469387754	0.0	2	0.5	0.005980951497736031	0.0	0.0	0.021655437921077936	1.0
development	noisy_two_part	1302	reference	rank2_shrink05	3	0.6939265967508164	0.8727272727272727	0.0	2	0.5	0.005980951497736031	0.0	0.0	0.021655437921077936	1.0
development	noisy_two_part	1302	target	rank2_shrink10	4	0.7842519533310532	0.9183673469387754	0.0	2	1.0	0.007974601996981412	0.0	0.0	0.021655437921077936	1.0
development	noisy_two_part	1302	reference	rank2_shrink10	4	0.6939265967508164	0.8727272727272727	0.0	2	1.0	0.007974601996981412	0.0	0.0	0.021655437921077936	1.0
development	noisy_two_part	1302	target	rank3_shrink05	5	0.7842519533310532	0.9183673469387754	0.0	3	0.5	0.006020751188988038	0.0	0.0	0.021655437921077936	1.0
development	noisy_two_part	1302	reference	rank3_shrink05	5	0.6939265967508164	0.8727272727272727	0.0	3	0.5	0.006020751188988038	0.0	0.0	0.021655437921077936	1.0
development	noisy_two_part	1302	target	rank3_shrink10	6	0.7842519533310532	0.9183673469387754	0.0	3	1.0	0.00802766825198431	0.0	0.0	0.021655437921077936	1.0
development	noisy_two_part	1302	reference	rank3_shrink10	6	0.6939265967508164	0.8727272727272727	0.0	3	1.0	0.00802766825198431	0.0	0.0	0.021655437921077936	1.0
development	noisy_two_part	1303	target	raw_rc6_reference	0	0.8053389432342277	0.9	0.0	0	0.0	0.0	0.0	0.005555555555555536	0.01845018450184499	1.0
development	noisy_two_part	1303	reference	raw_rc6_reference	0	0.7894738508702126	0.9666666666666667	0.0	0	0.0	0.0	0.0	0.005555555555555536	0.01845018450184499	1.0
development	noisy_two_part	1303	target	rank1_shrink05	1	0.8053389432342277	0.9	0.0	1	0.5	0.004239962963347499	0.0	0.005555555555555536	0.01845018450184499	1.0
development	noisy_two_part	1303	reference	rank1_shrink05	1	0.7894738508702126	0.9666666666666667	0.0	1	0.5	0.004239962963347499	0.0	0.005555555555555536	0.01845018450184499	1.0
development	noisy_two_part	1303	target	rank1_shrink10	2	0.8053389432342277	0.9	0.0	1	1.0	0.005653283951130295	0.0	0.005555555555555536	0.01845018450184499	1.0
development	noisy_two_part	1303	reference	rank1_shrink10	2	0.7894738508702126	0.9666666666666667	0.0	1	1.0	0.005653283951130295	0.0	0.005555555555555536	0.01845018450184499	1.0
development	noisy_two_part	1303	target	rank2_shrink05	3	0.8053389432342277	0.9	0.0	2	0.5	0.00454750660095804	0.0	0.005555555555555536	0.01845018450184499	1.0
development	noisy_two_part	1303	reference	rank2_shrink05	3	0.7894738508702126	0.9666666666666667	0.0	2	0.5	0.00454750660095804	0.0	0.005555555555555536	0.01845018450184499	1.0
development	noisy_two_part	1303	target	rank2_shrink10	4	0.8053389432342277	0.9	0.0	2	1.0	0.006063342134610794	0.0	0.005555555555555536	0.01845018450184499	1.0
development	noisy_two_part	1303	reference	rank2_shrink10	4	0.7894738508702126	0.9666666666666667	0.0	2	1.0	0.006063342134610794	0.0	0.005555555555555536	0.01845018450184499	1.0
development	noisy_two_part	1303	target	rank3_shrink05	5	0.8053389432342277	0.9	0.0	3	0.5	0.005454273025807255	0.0	0.005555555555555536	0.01845018450184499	1.0
development	noisy_two_part	1303	reference	rank3_shrink05	5	0.7894738508702126	0.9666666666666667	0.0	3	0.5	0.005454273025807255	0.0	0.005555555555555536	0.01845018450184499	1.0
development	noisy_two_part	1303	target	rank3_shrink10	6	0.8053389432342277	0.9	0.0	3	1.0	0.007272364034409895	0.0	0.005555555555555536	0.01845018450184499	1.0
development	noisy_two_part	1303	reference	rank3_shrink10	6	0.7894738508702126	0.9666666666666667	0.0	3	1.0	0.007272364034409895	0.0	0.005555555555555536	0.01845018450184499	1.0
development	noisy_two_part	1304	target	raw_rc6_reference	0	0.76488046659807	0.9777777777777779	0.0	0	0.0	0.0	0.0	0.0	0.010784313725490158	1.0
development	noisy_two_part	1304	reference	raw_rc6_reference	0	0.8111801060518457	0.8777777777777778	0.0	0	0.0	0.0	0.0	0.0	0.010784313725490158	1.0
development	noisy_two_part	1304	target	rank1_shrink05	1	0.76488046659807	0.9777777777777779	0.0	1	0.5	0.006578800516879313	0.0	0.0	0.010784313725490158	1.0
development	noisy_two_part	1304	reference	rank1_shrink05	1	0.8111801060518457	0.8777777777777778	0.0	1	0.5	0.006578800516879313	0.0	0.0	0.010784313725490158	1.0
development	noisy_two_part	1304	target	rank1_shrink10	2	0.76488046659807	0.9777777777777779	0.0	1	1.0	0.008771734022505973	0.0	0.0	0.010784313725490158	1.0
development	noisy_two_part	1304	reference	rank1_shrink10	2	0.8111801060518457	0.8777777777777778	0.0	1	1.0	0.008771734022505973	0.0	0.0	0.010784313725490158	1.0
development	noisy_two_part	1304	target	rank2_shrink05	3	0.76488046659807	0.9777777777777779	0.0	2	0.5	0.006711495609753926	0.0	0.0	0.010784313725490158	1.0
development	noisy_two_part	1304	reference	rank2_shrink05	3	0.8111801060518457	0.8777777777777778	0.0	2	0.5	0.006711495609753926	0.0	0.0	0.010784313725490158	1.0
development	noisy_two_part	1304	target	rank2_shrink10	4	0.76488046659807	0.9777777777777779	0.0	2	1.0	0.008948660813005493	0.0	0.0	0.010784313725490158	1.0
development	noisy_two_part	1304	reference	rank2_shrink10	4	0.8111801060518457	0.8777777777777778	0.0	2	1.0	0.008948660813005493	0.0	0.0	0.010784313725490158	1.0
development	noisy_two_part	1304	target	rank3_shrink05	5	0.76488046659807	0.9777777777777779	0.0	3	0.5	0.007024319332450624	0.0	0.0	0.010784313725490158	1.0
development	noisy_two_part	1304	reference	rank3_shrink05	5	0.8111801060518457	0.8777777777777778	0.0	3	0.5	0.007024319332450624	0.0	0.0	0.010784313725490158	1.0
development	noisy_two_part	1304	target	rank3_shrink10	6	0.76488046659807	0.9777777777777779	0.0	3	1.0	0.009365759109934535	0.0	0.0	0.010784313725490158	1.0
development	noisy_two_part	1304	reference	rank3_shrink10	6	0.8111801060518457	0.8777777777777778	0.0	3	1.0	0.009365759109934535	0.0	0.0	0.010784313725490158	1.0
development	noisy_two_part	1305	target	raw_rc6_reference	0	0.6529043324606957	0.888888888888889	0.0	0	0.0	0.0	0.0	0.0	0.017625231910946226	1.0
development	noisy_two_part	1305	reference	raw_rc6_reference	0	0.9194805194805193	0.9333333333333333	0.0	0	0.0	0.0	0.0	0.0	0.017625231910946226	1.0
development	noisy_two_part	1305	target	rank1_shrink05	1	0.6529043324606957	0.888888888888889	0.0	1	0.5	0.0066275453355717495	0.0	0.0	0.017625231910946226	1.0
development	noisy_two_part	1305	reference	rank1_shrink05	1	0.9194805194805193	0.9333333333333333	0.0	1	0.5	0.0066275453355717495	0.0	0.0	0.017625231910946226	1.0
development	noisy_two_part	1305	target	rank1_shrink10	2	0.6529043324606957	0.888888888888889	0.0	1	1.0	0.008836727114096332	0.0	0.0	0.017625231910946226	1.0
development	noisy_two_part	1305	reference	rank1_shrink10	2	0.9194805194805193	0.9333333333333333	0.0	1	1.0	0.008836727114096332	0.0	0.0	0.017625231910946226	1.0
development	noisy_two_part	1305	target	rank2_shrink05	3	0.6529043324606957	0.888888888888889	0.0	2	0.5	0.006744884491421743	0.0	0.0	0.017625231910946226	1.0
development	noisy_two_part	1305	reference	rank2_shrink05	3	0.9194805194805193	0.9333333333333333	0.0	2	0.5	0.006744884491421743	0.0	0.0	0.017625231910946226	1.0
development	noisy_two_part	1305	target	rank2_shrink10	4	0.6529043324606957	0.888888888888889	0.0	2	1.0	0.008993179321895584	0.0	0.0	0.017625231910946226	1.0
development	noisy_two_part	1305	reference	rank2_shrink10	4	0.9194805194805193	0.9333333333333333	0.0	2	1.0	0.008993179321895584	0.0	0.0	0.017625231910946226	1.0
development	noisy_two_part	1305	target	rank3_shrink05	5	0.6529043324606957	0.888888888888889	0.0	3	0.5	0.007416350778496783	0.0	0.0	0.017625231910946226	1.0
development	noisy_two_part	1305	reference	rank3_shrink05	5	0.9194805194805193	0.9333333333333333	0.0	3	0.5	0.007416350778496783	0.0	0.0	0.017625231910946226	1.0
development	noisy_two_part	1305	target	rank3_shrink10	6	0.6529043324606957	0.888888888888889	0.0	3	1.0	0.009888467704662784	0.0	0.0	0.017625231910946226	1.0
development	noisy_two_part	1305	reference	rank3_shrink10	6	0.9194805194805193	0.9333333333333333	0.0	3	1.0	0.009888467704662784	0.0	0.0	0.017625231910946226	1.0
development	noisy_two_part	1306	target	raw_rc6_reference	0	0.9073777468336349	1.0	0.0	0	0.0	0.0	0.0	0.031481481481481666	0.0014084507042253502	1.0
development	noisy_two_part	1306	reference	raw_rc6_reference	0	0.795957943502702	0.8333333333333334	0.0	0	0.0	0.0	0.0	0.031481481481481666	0.0014084507042253502	1.0
development	noisy_two_part	1306	target	rank1_shrink05	1	0.9073777468336349	1.0	0.0	1	0.5	0.00427476838111962	0.0	0.031481481481481666	0.0014084507042253502	1.0
development	noisy_two_part	1306	reference	rank1_shrink05	1	0.795957943502702	0.8333333333333334	0.0	1	0.5	0.00427476838111962	0.0	0.031481481481481666	0.0014084507042253502	1.0
development	noisy_two_part	1306	target	rank1_shrink10	2	0.9073777468336349	1.0	0.0	1	1.0	0.005699691174826493	0.0	0.031481481481481666	0.0014084507042253502	1.0
development	noisy_two_part	1306	reference	rank1_shrink10	2	0.795957943502702	0.8333333333333334	0.0	1	1.0	0.005699691174826493	0.0	0.031481481481481666	0.0014084507042253502	1.0
development	noisy_two_part	1306	target	rank2_shrink05	3	0.9073777468336349	1.0	0.0	2	0.5	0.0044874192519605005	0.0	0.031481481481481666	0.0014084507042253502	1.0
development	noisy_two_part	1306	reference	rank2_shrink05	3	0.795957943502702	0.8333333333333334	0.0	2	0.5	0.0044874192519605005	0.0	0.031481481481481666	0.0014084507042253502	1.0
development	noisy_two_part	1306	target	rank2_shrink10	4	0.9073777468336349	1.0	0.0	2	1.0	0.005983225669280556	0.0	0.031481481481481666	0.0014084507042253502	1.0
development	noisy_two_part	1306	reference	rank2_shrink10	4	0.795957943502702	0.8333333333333334	0.0	2	1.0	0.005983225669280556	0.0	0.031481481481481666	0.0014084507042253502	1.0
development	noisy_two_part	1306	target	rank3_shrink05	5	0.9073777468336349	1.0	0.0	3	0.5	0.004647642505050453	0.0	0.031481481481481666	0.0014084507042253502	1.0
development	noisy_two_part	1306	reference	rank3_shrink05	5	0.795957943502702	0.8333333333333334	0.0	3	0.5	0.004647642505050453	0.0	0.031481481481481666	0.0014084507042253502	1.0
development	noisy_two_part	1306	target	rank3_shrink10	6	0.9073777468336349	1.0	0.0	3	1.0	0.0061968566734011965	0.0	0.031481481481481666	0.0014084507042253502	1.0
development	noisy_two_part	1306	reference	rank3_shrink10	6	0.795957943502702	0.8333333333333334	0.0	3	1.0	0.0061968566734011965	0.0	0.031481481481481666	0.0014084507042253502	1.0
development	noisy_two_part	1307	target	raw_rc6_reference	0	0.27619852155359265		0.0	0	0.0	0.0	0.0	0.0	0.00539744847890089	1.0
development	noisy_two_part	1307	reference	raw_rc6_reference	0	0.9496267106905019	0.9591836734693877	0.0	0	0.0	0.0	0.0	0.0	0.00539744847890089	1.0
development	noisy_two_part	1307	target	rank1_shrink05	1	0.27619852155359265		0.0	1	0.5	0.005315716263721515	0.0	0.0	0.00539744847890089	1.0
development	noisy_two_part	1307	reference	rank1_shrink05	1	0.9496267106905019	0.9591836734693877	0.0	1	0.5	0.005315716263721515	0.0	0.0	0.00539744847890089	1.0
development	noisy_two_part	1307	target	rank1_shrink10	2	0.27619852155359265		0.0	1	1.0	0.00708762168496202	0.0	0.0	0.00539744847890089	1.0
development	noisy_two_part	1307	reference	rank1_shrink10	2	0.9496267106905019	0.9591836734693877	0.0	1	1.0	0.00708762168496202	0.0	0.0	0.00539744847890089	1.0
development	noisy_two_part	1307	target	rank2_shrink05	3	0.27619852155359265		0.0	2	0.5	0.005867312707411032	0.0	0.0	0.00539744847890089	1.0
development	noisy_two_part	1307	reference	rank2_shrink05	3	0.9496267106905019	0.9591836734693877	0.0	2	0.5	0.005867312707411032	0.0	0.0	0.00539744847890089	1.0
development	noisy_two_part	1307	target	rank2_shrink10	4	0.27619852155359265		0.0	2	1.0	0.00782308360988182	0.0	0.0	0.00539744847890089	1.0
development	noisy_two_part	1307	reference	rank2_shrink10	4	0.9496267106905019	0.9591836734693877	0.0	2	1.0	0.00782308360988182	0.0	0.0	0.00539744847890089	1.0
development	noisy_two_part	1307	target	rank3_shrink05	5	0.27619852155359265		0.0	3	0.5	0.006311010415595675	0.0	0.0	0.00539744847890089	1.0
development	noisy_two_part	1307	reference	rank3_shrink05	5	0.9496267106905019	0.9591836734693877	0.0	3	0.5	0.006311010415595675	0.0	0.0	0.00539744847890089	1.0
development	noisy_two_part	1307	target	rank3_shrink10	6	0.27619852155359265		0.0	3	1.0	0.008414680554127862	0.0	0.0	0.00539744847890089	1.0
development	noisy_two_part	1307	reference	rank3_shrink10	6	0.9496267106905019	0.9591836734693877	0.0	3	1.0	0.008414680554127862	0.0	0.0	0.00539744847890089	1.0
development	noisy_two_part	1308	target	raw_rc6_reference	0	0.8992854400036003	0.9888888888888889	0.0	0	0.0	0.0	0.0	0.0	0.007863089731729889	1.0
development	noisy_two_part	1308	reference	raw_rc6_reference	0	0.5600001495194619	0.7222222222222222	0.0	0	0.0	0.0	0.0	0.0	0.007863089731729889	1.0
development	noisy_two_part	1308	target	rank1_shrink05	1	0.8992854400036003	0.9888888888888889	0.0	1	0.5	0.007472701659333891	0.0	0.0	0.007863089731729889	1.0
development	noisy_two_part	1308	reference	rank1_shrink05	1	0.5600001495194619	0.7222222222222222	0.0	1	0.5	0.007472701659333891	0.0	0.0	0.007863089731729889	1.0
development	noisy_two_part	1308	target	rank1_shrink10	2	0.8992854400036003	0.9888888888888889	0.0	1	1.0	0.00996360221244541	0.0	0.0	0.007863089731729889	1.0
development	noisy_two_part	1308	reference	rank1_shrink10	2	0.5600001495194619	0.7222222222222222	0.0	1	1.0	0.00996360221244541	0.0	0.0	0.007863089731729889	1.0
development	noisy_two_part	1308	target	rank2_shrink05	3	0.8992854400036003	0.9888888888888889	0.0	2	0.5	0.007528770808014729	0.0	0.0	0.007863089731729889	1.0
development	noisy_two_part	1308	reference	rank2_shrink05	3	0.5600001495194619	0.7222222222222222	0.0	2	0.5	0.007528770808014729	0.0	0.0	0.007863089731729889	1.0
development	noisy_two_part	1308	target	rank2_shrink10	4	0.8992854400036003	0.9888888888888889	0.0	2	1.0	0.01003836107735312	0.0009590269338279837	0.0	0.007863089731729889	1.0
development	noisy_two_part	1308	reference	rank2_shrink10	4	0.5600001495194619	0.7222222222222222	0.0	2	1.0	0.01003836107735312	0.0009590269338279837	0.0	0.007863089731729889	1.0
development	noisy_two_part	1308	target	rank3_shrink05	5	0.8992854400036003	0.9888888888888889	0.0	3	0.5	0.008015300082364063	0.0	0.0	0.007863089731729889	1.0
development	noisy_two_part	1308	reference	rank3_shrink05	5	0.5600001495194619	0.7222222222222222	0.0	3	0.5	0.008015300082364063	0.0	0.0	0.007863089731729889	1.0
development	noisy_two_part	1308	target	rank3_shrink10	6	0.8992854400036003	0.9888888888888889	0.0	3	1.0	0.010687066776485343	0.017176669412133576	0.0	0.007863089731729889	1.0
development	noisy_two_part	1308	reference	rank3_shrink10	6	0.5600001495194619	0.7222222222222222	0.0	3	1.0	0.010687066776485343	0.017176669412133576	0.0	0.007863089731729889	1.0
development	noisy_two_part	1309	target	raw_rc6_reference	0	0.66518226529295	0.8111111111111111	0.0	0	0.0	0.0	0.0	0.04629629629629628	0.027607361963190136	1.0
development	noisy_two_part	1309	reference	raw_rc6_reference	0	0.888604062676632	0.9777777777777779	0.0	0	0.0	0.0	0.0	0.04629629629629628	0.027607361963190136	1.0
development	noisy_two_part	1309	target	rank1_shrink05	1	0.66518226529295	0.8111111111111111	0.0	1	0.5	0.005955888851006619	0.0	0.04629629629629628	0.027607361963190136	1.0
development	noisy_two_part	1309	reference	rank1_shrink05	1	0.888604062676632	0.9777777777777779	0.0	1	0.5	0.005955888851006619	0.0	0.04629629629629628	0.027607361963190136	1.0
development	noisy_two_part	1309	target	rank1_shrink10	2	0.66518226529295	0.8111111111111111	0.0	1	1.0	0.00794118513467501	0.0	0.04629629629629628	0.027607361963190136	1.0
development	noisy_two_part	1309	reference	rank1_shrink10	2	0.888604062676632	0.9777777777777779	0.0	1	1.0	0.00794118513467501	0.0	0.04629629629629628	0.027607361963190136	1.0
development	noisy_two_part	1309	target	rank2_shrink05	3	0.66518226529295	0.8111111111111111	0.0	2	0.5	0.0062835326401043945	0.0	0.04629629629629628	0.027607361963190136	1.0
development	noisy_two_part	1309	reference	rank2_shrink05	3	0.888604062676632	0.9777777777777779	0.0	2	0.5	0.0062835326401043945	0.0	0.04629629629629628	0.027607361963190136	1.0
development	noisy_two_part	1309	target	rank2_shrink10	4	0.66518226529295	0.8111111111111111	0.0	2	1.0	0.008378043520139267	0.0	0.04629629629629628	0.027607361963190136	1.0
development	noisy_two_part	1309	reference	rank2_shrink10	4	0.888604062676632	0.9777777777777779	0.0	2	1.0	0.008378043520139267	0.0	0.04629629629629628	0.027607361963190136	1.0
development	noisy_two_part	1309	target	rank3_shrink05	5	0.66518226529295	0.8111111111111111	0.0	3	0.5	0.006855251134454177	0.0	0.04629629629629628	0.027607361963190136	1.0
development	noisy_two_part	1309	reference	rank3_shrink05	5	0.888604062676632	0.9777777777777779	0.0	3	0.5	0.006855251134454177	0.0	0.04629629629629628	0.027607361963190136	1.0
development	noisy_two_part	1309	target	rank3_shrink10	6	0.66518226529295	0.8111111111111111	0.0	3	1.0	0.00914033484593857	0.0	0.04629629629629628	0.027607361963190136	1.0
development	noisy_two_part	1309	reference	rank3_shrink10	6	0.888604062676632	0.9777777777777779	0.0	3	1.0	0.00914033484593857	0.0	0.04629629629629628	0.027607361963190136	1.0
development	noisy_two_part	1310	target	raw_rc6_reference	0	0.7928380823148541	0.9222222222222223	0.0	0	0.0	0.0	0.0	0.07592592592592595	0.0	1.0
development	noisy_two_part	1310	reference	raw_rc6_reference	0	0.7918145135233425	0.9666666666666668	0.0	0	0.0	0.0	0.0	0.07592592592592595	0.0	1.0
development	noisy_two_part	1310	target	rank1_shrink05	1	0.7928380823148541	0.9222222222222223	0.0	1	0.5	0.005285344862620667	0.0	0.07592592592592595	0.0	1.0
development	noisy_two_part	1310	reference	rank1_shrink05	1	0.7918145135233425	0.9666666666666668	0.0	1	0.5	0.005285344862620667	0.0	0.07592592592592595	0.0	1.0
development	noisy_two_part	1310	target	rank1_shrink10	2	0.7928380823148541	0.9222222222222223	0.0	1	1.0	0.007047126483494148	0.0	0.07592592592592595	0.0	1.0
development	noisy_two_part	1310	reference	rank1_shrink10	2	0.7918145135233425	0.9666666666666668	0.0	1	1.0	0.007047126483494148	0.0	0.07592592592592595	0.0	1.0
development	noisy_two_part	1310	target	rank2_shrink05	3	0.7928380823148541	0.9222222222222223	0.0	2	0.5	0.005495812869544148	0.0	0.07592592592592595	0.0	1.0
development	noisy_two_part	1310	reference	rank2_shrink05	3	0.7918145135233425	0.9666666666666668	0.0	2	0.5	0.005495812869544148	0.0	0.07592592592592595	0.0	1.0
development	noisy_two_part	1310	target	rank2_shrink10	4	0.7928380823148541	0.9222222222222223	0.0	2	1.0	0.007327750492725715	0.0	0.07592592592592595	0.0	1.0
development	noisy_two_part	1310	reference	rank2_shrink10	4	0.7918145135233425	0.9666666666666668	0.0	2	1.0	0.007327750492725715	0.0	0.07592592592592595	0.0	1.0
development	noisy_two_part	1310	target	rank3_shrink05	5	0.7928380823148541	0.9222222222222223	0.0	3	0.5	0.006457722506435948	0.0	0.07592592592592595	0.0	1.0
development	noisy_two_part	1310	reference	rank3_shrink05	5	0.7918145135233425	0.9666666666666668	0.0	3	0.5	0.006457722506435948	0.0	0.07592592592592595	0.0	1.0
development	noisy_two_part	1310	target	rank3_shrink10	6	0.7928380823148541	0.9222222222222223	0.0	3	1.0	0.008610296675248152	0.0	0.07592592592592595	0.0	1.0
development	noisy_two_part	1310	reference	rank3_shrink10	6	0.7918145135233425	0.9666666666666668	0.0	3	1.0	0.008610296675248152	0.0	0.07592592592592595	0.0	1.0
development	noisy_two_part	1311	target	raw_rc6_reference	0	0.8570612938548446	0.8222222222222222	0.0	0	0.0	0.0	0.0	0.0037037037037035425	0.018119490695396645	1.0
development	noisy_two_part	1311	reference	raw_rc6_reference	0	0.8504558556078394	1.0	0.0	0	0.0	0.0	0.0	0.0037037037037035425	0.018119490695396645	1.0
development	noisy_two_part	1311	target	rank1_shrink05	1	0.8570612938548446	0.8222222222222222	0.0	1	0.5	0.0069016027893256116	0.0	0.0037037037037035425	0.018119490695396645	1.0
development	noisy_two_part	1311	reference	rank1_shrink05	1	0.8504558556078394	1.0	0.0	1	0.5	0.0069016027893256116	0.0	0.0037037037037035425	0.018119490695396645	1.0
development	noisy_two_part	1311	target	rank1_shrink10	2	0.8570612938548446	0.8222222222222222	0.0	1	1.0	0.009202137052434667	0.0	0.0037037037037035425	0.018119490695396645	1.0
development	noisy_two_part	1311	reference	rank1_shrink10	2	0.8504558556078394	1.0	0.0	1	1.0	0.009202137052434667	0.0	0.0037037037037035425	0.018119490695396645	1.0
development	noisy_two_part	1311	target	rank2_shrink05	3	0.8570612938548446	0.8222222222222222	0.0	2	0.5	0.006965817394189333	0.0	0.0037037037037035425	0.018119490695396645	1.0
development	noisy_two_part	1311	reference	rank2_shrink05	3	0.8504558556078394	1.0	0.0	2	0.5	0.006965817394189333	0.0	0.0037037037037035425	0.018119490695396645	1.0
development	noisy_two_part	1311	target	rank2_shrink10	4	0.8570612938548446	0.8222222222222222	0.0	2	1.0	0.009287756525585777	0.0	0.0037037037037035425	0.018119490695396645	1.0
development	noisy_two_part	1311	reference	rank2_shrink10	4	0.8504558556078394	1.0	0.0	2	1.0	0.009287756525585777	0.0	0.0037037037037035425	0.018119490695396645	1.0
development	noisy_two_part	1311	target	rank3_shrink05	5	0.8570612938548446	0.8222222222222222	0.0	3	0.5	0.007985531648624367	0.0	0.0037037037037035425	0.018119490695396645	1.0
development	noisy_two_part	1311	reference	rank3_shrink05	5	0.8504558556078394	1.0	0.0	3	0.5	0.007985531648624367	0.0	0.0037037037037035425	0.018119490695396645	1.0
development	noisy_two_part	1311	target	rank3_shrink10	6	0.8570612938548446	0.8222222222222222	0.0	3	1.0	0.010647375531499192	0.016184388287479805	0.0037037037037035425	0.018119490695396645	1.0
development	noisy_two_part	1311	reference	rank3_shrink10	6	0.8504558556078394	1.0	0.0	3	1.0	0.010647375531499192	0.016184388287479805	0.0037037037037035425	0.018119490695396645	1.0
development	noisy_two_part	1312	target	raw_rc6_reference	0	0.7951907083880878	1.0	0.0	0	0.0	0.0	0.0	0.08148148148148149	0.0	1.0
development	noisy_two_part	1312	reference	raw_rc6_reference	0	0.6805954261734111	0.7666666666666667	0.0	0	0.0	0.0	0.0	0.08148148148148149	0.0	1.0
development	noisy_two_part	1312	target	rank1_shrink05	1	0.7951907083880878	1.0	0.0	1	0.5	0.004818498691277262	0.0	0.08148148148148149	0.0	1.0
development	noisy_two_part	1312	reference	rank1_shrink05	1	0.6805954261734111	0.7666666666666667	0.0	1	0.5	0.004818498691277262	0.0	0.08148148148148149	0.0	1.0
development	noisy_two_part	1312	target	rank1_shrink10	2	0.7951907083880878	1.0	0.0	1	1.0	0.006424664921703238	0.0	0.08148148148148149	0.0	1.0
development	noisy_two_part	1312	reference	rank1_shrink10	2	0.6805954261734111	0.7666666666666667	0.0	1	1.0	0.006424664921703238	0.0	0.08148148148148149	0.0	1.0
development	noisy_two_part	1312	target	rank2_shrink05	3	0.7951907083880878	1.0	0.0	2	0.5	0.005467260029827892	0.0	0.08148148148148149	0.0	1.0
development	noisy_two_part	1312	reference	rank2_shrink05	3	0.6805954261734111	0.7666666666666667	0.0	2	0.5	0.005467260029827892	0.0	0.08148148148148149	0.0	1.0
development	noisy_two_part	1312	target	rank2_shrink10	4	0.7951907083880878	1.0	0.0	2	1.0	0.007289680039770818	0.0	0.08148148148148149	0.0	1.0
development	noisy_two_part	1312	reference	rank2_shrink10	4	0.6805954261734111	0.7666666666666667	0.0	2	1.0	0.007289680039770818	0.0	0.08148148148148149	0.0	1.0
development	noisy_two_part	1312	target	rank3_shrink05	5	0.7951907083880878	1.0	0.0	3	0.5	0.005506390161500008	0.0	0.08148148148148149	0.0	1.0
development	noisy_two_part	1312	reference	rank3_shrink05	5	0.6805954261734111	0.7666666666666667	0.0	3	0.5	0.005506390161500008	0.0	0.08148148148148149	0.0	1.0
development	noisy_two_part	1312	target	rank3_shrink10	6	0.7951907083880878	1.0	0.0	3	1.0	0.007341853548666899	0.0	0.08148148148148149	0.0	1.0
development	noisy_two_part	1312	reference	rank3_shrink10	6	0.6805954261734111	0.7666666666666667	0.0	3	1.0	0.007341853548666899	0.0	0.08148148148148149	0.0	1.0
development	antagonistic_two_part	1301	target	raw_rc6_reference	0	0.8298101580888738	0.9111111111111112	0.0	0	0.0	0.0	0.0	0.0	0.0	1.0
development	antagonistic_two_part	1301	reference	raw_rc6_reference	0	0.5979191610788949	0.8222222222222223	0.0	0	0.0	0.0	0.0	0.0	0.0	1.0
development	antagonistic_two_part	1301	target	rank1_shrink05	1	0.8298101580888738	0.9111111111111112	0.0	1	0.5	0.019390476032565718	0.23476190081414294	0.0	0.0	1.0
development	antagonistic_two_part	1301	reference	rank1_shrink05	1	0.5979191610788949	0.8222222222222223	0.0	1	0.5	0.019390476032565718	0.23476190081414294	0.0	0.0	1.0
development	antagonistic_two_part	1301	target	rank1_shrink10	2	0.8298101580888738	0.9111111111111112	0.0	1	1.0	0.025853968043421105	0.39634920108552757	0.0	0.0	1.0
development	antagonistic_two_part	1301	reference	rank1_shrink10	2	0.5979191610788949	0.8222222222222223	0.0	1	1.0	0.025853968043421105	0.39634920108552757	0.0	0.0	1.0
development	antagonistic_two_part	1301	target	rank2_shrink05	3	0.8298101580888738	0.9111111111111112	0.0	2	0.5	0.020057009399051084	0.2514252349762771	0.0	0.0	1.0
development	antagonistic_two_part	1301	reference	rank2_shrink05	3	0.5979191610788949	0.8222222222222223	0.0	2	0.5	0.020057009399051084	0.2514252349762771	0.0	0.0	1.0
development	antagonistic_two_part	1301	target	rank2_shrink10	4	0.8298101580888738	0.9111111111111112	0.0	2	1.0	0.026742679198734742	0.4185669799683685	0.0	0.0	1.0
development	antagonistic_two_part	1301	reference	rank2_shrink10	4	0.5979191610788949	0.8222222222222223	0.0	2	1.0	0.026742679198734742	0.4185669799683685	0.0	0.0	1.0
development	antagonistic_two_part	1301	target	rank3_shrink05	5	0.8298101580888738	0.9111111111111112	0.0	3	0.5	0.02019544882734836	0.25488622068370903	0.0	0.0	1.0
development	antagonistic_two_part	1301	reference	rank3_shrink05	5	0.5979191610788949	0.8222222222222223	0.0	3	0.5	0.02019544882734836	0.25488622068370903	0.0	0.0	1.0
development	antagonistic_two_part	1301	target	rank3_shrink10	6	0.8298101580888738	0.9111111111111112	0.0	3	1.0	0.026927265103131814	0.4231816275782953	0.0	0.0	1.0
development	antagonistic_two_part	1301	reference	rank3_shrink10	6	0.5979191610788949	0.8222222222222223	0.0	3	1.0	0.026927265103131814	0.4231816275782953	0.0	0.0	1.0
development	antagonistic_two_part	1302	target	raw_rc6_reference	0	0.7842519533310532	0.9183673469387754	0.0	0	0.0	0.0	0.0	0.0	0.0	1.0
development	antagonistic_two_part	1302	reference	raw_rc6_reference	0	0.6939265967508164	0.8727272727272727	0.0	0	0.0	0.0	0.0	0.0	0.0	1.0
development	antagonistic_two_part	1302	target	rank1_shrink05	1	0.7842519533310532	0.9183673469387754	0.0	1	0.5	0.03024554115083966	0.5061385287709914	0.0	0.0	1.0
development	antagonistic_two_part	1302	reference	rank1_shrink05	1	0.6939265967508164	0.8727272727272727	0.0	1	0.5	0.03024554115083966	0.5061385287709914	0.0	0.0	1.0
development	antagonistic_two_part	1302	target	rank1_shrink10	2	0.7842519533310532	0.9183673469387754	0.0	1	1.0	0.04032738820111992	0.7581847050279978	0.0	0.0	1.0
development	antagonistic_two_part	1302	reference	rank1_shrink10	2	0.6939265967508164	0.8727272727272727	0.0	1	1.0	0.04032738820111992	0.7581847050279978	0.0	0.0	1.0
development	antagonistic_two_part	1302	target	rank2_shrink05	3	0.7842519533310532	0.9183673469387754	0.0	2	0.5	0.030897277556258484	0.522431938906462	0.0	0.0	1.0
development	antagonistic_two_part	1302	reference	rank2_shrink05	3	0.6939265967508164	0.8727272727272727	0.0	2	0.5	0.030897277556258484	0.522431938906462	0.0	0.0	1.0
development	antagonistic_two_part	1302	target	rank2_shrink10	4	0.7842519533310532	0.9183673469387754	0.0	2	1.0	0.04119637007501131	0.7799092518752827	0.0	0.0	1.0
development	antagonistic_two_part	1302	reference	rank2_shrink10	4	0.6939265967508164	0.8727272727272727	0.0	2	1.0	0.04119637007501131	0.7799092518752827	0.0	0.0	1.0
development	antagonistic_two_part	1302	target	rank3_shrink05	5	0.7842519533310532	0.9183673469387754	0.0	3	0.5	0.030975201818532083	0.524380045463302	0.0	0.0	1.0
development	antagonistic_two_part	1302	reference	rank3_shrink05	5	0.6939265967508164	0.8727272727272727	0.0	3	0.5	0.030975201818532083	0.524380045463302	0.0	0.0	1.0
development	antagonistic_two_part	1302	target	rank3_shrink10	6	0.7842519533310532	0.9183673469387754	0.0	3	1.0	0.04130026909137663	0.7825067272844156	0.0	0.0	1.0
development	antagonistic_two_part	1302	reference	rank3_shrink10	6	0.6939265967508164	0.8727272727272727	0.0	3	1.0	0.04130026909137663	0.7825067272844156	0.0	0.0	1.0
development	antagonistic_two_part	1303	target	raw_rc6_reference	0	0.8053389432342277	0.9	0.0	0	0.0	0.0	0.0	0.0	0.0	1.0
development	antagonistic_two_part	1303	reference	raw_rc6_reference	0	0.7894738508702126	0.9666666666666667	0.0	0	0.0	0.0	0.0	0.0	0.0	1.0
development	antagonistic_two_part	1303	target	rank1_shrink05	1	0.8053389432342277	0.9	0.0	1	0.5	0.016618604340420506	0.16546510851051266	0.0	0.0	1.0
development	antagonistic_two_part	1303	reference	rank1_shrink05	1	0.7894738508702126	0.9666666666666667	0.0	1	0.5	0.016618604340420506	0.16546510851051266	0.0	0.0	1.0
development	antagonistic_two_part	1303	target	rank1_shrink10	2	0.8053389432342277	0.9	0.0	1	1.0	0.02215813912056086	0.3039534780140215	0.0	0.0	1.0
development	antagonistic_two_part	1303	reference	rank1_shrink10	2	0.7894738508702126	0.9666666666666667	0.0	1	1.0	0.02215813912056086	0.3039534780140215	0.0	0.0	1.0
development	antagonistic_two_part	1303	target	rank2_shrink05	3	0.8053389432342277	0.9	0.0	2	0.5	0.01859761903811752	0.21494047595293797	0.0	0.0	1.0
development	antagonistic_two_part	1303	reference	rank2_shrink05	3	0.7894738508702126	0.9666666666666667	0.0	2	0.5	0.01859761903811752	0.21494047595293797	0.0	0.0	1.0
development	antagonistic_two_part	1303	target	rank2_shrink10	4	0.8053389432342277	0.9	0.0	2	1.0	0.02479682538415695	0.36992063460392377	0.0	0.0	1.0
development	antagonistic_two_part	1303	reference	rank2_shrink10	4	0.7894738508702126	0.9666666666666667	0.0	2	1.0	0.02479682538415695	0.36992063460392377	0.0	0.0	1.0
development	antagonistic_two_part	1303	target	rank3_shrink05	5	0.8053389432342277	0.9	0.0	3	0.5	0.018981425576636513	0.2245356394159128	0.0	0.0	1.0
development	antagonistic_two_part	1303	reference	rank3_shrink05	5	0.7894738508702126	0.9666666666666667	0.0	3	0.5	0.018981425576636513	0.2245356394159128	0.0	0.0	1.0
development	antagonistic_two_part	1303	target	rank3_shrink10	6	0.8053389432342277	0.9	0.0	3	1.0	0.02530856743551535	0.38271418588788375	0.0	0.0	1.0
development	antagonistic_two_part	1303	reference	rank3_shrink10	6	0.7894738508702126	0.9666666666666667	0.0	3	1.0	0.02530856743551535	0.38271418588788375	0.0	0.0	1.0
development	antagonistic_two_part	1304	target	raw_rc6_reference	0	0.7688163866663276	0.9777777777777779	0.0	0	0.0	0.0	0.0	0.0	0.0	1.0
development	antagonistic_two_part	1304	reference	raw_rc6_reference	0	0.8111801060518457	0.8777777777777778	0.0	0	0.0	0.0	0.0	0.0	0.0	1.0
development	antagonistic_two_part	1304	target	rank1_shrink05	1	0.7688163866663276	0.9777777777777779	0.0	1	0.5	0.014575930319201236	0.11439825798003088	0.0	0.0	1.0
development	antagonistic_two_part	1304	reference	rank1_shrink05	1	0.8111801060518457	0.8777777777777778	0.0	1	0.5	0.014575930319201236	0.11439825798003088	0.0	0.0	1.0
development	antagonistic_two_part	1304	target	rank1_shrink10	2	0.7688163866663276	0.9777777777777779	0.0	1	1.0	0.01943457375893476	0.23586434397336897	0.0	0.0	1.0
development	antagonistic_two_part	1304	reference	rank1_shrink10	2	0.8111801060518457	0.8777777777777778	0.0	1	1.0	0.01943457375893476	0.23586434397336897	0.0	0.0	1.0
development	antagonistic_two_part	1304	target	rank2_shrink05	3	0.7688163866663276	0.9777777777777779	0.0	2	0.5	0.015006155265638532	0.1251538816409633	0.0	0.0	1.0
development	antagonistic_two_part	1304	reference	rank2_shrink05	3	0.8111801060518457	0.8777777777777778	0.0	2	0.5	0.015006155265638532	0.1251538816409633	0.0	0.0	1.0
development	antagonistic_two_part	1304	target	rank2_shrink10	4	0.7688163866663276	0.9777777777777779	0.0	2	1.0	0.02000820702085171	0.25020517552129273	0.0	0.0	1.0
development	antagonistic_two_part	1304	reference	rank2_shrink10	4	0.8111801060518457	0.8777777777777778	0.0	2	1.0	0.02000820702085171	0.25020517552129273	0.0	0.0	1.0
development	antagonistic_two_part	1304	target	rank3_shrink05	5	0.7688163866663276	0.9777777777777779	0.0	3	0.5	0.015252989738515854	0.13132474346289635	0.0	0.0	1.0
development	antagonistic_two_part	1304	reference	rank3_shrink05	5	0.8111801060518457	0.8777777777777778	0.0	3	0.5	0.015252989738515854	0.13132474346289635	0.0	0.0	1.0
development	antagonistic_two_part	1304	target	rank3_shrink10	6	0.7688163866663276	0.9777777777777779	0.0	3	1.0	0.020337319651354213	0.25843299128385533	0.0	0.0	1.0
development	antagonistic_two_part	1304	reference	rank3_shrink10	6	0.8111801060518457	0.8777777777777778	0.0	3	1.0	0.020337319651354213	0.25843299128385533	0.0	0.0	1.0
development	antagonistic_two_part	1305	target	raw_rc6_reference	0	0.6529043324606957	0.888888888888889	0.0	0	0.0	0.0	0.0	0.0	0.0	1.0
development	antagonistic_two_part	1305	reference	raw_rc6_reference	0	0.9402597402597404	0.9555555555555556	0.0	0	0.0	0.0	0.0	0.0	0.0	1.0
development	antagonistic_two_part	1305	target	rank1_shrink05	1	0.6529043324606957	0.888888888888889	0.0	1	0.5	0.016418921357995497	0.16047303394988743	0.0	0.0	1.0
development	antagonistic_two_part	1305	reference	rank1_shrink05	1	0.9402597402597404	0.9555555555555556	0.0	1	0.5	0.016418921357995497	0.16047303394988743	0.0	0.0	1.0
development	antagonistic_two_part	1305	target	rank1_shrink10	2	0.6529043324606957	0.888888888888889	0.0	1	1.0	0.021891895143994033	0.29729737859985084	0.0	0.0	1.0
development	antagonistic_two_part	1305	reference	rank1_shrink10	2	0.9402597402597404	0.9555555555555556	0.0	1	1.0	0.021891895143994033	0.29729737859985084	0.0	0.0	1.0
development	antagonistic_two_part	1305	target	rank2_shrink05	3	0.6529043324606957	0.888888888888889	0.0	2	0.5	0.016577925694422735	0.16444814236056837	0.0	0.0	1.0
development	antagonistic_two_part	1305	reference	rank2_shrink05	3	0.9402597402597404	0.9555555555555556	0.0	2	0.5	0.016577925694422735	0.16444814236056837	0.0	0.0	1.0
development	antagonistic_two_part	1305	target	rank2_shrink10	4	0.6529043324606957	0.888888888888889	0.0	2	1.0	0.022103900925897202	0.30259752314743005	0.0	0.0	1.0
development	antagonistic_two_part	1305	reference	rank2_shrink10	4	0.9402597402597404	0.9555555555555556	0.0	2	1.0	0.022103900925897202	0.30259752314743005	0.0	0.0	1.0
development	antagonistic_two_part	1305	target	rank3_shrink05	5	0.6529043324606957	0.888888888888889	0.0	3	0.5	0.017759368015041743	0.19398420037604358	0.0	0.0	1.0
development	antagonistic_two_part	1305	reference	rank3_shrink05	5	0.9402597402597404	0.9555555555555556	0.0	3	0.5	0.017759368015041743	0.19398420037604358	0.0	0.0	1.0
development	antagonistic_two_part	1305	target	rank3_shrink10	6	0.6529043324606957	0.888888888888889	0.0	3	1.0	0.023679157353389213	0.3419789338347303	0.0	0.0	1.0
development	antagonistic_two_part	1305	reference	rank3_shrink10	6	0.9402597402597404	0.9555555555555556	0.0	3	1.0	0.023679157353389213	0.3419789338347303	0.0	0.0	1.0
development	antagonistic_two_part	1306	target	raw_rc6_reference	0	0.9073777468336349	1.0	0.0	0	0.0	0.0	0.0	0.0	0.0	1.0
development	antagonistic_two_part	1306	reference	raw_rc6_reference	0	0.795957943502702	0.8333333333333334	0.0	0	0.0	0.0	0.0	0.0	0.0	1.0
development	antagonistic_two_part	1306	target	rank1_shrink05	1	0.9073777468336349	1.0	0.0	1	0.5	0.026330903364737868	0.40827258411844664	0.0	0.0	1.0
development	antagonistic_two_part	1306	reference	rank1_shrink05	1	0.795957943502702	0.8333333333333334	0.0	1	0.5	0.026330903364737868	0.40827258411844664	0.0	0.0	1.0
development	antagonistic_two_part	1306	target	rank1_shrink10	2	0.9073777468336349	1.0	0.0	1	1.0	0.035107871152984194	0.6276967788246047	0.0	0.0	1.0
development	antagonistic_two_part	1306	reference	rank1_shrink10	2	0.795957943502702	0.8333333333333334	0.0	1	1.0	0.035107871152984194	0.6276967788246047	0.0	0.0	1.0
development	antagonistic_two_part	1306	target	rank2_shrink05	3	0.9073777468336349	1.0	0.0	2	0.5	0.026881033223191353	0.42202583057978377	0.0	0.0	1.0
development	antagonistic_two_part	1306	reference	rank2_shrink05	3	0.795957943502702	0.8333333333333334	0.0	2	0.5	0.026881033223191353	0.42202583057978377	0.0	0.0	1.0
development	antagonistic_two_part	1306	target	rank2_shrink10	4	0.9073777468336349	1.0	0.0	2	1.0	0.03584137763092199	0.6460344407730496	0.0	0.0	1.0
development	antagonistic_two_part	1306	reference	rank2_shrink10	4	0.795957943502702	0.8333333333333334	0.0	2	1.0	0.03584137763092199	0.6460344407730496	0.0	0.0	1.0
development	antagonistic_two_part	1306	target	rank3_shrink05	5	0.9073777468336349	1.0	0.0	3	0.5	0.02794757824956251	0.4486894562390627	0.0	0.0	1.0
development	antagonistic_two_part	1306	reference	rank3_shrink05	5	0.795957943502702	0.8333333333333334	0.0	3	0.5	0.02794757824956251	0.4486894562390627	0.0	0.0	1.0
development	antagonistic_two_part	1306	target	rank3_shrink10	6	0.9073777468336349	1.0	0.0	3	1.0	0.037263437666083754	0.6815859416520937	0.0	0.0	1.0
development	antagonistic_two_part	1306	reference	rank3_shrink10	6	0.795957943502702	0.8333333333333334	0.0	3	1.0	0.037263437666083754	0.6815859416520937	0.0	0.0	1.0
development	antagonistic_two_part	1307	target	raw_rc6_reference	0	0.27619852155359265		0.0	0	0.0	0.0	0.0	0.0	0.0	1.0
development	antagonistic_two_part	1307	reference	raw_rc6_reference	0	0.9496267106905019	0.9591836734693877	0.0	0	0.0	0.0	0.0	0.0	0.0	1.0
development	antagonistic_two_part	1307	target	rank1_shrink05	1	0.27619852155359265		0.0	1	0.5	0.02168401679777965	0.2921004199444912	0.0	0.0	1.0
development	antagonistic_two_part	1307	reference	rank1_shrink05	1	0.9496267106905019	0.9591836734693877	0.0	1	0.5	0.02168401679777965	0.2921004199444912	0.0	0.0	1.0
development	antagonistic_two_part	1307	target	rank1_shrink10	2	0.27619852155359265		0.0	1	1.0	0.028912022397039827	0.4728005599259956	0.0	0.0	1.0
development	antagonistic_two_part	1307	reference	rank1_shrink10	2	0.9496267106905019	0.9591836734693877	0.0	1	1.0	0.028912022397039827	0.4728005599259956	0.0	0.0	1.0
development	antagonistic_two_part	1307	target	rank2_shrink05	3	0.27619852155359265		0.0	2	0.5	0.02209448995085772	0.302362248771443	0.0	0.0	1.0
development	antagonistic_two_part	1307	reference	rank2_shrink05	3	0.9496267106905019	0.9591836734693877	0.0	2	0.5	0.02209448995085772	0.302362248771443	0.0	0.0	1.0
development	antagonistic_two_part	1307	target	rank2_shrink10	4	0.27619852155359265		0.0	2	1.0	0.029459319934477146	0.4864829983619286	0.0	0.0	1.0
development	antagonistic_two_part	1307	reference	rank2_shrink10	4	0.9496267106905019	0.9591836734693877	0.0	2	1.0	0.029459319934477146	0.4864829983619286	0.0	0.0	1.0
development	antagonistic_two_part	1307	target	rank3_shrink05	5	0.27619852155359265		0.0	3	0.5	0.02237208139270075	0.3093020348175187	0.0	0.0	1.0
development	antagonistic_two_part	1307	reference	rank3_shrink05	5	0.9496267106905019	0.9591836734693877	0.0	3	0.5	0.02237208139270075	0.3093020348175187	0.0	0.0	1.0
development	antagonistic_two_part	1307	target	rank3_shrink10	6	0.27619852155359265		0.0	3	1.0	0.029829441856934147	0.4957360464233536	0.0	0.0	1.0
development	antagonistic_two_part	1307	reference	rank3_shrink10	6	0.9496267106905019	0.9591836734693877	0.0	3	1.0	0.029829441856934147	0.4957360464233536	0.0	0.0	1.0
development	antagonistic_two_part	1308	target	raw_rc6_reference	0	0.8992854400036003	0.9888888888888889	0.0	0	0.0	0.0	0.0	0.0	0.0	1.0
development	antagonistic_two_part	1308	reference	raw_rc6_reference	0	0.5600001495194619	0.7222222222222222	0.0	0	0.0	0.0	0.0	0.0	0.0	1.0
development	antagonistic_two_part	1308	target	rank1_shrink05	1	0.8992854400036003	0.9888888888888889	0.0	1	0.5	0.03541906986428056	0.6354767466070139	0.0	0.0	1.0
development	antagonistic_two_part	1308	reference	rank1_shrink05	1	0.5600001495194619	0.7222222222222222	0.0	1	0.5	0.03541906986428056	0.6354767466070139	0.0	0.0	1.0
development	antagonistic_two_part	1308	target	rank1_shrink10	2	0.8992854400036003	0.9888888888888889	0.0	1	1.0	0.04722542648570793	0.9306356621426982	0.0	0.0	1.0
development	antagonistic_two_part	1308	reference	rank1_shrink10	2	0.5600001495194619	0.7222222222222222	0.0	1	1.0	0.04722542648570793	0.9306356621426982	0.0	0.0	1.0
development	antagonistic_two_part	1308	target	rank2_shrink05	3	0.8992854400036003	0.9888888888888889	0.0	2	0.5	0.03597035714537222	0.6492589286343055	0.0	0.0	1.0
development	antagonistic_two_part	1308	reference	rank2_shrink05	3	0.5600001495194619	0.7222222222222222	0.0	2	0.5	0.03597035714537222	0.6492589286343055	0.0	0.0	1.0
development	antagonistic_two_part	1308	target	rank2_shrink10	4	0.8992854400036003	0.9888888888888889	0.0	2	1.0	0.047960476193829815	0.9490119048457453	0.0	0.0	1.0
development	antagonistic_two_part	1308	reference	rank2_shrink10	4	0.5600001495194619	0.7222222222222222	0.0	2	1.0	0.047960476193829815	0.9490119048457453	0.0	0.0	1.0
development	antagonistic_two_part	1308	target	rank3_shrink05	5	0.8992854400036003	0.9888888888888889	0.0	3	0.5	0.036395047937088254	0.6598761984272062	0.0	0.0	1.0
development	antagonistic_two_part	1308	reference	rank3_shrink05	5	0.5600001495194619	0.7222222222222222	0.0	3	0.5	0.036395047937088254	0.6598761984272062	0.0	0.0	1.0
development	antagonistic_two_part	1308	target	rank3_shrink10	6	0.8992854400036003	0.9888888888888889	0.0	3	1.0	0.04852673058278456	0.9631682645696139	0.0	0.0	1.0
development	antagonistic_two_part	1308	reference	rank3_shrink10	6	0.5600001495194619	0.7222222222222222	0.0	3	1.0	0.04852673058278456	0.9631682645696139	0.0	0.0	1.0
development	antagonistic_two_part	1309	target	raw_rc6_reference	0	0.6803000440496078	0.8111111111111111	0.0	0	0.0	0.0	0.0	0.0	0.0	1.0
development	antagonistic_two_part	1309	reference	raw_rc6_reference	0	0.8833923086433377	0.9555555555555556	0.0	0	0.0	0.0	0.0	0.0	0.0	1.0
development	antagonistic_two_part	1309	target	rank1_shrink05	1	0.6803000440496078	0.8111111111111111	0.0	1	0.5	0.02212930321709372	0.303232580427343	0.0	0.0	1.0
development	antagonistic_two_part	1309	reference	rank1_shrink05	1	0.8833923086433377	0.9555555555555556	0.0	1	0.5	0.02212930321709372	0.303232580427343	0.0	0.0	1.0
development	antagonistic_two_part	1309	target	rank1_shrink10	2	0.6803000440496078	0.8111111111111111	0.0	1	1.0	0.02950573762279174	0.4876434405697934	0.0	0.0	1.0
development	antagonistic_two_part	1309	reference	rank1_shrink10	2	0.8833923086433377	0.9555555555555556	0.0	1	1.0	0.02950573762279174	0.4876434405697934	0.0	0.0	1.0
development	antagonistic_two_part	1309	target	rank2_shrink05	3	0.6803000440496078	0.8111111111111111	0.0	2	0.5	0.02294752884332585	0.3236882210831462	0.0	0.0	1.0
development	antagonistic_two_part	1309	reference	rank2_shrink05	3	0.8833923086433377	0.9555555555555556	0.0	2	0.5	0.02294752884332585	0.3236882210831462	0.0	0.0	1.0
development	antagonistic_two_part	1309	target	rank2_shrink10	4	0.6803000440496078	0.8111111111111111	0.0	2	1.0	0.030596705124434687	0.514917628110867	0.0	0.0	1.0
development	antagonistic_two_part	1309	reference	rank2_shrink10	4	0.8833923086433377	0.9555555555555556	0.0	2	1.0	0.030596705124434687	0.514917628110867	0.0	0.0	1.0
development	antagonistic_two_part	1309	target	rank3_shrink05	5	0.6803000440496078	0.8111111111111111	0.0	3	0.5	0.023360292282944894	0.33400730707362236	0.0	0.0	1.0
development	antagonistic_two_part	1309	reference	rank3_shrink05	5	0.8833923086433377	0.9555555555555556	0.0	3	0.5	0.023360292282944894	0.33400730707362236	0.0	0.0	1.0
development	antagonistic_two_part	1309	target	rank3_shrink10	6	0.6803000440496078	0.8111111111111111	0.0	3	1.0	0.031147056377260007	0.5286764094315001	0.0	0.0	1.0
development	antagonistic_two_part	1309	reference	rank3_shrink10	6	0.8833923086433377	0.9555555555555556	0.0	3	1.0	0.031147056377260007	0.5286764094315001	0.0	0.0	1.0
development	antagonistic_two_part	1310	target	raw_rc6_reference	0	0.7980498363481481	0.9222222222222223	0.0	0	0.0	0.0	0.0	0.0	0.0	1.0
development	antagonistic_two_part	1310	reference	raw_rc6_reference	0	0.7918145135233425	0.9666666666666668	0.0	0	0.0	0.0	0.0	0.0	0.0	1.0
development	antagonistic_two_part	1310	target	rank1_shrink05	1	0.7980498363481481	0.9222222222222223	0.0	1	0.5	0.022939326207123578	0.32348315517808945	0.0	0.0	1.0
development	antagonistic_two_part	1310	reference	rank1_shrink05	1	0.7918145135233425	0.9666666666666668	0.0	1	0.5	0.022939326207123578	0.32348315517808945	0.0	0.0	1.0
development	antagonistic_two_part	1310	target	rank1_shrink10	2	0.7980498363481481	0.9222222222222223	0.0	1	1.0	0.030585768276164993	0.5146442069041247	0.0	0.0	1.0
development	antagonistic_two_part	1310	reference	rank1_shrink10	2	0.7918145135233425	0.9666666666666668	0.0	1	1.0	0.030585768276164993	0.5146442069041247	0.0	0.0	1.0
development	antagonistic_two_part	1310	target	rank2_shrink05	3	0.7980498363481481	0.9222222222222223	0.0	2	0.5	0.023498386586846	0.33745966467114996	0.0	0.0	1.0
development	antagonistic_two_part	1310	reference	rank2_shrink05	3	0.7918145135233425	0.9666666666666668	0.0	2	0.5	0.023498386586846	0.33745966467114996	0.0	0.0	1.0
development	antagonistic_two_part	1310	target	rank2_shrink10	4	0.7980498363481481	0.9222222222222223	0.0	2	1.0	0.031331182115794776	0.5332795528948693	0.0	0.0	1.0
development	antagonistic_two_part	1310	reference	rank2_shrink10	4	0.7918145135233425	0.9666666666666668	0.0	2	1.0	0.031331182115794776	0.5332795528948693	0.0	0.0	1.0
development	antagonistic_two_part	1310	target	rank3_shrink05	5	0.7980498363481481	0.9222222222222223	0.0	3	0.5	0.023827744430789277	0.34569361076973193	0.0	0.0	1.0
development	antagonistic_two_part	1310	reference	rank3_shrink05	5	0.7918145135233425	0.9666666666666668	0.0	3	0.5	0.023827744430789277	0.34569361076973193	0.0	0.0	1.0
development	antagonistic_two_part	1310	target	rank3_shrink10	6	0.7980498363481481	0.9222222222222223	0.0	3	1.0	0.03177032590771933	0.5442581476929832	0.0	0.0	1.0
development	antagonistic_two_part	1310	reference	rank3_shrink10	6	0.7918145135233425	0.9666666666666668	0.0	3	1.0	0.03177032590771933	0.5442581476929832	0.0	0.0	1.0
development	antagonistic_two_part	1311	target	raw_rc6_reference	0	0.8570612938548446	0.8222222222222222	0.0	0	0.0	0.0	0.0	0.0	0.0	1.0
development	antagonistic_two_part	1311	reference	raw_rc6_reference	0	0.8504558556078394	1.0	0.0	0	0.0	0.0	0.0	0.0	0.0	1.0
development	antagonistic_two_part	1311	target	rank1_shrink05	1	0.8570612938548446	0.8222222222222222	0.0	1	0.5	0.021589839179374404	0.2897459794843601	0.0	0.0	1.0
development	antagonistic_two_part	1311	reference	rank1_shrink05	1	0.8504558556078394	1.0	0.0	1	0.5	0.021589839179374404	0.2897459794843601	0.0	0.0	1.0
development	antagonistic_two_part	1311	target	rank1_shrink10	2	0.8570612938548446	0.8222222222222222	0.0	1	1.0	0.02878645223916565	0.4696613059791412	0.0	0.0	1.0
development	antagonistic_two_part	1311	reference	rank1_shrink10	2	0.8504558556078394	1.0	0.0	1	1.0	0.02878645223916565	0.4696613059791412	0.0	0.0	1.0
development	antagonistic_two_part	1311	target	rank2_shrink05	3	0.8570612938548446	0.8222222222222222	0.0	2	0.5	0.021941390248070514	0.29853475620176284	0.0	0.0	1.0
development	antagonistic_two_part	1311	reference	rank2_shrink05	3	0.8504558556078394	1.0	0.0	2	0.5	0.021941390248070514	0.29853475620176284	0.0	0.0	1.0
development	antagonistic_two_part	1311	target	rank2_shrink10	4	0.8570612938548446	0.8222222222222222	0.0	2	1.0	0.02925518699742735	0.48137967493568373	0.0	0.0	1.0
development	antagonistic_two_part	1311	reference	rank2_shrink10	4	0.8504558556078394	1.0	0.0	2	1.0	0.02925518699742735	0.48137967493568373	0.0	0.0	1.0
development	antagonistic_two_part	1311	target	rank3_shrink05	5	0.8570612938548446	0.8222222222222222	0.0	3	0.5	0.022013162872213887	0.3003290718053472	0.0	0.0	1.0
development	antagonistic_two_part	1311	reference	rank3_shrink05	5	0.8504558556078394	1.0	0.0	3	0.5	0.022013162872213887	0.3003290718053472	0.0	0.0	1.0
development	antagonistic_two_part	1311	target	rank3_shrink10	6	0.8570612938548446	0.8222222222222222	0.0	3	1.0	0.02935088382961837	0.48377209574045915	0.0	0.0	1.0
development	antagonistic_two_part	1311	reference	rank3_shrink10	6	0.8504558556078394	1.0	0.0	3	1.0	0.02935088382961837	0.48377209574045915	0.0	0.0	1.0
development	antagonistic_two_part	1312	target	raw_rc6_reference	0	0.7951907083880878	1.0	0.0	0	0.0	0.0	0.0	0.0	0.0	1.0
development	antagonistic_two_part	1312	reference	raw_rc6_reference	0	0.6805954261734111	0.7666666666666667	0.0	0	0.0	0.0	0.0	0.0	0.0	1.0
development	antagonistic_two_part	1312	target	rank1_shrink05	1	0.7951907083880878	1.0	0.0	1	0.5	0.02676834262817296	0.4192085657043239	0.0	0.0	1.0
development	antagonistic_two_part	1312	reference	rank1_shrink05	1	0.6805954261734111	0.7666666666666667	0.0	1	0.5	0.02676834262817296	0.4192085657043239	0.0	0.0	1.0
development	antagonistic_two_part	1312	target	rank1_shrink10	2	0.7951907083880878	1.0	0.0	1	1.0	0.035691123504230315	0.6422780876057578	0.0	0.0	1.0
development	antagonistic_two_part	1312	reference	rank1_shrink10	2	0.6805954261734111	0.7666666666666667	0.0	1	1.0	0.035691123504230315	0.6422780876057578	0.0	0.0	1.0
development	antagonistic_two_part	1312	target	rank2_shrink05	3	0.7951907083880878	1.0	0.0	2	0.5	0.027236862349888535	0.43092155874721333	0.0	0.0	1.0
development	antagonistic_two_part	1312	reference	rank2_shrink05	3	0.6805954261734111	0.7666666666666667	0.0	2	0.5	0.027236862349888535	0.43092155874721333	0.0	0.0	1.0
development	antagonistic_two_part	1312	target	rank2_shrink10	4	0.7951907083880878	1.0	0.0	2	1.0	0.03631581646651849	0.6578954116629622	0.0	0.0	1.0
development	antagonistic_two_part	1312	reference	rank2_shrink10	4	0.6805954261734111	0.7666666666666667	0.0	2	1.0	0.03631581646651849	0.6578954116629622	0.0	0.0	1.0
development	antagonistic_two_part	1312	target	rank3_shrink05	5	0.7951907083880878	1.0	0.0	3	0.5	0.028625326716265387	0.4656331679066346	0.0	0.0	1.0
development	antagonistic_two_part	1312	reference	rank3_shrink05	5	0.6805954261734111	0.7666666666666667	0.0	3	0.5	0.028625326716265387	0.4656331679066346	0.0	0.0	1.0
development	antagonistic_two_part	1312	target	rank3_shrink10	6	0.7951907083880878	1.0	0.0	3	1.0	0.03816710228835429	0.7041775572088572	0.0	0.0	1.0
development	antagonistic_two_part	1312	reference	rank3_shrink10	6	0.6805954261734111	0.7666666666666667	0.0	3	1.0	0.03816710228835429	0.7041775572088572	0.0	0.0	1.0
development	global_null	1301	target	raw_rc6_reference	0			0.3333333333333333	0	0.0	0.0	0.0	0.0	0.01851851851851849	1.0
development	global_null	1301	reference	raw_rc6_reference	0			0.38095238095238093	0	0.0	0.0	0.0	0.0	0.01851851851851849	1.0
development	global_null	1301	target	rank1_shrink05	1			0.3333333333333333	1	0.5	0.0002810355820006549	0.0	0.0	0.01851851851851849	1.0
development	global_null	1301	reference	rank1_shrink05	1			0.38095238095238093	1	0.5	0.0002810355820006549	0.0	0.0	0.01851851851851849	1.0
development	global_null	1301	target	rank1_shrink10	2			0.3333333333333333	1	1.0	0.00037471410933453964	0.0	0.0	0.01851851851851849	1.0
development	global_null	1301	reference	rank1_shrink10	2			0.38095238095238093	1	1.0	0.00037471410933453964	0.0	0.0	0.01851851851851849	1.0
development	global_null	1301	target	rank2_shrink05	3			0.3333333333333333	2	0.5	0.0007416949963994224	0.0	0.0	0.01851851851851849	1.0
development	global_null	1301	reference	rank2_shrink05	3			0.38095238095238093	2	0.5	0.0007416949963994224	0.0	0.0	0.01851851851851849	1.0
development	global_null	1301	target	rank2_shrink10	4			0.3333333333333333	2	1.0	0.0009889266618658965	0.0	0.0	0.01851851851851849	1.0
development	global_null	1301	reference	rank2_shrink10	4			0.38095238095238093	2	1.0	0.0009889266618658965	0.0	0.0	0.01851851851851849	1.0
development	global_null	1301	target	rank3_shrink05	5			0.3333333333333333	3	0.5	0.0008335653155274736	0.0	0.0	0.01851851851851849	1.0
development	global_null	1301	reference	rank3_shrink05	5			0.38095238095238093	3	0.5	0.0008335653155274736	0.0	0.0	0.01851851851851849	1.0
development	global_null	1301	target	rank3_shrink10	6			0.3333333333333333	3	1.0	0.0011114204207034462	0.0	0.0	0.01851851851851849	1.0
development	global_null	1301	reference	rank3_shrink10	6			0.38095238095238093	3	1.0	0.0011114204207034462	0.0	0.0	0.01851851851851849	1.0
development	global_null	1302	target	raw_rc6_reference	0			0.14285714285714285	0	0.0	0.0	0.0	0.04814814814814827	0.006726457399103158	1.0
development	global_null	1302	reference	raw_rc6_reference	0			0.14285714285714285	0	0.0	0.0	0.0	0.04814814814814827	0.006726457399103158	1.0
development	global_null	1302	target	rank1_shrink05	1			0.14285714285714285	1	0.5	0.0003246471454692035	0.0	0.04814814814814827	0.006726457399103158	1.0
development	global_null	1302	reference	rank1_shrink05	1			0.14285714285714285	1	0.5	0.0003246471454692035	0.0	0.04814814814814827	0.006726457399103158	1.0
development	global_null	1302	target	rank1_shrink10	2			0.14285714285714285	1	1.0	0.00043286286062571566	0.0	0.04814814814814827	0.006726457399103158	1.0
development	global_null	1302	reference	rank1_shrink10	2			0.14285714285714285	1	1.0	0.00043286286062571566	0.0	0.04814814814814827	0.006726457399103158	1.0
development	global_null	1302	target	rank2_shrink05	3			0.14285714285714285	2	0.5	0.0014820897604329586	0.0	0.04814814814814827	0.006726457399103158	1.0
development	global_null	1302	reference	rank2_shrink05	3			0.14285714285714285	2	0.5	0.0014820897604329586	0.0	0.04814814814814827	0.006726457399103158	1.0
development	global_null	1302	target	rank2_shrink10	4			0.14285714285714285	2	1.0	0.001976119680577648	0.0	0.04814814814814827	0.006726457399103158	1.0
development	global_null	1302	reference	rank2_shrink10	4			0.14285714285714285	2	1.0	0.001976119680577648	0.0	0.04814814814814827	0.006726457399103158	1.0
development	global_null	1302	target	rank3_shrink05	5			0.14285714285714285	3	0.5	0.0018365407771332443	0.0	0.04814814814814827	0.006726457399103158	1.0
development	global_null	1302	reference	rank3_shrink05	5			0.14285714285714285	3	0.5	0.0018365407771332443	0.0	0.04814814814814827	0.006726457399103158	1.0
development	global_null	1302	target	rank3_shrink10	6			0.14285714285714285	3	1.0	0.002448721036177881	0.0	0.04814814814814827	0.006726457399103158	1.0
development	global_null	1302	reference	rank3_shrink10	6			0.14285714285714285	3	1.0	0.002448721036177881	0.0	0.04814814814814827	0.006726457399103158	1.0
development	global_null	1303	target	raw_rc6_reference	0			0.0	0	0.0	0.0	0.0	0.02592592592592613	0.016129032258064502	1.0
development	global_null	1303	reference	raw_rc6_reference	0			0.14285714285714285	0	0.0	0.0	0.0	0.02592592592592613	0.016129032258064502	1.0
development	global_null	1303	target	rank1_shrink05	1			0.0	1	0.5	0.0010334379773176972	0.0	0.02592592592592613	0.016129032258064502	1.0
development	global_null	1303	reference	rank1_shrink05	1			0.14285714285714285	1	0.5	0.0010334379773176972	0.0	0.02592592592592613	0.016129032258064502	1.0
development	global_null	1303	target	rank1_shrink10	2			0.0	1	1.0	0.0013779173030903369	0.0	0.02592592592592613	0.016129032258064502	1.0
development	global_null	1303	reference	rank1_shrink10	2			0.14285714285714285	1	1.0	0.0013779173030903369	0.0	0.02592592592592613	0.016129032258064502	1.0
development	global_null	1303	target	rank2_shrink05	3			0.0	2	0.5	0.001615327956633994	0.0	0.02592592592592613	0.016129032258064502	1.0
development	global_null	1303	reference	rank2_shrink05	3			0.14285714285714285	2	0.5	0.001615327956633994	0.0	0.02592592592592613	0.016129032258064502	1.0
development	global_null	1303	target	rank2_shrink10	4			0.0	2	1.0	0.0021537706088453623	0.0	0.02592592592592613	0.016129032258064502	1.0
development	global_null	1303	reference	rank2_shrink10	4			0.14285714285714285	2	1.0	0.0021537706088453623	0.0	0.02592592592592613	0.016129032258064502	1.0
development	global_null	1303	target	rank3_shrink05	5			0.0	3	0.5	0.0016292795913798175	0.0	0.02592592592592613	0.016129032258064502	1.0
development	global_null	1303	reference	rank3_shrink05	5			0.14285714285714285	3	0.5	0.0016292795913798175	0.0	0.02592592592592613	0.016129032258064502	1.0
development	global_null	1303	target	rank3_shrink10	6			0.0	3	1.0	0.0021723727885071265	0.0	0.02592592592592613	0.016129032258064502	1.0
development	global_null	1303	reference	rank3_shrink10	6			0.14285714285714285	3	1.0	0.0021723727885071265	0.0	0.02592592592592613	0.016129032258064502	1.0
development	global_null	1304	target	raw_rc6_reference	0			0.23809523809523808	0	0.0	0.0	0.0	0.0	0.013589503280224902	1.0
development	global_null	1304	reference	raw_rc6_reference	0			0.23809523809523808	0	0.0	0.0	0.0	0.0	0.013589503280224902	1.0
development	global_null	1304	target	rank1_shrink05	1			0.23809523809523808	1	0.5	0.0002516312628507711	0.0	0.0	0.013589503280224902	1.0
development	global_null	1304	reference	rank1_shrink05	1			0.23809523809523808	1	0.5	0.0002516312628507711	0.0	0.0	0.013589503280224902	1.0
development	global_null	1304	target	rank1_shrink10	2			0.23809523809523808	1	1.0	0.00033550835046791683	0.0	0.0	0.013589503280224902	1.0
development	global_null	1304	reference	rank1_shrink10	2			0.23809523809523808	1	1.0	0.00033550835046791683	0.0	0.0	0.013589503280224902	1.0
development	global_null	1304	target	rank2_shrink05	3			0.23809523809523808	2	0.5	0.0009010490533170046	0.0	0.0	0.013589503280224902	1.0
development	global_null	1304	reference	rank2_shrink05	3			0.23809523809523808	2	0.5	0.0009010490533170046	0.0	0.0	0.013589503280224902	1.0
development	global_null	1304	target	rank2_shrink10	4			0.23809523809523808	2	1.0	0.0012013987377561541	0.0	0.0	0.013589503280224902	1.0
development	global_null	1304	reference	rank2_shrink10	4			0.23809523809523808	2	1.0	0.0012013987377561541	0.0	0.0	0.013589503280224902	1.0
development	global_null	1304	target	rank3_shrink05	5			0.23809523809523808	3	0.5	0.001357962232539256	0.0	0.0	0.013589503280224902	1.0
development	global_null	1304	reference	rank3_shrink05	5			0.23809523809523808	3	0.5	0.001357962232539256	0.0	0.0	0.013589503280224902	1.0
development	global_null	1304	target	rank3_shrink10	6			0.23809523809523808	3	1.0	0.0018106163100524153	0.0	0.0	0.013589503280224902	1.0
development	global_null	1304	reference	rank3_shrink10	6			0.23809523809523808	3	1.0	0.0018106163100524153	0.0	0.0	0.013589503280224902	1.0
development	global_null	1305	target	raw_rc6_reference	0			0.0	0	0.0	0.0	0.0	0.005555555555555536	0.03315649867374004	1.0
development	global_null	1305	reference	raw_rc6_reference	0			0.14285714285714285	0	0.0	0.0	0.0	0.005555555555555536	0.03315649867374004	1.0
development	global_null	1305	target	rank1_shrink05	1			0.0	1	0.5	0.00012813845075654307	0.0	0.005555555555555536	0.03315649867374004	1.0
development	global_null	1305	reference	rank1_shrink05	1			0.14285714285714285	1	0.5	0.00012813845075654307	0.0	0.005555555555555536	0.03315649867374004	1.0
development	global_null	1305	target	rank1_shrink10	2			0.0	1	1.0	0.0001708512676755758	0.0	0.005555555555555536	0.03315649867374004	1.0
development	global_null	1305	reference	rank1_shrink10	2			0.14285714285714285	1	1.0	0.0001708512676755758	0.0	0.005555555555555536	0.03315649867374004	1.0
development	global_null	1305	target	rank2_shrink05	3			0.0	2	0.5	0.00047921164979980446	0.0	0.005555555555555536	0.03315649867374004	1.0
development	global_null	1305	reference	rank2_shrink05	3			0.14285714285714285	2	0.5	0.00047921164979980446	0.0	0.005555555555555536	0.03315649867374004	1.0
development	global_null	1305	target	rank2_shrink10	4			0.0	2	1.0	0.0006389488663998133	0.0	0.005555555555555536	0.03315649867374004	1.0
development	global_null	1305	reference	rank2_shrink10	4			0.14285714285714285	2	1.0	0.0006389488663998133	0.0	0.005555555555555536	0.03315649867374004	1.0
development	global_null	1305	target	rank3_shrink05	5			0.0	3	0.5	0.0009035026422641312	0.0	0.005555555555555536	0.03315649867374004	1.0
development	global_null	1305	reference	rank3_shrink05	5			0.14285714285714285	3	0.5	0.0009035026422641312	0.0	0.005555555555555536	0.03315649867374004	1.0
development	global_null	1305	target	rank3_shrink10	6			0.0	3	1.0	0.0012046701896855083	0.0	0.005555555555555536	0.03315649867374004	1.0
development	global_null	1305	reference	rank3_shrink10	6			0.14285714285714285	3	1.0	0.0012046701896855083	0.0	0.005555555555555536	0.03315649867374004	1.0
development	global_null	1306	target	raw_rc6_reference	0			0.9523809523809523	0	0.0	0.0	0.0	0.0	0.0	1.0
development	global_null	1306	reference	raw_rc6_reference	0			0.9523809523809523	0	0.0	0.0	0.0	0.0	0.0	1.0
development	global_null	1306	target	rank1_shrink05	1			0.9523809523809523	1	0.5	0.0003525328685550777	0.0	0.0	0.0	1.0
development	global_null	1306	reference	rank1_shrink05	1			0.9523809523809523	1	0.5	0.0003525328685550777	0.0	0.0	0.0	1.0
development	global_null	1306	target	rank1_shrink10	2			0.9523809523809523	1	1.0	0.0004700438247405847	0.0	0.0	0.0	1.0
development	global_null	1306	reference	rank1_shrink10	2			0.9523809523809523	1	1.0	0.0004700438247405847	0.0	0.0	0.0	1.0
development	global_null	1306	target	rank2_shrink05	3			0.9523809523809523	2	0.5	0.0007373931678267276	0.0	0.0	0.0	1.0
development	global_null	1306	reference	rank2_shrink05	3			0.9523809523809523	2	0.5	0.0007373931678267276	0.0	0.0	0.0	1.0
development	global_null	1306	target	rank2_shrink10	4			0.9523809523809523	2	1.0	0.0009831908904357478	0.0	0.0	0.0	1.0
development	global_null	1306	reference	rank2_shrink10	4			0.9523809523809523	2	1.0	0.0009831908904357478	0.0	0.0	0.0	1.0
development	global_null	1306	target	rank3_shrink05	5			0.9523809523809523	3	0.5	0.0015421650054207037	0.0	0.0	0.0	1.0
development	global_null	1306	reference	rank3_shrink05	5			0.9523809523809523	3	0.5	0.0015421650054207037	0.0	0.0	0.0	1.0
development	global_null	1306	target	rank3_shrink10	6			0.9523809523809523	3	1.0	0.002056220007227827	0.0	0.0	0.0	1.0
development	global_null	1306	reference	rank3_shrink10	6			0.9523809523809523	3	1.0	0.002056220007227827	0.0	0.0	0.0	1.0
development	global_null	1307	target	raw_rc6_reference	0			0.14285714285714285	0	0.0	0.0	0.0	0.031481481481481666	0.012077294685990392	1.0
development	global_null	1307	reference	raw_rc6_reference	0			0.19047619047619047	0	0.0	0.0	0.0	0.031481481481481666	0.012077294685990392	1.0
development	global_null	1307	target	rank1_shrink05	1			0.14285714285714285	1	0.5	0.00028466113919156655	0.0	0.031481481481481666	0.012077294685990392	1.0
development	global_null	1307	reference	rank1_shrink05	1			0.19047619047619047	1	0.5	0.00028466113919156655	0.0	0.031481481481481666	0.012077294685990392	1.0
development	global_null	1307	target	rank1_shrink10	2			0.14285714285714285	1	1.0	0.00037954818558894043	0.0	0.031481481481481666	0.012077294685990392	1.0
development	global_null	1307	reference	rank1_shrink10	2			0.19047619047619047	1	1.0	0.00037954818558894043	0.0	0.031481481481481666	0.012077294685990392	1.0
development	global_null	1307	target	rank2_shrink05	3			0.14285714285714285	2	0.5	0.0007454714194371492	0.0	0.031481481481481666	0.012077294685990392	1.0
development	global_null	1307	reference	rank2_shrink05	3			0.19047619047619047	2	0.5	0.0007454714194371492	0.0	0.031481481481481666	0.012077294685990392	1.0
development	global_null	1307	target	rank2_shrink10	4			0.14285714285714285	2	1.0	0.0009939618925831617	0.0	0.031481481481481666	0.012077294685990392	1.0
development	global_null	1307	reference	rank2_shrink10	4			0.19047619047619047	2	1.0	0.0009939618925831617	0.0	0.031481481481481666	0.012077294685990392	1.0
development	global_null	1307	target	rank3_shrink05	5			0.14285714285714285	3	0.5	0.0011508847729783112	0.0	0.031481481481481666	0.012077294685990392	1.0
development	global_null	1307	reference	rank3_shrink05	5			0.19047619047619047	3	0.5	0.0011508847729783112	0.0	0.031481481481481666	0.012077294685990392	1.0
development	global_null	1307	target	rank3_shrink10	6			0.14285714285714285	3	1.0	0.0015345130306380073	0.0	0.031481481481481666	0.012077294685990392	1.0
development	global_null	1307	reference	rank3_shrink10	6			0.19047619047619047	3	1.0	0.0015345130306380073	0.0	0.031481481481481666	0.012077294685990392	1.0
development	global_null	1308	target	raw_rc6_reference	0			0.9047619047619048	0	0.0	0.0	0.0	0.0	0.0	1.0
development	global_null	1308	reference	raw_rc6_reference	0			0.9523809523809523	0	0.0	0.0	0.0	0.0	0.0	1.0
development	global_null	1308	target	rank1_shrink05	1			0.9047619047619048	1	0.5	7.855692072411546e-05	0.0	0.0	0.0	1.0
development	global_null	1308	reference	rank1_shrink05	1			0.9523809523809523	1	0.5	7.855692072411546e-05	0.0	0.0	0.0	1.0
development	global_null	1308	target	rank1_shrink10	2			0.9047619047619048	1	1.0	0.00010474256096559831	0.0	0.0	0.0	1.0
development	global_null	1308	reference	rank1_shrink10	2			0.9523809523809523	1	1.0	0.00010474256096559831	0.0	0.0	0.0	1.0
development	global_null	1308	target	rank2_shrink05	3			0.9047619047619048	2	0.5	0.0010371656108418836	0.0	0.0	0.0	1.0
development	global_null	1308	reference	rank2_shrink05	3			0.9523809523809523	2	0.5	0.0010371656108418836	0.0	0.0	0.0	1.0
development	global_null	1308	target	rank2_shrink10	4			0.9047619047619048	2	1.0	0.0013828874811225855	0.0	0.0	0.0	1.0
development	global_null	1308	reference	rank2_shrink10	4			0.9523809523809523	2	1.0	0.0013828874811225855	0.0	0.0	0.0	1.0
development	global_null	1308	target	rank3_shrink05	5			0.9047619047619048	3	0.5	0.0010541928710795512	0.0	0.0	0.0	1.0
development	global_null	1308	reference	rank3_shrink05	5			0.9523809523809523	3	0.5	0.0010541928710795512	0.0	0.0	0.0	1.0
development	global_null	1308	target	rank3_shrink10	6			0.9047619047619048	3	1.0	0.001405590494773068	0.0	0.0	0.0	1.0
development	global_null	1308	reference	rank3_shrink10	6			0.9523809523809523	3	1.0	0.001405590494773068	0.0	0.0	0.0	1.0
development	global_null	1309	target	raw_rc6_reference	0			0.9047619047619048	0	0.0	0.0	0.0	0.0	0.0	1.0
development	global_null	1309	reference	raw_rc6_reference	0			0.9523809523809523	0	0.0	0.0	0.0	0.0	0.0	1.0
development	global_null	1309	target	rank1_shrink05	1			0.9047619047619048	1	0.5	0.00025703924927089616	0.0	0.0	0.0	1.0
development	global_null	1309	reference	rank1_shrink05	1			0.9523809523809523	1	0.5	0.00025703924927089616	0.0	0.0	0.0	1.0
development	global_null	1309	target	rank1_shrink10	2			0.9047619047619048	1	1.0	0.00034271899902826863	0.0	0.0	0.0	1.0
development	global_null	1309	reference	rank1_shrink10	2			0.9523809523809523	1	1.0	0.00034271899902826863	0.0	0.0	0.0	1.0
development	global_null	1309	target	rank2_shrink05	3			0.9047619047619048	2	0.5	0.00027250985587889964	0.0	0.0	0.0	1.0
development	global_null	1309	reference	rank2_shrink05	3			0.9523809523809523	2	0.5	0.00027250985587889964	0.0	0.0	0.0	1.0
development	global_null	1309	target	rank2_shrink10	4			0.9047619047619048	2	1.0	0.00036334647450542157	0.0	0.0	0.0	1.0
development	global_null	1309	reference	rank2_shrink10	4			0.9523809523809523	2	1.0	0.00036334647450542157	0.0	0.0	0.0	1.0
development	global_null	1309	target	rank3_shrink05	5			0.9047619047619048	3	0.5	0.0007565191955486439	0.0	0.0	0.0	1.0
development	global_null	1309	reference	rank3_shrink05	5			0.9523809523809523	3	0.5	0.0007565191955486439	0.0	0.0	0.0	1.0
development	global_null	1309	target	rank3_shrink10	6			0.9047619047619048	3	1.0	0.0010086922607314142	0.0	0.0	0.0	1.0
development	global_null	1309	reference	rank3_shrink10	6			0.9523809523809523	3	1.0	0.0010086922607314142	0.0	0.0	0.0	1.0
development	global_null	1310	target	raw_rc6_reference	0			0.0	0	0.0	0.0	0.0	0.0	0.0	1.0
development	global_null	1310	reference	raw_rc6_reference	0			0.14285714285714285	0	0.0	0.0	0.0	0.0	0.0	1.0
development	global_null	1310	target	rank1_shrink05	1			0.0	1	0.5	0.00017079341152292926	0.0	0.0	0.0	1.0
development	global_null	1310	reference	rank1_shrink05	1			0.14285714285714285	1	0.5	0.00017079341152292926	0.0	0.0	0.0	1.0
development	global_null	1310	target	rank1_shrink10	2			0.0	1	1.0	0.000227724548697128	0.0	0.0	0.0	1.0
development	global_null	1310	reference	rank1_shrink10	2			0.14285714285714285	1	1.0	0.000227724548697128	0.0	0.0	0.0	1.0
development	global_null	1310	target	rank2_shrink05	3			0.0	2	0.5	0.0007731397688875985	0.0	0.0	0.0	1.0
development	global_null	1310	reference	rank2_shrink05	3			0.14285714285714285	2	0.5	0.0007731397688875985	0.0	0.0	0.0	1.0
development	global_null	1310	target	rank2_shrink10	4			0.0	2	1.0	0.0010308530251834647	0.0	0.0	0.0	1.0
development	global_null	1310	reference	rank2_shrink10	4			0.14285714285714285	2	1.0	0.0010308530251834647	0.0	0.0	0.0	1.0
development	global_null	1310	target	rank3_shrink05	5			0.0	3	0.5	0.0008549869695395618	0.0	0.0	0.0	1.0
development	global_null	1310	reference	rank3_shrink05	5			0.14285714285714285	3	0.5	0.0008549869695395618	0.0	0.0	0.0	1.0
development	global_null	1310	target	rank3_shrink10	6			0.0	3	1.0	0.001139982626052749	0.0	0.0	0.0	1.0
development	global_null	1310	reference	rank3_shrink10	6			0.14285714285714285	3	1.0	0.001139982626052749	0.0	0.0	0.0	1.0
development	global_null	1311	target	raw_rc6_reference	0			0.14285714285714285	0	0.0	0.0	0.0	0.0	0.0052631578947368585	1.0
development	global_null	1311	reference	raw_rc6_reference	0			0.09523809523809523	0	0.0	0.0	0.0	0.0	0.0052631578947368585	1.0
development	global_null	1311	target	rank1_shrink05	1			0.14285714285714285	1	0.5	0.00010906269557253712	0.0	0.0	0.0052631578947368585	1.0
development	global_null	1311	reference	rank1_shrink05	1			0.09523809523809523	1	0.5	0.00010906269557253712	0.0	0.0	0.0052631578947368585	1.0
development	global_null	1311	target	rank1_shrink10	2			0.14285714285714285	1	1.0	0.00014541692742986445	0.0	0.0	0.0052631578947368585	1.0
development	global_null	1311	reference	rank1_shrink10	2			0.09523809523809523	1	1.0	0.00014541692742986445	0.0	0.0	0.0052631578947368585	1.0
development	global_null	1311	target	rank2_shrink05	3			0.14285714285714285	2	0.5	0.0006244210474157796	0.0	0.0	0.0052631578947368585	1.0
development	global_null	1311	reference	rank2_shrink05	3			0.09523809523809523	2	0.5	0.0006244210474157796	0.0	0.0	0.0052631578947368585	1.0
development	global_null	1311	target	rank2_shrink10	4			0.14285714285714285	2	1.0	0.0008325613965547429	0.0	0.0	0.0052631578947368585	1.0
development	global_null	1311	reference	rank2_shrink10	4			0.09523809523809523	2	1.0	0.0008325613965547429	0.0	0.0	0.0052631578947368585	1.0
development	global_null	1311	target	rank3_shrink05	5			0.14285714285714285	3	0.5	0.0007674826455220662	0.0	0.0	0.0052631578947368585	1.0
development	global_null	1311	reference	rank3_shrink05	5			0.09523809523809523	3	0.5	0.0007674826455220662	0.0	0.0	0.0052631578947368585	1.0
development	global_null	1311	target	rank3_shrink10	6			0.14285714285714285	3	1.0	0.0010233101940295697	0.0	0.0	0.0052631578947368585	1.0
development	global_null	1311	reference	rank3_shrink10	6			0.09523809523809523	3	1.0	0.0010233101940295697	0.0	0.0	0.0052631578947368585	1.0
development	global_null	1312	target	raw_rc6_reference	0			0.9523809523809523	0	0.0	0.0	0.0	0.0	0.0	1.0
development	global_null	1312	reference	raw_rc6_reference	0			0.9047619047619048	0	0.0	0.0	0.0	0.0	0.0	1.0
development	global_null	1312	target	rank1_shrink05	1			0.9523809523809523	1	0.5	0.0001067855277395724	0.0	0.0	0.0	1.0
development	global_null	1312	reference	rank1_shrink05	1			0.9047619047619048	1	0.5	0.0001067855277395724	0.0	0.0	0.0	1.0
development	global_null	1312	target	rank1_shrink10	2			0.9523809523809523	1	1.0	0.00014238070365246713	0.0	0.0	0.0	1.0
development	global_null	1312	reference	rank1_shrink10	2			0.9047619047619048	1	1.0	0.00014238070365246713	0.0	0.0	0.0	1.0
development	global_null	1312	target	rank2_shrink05	3			0.9523809523809523	2	0.5	0.0005907430520184498	0.0	0.0	0.0	1.0
development	global_null	1312	reference	rank2_shrink05	3			0.9047619047619048	2	0.5	0.0005907430520184498	0.0	0.0	0.0	1.0
development	global_null	1312	target	rank2_shrink10	4			0.9523809523809523	2	1.0	0.0007876574026913774	0.0	0.0	0.0	1.0
development	global_null	1312	reference	rank2_shrink10	4			0.9047619047619048	2	1.0	0.0007876574026913774	0.0	0.0	0.0	1.0
development	global_null	1312	target	rank3_shrink05	5			0.9523809523809523	3	0.5	0.000728184426158407	0.0	0.0	0.0	1.0
development	global_null	1312	reference	rank3_shrink05	5			0.9047619047619048	3	0.5	0.000728184426158407	0.0	0.0	0.0	1.0
development	global_null	1312	target	rank3_shrink10	6			0.9523809523809523	3	1.0	0.0009709125682115793	0.0	0.0	0.0	1.0
development	global_null	1312	reference	rank3_shrink10	6			0.9047619047619048	3	1.0	0.0009709125682115793	0.0	0.0	0.0	1.0
holdout	occurrence_helpful	13001	target	raw_rc6_reference	0	0.8307642171861639	0.9666666666666667	0.0	0	0.0	0.0	0.0	0.4537037037037037	0.011158342189160453	1.0
holdout	occurrence_helpful	13001	reference	raw_rc6_reference	0	0.9342893528936811	0.9777777777777779	0.0	0	0.0	0.0	0.0	0.4537037037037037	0.011158342189160453	1.0
holdout	occurrence_helpful	13001	target	rank1_shrink05	1	0.8307642171861639	0.9666666666666667	0.0	1	0.5	0.02416267659009108	0.35406691475227703	0.4537037037037037	0.011158342189160453	1.0
holdout	occurrence_helpful	13001	reference	rank1_shrink05	1	0.9336387335671533	0.9777777777777779	0.0	1	0.5	0.02416267659009108	0.35406691475227703	0.4537037037037037	0.011158342189160453	1.0
holdout	occurrence_helpful	13001	target	rank1_shrink10	2	0.8307642171861639	0.9666666666666667	0.0	1	1.0	0.03221690212012163	0.5554225530030406	0.4537037037037037	0.011158342189160453	1.0
holdout	occurrence_helpful	13001	reference	rank1_shrink10	2	0.9277831596284046	0.9777777777777779	0.0	1	1.0	0.03221690212012163	0.5554225530030406	0.4537037037037037	0.011158342189160453	1.0
holdout	occurrence_helpful	13001	target	rank2_shrink05	3	0.8307642171861639	0.9666666666666667	0.0	2	0.5	0.02446609491477658	0.36165237286941454	0.4537037037037037	0.011158342189160453	1.0
holdout	occurrence_helpful	13001	reference	rank2_shrink05	3	0.9336387335671533	0.9777777777777779	0.0	2	0.5	0.02446609491477658	0.36165237286941454	0.4537037037037037	0.011158342189160453	1.0
holdout	occurrence_helpful	13001	target	rank2_shrink10	4	0.8307642171861639	0.9666666666666667	0.0	2	1.0	0.032621459886368886	0.565536497159222	0.4537037037037037	0.011158342189160453	1.0
holdout	occurrence_helpful	13001	reference	rank2_shrink10	4	0.9277831596284046	0.9777777777777779	0.0	2	1.0	0.032621459886368886	0.565536497159222	0.4537037037037037	0.011158342189160453	1.0
holdout	occurrence_helpful	13001	target	rank3_shrink05	5	0.8307642171861639	0.9666666666666667	0.0	3	0.5	0.024768887076167978	0.36922217690419945	0.4537037037037037	0.011158342189160453	1.0
holdout	occurrence_helpful	13001	reference	rank3_shrink05	5	0.9336387335671533	0.9777777777777779	0.0	3	0.5	0.024768887076167978	0.36922217690419945	0.4537037037037037	0.011158342189160453	1.0
holdout	occurrence_helpful	13001	target	rank3_shrink10	6	0.8307642171861639	0.9666666666666667	0.0	3	1.0	0.033025182768224304	0.5756295692056075	0.4537037037037037	0.011158342189160453	1.0
holdout	occurrence_helpful	13001	reference	rank3_shrink10	6	0.9277831596284046	0.9777777777777779	0.0	3	1.0	0.033025182768224304	0.5756295692056075	0.4537037037037037	0.011158342189160453	1.0
holdout	occurrence_helpful	13002	target	raw_rc6_reference	0	0.8249853060370388	0.9222222222222223	0.0	0	0.0	0.0	0.0	0.4907407407407409	0.014824797843665749	1.0
holdout	occurrence_helpful	13002	reference	raw_rc6_reference	0	0.7394686168134312	0.9222222222222223	0.0	0	0.0	0.0	0.0	0.4907407407407409	0.014824797843665749	1.0
holdout	occurrence_helpful	13002	target	rank1_shrink05	1	0.8269371640166215	0.9333333333333333	0.0	1	0.5	0.015333297174957017	0.13333242937392542	0.4907407407407409	0.014824797843665749	1.0
holdout	occurrence_helpful	13002	reference	rank1_shrink05	1	0.722240853339283	0.9	0.0	1	0.5	0.015333297174957017	0.13333242937392542	0.4907407407407409	0.014824797843665749	1.0
holdout	occurrence_helpful	13002	target	rank1_shrink10	2	0.8269371640166215	0.9333333333333333	0.0	1	1.0	0.02044439623327632	0.26110990583190796	0.4907407407407409	0.014824797843665749	1.0
holdout	occurrence_helpful	13002	reference	rank1_shrink10	2	0.722240853339283	0.9	0.0	1	1.0	0.02044439623327632	0.26110990583190796	0.4907407407407409	0.014824797843665749	1.0
holdout	occurrence_helpful	13002	target	rank2_shrink05	3	0.8269371640166215	0.9333333333333333	0.0	2	0.5	0.015800629364806862	0.14501573412017155	0.4907407407407409	0.014824797843665749	1.0
holdout	occurrence_helpful	13002	reference	rank2_shrink05	3	0.722240853339283	0.9	0.0	2	0.5	0.015800629364806862	0.14501573412017155	0.4907407407407409	0.014824797843665749	1.0
holdout	occurrence_helpful	13002	target	rank2_shrink10	4	0.8269371640166215	0.9333333333333333	0.0	2	1.0	0.021067505819742816	0.2766876454935704	0.4907407407407409	0.014824797843665749	1.0
holdout	occurrence_helpful	13002	reference	rank2_shrink10	4	0.722240853339283	0.9	0.0	2	1.0	0.021067505819742816	0.2766876454935704	0.4907407407407409	0.014824797843665749	1.0
holdout	occurrence_helpful	13002	target	rank3_shrink05	5	0.8269371640166215	0.9333333333333333	0.0	3	0.5	0.015956688887235115	0.14891722218087788	0.4907407407407409	0.014824797843665749	1.0
holdout	occurrence_helpful	13002	reference	rank3_shrink05	5	0.722240853339283	0.9	0.0	3	0.5	0.015956688887235115	0.14891722218087788	0.4907407407407409	0.014824797843665749	1.0
holdout	occurrence_helpful	13002	target	rank3_shrink10	6	0.8269371640166215	0.9333333333333333	0.0	3	1.0	0.02127558518298056	0.281889629574514	0.4907407407407409	0.014824797843665749	1.0
holdout	occurrence_helpful	13002	reference	rank3_shrink10	6	0.722240853339283	0.9	0.0	3	1.0	0.02127558518298056	0.281889629574514	0.4907407407407409	0.014824797843665749	1.0
holdout	occurrence_helpful	13003	target	raw_rc6_reference	0	0.8104277521772214	0.9888888888888889	0.0	0	0.0	0.0	0.0	0.5092592592592591	0.026539278131634814	1.0
holdout	occurrence_helpful	13003	reference	raw_rc6_reference	0	0.8819400489274367	1.0	0.0	0	0.0	0.0	0.0	0.5092592592592591	0.026539278131634814	1.0
holdout	occurrence_helpful	13003	target	rank1_shrink05	1	0.785020451264913	0.9888888888888889	0.0	1	0.5	0.018729365390368846	0.21823413475922115	0.5092592592592591	0.026539278131634814	1.0
holdout	occurrence_helpful	13003	reference	rank1_shrink05	1	0.8819400489274367	1.0	0.0	1	0.5	0.018729365390368846	0.21823413475922115	0.5092592592592591	0.026539278131634814	1.0
holdout	occurrence_helpful	13003	target	rank1_shrink10	2	0.785020451264913	0.9888888888888889	0.0	1	1.0	0.02497248718715883	0.3743121796789708	0.5092592592592591	0.026539278131634814	1.0
holdout	occurrence_helpful	13003	reference	rank1_shrink10	2	0.86824127597812	1.0	0.0	1	1.0	0.02497248718715883	0.3743121796789708	0.5092592592592591	0.026539278131634814	1.0
holdout	occurrence_helpful	13003	target	rank2_shrink05	3	0.785020451264913	0.9888888888888889	0.0	2	0.5	0.019013531672949058	0.22533829182372644	0.5092592592592591	0.026539278131634814	1.0
holdout	occurrence_helpful	13003	reference	rank2_shrink05	3	0.8819400489274367	1.0	0.0	2	0.5	0.019013531672949058	0.22533829182372644	0.5092592592592591	0.026539278131634814	1.0
holdout	occurrence_helpful	13003	target	rank2_shrink10	4	0.785020451264913	0.9888888888888889	0.0	2	1.0	0.025351375563932077	0.3837843890983019	0.5092592592592591	0.026539278131634814	1.0
holdout	occurrence_helpful	13003	reference	rank2_shrink10	4	0.86824127597812	1.0	0.0	2	1.0	0.025351375563932077	0.3837843890983019	0.5092592592592591	0.026539278131634814	1.0
holdout	occurrence_helpful	13003	target	rank3_shrink05	5	0.785020451264913	0.9888888888888889	0.0	3	0.5	0.019016707951470924	0.2254176987867731	0.5092592592592591	0.026539278131634814	1.0
holdout	occurrence_helpful	13003	reference	rank3_shrink05	5	0.8819400489274367	1.0	0.0	3	0.5	0.019016707951470924	0.2254176987867731	0.5092592592592591	0.026539278131634814	1.0
holdout	occurrence_helpful	13003	target	rank3_shrink10	6	0.785020451264913	0.9888888888888889	0.0	3	1.0	0.02535561060196112	0.383890265049028	0.5092592592592591	0.026539278131634814	1.0
holdout	occurrence_helpful	13003	reference	rank3_shrink10	6	0.86824127597812	1.0	0.0	3	1.0	0.02535561060196112	0.383890265049028	0.5092592592592591	0.026539278131634814	1.0
holdout	occurrence_helpful	13004	target	raw_rc6_reference	0	0.7694035236634186	0.8979591836734694	0.0	0	0.0	0.0	0.0	0.5314814814814817	0.004761904761904745	1.0
holdout	occurrence_helpful	13004	reference	raw_rc6_reference	0	0.9183751977999933	1.0	0.0	0	0.0	0.0	0.0	0.5314814814814817	0.004761904761904745	1.0
holdout	occurrence_helpful	13004	target	rank1_shrink05	1	0.7648237407844696	0.8979591836734694	0.0	1	0.5	0.02688522957987516	0.4221307394968789	0.5314814814814817	0.004761904761904745	1.0
holdout	occurrence_helpful	13004	reference	rank1_shrink05	1	0.9209768272555172	1.0	0.0	1	0.5	0.02688522957987516	0.4221307394968789	0.5314814814814817	0.004761904761904745	1.0
holdout	occurrence_helpful	13004	target	rank1_shrink10	2	0.7648237407844696	0.8979591836734694	0.0	1	1.0	0.03584697277316684	0.6461743193291709	0.5314814814814817	0.004761904761904745	1.0
holdout	occurrence_helpful	13004	reference	rank1_shrink10	2	0.9209768272555172	1.0	0.0	1	1.0	0.03584697277316684	0.6461743193291709	0.5314814814814817	0.004761904761904745	1.0
holdout	occurrence_helpful	13004	target	rank2_shrink05	3	0.7648237407844696	0.8979591836734694	0.0	2	0.5	0.027035952304808375	0.4258988076202093	0.5314814814814817	0.004761904761904745	1.0
holdout	occurrence_helpful	13004	reference	rank2_shrink05	3	0.9209768272555172	1.0	0.0	2	0.5	0.027035952304808375	0.4258988076202093	0.5314814814814817	0.004761904761904745	1.0
holdout	occurrence_helpful	13004	target	rank2_shrink10	4	0.759589703208528	0.8979591836734694	0.0	2	1.0	0.03604793640641124	0.6511984101602809	0.5314814814814817	0.004761904761904745	1.0
holdout	occurrence_helpful	13004	reference	rank2_shrink10	4	0.9209768272555172	1.0	0.0	2	1.0	0.03604793640641124	0.6511984101602809	0.5314814814814817	0.004761904761904745	1.0
holdout	occurrence_helpful	13004	target	rank3_shrink05	5	0.7648237407844696	0.8979591836734694	0.0	3	0.5	0.027845237468352102	0.4461309367088025	0.5314814814814817	0.004761904761904745	1.0
holdout	occurrence_helpful	13004	reference	rank3_shrink05	5	0.9209768272555172	1.0	0.0	3	0.5	0.027845237468352102	0.4461309367088025	0.5314814814814817	0.004761904761904745	1.0
holdout	occurrence_helpful	13004	target	rank3_shrink10	6	0.759589703208528	0.8979591836734694	0.0	3	1.0	0.037126983291136395	0.6781745822784098	0.5314814814814817	0.004761904761904745	1.0
holdout	occurrence_helpful	13004	reference	rank3_shrink10	6	0.9209768272555172	1.0	0.0	3	1.0	0.037126983291136395	0.6781745822784098	0.5314814814814817	0.004761904761904745	1.0
holdout	occurrence_helpful	13005	target	raw_rc6_reference	0	0.8287043499962499	0.9111111111111112	0.0	0	0.0	0.0	0.0	0.49444444444444446	0.0010729613733905241	1.0
holdout	occurrence_helpful	13005	reference	raw_rc6_reference	0	0.9080329497832781	0.9666666666666667	0.0	0	0.0	0.0	0.0	0.49444444444444446	0.0010729613733905241	1.0
holdout	occurrence_helpful	13005	target	rank1_shrink05	1	0.8254079921999242	0.9	0.0	1	0.5	0.02501375824792129	0.3753439561980323	0.49444444444444446	0.0010729613733905241	1.0
holdout	occurrence_helpful	13005	reference	rank1_shrink05	1	0.9080329497832781	0.9666666666666667	0.0	1	0.5	0.02501375824792129	0.3753439561980323	0.49444444444444446	0.0010729613733905241	1.0
holdout	occurrence_helpful	13005	target	rank1_shrink10	2	0.8254079921999242	0.9	0.0	1	1.0	0.03335167766389546	0.5837919415973865	0.49444444444444446	0.0010729613733905241	1.0
holdout	occurrence_helpful	13005	reference	rank1_shrink10	2	0.9080329497832781	0.9666666666666667	0.0	1	1.0	0.03335167766389546	0.5837919415973865	0.49444444444444446	0.0010729613733905241	1.0
holdout	occurrence_helpful	13005	target	rank2_shrink05	3	0.8254079921999242	0.9	0.0	2	0.5	0.025325298299885057	0.38313245749712643	0.49444444444444446	0.0010729613733905241	1.0
holdout	occurrence_helpful	13005	reference	rank2_shrink05	3	0.9080329497832781	0.9666666666666667	0.0	2	0.5	0.025325298299885057	0.38313245749712643	0.49444444444444446	0.0010729613733905241	1.0
holdout	occurrence_helpful	13005	target	rank2_shrink10	4	0.8254079921999242	0.9	0.0	2	1.0	0.03376706439984711	0.5941766099961777	0.49444444444444446	0.0010729613733905241	1.0
holdout	occurrence_helpful	13005	reference	rank2_shrink10	4	0.9080329497832781	0.9666666666666667	0.0	2	1.0	0.03376706439984711	0.5941766099961777	0.49444444444444446	0.0010729613733905241	1.0
holdout	occurrence_helpful	13005	target	rank3_shrink05	5	0.8254079921999242	0.9	0.0	3	0.5	0.025690819539392562	0.392270488484814	0.49444444444444446	0.0010729613733905241	1.0
holdout	occurrence_helpful	13005	reference	rank3_shrink05	5	0.9080329497832781	0.9666666666666667	0.0	3	0.5	0.025690819539392562	0.392270488484814	0.49444444444444446	0.0010729613733905241	1.0
holdout	occurrence_helpful	13005	target	rank3_shrink10	6	0.8254079921999242	0.9	0.0	3	1.0	0.03425442605252371	0.6063606513130927	0.49444444444444446	0.0010729613733905241	1.0
holdout	occurrence_helpful	13005	reference	rank3_shrink10	6	0.9080329497832781	0.9666666666666667	0.0	3	1.0	0.03425442605252371	0.6063606513130927	0.49444444444444446	0.0010729613733905241	1.0
holdout	occurrence_helpful	13006	target	raw_rc6_reference	0	0.7749951874212491	0.826530612244898	0.0	0	0.0	0.0	0.0	0.5685185185185184	0.014689880304678993	1.0
holdout	occurrence_helpful	13006	reference	raw_rc6_reference	0	0.8564022449234812	1.0	0.0	0	0.0	0.0	0.0	0.5685185185185184	0.014689880304678993	1.0
holdout	occurrence_helpful	13006	target	rank1_shrink05	1	0.7749951874212491	0.826530612244898	0.0	1	0.5	0.023974425638721764	0.3493606409680441	0.5685185185185184	0.014689880304678993	1.0
holdout	occurrence_helpful	13006	reference	rank1_shrink05	1	0.8381670640429812	1.0	0.0	1	0.5	0.023974425638721764	0.3493606409680441	0.5685185185185184	0.014689880304678993	1.0
holdout	occurrence_helpful	13006	target	rank1_shrink10	2	0.7749951874212491	0.826530612244898	0.0	1	1.0	0.0319659008516292	0.54914752129073	0.5685185185185184	0.014689880304678993	1.0
holdout	occurrence_helpful	13006	reference	rank1_shrink10	2	0.8381670640429812	1.0	0.0	1	1.0	0.0319659008516292	0.54914752129073	0.5685185185185184	0.014689880304678993	1.0
holdout	occurrence_helpful	13006	target	rank2_shrink05	3	0.7749951874212491	0.826530612244898	0.0	2	0.5	0.024279019165417304	0.3569754791354326	0.5685185185185184	0.014689880304678993	1.0
holdout	occurrence_helpful	13006	reference	rank2_shrink05	3	0.8381670640429812	1.0	0.0	2	0.5	0.024279019165417304	0.3569754791354326	0.5685185185185184	0.014689880304678993	1.0
holdout	occurrence_helpful	13006	target	rank2_shrink10	4	0.7749951874212491	0.826530612244898	0.0	2	1.0	0.03237202555388996	0.5593006388472489	0.5685185185185184	0.014689880304678993	1.0
holdout	occurrence_helpful	13006	reference	rank2_shrink10	4	0.8381670640429812	1.0	0.0	2	1.0	0.03237202555388996	0.5593006388472489	0.5685185185185184	0.014689880304678993	1.0
holdout	occurrence_helpful	13006	target	rank3_shrink05	5	0.7749951874212491	0.826530612244898	0.0	3	0.5	0.024569289809578287	0.3642322452394572	0.5685185185185184	0.014689880304678993	1.0
holdout	occurrence_helpful	13006	reference	rank3_shrink05	5	0.8381670640429812	1.0	0.0	3	0.5	0.024569289809578287	0.3642322452394572	0.5685185185185184	0.014689880304678993	1.0
holdout	occurrence_helpful	13006	target	rank3_shrink10	6	0.7671801099010348	0.826530612244898	0.0	3	1.0	0.03275905307943794	0.5689763269859484	0.5685185185185184	0.014689880304678993	1.0
holdout	occurrence_helpful	13006	reference	rank3_shrink10	6	0.8381670640429812	1.0	0.0	3	1.0	0.03275905307943794	0.5689763269859484	0.5685185185185184	0.014689880304678993	1.0
holdout	occurrence_helpful	13007	target	raw_rc6_reference	0	0.8835410454245257	0.9111111111111112	0.0	0	0.0	0.0	0.0	0.501851851851852	0.011693171188026152	1.0
holdout	occurrence_helpful	13007	reference	raw_rc6_reference	0	0.7972797869975511	0.9	0.0	0	0.0	0.0	0.0	0.501851851851852	0.011693171188026152	1.0
holdout	occurrence_helpful	13007	target	rank1_shrink05	1	0.8724805168735559	0.9	0.0	1	0.5	0.016863185536987402	0.17157963842468504	0.501851851851852	0.011693171188026152	1.0
holdout	occurrence_helpful	13007	reference	rank1_shrink05	1	0.7972797869975511	0.9	0.0	1	0.5	0.016863185536987402	0.17157963842468504	0.501851851851852	0.011693171188026152	1.0
holdout	occurrence_helpful	13007	target	rank1_shrink10	2	0.8724805168735559	0.9	0.0	1	1.0	0.02248424738264998	0.3121061845662495	0.501851851851852	0.011693171188026152	1.0
holdout	occurrence_helpful	13007	reference	rank1_shrink10	2	0.7900734783229636	0.9	0.0	1	1.0	0.02248424738264998	0.3121061845662495	0.501851851851852	0.011693171188026152	1.0
holdout	occurrence_helpful	13007	target	rank2_shrink05	3	0.8724805168735559	0.9	0.0	2	0.5	0.017161690497552673	0.17904226243881682	0.501851851851852	0.011693171188026152	1.0
holdout	occurrence_helpful	13007	reference	rank2_shrink05	3	0.7972797869975511	0.9	0.0	2	0.5	0.017161690497552673	0.17904226243881682	0.501851851851852	0.011693171188026152	1.0
holdout	occurrence_helpful	13007	target	rank2_shrink10	4	0.8724805168735559	0.9	0.0	2	1.0	0.022882253996737045	0.32205634991842613	0.501851851851852	0.011693171188026152	1.0
holdout	occurrence_helpful	13007	reference	rank2_shrink10	4	0.7900734783229636	0.9	0.0	2	1.0	0.022882253996737045	0.32205634991842613	0.501851851851852	0.011693171188026152	1.0
holdout	occurrence_helpful	13007	target	rank3_shrink05	5	0.8724805168735559	0.9	0.0	3	0.5	0.01761756016481053	0.19043900412026327	0.501851851851852	0.011693171188026152	1.0
holdout	occurrence_helpful	13007	reference	rank3_shrink05	5	0.7900734783229636	0.9	0.0	3	0.5	0.01761756016481053	0.19043900412026327	0.501851851851852	0.011693171188026152	1.0
holdout	occurrence_helpful	13007	target	rank3_shrink10	6	0.8724805168735559	0.9	0.0	3	1.0	0.023490080219747855	0.3372520054936964	0.501851851851852	0.011693171188026152	1.0
holdout	occurrence_helpful	13007	reference	rank3_shrink10	6	0.7900734783229636	0.9	0.0	3	1.0	0.023490080219747855	0.3372520054936964	0.501851851851852	0.011693171188026152	1.0
holdout	occurrence_helpful	13008	target	raw_rc6_reference	0	0.755249327694126	0.9285714285714286	0.0	0	0.0	0.0	0.0	0.5074074074074075	0.008274231678486954	1.0
holdout	occurrence_helpful	13008	reference	raw_rc6_reference	0	0.8443292930780028	0.9183673469387755	0.0	0	0.0	0.0	0.0	0.5074074074074075	0.008274231678486954	1.0
holdout	occurrence_helpful	13008	target	rank1_shrink05	1	0.7441935278376705	0.9081632653061225	0.0	1	0.5	0.02571709159963309	0.3929272899908272	0.5074074074074075	0.008274231678486954	1.0
holdout	occurrence_helpful	13008	reference	rank1_shrink05	1	0.8436793090186664	0.9285714285714285	0.0	1	0.5	0.02571709159963309	0.3929272899908272	0.5074074074074075	0.008274231678486954	1.0
holdout	occurrence_helpful	13008	target	rank1_shrink10	2	0.7352106904543001	0.8979591836734694	0.0	1	1.0	0.03428945546617723	0.6072363866544307	0.5074074074074075	0.008274231678486954	1.0
holdout	occurrence_helpful	13008	reference	rank1_shrink10	2	0.8436793090186664	0.9285714285714285	0.0	1	1.0	0.03428945546617723	0.6072363866544307	0.5074074074074075	0.008274231678486954	1.0
holdout	occurrence_helpful	13008	target	rank2_shrink05	3	0.7441935278376705	0.9081632653061225	0.0	2	0.5	0.025843958397621436	0.39609895994053584	0.5074074074074075	0.008274231678486954	1.0
holdout	occurrence_helpful	13008	reference	rank2_shrink05	3	0.8436793090186664	0.9285714285714285	0.0	2	0.5	0.025843958397621436	0.39609895994053584	0.5074074074074075	0.008274231678486954	1.0
holdout	occurrence_helpful	13008	target	rank2_shrink10	4	0.7352106904543001	0.8979591836734694	0.0	2	1.0	0.03445861119682847	0.6114652799207116	0.5074074074074075	0.008274231678486954	1.0
holdout	occurrence_helpful	13008	reference	rank2_shrink10	4	0.8436793090186664	0.9285714285714285	0.0	2	1.0	0.03445861119682847	0.6114652799207116	0.5074074074074075	0.008274231678486954	1.0
holdout	occurrence_helpful	13008	target	rank3_shrink05	5	0.7441935278376705	0.9081632653061225	0.0	3	0.5	0.02661663608696041	0.4154159021740102	0.5074074074074075	0.008274231678486954	1.0
holdout	occurrence_helpful	13008	reference	rank3_shrink05	5	0.8436793090186664	0.9285714285714285	0.0	3	0.5	0.02661663608696041	0.4154159021740102	0.5074074074074075	0.008274231678486954	1.0
holdout	occurrence_helpful	13008	target	rank3_shrink10	6	0.7352106904543001	0.8979591836734694	0.0	3	1.0	0.03548884811594755	0.6372212028986886	0.5074074074074075	0.008274231678486954	1.0
holdout	occurrence_helpful	13008	reference	rank3_shrink10	6	0.8436793090186664	0.9285714285714285	0.0	3	1.0	0.03548884811594755	0.6372212028986886	0.5074074074074075	0.008274231678486954	1.0
holdout	occurrence_helpful	13009	target	raw_rc6_reference	0	0.6721759506424648	0.9	0.0	0	0.0	0.0	0.0	0.5796296296296295	0.0	1.0
holdout	occurrence_helpful	13009	reference	raw_rc6_reference	0	0.8897572737892286	1.0	0.0	0	0.0	0.0	0.0	0.5796296296296295	0.0	1.0
holdout	occurrence_helpful	13009	target	rank1_shrink05	1	0.680053012564056	0.9111111111111111	0.0	1	0.5	0.025157694320440682	0.37894235801101706	0.5796296296296295	0.0	1.0
holdout	occurrence_helpful	13009	reference	rank1_shrink05	1	0.8917084958808715	1.0	0.0	1	0.5	0.025157694320440682	0.37894235801101706	0.5796296296296295	0.0	1.0
holdout	occurrence_helpful	13009	target	rank1_shrink10	2	0.680053012564056	0.9111111111111111	0.0	1	1.0	0.033543592427254354	0.5885898106813587	0.5796296296296295	0.0	1.0
holdout	occurrence_helpful	13009	reference	rank1_shrink10	2	0.8917084958808715	1.0	0.0	1	1.0	0.033543592427254354	0.5885898106813587	0.5796296296296295	0.0	1.0
holdout	occurrence_helpful	13009	target	rank2_shrink05	3	0.680053012564056	0.9111111111111111	0.0	2	0.5	0.025366442168211267	0.3841610542052817	0.5796296296296295	0.0	1.0
holdout	occurrence_helpful	13009	reference	rank2_shrink05	3	0.8917084958808715	1.0	0.0	2	0.5	0.025366442168211267	0.3841610542052817	0.5796296296296295	0.0	1.0
holdout	occurrence_helpful	13009	target	rank2_shrink10	4	0.680053012564056	0.9111111111111111	0.0	2	1.0	0.03382192289094865	0.5955480722737162	0.5796296296296295	0.0	1.0
holdout	occurrence_helpful	13009	reference	rank2_shrink10	4	0.8917084958808715	1.0	0.0	2	1.0	0.03382192289094865	0.5955480722737162	0.5796296296296295	0.0	1.0
holdout	occurrence_helpful	13009	target	rank3_shrink05	5	0.680053012564056	0.9111111111111111	0.0	3	0.5	0.025799297939122168	0.39498244847805414	0.5796296296296295	0.0	1.0
holdout	occurrence_helpful	13009	reference	rank3_shrink05	5	0.8917084958808715	1.0	0.0	3	0.5	0.025799297939122168	0.39498244847805414	0.5796296296296295	0.0	1.0
holdout	occurrence_helpful	13009	target	rank3_shrink10	6	0.680053012564056	0.9111111111111111	0.0	3	1.0	0.034399063918829964	0.609976597970749	0.5796296296296295	0.0	1.0
holdout	occurrence_helpful	13009	reference	rank3_shrink10	6	0.8917084958808715	1.0	0.0	3	1.0	0.034399063918829964	0.609976597970749	0.5796296296296295	0.0	1.0
holdout	occurrence_helpful	13010	target	raw_rc6_reference	0	0.8551233340293547	0.8666666666666667	0.0	0	0.0	0.0	0.0	0.5574074074074074	0.0	1.0
holdout	occurrence_helpful	13010	reference	raw_rc6_reference	0	0.8220401863624627	0.9666666666666668	0.0	0	0.0	0.0	0.0	0.5574074074074074	0.0	1.0
holdout	occurrence_helpful	13010	target	rank1_shrink05	1	0.8643041060204674	0.8777777777777778	0.0	1	0.5	0.020666933888295658	0.26667334720739144	0.5574074074074074	0.0	1.0
holdout	occurrence_helpful	13010	reference	rank1_shrink05	1	0.8298629319900199	0.9666666666666668	0.0	1	0.5	0.020666933888295658	0.26667334720739144	0.5574074074074074	0.0	1.0
holdout	occurrence_helpful	13010	target	rank1_shrink10	2	0.8643041060204674	0.8777777777777778	0.0	1	1.0	0.027555911851060877	0.43889779627652187	0.5574074074074074	0.0	1.0
holdout	occurrence_helpful	13010	reference	rank1_shrink10	2	0.8298629319900199	0.9666666666666668	0.0	1	1.0	0.027555911851060877	0.43889779627652187	0.5574074074074074	0.0	1.0
holdout	occurrence_helpful	13010	target	rank2_shrink05	3	0.8643041060204674	0.8777777777777778	0.0	2	0.5	0.021097989765161085	0.2774497441290271	0.5574074074074074	0.0	1.0
holdout	occurrence_helpful	13010	reference	rank2_shrink05	3	0.8298629319900199	0.9666666666666668	0.0	2	0.5	0.021097989765161085	0.2774497441290271	0.5574074074074074	0.0	1.0
holdout	occurrence_helpful	13010	target	rank2_shrink10	4	0.8643041060204674	0.8777777777777778	0.0	2	1.0	0.028130653020215002	0.453266325505375	0.5574074074074074	0.0	1.0
holdout	occurrence_helpful	13010	reference	rank2_shrink10	4	0.8298629319900199	0.9666666666666668	0.0	2	1.0	0.028130653020215002	0.453266325505375	0.5574074074074074	0.0	1.0
holdout	occurrence_helpful	13010	target	rank3_shrink05	5	0.8643041060204674	0.8777777777777778	0.0	3	0.5	0.0215238552408058	0.288096381020145	0.5574074074074074	0.0	1.0
holdout	occurrence_helpful	13010	reference	rank3_shrink05	5	0.8298629319900199	0.9666666666666668	0.0	3	0.5	0.0215238552408058	0.288096381020145	0.5574074074074074	0.0	1.0
holdout	occurrence_helpful	13010	target	rank3_shrink10	6	0.8643041060204674	0.8777777777777778	0.0	3	1.0	0.02869847365440792	0.4674618413601979	0.5574074074074074	0.0	1.0
holdout	occurrence_helpful	13010	reference	rank3_shrink10	6	0.8298629319900199	0.9666666666666668	0.0	3	1.0	0.02869847365440792	0.4674618413601979	0.5574074074074074	0.0	1.0
holdout	occurrence_helpful	13011	target	raw_rc6_reference	0	0.8476591242830454	0.9111111111111112	0.0	0	0.0	0.0	0.0	0.48888888888888893	0.00861195542046611	1.0
holdout	occurrence_helpful	13011	reference	raw_rc6_reference	0	0.8497088404450888	0.9888888888888889	0.0	0	0.0	0.0	0.0	0.48888888888888893	0.00861195542046611	1.0
holdout	occurrence_helpful	13011	target	rank1_shrink05	1	0.8613310456424491	0.9111111111111112	0.0	1	0.5	0.02564403050564823	0.3911007626412057	0.48888888888888893	0.00861195542046611	1.0
holdout	occurrence_helpful	13011	reference	rank1_shrink05	1	0.8523113177511993	0.9888888888888889	0.0	1	0.5	0.02564403050564823	0.3911007626412057	0.48888888888888893	0.00861195542046611	1.0
holdout	occurrence_helpful	13011	target	rank1_shrink10	2	0.8632841772652211	0.9111111111111112	0.0	1	1.0	0.03419204067419801	0.6048010168549501	0.48888888888888893	0.00861195542046611	1.0
holdout	occurrence_helpful	13011	reference	rank1_shrink10	2	0.8523113177511993	0.9888888888888889	0.0	1	1.0	0.03419204067419801	0.6048010168549501	0.48888888888888893	0.00861195542046611	1.0
holdout	occurrence_helpful	13011	target	rank2_shrink05	3	0.8632841772652211	0.9111111111111112	0.0	2	0.5	0.026231244054713776	0.40578110136784434	0.48888888888888893	0.00861195542046611	1.0
holdout	occurrence_helpful	13011	reference	rank2_shrink05	3	0.8523113177511993	0.9888888888888889	0.0	2	0.5	0.026231244054713776	0.40578110136784434	0.48888888888888893	0.00861195542046611	1.0
holdout	occurrence_helpful	13011	target	rank2_shrink10	4	0.8632841772652211	0.9111111111111112	0.0	2	1.0	0.03497499207295185	0.6243748018237961	0.48888888888888893	0.00861195542046611	1.0
holdout	occurrence_helpful	13011	reference	rank2_shrink10	4	0.8523113177511993	0.9888888888888889	0.0	2	1.0	0.03497499207295185	0.6243748018237961	0.48888888888888893	0.00861195542046611	1.0
holdout	occurrence_helpful	13011	target	rank3_shrink05	5	0.8632841772652211	0.9111111111111112	0.0	3	0.5	0.026557466562847964	0.41393666407119906	0.48888888888888893	0.00861195542046611	1.0
holdout	occurrence_helpful	13011	reference	rank3_shrink05	5	0.8523113177511993	0.9888888888888889	0.0	3	0.5	0.026557466562847964	0.41393666407119906	0.48888888888888893	0.00861195542046611	1.0
holdout	occurrence_helpful	13011	target	rank3_shrink10	6	0.8632841772652211	0.9111111111111112	0.0	3	1.0	0.0354099554171311	0.6352488854282774	0.48888888888888893	0.00861195542046611	1.0
holdout	occurrence_helpful	13011	reference	rank3_shrink10	6	0.8523113177511993	0.9888888888888889	0.0	3	1.0	0.0354099554171311	0.6352488854282774	0.48888888888888893	0.00861195542046611	1.0
holdout	occurrence_helpful	13012	target	raw_rc6_reference	0	0.880999110800984	0.9711538461538463	0.0	0	0.0	0.0	0.0	0.574074074074074	0.031000000000000028	1.0
holdout	occurrence_helpful	13012	reference	raw_rc6_reference	0	0.8899769761097718	1.0	0.0	0	0.0	0.0	0.0	0.574074074074074	0.031000000000000028	1.0
holdout	occurrence_helpful	13012	target	rank1_shrink05	1	0.8790427841300715	0.9711538461538463	0.0	1	0.5	0.021882536347332948	0.2970634086833237	0.574074074074074	0.031000000000000028	1.0
holdout	occurrence_helpful	13012	reference	rank1_shrink05	1	0.8919301077325436	1.0	0.0	1	0.5	0.021882536347332948	0.2970634086833237	0.574074074074074	0.031000000000000028	1.0
holdout	occurrence_helpful	13012	target	rank1_shrink10	2	0.8790427841300715	0.9711538461538463	0.0	1	1.0	0.029176715129777597	0.4794178782444399	0.574074074074074	0.031000000000000028	1.0
holdout	occurrence_helpful	13012	reference	rank1_shrink10	2	0.8919301077325436	1.0	0.0	1	1.0	0.029176715129777597	0.4794178782444399	0.574074074074074	0.031000000000000028	1.0
holdout	occurrence_helpful	13012	target	rank2_shrink05	3	0.8790427841300715	0.9711538461538463	0.0	2	0.5	0.02210837978180724	0.30270949454518103	0.574074074074074	0.031000000000000028	1.0
holdout	occurrence_helpful	13012	reference	rank2_shrink05	3	0.8919301077325436	1.0	0.0	2	0.5	0.02210837978180724	0.30270949454518103	0.574074074074074	0.031000000000000028	1.0
holdout	occurrence_helpful	13012	target	rank2_shrink10	4	0.8790427841300715	0.9711538461538463	0.0	2	1.0	0.029477839709076803	0.48694599272692	0.574074074074074	0.031000000000000028	1.0
holdout	occurrence_helpful	13012	reference	rank2_shrink10	4	0.8919301077325436	1.0	0.0	2	1.0	0.029477839709076803	0.48694599272692	0.574074074074074	0.031000000000000028	1.0
holdout	occurrence_helpful	13012	target	rank3_shrink05	5	0.8790427841300715	0.9711538461538463	0.0	3	0.5	0.02241833439390295	0.31045835984757375	0.574074074074074	0.031000000000000028	1.0
holdout	occurrence_helpful	13012	reference	rank3_shrink05	5	0.8919301077325436	1.0	0.0	3	0.5	0.02241833439390295	0.31045835984757375	0.574074074074074	0.031000000000000028	1.0
holdout	occurrence_helpful	13012	target	rank3_shrink10	6	0.8790427841300715	0.9711538461538463	0.0	3	1.0	0.02989111252520449	0.49727781313011216	0.574074074074074	0.031000000000000028	1.0
holdout	occurrence_helpful	13012	reference	rank3_shrink10	6	0.8919301077325436	1.0	0.0	3	1.0	0.02989111252520449	0.49727781313011216	0.574074074074074	0.031000000000000028	1.0
holdout	concordant_helpful	13001	target	raw_rc6_reference	0	0.8471119924796303	0.9777777777777777	0.0	0	0.0	0.0	0.0	0.4537037037037037	0.08342189160467584	1.0
holdout	concordant_helpful	13001	reference	raw_rc6_reference	0	0.9388436881793745	0.9777777777777779	0.0	0	0.0	0.0	0.0	0.4537037037037037	0.08342189160467584	1.0
holdout	concordant_helpful	13001	target	rank1_shrink05	1	0.8367088627474244	0.9777777777777777	0.0	1	0.5	0.02416267659009108	0.35406691475227703	0.4537037037037037	0.08342189160467584	1.0
holdout	concordant_helpful	13001	reference	rank1_shrink05	1	0.9336387335671533	0.9777777777777779	0.0	1	0.5	0.02416267659009108	0.35406691475227703	0.4537037037037037	0.08342189160467584	1.0
holdout	concordant_helpful	13001	target	rank1_shrink10	2	0.8367088627474244	0.9777777777777777	0.0	1	1.0	0.03221690212012163	0.5554225530030406	0.4537037037037037	0.08342189160467584	1.0
holdout	concordant_helpful	13001	reference	rank1_shrink10	2	0.9277831596284046	0.9777777777777779	0.0	1	1.0	0.03221690212012163	0.5554225530030406	0.4537037037037037	0.08342189160467584	1.0
holdout	concordant_helpful	13001	target	rank2_shrink05	3	0.8367088627474244	0.9777777777777777	0.0	2	0.5	0.02446609491477658	0.36165237286941454	0.4537037037037037	0.08342189160467584	1.0
holdout	concordant_helpful	13001	reference	rank2_shrink05	3	0.9336387335671533	0.9777777777777779	0.0	2	0.5	0.02446609491477658	0.36165237286941454	0.4537037037037037	0.08342189160467584	1.0
holdout	concordant_helpful	13001	target	rank2_shrink10	4	0.8367088627474244	0.9777777777777777	0.0	2	1.0	0.032621459886368886	0.565536497159222	0.4537037037037037	0.08342189160467584	1.0
holdout	concordant_helpful	13001	reference	rank2_shrink10	4	0.9277831596284046	0.9777777777777779	0.0	2	1.0	0.032621459886368886	0.565536497159222	0.4537037037037037	0.08342189160467584	1.0
holdout	concordant_helpful	13001	target	rank3_shrink05	5	0.8367088627474244	0.9777777777777777	0.0	3	0.5	0.024768887076167978	0.36922217690419945	0.4537037037037037	0.08342189160467584	1.0
holdout	concordant_helpful	13001	reference	rank3_shrink05	5	0.9277831596284046	0.9777777777777779	0.0	3	0.5	0.024768887076167978	0.36922217690419945	0.4537037037037037	0.08342189160467584	1.0
holdout	concordant_helpful	13001	target	rank3_shrink10	6	0.8367088627474244	0.9777777777777777	0.0	3	1.0	0.033025182768224304	0.5756295692056075	0.4537037037037037	0.08342189160467584	1.0
holdout	concordant_helpful	13001	reference	rank3_shrink10	6	0.9277831596284046	0.9777777777777779	0.0	3	1.0	0.033025182768224304	0.5756295692056075	0.4537037037037037	0.08342189160467584	1.0
holdout	concordant_helpful	13002	target	raw_rc6_reference	0	0.8301902606492597	0.9222222222222223	0.0	0	0.0	0.0	0.0	0.4907407407407409	0.1451033243486074	1.0
holdout	concordant_helpful	13002	reference	raw_rc6_reference	0	0.7315173413638244	0.9111111111111112	0.0	0	0.0	0.0	0.0	0.4907407407407409	0.1451033243486074	1.0
holdout	concordant_helpful	13002	target	rank1_shrink05	1	0.8249853060370388	0.9222222222222223	0.0	1	0.5	0.015333297174957017	0.13333242937392542	0.4907407407407409	0.1451033243486074	1.0
holdout	concordant_helpful	13002	reference	rank1_shrink05	1	0.744769467113169	0.9222222222222223	0.0	1	0.5	0.015333297174957017	0.13333242937392542	0.4907407407407409	0.1451033243486074	1.0
holdout	concordant_helpful	13002	target	rank1_shrink10	2	0.8249853060370388	0.9222222222222223	0.0	1	1.0	0.02044439623327632	0.26110990583190796	0.4907407407407409	0.1451033243486074	1.0
holdout	concordant_helpful	13002	reference	rank1_shrink10	2	0.7354929790886278	0.9111111111111112	0.0	1	1.0	0.02044439623327632	0.26110990583190796	0.4907407407407409	0.1451033243486074	1.0
holdout	concordant_helpful	13002	target	rank2_shrink05	3	0.8249853060370388	0.9222222222222223	0.0	2	0.5	0.015800629364806862	0.14501573412017155	0.4907407407407409	0.1451033243486074	1.0
holdout	concordant_helpful	13002	reference	rank2_shrink05	3	0.744769467113169	0.9222222222222223	0.0	2	0.5	0.015800629364806862	0.14501573412017155	0.4907407407407409	0.1451033243486074	1.0
holdout	concordant_helpful	13002	target	rank2_shrink10	4	0.8249853060370388	0.9222222222222223	0.0	2	1.0	0.021067505819742816	0.2766876454935704	0.4907407407407409	0.1451033243486074	1.0
holdout	concordant_helpful	13002	reference	rank2_shrink10	4	0.7354929790886278	0.9111111111111112	0.0	2	1.0	0.021067505819742816	0.2766876454935704	0.4907407407407409	0.1451033243486074	1.0
holdout	concordant_helpful	13002	target	rank3_shrink05	5	0.8249853060370388	0.9222222222222223	0.0	3	0.5	0.015956688887235115	0.14891722218087788	0.4907407407407409	0.1451033243486074	1.0
holdout	concordant_helpful	13002	reference	rank3_shrink05	5	0.744769467113169	0.9222222222222223	0.0	3	0.5	0.015956688887235115	0.14891722218087788	0.4907407407407409	0.1451033243486074	1.0
holdout	concordant_helpful	13002	target	rank3_shrink10	6	0.8249853060370388	0.9222222222222223	0.0	3	1.0	0.02127558518298056	0.281889629574514	0.4907407407407409	0.1451033243486074	1.0
holdout	concordant_helpful	13002	reference	rank3_shrink10	6	0.7354929790886278	0.9111111111111112	0.0	3	1.0	0.02127558518298056	0.281889629574514	0.4907407407407409	0.1451033243486074	1.0
holdout	concordant_helpful	13003	target	raw_rc6_reference	0	0.838440930106177	0.9888888888888889	0.0	0	0.0	0.0	0.0	0.5092592592592591	0.12314225053078554	1.0
holdout	concordant_helpful	13003	reference	raw_rc6_reference	0	0.8884632741413971	1.0	0.0	0	0.0	0.0	0.0	0.5092592592592591	0.12314225053078554	1.0
holdout	concordant_helpful	13003	target	rank1_shrink05	1	0.8195483217354862	0.9888888888888889	0.0	1	0.5	0.018729365390368846	0.21823413475922115	0.5092592592592591	0.12314225053078554	1.0
holdout	concordant_helpful	13003	reference	rank1_shrink05	1	0.8884632741413971	1.0	0.0	1	0.5	0.018729365390368846	0.21823413475922115	0.5092592592592591	0.12314225053078554	1.0
holdout	concordant_helpful	13003	target	rank1_shrink10	2	0.8195483217354862	0.9888888888888889	0.0	1	1.0	0.02497248718715883	0.3743121796789708	0.5092592592592591	0.12314225053078554	1.0
holdout	concordant_helpful	13003	reference	rank1_shrink10	2	0.8884632741413971	1.0	0.0	1	1.0	0.02497248718715883	0.3743121796789708	0.5092592592592591	0.12314225053078554	1.0
holdout	concordant_helpful	13003	target	rank2_shrink05	3	0.8195483217354862	0.9888888888888889	0.0	2	0.5	0.019013531672949058	0.22533829182372644	0.5092592592592591	0.12314225053078554	1.0
holdout	concordant_helpful	13003	reference	rank2_shrink05	3	0.8884632741413971	1.0	0.0	2	0.5	0.019013531672949058	0.22533829182372644	0.5092592592592591	0.12314225053078554	1.0
holdout	concordant_helpful	13003	target	rank2_shrink10	4	0.8195483217354862	0.9888888888888889	0.0	2	1.0	0.025351375563932077	0.3837843890983019	0.5092592592592591	0.12314225053078554	1.0
holdout	concordant_helpful	13003	reference	rank2_shrink10	4	0.8884632741413971	1.0	0.0	2	1.0	0.025351375563932077	0.3837843890983019	0.5092592592592591	0.12314225053078554	1.0
holdout	concordant_helpful	13003	target	rank3_shrink05	5	0.8195483217354862	0.9888888888888889	0.0	3	0.5	0.019016707951470924	0.2254176987867731	0.5092592592592591	0.12314225053078554	1.0
holdout	concordant_helpful	13003	reference	rank3_shrink05	5	0.8884632741413971	1.0	0.0	3	0.5	0.019016707951470924	0.2254176987867731	0.5092592592592591	0.12314225053078554	1.0
holdout	concordant_helpful	13003	target	rank3_shrink10	6	0.8195483217354862	0.9888888888888889	0.0	3	1.0	0.02535561060196112	0.383890265049028	0.5092592592592591	0.12314225053078554	1.0
holdout	concordant_helpful	13003	reference	rank3_shrink10	6	0.8884632741413971	1.0	0.0	3	1.0	0.02535561060196112	0.383890265049028	0.5092592592592591	0.12314225053078554	1.0
holdout	concordant_helpful	13004	target	raw_rc6_reference	0	0.768095014269433	0.8979591836734694	0.0	0	0.0	0.0	0.0	0.5314814814814817	0.059788359788359835	1.0
holdout	concordant_helpful	13004	reference	raw_rc6_reference	0	0.9131719388889451	1.0	0.0	0	0.0	0.0	0.0	0.5314814814814817	0.059788359788359835	1.0
holdout	concordant_helpful	13004	target	rank1_shrink05	1	0.7648237407844696	0.8979591836734694	0.0	1	0.5	0.02688522957987516	0.4221307394968789	0.5314814814814817	0.059788359788359835	1.0
holdout	concordant_helpful	13004	reference	rank1_shrink05	1	0.9164239757083502	1.0	0.0	1	0.5	0.02688522957987516	0.4221307394968789	0.5314814814814817	0.059788359788359835	1.0
holdout	concordant_helpful	13004	target	rank1_shrink10	2	0.759589703208528	0.8979591836734694	0.0	1	1.0	0.03584697277316684	0.6461743193291709	0.5314814814814817	0.059788359788359835	1.0
holdout	concordant_helpful	13004	reference	rank1_shrink10	2	0.9164239757083502	1.0	0.0	1	1.0	0.03584697277316684	0.6461743193291709	0.5314814814814817	0.059788359788359835	1.0
holdout	concordant_helpful	13004	target	rank2_shrink05	3	0.7648237407844696	0.8979591836734694	0.0	2	0.5	0.027035952304808375	0.4258988076202093	0.5314814814814817	0.059788359788359835	1.0
holdout	concordant_helpful	13004	reference	rank2_shrink05	3	0.9164239757083502	1.0	0.0	2	0.5	0.027035952304808375	0.4258988076202093	0.5314814814814817	0.059788359788359835	1.0
holdout	concordant_helpful	13004	target	rank2_shrink10	4	0.759589703208528	0.8979591836734694	0.0	2	1.0	0.03604793640641124	0.6511984101602809	0.5314814814814817	0.059788359788359835	1.0
holdout	concordant_helpful	13004	reference	rank2_shrink10	4	0.9164239757083502	1.0	0.0	2	1.0	0.03604793640641124	0.6511984101602809	0.5314814814814817	0.059788359788359835	1.0
holdout	concordant_helpful	13004	target	rank3_shrink05	5	0.7648237407844696	0.8979591836734694	0.0	3	0.5	0.027845237468352102	0.4461309367088025	0.5314814814814817	0.059788359788359835	1.0
holdout	concordant_helpful	13004	reference	rank3_shrink05	5	0.9164239757083502	1.0	0.0	3	0.5	0.027845237468352102	0.4461309367088025	0.5314814814814817	0.059788359788359835	1.0
holdout	concordant_helpful	13004	target	rank3_shrink10	6	0.759589703208528	0.8979591836734694	0.0	3	1.0	0.037126983291136395	0.6781745822784098	0.5314814814814817	0.059788359788359835	1.0
holdout	concordant_helpful	13004	reference	rank3_shrink10	6	0.9164239757083502	1.0	0.0	3	1.0	0.037126983291136395	0.6781745822784098	0.5314814814814817	0.059788359788359835	1.0
holdout	concordant_helpful	13005	target	raw_rc6_reference	0	0.8287043499962499	0.9111111111111112	0.0	0	0.0	0.0	0.0	0.49444444444444446	0.06115879828326176	1.0
holdout	concordant_helpful	13005	reference	raw_rc6_reference	0	0.9080329497832781	0.9666666666666667	0.0	0	0.0	0.0	0.0	0.49444444444444446	0.06115879828326176	1.0
holdout	concordant_helpful	13005	target	rank1_shrink05	1	0.8188152766072732	0.9	0.0	1	0.5	0.02501375824792129	0.3753439561980323	0.49444444444444446	0.06115879828326176	1.0
holdout	concordant_helpful	13005	reference	rank1_shrink05	1	0.9080329497832781	0.9666666666666667	0.0	1	0.5	0.02501375824792129	0.3753439561980323	0.49444444444444446	0.06115879828326176	1.0
holdout	concordant_helpful	13005	target	rank1_shrink10	2	0.8267265353184545	0.9	0.0	1	1.0	0.03335167766389546	0.5837919415973865	0.49444444444444446	0.06115879828326176	1.0
holdout	concordant_helpful	13005	reference	rank1_shrink10	2	0.9080329497832781	0.9666666666666667	0.0	1	1.0	0.03335167766389546	0.5837919415973865	0.49444444444444446	0.06115879828326176	1.0
holdout	concordant_helpful	13005	target	rank2_shrink05	3	0.8201338197258032	0.9	0.0	2	0.5	0.025325298299885057	0.38313245749712643	0.49444444444444446	0.06115879828326176	1.0
holdout	concordant_helpful	13005	reference	rank2_shrink05	3	0.9080329497832781	0.9666666666666667	0.0	2	0.5	0.025325298299885057	0.38313245749712643	0.49444444444444446	0.06115879828326176	1.0
holdout	concordant_helpful	13005	target	rank2_shrink10	4	0.8267265353184545	0.9	0.0	2	1.0	0.03376706439984711	0.5941766099961777	0.49444444444444446	0.06115879828326176	1.0
holdout	concordant_helpful	13005	reference	rank2_shrink10	4	0.9080329497832781	0.9666666666666667	0.0	2	1.0	0.03376706439984711	0.5941766099961777	0.49444444444444446	0.06115879828326176	1.0
holdout	concordant_helpful	13005	target	rank3_shrink05	5	0.8201338197258032	0.9	0.0	3	0.5	0.025690819539392562	0.392270488484814	0.49444444444444446	0.06115879828326176	1.0
holdout	concordant_helpful	13005	reference	rank3_shrink05	5	0.9080329497832781	0.9666666666666667	0.0	3	0.5	0.025690819539392562	0.392270488484814	0.49444444444444446	0.06115879828326176	1.0
holdout	concordant_helpful	13005	target	rank3_shrink10	6	0.8267265353184545	0.9	0.0	3	1.0	0.03425442605252371	0.6063606513130927	0.49444444444444446	0.06115879828326176	1.0
holdout	concordant_helpful	13005	reference	rank3_shrink10	6	0.9080329497832781	0.9666666666666667	0.0	3	1.0	0.03425442605252371	0.6063606513130927	0.49444444444444446	0.06115879828326176	1.0
holdout	concordant_helpful	13006	target	raw_rc6_reference	0	0.7815077520214277	0.826530612244898	0.0	0	0.0	0.0	0.0	0.5685185185185184	0.09194776931447224	1.0
holdout	concordant_helpful	13006	reference	raw_rc6_reference	0	0.8629148095236596	1.0	0.0	0	0.0	0.0	0.0	0.5685185185185184	0.09194776931447224	1.0
holdout	concordant_helpful	13006	target	rank1_shrink05	1	0.7749951874212491	0.826530612244898	0.0	1	0.5	0.023974425638721764	0.3493606409680441	0.5685185185185184	0.09194776931447224	1.0
holdout	concordant_helpful	13006	reference	rank1_shrink05	1	0.8511921932433384	1.0	0.0	1	0.5	0.023974425638721764	0.3493606409680441	0.5685185185185184	0.09194776931447224	1.0
holdout	concordant_helpful	13006	target	rank1_shrink10	2	0.7749951874212491	0.826530612244898	0.0	1	1.0	0.0319659008516292	0.54914752129073	0.5685185185185184	0.09194776931447224	1.0
holdout	concordant_helpful	13006	reference	rank1_shrink10	2	0.8511921932433384	1.0	0.0	1	1.0	0.0319659008516292	0.54914752129073	0.5685185185185184	0.09194776931447224	1.0
holdout	concordant_helpful	13006	target	rank2_shrink05	3	0.7749951874212491	0.826530612244898	0.0	2	0.5	0.024279019165417304	0.3569754791354326	0.5685185185185184	0.09194776931447224	1.0
holdout	concordant_helpful	13006	reference	rank2_shrink05	3	0.8511921932433384	1.0	0.0	2	0.5	0.024279019165417304	0.3569754791354326	0.5685185185185184	0.09194776931447224	1.0
holdout	concordant_helpful	13006	target	rank2_shrink10	4	0.7749951874212491	0.826530612244898	0.0	2	1.0	0.03237202555388996	0.5593006388472489	0.5685185185185184	0.09194776931447224	1.0
holdout	concordant_helpful	13006	reference	rank2_shrink10	4	0.8511921932433384	1.0	0.0	2	1.0	0.03237202555388996	0.5593006388472489	0.5685185185185184	0.09194776931447224	1.0
holdout	concordant_helpful	13006	target	rank3_shrink05	5	0.7749951874212491	0.826530612244898	0.0	3	0.5	0.024569289809578287	0.3642322452394572	0.5685185185185184	0.09194776931447224	1.0
holdout	concordant_helpful	13006	reference	rank3_shrink05	5	0.8511921932433384	1.0	0.0	3	0.5	0.024569289809578287	0.3642322452394572	0.5685185185185184	0.09194776931447224	1.0
holdout	concordant_helpful	13006	target	rank3_shrink10	6	0.7749951874212491	0.826530612244898	0.0	3	1.0	0.03275905307943794	0.5689763269859484	0.5685185185185184	0.09194776931447224	1.0
holdout	concordant_helpful	13006	reference	rank3_shrink10	6	0.8511921932433384	1.0	0.0	3	1.0	0.03275905307943794	0.5689763269859484	0.5685185185185184	0.09194776931447224	1.0
holdout	concordant_helpful	13007	target	raw_rc6_reference	0	0.8874447613836915	0.9222222222222223	0.0	0	0.0	0.0	0.0	0.501851851851852	0.13143124415341445	1.0
holdout	concordant_helpful	13007	reference	raw_rc6_reference	0	0.7763159799442054	0.9	0.0	0	0.0	0.0	0.0	0.501851851851852	0.13143124415341445	1.0
holdout	concordant_helpful	13007	target	rank1_shrink05	1	0.8835410454245257	0.9111111111111112	0.0	1	0.5	0.016863185536987402	0.17157963842468504	0.501851851851852	0.13143124415341445	1.0
holdout	concordant_helpful	13007	reference	rank1_shrink05	1	0.7691096712696179	0.9	0.0	1	0.5	0.016863185536987402	0.17157963842468504	0.501851851851852	0.13143124415341445	1.0
holdout	concordant_helpful	13007	target	rank1_shrink10	2	0.8815891874449429	0.9111111111111112	0.0	1	1.0	0.02248424738264998	0.3121061845662495	0.501851851851852	0.13143124415341445	1.0
holdout	concordant_helpful	13007	reference	rank1_shrink10	2	0.7691096712696179	0.9	0.0	1	1.0	0.02248424738264998	0.3121061845662495	0.501851851851852	0.13143124415341445	1.0
holdout	concordant_helpful	13007	target	rank2_shrink05	3	0.8835410454245257	0.9111111111111112	0.0	2	0.5	0.017161690497552673	0.17904226243881682	0.501851851851852	0.13143124415341445	1.0
holdout	concordant_helpful	13007	reference	rank2_shrink05	3	0.7691096712696179	0.9	0.0	2	0.5	0.017161690497552673	0.17904226243881682	0.501851851851852	0.13143124415341445	1.0
holdout	concordant_helpful	13007	target	rank2_shrink10	4	0.8815891874449429	0.9111111111111112	0.0	2	1.0	0.022882253996737045	0.32205634991842613	0.501851851851852	0.13143124415341445	1.0
holdout	concordant_helpful	13007	reference	rank2_shrink10	4	0.7691096712696179	0.9	0.0	2	1.0	0.022882253996737045	0.32205634991842613	0.501851851851852	0.13143124415341445	1.0
holdout	concordant_helpful	13007	target	rank3_shrink05	5	0.8835410454245257	0.9111111111111112	0.0	3	0.5	0.01761756016481053	0.19043900412026327	0.501851851851852	0.13143124415341445	1.0
holdout	concordant_helpful	13007	reference	rank3_shrink05	5	0.7691096712696179	0.9	0.0	3	0.5	0.01761756016481053	0.19043900412026327	0.501851851851852	0.13143124415341445	1.0
holdout	concordant_helpful	13007	target	rank3_shrink10	6	0.8815891874449429	0.9111111111111112	0.0	3	1.0	0.023490080219747855	0.3372520054936964	0.501851851851852	0.13143124415341445	1.0
holdout	concordant_helpful	13007	reference	rank3_shrink10	6	0.7691096712696179	0.9	0.0	3	1.0	0.023490080219747855	0.3372520054936964	0.501851851851852	0.13143124415341445	1.0
holdout	concordant_helpful	13008	target	raw_rc6_reference	0	0.755249327694126	0.9285714285714286	0.0	0	0.0	0.0	0.0	0.5074074074074075	0.030732860520094607	1.0
holdout	concordant_helpful	13008	reference	raw_rc6_reference	0	0.8443292930780028	0.9183673469387755	0.0	0	0.0	0.0	0.0	0.5074074074074075	0.030732860520094607	1.0
holdout	concordant_helpful	13008	target	rank1_shrink05	1	0.7352106904543001	0.8979591836734694	0.0	1	0.5	0.02571709159963309	0.3929272899908272	0.5074074074074075	0.030732860520094607	1.0
holdout	concordant_helpful	13008	reference	rank1_shrink05	1	0.8436793090186664	0.9285714285714285	0.0	1	0.5	0.02571709159963309	0.3929272899908272	0.5074074074074075	0.030732860520094607	1.0
holdout	concordant_helpful	13008	target	rank1_shrink10	2	0.7352106904543001	0.8979591836734694	0.0	1	1.0	0.03428945546617723	0.6072363866544307	0.5074074074074075	0.030732860520094607	1.0
holdout	concordant_helpful	13008	reference	rank1_shrink10	2	0.8436793090186664	0.9285714285714285	0.0	1	1.0	0.03428945546617723	0.6072363866544307	0.5074074074074075	0.030732860520094607	1.0
holdout	concordant_helpful	13008	target	rank2_shrink05	3	0.7352106904543001	0.8979591836734694	0.0	2	0.5	0.025843958397621436	0.39609895994053584	0.5074074074074075	0.030732860520094607	1.0
holdout	concordant_helpful	13008	reference	rank2_shrink05	3	0.8436793090186664	0.9285714285714285	0.0	2	0.5	0.025843958397621436	0.39609895994053584	0.5074074074074075	0.030732860520094607	1.0
holdout	concordant_helpful	13008	target	rank2_shrink10	4	0.7352106904543001	0.8979591836734694	0.0	2	1.0	0.03445861119682847	0.6114652799207116	0.5074074074074075	0.030732860520094607	1.0
holdout	concordant_helpful	13008	reference	rank2_shrink10	4	0.8436793090186664	0.9285714285714285	0.0	2	1.0	0.03445861119682847	0.6114652799207116	0.5074074074074075	0.030732860520094607	1.0
holdout	concordant_helpful	13008	target	rank3_shrink05	5	0.7352106904543001	0.8979591836734694	0.0	3	0.5	0.02661663608696041	0.4154159021740102	0.5074074074074075	0.030732860520094607	1.0
holdout	concordant_helpful	13008	reference	rank3_shrink05	5	0.8436793090186664	0.9285714285714285	0.0	3	0.5	0.02661663608696041	0.4154159021740102	0.5074074074074075	0.030732860520094607	1.0
holdout	concordant_helpful	13008	target	rank3_shrink10	6	0.7172450156875597	0.8877551020408163	0.0	3	1.0	0.03548884811594755	0.6372212028986886	0.5074074074074075	0.030732860520094607	1.0
holdout	concordant_helpful	13008	reference	rank3_shrink10	6	0.8436793090186664	0.9285714285714285	0.0	3	1.0	0.03548884811594755	0.6372212028986886	0.5074074074074075	0.030732860520094607	1.0
holdout	concordant_helpful	13009	target	raw_rc6_reference	0	0.6859608090052496	0.9111111111111111	0.0	0	0.0	0.0	0.0	0.5796296296296295	0.049342105263157854	1.0
holdout	concordant_helpful	13009	reference	raw_rc6_reference	0	0.8897572737892286	1.0	0.0	0	0.0	0.0	0.0	0.5796296296296295	0.049342105263157854	1.0
holdout	concordant_helpful	13009	target	rank1_shrink05	1	0.680053012564056	0.9111111111111111	0.0	1	0.5	0.025157694320440682	0.37894235801101706	0.5796296296296295	0.049342105263157854	1.0
holdout	concordant_helpful	13009	reference	rank1_shrink05	1	0.8897572737892286	1.0	0.0	1	0.5	0.025157694320440682	0.37894235801101706	0.5796296296296295	0.049342105263157854	1.0
holdout	concordant_helpful	13009	target	rank1_shrink10	2	0.680053012564056	0.9111111111111111	0.0	1	1.0	0.033543592427254354	0.5885898106813587	0.5796296296296295	0.049342105263157854	1.0
holdout	concordant_helpful	13009	reference	rank1_shrink10	2	0.8923589032447528	1.0	0.0	1	1.0	0.033543592427254354	0.5885898106813587	0.5796296296296295	0.049342105263157854	1.0
holdout	concordant_helpful	13009	target	rank2_shrink05	3	0.680053012564056	0.9111111111111111	0.0	2	0.5	0.025366442168211267	0.3841610542052817	0.5796296296296295	0.049342105263157854	1.0
holdout	concordant_helpful	13009	reference	rank2_shrink05	3	0.8897572737892286	1.0	0.0	2	0.5	0.025366442168211267	0.3841610542052817	0.5796296296296295	0.049342105263157854	1.0
holdout	concordant_helpful	13009	target	rank2_shrink10	4	0.680053012564056	0.9111111111111111	0.0	2	1.0	0.03382192289094865	0.5955480722737162	0.5796296296296295	0.049342105263157854	1.0
holdout	concordant_helpful	13009	reference	rank2_shrink10	4	0.8923589032447528	1.0	0.0	2	1.0	0.03382192289094865	0.5955480722737162	0.5796296296296295	0.049342105263157854	1.0
holdout	concordant_helpful	13009	target	rank3_shrink05	5	0.680053012564056	0.9111111111111111	0.0	3	0.5	0.025799297939122168	0.39498244847805414	0.5796296296296295	0.049342105263157854	1.0
holdout	concordant_helpful	13009	reference	rank3_shrink05	5	0.8897572737892286	1.0	0.0	3	0.5	0.025799297939122168	0.39498244847805414	0.5796296296296295	0.049342105263157854	1.0
holdout	concordant_helpful	13009	target	rank3_shrink10	6	0.680053012564056	0.9111111111111111	0.0	3	1.0	0.034399063918829964	0.609976597970749	0.5796296296296295	0.049342105263157854	1.0
holdout	concordant_helpful	13009	reference	rank3_shrink10	6	0.8923589032447528	1.0	0.0	3	1.0	0.034399063918829964	0.609976597970749	0.5796296296296295	0.049342105263157854	1.0
holdout	concordant_helpful	13010	target	raw_rc6_reference	0	0.8708618002998336	0.8888888888888888	0.0	0	0.0	0.0	0.0	0.5574074074074074	0.06991525423728817	1.0
holdout	concordant_helpful	13010	reference	raw_rc6_reference	0	0.8220401863624627	0.9666666666666668	0.0	0	0.0	0.0	0.0	0.5574074074074074	0.06991525423728817	1.0
holdout	concordant_helpful	13010	target	rank1_shrink05	1	0.8721733391557068	0.8888888888888888	0.0	1	0.5	0.020666933888295658	0.26667334720739144	0.5574074074074074	0.06991525423728817	1.0
holdout	concordant_helpful	13010	reference	rank1_shrink05	1	0.8298629319900199	0.9666666666666668	0.0	1	0.5	0.020666933888295658	0.26667334720739144	0.5574074074074074	0.06991525423728817	1.0
holdout	concordant_helpful	13010	target	rank1_shrink10	2	0.8708618002998336	0.8888888888888888	0.0	1	1.0	0.027555911851060877	0.43889779627652187	0.5574074074074074	0.06991525423728817	1.0
holdout	concordant_helpful	13010	reference	rank1_shrink10	2	0.8298629319900199	0.9666666666666668	0.0	1	1.0	0.027555911851060877	0.43889779627652187	0.5574074074074074	0.06991525423728817	1.0
holdout	concordant_helpful	13010	target	rank2_shrink05	3	0.8721733391557068	0.8888888888888888	0.0	2	0.5	0.021097989765161085	0.2774497441290271	0.5574074074074074	0.06991525423728817	1.0
holdout	concordant_helpful	13010	reference	rank2_shrink05	3	0.8298629319900199	0.9666666666666668	0.0	2	0.5	0.021097989765161085	0.2774497441290271	0.5574074074074074	0.06991525423728817	1.0
holdout	concordant_helpful	13010	target	rank2_shrink10	4	0.8708618002998336	0.8888888888888888	0.0	2	1.0	0.028130653020215002	0.453266325505375	0.5574074074074074	0.06991525423728817	1.0
holdout	concordant_helpful	13010	reference	rank2_shrink10	4	0.8298629319900199	0.9666666666666668	0.0	2	1.0	0.028130653020215002	0.453266325505375	0.5574074074074074	0.06991525423728817	1.0
holdout	concordant_helpful	13010	target	rank3_shrink05	5	0.8721733391557068	0.8888888888888888	0.0	3	0.5	0.0215238552408058	0.288096381020145	0.5574074074074074	0.06991525423728817	1.0
holdout	concordant_helpful	13010	reference	rank3_shrink05	5	0.8298629319900199	0.9666666666666668	0.0	3	0.5	0.0215238552408058	0.288096381020145	0.5574074074074074	0.06991525423728817	1.0
holdout	concordant_helpful	13010	target	rank3_shrink10	6	0.8708618002998336	0.8888888888888888	0.0	3	1.0	0.02869847365440792	0.4674618413601979	0.5574074074074074	0.06991525423728817	1.0
holdout	concordant_helpful	13010	reference	rank3_shrink10	6	0.8298629319900199	0.9666666666666668	0.0	3	1.0	0.02869847365440792	0.4674618413601979	0.5574074074074074	0.06991525423728817	1.0
holdout	concordant_helpful	13011	target	raw_rc6_reference	0	0.8580758262711624	0.9222222222222223	0.0	0	0.0	0.0	0.0	0.48888888888888893	0.09169199594731514	1.0
holdout	concordant_helpful	13011	reference	raw_rc6_reference	0	0.8275877833431492	0.9888888888888889	0.0	0	0.0	0.0	0.0	0.48888888888888893	0.09169199594731514	1.0
holdout	concordant_helpful	13011	target	rank1_shrink05	1	0.8691435721335371	0.9222222222222223	0.0	1	0.5	0.02564403050564823	0.3911007626412057	0.48888888888888893	0.09169199594731514	1.0
holdout	concordant_helpful	13011	reference	rank1_shrink05	1	0.8432026471798124	0.9888888888888889	0.0	1	0.5	0.02564403050564823	0.3911007626412057	0.48888888888888893	0.09169199594731514	1.0
holdout	concordant_helpful	13011	target	rank1_shrink10	2	0.8691435721335371	0.9222222222222223	0.0	1	1.0	0.03419204067419801	0.6048010168549501	0.48888888888888893	0.09169199594731514	1.0
holdout	concordant_helpful	13011	reference	rank1_shrink10	2	0.8432026471798124	0.9888888888888889	0.0	1	1.0	0.03419204067419801	0.6048010168549501	0.48888888888888893	0.09169199594731514	1.0
holdout	concordant_helpful	13011	target	rank2_shrink05	3	0.8691435721335371	0.9222222222222223	0.0	2	0.5	0.026231244054713776	0.40578110136784434	0.48888888888888893	0.09169199594731514	1.0
holdout	concordant_helpful	13011	reference	rank2_shrink05	3	0.8432026471798124	0.9888888888888889	0.0	2	0.5	0.026231244054713776	0.40578110136784434	0.48888888888888893	0.09169199594731514	1.0
holdout	concordant_helpful	13011	target	rank2_shrink10	4	0.8691435721335371	0.9222222222222223	0.0	2	1.0	0.03497499207295185	0.6243748018237961	0.48888888888888893	0.09169199594731514	1.0
holdout	concordant_helpful	13011	reference	rank2_shrink10	4	0.8523113177511993	0.9888888888888889	0.0	2	1.0	0.03497499207295185	0.6243748018237961	0.48888888888888893	0.09169199594731514	1.0
holdout	concordant_helpful	13011	target	rank3_shrink05	5	0.8691435721335371	0.9222222222222223	0.0	3	0.5	0.026557466562847964	0.41393666407119906	0.48888888888888893	0.09169199594731514	1.0
holdout	concordant_helpful	13011	reference	rank3_shrink05	5	0.8432026471798124	0.9888888888888889	0.0	3	0.5	0.026557466562847964	0.41393666407119906	0.48888888888888893	0.09169199594731514	1.0
holdout	concordant_helpful	13011	target	rank3_shrink10	6	0.8691435721335371	0.9222222222222223	0.0	3	1.0	0.0354099554171311	0.6352488854282774	0.48888888888888893	0.09169199594731514	1.0
holdout	concordant_helpful	13011	reference	rank3_shrink10	6	0.8523113177511993	0.9888888888888889	0.0	3	1.0	0.0354099554171311	0.6352488854282774	0.48888888888888893	0.09169199594731514	1.0
holdout	concordant_helpful	13012	target	raw_rc6_reference	0	0.8881723085943304	0.9807692307692308	0.0	0	0.0	0.0	0.0	0.574074074074074	0.127	1.0
holdout	concordant_helpful	13012	reference	raw_rc6_reference	0	0.8899769761097718	1.0	0.0	0	0.0	0.0	0.0	0.574074074074074	0.127	1.0
holdout	concordant_helpful	13012	target	rank1_shrink05	1	0.8862159819234178	0.9807692307692308	0.0	1	0.5	0.021882536347332948	0.2970634086833237	0.574074074074074	0.127	1.0
holdout	concordant_helpful	13012	reference	rank1_shrink05	1	0.8899769761097718	1.0	0.0	1	0.5	0.021882536347332948	0.2970634086833237	0.574074074074074	0.127	1.0
holdout	concordant_helpful	13012	target	rank1_shrink10	2	0.8920849619361557	0.9807692307692308	0.0	1	1.0	0.029176715129777597	0.4794178782444399	0.574074074074074	0.127	1.0
holdout	concordant_helpful	13012	reference	rank1_shrink10	2	0.8919301077325436	1.0	0.0	1	1.0	0.029176715129777597	0.4794178782444399	0.574074074074074	0.127	1.0
holdout	concordant_helpful	13012	target	rank2_shrink05	3	0.8862159819234178	0.9807692307692308	0.0	2	0.5	0.02210837978180724	0.30270949454518103	0.574074074074074	0.127	1.0
holdout	concordant_helpful	13012	reference	rank2_shrink05	3	0.8899769761097718	1.0	0.0	2	0.5	0.02210837978180724	0.30270949454518103	0.574074074074074	0.127	1.0
holdout	concordant_helpful	13012	target	rank2_shrink10	4	0.8920849619361557	0.9807692307692308	0.0	2	1.0	0.029477839709076803	0.48694599272692	0.574074074074074	0.127	1.0
holdout	concordant_helpful	13012	reference	rank2_shrink10	4	0.8919301077325436	1.0	0.0	2	1.0	0.029477839709076803	0.48694599272692	0.574074074074074	0.127	1.0
holdout	concordant_helpful	13012	target	rank3_shrink05	5	0.8862159819234178	0.9807692307692308	0.0	3	0.5	0.02241833439390295	0.31045835984757375	0.574074074074074	0.127	1.0
holdout	concordant_helpful	13012	reference	rank3_shrink05	5	0.8899769761097718	1.0	0.0	3	0.5	0.02241833439390295	0.31045835984757375	0.574074074074074	0.127	1.0
holdout	concordant_helpful	13012	target	rank3_shrink10	6	0.8920849619361557	0.9807692307692308	0.0	3	1.0	0.02989111252520449	0.49727781313011216	0.574074074074074	0.127	1.0
holdout	concordant_helpful	13012	reference	rank3_shrink10	6	0.8919301077325436	1.0	0.0	3	1.0	0.02989111252520449	0.49727781313011216	0.574074074074074	0.127	1.0
holdout	partial_responders	13001	target	raw_rc6_reference	0	0.801040989379861	0.9444444444444445	0.0	0	0.0	0.0	0.0	0.2962962962962963	0.08553274682306944	1.0
holdout	partial_responders	13001	reference	raw_rc6_reference	0	0.9147707730978519	0.9555555555555556	0.0	0	0.0	0.0	0.0	0.2962962962962963	0.08553274682306944	1.0
holdout	partial_responders	13001	target	rank1_shrink05	1	0.801040989379861	0.9444444444444445	0.0	1	0.5	0.013974878664160917	0.09937196660402291	0.2962962962962963	0.08553274682306944	1.0
holdout	partial_responders	13001	reference	rank1_shrink05	1	0.9147707730978519	0.9555555555555556	0.0	1	0.5	0.013974878664160917	0.09937196660402291	0.2962962962962963	0.08553274682306944	1.0
holdout	partial_responders	13001	target	rank1_shrink10	2	0.801040989379861	0.9444444444444445	0.0	1	1.0	0.018633171552214667	0.21582928880536667	0.2962962962962963	0.08553274682306944	1.0
holdout	partial_responders	13001	reference	rank1_shrink10	2	0.9147707730978519	0.9555555555555556	0.0	1	1.0	0.018633171552214667	0.21582928880536667	0.2962962962962963	0.08553274682306944	1.0
holdout	partial_responders	13001	target	rank2_shrink05	3	0.801040989379861	0.9444444444444445	0.0	2	0.5	0.014515882686420456	0.11289706716051139	0.2962962962962963	0.08553274682306944	1.0
holdout	partial_responders	13001	reference	rank2_shrink05	3	0.9147707730978519	0.9555555555555556	0.0	2	0.5	0.014515882686420456	0.11289706716051139	0.2962962962962963	0.08553274682306944	1.0
holdout	partial_responders	13001	target	rank2_shrink10	4	0.801040989379861	0.9444444444444445	0.0	2	1.0	0.01935451024856072	0.23386275621401797	0.2962962962962963	0.08553274682306944	1.0
holdout	partial_responders	13001	reference	rank2_shrink10	4	0.9147707730978519	0.9555555555555556	0.0	2	1.0	0.01935451024856072	0.23386275621401797	0.2962962962962963	0.08553274682306944	1.0
holdout	partial_responders	13001	target	rank3_shrink05	5	0.801040989379861	0.9444444444444445	0.0	3	0.5	0.01501609521378977	0.12540238034474427	0.2962962962962963	0.08553274682306944	1.0
holdout	partial_responders	13001	reference	rank3_shrink05	5	0.9147707730978519	0.9555555555555556	0.0	3	0.5	0.01501609521378977	0.12540238034474427	0.2962962962962963	0.08553274682306944	1.0
holdout	partial_responders	13001	target	rank3_shrink10	6	0.801040989379861	0.9444444444444445	0.0	3	1.0	0.020021460285053028	0.2505365071263257	0.2962962962962963	0.08553274682306944	1.0
holdout	partial_responders	13001	reference	rank3_shrink10	6	0.9147707730978519	0.9555555555555556	0.0	3	1.0	0.020021460285053028	0.2505365071263257	0.2962962962962963	0.08553274682306944	1.0
holdout	partial_responders	13002	target	raw_rc6_reference	0	0.8334433572818979	0.9333333333333333	0.0	0	0.0	0.0	0.0	0.3314814814814815	0.11683079677708141	1.0
holdout	partial_responders	13002	reference	raw_rc6_reference	0	0.7063383024400696	0.9	0.0	0	0.0	0.0	0.0	0.3314814814814815	0.11683079677708141	1.0
holdout	partial_responders	13002	target	rank1_shrink05	1	0.8334433572818979	0.9333333333333333	0.0	1	0.5	0.010715615433449788	0.017890385836244686	0.3314814814814815	0.11683079677708141	1.0
holdout	partial_responders	13002	reference	rank1_shrink05	1	0.7063383024400696	0.9	0.0	1	0.5	0.010715615433449788	0.017890385836244686	0.3314814814814815	0.11683079677708141	1.0
holdout	partial_responders	13002	target	rank1_shrink10	2	0.8334433572818979	0.9333333333333333	0.0	1	1.0	0.014287487244599606	0.10718718111499013	0.3314814814814815	0.11683079677708141	1.0
holdout	partial_responders	13002	reference	rank1_shrink10	2	0.7063383024400696	0.9	0.0	1	1.0	0.014287487244599606	0.10718718111499013	0.3314814814814815	0.11683079677708141	1.0
holdout	partial_responders	13002	target	rank2_shrink05	3	0.8334433572818979	0.9333333333333333	0.0	2	0.5	0.0109217513252573	0.02304378313143251	0.3314814814814815	0.11683079677708141	1.0
holdout	partial_responders	13002	reference	rank2_shrink05	3	0.7063383024400696	0.9	0.0	2	0.5	0.0109217513252573	0.02304378313143251	0.3314814814814815	0.11683079677708141	1.0
holdout	partial_responders	13002	target	rank2_shrink10	4	0.8334433572818979	0.9333333333333333	0.0	2	1.0	0.014562335100343549	0.1140583775085887	0.3314814814814815	0.11683079677708141	1.0
holdout	partial_responders	13002	reference	rank2_shrink10	4	0.7063383024400696	0.9	0.0	2	1.0	0.014562335100343549	0.1140583775085887	0.3314814814814815	0.11683079677708141	1.0
holdout	partial_responders	13002	target	rank3_shrink05	5	0.8334433572818979	0.9333333333333333	0.0	3	0.5	0.011832970830119693	0.04582427075299233	0.3314814814814815	0.11683079677708141	1.0
holdout	partial_responders	13002	reference	rank3_shrink05	5	0.7063383024400696	0.9	0.0	3	0.5	0.011832970830119693	0.04582427075299233	0.3314814814814815	0.11683079677708141	1.0
holdout	partial_responders	13002	target	rank3_shrink10	6	0.8334433572818979	0.9333333333333333	0.0	3	1.0	0.01577729444015974	0.14443236100399348	0.3314814814814815	0.11683079677708141	1.0
holdout	partial_responders	13002	reference	rank3_shrink10	6	0.7063383024400696	0.9	0.0	3	1.0	0.01577729444015974	0.14443236100399348	0.3314814814814815	0.11683079677708141	1.0
holdout	partial_responders	13003	target	raw_rc6_reference	0	0.7817631049941043	0.9888888888888889	0.0	0	0.0	0.0	0.0	0.39074074074074083	0.12195121951219512	1.0
holdout	partial_responders	13003	reference	raw_rc6_reference	0	0.8571517931143875	1.0	0.0	0	0.0	0.0	0.0	0.39074074074074083	0.12195121951219512	1.0
holdout	partial_responders	13003	target	rank1_shrink05	1	0.7785057587232955	0.9888888888888889	0.0	1	0.5	0.012014334450957453	0.05035836127393633	0.39074074074074083	0.12195121951219512	1.0
holdout	partial_responders	13003	reference	rank1_shrink05	1	0.8571517931143875	1.0	0.0	1	0.5	0.012014334450957453	0.05035836127393633	0.39074074074074083	0.12195121951219512	1.0
holdout	partial_responders	13003	target	rank1_shrink10	2	0.7785057587232955	0.9888888888888889	0.0	1	1.0	0.016019112601276753	0.15047781503191882	0.39074074074074083	0.12195121951219512	1.0
holdout	partial_responders	13003	reference	rank1_shrink10	2	0.8571517931143875	1.0	0.0	1	1.0	0.016019112601276753	0.15047781503191882	0.39074074074074083	0.12195121951219512	1.0
holdout	partial_responders	13003	target	rank2_shrink05	3	0.7785057587232955	0.9888888888888889	0.0	2	0.5	0.01233101193175623	0.05827529829390576	0.39074074074074083	0.12195121951219512	1.0
holdout	partial_responders	13003	reference	rank2_shrink05	3	0.8571517931143875	1.0	0.0	2	0.5	0.01233101193175623	0.05827529829390576	0.39074074074074083	0.12195121951219512	1.0
holdout	partial_responders	13003	target	rank2_shrink10	4	0.7785057587232955	0.9888888888888889	0.0	2	1.0	0.016441349242341752	0.1610337310585438	0.39074074074074083	0.12195121951219512	1.0
holdout	partial_responders	13003	reference	rank2_shrink10	4	0.8571517931143875	1.0	0.0	2	1.0	0.016441349242341752	0.1610337310585438	0.39074074074074083	0.12195121951219512	1.0
holdout	partial_responders	13003	target	rank3_shrink05	5	0.7785057587232955	0.9888888888888889	0.0	3	0.5	0.012523383613802008	0.0630845903450502	0.39074074074074083	0.12195121951219512	1.0
holdout	partial_responders	13003	reference	rank3_shrink05	5	0.8571517931143875	1.0	0.0	3	0.5	0.012523383613802008	0.0630845903450502	0.39074074074074083	0.12195121951219512	1.0
holdout	partial_responders	13003	target	rank3_shrink10	6	0.7785057587232955	0.9888888888888889	0.0	3	1.0	0.016697844818402863	0.16744612046007157	0.39074074074074083	0.12195121951219512	1.0
holdout	partial_responders	13003	reference	rank3_shrink10	6	0.8571517931143875	1.0	0.0	3	1.0	0.016697844818402863	0.16744612046007157	0.39074074074074083	0.12195121951219512	1.0
holdout	partial_responders	13004	target	raw_rc6_reference	0	0.7236056948739293	0.8877551020408163	0.0	0	0.0	0.0	0.0	0.3314814814814815	0.08710298363811353	1.0
holdout	partial_responders	13004	reference	raw_rc6_reference	0	0.8695946455089172	0.9888888888888889	0.0	0	0.0	0.0	0.0	0.3314814814814815	0.08710298363811353	1.0
holdout	partial_responders	13004	target	rank1_shrink05	1	0.7236056948739293	0.8877551020408163	0.0	1	0.5	0.016013372999303388	0.1503343249825847	0.3314814814814815	0.08710298363811353	1.0
holdout	partial_responders	13004	reference	rank1_shrink05	1	0.8708954602366791	0.9888888888888889	0.0	1	0.5	0.016013372999303388	0.1503343249825847	0.3314814814814815	0.08710298363811353	1.0
holdout	partial_responders	13004	target	rank1_shrink10	2	0.730802496540849	0.8979591836734694	0.0	1	1.0	0.021351163999071	0.283779099976775	0.3314814814814815	0.08710298363811353	1.0
holdout	partial_responders	13004	reference	rank1_shrink10	2	0.8708954602366791	0.9888888888888889	0.0	1	1.0	0.021351163999071	0.283779099976775	0.3314814814814815	0.08710298363811353	1.0
holdout	partial_responders	13004	target	rank2_shrink05	3	0.7236056948739293	0.8877551020408163	0.0	2	0.5	0.016597246183687075	0.1649311545921769	0.3314814814814815	0.08710298363811353	1.0
holdout	partial_responders	13004	reference	rank2_shrink05	3	0.8708954602366791	0.9888888888888889	0.0	2	0.5	0.016597246183687075	0.1649311545921769	0.3314814814814815	0.08710298363811353	1.0
holdout	partial_responders	13004	target	rank2_shrink10	4	0.730802496540849	0.8979591836734694	0.0	2	1.0	0.022129661578249804	0.3032415394562451	0.3314814814814815	0.08710298363811353	1.0
holdout	partial_responders	13004	reference	rank2_shrink10	4	0.8708954602366791	0.9888888888888889	0.0	2	1.0	0.022129661578249804	0.3032415394562451	0.3314814814814815	0.08710298363811353	1.0
holdout	partial_responders	13004	target	rank3_shrink05	5	0.7236056948739293	0.8877551020408163	0.0	3	0.5	0.01706848309972553	0.17671207749313822	0.3314814814814815	0.08710298363811353	1.0
holdout	partial_responders	13004	reference	rank3_shrink05	5	0.8708954602366791	0.9888888888888889	0.0	3	0.5	0.01706848309972553	0.17671207749313822	0.3314814814814815	0.08710298363811353	1.0
holdout	partial_responders	13004	target	rank3_shrink10	6	0.730802496540849	0.8979591836734694	0.0	3	1.0	0.022757977466300816	0.3189494366575204	0.3314814814814815	0.08710298363811353	1.0
holdout	partial_responders	13004	reference	rank3_shrink10	6	0.8708954602366791	0.9888888888888889	0.0	3	1.0	0.022757977466300816	0.3189494366575204	0.3314814814814815	0.08710298363811353	1.0
holdout	partial_responders	13005	target	raw_rc6_reference	0	0.8313414362333102	0.9	0.0	0	0.0	0.0	0.0	0.3296296296296295	0.056631171345595366	1.0
holdout	partial_responders	13005	reference	raw_rc6_reference	0	0.8975957894409414	0.9666666666666667	0.0	0	0.0	0.0	0.0	0.3296296296296295	0.056631171345595366	1.0
holdout	partial_responders	13005	target	rank1_shrink05	1	0.8313414362333102	0.9	0.0	1	0.5	0.012186267247093707	0.054656681177342674	0.3296296296296295	0.056631171345595366	1.0
holdout	partial_responders	13005	reference	rank1_shrink05	1	0.8975957894409414	0.9666666666666667	0.0	1	0.5	0.012186267247093707	0.054656681177342674	0.3296296296296295	0.056631171345595366	1.0
holdout	partial_responders	13005	target	rank1_shrink10	2	0.8313414362333102	0.9	0.0	1	1.0	0.016248356329458313	0.15620890823645783	0.3296296296296295	0.056631171345595366	1.0
holdout	partial_responders	13005	reference	rank1_shrink10	2	0.8838970164916247	0.9666666666666667	0.0	1	1.0	0.016248356329458313	0.15620890823645783	0.3296296296296295	0.056631171345595366	1.0
holdout	partial_responders	13005	target	rank2_shrink05	3	0.8313414362333102	0.9	0.0	2	0.5	0.012188509395778757	0.05471273489446892	0.3296296296296295	0.056631171345595366	1.0
holdout	partial_responders	13005	reference	rank2_shrink05	3	0.8975957894409414	0.9666666666666667	0.0	2	0.5	0.012188509395778757	0.05471273489446892	0.3296296296296295	0.056631171345595366	1.0
holdout	partial_responders	13005	target	rank2_shrink10	4	0.8313414362333102	0.9	0.0	2	1.0	0.016251345861038602	0.15628364652596505	0.3296296296296295	0.056631171345595366	1.0
holdout	partial_responders	13005	reference	rank2_shrink10	4	0.8838970164916247	0.9666666666666667	0.0	2	1.0	0.016251345861038602	0.15628364652596505	0.3296296296296295	0.056631171345595366	1.0
holdout	partial_responders	13005	target	rank3_shrink05	5	0.8313414362333102	0.9	0.0	3	0.5	0.013030477899841797	0.07576194749604492	0.3296296296296295	0.056631171345595366	1.0
holdout	partial_responders	13005	reference	rank3_shrink05	5	0.8975957894409414	0.9666666666666667	0.0	3	0.5	0.013030477899841797	0.07576194749604492	0.3296296296296295	0.056631171345595366	1.0
holdout	partial_responders	13005	target	rank3_shrink10	6	0.8313414362333102	0.9	0.0	3	1.0	0.01737397053312284	0.184349263328071	0.3296296296296295	0.056631171345595366	1.0
holdout	partial_responders	13005	reference	rank3_shrink10	6	0.8838970164916247	0.9666666666666667	0.0	3	1.0	0.01737397053312284	0.184349263328071	0.3296296296296295	0.056631171345595366	1.0
holdout	partial_responders	13006	target	raw_rc6_reference	0	0.7059620026593564	0.8061224489795918	0.0	0	0.0	0.0	0.0	0.3740740740740742	0.11165048543689315	1.0
holdout	partial_responders	13006	reference	raw_rc6_reference	0	0.7932303683017492	1.0	0.0	0	0.0	0.0	0.0	0.3740740740740742	0.11165048543689315	1.0
holdout	partial_responders	13006	target	rank1_shrink05	1	0.7059620026593564	0.8061224489795918	0.0	1	0.5	0.012551529095375047	0.06378822738437617	0.3740740740740742	0.11165048543689315	1.0
holdout	partial_responders	13006	reference	rank1_shrink05	1	0.7932303683017492	1.0	0.0	1	0.5	0.012551529095375047	0.06378822738437617	0.3740740740740742	0.11165048543689315	1.0
holdout	partial_responders	13006	target	rank1_shrink10	2	0.7059620026593564	0.8061224489795918	0.0	1	1.0	0.016735372127166914	0.16838430317917286	0.3740740740740742	0.11165048543689315	1.0
holdout	partial_responders	13006	reference	rank1_shrink10	2	0.7932303683017492	1.0	0.0	1	1.0	0.016735372127166914	0.16838430317917286	0.3740740740740742	0.11165048543689315	1.0
holdout	partial_responders	13006	target	rank2_shrink05	3	0.7059620026593564	0.8061224489795918	0.0	2	0.5	0.013565278385606727	0.08913195964016817	0.3740740740740742	0.11165048543689315	1.0
holdout	partial_responders	13006	reference	rank2_shrink05	3	0.7932303683017492	1.0	0.0	2	0.5	0.013565278385606727	0.08913195964016817	0.3740740740740742	0.11165048543689315	1.0
holdout	partial_responders	13006	target	rank2_shrink10	4	0.7176846189396777	0.8061224489795918	0.0	2	1.0	0.018087037847475784	0.2021759461868946	0.3740740740740742	0.11165048543689315	1.0
holdout	partial_responders	13006	reference	rank2_shrink10	4	0.7932303683017492	1.0	0.0	2	1.0	0.018087037847475784	0.2021759461868946	0.3740740740740742	0.11165048543689315	1.0
holdout	partial_responders	13006	target	rank3_shrink05	5	0.7059620026593564	0.8061224489795918	0.0	3	0.5	0.014179798274835398	0.10449495687088493	0.3740740740740742	0.11165048543689315	1.0
holdout	partial_responders	13006	reference	rank3_shrink05	5	0.7932303683017492	1.0	0.0	3	0.5	0.014179798274835398	0.10449495687088493	0.3740740740740742	0.11165048543689315	1.0
holdout	partial_responders	13006	target	rank3_shrink10	6	0.7176846189396777	0.8061224489795918	0.0	3	1.0	0.01890639769978064	0.22265994249451604	0.3740740740740742	0.11165048543689315	1.0
holdout	partial_responders	13006	reference	rank3_shrink10	6	0.7932303683017492	1.0	0.0	3	1.0	0.01890639769978064	0.22265994249451604	0.3740740740740742	0.11165048543689315	1.0
holdout	partial_responders	13007	target	raw_rc6_reference	0	0.8275877833431492	0.8777777777777778	0.0	0	0.0	0.0	0.0	0.37222222222222223	0.11403508771929827	1.0
holdout	partial_responders	13007	reference	raw_rc6_reference	0	0.694426108642074	0.8666666666666667	0.0	0	0.0	0.0	0.0	0.37222222222222223	0.11403508771929827	1.0
holdout	partial_responders	13007	target	rank1_shrink05	1	0.8275877833431492	0.8777777777777778	0.0	1	0.5	0.009715155524519292	0.0	0.37222222222222223	0.11403508771929827	1.0
holdout	partial_responders	13007	reference	rank1_shrink05	1	0.694426108642074	0.8666666666666667	0.0	1	0.5	0.009715155524519292	0.0	0.37222222222222223	0.11403508771929827	1.0
holdout	partial_responders	13007	target	rank1_shrink10	2	0.8275877833431492	0.8777777777777778	0.0	1	1.0	0.012953540699359056	0.0738385174839764	0.37222222222222223	0.11403508771929827	1.0
holdout	partial_responders	13007	reference	rank1_shrink10	2	0.694426108642074	0.8666666666666667	0.0	1	1.0	0.012953540699359056	0.0738385174839764	0.37222222222222223	0.11403508771929827	1.0
holdout	partial_responders	13007	target	rank2_shrink05	3	0.8275877833431492	0.8777777777777778	0.0	2	0.5	0.009849658054418398	0.0	0.37222222222222223	0.11403508771929827	1.0
holdout	partial_responders	13007	reference	rank2_shrink05	3	0.694426108642074	0.8666666666666667	0.0	2	0.5	0.009849658054418398	0.0	0.37222222222222223	0.11403508771929827	1.0
holdout	partial_responders	13007	target	rank2_shrink10	4	0.8275877833431492	0.8777777777777778	0.0	2	1.0	0.013132877405891641	0.07832193514729102	0.37222222222222223	0.11403508771929827	1.0
holdout	partial_responders	13007	reference	rank2_shrink10	4	0.694426108642074	0.8666666666666667	0.0	2	1.0	0.013132877405891641	0.07832193514729102	0.37222222222222223	0.11403508771929827	1.0
holdout	partial_responders	13007	target	rank3_shrink05	5	0.8275877833431492	0.8777777777777778	0.0	3	0.5	0.010658660465037717	0.01646651162594292	0.37222222222222223	0.11403508771929827	1.0
holdout	partial_responders	13007	reference	rank3_shrink05	5	0.694426108642074	0.8666666666666667	0.0	3	0.5	0.010658660465037717	0.01646651162594292	0.37222222222222223	0.11403508771929827	1.0
holdout	partial_responders	13007	target	rank3_shrink10	6	0.8275877833431492	0.8777777777777778	0.0	3	1.0	0.014211547286717585	0.10528868216793962	0.37222222222222223	0.11403508771929827	1.0
holdout	partial_responders	13007	reference	rank3_shrink10	6	0.694426108642074	0.8666666666666667	0.0	3	1.0	0.014211547286717585	0.10528868216793962	0.37222222222222223	0.11403508771929827	1.0
holdout	partial_responders	13008	target	raw_rc6_reference	0	0.7379746404184141	0.9183673469387755	0.0	0	0.0	0.0	0.0	0.44074074074074066	0.051724137931034475	1.0
holdout	partial_responders	13008	reference	raw_rc6_reference	0	0.8228798191199012	0.9183673469387754	0.0	0	0.0	0.0	0.0	0.44074074074074066	0.051724137931034475	1.0
holdout	partial_responders	13008	target	rank1_shrink05	1	0.7379746404184141	0.9183673469387755	0.0	1	0.5	0.016578730479397397	0.16446826198493492	0.44074074074074066	0.051724137931034475	1.0
holdout	partial_responders	13008	reference	rank1_shrink05	1	0.8319795959506109	0.9183673469387754	0.0	1	0.5	0.016578730479397397	0.16446826198493492	0.44074074074074066	0.051724137931034475	1.0
holdout	partial_responders	13008	target	rank1_shrink10	2	0.7497214277658981	0.9183673469387755	0.0	1	1.0	0.022104973972530417	0.30262434931326043	0.44074074074074066	0.051724137931034475	1.0
holdout	partial_responders	13008	reference	rank1_shrink10	2	0.8319795959506109	0.9183673469387754	0.0	1	1.0	0.022104973972530417	0.30262434931326043	0.44074074074074066	0.051724137931034475	1.0
holdout	partial_responders	13008	target	rank2_shrink05	3	0.7379746404184141	0.9183673469387755	0.0	2	0.5	0.017151953867273195	0.17879884668182988	0.44074074074074066	0.051724137931034475	1.0
holdout	partial_responders	13008	reference	rank2_shrink05	3	0.8319795959506109	0.9183673469387754	0.0	2	0.5	0.017151953867273195	0.17879884668182988	0.44074074074074066	0.051724137931034475	1.0
holdout	partial_responders	13008	target	rank2_shrink10	4	0.7359016779453287	0.9081632653061225	0.0	2	1.0	0.022869271823031223	0.3217317955757806	0.44074074074074066	0.051724137931034475	1.0
holdout	partial_responders	13008	reference	rank2_shrink10	4	0.8319795959506109	0.9183673469387754	0.0	2	1.0	0.022869271823031223	0.3217317955757806	0.44074074074074066	0.051724137931034475	1.0
holdout	partial_responders	13008	target	rank3_shrink05	5	0.7379746404184141	0.9183673469387755	0.0	3	0.5	0.01807602149809484	0.20190053745237102	0.44074074074074066	0.051724137931034475	1.0
holdout	partial_responders	13008	reference	rank3_shrink05	5	0.8319795959506109	0.9183673469387754	0.0	3	0.5	0.01807602149809484	0.20190053745237102	0.44074074074074066	0.051724137931034475	1.0
holdout	partial_responders	13008	target	rank3_shrink10	6	0.7269188405619583	0.8979591836734694	0.0	3	1.0	0.024101361997460047	0.35253404993650117	0.44074074074074066	0.051724137931034475	1.0
holdout	partial_responders	13008	reference	rank3_shrink10	6	0.8319795959506109	0.9183673469387754	0.0	3	1.0	0.024101361997460047	0.35253404993650117	0.44074074074074066	0.051724137931034475	1.0
holdout	partial_responders	13009	target	raw_rc6_reference	0	0.6137544080573286	0.8777777777777778	0.0	0	0.0	0.0	0.0	0.337037037037037	0.07703927492447127	1.0
holdout	partial_responders	13009	reference	raw_rc6_reference	0	0.8682938307811551	0.9888888888888889	0.0	0	0.0	0.0	0.0	0.337037037037037	0.07703927492447127	1.0
holdout	partial_responders	13009	target	rank1_shrink05	1	0.6190057826717229	0.8777777777777778	0.0	1	0.5	0.01544669588171721	0.13616739704293024	0.337037037037037	0.07703927492447127	1.0
holdout	partial_responders	13009	reference	rank1_shrink05	1	0.861789757142345	0.9888888888888889	0.0	1	0.5	0.01544669588171721	0.13616739704293024	0.337037037037037	0.07703927492447127	1.0
holdout	partial_responders	13009	target	rank1_shrink10	2	0.6190057826717229	0.8777777777777778	0.0	1	1.0	0.02059559450895665	0.26488986272391624	0.337037037037037	0.07703927492447127	1.0
holdout	partial_responders	13009	reference	rank1_shrink10	2	0.861789757142345	0.9888888888888889	0.0	1	1.0	0.02059559450895665	0.26488986272391624	0.337037037037037	0.07703927492447127	1.0
holdout	partial_responders	13009	target	rank2_shrink05	3	0.6190057826717229	0.8777777777777778	0.0	2	0.5	0.01584239758620709	0.14605993965517727	0.337037037037037	0.07703927492447127	1.0
holdout	partial_responders	13009	reference	rank2_shrink05	3	0.861789757142345	0.9888888888888889	0.0	2	0.5	0.01584239758620709	0.14605993965517727	0.337037037037037	0.07703927492447127	1.0
holdout	partial_responders	13009	target	rank2_shrink10	4	0.6190057826717229	0.8777777777777778	0.0	2	1.0	0.021123196781609344	0.2780799195402336	0.337037037037037	0.07703927492447127	1.0
holdout	partial_responders	13009	reference	rank2_shrink10	4	0.861789757142345	0.9888888888888889	0.0	2	1.0	0.021123196781609344	0.2780799195402336	0.337037037037037	0.07703927492447127	1.0
holdout	partial_responders	13009	target	rank3_shrink05	5	0.6190057826717229	0.8777777777777778	0.0	3	0.5	0.01656994480282714	0.16424862007067853	0.337037037037037	0.07703927492447127	1.0
holdout	partial_responders	13009	reference	rank3_shrink05	5	0.861789757142345	0.9888888888888889	0.0	3	0.5	0.01656994480282714	0.16424862007067853	0.337037037037037	0.07703927492447127	1.0
holdout	partial_responders	13009	target	rank3_shrink10	6	0.6130979862305294	0.8777777777777778	0.0	3	1.0	0.022093259737103188	0.3023314934275797	0.337037037037037	0.07703927492447127	1.0
holdout	partial_responders	13009	reference	rank3_shrink10	6	0.861789757142345	0.9888888888888889	0.0	3	1.0	0.022093259737103188	0.3023314934275797	0.337037037037037	0.07703927492447127	1.0
holdout	partial_responders	13010	target	raw_rc6_reference	0	0.8577464117411012	0.8666666666666667	0.0	0	0.0	0.0	0.0	0.3814814814814813	0.09611650485436896	1.0
holdout	partial_responders	13010	reference	raw_rc6_reference	0	0.8422489459003187	0.9777777777777779	0.0	0	0.0	0.0	0.0	0.3814814814814813	0.09611650485436896	1.0
holdout	partial_responders	13010	target	rank1_shrink05	1	0.8577464117411012	0.8666666666666667	0.0	1	0.5	0.013644899379969266	0.09112248449923165	0.3814814814814813	0.09611650485436896	1.0
holdout	partial_responders	13010	reference	rank1_shrink05	1	0.8500716915278758	0.9888888888888889	0.0	1	0.5	0.013644899379969266	0.09112248449923165	0.3814814814814813	0.09611650485436896	1.0
holdout	partial_responders	13010	target	rank1_shrink10	2	0.8577464117411012	0.8666666666666667	0.0	1	1.0	0.01819319917329243	0.20482997933231073	0.3814814814814813	0.09611650485436896	1.0
holdout	partial_responders	13010	reference	rank1_shrink10	2	0.8500716915278758	0.9888888888888889	0.0	1	1.0	0.01819319917329243	0.20482997933231073	0.3814814814814813	0.09611650485436896	1.0
holdout	partial_responders	13010	target	rank2_shrink05	3	0.8577464117411012	0.8666666666666667	0.0	2	0.5	0.014780662282734114	0.11951655706835283	0.3814814814814813	0.09611650485436896	1.0
holdout	partial_responders	13010	reference	rank2_shrink05	3	0.8500716915278758	0.9888888888888889	0.0	2	0.5	0.014780662282734114	0.11951655706835283	0.3814814814814813	0.09611650485436896	1.0
holdout	partial_responders	13010	target	rank2_shrink10	4	0.8577464117411012	0.8666666666666667	0.0	2	1.0	0.01970754971031219	0.24268874275780472	0.3814814814814813	0.09611650485436896	1.0
holdout	partial_responders	13010	reference	rank2_shrink10	4	0.8500716915278758	0.9888888888888889	0.0	2	1.0	0.01970754971031219	0.24268874275780472	0.3814814814814813	0.09611650485436896	1.0
holdout	partial_responders	13010	target	rank3_shrink05	5	0.8577464117411012	0.8666666666666667	0.0	3	0.5	0.015115834892736824	0.1278958723184206	0.3814814814814813	0.09611650485436896	1.0
holdout	partial_responders	13010	reference	rank3_shrink05	5	0.8500716915278758	0.9888888888888889	0.0	3	0.5	0.015115834892736824	0.1278958723184206	0.3814814814814813	0.09611650485436896	1.0
holdout	partial_responders	13010	target	rank3_shrink10	6	0.8577464117411012	0.8666666666666667	0.0	3	1.0	0.020154446523649394	0.25386116309123485	0.3814814814814813	0.09611650485436896	1.0
holdout	partial_responders	13010	reference	rank3_shrink10	6	0.8500716915278758	0.9888888888888889	0.0	3	1.0	0.020154446523649394	0.25386116309123485	0.3814814814814813	0.09611650485436896	1.0
holdout	partial_responders	13011	target	raw_rc6_reference	0	0.8489612120315598	0.9111111111111112	0.0	0	0.0	0.0	0.0	0.3481481481481481	0.08588672237697303	1.0
holdout	partial_responders	13011	reference	raw_rc6_reference	0	0.8542631757307823	0.9777777777777779	0.0	0	0.0	0.0	0.0	0.3481481481481481	0.08588672237697303	1.0
holdout	partial_responders	13011	target	rank1_shrink05	1	0.8489612120315598	0.9111111111111112	0.0	1	0.5	0.014067948578277867	0.10169871445694666	0.3481481481481481	0.08588672237697303	1.0
holdout	partial_responders	13011	reference	rank1_shrink05	1	0.8542631757307823	0.9777777777777779	0.0	1	0.5	0.014067948578277867	0.10169871445694666	0.3481481481481481	0.08588672237697303	1.0
holdout	partial_responders	13011	target	rank1_shrink10	2	0.8489612120315598	0.9111111111111112	0.0	1	1.0	0.018757264771037563	0.21893161927593907	0.3481481481481481	0.08588672237697303	1.0
holdout	partial_responders	13011	reference	rank1_shrink10	2	0.8542631757307823	0.9777777777777779	0.0	1	1.0	0.018757264771037563	0.21893161927593907	0.3481481481481481	0.08588672237697303	1.0
holdout	partial_responders	13011	target	rank2_shrink05	3	0.8489612120315598	0.9111111111111112	0.0	2	0.5	0.01453714867236533	0.11342871680913323	0.3481481481481481	0.08588672237697303	1.0
holdout	partial_responders	13011	reference	rank2_shrink05	3	0.8542631757307823	0.9777777777777779	0.0	2	0.5	0.01453714867236533	0.11342871680913323	0.3481481481481481	0.08588672237697303	1.0
holdout	partial_responders	13011	target	rank2_shrink10	4	0.8489612120315598	0.9111111111111112	0.0	2	1.0	0.01938286489648766	0.23457162241219154	0.3481481481481481	0.08588672237697303	1.0
holdout	partial_responders	13011	reference	rank2_shrink10	4	0.8542631757307823	0.9777777777777779	0.0	2	1.0	0.01938286489648766	0.23457162241219154	0.3481481481481481	0.08588672237697303	1.0
holdout	partial_responders	13011	target	rank3_shrink05	5	0.8489612120315598	0.9111111111111112	0.0	3	0.5	0.015280821172022785	0.13202052930056962	0.3481481481481481	0.08588672237697303	1.0
holdout	partial_responders	13011	reference	rank3_shrink05	5	0.8542631757307823	0.9777777777777779	0.0	3	0.5	0.015280821172022785	0.13202052930056962	0.3481481481481481	0.08588672237697303	1.0
holdout	partial_responders	13011	target	rank3_shrink10	6	0.8489612120315598	0.9111111111111112	0.0	3	1.0	0.020374428229363972	0.2593607057340993	0.3481481481481481	0.08588672237697303	1.0
holdout	partial_responders	13011	reference	rank3_shrink10	6	0.8542631757307823	0.9777777777777779	0.0	3	1.0	0.020374428229363972	0.2593607057340993	0.3481481481481481	0.08588672237697303	1.0
holdout	partial_responders	13012	target	raw_rc6_reference	0	0.893389179716764	0.9903846153846154	0.0	0	0.0	0.0	0.0	0.32592592592592595	0.10941828254847641	1.0
holdout	partial_responders	13012	reference	raw_rc6_reference	0	0.8684925282592797	0.9777777777777779	0.0	0	0.0	0.0	0.0	0.32592592592592595	0.10941828254847641	1.0
holdout	partial_responders	13012	target	rank1_shrink05	1	0.893389179716764	0.9903846153846154	0.0	1	0.5	0.008805591472099916	0.0	0.32592592592592595	0.10941828254847641	1.0
holdout	partial_responders	13012	reference	rank1_shrink05	1	0.8684925282592797	0.9777777777777779	0.0	1	0.5	0.008805591472099916	0.0	0.32592592592592595	0.10941828254847641	1.0
holdout	partial_responders	13012	target	rank1_shrink10	2	0.893389179716764	0.9903846153846154	0.0	1	1.0	0.011740788629466703	0.04351971573666757	0.32592592592592595	0.10941828254847641	1.0
holdout	partial_responders	13012	reference	rank1_shrink10	2	0.8684925282592797	0.9777777777777779	0.0	1	1.0	0.011740788629466703	0.04351971573666757	0.32592592592592595	0.10941828254847641	1.0
holdout	partial_responders	13012	target	rank2_shrink05	3	0.893389179716764	0.9903846153846154	0.0	2	0.5	0.009085418183645388	0.0	0.32592592592592595	0.10941828254847641	1.0
holdout	partial_responders	13012	reference	rank2_shrink05	3	0.8684925282592797	0.9777777777777779	0.0	2	0.5	0.009085418183645388	0.0	0.32592592592592595	0.10941828254847641	1.0
holdout	partial_responders	13012	target	rank2_shrink10	4	0.893389179716764	0.9903846153846154	0.0	2	1.0	0.012113890911527592	0.052847272788189785	0.32592592592592595	0.10941828254847641	1.0
holdout	partial_responders	13012	reference	rank2_shrink10	4	0.8684925282592797	0.9777777777777779	0.0	2	1.0	0.012113890911527592	0.052847272788189785	0.32592592592592595	0.10941828254847641	1.0
holdout	partial_responders	13012	target	rank3_shrink05	5	0.893389179716764	0.9903846153846154	0.0	3	0.5	0.010149776463238225	0.003744411580955615	0.32592592592592595	0.10941828254847641	1.0
holdout	partial_responders	13012	reference	rank3_shrink05	5	0.8684925282592797	0.9777777777777779	0.0	3	0.5	0.010149776463238225	0.003744411580955615	0.32592592592592595	0.10941828254847641	1.0
holdout	partial_responders	13012	target	rank3_shrink10	6	0.893389179716764	0.9903846153846154	0.0	3	1.0	0.01353303528431804	0.08832588210795099	0.32592592592592595	0.10941828254847641	1.0
holdout	partial_responders	13012	reference	rank3_shrink10	6	0.8684925282592797	0.9777777777777779	0.0	3	1.0	0.01353303528431804	0.08832588210795099	0.32592592592592595	0.10941828254847641	1.0
holdout	weak_two_part	13001	target	raw_rc6_reference	0	0.7832070526960794	0.9555555555555556	0.0	0	0.0	0.0	0.0	0.26296296296296306	0.11589403973509937	1.0
holdout	weak_two_part	13001	reference	raw_rc6_reference	0	0.8536125564042547	0.9333333333333333	0.0	0	0.0	0.0	0.0	0.26296296296296306	0.11589403973509937	1.0
holdout	weak_two_part	13001	target	rank1_shrink05	1	0.7832070526960794	0.9555555555555556	0.0	1	0.5	0.0015606364619147328	0.0	0.26296296296296306	0.11589403973509937	1.0
holdout	weak_two_part	13001	reference	rank1_shrink05	1	0.8536125564042547	0.9333333333333333	0.0	1	0.5	0.0015606364619147328	0.0	0.26296296296296306	0.11589403973509937	1.0
holdout	weak_two_part	13001	target	rank1_shrink10	2	0.7832070526960794	0.9555555555555556	0.0	1	1.0	0.0020808486158863104	0.0	0.26296296296296306	0.11589403973509937	1.0
holdout	weak_two_part	13001	reference	rank1_shrink10	2	0.8536125564042547	0.9333333333333333	0.0	1	1.0	0.0020808486158863104	0.0	0.26296296296296306	0.11589403973509937	1.0
holdout	weak_two_part	13001	target	rank2_shrink05	3	0.7832070526960794	0.9555555555555556	0.0	2	0.5	0.0018306640451488665	0.0	0.26296296296296306	0.11589403973509937	1.0
holdout	weak_two_part	13001	reference	rank2_shrink05	3	0.8536125564042547	0.9333333333333333	0.0	2	0.5	0.0018306640451488665	0.0	0.26296296296296306	0.11589403973509937	1.0
holdout	weak_two_part	13001	target	rank2_shrink10	4	0.7832070526960794	0.9555555555555556	0.0	2	1.0	0.002440885393532155	0.0	0.26296296296296306	0.11589403973509937	1.0
holdout	weak_two_part	13001	reference	rank2_shrink10	4	0.8536125564042547	0.9333333333333333	0.0	2	1.0	0.002440885393532155	0.0	0.26296296296296306	0.11589403973509937	1.0
holdout	weak_two_part	13001	target	rank3_shrink05	5	0.7832070526960794	0.9555555555555556	0.0	3	0.5	0.001946494299005841	0.0	0.26296296296296306	0.11589403973509937	1.0
holdout	weak_two_part	13001	reference	rank3_shrink05	5	0.8536125564042547	0.9333333333333333	0.0	3	0.5	0.001946494299005841	0.0	0.26296296296296306	0.11589403973509937	1.0
holdout	weak_two_part	13001	target	rank3_shrink10	6	0.7832070526960794	0.9555555555555556	0.0	3	1.0	0.002595325732007936	0.0	0.26296296296296306	0.11589403973509937	1.0
holdout	weak_two_part	13001	reference	rank3_shrink10	6	0.8536125564042547	0.9333333333333333	0.0	3	1.0	0.002595325732007936	0.0	0.26296296296296306	0.11589403973509937	1.0
holdout	weak_two_part	13002	target	raw_rc6_reference	0	0.7755382372209386	0.888888888888889	0.0	0	0.0	0.0	0.0	0.29074074074074074	0.13844797178130508	1.0
holdout	weak_two_part	13002	reference	raw_rc6_reference	0	0.7123017590272747	0.9	0.0	0	0.0	0.0	0.0	0.29074074074074074	0.13844797178130508	1.0
holdout	weak_two_part	13002	target	rank1_shrink05	1	0.7755382372209386	0.888888888888889	0.0	1	0.5	0.0004259363093003232	0.0	0.29074074074074074	0.13844797178130508	1.0
holdout	weak_two_part	13002	reference	rank1_shrink05	1	0.7123017590272747	0.9	0.0	1	0.5	0.0004259363093003232	0.0	0.29074074074074074	0.13844797178130508	1.0
holdout	weak_two_part	13002	target	rank1_shrink10	2	0.7755382372209386	0.888888888888889	0.0	1	1.0	0.0005679150790676157	0.0	0.29074074074074074	0.13844797178130508	1.0
holdout	weak_two_part	13002	reference	rank1_shrink10	2	0.7123017590272747	0.9	0.0	1	1.0	0.0005679150790676157	0.0	0.29074074074074074	0.13844797178130508	1.0
holdout	weak_two_part	13002	target	rank2_shrink05	3	0.7755382372209386	0.888888888888889	0.0	2	0.5	0.001477401401240086	0.0	0.29074074074074074	0.13844797178130508	1.0
holdout	weak_two_part	13002	reference	rank2_shrink05	3	0.7123017590272747	0.9	0.0	2	0.5	0.001477401401240086	0.0	0.29074074074074074	0.13844797178130508	1.0
holdout	weak_two_part	13002	target	rank2_shrink10	4	0.7755382372209386	0.888888888888889	0.0	2	1.0	0.0019698685349869294	0.0	0.29074074074074074	0.13844797178130508	1.0
holdout	weak_two_part	13002	reference	rank2_shrink10	4	0.7123017590272747	0.9	0.0	2	1.0	0.0019698685349869294	0.0	0.29074074074074074	0.13844797178130508	1.0
holdout	weak_two_part	13002	target	rank3_shrink05	5	0.7755382372209386	0.888888888888889	0.0	3	0.5	0.0016751359038943425	0.0	0.29074074074074074	0.13844797178130508	1.0
holdout	weak_two_part	13002	reference	rank3_shrink05	5	0.7123017590272747	0.9	0.0	3	0.5	0.0016751359038943425	0.0	0.29074074074074074	0.13844797178130508	1.0
holdout	weak_two_part	13002	target	rank3_shrink10	6	0.7755382372209386	0.888888888888889	0.0	3	1.0	0.002233514538526049	0.0	0.29074074074074074	0.13844797178130508	1.0
holdout	weak_two_part	13002	reference	rank3_shrink10	6	0.7123017590272747	0.9	0.0	3	1.0	0.002233514538526049	0.0	0.29074074074074074	0.13844797178130508	1.0
holdout	weak_two_part	13003	target	raw_rc6_reference	0	0.7211764643570612	0.9666666666666667	0.0	0	0.0	0.0	0.0	0.2796296296296297	0.14165844027640673	1.0
holdout	weak_two_part	13003	reference	raw_rc6_reference	0	0.9119468849116542	0.9693877551020409	0.0	0	0.0	0.0	0.0	0.2796296296296297	0.14165844027640673	1.0
holdout	weak_two_part	13003	target	rank1_shrink05	1	0.7211764643570612	0.9666666666666667	0.0	1	0.5	0.0011062833120506488	0.0	0.2796296296296297	0.14165844027640673	1.0
holdout	weak_two_part	13003	reference	rank1_shrink05	1	0.9119468849116542	0.9693877551020409	0.0	1	0.5	0.0011062833120506488	0.0	0.2796296296296297	0.14165844027640673	1.0
holdout	weak_two_part	13003	target	rank1_shrink10	2	0.7211764643570612	0.9666666666666667	0.0	1	1.0	0.0014750444160678278	0.0	0.2796296296296297	0.14165844027640673	1.0
holdout	weak_two_part	13003	reference	rank1_shrink10	2	0.9119468849116542	0.9693877551020409	0.0	1	1.0	0.0014750444160678278	0.0	0.2796296296296297	0.14165844027640673	1.0
holdout	weak_two_part	13003	target	rank2_shrink05	3	0.7211764643570612	0.9666666666666667	0.0	2	0.5	0.001232667273594834	0.0	0.2796296296296297	0.14165844027640673	1.0
holdout	weak_two_part	13003	reference	rank2_shrink05	3	0.9119468849116542	0.9693877551020409	0.0	2	0.5	0.001232667273594834	0.0	0.2796296296296297	0.14165844027640673	1.0
holdout	weak_two_part	13003	target	rank2_shrink10	4	0.7211764643570612	0.9666666666666667	0.0	2	1.0	0.0016435563647931861	0.0	0.2796296296296297	0.14165844027640673	1.0
holdout	weak_two_part	13003	reference	rank2_shrink10	4	0.9119468849116542	0.9693877551020409	0.0	2	1.0	0.0016435563647931861	0.0	0.2796296296296297	0.14165844027640673	1.0
holdout	weak_two_part	13003	target	rank3_shrink05	5	0.7211764643570612	0.9666666666666667	0.0	3	0.5	0.0014046963133184098	0.0	0.2796296296296297	0.14165844027640673	1.0
holdout	weak_two_part	13003	reference	rank3_shrink05	5	0.9119468849116542	0.9693877551020409	0.0	3	0.5	0.0014046963133184098	0.0	0.2796296296296297	0.14165844027640673	1.0
holdout	weak_two_part	13003	target	rank3_shrink10	6	0.7211764643570612	0.9666666666666667	0.0	3	1.0	0.0018729284177581018	0.0	0.2796296296296297	0.14165844027640673	1.0
holdout	weak_two_part	13003	reference	rank3_shrink10	6	0.9119468849116542	0.9693877551020409	0.0	3	1.0	0.0018729284177581018	0.0	0.2796296296296297	0.14165844027640673	1.0
holdout	weak_two_part	13004	target	raw_rc6_reference	0	0.6594887345686444	0.8571428571428571	0.0	0	0.0	0.0	0.0	0.3111111111111109	0.1026241799437676	1.0
holdout	weak_two_part	13004	reference	raw_rc6_reference	0	0.7928465765709574	1.0	0.0	0	0.0	0.0	0.0	0.3111111111111109	0.1026241799437676	1.0
holdout	weak_two_part	13004	target	rank1_shrink05	1	0.6594887345686444	0.8571428571428571	0.0	1	0.5	0.0009525429550224507	0.0	0.3111111111111109	0.1026241799437676	1.0
holdout	weak_two_part	13004	reference	rank1_shrink05	1	0.7928465765709574	1.0	0.0	1	0.5	0.0009525429550224507	0.0	0.3111111111111109	0.1026241799437676	1.0
holdout	weak_two_part	13004	target	rank1_shrink10	2	0.6594887345686444	0.8571428571428571	0.0	1	1.0	0.0012700572733636006	0.0	0.3111111111111109	0.1026241799437676	1.0
holdout	weak_two_part	13004	reference	rank1_shrink10	2	0.7928465765709574	1.0	0.0	1	1.0	0.0012700572733636006	0.0	0.3111111111111109	0.1026241799437676	1.0
holdout	weak_two_part	13004	target	rank2_shrink05	3	0.6594887345686444	0.8571428571428571	0.0	2	0.5	0.0015152897107247876	0.0	0.3111111111111109	0.1026241799437676	1.0
holdout	weak_two_part	13004	reference	rank2_shrink05	3	0.7928465765709574	1.0	0.0	2	0.5	0.0015152897107247876	0.0	0.3111111111111109	0.1026241799437676	1.0
holdout	weak_two_part	13004	target	rank2_shrink10	4	0.6594887345686444	0.8571428571428571	0.0	2	1.0	0.0020203862809664574	0.0	0.3111111111111109	0.1026241799437676	1.0
holdout	weak_two_part	13004	reference	rank2_shrink10	4	0.7928465765709574	1.0	0.0	2	1.0	0.0020203862809664574	0.0	0.3111111111111109	0.1026241799437676	1.0
holdout	weak_two_part	13004	target	rank3_shrink05	5	0.6594887345686444	0.8571428571428571	0.0	3	0.5	0.002656333269979272	0.0	0.3111111111111109	0.1026241799437676	1.0
holdout	weak_two_part	13004	reference	rank3_shrink05	5	0.7928465765709574	1.0	0.0	3	0.5	0.002656333269979272	0.0	0.3111111111111109	0.1026241799437676	1.0
holdout	weak_two_part	13004	target	rank3_shrink10	6	0.6594887345686444	0.8571428571428571	0.0	3	1.0	0.003541777693305992	0.0	0.3111111111111109	0.1026241799437676	1.0
holdout	weak_two_part	13004	reference	rank3_shrink10	6	0.7928465765709574	1.0	0.0	3	1.0	0.003541777693305992	0.0	0.3111111111111109	0.1026241799437676	1.0
holdout	weak_two_part	13005	target	raw_rc6_reference	0	0.8076076600997661	0.888888888888889	0.0	0	0.0	0.0	0.0	0.27037037037037015	0.10113960113960119	1.0
holdout	weak_two_part	13005	reference	raw_rc6_reference	0	0.8728075336278922	0.9777777777777777	0.0	0	0.0	0.0	0.0	0.27037037037037015	0.10113960113960119	1.0
holdout	weak_two_part	13005	target	rank1_shrink05	1	0.8076076600997661	0.888888888888889	0.0	1	0.5	0.0011179910682587169	0.0	0.27037037037037015	0.10113960113960119	1.0
holdout	weak_two_part	13005	reference	rank1_shrink05	1	0.8728075336278922	0.9777777777777777	0.0	1	0.5	0.0011179910682587169	0.0	0.27037037037037015	0.10113960113960119	1.0
holdout	weak_two_part	13005	target	rank1_shrink10	2	0.8076076600997661	0.888888888888889	0.0	1	1.0	0.0014906547576786222	0.0	0.27037037037037015	0.10113960113960119	1.0
holdout	weak_two_part	13005	reference	rank1_shrink10	2	0.8728075336278922	0.9777777777777777	0.0	1	1.0	0.0014906547576786222	0.0	0.27037037037037015	0.10113960113960119	1.0
holdout	weak_two_part	13005	target	rank2_shrink05	3	0.8076076600997661	0.888888888888889	0.0	2	0.5	0.0014626462005619123	0.0	0.27037037037037015	0.10113960113960119	1.0
holdout	weak_two_part	13005	reference	rank2_shrink05	3	0.8728075336278922	0.9777777777777777	0.0	2	0.5	0.0014626462005619123	0.0	0.27037037037037015	0.10113960113960119	1.0
holdout	weak_two_part	13005	target	rank2_shrink10	4	0.8076076600997661	0.888888888888889	0.0	2	1.0	0.0019501949340826608	0.0	0.27037037037037015	0.10113960113960119	1.0
holdout	weak_two_part	13005	reference	rank2_shrink10	4	0.8728075336278922	0.9777777777777777	0.0	2	1.0	0.0019501949340826608	0.0	0.27037037037037015	0.10113960113960119	1.0
holdout	weak_two_part	13005	target	rank3_shrink05	5	0.8076076600997661	0.888888888888889	0.0	3	0.5	0.0016138900543034573	0.0	0.27037037037037015	0.10113960113960119	1.0
holdout	weak_two_part	13005	reference	rank3_shrink05	5	0.8728075336278922	0.9777777777777777	0.0	3	0.5	0.0016138900543034573	0.0	0.27037037037037015	0.10113960113960119	1.0
holdout	weak_two_part	13005	target	rank3_shrink10	6	0.8076076600997661	0.888888888888889	0.0	3	1.0	0.002151853405738313	0.0	0.27037037037037015	0.10113960113960119	1.0
holdout	weak_two_part	13005	reference	rank3_shrink10	6	0.8728075336278922	0.9777777777777777	0.0	3	1.0	0.002151853405738313	0.0	0.27037037037037015	0.10113960113960119	1.0
holdout	weak_two_part	13006	target	raw_rc6_reference	0	0.7717389051211598	0.8367346938775511	0.0	0	0.0	0.0	0.0	0.3500000000000001	0.1152324431256182	1.0
holdout	weak_two_part	13006	reference	raw_rc6_reference	0	0.7971379070618562	1.0	0.0	0	0.0	0.0	0.0	0.3500000000000001	0.1152324431256182	1.0
holdout	weak_two_part	13006	target	rank1_shrink05	1	0.7717389051211598	0.8367346938775511	0.0	1	0.5	0.0015232594971846813	0.0	0.3500000000000001	0.1152324431256182	1.0
holdout	weak_two_part	13006	reference	rank1_shrink05	1	0.7971379070618562	1.0	0.0	1	0.5	0.0015232594971846813	0.0	0.3500000000000001	0.1152324431256182	1.0
holdout	weak_two_part	13006	target	rank1_shrink10	2	0.7717389051211598	0.8367346938775511	0.0	1	1.0	0.0020310126629131675	0.0	0.3500000000000001	0.1152324431256182	1.0
holdout	weak_two_part	13006	reference	rank1_shrink10	2	0.7971379070618562	1.0	0.0	1	1.0	0.0020310126629131675	0.0	0.3500000000000001	0.1152324431256182	1.0
holdout	weak_two_part	13006	target	rank2_shrink05	3	0.7717389051211598	0.8367346938775511	0.0	2	0.5	0.002547578291711705	0.0	0.3500000000000001	0.1152324431256182	1.0
holdout	weak_two_part	13006	reference	rank2_shrink05	3	0.7971379070618562	1.0	0.0	2	0.5	0.002547578291711705	0.0	0.3500000000000001	0.1152324431256182	1.0
holdout	weak_two_part	13006	target	rank2_shrink10	4	0.7717389051211598	0.8367346938775511	0.0	2	1.0	0.003396771055615533	0.0	0.3500000000000001	0.1152324431256182	1.0
holdout	weak_two_part	13006	reference	rank2_shrink10	4	0.7971379070618562	1.0	0.0	2	1.0	0.003396771055615533	0.0	0.3500000000000001	0.1152324431256182	1.0
holdout	weak_two_part	13006	target	rank3_shrink05	5	0.7717389051211598	0.8367346938775511	0.0	3	0.5	0.002823902922066468	0.0	0.3500000000000001	0.1152324431256182	1.0
holdout	weak_two_part	13006	reference	rank3_shrink05	5	0.7971379070618562	1.0	0.0	3	0.5	0.002823902922066468	0.0	0.3500000000000001	0.1152324431256182	1.0
holdout	weak_two_part	13006	target	rank3_shrink10	6	0.7717389051211598	0.8367346938775511	0.0	3	1.0	0.003765203896089031	0.0	0.3500000000000001	0.1152324431256182	1.0
holdout	weak_two_part	13006	reference	rank3_shrink10	6	0.7971379070618562	1.0	0.0	3	1.0	0.003765203896089031	0.0	0.3500000000000001	0.1152324431256182	1.0
holdout	weak_two_part	13007	target	raw_rc6_reference	0	0.8113223001799584	0.8555555555555556	0.0	0	0.0	0.0	0.0	0.32407407407407396	0.14423076923076927	1.0
holdout	weak_two_part	13007	reference	raw_rc6_reference	0	0.6852544430562355	0.8888888888888888	0.0	0	0.0	0.0	0.0	0.32407407407407396	0.14423076923076927	1.0
holdout	weak_two_part	13007	target	rank1_shrink05	1	0.8113223001799584	0.8555555555555556	0.0	1	0.5	0.00032993778628098713	0.0	0.32407407407407396	0.14423076923076927	1.0
holdout	weak_two_part	13007	reference	rank1_shrink05	1	0.6852544430562355	0.8888888888888888	0.0	1	0.5	0.00032993778628098713	0.0	0.32407407407407396	0.14423076923076927	1.0
holdout	weak_two_part	13007	target	rank1_shrink10	2	0.8113223001799584	0.8555555555555556	0.0	1	1.0	0.0004399170483746495	0.0	0.32407407407407396	0.14423076923076927	1.0
holdout	weak_two_part	13007	reference	rank1_shrink10	2	0.6852544430562355	0.8888888888888888	0.0	1	1.0	0.0004399170483746495	0.0	0.32407407407407396	0.14423076923076927	1.0
holdout	weak_two_part	13007	target	rank2_shrink05	3	0.8113223001799584	0.8555555555555556	0.0	2	0.5	0.00045721639209950204	0.0	0.32407407407407396	0.14423076923076927	1.0
holdout	weak_two_part	13007	reference	rank2_shrink05	3	0.6852544430562355	0.8888888888888888	0.0	2	0.5	0.00045721639209950204	0.0	0.32407407407407396	0.14423076923076927	1.0
holdout	weak_two_part	13007	target	rank2_shrink10	4	0.8113223001799584	0.8555555555555556	0.0	2	1.0	0.0006096218561328914	0.0	0.32407407407407396	0.14423076923076927	1.0
holdout	weak_two_part	13007	reference	rank2_shrink10	4	0.6852544430562355	0.8888888888888888	0.0	2	1.0	0.0006096218561328914	0.0	0.32407407407407396	0.14423076923076927	1.0
holdout	weak_two_part	13007	target	rank3_shrink05	5	0.8113223001799584	0.8555555555555556	0.0	3	0.5	0.0006206388281372321	0.0	0.32407407407407396	0.14423076923076927	1.0
holdout	weak_two_part	13007	reference	rank3_shrink05	5	0.6852544430562355	0.8888888888888888	0.0	3	0.5	0.0006206388281372321	0.0	0.32407407407407396	0.14423076923076927	1.0
holdout	weak_two_part	13007	target	rank3_shrink10	6	0.8113223001799584	0.8555555555555556	0.0	3	1.0	0.0008275184375164946	0.0	0.32407407407407396	0.14423076923076927	1.0
holdout	weak_two_part	13007	reference	rank3_shrink10	6	0.6852544430562355	0.8888888888888888	0.0	3	1.0	0.0008275184375164946	0.0	0.32407407407407396	0.14423076923076927	1.0
holdout	weak_two_part	13008	target	raw_rc6_reference	0	0.5334423430739846	0.7448979591836735	0.0	0	0.0	0.0	0.0	0.2999999999999998	0.09960159362549803	1.0
holdout	weak_two_part	13008	reference	raw_rc6_reference	0	0.8358795003066294	0.9081632653061225	0.0	0	0.0	0.0	0.0	0.2999999999999998	0.09960159362549803	1.0
holdout	weak_two_part	13008	target	rank1_shrink05	1	0.5334423430739846	0.7448979591836735	0.0	1	0.5	0.0012290506380830957	0.0	0.2999999999999998	0.09960159362549803	1.0
holdout	weak_two_part	13008	reference	rank1_shrink05	1	0.8358795003066294	0.9081632653061225	0.0	1	0.5	0.0012290506380830957	0.0	0.2999999999999998	0.09960159362549803	1.0
holdout	weak_two_part	13008	target	rank1_shrink10	2	0.5334423430739846	0.7448979591836735	0.0	1	1.0	0.0016387341841107572	0.0	0.2999999999999998	0.09960159362549803	1.0
holdout	weak_two_part	13008	reference	rank1_shrink10	2	0.8358795003066294	0.9081632653061225	0.0	1	1.0	0.0016387341841107572	0.0	0.2999999999999998	0.09960159362549803	1.0
holdout	weak_two_part	13008	target	rank2_shrink05	3	0.5334423430739846	0.7448979591836735	0.0	2	0.5	0.0023477258690871583	0.0	0.2999999999999998	0.09960159362549803	1.0
holdout	weak_two_part	13008	reference	rank2_shrink05	3	0.8358795003066294	0.9081632653061225	0.0	2	0.5	0.0023477258690871583	0.0	0.2999999999999998	0.09960159362549803	1.0
holdout	weak_two_part	13008	target	rank2_shrink10	4	0.5334423430739846	0.7448979591836735	0.0	2	1.0	0.0031303011587828777	0.0	0.2999999999999998	0.09960159362549803	1.0
holdout	weak_two_part	13008	reference	rank2_shrink10	4	0.8358795003066294	0.9081632653061225	0.0	2	1.0	0.0031303011587828777	0.0	0.2999999999999998	0.09960159362549803	1.0
holdout	weak_two_part	13008	target	rank3_shrink05	5	0.5334423430739846	0.7448979591836735	0.0	3	0.5	0.002860198334299069	0.0	0.2999999999999998	0.09960159362549803	1.0
holdout	weak_two_part	13008	reference	rank3_shrink05	5	0.8358795003066294	0.9081632653061225	0.0	3	0.5	0.002860198334299069	0.0	0.2999999999999998	0.09960159362549803	1.0
holdout	weak_two_part	13008	target	rank3_shrink10	6	0.5334423430739846	0.7448979591836735	0.0	3	1.0	0.003813597779065425	0.0	0.2999999999999998	0.09960159362549803	1.0
holdout	weak_two_part	13008	reference	rank3_shrink10	6	0.8358795003066294	0.9081632653061225	0.0	3	1.0	0.003813597779065425	0.0	0.2999999999999998	0.09960159362549803	1.0
holdout	weak_two_part	13009	target	raw_rc6_reference	0	0.6734887942960633	0.8333333333333334	0.0	0	0.0	0.0	0.0	0.37962962962962976	0.10285714285714287	1.0
holdout	weak_two_part	13009	reference	raw_rc6_reference	0	0.8708954602366791	0.9888888888888889	0.0	0	0.0	0.0	0.0	0.37962962962962976	0.10285714285714287	1.0
holdout	weak_two_part	13009	target	rank1_shrink05	1	0.6734887942960633	0.8333333333333334	0.0	1	0.5	0.001203814665934999	0.0	0.37962962962962976	0.10285714285714287	1.0
holdout	weak_two_part	13009	reference	rank1_shrink05	1	0.8708954602366791	0.9888888888888889	0.0	1	0.5	0.001203814665934999	0.0	0.37962962962962976	0.10285714285714287	1.0
holdout	weak_two_part	13009	target	rank1_shrink10	2	0.6734887942960633	0.8333333333333334	0.0	1	1.0	0.0016050862212466654	0.0	0.37962962962962976	0.10285714285714287	1.0
holdout	weak_two_part	13009	reference	rank1_shrink10	2	0.8708954602366791	0.9888888888888889	0.0	1	1.0	0.0016050862212466654	0.0	0.37962962962962976	0.10285714285714287	1.0
holdout	weak_two_part	13009	target	rank2_shrink05	3	0.6734887942960633	0.8333333333333334	0.0	2	0.5	0.0013130818464294203	0.0	0.37962962962962976	0.10285714285714287	1.0
holdout	weak_two_part	13009	reference	rank2_shrink05	3	0.8708954602366791	0.9888888888888889	0.0	2	0.5	0.0013130818464294203	0.0	0.37962962962962976	0.10285714285714287	1.0
holdout	weak_two_part	13009	target	rank2_shrink10	4	0.6734887942960633	0.8333333333333334	0.0	2	1.0	0.001750775795239412	0.0	0.37962962962962976	0.10285714285714287	1.0
holdout	weak_two_part	13009	reference	rank2_shrink10	4	0.8708954602366791	0.9888888888888889	0.0	2	1.0	0.001750775795239412	0.0	0.37962962962962976	0.10285714285714287	1.0
holdout	weak_two_part	13009	target	rank3_shrink05	5	0.6734887942960633	0.8333333333333334	0.0	3	0.5	0.0022262198919016374	0.0	0.37962962962962976	0.10285714285714287	1.0
holdout	weak_two_part	13009	reference	rank3_shrink05	5	0.8708954602366791	0.9888888888888889	0.0	3	0.5	0.0022262198919016374	0.0	0.37962962962962976	0.10285714285714287	1.0
holdout	weak_two_part	13009	target	rank3_shrink10	6	0.6734887942960633	0.8333333333333334	0.0	3	1.0	0.0029682931892024422	0.0	0.37962962962962976	0.10285714285714287	1.0
holdout	weak_two_part	13009	reference	rank3_shrink10	6	0.8708954602366791	0.9888888888888889	0.0	3	1.0	0.0029682931892024422	0.0	0.37962962962962976	0.10285714285714287	1.0
holdout	weak_two_part	13010	target	raw_rc6_reference	0	0.72987137329346	0.7777777777777778	0.0	0	0.0	0.0	0.0	0.3648148148148147	0.0935672514619883	1.0
holdout	weak_two_part	13010	reference	raw_rc6_reference	0	0.8442046323072079	1.0	0.0	0	0.0	0.0	0.0	0.3648148148148147	0.0935672514619883	1.0
holdout	weak_two_part	13010	target	rank1_shrink05	1	0.72987137329346	0.7777777777777778	0.0	1	0.5	0.0012604237449888034	0.0	0.3648148148148147	0.0935672514619883	1.0
holdout	weak_two_part	13010	reference	rank1_shrink05	1	0.8442046323072079	1.0	0.0	1	0.5	0.0012604237449888034	0.0	0.3648148148148147	0.0935672514619883	1.0
holdout	weak_two_part	13010	target	rank1_shrink10	2	0.72987137329346	0.7777777777777778	0.0	1	1.0	0.0016805649933184785	0.0	0.3648148148148147	0.0935672514619883	1.0
holdout	weak_two_part	13010	reference	rank1_shrink10	2	0.8442046323072079	1.0	0.0	1	1.0	0.0016805649933184785	0.0	0.3648148148148147	0.0935672514619883	1.0
holdout	weak_two_part	13010	target	rank2_shrink05	3	0.72987137329346	0.7777777777777778	0.0	2	0.5	0.0017291516510982152	0.0	0.3648148148148147	0.0935672514619883	1.0
holdout	weak_two_part	13010	reference	rank2_shrink05	3	0.8442046323072079	1.0	0.0	2	0.5	0.0017291516510982152	0.0	0.3648148148148147	0.0935672514619883	1.0
holdout	weak_two_part	13010	target	rank2_shrink10	4	0.72987137329346	0.7777777777777778	0.0	2	1.0	0.0023055355347977313	0.0	0.3648148148148147	0.0935672514619883	1.0
holdout	weak_two_part	13010	reference	rank2_shrink10	4	0.8442046323072079	1.0	0.0	2	1.0	0.0023055355347977313	0.0	0.3648148148148147	0.0935672514619883	1.0
holdout	weak_two_part	13010	target	rank3_shrink05	5	0.72987137329346	0.7777777777777778	0.0	3	0.5	0.0017352669969674661	0.0	0.3648148148148147	0.0935672514619883	1.0
holdout	weak_two_part	13010	reference	rank3_shrink05	5	0.8442046323072079	1.0	0.0	3	0.5	0.0017352669969674661	0.0	0.3648148148148147	0.0935672514619883	1.0
holdout	weak_two_part	13010	target	rank3_shrink10	6	0.72987137329346	0.7777777777777778	0.0	3	1.0	0.002313689329290325	0.0	0.3648148148148147	0.0935672514619883	1.0
holdout	weak_two_part	13010	reference	rank3_shrink10	6	0.8442046323072079	1.0	0.0	3	1.0	0.002313689329290325	0.0	0.3648148148148147	0.0935672514619883	1.0
holdout	weak_two_part	13011	target	raw_rc6_reference	0	0.7714869909949374	0.9111111111111111	0.0	0	0.0	0.0	0.0	0.248148148148148	0.10760667903525045	1.0
holdout	weak_two_part	13011	reference	raw_rc6_reference	0	0.6929095827519292	0.9555555555555556	0.0	0	0.0	0.0	0.0	0.248148148148148	0.10760667903525045	1.0
holdout	weak_two_part	13011	target	rank1_shrink05	1	0.7714869909949374	0.9111111111111111	0.0	1	0.5	0.002215785296735162	0.0	0.248148148148148	0.10760667903525045	1.0
holdout	weak_two_part	13011	reference	rank1_shrink05	1	0.6929095827519292	0.9555555555555556	0.0	1	0.5	0.002215785296735162	0.0	0.248148148148148	0.10760667903525045	1.0
holdout	weak_two_part	13011	target	rank1_shrink10	2	0.7714869909949374	0.9111111111111111	0.0	1	1.0	0.002954380395646994	0.0	0.248148148148148	0.10760667903525045	1.0
holdout	weak_two_part	13011	reference	rank1_shrink10	2	0.6929095827519292	0.9555555555555556	0.0	1	1.0	0.002954380395646994	0.0	0.248148148148148	0.10760667903525045	1.0
holdout	weak_two_part	13011	target	rank2_shrink05	3	0.7714869909949374	0.9111111111111111	0.0	2	0.5	0.0024580538214947767	0.0	0.248148148148148	0.10760667903525045	1.0
holdout	weak_two_part	13011	reference	rank2_shrink05	3	0.6929095827519292	0.9555555555555556	0.0	2	0.5	0.0024580538214947767	0.0	0.248148148148148	0.10760667903525045	1.0
holdout	weak_two_part	13011	target	rank2_shrink10	4	0.7714869909949374	0.9111111111111111	0.0	2	1.0	0.00327740509532648	0.0	0.248148148148148	0.10760667903525045	1.0
holdout	weak_two_part	13011	reference	rank2_shrink10	4	0.6929095827519292	0.9555555555555556	0.0	2	1.0	0.00327740509532648	0.0	0.248148148148148	0.10760667903525045	1.0
holdout	weak_two_part	13011	target	rank3_shrink05	5	0.7714869909949374	0.9111111111111111	0.0	3	0.5	0.0027701764538566875	0.0	0.248148148148148	0.10760667903525045	1.0
holdout	weak_two_part	13011	reference	rank3_shrink05	5	0.6929095827519292	0.9555555555555556	0.0	3	0.5	0.0027701764538566875	0.0	0.248148148148148	0.10760667903525045	1.0
holdout	weak_two_part	13011	target	rank3_shrink10	6	0.7714869909949374	0.9111111111111111	0.0	3	1.0	0.003693568605142583	0.0	0.248148148148148	0.10760667903525045	1.0
holdout	weak_two_part	13011	reference	rank3_shrink10	6	0.6929095827519292	0.9555555555555556	0.0	3	1.0	0.003693568605142583	0.0	0.248148148148148	0.10760667903525045	1.0
holdout	weak_two_part	13012	target	raw_rc6_reference	0	0.8144840039899549	0.9230769230769231	0.0	0	0.0	0.0	0.0	0.36296296296296315	0.1451914098972923	1.0
holdout	weak_two_part	13012	reference	raw_rc6_reference	0	0.8554716507741332	1.0	0.0	0	0.0	0.0	0.0	0.36296296296296315	0.1451914098972923	1.0
holdout	weak_two_part	13012	target	rank1_shrink05	1	0.8144840039899549	0.9230769230769231	0.0	1	0.5	0.0019690149609934426	0.0	0.36296296296296315	0.1451914098972923	1.0
holdout	weak_two_part	13012	reference	rank1_shrink05	1	0.8554716507741332	1.0	0.0	1	0.5	0.0019690149609934426	0.0	0.36296296296296315	0.1451914098972923	1.0
holdout	weak_two_part	13012	target	rank1_shrink10	2	0.8144840039899549	0.9230769230769231	0.0	1	1.0	0.0026253532813248492	0.0	0.36296296296296315	0.1451914098972923	1.0
holdout	weak_two_part	13012	reference	rank1_shrink10	2	0.8554716507741332	1.0	0.0	1	1.0	0.0026253532813248492	0.0	0.36296296296296315	0.1451914098972923	1.0
holdout	weak_two_part	13012	target	rank2_shrink05	3	0.8144840039899549	0.9230769230769231	0.0	2	0.5	0.002155813326271905	0.0	0.36296296296296315	0.1451914098972923	1.0
holdout	weak_two_part	13012	reference	rank2_shrink05	3	0.8554716507741332	1.0	0.0	2	0.5	0.002155813326271905	0.0	0.36296296296296315	0.1451914098972923	1.0
holdout	weak_two_part	13012	target	rank2_shrink10	4	0.8144840039899549	0.9230769230769231	0.0	2	1.0	0.0028744177683625027	0.0	0.36296296296296315	0.1451914098972923	1.0
holdout	weak_two_part	13012	reference	rank2_shrink10	4	0.8554716507741332	1.0	0.0	2	1.0	0.0028744177683625027	0.0	0.36296296296296315	0.1451914098972923	1.0
holdout	weak_two_part	13012	target	rank3_shrink05	5	0.8144840039899549	0.9230769230769231	0.0	3	0.5	0.0025432350784272417	0.0	0.36296296296296315	0.1451914098972923	1.0
holdout	weak_two_part	13012	reference	rank3_shrink05	5	0.8554716507741332	1.0	0.0	3	0.5	0.0025432350784272417	0.0	0.36296296296296315	0.1451914098972923	1.0
holdout	weak_two_part	13012	target	rank3_shrink10	6	0.8144840039899549	0.9230769230769231	0.0	3	1.0	0.0033909801045699517	0.0	0.36296296296296315	0.1451914098972923	1.0
holdout	weak_two_part	13012	reference	rank3_shrink10	6	0.8554716507741332	1.0	0.0	3	1.0	0.0033909801045699517	0.0	0.36296296296296315	0.1451914098972923	1.0
holdout	structural_missingness	13001	target	raw_rc6_reference	0	0.8590012836021517	0.9888888888888889	0.0	0	0.0	0.0	0.0	0.5188679245283021	0.05197132616487454	1.0
holdout	structural_missingness	13001	reference	raw_rc6_reference	0	0.9180238697304902	0.9666666666666667	0.0	0	0.0	0.0	0.0	0.5188679245283021	0.05197132616487454	1.0
holdout	structural_missingness	13001	target	rank1_shrink05	1	0.8471119924796303	0.9777777777777777	0.0	1	0.5	0.024188022288659128	0.3547005572164782	0.5055555555555555	0.05197132616487454	1.0
holdout	structural_missingness	13001	reference	rank1_shrink05	1	0.9193251083835455	0.9555555555555556	0.0	1	0.5	0.024188022288659128	0.3547005572164782	0.5055555555555555	0.05197132616487454	1.0
holdout	structural_missingness	13001	target	rank1_shrink10	2	0.8471119924796303	0.9777777777777777	0.0	1	1.0	0.032498678733693165	0.562466968342329	0.5055555555555555	0.05197132616487454	1.0
holdout	structural_missingness	13001	reference	rank1_shrink10	2	0.9193251083835455	0.9555555555555556	0.0	1	1.0	0.032498678733693165	0.562466968342329	0.5055555555555555	0.05197132616487454	1.0
holdout	structural_missingness	13001	target	rank2_shrink05	3	0.8471119924796303	0.9777777777777777	0.0	2	0.5	0.02458755216896069	0.3646888042240173	0.5	0.05197132616487454	1.0
holdout	structural_missingness	13001	reference	rank2_shrink05	3	0.9193251083835455	0.9555555555555556	0.0	2	0.5	0.02458755216896069	0.3646888042240173	0.5	0.05197132616487454	1.0
holdout	structural_missingness	13001	target	rank2_shrink10	4	0.8471119924796303	0.9777777777777777	0.0	2	1.0	0.033034220408770354	0.5758555102192587	0.5	0.05197132616487454	1.0
holdout	structural_missingness	13001	reference	rank2_shrink10	4	0.9193251083835455	0.9555555555555556	0.0	2	1.0	0.033034220408770354	0.5758555102192587	0.5	0.05197132616487454	1.0
holdout	structural_missingness	13001	target	rank3_shrink05	5	0.8471119924796303	0.9777777777777777	0.0	3	0.5	0.024727309634654304	0.3681827408663576	0.5055555555555555	0.05197132616487454	1.0
holdout	structural_missingness	13001	reference	rank3_shrink05	5	0.9193251083835455	0.9555555555555556	0.0	3	0.5	0.024727309634654304	0.3681827408663576	0.5055555555555555	0.05197132616487454	1.0
holdout	structural_missingness	13001	target	rank3_shrink10	6	0.8471119924796303	0.9777777777777777	0.0	3	1.0	0.03322086233463484	0.5805215583658708	0.5055555555555555	0.05197132616487454	1.0
holdout	structural_missingness	13001	reference	rank3_shrink10	6	0.9193251083835455	0.9555555555555556	0.0	3	1.0	0.03322086233463484	0.5805215583658708	0.5055555555555555	0.05197132616487454	1.0
holdout	structural_missingness	13002	target	raw_rc6_reference	0	0.8529619370777268	0.9333333333333333	0.0	0	0.0	0.0	0.0	0.5452726363181593	0.15310274669379453	1.0
holdout	structural_missingness	13002	reference	raw_rc6_reference	0	0.7103139401648729	0.9444444444444445	0.0	0	0.0	0.0	0.0	0.5452726363181593	0.15310274669379453	1.0
holdout	structural_missingness	13002	target	rank1_shrink05	1	0.8529619370777268	0.9333333333333333	0.0	1	0.5	0.018402628318885506	0.21006570797213764	0.5143935818782444	0.15310274669379453	1.0
holdout	structural_missingness	13002	reference	rank1_shrink05	1	0.7156147904646107	0.9444444444444445	0.0	1	0.5	0.018402628318885506	0.21006570797213764	0.5143935818782444	0.15310274669379453	1.0
holdout	structural_missingness	13002	target	rank1_shrink10	2	0.8529619370777268	0.9333333333333333	0.0	1	1.0	0.02508900124027702	0.3772250310069255	0.5120226308345122	0.15310274669379453	1.0
holdout	structural_missingness	13002	reference	rank1_shrink10	2	0.6877853263909871	0.9333333333333333	0.0	1	1.0	0.02508900124027702	0.3772250310069255	0.5120226308345122	0.15310274669379453	1.0
holdout	structural_missingness	13002	target	rank2_shrink05	3	0.8529619370777268	0.9333333333333333	0.0	2	0.5	0.018752968702351547	0.21882421755878867	0.5200566304860783	0.15310274669379453	1.0
holdout	structural_missingness	13002	reference	rank2_shrink05	3	0.7235660659142176	0.9444444444444445	0.0	2	0.5	0.018752968702351547	0.21882421755878867	0.5200566304860783	0.15310274669379453	1.0
holdout	structural_missingness	13002	target	rank2_shrink10	4	0.8529619370777268	0.9333333333333333	0.0	2	1.0	0.02556389052182384	0.389097263045596	0.5176803394625176	0.15310274669379453	1.0
holdout	structural_missingness	13002	reference	rank2_shrink10	4	0.6877853263909871	0.9333333333333333	0.0	2	1.0	0.02556389052182384	0.389097263045596	0.5176803394625176	0.15310274669379453	1.0
holdout	structural_missingness	13002	target	rank3_shrink05	5	0.8529619370777268	0.9333333333333333	0.0	3	0.5	0.01898373775315565	0.22459344382889124	0.5125058990089664	0.15310274669379453	1.0
holdout	structural_missingness	13002	reference	rank3_shrink05	5	0.7156147904646107	0.9444444444444445	0.0	3	0.5	0.01898373775315565	0.22459344382889124	0.5125058990089664	0.15310274669379453	1.0
holdout	structural_missingness	13002	target	rank3_shrink10	6	0.8529619370777268	0.9333333333333333	0.0	3	1.0	0.025871086281704425	0.3967771570426106	0.5101367279585101	0.15310274669379453	1.0
holdout	structural_missingness	13002	reference	rank3_shrink10	6	0.6877853263909871	0.9333333333333333	0.0	3	1.0	0.025871086281704425	0.3967771570426106	0.5101367279585101	0.15310274669379453	1.0
holdout	structural_missingness	13003	target	raw_rc6_reference	0	0.8293203605479125	0.9777777777777779	0.0	0	0.0	0.0	0.0	0.5099236641221374	0.08333333333333337	1.0
holdout	structural_missingness	13003	reference	raw_rc6_reference	0	0.8721552111064962	1.0	0.0	0	0.0	0.0	0.0	0.5099236641221374	0.08333333333333337	1.0
holdout	structural_missingness	13003	target	rank1_shrink05	1	0.8006557133647951	0.9777777777777779	0.0	1	0.5	0.014074205141205054	0.10185512853012633	0.46328754144954987	0.08333333333333337	1.0
holdout	structural_missingness	13003	reference	rank1_shrink05	1	0.865631985892536	1.0	0.0	1	0.5	0.014074205141205054	0.10185512853012633	0.46328754144954987	0.08333333333333337	1.0
holdout	structural_missingness	13003	target	rank1_shrink10	2	0.8006557133647951	0.9777777777777779	0.0	1	1.0	0.019603484938645388	0.2400871234661347	0.46328754144954987	0.08333333333333337	1.0
holdout	structural_missingness	13003	reference	rank1_shrink10	2	0.865631985892536	1.0	0.0	1	1.0	0.019603484938645388	0.2400871234661347	0.46328754144954987	0.08333333333333337	1.0
holdout	structural_missingness	13003	target	rank2_shrink05	3	0.8006557133647951	0.9777777777777779	0.0	2	0.5	0.014345938466985508	0.1086484616746377	0.4708668877309332	0.08333333333333337	1.0
holdout	structural_missingness	13003	reference	rank2_shrink05	3	0.865631985892536	1.0	0.0	2	0.5	0.014345938466985508	0.1086484616746377	0.4708668877309332	0.08333333333333337	1.0
holdout	structural_missingness	13003	target	rank2_shrink10	4	0.8006557133647951	0.9777777777777779	0.0	2	1.0	0.019981976096738796	0.2495494024184699	0.4708668877309332	0.08333333333333337	1.0
holdout	structural_missingness	13003	reference	rank2_shrink10	4	0.865631985892536	1.0	0.0	2	1.0	0.019981976096738796	0.2495494024184699	0.4708668877309332	0.08333333333333337	1.0
holdout	structural_missingness	13003	target	rank3_shrink05	5	0.8006557133647951	0.9777777777777779	0.0	3	0.5	0.014627816603529742	0.11569541508824353	0.47276172430127916	0.08333333333333337	1.0
holdout	structural_missingness	13003	reference	rank3_shrink05	5	0.865631985892536	1.0	0.0	3	0.5	0.014627816603529742	0.11569541508824353	0.47276172430127916	0.08333333333333337	1.0
holdout	structural_missingness	13003	target	rank3_shrink10	6	0.8006557133647951	0.9777777777777779	0.0	3	1.0	0.020386783858510893	0.2596695964627723	0.47276172430127916	0.08333333333333337	1.0
holdout	structural_missingness	13003	reference	rank3_shrink10	6	0.865631985892536	1.0	0.0	3	1.0	0.020386783858510893	0.2596695964627723	0.47276172430127916	0.08333333333333337	1.0
holdout	structural_missingness	13004	target	raw_rc6_reference	0	0.7844513816942507	0.9081632653061225	0.0	0	0.0	0.0	0.0	0.5019607843137255	0.0670103092783505	0.9444444444444444
holdout	structural_missingness	13004	reference	raw_rc6_reference	0	0.8956109400641578	0.9888888888888889	0.0	0	0.0	0.0	0.0	0.5019607843137255	0.0670103092783505	0.9444444444444444
holdout	structural_missingness	13004	target	rank1_shrink05	1	0.7844513816942507	0.9081632653061225	0.0	1	0.5	0.02131112795583945	0.2827781988959862	0.5019607843137255	0.0670103092783505	0.9444444444444444
holdout	structural_missingness	13004	reference	rank1_shrink05	1	0.8956109400641578	0.9888888888888889	0.0	1	0.5	0.02131112795583945	0.2827781988959862	0.5019607843137255	0.0670103092783505	0.9444444444444444
holdout	structural_missingness	13004	target	rank1_shrink10	2	0.7844513816942507	0.9081632653061225	0.0	1	1.0	0.029946129926676557	0.49865324816691387	0.5058823529411764	0.0670103092783505	0.9444444444444444
holdout	structural_missingness	13004	reference	rank1_shrink10	2	0.8956109400641578	0.9888888888888889	0.0	1	1.0	0.029946129926676557	0.49865324816691387	0.5058823529411764	0.0670103092783505	0.9444444444444444
holdout	structural_missingness	13004	target	rank2_shrink05	3	0.7844513816942507	0.9081632653061225	0.0	2	0.5	0.021516343974032126	0.28790859935080315	0.5019607843137255	0.0670103092783505	0.9444444444444444
holdout	structural_missingness	13004	reference	rank2_shrink05	3	0.8956109400641578	0.9888888888888889	0.0	2	0.5	0.021516343974032126	0.28790859935080315	0.5019607843137255	0.0670103092783505	0.9444444444444444
holdout	structural_missingness	13004	target	rank2_shrink10	4	0.7844513816942507	0.9081632653061225	0.0	2	1.0	0.03025778276353286	0.5064445690883214	0.5058823529411764	0.0670103092783505	0.9444444444444444
holdout	structural_missingness	13004	reference	rank2_shrink10	4	0.8956109400641578	0.9888888888888889	0.0	2	1.0	0.03025778276353286	0.5064445690883214	0.5058823529411764	0.0670103092783505	0.9444444444444444
holdout	structural_missingness	13004	target	rank3_shrink05	5	0.7844513816942507	0.9081632653061225	0.0	3	0.5	0.022988095711712342	0.32470239279280855	0.5019607843137255	0.0670103092783505	0.9444444444444444
holdout	structural_missingness	13004	reference	rank3_shrink05	5	0.8956109400641578	0.9888888888888889	0.0	3	0.5	0.022988095711712342	0.32470239279280855	0.5019607843137255	0.0670103092783505	0.9444444444444444
holdout	structural_missingness	13004	target	rank3_shrink10	6	0.7844513816942507	0.9081632653061225	0.0	3	1.0	0.032242473526439164	0.556061838160979	0.49411764705882355	0.0670103092783505	0.9444444444444444
holdout	structural_missingness	13004	reference	rank3_shrink10	6	0.8969117547919198	0.9888888888888889	0.0	3	1.0	0.032242473526439164	0.556061838160979	0.49411764705882355	0.0670103092783505	0.9444444444444444
holdout	structural_missingness	13005	target	raw_rc6_reference	0	0.7851924270847522	0.8777777777777778	0.0	0	0.0	0.0	0.0	0.43266072266541533	0.06880733944954132	1.0
holdout	structural_missingness	13005	reference	raw_rc6_reference	0	0.8975957894409414	0.9666666666666667	0.0	0	0.0	0.0	0.0	0.43266072266541533	0.06880733944954132	1.0
holdout	structural_missingness	13005	target	rank1_shrink05	1	0.7851924270847522	0.8777777777777778	0.0	1	0.5	0.023718366488630682	0.34295916221576705	0.42407407407407405	0.06880733944954132	1.0
holdout	structural_missingness	13005	reference	rank1_shrink05	1	0.8975957894409414	0.9666666666666667	0.0	1	0.5	0.023718366488630682	0.34295916221576705	0.42407407407407405	0.06880733944954132	1.0
holdout	structural_missingness	13005	target	rank1_shrink10	2	0.7851924270847522	0.8777777777777778	0.0	1	1.0	0.03186587907269045	0.5466469768172612	0.42407407407407405	0.06880733944954132	1.0
holdout	structural_missingness	13005	reference	rank1_shrink10	2	0.8975957894409414	0.9666666666666667	0.0	1	1.0	0.03186587907269045	0.5466469768172612	0.42407407407407405	0.06880733944954132	1.0
holdout	structural_missingness	13005	target	rank2_shrink05	3	0.7851924270847522	0.8777777777777778	0.0	2	0.5	0.024130944481845273	0.35327361204613184	0.4351851851851851	0.06880733944954132	1.0
holdout	structural_missingness	13005	reference	rank2_shrink05	3	0.8975957894409414	0.9666666666666667	0.0	2	0.5	0.024130944481845273	0.35327361204613184	0.4351851851851851	0.06880733944954132	1.0
holdout	structural_missingness	13005	target	rank2_shrink10	4	0.7851924270847522	0.8777777777777778	0.0	2	1.0	0.032419709855876055	0.5604927463969013	0.44074074074074066	0.06880733944954132	1.0
holdout	structural_missingness	13005	reference	rank2_shrink10	4	0.8975957894409414	0.9666666666666667	0.0	2	1.0	0.032419709855876055	0.5604927463969013	0.44074074074074066	0.06880733944954132	1.0
holdout	structural_missingness	13005	target	rank3_shrink05	5	0.7851924270847522	0.8777777777777778	0.0	3	0.5	0.024232481506129888	0.3558120376532472	0.4314814814814816	0.06880733944954132	1.0
holdout	structural_missingness	13005	reference	rank3_shrink05	5	0.8975957894409414	0.9666666666666667	0.0	3	0.5	0.024232481506129888	0.3558120376532472	0.4314814814814816	0.06880733944954132	1.0
holdout	structural_missingness	13005	target	rank3_shrink10	6	0.7851924270847522	0.8777777777777778	0.0	3	1.0	0.032555896133071416	0.5638974033267853	0.4351851851851851	0.06880733944954132	1.0
holdout	structural_missingness	13005	reference	rank3_shrink10	6	0.8975957894409414	0.9666666666666667	0.0	3	1.0	0.032555896133071416	0.5638974033267853	0.4351851851851851	0.06880733944954132	1.0
holdout	structural_missingness	13006	target	raw_rc6_reference	0	0.739176082120267	0.8061224489795918	0.0	0	0.0	0.0	0.0	0.588888888888889	0.08629776021080371	1.0
holdout	structural_missingness	13006	reference	raw_rc6_reference	0	0.8746374258039811	1.0	0.0	0	0.0	0.0	0.0	0.588888888888889	0.08629776021080371	1.0
holdout	structural_missingness	13006	target	rank1_shrink05	1	0.7567600065407492	0.8163265306122449	0.0	1	0.5	0.01874311117895311	0.21857777947382773	0.588888888888889	0.08629776021080371	1.0
holdout	structural_missingness	13006	reference	rank1_shrink05	1	0.8668223482837667	1.0	0.0	1	0.5	0.01874311117895311	0.21857777947382773	0.588888888888889	0.08629776021080371	1.0
holdout	structural_missingness	13006	target	rank1_shrink10	2	0.7567600065407492	0.8163265306122449	0.0	1	1.0	0.02559501365057104	0.38987534126427603	0.588888888888889	0.08629776021080371	1.0
holdout	structural_missingness	13006	reference	rank1_shrink10	2	0.8668223482837667	1.0	0.0	1	1.0	0.02559501365057104	0.38987534126427603	0.588888888888889	0.08629776021080371	1.0
holdout	structural_missingness	13006	target	rank2_shrink05	3	0.7567600065407492	0.8163265306122449	0.0	2	0.5	0.018839018803262775	0.22097547008156937	0.588888888888889	0.08629776021080371	1.0
holdout	structural_missingness	13006	reference	rank2_shrink05	3	0.8668223482837667	1.0	0.0	2	0.5	0.018839018803262775	0.22097547008156937	0.588888888888889	0.08629776021080371	1.0
holdout	structural_missingness	13006	target	rank2_shrink10	4	0.7567600065407492	0.8163265306122449	0.0	2	1.0	0.025734367903250233	0.39335919758125576	0.588888888888889	0.08629776021080371	1.0
holdout	structural_missingness	13006	reference	rank2_shrink10	4	0.8668223482837667	1.0	0.0	2	1.0	0.025734367903250233	0.39335919758125576	0.588888888888889	0.08629776021080371	1.0
holdout	structural_missingness	13006	target	rank3_shrink05	5	0.7567600065407492	0.8163265306122449	0.0	3	0.5	0.018905923548182102	0.22264808870455255	0.588888888888889	0.08629776021080371	1.0
holdout	structural_missingness	13006	reference	rank3_shrink05	5	0.8668223482837667	1.0	0.0	3	0.5	0.018905923548182102	0.22264808870455255	0.588888888888889	0.08629776021080371	1.0
holdout	structural_missingness	13006	target	rank3_shrink10	6	0.7567600065407492	0.8163265306122449	0.0	3	1.0	0.025825290677932045	0.39563226694830106	0.588888888888889	0.08629776021080371	1.0
holdout	structural_missingness	13006	reference	rank3_shrink10	6	0.8668223482837667	1.0	0.0	3	1.0	0.025825290677932045	0.39563226694830106	0.588888888888889	0.08629776021080371	1.0
holdout	structural_missingness	13007	target	raw_rc6_reference	0	0.8594681303430032	0.8888888888888888	0.0	0	0.0	0.0	0.0	0.5418616744669786	0.11060142711518861	1.0
holdout	structural_missingness	13007	reference	raw_rc6_reference	0	0.7546970539204427	0.888888888888889	0.0	0	0.0	0.0	0.0	0.5418616744669786	0.11060142711518861	1.0
holdout	structural_missingness	13007	target	rank1_shrink05	1	0.8536125564042547	0.8888888888888888	0.0	1	0.5	0.01110419644721894	0.027604911180473472	0.4832151300236407	0.11060142711518861	1.0
holdout	structural_missingness	13007	reference	rank1_shrink05	1	0.7546970539204427	0.888888888888889	0.0	1	0.5	0.01110419644721894	0.027604911180473472	0.4832151300236407	0.11060142711518861	1.0
holdout	structural_missingness	13007	target	rank1_shrink10	2	0.8536125564042547	0.8888888888888888	0.0	1	1.0	0.015332957140488324	0.1333239285122081	0.4832151300236407	0.11060142711518861	1.0
holdout	structural_missingness	13007	reference	rank1_shrink10	2	0.74421515039377	0.888888888888889	0.0	1	1.0	0.015332957140488324	0.1333239285122081	0.4832151300236407	0.11060142711518861	1.0
holdout	structural_missingness	13007	target	rank2_shrink05	3	0.8536125564042547	0.8888888888888888	0.0	2	0.5	0.01184030689887916	0.046007672471979004	0.4869976359338062	0.11060142711518861	1.0
holdout	structural_missingness	13007	reference	rank2_shrink05	3	0.7546970539204427	0.888888888888889	0.0	2	0.5	0.01184030689887916	0.046007672471979004	0.4869976359338062	0.11060142711518861	1.0
holdout	structural_missingness	13007	target	rank2_shrink10	4	0.8536125564042547	0.8888888888888888	0.0	2	1.0	0.016389870653834238	0.15974676634585594	0.4869976359338062	0.11060142711518861	1.0
holdout	structural_missingness	13007	reference	rank2_shrink10	4	0.74421515039377	0.888888888888889	0.0	2	1.0	0.016389870653834238	0.15974676634585594	0.4869976359338062	0.11060142711518861	1.0
holdout	structural_missingness	13007	target	rank3_shrink05	5	0.8536125564042547	0.8888888888888888	0.0	3	0.5	0.012728756573177735	0.06821891432944338	0.4832151300236407	0.11060142711518861	1.0
holdout	structural_missingness	13007	reference	rank3_shrink05	5	0.74421515039377	0.888888888888889	0.0	3	0.5	0.012728756573177735	0.06821891432944338	0.4832151300236407	0.11060142711518861	1.0
holdout	structural_missingness	13007	target	rank3_shrink10	6	0.8536125564042547	0.8888888888888888	0.0	3	1.0	0.017579119992857772	0.1894779998214443	0.4832151300236407	0.11060142711518861	1.0
holdout	structural_missingness	13007	reference	rank3_shrink10	6	0.74421515039377	0.888888888888889	0.0	3	1.0	0.017579119992857772	0.1894779998214443	0.4832151300236407	0.11060142711518861	1.0
holdout	structural_missingness	13008	target	raw_rc6_reference	0	0.6778587286989366	0.8775510204081632	0.0	0	0.0	0.0	0.0	0.536	0.038461538461538436	1.0
holdout	structural_missingness	13008	reference	raw_rc6_reference	0	0.8280796915945925	0.9183673469387754	0.0	0	0.0	0.0	0.0	0.536	0.038461538461538436	1.0
holdout	structural_missingness	13008	target	rank1_shrink05	1	0.6495282415667689	0.8571428571428572	0.0	1	0.5	0.026836833835080398	0.4209208458770099	0.5086651053864171	0.038461538461538436	1.0
holdout	structural_missingness	13008	reference	rank1_shrink05	1	0.8280796915945925	0.9183673469387754	0.0	1	0.5	0.026836833835080398	0.4209208458770099	0.5086651053864171	0.038461538461538436	1.0
holdout	structural_missingness	13008	target	rank1_shrink10	2	0.6557471289860253	0.8673469387755102	0.0	1	1.0	0.0373909682265855	0.6847742056646373	0.5124121779859485	0.038461538461538436	1.0
holdout	structural_missingness	13008	reference	rank1_shrink10	2	0.824179787238574	0.9183673469387754	0.0	1	1.0	0.0373909682265855	0.6847742056646373	0.5124121779859485	0.038461538461538436	1.0
holdout	structural_missingness	13008	target	rank2_shrink05	3	0.6557471289860253	0.8673469387755102	0.0	2	0.5	0.02787225795729331	0.44680644893233273	0.5049180327868852	0.038461538461538436	1.0
holdout	structural_missingness	13008	reference	rank2_shrink05	3	0.824179787238574	0.9183673469387754	0.0	2	0.5	0.02787225795729331	0.44680644893233273	0.5049180327868852	0.038461538461538436	1.0
holdout	structural_missingness	13008	target	rank2_shrink10	4	0.6557471289860253	0.8673469387755102	0.0	2	1.0	0.038790368768649386	0.7197592192162345	0.5067915690866509	0.038461538461538436	1.0
holdout	structural_missingness	13008	reference	rank2_shrink10	4	0.824179787238574	0.9183673469387754	0.0	2	1.0	0.038790368768649386	0.7197592192162345	0.5067915690866509	0.038461538461538436	1.0
holdout	structural_missingness	13008	target	rank3_shrink05	5	0.6557471289860253	0.8673469387755102	0.0	3	0.5	0.029084828171858756	0.47712070429646886	0.5105386416861828	0.038461538461538436	1.0
holdout	structural_missingness	13008	reference	rank3_shrink05	5	0.824179787238574	0.9183673469387754	0.0	3	0.5	0.029084828171858756	0.47712070429646886	0.5105386416861828	0.038461538461538436	1.0
holdout	structural_missingness	13008	target	rank3_shrink10	6	0.6377814542192848	0.8571428571428572	0.0	3	1.0	0.04042286904211989	0.7605717260529972	0.5105386416861828	0.038461538461538436	1.0
holdout	structural_missingness	13008	reference	rank3_shrink10	6	0.824179787238574	0.9183673469387754	0.0	3	1.0	0.04042286904211989	0.7605717260529972	0.5105386416861828	0.038461538461538436	1.0
holdout	structural_missingness	13009	target	raw_rc6_reference	0	0.6754580597764611	0.888888888888889	0.0	0	0.0	0.0	0.0	0.5179034769071094	0.04425363276089833	1.0
holdout	structural_missingness	13009	reference	raw_rc6_reference	0	0.8773995338754893	1.0	0.0	0	0.0	0.0	0.0	0.5179034769071094	0.04425363276089833	1.0
holdout	structural_missingness	13009	target	rank1_shrink05	1	0.6721759506424648	0.888888888888889	0.0	1	0.5	0.021590944165786108	0.2897736041446527	0.48669201520912564	0.04425363276089833	1.0
holdout	structural_missingness	13009	reference	rank1_shrink05	1	0.8773995338754893	1.0	0.0	1	0.5	0.021590944165786108	0.2897736041446527	0.48669201520912564	0.04425363276089833	1.0
holdout	structural_missingness	13009	target	rank1_shrink10	2	0.6761144816032605	0.888888888888889	0.0	1	1.0	0.029439029210222345	0.48597573025555857	0.4847908745247147	0.04425363276089833	1.0
holdout	structural_missingness	13009	reference	rank1_shrink10	2	0.8773995338754893	1.0	0.0	1	1.0	0.029439029210222345	0.48597573025555857	0.4847908745247147	0.04425363276089833	1.0
holdout	structural_missingness	13009	target	rank2_shrink05	3	0.6721759506424648	0.888888888888889	0.0	2	0.5	0.022200192168747357	0.3050048042186839	0.49049429657794663	0.04425363276089833	1.0
holdout	structural_missingness	13009	reference	rank2_shrink05	3	0.8773995338754893	1.0	0.0	2	0.5	0.022200192168747357	0.3050048042186839	0.49049429657794663	0.04425363276089833	1.0
holdout	structural_missingness	13009	target	rank2_shrink10	4	0.6761144816032605	0.888888888888889	0.0	2	1.0	0.030269842017380255	0.5067460504345063	0.48859315589353614	0.04425363276089833	1.0
holdout	structural_missingness	13009	reference	rank2_shrink10	4	0.8773995338754893	1.0	0.0	2	1.0	0.030269842017380255	0.5067460504345063	0.48859315589353614	0.04425363276089833	1.0
holdout	structural_missingness	13009	target	rank3_shrink05	5	0.6721759506424648	0.888888888888889	0.0	3	0.5	0.02261674540468217	0.31541863511705426	0.49239543726235757	0.04425363276089833	1.0
holdout	structural_missingness	13009	reference	rank3_shrink05	5	0.8773995338754893	1.0	0.0	3	0.5	0.02261674540468217	0.31541863511705426	0.49239543726235757	0.04425363276089833	1.0
holdout	structural_missingness	13009	target	rank3_shrink10	6	0.6761144816032605	0.888888888888889	0.0	3	1.0	0.03084755275887152	0.5211888189717879	0.48859315589353614	0.04425363276089833	1.0
holdout	structural_missingness	13009	reference	rank3_shrink10	6	0.8773995338754893	1.0	0.0	3	1.0	0.03084755275887152	0.5211888189717879	0.48859315589353614	0.04425363276089833	1.0
holdout	structural_missingness	13010	target	raw_rc6_reference	0	0.8715175697277703	0.8666666666666667	0.0	0	0.0	0.0	0.0	0.5505154639175256	0.08816120906801006	1.0
holdout	structural_missingness	13010	reference	raw_rc6_reference	0	0.8239958727693519	0.9777777777777779	0.0	0	0.0	0.0	0.0	0.5505154639175256	0.08816120906801006	1.0
holdout	structural_missingness	13010	target	rank1_shrink05	1	0.8577464117411012	0.8555555555555556	0.0	1	0.5	0.018034380228172386	0.20085950570430966	0.5018939393939394	0.08816120906801006	1.0
holdout	structural_missingness	13010	reference	rank1_shrink05	1	0.8357299912106878	0.9888888888888889	0.0	1	0.5	0.018034380228172386	0.20085950570430966	0.5018939393939394	0.08816120906801006	1.0
holdout	structural_missingness	13010	target	rank1_shrink10	2	0.8577464117411012	0.8555555555555556	0.0	1	1.0	0.024761142547338855	0.36902856368347137	0.5018939393939394	0.08816120906801006	1.0
holdout	structural_missingness	13010	reference	rank1_shrink10	2	0.8357299912106878	0.9888888888888889	0.0	1	1.0	0.024761142547338855	0.36902856368347137	0.5018939393939394	0.08816120906801006	1.0
holdout	structural_missingness	13010	target	rank2_shrink05	3	0.8577464117411012	0.8555555555555556	0.0	2	0.5	0.018908466664364743	0.22271166660911856	0.5037878787878789	0.08816120906801006	1.0
holdout	structural_missingness	13010	reference	rank2_shrink05	3	0.8357299912106878	0.9888888888888889	0.0	2	0.5	0.018908466664364743	0.22271166660911856	0.5037878787878789	0.08816120906801006	1.0
holdout	structural_missingness	13010	target	rank2_shrink10	4	0.8577464117411012	0.8555555555555556	0.0	2	1.0	0.02592799673963131	0.3981999184907827	0.5037878787878789	0.08816120906801006	1.0
holdout	structural_missingness	13010	reference	rank2_shrink10	4	0.8357299912106878	0.9888888888888889	0.0	2	1.0	0.02592799673963131	0.3981999184907827	0.5037878787878789	0.08816120906801006	1.0
holdout	structural_missingness	13010	target	rank3_shrink05	5	0.8577464117411012	0.8555555555555556	0.0	3	0.5	0.01963871518473137	0.24096787961828425	0.5	0.08816120906801006	1.0
holdout	structural_missingness	13010	reference	rank3_shrink05	5	0.8357299912106878	0.9888888888888889	0.0	3	0.5	0.01963871518473137	0.24096787961828425	0.5	0.08816120906801006	1.0
holdout	structural_missingness	13010	target	rank3_shrink10	6	0.8577464117411012	0.8555555555555556	0.0	3	1.0	0.026922557772697253	0.4230639443174313	0.5	0.08816120906801006	1.0
holdout	structural_missingness	13010	reference	rank3_shrink10	6	0.8357299912106878	0.9888888888888889	0.0	3	1.0	0.026922557772697253	0.4230639443174313	0.5	0.08816120906801006	1.0
holdout	structural_missingness	13011	target	raw_rc6_reference	0	0.8541695630256185	0.9111111111111112	0.0	0	0.0	0.0	0.0	0.4829659318637276	0.10668380462724936	1.0
holdout	structural_missingness	13011	reference	raw_rc6_reference	0	0.860118749669531	0.9777777777777779	0.0	0	0.0	0.0	0.0	0.4829659318637276	0.10668380462724936	1.0
holdout	structural_missingness	13011	target	rank1_shrink05	1	0.8417997294147292	0.9000000000000001	0.0	1	0.5	0.0154317318921956	0.13579329730488998	0.4682053697597741	0.10668380462724936	1.0
holdout	structural_missingness	13011	reference	rank1_shrink05	1	0.860118749669531	0.9777777777777779	0.0	1	0.5	0.0154317318921956	0.13579329730488998	0.4682053697597741	0.10668380462724936	1.0
holdout	structural_missingness	13011	target	rank1_shrink10	2	0.8417997294147292	0.9000000000000001	0.0	1	1.0	0.02170853166108777	0.2927132915271943	0.4682053697597741	0.10668380462724936	1.0
holdout	structural_missingness	13011	reference	rank1_shrink10	2	0.856215033710365	0.9777777777777779	0.0	1	1.0	0.02170853166108777	0.2927132915271943	0.4682053697597741	0.10668380462724936	1.0
holdout	structural_missingness	13011	target	rank2_shrink05	3	0.8417997294147292	0.9000000000000001	0.0	2	0.5	0.015637029769460686	0.14092574423651716	0.4587847385774846	0.10668380462724936	1.0
holdout	structural_missingness	13011	reference	rank2_shrink05	3	0.860118749669531	0.9777777777777779	0.0	2	0.5	0.015637029769460686	0.14092574423651716	0.4587847385774846	0.10668380462724936	1.0
holdout	structural_missingness	13011	target	rank2_shrink10	4	0.8417997294147292	0.9000000000000001	0.0	2	1.0	0.0220132263764079	0.30033065941019754	0.4587847385774846	0.10668380462724936	1.0
holdout	structural_missingness	13011	reference	rank2_shrink10	4	0.856215033710365	0.9777777777777779	0.0	2	1.0	0.0220132263764079	0.30033065941019754	0.4587847385774846	0.10668380462724936	1.0
holdout	structural_missingness	13011	target	rank3_shrink05	5	0.8417997294147292	0.9000000000000001	0.0	3	0.5	0.015878593767945648	0.1469648441986412	0.4587847385774846	0.10668380462724936	1.0
holdout	structural_missingness	13011	reference	rank3_shrink05	5	0.860118749669531	0.9777777777777779	0.0	3	0.5	0.015878593767945648	0.1469648441986412	0.4587847385774846	0.10668380462724936	1.0
holdout	structural_missingness	13011	target	rank3_shrink10	6	0.8417997294147292	0.9000000000000001	0.0	3	1.0	0.022357623015559103	0.30894057538897757	0.4587847385774846	0.10668380462724936	1.0
holdout	structural_missingness	13011	reference	rank3_shrink10	6	0.856215033710365	0.9777777777777779	0.0	3	1.0	0.022357623015559103	0.30894057538897757	0.4587847385774846	0.10668380462724936	1.0
holdout	structural_missingness	13012	target	raw_rc6_reference	0	0.8907807441555472	1.0	0.0	0	0.0	0.0	0.0	0.5086419753086422	0.13233665559246954	1.0
holdout	structural_missingness	13012	reference	raw_rc6_reference	0	0.8626331333909638	0.9666666666666668	0.0	0	0.0	0.0	0.0	0.5086419753086422	0.13233665559246954	1.0
holdout	structural_missingness	13012	target	rank1_shrink05	1	0.8907807441555472	1.0	0.0	1	0.5	0.019471018195092227	0.23677545487730567	0.48968105065666023	0.13233665559246954	1.0
holdout	structural_missingness	13012	reference	rank1_shrink05	1	0.8671904405107651	0.9666666666666668	0.0	1	0.5	0.019471018195092227	0.23677545487730567	0.48968105065666023	0.13233665559246954	1.0
holdout	structural_missingness	13012	target	rank1_shrink10	2	0.8940412886070682	1.0	0.0	1	1.0	0.026645024549872054	0.4161256137468013	0.48968105065666023	0.13233665559246954	1.0
holdout	structural_missingness	13012	reference	rank1_shrink10	2	0.8691435721335371	0.9666666666666668	0.0	1	1.0	0.026645024549872054	0.4161256137468013	0.48968105065666023	0.13233665559246954	1.0
holdout	structural_missingness	13012	target	rank2_shrink05	3	0.8907807441555472	1.0	0.0	2	0.5	0.01994236186963949	0.24855904674098728	0.4859287054409007	0.13233665559246954	1.0
holdout	structural_missingness	13012	reference	rank2_shrink05	3	0.8671904405107651	0.9666666666666668	0.0	2	0.5	0.01994236186963949	0.24855904674098728	0.4859287054409007	0.13233665559246954	1.0
holdout	structural_missingness	13012	target	rank2_shrink10	4	0.8940412886070682	1.0	0.0	2	1.0	0.027304662699389137	0.4326165674847284	0.4859287054409007	0.13233665559246954	1.0
holdout	structural_missingness	13012	reference	rank2_shrink10	4	0.8691435721335371	0.9666666666666668	0.0	2	1.0	0.027304662699389137	0.4326165674847284	0.4859287054409007	0.13233665559246954	1.0
holdout	structural_missingness	13012	target	rank3_shrink05	5	0.8940412886070682	1.0	0.0	3	0.5	0.020379980859029256	0.2594995214757314	0.4840525328330205	0.13233665559246954	1.0
holdout	structural_missingness	13012	reference	rank3_shrink05	5	0.8671904405107651	0.9666666666666668	0.0	3	0.5	0.020379980859029256	0.2594995214757314	0.4840525328330205	0.13233665559246954	1.0
holdout	structural_missingness	13012	target	rank3_shrink10	6	0.8940412886070682	1.0	0.0	3	1.0	0.027916759968114935	0.4479189992028733	0.4840525328330205	0.13233665559246954	1.0
holdout	structural_missingness	13012	reference	rank3_shrink10	6	0.8691435721335371	0.9666666666666668	0.0	3	1.0	0.027916759968114935	0.4479189992028733	0.4840525328330205	0.13233665559246954	1.0
holdout	magnitude_helpful	13001	target	raw_rc6_reference	0	0.7965825052089156	0.9333333333333333	0.0	0	0.0	0.0	0.0	0.0	0.1493738819320215	1.0
holdout	magnitude_helpful	13001	reference	raw_rc6_reference	0	0.9199757277100731	0.9777777777777779	0.0	0	0.0	0.0	0.0	0.0	0.1493738819320215	1.0
holdout	magnitude_helpful	13001	target	rank1_shrink05	1	0.7965825052089156	0.9333333333333333	0.0	1	0.5	0.00022393837419965035	0.0	0.0	0.1493738819320215	1.0
holdout	magnitude_helpful	13001	reference	rank1_shrink05	1	0.9199757277100731	0.9777777777777779	0.0	1	0.5	0.00022393837419965035	0.0	0.0	0.1493738819320215	1.0
holdout	magnitude_helpful	13001	target	rank1_shrink10	2	0.7965825052089156	0.9333333333333333	0.0	1	1.0	0.0002985844989328301	0.0	0.0	0.1493738819320215	1.0
holdout	magnitude_helpful	13001	reference	rank1_shrink10	2	0.9199757277100731	0.9777777777777779	0.0	1	1.0	0.0002985844989328301	0.0	0.0	0.1493738819320215	1.0
holdout	magnitude_helpful	13001	target	rank2_shrink05	3	0.7965825052089156	0.9333333333333333	0.0	2	0.5	0.00038767066343947665	0.0	0.0	0.1493738819320215	1.0
holdout	magnitude_helpful	13001	reference	rank2_shrink05	3	0.9199757277100731	0.9777777777777779	0.0	2	0.5	0.00038767066343947665	0.0	0.0	0.1493738819320215	1.0
holdout	magnitude_helpful	13001	target	rank2_shrink10	4	0.7965825052089156	0.9333333333333333	0.0	2	1.0	0.0005168942179196723	0.0	0.0	0.1493738819320215	1.0
holdout	magnitude_helpful	13001	reference	rank2_shrink10	4	0.9199757277100731	0.9777777777777779	0.0	2	1.0	0.0005168942179196723	0.0	0.0	0.1493738819320215	1.0
holdout	magnitude_helpful	13001	target	rank3_shrink05	5	0.7965825052089156	0.9333333333333333	0.0	3	0.5	0.0006741526036403434	0.0	0.0	0.1493738819320215	1.0
holdout	magnitude_helpful	13001	reference	rank3_shrink05	5	0.9199757277100731	0.9777777777777779	0.0	3	0.5	0.0006741526036403434	0.0	0.0	0.1493738819320215	1.0
holdout	magnitude_helpful	13001	target	rank3_shrink10	6	0.7965825052089156	0.9333333333333333	0.0	3	1.0	0.0008988701381871245	0.0	0.0	0.1493738819320215	1.0
holdout	magnitude_helpful	13001	reference	rank3_shrink10	6	0.9199757277100731	0.9777777777777779	0.0	3	1.0	0.0008988701381871245	0.0	0.0	0.1493738819320215	1.0
holdout	magnitude_helpful	13002	target	raw_rc6_reference	0	0.8282384026696769	0.9222222222222223	0.0	0	0.0	0.0	0.0	0.0	0.14915405164737305	1.0
holdout	magnitude_helpful	13002	reference	raw_rc6_reference	0	0.6566428308800271	0.8777777777777779	0.0	0	0.0	0.0	0.0	0.0	0.14915405164737305	1.0
holdout	magnitude_helpful	13002	target	rank1_shrink05	1	0.8282384026696769	0.9222222222222223	0.0	1	0.5	0.000758136212194116	0.0	0.0	0.14915405164737305	1.0
holdout	magnitude_helpful	13002	reference	rank1_shrink05	1	0.6566428308800271	0.8777777777777779	0.0	1	0.5	0.000758136212194116	0.0	0.0	0.14915405164737305	1.0
holdout	magnitude_helpful	13002	target	rank1_shrink10	2	0.8282384026696769	0.9222222222222223	0.0	1	1.0	0.001010848282925636	0.0	0.0	0.14915405164737305	1.0
holdout	magnitude_helpful	13002	reference	rank1_shrink10	2	0.6566428308800271	0.8777777777777779	0.0	1	1.0	0.001010848282925636	0.0	0.0	0.14915405164737305	1.0
holdout	magnitude_helpful	13002	target	rank2_shrink05	3	0.8282384026696769	0.9222222222222223	0.0	2	0.5	0.0012397183681933654	0.0	0.0	0.14915405164737305	1.0
holdout	magnitude_helpful	13002	reference	rank2_shrink05	3	0.6566428308800271	0.8777777777777779	0.0	2	0.5	0.0012397183681933654	0.0	0.0	0.14915405164737305	1.0
holdout	magnitude_helpful	13002	target	rank2_shrink10	4	0.8282384026696769	0.9222222222222223	0.0	2	1.0	0.0016529578242581167	0.0	0.0	0.14915405164737305	1.0
holdout	magnitude_helpful	13002	reference	rank2_shrink10	4	0.6566428308800271	0.8777777777777779	0.0	2	1.0	0.0016529578242581167	0.0	0.0	0.14915405164737305	1.0
holdout	magnitude_helpful	13002	target	rank3_shrink05	5	0.8282384026696769	0.9222222222222223	0.0	3	0.5	0.0012889628804789721	0.0	0.0	0.14915405164737305	1.0
holdout	magnitude_helpful	13002	reference	rank3_shrink05	5	0.6566428308800271	0.8777777777777779	0.0	3	0.5	0.0012889628804789721	0.0	0.0	0.14915405164737305	1.0
holdout	magnitude_helpful	13002	target	rank3_shrink10	6	0.8282384026696769	0.9222222222222223	0.0	3	1.0	0.0017186171739722589	0.0	0.0	0.14915405164737305	1.0
holdout	magnitude_helpful	13002	reference	rank3_shrink10	6	0.6566428308800271	0.8777777777777779	0.0	3	1.0	0.0017186171739722589	0.0	0.0	0.14915405164737305	1.0
holdout	magnitude_helpful	13003	target	raw_rc6_reference	0	0.7557043348276341	0.9666666666666667	0.0	0	0.0	0.0	0.0	0.0	0.1615678776290631	1.0
holdout	magnitude_helpful	13003	reference	raw_rc6_reference	0	0.8688935984995161	1.0	0.0	0	0.0	0.0	0.0	0.0	0.1615678776290631	1.0
holdout	magnitude_helpful	13003	target	rank1_shrink05	1	0.7557043348276341	0.9666666666666667	0.0	1	0.5	8.929603702401145e-05	0.0	0.0	0.1615678776290631	1.0
holdout	magnitude_helpful	13003	reference	rank1_shrink05	1	0.8688935984995161	1.0	0.0	1	0.5	8.929603702401145e-05	0.0	0.0	0.1615678776290631	1.0
holdout	magnitude_helpful	13003	target	rank1_shrink10	2	0.7557043348276341	0.9666666666666667	0.0	1	1.0	0.00011906138269879296	0.0	0.0	0.1615678776290631	1.0
holdout	magnitude_helpful	13003	reference	rank1_shrink10	2	0.8688935984995161	1.0	0.0	1	1.0	0.00011906138269879296	0.0	0.0	0.1615678776290631	1.0
holdout	magnitude_helpful	13003	target	rank2_shrink05	3	0.7557043348276341	0.9666666666666667	0.0	2	0.5	0.0007551409479507054	0.0	0.0	0.1615678776290631	1.0
holdout	magnitude_helpful	13003	reference	rank2_shrink05	3	0.8688935984995161	1.0	0.0	2	0.5	0.0007551409479507054	0.0	0.0	0.1615678776290631	1.0
holdout	magnitude_helpful	13003	target	rank2_shrink10	4	0.7557043348276341	0.9666666666666667	0.0	2	1.0	0.0010068545972675702	0.0	0.0	0.1615678776290631	1.0
holdout	magnitude_helpful	13003	reference	rank2_shrink10	4	0.8688935984995161	1.0	0.0	2	1.0	0.0010068545972675702	0.0	0.0	0.1615678776290631	1.0
holdout	magnitude_helpful	13003	target	rank3_shrink05	5	0.7557043348276341	0.9666666666666667	0.0	3	0.5	0.00086382751440639	0.0	0.0	0.1615678776290631	1.0
holdout	magnitude_helpful	13003	reference	rank3_shrink05	5	0.8688935984995161	1.0	0.0	3	0.5	0.00086382751440639	0.0	0.0	0.1615678776290631	1.0
holdout	magnitude_helpful	13003	target	rank3_shrink10	6	0.7557043348276341	0.9666666666666667	0.0	3	1.0	0.001151770019208409	0.0	0.0	0.1615678776290631	1.0
holdout	magnitude_helpful	13003	reference	rank3_shrink10	6	0.8688935984995161	1.0	0.0	3	1.0	0.001151770019208409	0.0	0.0	0.1615678776290631	1.0
holdout	magnitude_helpful	13004	target	raw_rc6_reference	0	0.6764993566904547	0.8673469387755102	0.0	0	0.0	0.0	0.0	0.007407407407407529	0.13236587510993847	1.0
holdout	magnitude_helpful	13004	reference	raw_rc6_reference	0	0.8832532001504185	0.9888888888888889	0.0	0	0.0	0.0	0.0	0.007407407407407529	0.13236587510993847	1.0
holdout	magnitude_helpful	13004	target	rank1_shrink05	1	0.6764993566904547	0.8673469387755102	0.0	1	0.5	0.00025332738450023484	0.0	0.007407407407407529	0.13236587510993847	1.0
holdout	magnitude_helpful	13004	reference	rank1_shrink05	1	0.8832532001504185	0.9888888888888889	0.0	1	0.5	0.00025332738450023484	0.0	0.007407407407407529	0.13236587510993847	1.0
holdout	magnitude_helpful	13004	target	rank1_shrink10	2	0.6764993566904547	0.8673469387755102	0.0	1	1.0	0.00033776984600053517	0.0	0.007407407407407529	0.13236587510993847	1.0
holdout	magnitude_helpful	13004	reference	rank1_shrink10	2	0.8832532001504185	0.9888888888888889	0.0	1	1.0	0.00033776984600053517	0.0	0.007407407407407529	0.13236587510993847	1.0
holdout	magnitude_helpful	13004	target	rank2_shrink05	3	0.6764993566904547	0.8673469387755102	0.0	2	0.5	0.0006741067462122663	0.0	0.007407407407407529	0.13236587510993847	1.0
holdout	magnitude_helpful	13004	reference	rank2_shrink05	3	0.8832532001504185	0.9888888888888889	0.0	2	0.5	0.0006741067462122663	0.0	0.007407407407407529	0.13236587510993847	1.0
holdout	magnitude_helpful	13004	target	rank2_shrink10	4	0.6764993566904547	0.8673469387755102	0.0	2	1.0	0.0008988089949503175	0.0	0.007407407407407529	0.13236587510993847	1.0
holdout	magnitude_helpful	13004	reference	rank2_shrink10	4	0.8832532001504185	0.9888888888888889	0.0	2	1.0	0.0008988089949503175	0.0	0.007407407407407529	0.13236587510993847	1.0
holdout	magnitude_helpful	13004	target	rank3_shrink05	5	0.6764993566904547	0.8673469387755102	0.0	3	0.5	0.0007553993182373153	0.0	0.007407407407407529	0.13236587510993847	1.0
holdout	magnitude_helpful	13004	reference	rank3_shrink05	5	0.8832532001504185	0.9888888888888889	0.0	3	0.5	0.0007553993182373153	0.0	0.007407407407407529	0.13236587510993847	1.0
holdout	magnitude_helpful	13004	target	rank3_shrink10	6	0.6764993566904547	0.8673469387755102	0.0	3	1.0	0.001007199090983124	0.0	0.007407407407407529	0.13236587510993847	1.0
holdout	magnitude_helpful	13004	reference	rank3_shrink10	6	0.8832532001504185	0.9888888888888889	0.0	3	1.0	0.001007199090983124	0.0	0.007407407407407529	0.13236587510993847	1.0
holdout	magnitude_helpful	13005	target	raw_rc6_reference	0	0.8313414362333102	0.9	0.0	0	0.0	0.0	0.0	0.0	0.13708961845607803	1.0
holdout	magnitude_helpful	13005	reference	raw_rc6_reference	0	0.887158629098605	0.9666666666666667	0.0	0	0.0	0.0	0.0	0.0	0.13708961845607803	1.0
holdout	magnitude_helpful	13005	target	rank1_shrink05	1	0.8313414362333102	0.9	0.0	1	0.5	0.0005360100207323359	0.0	0.0	0.13708961845607803	1.0
holdout	magnitude_helpful	13005	reference	rank1_shrink05	1	0.887158629098605	0.9666666666666667	0.0	1	0.5	0.0005360100207323359	0.0	0.0	0.13708961845607803	1.0
holdout	magnitude_helpful	13005	target	rank1_shrink10	2	0.8313414362333102	0.9	0.0	1	1.0	0.0007146800276428555	0.0	0.0	0.13708961845607803	1.0
holdout	magnitude_helpful	13005	reference	rank1_shrink10	2	0.887158629098605	0.9666666666666667	0.0	1	1.0	0.0007146800276428555	0.0	0.0	0.13708961845607803	1.0
holdout	magnitude_helpful	13005	target	rank2_shrink05	3	0.8313414362333102	0.9	0.0	2	0.5	0.0007079670579051012	0.0	0.0	0.13708961845607803	1.0
holdout	magnitude_helpful	13005	reference	rank2_shrink05	3	0.887158629098605	0.9666666666666667	0.0	2	0.5	0.0007079670579051012	0.0	0.0	0.13708961845607803	1.0
holdout	magnitude_helpful	13005	target	rank2_shrink10	4	0.8313414362333102	0.9	0.0	2	1.0	0.0009439560772066535	0.0	0.0	0.13708961845607803	1.0
holdout	magnitude_helpful	13005	reference	rank2_shrink10	4	0.887158629098605	0.9666666666666667	0.0	2	1.0	0.0009439560772066535	0.0	0.0	0.13708961845607803	1.0
holdout	magnitude_helpful	13005	target	rank3_shrink05	5	0.8313414362333102	0.9	0.0	3	0.5	0.00145839568774353	0.0	0.0	0.13708961845607803	1.0
holdout	magnitude_helpful	13005	reference	rank3_shrink05	5	0.887158629098605	0.9666666666666667	0.0	3	0.5	0.00145839568774353	0.0	0.0	0.13708961845607803	1.0
holdout	magnitude_helpful	13005	target	rank3_shrink10	6	0.8313414362333102	0.9	0.0	3	1.0	0.001944527583658151	0.0	0.0	0.13708961845607803	1.0
holdout	magnitude_helpful	13005	reference	rank3_shrink10	6	0.887158629098605	0.9666666666666667	0.0	3	1.0	0.001944527583658151	0.0	0.0	0.13708961845607803	1.0
holdout	magnitude_helpful	13006	target	raw_rc6_reference	0	0.6753529490385171	0.7653061224489796	0.0	0	0.0	0.0	0.0	0.02592592592592613	0.13574879227053138	1.0
holdout	magnitude_helpful	13006	reference	raw_rc6_reference	0	0.8036504716620348	1.0	0.0	0	0.0	0.0	0.0	0.02592592592592613	0.13574879227053138	1.0
holdout	magnitude_helpful	13006	target	rank1_shrink05	1	0.6753529490385171	0.7653061224489796	0.0	1	0.5	0.00028207307234995316	0.0	0.02592592592592613	0.13574879227053138	1.0
holdout	magnitude_helpful	13006	reference	rank1_shrink05	1	0.8036504716620348	1.0	0.0	1	0.5	0.00028207307234995316	0.0	0.02592592592592613	0.13574879227053138	1.0
holdout	magnitude_helpful	13006	target	rank1_shrink10	2	0.6753529490385171	0.7653061224489796	0.0	1	1.0	0.00037609742980038163	0.0	0.02592592592592613	0.13574879227053138	1.0
holdout	magnitude_helpful	13006	reference	rank1_shrink10	2	0.8036504716620348	1.0	0.0	1	1.0	0.00037609742980038163	0.0	0.02592592592592613	0.13574879227053138	1.0
holdout	magnitude_helpful	13006	target	rank2_shrink05	3	0.6753529490385171	0.7653061224489796	0.0	2	0.5	0.0008744750364724219	0.0	0.02592592592592613	0.13574879227053138	1.0
holdout	magnitude_helpful	13006	reference	rank2_shrink05	3	0.8036504716620348	1.0	0.0	2	0.5	0.0008744750364724219	0.0	0.02592592592592613	0.13574879227053138	1.0
holdout	magnitude_helpful	13006	target	rank2_shrink10	4	0.6753529490385171	0.7653061224489796	0.0	2	1.0	0.0011659667152967845	0.0	0.02592592592592613	0.13574879227053138	1.0
holdout	magnitude_helpful	13006	reference	rank2_shrink10	4	0.8036504716620348	1.0	0.0	2	1.0	0.0011659667152967845	0.0	0.02592592592592613	0.13574879227053138	1.0
holdout	magnitude_helpful	13006	target	rank3_shrink05	5	0.6753529490385171	0.7653061224489796	0.0	3	0.5	0.0011433558488815887	0.0	0.02592592592592613	0.13574879227053138	1.0
holdout	magnitude_helpful	13006	reference	rank3_shrink05	5	0.8036504716620348	1.0	0.0	3	0.5	0.0011433558488815887	0.0	0.02592592592592613	0.13574879227053138	1.0
holdout	magnitude_helpful	13006	target	rank3_shrink10	6	0.6753529490385171	0.7653061224489796	0.0	3	1.0	0.0015244744651756736	0.0	0.02592592592592613	0.13574879227053138	1.0
holdout	magnitude_helpful	13006	reference	rank3_shrink10	6	0.8036504716620348	1.0	0.0	3	1.0	0.0015244744651756736	0.0	0.02592592592592613	0.13574879227053138	1.0
holdout	magnitude_helpful	13007	target	raw_rc6_reference	0	0.8301902606492597	0.8777777777777778	0.0	0	0.0	0.0	0.0	0.029629629629629672	0.158578856152513	1.0
holdout	magnitude_helpful	13007	reference	raw_rc6_reference	0	0.7035977742279128	0.8666666666666667	0.0	0	0.0	0.0	0.0	0.029629629629629672	0.158578856152513	1.0
holdout	magnitude_helpful	13007	target	rank1_shrink05	1	0.8301902606492597	0.8777777777777778	0.0	1	0.5	0.0003776237842760821	0.0	0.029629629629629672	0.158578856152513	1.0
holdout	magnitude_helpful	13007	reference	rank1_shrink05	1	0.7035977742279128	0.8666666666666667	0.0	1	0.5	0.0003776237842760821	0.0	0.029629629629629672	0.158578856152513	1.0
holdout	magnitude_helpful	13007	target	rank1_shrink10	2	0.8301902606492597	0.8777777777777778	0.0	1	1.0	0.0005034983790347392	0.0	0.029629629629629672	0.158578856152513	1.0
holdout	magnitude_helpful	13007	reference	rank1_shrink10	2	0.7035977742279128	0.8666666666666667	0.0	1	1.0	0.0005034983790347392	0.0	0.029629629629629672	0.158578856152513	1.0
holdout	magnitude_helpful	13007	target	rank2_shrink05	3	0.8301902606492597	0.8777777777777778	0.0	2	0.5	0.0005827254278751859	0.0	0.029629629629629672	0.158578856152513	1.0
holdout	magnitude_helpful	13007	reference	rank2_shrink05	3	0.7035977742279128	0.8666666666666667	0.0	2	0.5	0.0005827254278751859	0.0	0.029629629629629672	0.158578856152513	1.0
holdout	magnitude_helpful	13007	target	rank2_shrink10	4	0.8301902606492597	0.8777777777777778	0.0	2	1.0	0.0007769672371668035	0.0	0.029629629629629672	0.158578856152513	1.0
holdout	magnitude_helpful	13007	reference	rank2_shrink10	4	0.7035977742279128	0.8666666666666667	0.0	2	1.0	0.0007769672371668035	0.0	0.029629629629629672	0.158578856152513	1.0
holdout	magnitude_helpful	13007	target	rank3_shrink05	5	0.8301902606492597	0.8777777777777778	0.0	3	0.5	0.0013045745683765153	0.0	0.029629629629629672	0.158578856152513	1.0
holdout	magnitude_helpful	13007	reference	rank3_shrink05	5	0.7035977742279128	0.8666666666666667	0.0	3	0.5	0.0013045745683765153	0.0	0.029629629629629672	0.158578856152513	1.0
holdout	magnitude_helpful	13007	target	rank3_shrink10	6	0.8301902606492597	0.8777777777777778	0.0	3	1.0	0.0017394327578353908	0.0	0.029629629629629672	0.158578856152513	1.0
holdout	magnitude_helpful	13007	reference	rank3_shrink10	6	0.7035977742279128	0.8666666666666667	0.0	3	1.0	0.0017394327578353908	0.0	0.029629629629629672	0.158578856152513	1.0
holdout	magnitude_helpful	13008	target	raw_rc6_reference	0	0.6647299663693954	0.8571428571428572	0.0	0	0.0	0.0	0.0	0.0	0.14279319606087737	1.0
holdout	magnitude_helpful	13008	reference	raw_rc6_reference	0	0.8345795321879566	0.9183673469387754	0.0	0	0.0	0.0	0.0	0.0	0.14279319606087737	1.0
holdout	magnitude_helpful	13008	target	rank1_shrink05	1	0.6647299663693954	0.8571428571428572	0.0	1	0.5	0.0010620509551538815	0.0	0.0	0.14279319606087737	1.0
holdout	magnitude_helpful	13008	reference	rank1_shrink05	1	0.8345795321879566	0.9183673469387754	0.0	1	0.5	0.0010620509551538815	0.0	0.0	0.14279319606087737	1.0
holdout	magnitude_helpful	13008	target	rank1_shrink10	2	0.6647299663693954	0.8571428571428572	0.0	1	1.0	0.0014160679402054344	0.0	0.0	0.14279319606087737	1.0
holdout	magnitude_helpful	13008	reference	rank1_shrink10	2	0.8345795321879566	0.9183673469387754	0.0	1	1.0	0.0014160679402054344	0.0	0.0	0.14279319606087737	1.0
holdout	magnitude_helpful	13008	target	rank2_shrink05	3	0.6647299663693954	0.8571428571428572	0.0	2	0.5	0.0010625746813556214	0.0	0.0	0.14279319606087737	1.0
holdout	magnitude_helpful	13008	reference	rank2_shrink05	3	0.8345795321879566	0.9183673469387754	0.0	2	0.5	0.0010625746813556214	0.0	0.0	0.14279319606087737	1.0
holdout	magnitude_helpful	13008	target	rank2_shrink10	4	0.6647299663693954	0.8571428571428572	0.0	2	1.0	0.0014167662418076432	0.0	0.0	0.14279319606087737	1.0
holdout	magnitude_helpful	13008	reference	rank2_shrink10	4	0.8345795321879566	0.9183673469387754	0.0	2	1.0	0.0014167662418076432	0.0	0.0	0.14279319606087737	1.0
holdout	magnitude_helpful	13008	target	rank3_shrink05	5	0.6647299663693954	0.8571428571428572	0.0	3	0.5	0.001539564320922615	0.0	0.0	0.14279319606087737	1.0
holdout	magnitude_helpful	13008	reference	rank3_shrink05	5	0.8345795321879566	0.9183673469387754	0.0	3	0.5	0.001539564320922615	0.0	0.0	0.14279319606087737	1.0
holdout	magnitude_helpful	13008	target	rank3_shrink10	6	0.6647299663693954	0.8571428571428572	0.0	3	1.0	0.002052752427896598	0.0	0.0	0.14279319606087737	1.0
holdout	magnitude_helpful	13008	reference	rank3_shrink10	6	0.8345795321879566	0.9183673469387754	0.0	3	1.0	0.002052752427896598	0.0	0.0	0.14279319606087737	1.0
holdout	magnitude_helpful	13009	target	raw_rc6_reference	0	0.6236007354593178	0.8777777777777778	0.0	0	0.0	0.0	0.0	0.04259259259259274	0.13859649122807016	1.0
holdout	magnitude_helpful	13009	reference	raw_rc6_reference	0	0.8474807951369625	1.0	0.0	0	0.0	0.0	0.0	0.04259259259259274	0.13859649122807016	1.0
holdout	magnitude_helpful	13009	target	rank1_shrink05	1	0.6236007354593178	0.8777777777777778	0.0	1	0.5	0.0001209369123018611	0.0	0.04259259259259274	0.13859649122807016	1.0
holdout	magnitude_helpful	13009	reference	rank1_shrink05	1	0.8474807951369625	1.0	0.0	1	0.5	0.0001209369123018611	0.0	0.04259259259259274	0.13859649122807016	1.0
holdout	magnitude_helpful	13009	target	rank1_shrink10	2	0.6236007354593178	0.8777777777777778	0.0	1	1.0	0.0001612492164027035	0.0	0.04259259259259274	0.13859649122807016	1.0
holdout	magnitude_helpful	13009	reference	rank1_shrink10	2	0.8474807951369625	1.0	0.0	1	1.0	0.0001612492164027035	0.0	0.04259259259259274	0.13859649122807016	1.0
holdout	magnitude_helpful	13009	target	rank2_shrink05	3	0.6236007354593178	0.8777777777777778	0.0	2	0.5	0.00013857365260627752	0.0	0.04259259259259274	0.13859649122807016	1.0
holdout	magnitude_helpful	13009	reference	rank2_shrink05	3	0.8474807951369625	1.0	0.0	2	0.5	0.00013857365260627752	0.0	0.04259259259259274	0.13859649122807016	1.0
holdout	magnitude_helpful	13009	target	rank2_shrink10	4	0.6236007354593178	0.8777777777777778	0.0	2	1.0	0.00018476487014207343	0.0	0.04259259259259274	0.13859649122807016	1.0
holdout	magnitude_helpful	13009	reference	rank2_shrink10	4	0.8474807951369625	1.0	0.0	2	1.0	0.00018476487014207343	0.0	0.04259259259259274	0.13859649122807016	1.0
holdout	magnitude_helpful	13009	target	rank3_shrink05	5	0.6236007354593178	0.8777777777777778	0.0	3	0.5	0.0002981524452260187	0.0	0.04259259259259274	0.13859649122807016	1.0
holdout	magnitude_helpful	13009	reference	rank3_shrink05	5	0.8474807951369625	1.0	0.0	3	0.5	0.0002981524452260187	0.0	0.04259259259259274	0.13859649122807016	1.0
holdout	magnitude_helpful	13009	target	rank3_shrink10	6	0.6236007354593178	0.8777777777777778	0.0	3	1.0	0.0003975365936348396	0.0	0.04259259259259274	0.13859649122807016	1.0
holdout	magnitude_helpful	13009	reference	rank3_shrink10	6	0.8474807951369625	1.0	0.0	3	1.0	0.0003975365936348396	0.0	0.04259259259259274	0.13859649122807016	1.0
holdout	magnitude_helpful	13010	target	raw_rc6_reference	0	0.835450251191256	0.8555555555555556	0.0	0	0.0	0.0	0.0	0.05555555555555536	0.11748120300751874	1.0
holdout	magnitude_helpful	13010	reference	raw_rc6_reference	0	0.837685677617577	0.9777777777777779	0.0	0	0.0	0.0	0.0	0.05555555555555536	0.11748120300751874	1.0
holdout	magnitude_helpful	13010	target	rank1_shrink05	1	0.835450251191256	0.8555555555555556	0.0	1	0.5	4.721637387761213e-05	0.0	0.05555555555555536	0.11748120300751874	1.0
holdout	magnitude_helpful	13010	reference	rank1_shrink05	1	0.837685677617577	0.9777777777777779	0.0	1	0.5	4.721637387761213e-05	0.0	0.05555555555555536	0.11748120300751874	1.0
holdout	magnitude_helpful	13010	target	rank1_shrink10	2	0.835450251191256	0.8555555555555556	0.0	1	1.0	6.295516517040856e-05	0.0	0.05555555555555536	0.11748120300751874	1.0
holdout	magnitude_helpful	13010	reference	rank1_shrink10	2	0.837685677617577	0.9777777777777779	0.0	1	1.0	6.295516517040856e-05	0.0	0.05555555555555536	0.11748120300751874	1.0
holdout	magnitude_helpful	13010	target	rank2_shrink05	3	0.835450251191256	0.8555555555555556	0.0	2	0.5	0.0008461752992473537	0.0	0.05555555555555536	0.11748120300751874	1.0
holdout	magnitude_helpful	13010	reference	rank2_shrink05	3	0.837685677617577	0.9777777777777779	0.0	2	0.5	0.0008461752992473537	0.0	0.05555555555555536	0.11748120300751874	1.0
holdout	magnitude_helpful	13010	target	rank2_shrink10	4	0.835450251191256	0.8555555555555556	0.0	2	1.0	0.001128233732330064	0.0	0.05555555555555536	0.11748120300751874	1.0
holdout	magnitude_helpful	13010	reference	rank2_shrink10	4	0.837685677617577	0.9777777777777779	0.0	2	1.0	0.001128233732330064	0.0	0.05555555555555536	0.11748120300751874	1.0
holdout	magnitude_helpful	13010	target	rank3_shrink05	5	0.835450251191256	0.8555555555555556	0.0	3	0.5	0.0008721848615645955	0.0	0.05555555555555536	0.11748120300751874	1.0
holdout	magnitude_helpful	13010	reference	rank3_shrink05	5	0.837685677617577	0.9777777777777779	0.0	3	0.5	0.0008721848615645955	0.0	0.05555555555555536	0.11748120300751874	1.0
holdout	magnitude_helpful	13010	target	rank3_shrink10	6	0.835450251191256	0.8555555555555556	0.0	3	1.0	0.0011629131487532751	0.0	0.05555555555555536	0.11748120300751874	1.0
holdout	magnitude_helpful	13010	reference	rank3_shrink10	6	0.837685677617577	0.9777777777777779	0.0	3	1.0	0.0011629131487532751	0.0	0.05555555555555536	0.11748120300751874	1.0
holdout	magnitude_helpful	13011	target	raw_rc6_reference	0	0.8580758262711624	0.9	0.0	0	0.0	0.0	0.0	0.0037037037037035425	0.13799283154121866	1.0
holdout	magnitude_helpful	13011	reference	raw_rc6_reference	0	0.8445038858328677	0.9888888888888889	0.0	0	0.0	0.0	0.0	0.0037037037037035425	0.13799283154121866	1.0
holdout	magnitude_helpful	13011	target	rank1_shrink05	1	0.8580758262711624	0.9	0.0	1	0.5	4.0250826003340734e-05	0.0	0.0037037037037035425	0.13799283154121866	1.0
holdout	magnitude_helpful	13011	reference	rank1_shrink05	1	0.8445038858328677	0.9888888888888889	0.0	1	0.5	4.0250826003340734e-05	0.0	0.0037037037037035425	0.13799283154121866	1.0
holdout	magnitude_helpful	13011	target	rank1_shrink10	2	0.8580758262711624	0.9	0.0	1	1.0	5.366776800475037e-05	0.0	0.0037037037037035425	0.13799283154121866	1.0
holdout	magnitude_helpful	13011	reference	rank1_shrink10	2	0.8445038858328677	0.9888888888888889	0.0	1	1.0	5.366776800475037e-05	0.0	0.0037037037037035425	0.13799283154121866	1.0
holdout	magnitude_helpful	13011	target	rank2_shrink05	3	0.8580758262711624	0.9	0.0	2	0.5	0.0003128769881521887	0.0	0.0037037037037035425	0.13799283154121866	1.0
holdout	magnitude_helpful	13011	reference	rank2_shrink05	3	0.8445038858328677	0.9888888888888889	0.0	2	0.5	0.0003128769881521887	0.0	0.0037037037037035425	0.13799283154121866	1.0
holdout	magnitude_helpful	13011	target	rank2_shrink10	4	0.8580758262711624	0.9	0.0	2	1.0	0.0004171693175365476	0.0	0.0037037037037035425	0.13799283154121866	1.0
holdout	magnitude_helpful	13011	reference	rank2_shrink10	4	0.8445038858328677	0.9888888888888889	0.0	2	1.0	0.0004171693175365476	0.0	0.0037037037037035425	0.13799283154121866	1.0
holdout	magnitude_helpful	13011	target	rank3_shrink05	5	0.8580758262711624	0.9	0.0	3	0.5	0.0004888529452422574	0.0	0.0037037037037035425	0.13799283154121866	1.0
holdout	magnitude_helpful	13011	reference	rank3_shrink05	5	0.8445038858328677	0.9888888888888889	0.0	3	0.5	0.0004888529452422574	0.0	0.0037037037037035425	0.13799283154121866	1.0
holdout	magnitude_helpful	13011	target	rank3_shrink10	6	0.8580758262711624	0.9	0.0	3	1.0	0.0006518039269901577	0.0	0.0037037037037035425	0.13799283154121866	1.0
holdout	magnitude_helpful	13011	reference	rank3_shrink10	6	0.8445038858328677	0.9888888888888889	0.0	3	1.0	0.0006518039269901577	0.0	0.0037037037037035425	0.13799283154121866	1.0
holdout	magnitude_helpful	13012	target	raw_rc6_reference	0	0.8953455063876767	1.0	0.0	0	0.0	0.0	0.0	0.06296296296296289	0.16397124887690928	1.0
holdout	magnitude_helpful	13012	reference	raw_rc6_reference	0	0.8554716507741332	0.9888888888888889	0.0	0	0.0	0.0	0.0	0.06296296296296289	0.16397124887690928	1.0
holdout	magnitude_helpful	13012	target	rank1_shrink05	1	0.8953455063876767	1.0	0.0	1	0.5	0.0003006759429585726	0.0	0.06296296296296289	0.16397124887690928	1.0
holdout	magnitude_helpful	13012	reference	rank1_shrink05	1	0.8554716507741332	0.9888888888888889	0.0	1	0.5	0.0003006759429585726	0.0	0.06296296296296289	0.16397124887690928	1.0
holdout	magnitude_helpful	13012	target	rank1_shrink10	2	0.8953455063876767	1.0	0.0	1	1.0	0.0004009012572780968	0.0	0.06296296296296289	0.16397124887690928	1.0
holdout	magnitude_helpful	13012	reference	rank1_shrink10	2	0.8554716507741332	0.9888888888888889	0.0	1	1.0	0.0004009012572780968	0.0	0.06296296296296289	0.16397124887690928	1.0
holdout	magnitude_helpful	13012	target	rank2_shrink05	3	0.8953455063876767	1.0	0.0	2	0.5	0.0003243137694871612	0.0	0.06296296296296289	0.16397124887690928	1.0
holdout	magnitude_helpful	13012	reference	rank2_shrink05	3	0.8554716507741332	0.9888888888888889	0.0	2	0.5	0.0003243137694871612	0.0	0.06296296296296289	0.16397124887690928	1.0
holdout	magnitude_helpful	13012	target	rank2_shrink10	4	0.8953455063876767	1.0	0.0	2	1.0	0.0004324183593162889	0.0	0.06296296296296289	0.16397124887690928	1.0
holdout	magnitude_helpful	13012	reference	rank2_shrink10	4	0.8554716507741332	0.9888888888888889	0.0	2	1.0	0.0004324183593162889	0.0	0.06296296296296289	0.16397124887690928	1.0
holdout	magnitude_helpful	13012	target	rank3_shrink05	5	0.8953455063876767	1.0	0.0	3	0.5	0.0004583343379291893	0.0	0.06296296296296289	0.16397124887690928	1.0
holdout	magnitude_helpful	13012	reference	rank3_shrink05	5	0.8554716507741332	0.9888888888888889	0.0	3	0.5	0.0004583343379291893	0.0	0.06296296296296289	0.16397124887690928	1.0
holdout	magnitude_helpful	13012	target	rank3_shrink10	6	0.8953455063876767	1.0	0.0	3	1.0	0.0006111124505724375	0.0	0.06296296296296289	0.16397124887690928	1.0
holdout	magnitude_helpful	13012	reference	rank3_shrink10	6	0.8554716507741332	0.9888888888888889	0.0	3	1.0	0.0006111124505724375	0.0	0.06296296296296289	0.16397124887690928	1.0
holdout	isolated_occurrence	13001	target	raw_rc6_reference	0	0.7965825052089156	0.9333333333333333	0.0	0	0.0	0.0	0.0	0.10740740740740762	0.0	1.0
holdout	isolated_occurrence	13001	reference	raw_rc6_reference	0	0.9037102445468824	0.9666666666666668	0.0	0	0.0	0.0	0.0	0.10740740740740762	0.0	1.0
holdout	isolated_occurrence	13001	target	rank1_shrink05	1	0.7965825052089156	0.9333333333333333	0.0	1	0.5	0.007825591336515503	0.0	0.10740740740740762	0.0	1.0
holdout	isolated_occurrence	13001	reference	rank1_shrink05	1	0.9037102445468824	0.9666666666666668	0.0	1	0.5	0.007825591336515503	0.0	0.10740740740740762	0.0	1.0
holdout	isolated_occurrence	13001	target	rank1_shrink10	2	0.7965825052089156	0.9333333333333333	0.0	1	1.0	0.01043412178202141	0.010853044550535257	0.10740740740740762	0.0	1.0
holdout	isolated_occurrence	13001	reference	rank1_shrink10	2	0.9037102445468824	0.9666666666666668	0.0	1	1.0	0.01043412178202141	0.010853044550535257	0.10740740740740762	0.0	1.0
holdout	isolated_occurrence	13001	target	rank2_shrink05	3	0.7965825052089156	0.9333333333333333	0.0	2	0.5	0.01569770253690439	0.14244256342260975	0.10740740740740762	0.0	1.0
holdout	isolated_occurrence	13001	reference	rank2_shrink05	3	0.9037102445468824	0.9666666666666668	0.0	2	0.5	0.01569770253690439	0.14244256342260975	0.10740740740740762	0.0	1.0
holdout	isolated_occurrence	13001	target	rank2_shrink10	4	0.7965825052089156	0.9333333333333333	0.0	2	1.0	0.02093027004920578	0.2732567512301445	0.10740740740740762	0.0	1.0
holdout	isolated_occurrence	13001	reference	rank2_shrink10	4	0.9037102445468824	0.9666666666666668	0.0	2	1.0	0.02093027004920578	0.2732567512301445	0.10740740740740762	0.0	1.0
holdout	isolated_occurrence	13001	target	rank3_shrink05	5	0.7965825052089156	0.9333333333333333	0.0	3	0.5	0.016463578032118176	0.1615894508029544	0.10740740740740762	0.0	1.0
holdout	isolated_occurrence	13001	reference	rank3_shrink05	5	0.9037102445468824	0.9666666666666668	0.0	3	0.5	0.016463578032118176	0.1615894508029544	0.10740740740740762	0.0	1.0
holdout	isolated_occurrence	13001	target	rank3_shrink10	6	0.7965825052089156	0.9333333333333333	0.0	3	1.0	0.02195143737615779	0.29878593440394474	0.10740740740740762	0.0	1.0
holdout	isolated_occurrence	13001	reference	rank3_shrink10	6	0.9037102445468824	0.9666666666666668	0.0	3	1.0	0.02195143737615779	0.29878593440394474	0.10740740740740762	0.0	1.0
holdout	isolated_occurrence	13002	target	raw_rc6_reference	0	0.8067679648942649	0.9333333333333333	0.0	0	0.0	0.0	0.0	0.10370370370370363	0.002968617472434265	1.0
holdout	isolated_occurrence	13002	reference	raw_rc6_reference	0	0.6122482096197226	0.8444444444444446	0.0	0	0.0	0.0	0.0	0.10370370370370363	0.002968617472434265	1.0
holdout	isolated_occurrence	13002	target	rank1_shrink05	1	0.8067679648942649	0.9333333333333333	0.0	1	0.5	0.009623284073692284	0.0	0.10370370370370363	0.002968617472434265	1.0
holdout	isolated_occurrence	13002	reference	rank1_shrink05	1	0.6122482096197226	0.8444444444444446	0.0	1	0.5	0.009623284073692284	0.0	0.10370370370370363	0.002968617472434265	1.0
holdout	isolated_occurrence	13002	target	rank1_shrink10	2	0.8067679648942649	0.9333333333333333	0.0	1	1.0	0.01283104543158975	0.07077613578974373	0.10370370370370363	0.002968617472434265	1.0
holdout	isolated_occurrence	13002	reference	rank1_shrink10	2	0.6122482096197226	0.8444444444444446	0.0	1	1.0	0.01283104543158975	0.07077613578974373	0.10370370370370363	0.002968617472434265	1.0
holdout	isolated_occurrence	13002	target	rank2_shrink05	3	0.8067679648942649	0.9333333333333333	0.0	2	0.5	0.010388765111093767	0.009719127777344178	0.10370370370370363	0.002968617472434265	1.0
holdout	isolated_occurrence	13002	reference	rank2_shrink05	3	0.6122482096197226	0.8444444444444446	0.0	2	0.5	0.010388765111093767	0.009719127777344178	0.10370370370370363	0.002968617472434265	1.0
holdout	isolated_occurrence	13002	target	rank2_shrink10	4	0.8067679648942649	0.9333333333333333	0.0	2	1.0	0.013851686814791986	0.09629217036979963	0.10370370370370363	0.002968617472434265	1.0
holdout	isolated_occurrence	13002	reference	rank2_shrink10	4	0.6122482096197226	0.8444444444444446	0.0	2	1.0	0.013851686814791986	0.09629217036979963	0.10370370370370363	0.002968617472434265	1.0
holdout	isolated_occurrence	13002	target	rank3_shrink05	5	0.8067679648942649	0.9333333333333333	0.0	3	0.5	0.010668829867959362	0.01672074669898404	0.10370370370370363	0.002968617472434265	1.0
holdout	isolated_occurrence	13002	reference	rank3_shrink05	5	0.6122482096197226	0.8444444444444446	0.0	3	0.5	0.010668829867959362	0.01672074669898404	0.10370370370370363	0.002968617472434265	1.0
holdout	isolated_occurrence	13002	target	rank3_shrink10	6	0.8015630102820439	0.9333333333333333	0.0	3	1.0	0.014225106490612927	0.10562766226532315	0.10370370370370363	0.002968617472434265	1.0
holdout	isolated_occurrence	13002	reference	rank3_shrink10	6	0.6122482096197226	0.8444444444444446	0.0	3	1.0	0.014225106490612927	0.10562766226532315	0.10370370370370363	0.002968617472434265	1.0
holdout	isolated_occurrence	13003	target	raw_rc6_reference	0	0.7739454739441632	0.9777777777777779	0.0	0	0.0	0.0	0.0	0.20925925925925926	0.0025075225677031465	1.0
holdout	isolated_occurrence	13003	reference	raw_rc6_reference	0	0.8688935984995161	1.0	0.0	0	0.0	0.0	0.0	0.20925925925925926	0.0025075225677031465	1.0
holdout	isolated_occurrence	13003	target	rank1_shrink05	1	0.7739454739441632	0.9777777777777779	0.0	1	0.5	0.006781919190439134	0.0	0.20925925925925926	0.0025075225677031465	1.0
holdout	isolated_occurrence	13003	reference	rank1_shrink05	1	0.8688935984995161	1.0	0.0	1	0.5	0.006781919190439134	0.0	0.20925925925925926	0.0025075225677031465	1.0
holdout	isolated_occurrence	13003	target	rank1_shrink10	2	0.7739454739441632	0.9777777777777779	0.0	1	1.0	0.009042558920585808	0.0	0.20925925925925926	0.0025075225677031465	1.0
holdout	isolated_occurrence	13003	reference	rank1_shrink10	2	0.8688935984995161	1.0	0.0	1	1.0	0.009042558920585808	0.0	0.20925925925925926	0.0025075225677031465	1.0
holdout	isolated_occurrence	13003	target	rank2_shrink05	3	0.7739454739441632	0.9777777777777779	0.0	2	0.5	0.01092861039135018	0.023215259783754487	0.20925925925925926	0.0025075225677031465	1.0
holdout	isolated_occurrence	13003	reference	rank2_shrink05	3	0.8688935984995161	1.0	0.0	2	0.5	0.01092861039135018	0.023215259783754487	0.20925925925925926	0.0025075225677031465	1.0
holdout	isolated_occurrence	13003	target	rank2_shrink10	4	0.7739454739441632	0.9777777777777779	0.0	2	1.0	0.01457148052180035	0.11428701304500875	0.20925925925925926	0.0025075225677031465	1.0
holdout	isolated_occurrence	13003	reference	rank2_shrink10	4	0.8688935984995161	1.0	0.0	2	1.0	0.01457148052180035	0.11428701304500875	0.20925925925925926	0.0025075225677031465	1.0
holdout	isolated_occurrence	13003	target	rank3_shrink05	5	0.7739454739441632	0.9777777777777779	0.0	3	0.5	0.01135805256447553	0.033951314111888224	0.20925925925925926	0.0025075225677031465	1.0
holdout	isolated_occurrence	13003	reference	rank3_shrink05	5	0.8688935984995161	1.0	0.0	3	0.5	0.01135805256447553	0.033951314111888224	0.20925925925925926	0.0025075225677031465	1.0
holdout	isolated_occurrence	13003	target	rank3_shrink10	6	0.7739454739441632	0.9777777777777779	0.0	3	1.0	0.01514407008596741	0.12860175214918523	0.20925925925925926	0.0025075225677031465	1.0
holdout	isolated_occurrence	13003	reference	rank3_shrink10	6	0.8688935984995161	1.0	0.0	3	1.0	0.01514407008596741	0.12860175214918523	0.20925925925925926	0.0025075225677031465	1.0
holdout	isolated_occurrence	13004	target	raw_rc6_reference	0	0.6738823379024839	0.8673469387755102	0.0	0	0.0	0.0	0.0	0.2666666666666666	0.026804123711340222	1.0
holdout	isolated_occurrence	13004	reference	raw_rc6_reference	0	0.8624401645062258	0.9888888888888889	0.0	0	0.0	0.0	0.0	0.2666666666666666	0.026804123711340222	1.0
holdout	isolated_occurrence	13004	target	rank1_shrink05	1	0.6738823379024839	0.8673469387755102	0.0	1	0.5	0.006377037435067345	0.0	0.2666666666666666	0.026804123711340222	1.0
holdout	isolated_occurrence	13004	reference	rank1_shrink05	1	0.8624401645062258	0.9888888888888889	0.0	1	0.5	0.006377037435067345	0.0	0.2666666666666666	0.026804123711340222	1.0
holdout	isolated_occurrence	13004	target	rank1_shrink10	2	0.6738823379024839	0.8673469387755102	0.0	1	1.0	0.008502716580090164	0.0	0.2666666666666666	0.026804123711340222	1.0
holdout	isolated_occurrence	13004	reference	rank1_shrink10	2	0.8624401645062258	0.9888888888888889	0.0	1	1.0	0.008502716580090164	0.0	0.2666666666666666	0.026804123711340222	1.0
holdout	isolated_occurrence	13004	target	rank2_shrink05	3	0.6882759412363233	0.8673469387755102	0.0	2	0.5	0.01398657928912439	0.09966448222810974	0.2666666666666666	0.026804123711340222	1.0
holdout	isolated_occurrence	13004	reference	rank2_shrink05	3	0.8624401645062258	0.9888888888888889	0.0	2	0.5	0.01398657928912439	0.09966448222810974	0.2666666666666666	0.026804123711340222	1.0
holdout	isolated_occurrence	13004	target	rank2_shrink10	4	0.6791163754784256	0.8673469387755102	0.0	2	1.0	0.018648772385499668	0.2162193096374917	0.2666666666666666	0.026804123711340222	1.0
holdout	isolated_occurrence	13004	reference	rank2_shrink10	4	0.8624401645062258	0.9888888888888889	0.0	2	1.0	0.018648772385499668	0.2162193096374917	0.2666666666666666	0.026804123711340222	1.0
holdout	isolated_occurrence	13004	target	rank3_shrink05	5	0.6882759412363233	0.8673469387755102	0.0	3	0.5	0.014482049174242673	0.1120512293560668	0.2666666666666666	0.026804123711340222	1.0
holdout	isolated_occurrence	13004	reference	rank3_shrink05	5	0.8624401645062258	0.9888888888888889	0.0	3	0.5	0.014482049174242673	0.1120512293560668	0.2666666666666666	0.026804123711340222	1.0
holdout	isolated_occurrence	13004	target	rank3_shrink10	6	0.6791163754784256	0.8673469387755102	0.0	3	1.0	0.019309398898990415	0.23273497247476038	0.2666666666666666	0.026804123711340222	1.0
holdout	isolated_occurrence	13004	reference	rank3_shrink10	6	0.8624401645062258	0.9888888888888889	0.0	3	1.0	0.019309398898990415	0.23273497247476038	0.2666666666666666	0.026804123711340222	1.0
holdout	isolated_occurrence	13005	target	raw_rc6_reference	0	0.863645742637301	0.9222222222222223	0.0	0	0.0	0.0	0.0	0.3944444444444444	0.0	1.0
holdout	isolated_occurrence	13005	reference	raw_rc6_reference	0	0.8956388218767535	0.9666666666666667	0.0	0	0.0	0.0	0.0	0.3944444444444444	0.0	1.0
holdout	isolated_occurrence	13005	target	rank1_shrink05	1	0.863645742637301	0.9222222222222223	0.0	1	0.5	0.01195894208110515	0.04897355202762876	0.3944444444444444	0.0	1.0
holdout	isolated_occurrence	13005	reference	rank1_shrink05	1	0.8956388218767535	0.9666666666666667	0.0	1	0.5	0.01195894208110515	0.04897355202762876	0.3944444444444444	0.0	1.0
holdout	isolated_occurrence	13005	target	rank1_shrink10	2	0.847163953655673	0.9111111111111112	0.0	1	1.0	0.01594525610814046	0.1486314027035115	0.3944444444444444	0.0	1.0
holdout	isolated_occurrence	13005	reference	rank1_shrink10	2	0.8956388218767535	0.9666666666666667	0.0	1	1.0	0.01594525610814046	0.1486314027035115	0.3944444444444444	0.0	1.0
holdout	isolated_occurrence	13005	target	rank2_shrink05	3	0.847163953655673	0.9111111111111112	0.0	2	0.5	0.01649549685573226	0.16238742139330653	0.3944444444444444	0.0	1.0
holdout	isolated_occurrence	13005	reference	rank2_shrink05	3	0.8956388218767535	0.9666666666666667	0.0	2	0.5	0.01649549685573226	0.16238742139330653	0.3944444444444444	0.0	1.0
holdout	isolated_occurrence	13005	target	rank2_shrink10	4	0.847163953655673	0.9111111111111112	0.0	2	1.0	0.021993995807643052	0.2998498951910763	0.3944444444444444	0.0	1.0
holdout	isolated_occurrence	13005	reference	rank2_shrink10	4	0.8956388218767535	0.9666666666666667	0.0	2	1.0	0.021993995807643052	0.2998498951910763	0.3944444444444444	0.0	1.0
holdout	isolated_occurrence	13005	target	rank3_shrink05	5	0.847163953655673	0.9111111111111112	0.0	3	0.5	0.0170921285444513	0.17730321361128254	0.3944444444444444	0.0	1.0
holdout	isolated_occurrence	13005	reference	rank3_shrink05	5	0.8956388218767535	0.9666666666666667	0.0	3	0.5	0.0170921285444513	0.17730321361128254	0.3944444444444444	0.0	1.0
holdout	isolated_occurrence	13005	target	rank3_shrink10	6	0.847163953655673	0.9111111111111112	0.0	3	1.0	0.022789504725935217	0.3197376181483804	0.3944444444444444	0.0	1.0
holdout	isolated_occurrence	13005	reference	rank3_shrink10	6	0.8956388218767535	0.9666666666666667	0.0	3	1.0	0.022789504725935217	0.3197376181483804	0.3944444444444444	0.0	1.0
holdout	isolated_occurrence	13006	target	raw_rc6_reference	0	0.6753529490385171	0.7653061224489796	0.0	0	0.0	0.0	0.0	0.17407407407407405	0.019569471624266144	1.0
holdout	isolated_occurrence	13006	reference	raw_rc6_reference	0	0.8134193185623027	1.0	0.0	0	0.0	0.0	0.0	0.17407407407407405	0.019569471624266144	1.0
holdout	isolated_occurrence	13006	target	rank1_shrink05	1	0.6753529490385171	0.7653061224489796	0.0	1	0.5	0.009460425844248554	0.0	0.17407407407407405	0.019569471624266144	1.0
holdout	isolated_occurrence	13006	reference	rank1_shrink05	1	0.8134193185623027	1.0	0.0	1	0.5	0.009460425844248554	0.0	0.17407407407407405	0.019569471624266144	1.0
holdout	isolated_occurrence	13006	target	rank1_shrink10	2	0.6753529490385171	0.7653061224489796	0.0	1	1.0	0.01261390112566485	0.06534752814162126	0.17407407407407405	0.019569471624266144	1.0
holdout	isolated_occurrence	13006	reference	rank1_shrink10	2	0.8134193185623027	1.0	0.0	1	1.0	0.01261390112566485	0.06534752814162126	0.17407407407407405	0.019569471624266144	1.0
holdout	isolated_occurrence	13006	target	rank2_shrink05	3	0.6753529490385171	0.7653061224489796	0.0	2	0.5	0.013688499906038487	0.09221249765096216	0.17407407407407405	0.019569471624266144	1.0
holdout	isolated_occurrence	13006	reference	rank2_shrink05	3	0.8134193185623027	1.0	0.0	2	0.5	0.013688499906038487	0.09221249765096216	0.17407407407407405	0.019569471624266144	1.0
holdout	isolated_occurrence	13006	target	rank2_shrink10	4	0.6753529490385171	0.7653061224489796	0.0	2	1.0	0.0182513332080515	0.20628333020128753	0.17407407407407405	0.019569471624266144	1.0
holdout	isolated_occurrence	13006	reference	rank2_shrink10	4	0.8134193185623027	1.0	0.0	2	1.0	0.0182513332080515	0.20628333020128753	0.17407407407407405	0.019569471624266144	1.0
holdout	isolated_occurrence	13006	target	rank3_shrink05	5	0.6753529490385171	0.7653061224489796	0.0	3	0.5	0.013860816136715526	0.09652040341788813	0.17407407407407405	0.019569471624266144	1.0
holdout	isolated_occurrence	13006	reference	rank3_shrink05	5	0.8134193185623027	1.0	0.0	3	0.5	0.013860816136715526	0.09652040341788813	0.17407407407407405	0.019569471624266144	1.0
holdout	isolated_occurrence	13006	target	rank3_shrink10	6	0.6753529490385171	0.7653061224489796	0.0	3	1.0	0.01848108818228711	0.21202720455717772	0.17407407407407405	0.019569471624266144	1.0
holdout	isolated_occurrence	13006	reference	rank3_shrink10	6	0.8134193185623027	1.0	0.0	3	1.0	0.01848108818228711	0.21202720455717772	0.17407407407407405	0.019569471624266144	1.0
holdout	isolated_occurrence	13007	target	raw_rc6_reference	0	0.8236840673839835	0.8777777777777778	0.0	0	0.0	0.0	0.0	0.12962962962962976	0.009683098591549255	1.0
holdout	isolated_occurrence	13007	reference	raw_rc6_reference	0	0.6970465845237422	0.8555555555555556	0.0	0	0.0	0.0	0.0	0.12962962962962976	0.009683098591549255	1.0
holdout	isolated_occurrence	13007	target	rank1_shrink05	1	0.8236840673839835	0.8777777777777778	0.0	1	0.5	0.004601096223662449	0.0	0.12962962962962976	0.009683098591549255	1.0
holdout	isolated_occurrence	13007	reference	rank1_shrink05	1	0.6970465845237422	0.8555555555555556	0.0	1	0.5	0.004601096223662449	0.0	0.12962962962962976	0.009683098591549255	1.0
holdout	isolated_occurrence	13007	target	rank1_shrink10	2	0.8236840673839835	0.8777777777777778	0.0	1	1.0	0.006134794964883561	0.0	0.12962962962962976	0.009683098591549255	1.0
holdout	isolated_occurrence	13007	reference	rank1_shrink10	2	0.6970465845237422	0.8555555555555556	0.0	1	1.0	0.006134794964883561	0.0	0.12962962962962976	0.009683098591549255	1.0
holdout	isolated_occurrence	13007	target	rank2_shrink05	3	0.8236840673839835	0.8777777777777778	0.0	2	0.5	0.006983517628954661	0.0	0.12962962962962976	0.009683098591549255	1.0
holdout	isolated_occurrence	13007	reference	rank2_shrink05	3	0.6970465845237422	0.8555555555555556	0.0	2	0.5	0.006983517628954661	0.0	0.12962962962962976	0.009683098591549255	1.0
holdout	isolated_occurrence	13007	target	rank2_shrink10	4	0.8236840673839835	0.8777777777777778	0.0	2	1.0	0.009311356838606177	0.0	0.12962962962962976	0.009683098591549255	1.0
holdout	isolated_occurrence	13007	reference	rank2_shrink10	4	0.6970465845237422	0.8555555555555556	0.0	2	1.0	0.009311356838606177	0.0	0.12962962962962976	0.009683098591549255	1.0
holdout	isolated_occurrence	13007	target	rank3_shrink05	5	0.8236840673839835	0.8777777777777778	0.0	3	0.5	0.008245168012143145	0.0	0.12962962962962976	0.009683098591549255	1.0
holdout	isolated_occurrence	13007	reference	rank3_shrink05	5	0.6970465845237422	0.8555555555555556	0.0	3	0.5	0.008245168012143145	0.0	0.12962962962962976	0.009683098591549255	1.0
holdout	isolated_occurrence	13007	target	rank3_shrink10	6	0.8236840673839835	0.8777777777777778	0.0	3	1.0	0.010993557349524452	0.024838933738111295	0.12962962962962976	0.009683098591549255	1.0
holdout	isolated_occurrence	13007	reference	rank3_shrink10	6	0.6970465845237422	0.8555555555555556	0.0	3	1.0	0.010993557349524452	0.024838933738111295	0.12962962962962976	0.009683098591549255	1.0
holdout	isolated_occurrence	13008	target	raw_rc6_reference	0	0.6882235410643637	0.8673469387755102	0.0	0	0.0	0.0	0.0	0.3037037037037038	0.0	1.0
holdout	isolated_occurrence	13008	reference	raw_rc6_reference	0	0.8579789583240675	0.9285714285714285	0.0	0	0.0	0.0	0.0	0.3037037037037038	0.0	1.0
holdout	isolated_occurrence	13008	target	rank1_shrink05	1	0.6882235410643637	0.8673469387755102	0.0	1	0.5	0.01055722462461306	0.013930615615326486	0.3037037037037038	0.0	1.0
holdout	isolated_occurrence	13008	reference	rank1_shrink05	1	0.8579789583240675	0.9285714285714285	0.0	1	0.5	0.01055722462461306	0.013930615615326486	0.3037037037037038	0.0	1.0
holdout	isolated_occurrence	13008	target	rank1_shrink10	2	0.6882235410643637	0.8673469387755102	0.0	1	1.0	0.014076299499484413	0.1019074874871103	0.3037037037037038	0.0	1.0
holdout	isolated_occurrence	13008	reference	rank1_shrink10	2	0.8599289105020768	0.9285714285714285	0.0	1	1.0	0.014076299499484413	0.1019074874871103	0.3037037037037038	0.0	1.0
holdout	isolated_occurrence	13008	target	rank2_shrink05	3	0.6882235410643637	0.8673469387755102	0.0	2	0.5	0.014735998477987011	0.11839996194967527	0.3037037037037038	0.0	1.0
holdout	isolated_occurrence	13008	reference	rank2_shrink05	3	0.8599289105020768	0.9285714285714285	0.0	2	0.5	0.014735998477987011	0.11839996194967527	0.3037037037037038	0.0	1.0
holdout	isolated_occurrence	13008	target	rank2_shrink10	4	0.6882235410643637	0.8673469387755102	0.0	2	1.0	0.019647997970649533	0.24119994926623833	0.3037037037037038	0.0	1.0
holdout	isolated_occurrence	13008	reference	rank2_shrink10	4	0.8443292930780028	0.9183673469387754	0.0	2	1.0	0.019647997970649533	0.24119994926623833	0.3037037037037038	0.0	1.0
holdout	isolated_occurrence	13008	target	rank3_shrink05	5	0.6882235410643637	0.8673469387755102	0.0	3	0.5	0.015511030058928621	0.13777575147321552	0.3037037037037038	0.0	1.0
holdout	isolated_occurrence	13008	reference	rank3_shrink05	5	0.8599289105020768	0.9285714285714285	0.0	3	0.5	0.015511030058928621	0.13777575147321552	0.3037037037037038	0.0	1.0
holdout	isolated_occurrence	13008	target	rank3_shrink10	6	0.6882235410643637	0.8673469387755102	0.0	3	1.0	0.02068137341190479	0.2670343352976198	0.3037037037037038	0.0	1.0
holdout	isolated_occurrence	13008	reference	rank3_shrink10	6	0.8443292930780028	0.9183673469387754	0.0	3	1.0	0.02068137341190479	0.2670343352976198	0.3037037037037038	0.0	1.0
holdout	isolated_occurrence	13009	target	raw_rc6_reference	0	0.6295085319005114	0.8777777777777778	0.0	0	0.0	0.0	0.0	0.4037037037037039	0.0	1.0
holdout	isolated_occurrence	13009	reference	raw_rc6_reference	0	0.8793507559671324	0.9888888888888889	0.0	0	0.0	0.0	0.0	0.4037037037037039	0.0	1.0
holdout	isolated_occurrence	13009	target	rank1_shrink05	1	0.6295085319005114	0.8777777777777778	0.0	1	0.5	0.012945132449016183	0.07362831122540459	0.4037037037037039	0.0	1.0
holdout	isolated_occurrence	13009	reference	rank1_shrink05	1	0.8832532001504185	0.9888888888888889	0.0	1	0.5	0.012945132449016183	0.07362831122540459	0.4037037037037039	0.0	1.0
holdout	isolated_occurrence	13009	target	rank1_shrink10	2	0.6380420156489021	0.8777777777777778	0.0	1	1.0	0.017260176598688948	0.1815044149672237	0.4037037037037039	0.0	1.0
holdout	isolated_occurrence	13009	reference	rank1_shrink10	2	0.8806515706948943	0.9888888888888889	0.0	1	1.0	0.017260176598688948	0.1815044149672237	0.4037037037037039	0.0	1.0
holdout	isolated_occurrence	13009	target	rank2_shrink05	3	0.6380420156489021	0.8777777777777778	0.0	2	0.5	0.014903559191658422	0.12258897979146054	0.4037037037037039	0.0	1.0
holdout	isolated_occurrence	13009	reference	rank2_shrink05	3	0.8832532001504185	0.9888888888888889	0.0	2	0.5	0.014903559191658422	0.12258897979146054	0.4037037037037039	0.0	1.0
holdout	isolated_occurrence	13009	target	rank2_shrink10	4	0.6419805466096978	0.8777777777777778	0.0	2	1.0	0.019871412255545007	0.24678530638862517	0.4037037037037039	0.0	1.0
holdout	isolated_occurrence	13009	reference	rank2_shrink10	4	0.8806515706948943	0.9888888888888889	0.0	2	1.0	0.019871412255545007	0.24678530638862517	0.4037037037037039	0.0	1.0
holdout	isolated_occurrence	13009	target	rank3_shrink05	5	0.6380420156489021	0.8777777777777778	0.0	3	0.5	0.015329919048449825	0.13324797621124562	0.4037037037037039	0.0	1.0
holdout	isolated_occurrence	13009	reference	rank3_shrink05	5	0.8832532001504185	0.9888888888888889	0.0	3	0.5	0.015329919048449825	0.13324797621124562	0.4037037037037039	0.0	1.0
holdout	isolated_occurrence	13009	target	rank3_shrink10	6	0.6419805466096978	0.8777777777777778	0.0	3	1.0	0.02043989206459973	0.26099730161499324	0.4037037037037039	0.0	1.0
holdout	isolated_occurrence	13009	reference	rank3_shrink10	6	0.8806515706948943	0.9888888888888889	0.0	3	1.0	0.02043989206459973	0.26099730161499324	0.4037037037037039	0.0	1.0
holdout	isolated_occurrence	13010	target	raw_rc6_reference	0	0.8347944817633195	0.8666666666666667	0.0	0	0.0	0.0	0.0	0.1685185185185185	0.013698630136986356	1.0
holdout	isolated_occurrence	13010	reference	raw_rc6_reference	0	0.8494197960589128	0.9888888888888889	0.0	0	0.0	0.0	0.0	0.1685185185185185	0.013698630136986356	1.0
holdout	isolated_occurrence	13010	target	rank1_shrink05	1	0.8347944817633195	0.8666666666666667	0.0	1	0.5	0.004194392009666648	0.0	0.1685185185185185	0.013698630136986356	1.0
holdout	isolated_occurrence	13010	reference	rank1_shrink05	1	0.8494197960589128	0.9888888888888889	0.0	1	0.5	0.004194392009666648	0.0	0.1685185185185185	0.013698630136986356	1.0
holdout	isolated_occurrence	13010	target	rank1_shrink10	2	0.8347944817633195	0.8666666666666667	0.0	1	1.0	0.005592522679555789	0.0	0.1685185185185185	0.013698630136986356	1.0
holdout	isolated_occurrence	13010	reference	rank1_shrink10	2	0.8494197960589128	0.9888888888888889	0.0	1	1.0	0.005592522679555789	0.0	0.1685185185185185	0.013698630136986356	1.0
holdout	isolated_occurrence	13010	target	rank2_shrink05	3	0.8347944817633195	0.8666666666666667	0.0	2	0.5	0.011597962989294608	0.03994907473236519	0.1685185185185185	0.013698630136986356	1.0
holdout	isolated_occurrence	13010	reference	rank2_shrink05	3	0.8494197960589128	0.9888888888888889	0.0	2	0.5	0.011597962989294608	0.03994907473236519	0.1685185185185185	0.013698630136986356	1.0
holdout	isolated_occurrence	13010	target	rank2_shrink10	4	0.8347944817633195	0.8666666666666667	0.0	2	1.0	0.015463950652393033	0.13659876630982581	0.1685185185185185	0.013698630136986356	1.0
holdout	isolated_occurrence	13010	reference	rank2_shrink10	4	0.8500716915278758	1.0	0.0	2	1.0	0.015463950652393033	0.13659876630982581	0.1685185185185185	0.013698630136986356	1.0
holdout	isolated_occurrence	13010	target	rank3_shrink05	5	0.8347944817633195	0.8666666666666667	0.0	3	0.5	0.012470447372923466	0.06176118432308663	0.1685185185185185	0.013698630136986356	1.0
holdout	isolated_occurrence	13010	reference	rank3_shrink05	5	0.8461603187140971	0.9888888888888889	0.0	3	0.5	0.012470447372923466	0.06176118432308663	0.1685185185185185	0.013698630136986356	1.0
holdout	isolated_occurrence	13010	target	rank3_shrink10	6	0.8347944817633195	0.8666666666666667	0.0	3	1.0	0.016627263163898176	0.1656815790974544	0.1685185185185185	0.013698630136986356	1.0
holdout	isolated_occurrence	13010	reference	rank3_shrink10	6	0.8500716915278758	1.0	0.0	3	1.0	0.016627263163898176	0.1656815790974544	0.1685185185185185	0.013698630136986356	1.0
holdout	isolated_occurrence	13011	target	raw_rc6_reference	0	0.8274767641810679	0.888888888888889	0.0	0	0.0	0.0	0.0	0.08333333333333348	0.006161137440758302	1.0
holdout	isolated_occurrence	13011	reference	raw_rc6_reference	0	0.8529619370777268	0.9888888888888889	0.0	0	0.0	0.0	0.0	0.08333333333333348	0.006161137440758302	1.0
holdout	isolated_occurrence	13011	target	rank1_shrink05	1	0.8417997294147292	0.9	0.0	1	0.5	0.015689284329729714	0.14223210824324284	0.08333333333333348	0.006161137440758302	1.0
holdout	isolated_occurrence	13011	reference	rank1_shrink05	1	0.8529619370777268	0.9888888888888889	0.0	1	0.5	0.015689284329729714	0.14223210824324284	0.08333333333333348	0.006161137440758302	1.0
holdout	isolated_occurrence	13011	target	rank1_shrink10	2	0.8417997294147292	0.9	0.0	1	1.0	0.02091904577297321	0.27297614432433026	0.08333333333333348	0.006161137440758302	1.0
holdout	isolated_occurrence	13011	reference	rank1_shrink10	2	0.8529619370777268	0.9888888888888889	0.0	1	1.0	0.02091904577297321	0.27297614432433026	0.08333333333333348	0.006161137440758302	1.0
holdout	isolated_occurrence	13011	target	rank2_shrink05	3	0.8417997294147292	0.9	0.0	2	0.5	0.017402187426945326	0.18505468567363315	0.08333333333333348	0.006161137440758302	1.0
holdout	isolated_occurrence	13011	reference	rank2_shrink05	3	0.8529619370777268	0.9888888888888889	0.0	2	0.5	0.017402187426945326	0.18505468567363315	0.08333333333333348	0.006161137440758302	1.0
holdout	isolated_occurrence	13011	target	rank2_shrink10	4	0.8417997294147292	0.9	0.0	2	1.0	0.023202916569260656	0.3300729142315164	0.08333333333333348	0.006161137440758302	1.0
holdout	isolated_occurrence	13011	reference	rank2_shrink10	4	0.8529619370777268	0.9888888888888889	0.0	2	1.0	0.023202916569260656	0.3300729142315164	0.08333333333333348	0.006161137440758302	1.0
holdout	isolated_occurrence	13011	target	rank3_shrink05	5	0.8417997294147292	0.9	0.0	3	0.5	0.017564736388358648	0.1891184097089662	0.08333333333333348	0.006161137440758302	1.0
holdout	isolated_occurrence	13011	reference	rank3_shrink05	5	0.8529619370777268	0.9888888888888889	0.0	3	0.5	0.017564736388358648	0.1891184097089662	0.08333333333333348	0.006161137440758302	1.0
holdout	isolated_occurrence	13011	target	rank3_shrink10	6	0.8417997294147292	0.9	0.0	3	1.0	0.023419648517811642	0.33549121294529105	0.08333333333333348	0.006161137440758302	1.0
holdout	isolated_occurrence	13011	reference	rank3_shrink10	6	0.8529619370777268	0.9888888888888889	0.0	3	1.0	0.023419648517811642	0.33549121294529105	0.08333333333333348	0.006161137440758302	1.0
holdout	isolated_occurrence	13012	target	raw_rc6_reference	0	0.884259655252505	0.9807692307692308	0.0	0	0.0	0.0	0.0	0.4166666666666665	0.000932835820895539	1.0
holdout	isolated_occurrence	13012	reference	raw_rc6_reference	0	0.894534283229573	1.0	0.0	0	0.0	0.0	0.0	0.4166666666666665	0.000932835820895539	1.0
holdout	isolated_occurrence	13012	target	rank1_shrink05	1	0.884259655252505	0.9807692307692308	0.0	1	0.5	0.008400593894673736	0.0	0.4166666666666665	0.000932835820895539	1.0
holdout	isolated_occurrence	13012	reference	rank1_shrink05	1	0.894534283229573	1.0	0.0	1	0.5	0.008400593894673736	0.0	0.4166666666666665	0.000932835820895539	1.0
holdout	isolated_occurrence	13012	target	rank1_shrink10	2	0.884259655252505	0.9807692307692308	0.0	1	1.0	0.01120079185956524	0.030019796489130994	0.4166666666666665	0.000932835820895539	1.0
holdout	isolated_occurrence	13012	reference	rank1_shrink10	2	0.8867217567384851	1.0	0.0	1	1.0	0.01120079185956524	0.030019796489130994	0.4166666666666665	0.000932835820895539	1.0
holdout	isolated_occurrence	13012	target	rank2_shrink05	3	0.884259655252505	0.9807692307692308	0.0	2	0.5	0.012996890257047977	0.07492225642619943	0.4166666666666665	0.000932835820895539	1.0
holdout	isolated_occurrence	13012	reference	rank2_shrink05	3	0.8867217567384851	1.0	0.0	2	0.5	0.012996890257047977	0.07492225642619943	0.4166666666666665	0.000932835820895539	1.0
holdout	isolated_occurrence	13012	target	rank2_shrink10	4	0.890128635265243	0.9807692307692308	0.0	2	1.0	0.017329187009397562	0.18322967523493905	0.4166666666666665	0.000932835820895539	1.0
holdout	isolated_occurrence	13012	reference	rank2_shrink10	4	0.8867217567384851	1.0	0.0	2	1.0	0.017329187009397562	0.18322967523493905	0.4166666666666665	0.000932835820895539	1.0
holdout	isolated_occurrence	13012	target	rank3_shrink05	5	0.884259655252505	0.9807692307692308	0.0	3	0.5	0.013491837235371729	0.0872959308842932	0.4166666666666665	0.000932835820895539	1.0
holdout	isolated_occurrence	13012	reference	rank3_shrink05	5	0.8867217567384851	1.0	0.0	3	0.5	0.013491837235371729	0.0872959308842932	0.4166666666666665	0.000932835820895539	1.0
holdout	isolated_occurrence	13012	target	rank3_shrink10	6	0.890128635265243	0.9807692307692308	0.0	3	1.0	0.017989116313829046	0.19972790784572614	0.4166666666666665	0.000932835820895539	1.0
holdout	isolated_occurrence	13012	reference	rank3_shrink10	6	0.8867217567384851	1.0	0.0	3	1.0	0.017989116313829046	0.19972790784572614	0.4166666666666665	0.000932835820895539	1.0
holdout	abundance_only	13001	target	raw_rc6_reference	0	0.7965825052089156	0.9333333333333333	0.0	0	0.0	0.0	0.0	0.0	0.0040000000000000036	1.0
holdout	abundance_only	13001	reference	raw_rc6_reference	0	0.9024090058938271	0.9666666666666668	0.0	0	0.0	0.0	0.0	0.0	0.0040000000000000036	1.0
holdout	abundance_only	13001	target	rank1_shrink05	1	0.7965825052089156	0.9333333333333333	0.0	1	0.5	0.0022547309281887307	0.0	0.0	0.0040000000000000036	1.0
holdout	abundance_only	13001	reference	rank1_shrink05	1	0.9024090058938271	0.9666666666666668	0.0	1	0.5	0.0022547309281887307	0.0	0.0	0.0040000000000000036	1.0
holdout	abundance_only	13001	target	rank1_shrink10	2	0.7965825052089156	0.9333333333333333	0.0	1	1.0	0.003006307904251826	0.0	0.0	0.0040000000000000036	1.0
holdout	abundance_only	13001	reference	rank1_shrink10	2	0.9024090058938271	0.9666666666666668	0.0	1	1.0	0.003006307904251826	0.0	0.0	0.0040000000000000036	1.0
holdout	abundance_only	13001	target	rank2_shrink05	3	0.7965825052089156	0.9333333333333333	0.0	2	0.5	0.0024824735595059266	0.0	0.0	0.0040000000000000036	1.0
holdout	abundance_only	13001	reference	rank2_shrink05	3	0.9024090058938271	0.9666666666666668	0.0	2	0.5	0.0024824735595059266	0.0	0.0	0.0040000000000000036	1.0
holdout	abundance_only	13001	target	rank2_shrink10	4	0.7965825052089156	0.9333333333333333	0.0	2	1.0	0.003309964746008087	0.0	0.0	0.0040000000000000036	1.0
holdout	abundance_only	13001	reference	rank2_shrink10	4	0.9024090058938271	0.9666666666666668	0.0	2	1.0	0.003309964746008087	0.0	0.0	0.0040000000000000036	1.0
holdout	abundance_only	13001	target	rank3_shrink05	5	0.7965825052089156	0.9333333333333333	0.0	3	0.5	0.002719777466245077	0.0	0.0	0.0040000000000000036	1.0
holdout	abundance_only	13001	reference	rank3_shrink05	5	0.9024090058938271	0.9666666666666668	0.0	3	0.5	0.002719777466245077	0.0	0.0	0.0040000000000000036	1.0
holdout	abundance_only	13001	target	rank3_shrink10	6	0.7965825052089156	0.9333333333333333	0.0	3	1.0	0.003626369954993769	0.0	0.0	0.0040000000000000036	1.0
holdout	abundance_only	13001	reference	rank3_shrink10	6	0.9024090058938271	0.9666666666666668	0.0	3	1.0	0.003626369954993769	0.0	0.0	0.0040000000000000036	1.0
holdout	abundance_only	13002	target	raw_rc6_reference	0	0.8249853060370388	0.9222222222222223	0.0	0	0.0	0.0	0.0	0.10555555555555562	0.0	1.0
holdout	abundance_only	13002	reference	raw_rc6_reference	0	0.6500167680053549	0.8555555555555556	0.0	0	0.0	0.0	0.0	0.10555555555555562	0.0	1.0
holdout	abundance_only	13002	target	rank1_shrink05	1	0.8249853060370388	0.9222222222222223	0.0	1	0.5	0.0025669197619777595	0.0	0.10555555555555562	0.0	1.0
holdout	abundance_only	13002	reference	rank1_shrink05	1	0.6500167680053549	0.8555555555555556	0.0	1	0.5	0.0025669197619777595	0.0	0.10555555555555562	0.0	1.0
holdout	abundance_only	13002	target	rank1_shrink10	2	0.8249853060370388	0.9222222222222223	0.0	1	1.0	0.0034225596826370497	0.0	0.10555555555555562	0.0	1.0
holdout	abundance_only	13002	reference	rank1_shrink10	2	0.6500167680053549	0.8555555555555556	0.0	1	1.0	0.0034225596826370497	0.0	0.10555555555555562	0.0	1.0
holdout	abundance_only	13002	target	rank2_shrink05	3	0.8249853060370388	0.9222222222222223	0.0	2	0.5	0.0031473809756705773	0.0	0.10555555555555562	0.0	1.0
holdout	abundance_only	13002	reference	rank2_shrink05	3	0.6500167680053549	0.8555555555555556	0.0	2	0.5	0.0031473809756705773	0.0	0.10555555555555562	0.0	1.0
holdout	abundance_only	13002	target	rank2_shrink10	4	0.8249853060370388	0.9222222222222223	0.0	2	1.0	0.004196507967560881	0.0	0.10555555555555562	0.0	1.0
holdout	abundance_only	13002	reference	rank2_shrink10	4	0.6500167680053549	0.8555555555555556	0.0	2	1.0	0.004196507967560881	0.0	0.10555555555555562	0.0	1.0
holdout	abundance_only	13002	target	rank3_shrink05	5	0.8249853060370388	0.9222222222222223	0.0	3	0.5	0.0034372731368943477	0.0	0.10555555555555562	0.0	1.0
holdout	abundance_only	13002	reference	rank3_shrink05	5	0.6500167680053549	0.8555555555555556	0.0	3	0.5	0.0034372731368943477	0.0	0.10555555555555562	0.0	1.0
holdout	abundance_only	13002	target	rank3_shrink10	6	0.8249853060370388	0.9222222222222223	0.0	3	1.0	0.0045830308491923155	0.0	0.10555555555555562	0.0	1.0
holdout	abundance_only	13002	reference	rank3_shrink10	6	0.6500167680053549	0.8555555555555556	0.0	3	1.0	0.0045830308491923155	0.0	0.10555555555555562	0.0	1.0
holdout	abundance_only	13003	target	raw_rc6_reference	0	0.7517955193026636	0.9666666666666667	0.0	0	0.0	0.0	0.0	0.0	0.024144869215291798	1.0
holdout	abundance_only	13003	reference	raw_rc6_reference	0	0.8649796633711397	1.0	0.0	0	0.0	0.0	0.0	0.0	0.024144869215291798	1.0
holdout	abundance_only	13003	target	rank1_shrink05	1	0.7517955193026636	0.9666666666666667	0.0	1	0.5	0.0015507556691904956	0.0	0.0	0.024144869215291798	1.0
holdout	abundance_only	13003	reference	rank1_shrink05	1	0.8649796633711397	1.0	0.0	1	0.5	0.0015507556691904956	0.0	0.0	0.024144869215291798	1.0
holdout	abundance_only	13003	target	rank1_shrink10	2	0.7517955193026636	0.9666666666666667	0.0	1	1.0	0.0020676742255874014	0.0	0.0	0.024144869215291798	1.0
holdout	abundance_only	13003	reference	rank1_shrink10	2	0.8649796633711397	1.0	0.0	1	1.0	0.0020676742255874014	0.0	0.0	0.024144869215291798	1.0
holdout	abundance_only	13003	target	rank2_shrink05	3	0.7517955193026636	0.9666666666666667	0.0	2	0.5	0.002334331086251362	0.0	0.0	0.024144869215291798	1.0
holdout	abundance_only	13003	reference	rank2_shrink05	3	0.8649796633711397	1.0	0.0	2	0.5	0.002334331086251362	0.0	0.0	0.024144869215291798	1.0
holdout	abundance_only	13003	target	rank2_shrink10	4	0.7517955193026636	0.9666666666666667	0.0	2	1.0	0.0031124414483350016	0.0	0.0	0.024144869215291798	1.0
holdout	abundance_only	13003	reference	rank2_shrink10	4	0.8649796633711397	1.0	0.0	2	1.0	0.0031124414483350016	0.0	0.0	0.024144869215291798	1.0
holdout	abundance_only	13003	target	rank3_shrink05	5	0.7517955193026636	0.9666666666666667	0.0	3	0.5	0.0025185165006595955	0.0	0.0	0.024144869215291798	1.0
holdout	abundance_only	13003	reference	rank3_shrink05	5	0.8649796633711397	1.0	0.0	3	0.5	0.0025185165006595955	0.0	0.0	0.024144869215291798	1.0
holdout	abundance_only	13003	target	rank3_shrink10	6	0.7517955193026636	0.9666666666666667	0.0	3	1.0	0.0033580220008794237	0.0	0.0	0.024144869215291798	1.0
holdout	abundance_only	13003	reference	rank3_shrink10	6	0.8649796633711397	1.0	0.0	3	1.0	0.0033580220008794237	0.0	0.0	0.024144869215291798	1.0
holdout	abundance_only	13004	target	raw_rc6_reference	0	0.6575259704776663	0.8571428571428572	0.0	0	0.0	0.0	0.0	0.11296296296296315	0.0	1.0
holdout	abundance_only	13004	reference	raw_rc6_reference	0	0.86504179396175	0.9888888888888889	0.0	0	0.0	0.0	0.0	0.11296296296296315	0.0	1.0
holdout	abundance_only	13004	target	rank1_shrink05	1	0.6575259704776663	0.8571428571428572	0.0	1	0.5	0.0011689050589716032	0.0	0.11296296296296315	0.0	1.0
holdout	abundance_only	13004	reference	rank1_shrink05	1	0.86504179396175	0.9888888888888889	0.0	1	0.5	0.0011689050589716032	0.0	0.11296296296296315	0.0	1.0
holdout	abundance_only	13004	target	rank1_shrink10	2	0.6575259704776663	0.8571428571428572	0.0	1	1.0	0.0015585400786289894	0.0	0.11296296296296315	0.0	1.0
holdout	abundance_only	13004	reference	rank1_shrink10	2	0.86504179396175	0.9888888888888889	0.0	1	1.0	0.0015585400786289894	0.0	0.11296296296296315	0.0	1.0
holdout	abundance_only	13004	target	rank2_shrink05	3	0.6575259704776663	0.8571428571428572	0.0	2	0.5	0.0017258620772560018	0.0	0.11296296296296315	0.0	1.0
holdout	abundance_only	13004	reference	rank2_shrink05	3	0.86504179396175	0.9888888888888889	0.0	2	0.5	0.0017258620772560018	0.0	0.11296296296296315	0.0	1.0
holdout	abundance_only	13004	target	rank2_shrink10	4	0.6575259704776663	0.8571428571428572	0.0	2	1.0	0.0023011494363414098	0.0	0.11296296296296315	0.0	1.0
holdout	abundance_only	13004	reference	rank2_shrink10	4	0.86504179396175	0.9888888888888889	0.0	2	1.0	0.0023011494363414098	0.0	0.11296296296296315	0.0	1.0
holdout	abundance_only	13004	target	rank3_shrink05	5	0.6575259704776663	0.8571428571428572	0.0	3	0.5	0.002376307900016972	0.0	0.11296296296296315	0.0	1.0
holdout	abundance_only	13004	reference	rank3_shrink05	5	0.86504179396175	0.9888888888888889	0.0	3	0.5	0.002376307900016972	0.0	0.11296296296296315	0.0	1.0
holdout	abundance_only	13004	target	rank3_shrink10	6	0.6575259704776663	0.8571428571428572	0.0	3	1.0	0.0031684105333561474	0.0	0.11296296296296315	0.0	1.0
holdout	abundance_only	13004	reference	rank3_shrink10	6	0.86504179396175	0.9888888888888889	0.0	3	1.0	0.0031684105333561474	0.0	0.11296296296296315	0.0	1.0
holdout	abundance_only	13005	target	raw_rc6_reference	0	0.8313414362333102	0.9	0.0	0	0.0	0.0	0.0	0.0	0.0004428697962799433	1.0
holdout	abundance_only	13005	reference	raw_rc6_reference	0	0.8884632741413971	0.9666666666666667	0.0	0	0.0	0.0	0.0	0.0	0.0004428697962799433	1.0
holdout	abundance_only	13005	target	rank1_shrink05	1	0.8313414362333102	0.9	0.0	1	0.5	0.0008014724276793617	0.0	0.0	0.0004428697962799433	1.0
holdout	abundance_only	13005	reference	rank1_shrink05	1	0.8884632741413971	0.9666666666666667	0.0	1	0.5	0.0008014724276793617	0.0	0.0	0.0004428697962799433	1.0
holdout	abundance_only	13005	target	rank1_shrink10	2	0.8313414362333102	0.9	0.0	1	1.0	0.0010686299035722602	0.0	0.0	0.0004428697962799433	1.0
holdout	abundance_only	13005	reference	rank1_shrink10	2	0.8884632741413971	0.9666666666666667	0.0	1	1.0	0.0010686299035722602	0.0	0.0	0.0004428697962799433	1.0
holdout	abundance_only	13005	target	rank2_shrink05	3	0.8313414362333102	0.9	0.0	2	0.5	0.0010996471155417797	0.0	0.0	0.0004428697962799433	1.0
holdout	abundance_only	13005	reference	rank2_shrink05	3	0.8884632741413971	0.9666666666666667	0.0	2	0.5	0.0010996471155417797	0.0	0.0	0.0004428697962799433	1.0
holdout	abundance_only	13005	target	rank2_shrink10	4	0.8313414362333102	0.9	0.0	2	1.0	0.0014661961540557433	0.0	0.0	0.0004428697962799433	1.0
holdout	abundance_only	13005	reference	rank2_shrink10	4	0.8884632741413971	0.9666666666666667	0.0	2	1.0	0.0014661961540557433	0.0	0.0	0.0004428697962799433	1.0
holdout	abundance_only	13005	target	rank3_shrink05	5	0.8313414362333102	0.9	0.0	3	0.5	0.00165926447111997	0.0	0.0	0.0004428697962799433	1.0
holdout	abundance_only	13005	reference	rank3_shrink05	5	0.8884632741413971	0.9666666666666667	0.0	3	0.5	0.00165926447111997	0.0	0.0	0.0004428697962799433	1.0
holdout	abundance_only	13005	target	rank3_shrink10	6	0.8313414362333102	0.9	0.0	3	1.0	0.002212352628159775	0.0	0.0	0.0004428697962799433	1.0
holdout	abundance_only	13005	reference	rank3_shrink10	6	0.8884632741413971	0.9666666666666667	0.0	3	1.0	0.002212352628159775	0.0	0.0	0.0004428697962799433	1.0
holdout	abundance_only	13006	target	raw_rc6_reference	0	0.6610253069181242	0.7551020408163265	0.0	0	0.0	0.0	0.0	0.0	0.00046511627906975495	1.0
holdout	abundance_only	13006	reference	raw_rc6_reference	0	0.7964866506018384	1.0	0.0	0	0.0	0.0	0.0	0.0	0.00046511627906975495	1.0
holdout	abundance_only	13006	target	rank1_shrink05	1	0.6610253069181242	0.7551020408163265	0.0	1	0.5	0.0025079769457123646	0.0	0.0	0.00046511627906975495	1.0
holdout	abundance_only	13006	reference	rank1_shrink05	1	0.7964866506018384	1.0	0.0	1	0.5	0.0025079769457123646	0.0	0.0	0.00046511627906975495	1.0
holdout	abundance_only	13006	target	rank1_shrink10	2	0.6610253069181242	0.7551020408163265	0.0	1	1.0	0.0033439692609495975	0.0	0.0	0.00046511627906975495	1.0
holdout	abundance_only	13006	reference	rank1_shrink10	2	0.7964866506018384	1.0	0.0	1	1.0	0.0033439692609495975	0.0	0.0	0.00046511627906975495	1.0
holdout	abundance_only	13006	target	rank2_shrink05	3	0.6610253069181242	0.7551020408163265	0.0	2	0.5	0.0027714955640825156	0.0	0.0	0.00046511627906975495	1.0
holdout	abundance_only	13006	reference	rank2_shrink05	3	0.7964866506018384	1.0	0.0	2	0.5	0.0027714955640825156	0.0	0.0	0.00046511627906975495	1.0
holdout	abundance_only	13006	target	rank2_shrink10	4	0.6610253069181242	0.7551020408163265	0.0	2	1.0	0.0036953274187766505	0.0	0.0	0.00046511627906975495	1.0
holdout	abundance_only	13006	reference	rank2_shrink10	4	0.7964866506018384	1.0	0.0	2	1.0	0.0036953274187766505	0.0	0.0	0.00046511627906975495	1.0
holdout	abundance_only	13006	target	rank3_shrink05	5	0.6610253069181242	0.7551020408163265	0.0	3	0.5	0.003201458140464797	0.0	0.0	0.00046511627906975495	1.0
holdout	abundance_only	13006	reference	rank3_shrink05	5	0.7964866506018384	1.0	0.0	3	0.5	0.003201458140464797	0.0	0.0	0.00046511627906975495	1.0
holdout	abundance_only	13006	target	rank3_shrink10	6	0.6610253069181242	0.7551020408163265	0.0	3	1.0	0.0042686108539532475	0.0	0.0	0.00046511627906975495	1.0
holdout	abundance_only	13006	reference	rank3_shrink10	6	0.7964866506018384	1.0	0.0	3	1.0	0.0042686108539532475	0.0	0.0	0.00046511627906975495	1.0
holdout	abundance_only	13007	target	raw_rc6_reference	0	0.8249853060370388	0.8777777777777778	0.0	0	0.0	0.0	0.0	0.10000000000000009	0.0	1.0
holdout	abundance_only	13007	reference	raw_rc6_reference	0	0.7140796777545856	0.8666666666666667	0.0	0	0.0	0.0	0.0	0.10000000000000009	0.0	1.0
holdout	abundance_only	13007	target	rank1_shrink05	1	0.8249853060370388	0.8777777777777778	0.0	1	0.5	0.004414812065577811	0.0	0.10000000000000009	0.0	1.0
holdout	abundance_only	13007	reference	rank1_shrink05	1	0.7140796777545856	0.8666666666666667	0.0	1	0.5	0.004414812065577811	0.0	0.10000000000000009	0.0	1.0
holdout	abundance_only	13007	target	rank1_shrink10	2	0.8249853060370388	0.8777777777777778	0.0	1	1.0	0.005886416087437452	0.0	0.10000000000000009	0.0	1.0
holdout	abundance_only	13007	reference	rank1_shrink10	2	0.7140796777545856	0.8666666666666667	0.0	1	1.0	0.005886416087437452	0.0	0.10000000000000009	0.0	1.0
holdout	abundance_only	13007	target	rank2_shrink05	3	0.8249853060370388	0.8777777777777778	0.0	2	0.5	0.004740437989032009	0.0	0.10000000000000009	0.0	1.0
holdout	abundance_only	13007	reference	rank2_shrink05	3	0.7140796777545856	0.8666666666666667	0.0	2	0.5	0.004740437989032009	0.0	0.10000000000000009	0.0	1.0
holdout	abundance_only	13007	target	rank2_shrink10	4	0.8249853060370388	0.8777777777777778	0.0	2	1.0	0.00632058398537616	0.0	0.10000000000000009	0.0	1.0
holdout	abundance_only	13007	reference	rank2_shrink10	4	0.7140796777545856	0.8666666666666667	0.0	2	1.0	0.00632058398537616	0.0	0.10000000000000009	0.0	1.0
holdout	abundance_only	13007	target	rank3_shrink05	5	0.8249853060370388	0.8777777777777778	0.0	3	0.5	0.004806772316945485	0.0	0.10000000000000009	0.0	1.0
holdout	abundance_only	13007	reference	rank3_shrink05	5	0.7140796777545856	0.8666666666666667	0.0	3	0.5	0.004806772316945485	0.0	0.10000000000000009	0.0	1.0
holdout	abundance_only	13007	target	rank3_shrink10	6	0.8249853060370388	0.8777777777777778	0.0	3	1.0	0.006409029755927387	0.0	0.10000000000000009	0.0	1.0
holdout	abundance_only	13007	reference	rank3_shrink10	6	0.7140796777545856	0.8666666666666667	0.0	3	1.0	0.006409029755927387	0.0	0.10000000000000009	0.0	1.0
holdout	abundance_only	13008	target	raw_rc6_reference	0	0.6944424284836199	0.8673469387755102	0.0	0	0.0	0.0	0.0	0.0	0.0	1.0
holdout	abundance_only	13008	reference	raw_rc6_reference	0	0.8365294843659659	0.9081632653061225	0.0	0	0.0	0.0	0.0	0.0	0.0	1.0
holdout	abundance_only	13008	target	rank1_shrink05	1	0.6944424284836199	0.8673469387755102	0.0	1	0.5	0.0003784221655225295	0.0	0.0	0.0	1.0
holdout	abundance_only	13008	reference	rank1_shrink05	1	0.8365294843659659	0.9081632653061225	0.0	1	0.5	0.0003784221655225295	0.0	0.0	0.0	1.0
holdout	abundance_only	13008	target	rank1_shrink10	2	0.6944424284836199	0.8673469387755102	0.0	1	1.0	0.0005045628873638908	0.0	0.0	0.0	1.0
holdout	abundance_only	13008	reference	rank1_shrink10	2	0.8365294843659659	0.9081632653061225	0.0	1	1.0	0.0005045628873638908	0.0	0.0	0.0	1.0
holdout	abundance_only	13008	target	rank2_shrink05	3	0.6944424284836199	0.8673469387755102	0.0	2	0.5	0.000782455785758418	0.0	0.0	0.0	1.0
holdout	abundance_only	13008	reference	rank2_shrink05	3	0.8365294843659659	0.9081632653061225	0.0	2	0.5	0.000782455785758418	0.0	0.0	0.0	1.0
holdout	abundance_only	13008	target	rank2_shrink10	4	0.6944424284836199	0.8673469387755102	0.0	2	1.0	0.001043274381011261	0.0	0.0	0.0	1.0
holdout	abundance_only	13008	reference	rank2_shrink10	4	0.8365294843659659	0.9081632653061225	0.0	2	1.0	0.001043274381011261	0.0	0.0	0.0	1.0
holdout	abundance_only	13008	target	rank3_shrink05	5	0.6944424284836199	0.8673469387755102	0.0	3	0.5	0.0010624720641658758	0.0	0.0	0.0	1.0
holdout	abundance_only	13008	reference	rank3_shrink05	5	0.8365294843659659	0.9081632653061225	0.0	3	0.5	0.0010624720641658758	0.0	0.0	0.0	1.0
holdout	abundance_only	13008	target	rank3_shrink10	6	0.6944424284836199	0.8673469387755102	0.0	3	1.0	0.0014166294188882045	0.0	0.0	0.0	1.0
holdout	abundance_only	13008	reference	rank3_shrink10	6	0.8365294843659659	0.9081632653061225	0.0	3	1.0	0.0014166294188882045	0.0	0.0	0.0	1.0
holdout	abundance_only	13009	target	raw_rc6_reference	0	0.6163800953645258	0.8777777777777778	0.0	0	0.0	0.0	0.0	0.0	0.03710575139146566	1.0
holdout	abundance_only	13009	reference	raw_rc6_reference	0	0.8370742773148665	0.9888888888888889	0.0	0	0.0	0.0	0.0	0.0	0.03710575139146566	1.0
holdout	abundance_only	13009	target	rank1_shrink05	1	0.6163800953645258	0.8777777777777778	0.0	1	0.5	0.005128014100153733	0.0	0.0	0.03710575139146566	1.0
holdout	abundance_only	13009	reference	rank1_shrink05	1	0.8370742773148665	0.9888888888888889	0.0	1	0.5	0.005128014100153733	0.0	0.0	0.03710575139146566	1.0
holdout	abundance_only	13009	target	rank1_shrink10	2	0.6163800953645258	0.8777777777777778	0.0	1	1.0	0.006837352133538199	0.0	0.0	0.03710575139146566	1.0
holdout	abundance_only	13009	reference	rank1_shrink10	2	0.8370742773148665	0.9888888888888889	0.0	1	1.0	0.006837352133538199	0.0	0.0	0.03710575139146566	1.0
holdout	abundance_only	13009	target	rank2_shrink05	3	0.6163800953645258	0.8777777777777778	0.0	2	0.5	0.005479801334113521	0.0	0.0	0.03710575139146566	1.0
holdout	abundance_only	13009	reference	rank2_shrink05	3	0.8370742773148665	0.9888888888888889	0.0	2	0.5	0.005479801334113521	0.0	0.0	0.03710575139146566	1.0
holdout	abundance_only	13009	target	rank2_shrink10	4	0.6163800953645258	0.8777777777777778	0.0	2	1.0	0.007306401778818139	0.0	0.0	0.03710575139146566	1.0
holdout	abundance_only	13009	reference	rank2_shrink10	4	0.8370742773148665	0.9888888888888889	0.0	2	1.0	0.007306401778818139	0.0	0.0	0.03710575139146566	1.0
holdout	abundance_only	13009	target	rank3_shrink05	5	0.6163800953645258	0.8777777777777778	0.0	3	0.5	0.005763609589721219	0.0	0.0	0.03710575139146566	1.0
holdout	abundance_only	13009	reference	rank3_shrink05	5	0.8370742773148665	0.9888888888888889	0.0	3	0.5	0.005763609589721219	0.0	0.0	0.03710575139146566	1.0
holdout	abundance_only	13009	target	rank3_shrink10	6	0.6163800953645258	0.8777777777777778	0.0	3	1.0	0.007684812786294737	0.0	0.0	0.03710575139146566	1.0
holdout	abundance_only	13009	reference	rank3_shrink10	6	0.8370742773148665	0.9888888888888889	0.0	3	1.0	0.007684812786294737	0.0	0.0	0.03710575139146566	1.0
holdout	abundance_only	13010	target	raw_rc6_reference	0	0.8262694792001433	0.8444444444444444	0.0	0	0.0	0.0	0.0	0.10185185185185164	0.017370892018779394	1.0
holdout	abundance_only	13010	reference	raw_rc6_reference	0	0.8461603187140971	0.9888888888888889	0.0	0	0.0	0.0	0.0	0.10185185185185164	0.017370892018779394	1.0
holdout	abundance_only	13010	target	rank1_shrink05	1	0.8262694792001433	0.8444444444444444	0.0	1	0.5	0.00015318981660261688	0.0	0.10185185185185164	0.017370892018779394	1.0
holdout	abundance_only	13010	reference	rank1_shrink05	1	0.8461603187140971	0.9888888888888889	0.0	1	0.5	0.00015318981660261688	0.0	0.10185185185185164	0.017370892018779394	1.0
holdout	abundance_only	13010	target	rank1_shrink10	2	0.8262694792001433	0.8444444444444444	0.0	1	1.0	0.0002042530888035632	0.0	0.10185185185185164	0.017370892018779394	1.0
holdout	abundance_only	13010	reference	rank1_shrink10	2	0.8461603187140971	0.9888888888888889	0.0	1	1.0	0.0002042530888035632	0.0	0.10185185185185164	0.017370892018779394	1.0
holdout	abundance_only	13010	target	rank2_shrink05	3	0.8262694792001433	0.8444444444444444	0.0	2	0.5	0.00021727806614901812	0.0	0.10185185185185164	0.017370892018779394	1.0
holdout	abundance_only	13010	reference	rank2_shrink05	3	0.8461603187140971	0.9888888888888889	0.0	2	0.5	0.00021727806614901812	0.0	0.10185185185185164	0.017370892018779394	1.0
holdout	abundance_only	13010	target	rank2_shrink10	4	0.8262694792001433	0.8444444444444444	0.0	2	1.0	0.00028970408819883886	0.0	0.10185185185185164	0.017370892018779394	1.0
holdout	abundance_only	13010	reference	rank2_shrink10	4	0.8461603187140971	0.9888888888888889	0.0	2	1.0	0.00028970408819883886	0.0	0.10185185185185164	0.017370892018779394	1.0
holdout	abundance_only	13010	target	rank3_shrink05	5	0.8262694792001433	0.8444444444444444	0.0	3	0.5	0.0011362956432753313	0.0	0.10185185185185164	0.017370892018779394	1.0
holdout	abundance_only	13010	reference	rank3_shrink05	5	0.8461603187140971	0.9888888888888889	0.0	3	0.5	0.0011362956432753313	0.0	0.10185185185185164	0.017370892018779394	1.0
holdout	abundance_only	13010	target	rank3_shrink10	6	0.8262694792001433	0.8444444444444444	0.0	3	1.0	0.0015150608577008118	0.0	0.10185185185185164	0.017370892018779394	1.0
holdout	abundance_only	13010	reference	rank3_shrink10	6	0.8461603187140971	0.9888888888888889	0.0	3	1.0	0.0015150608577008118	0.0	0.10185185185185164	0.017370892018779394	1.0
holdout	abundance_only	13011	target	raw_rc6_reference	0	0.8463570365345305	0.9111111111111112	0.0	0	0.0	0.0	0.0	0.0	0.0	1.0
holdout	abundance_only	13011	reference	raw_rc6_reference	0	0.8379976925675915	0.9888888888888889	0.0	0	0.0	0.0	0.0	0.0	0.0	1.0
holdout	abundance_only	13011	target	rank1_shrink05	1	0.8463570365345305	0.9111111111111112	0.0	1	0.5	0.008900549393932256	0.0	0.0	0.0	1.0
holdout	abundance_only	13011	reference	rank1_shrink05	1	0.8379976925675915	0.9888888888888889	0.0	1	0.5	0.008900549393932256	0.0	0.0	0.0	1.0
holdout	abundance_only	13011	target	rank1_shrink10	2	0.8463570365345305	0.9111111111111112	0.0	1	1.0	0.011867399191909822	0.046684979797745545	0.0	0.0	1.0
holdout	abundance_only	13011	reference	rank1_shrink10	2	0.8379976925675915	0.9888888888888889	0.0	1	1.0	0.011867399191909822	0.046684979797745545	0.0	0.0	1.0
holdout	abundance_only	13011	target	rank2_shrink05	3	0.8463570365345305	0.9111111111111112	0.0	2	0.5	0.008994313367291285	0.0	0.0	0.0	1.0
holdout	abundance_only	13011	reference	rank2_shrink05	3	0.8379976925675915	0.9888888888888889	0.0	2	0.5	0.008994313367291285	0.0	0.0	0.0	1.0
holdout	abundance_only	13011	target	rank2_shrink10	4	0.8463570365345305	0.9111111111111112	0.0	2	1.0	0.011992417823055379	0.04981044557638447	0.0	0.0	1.0
holdout	abundance_only	13011	reference	rank2_shrink10	4	0.8379976925675915	0.9888888888888889	0.0	2	1.0	0.011992417823055379	0.04981044557638447	0.0	0.0	1.0
holdout	abundance_only	13011	target	rank3_shrink05	5	0.8463570365345305	0.9111111111111112	0.0	3	0.5	0.009569800808900797	0.0	0.0	0.0	1.0
holdout	abundance_only	13011	reference	rank3_shrink05	5	0.8379976925675915	0.9888888888888889	0.0	3	0.5	0.009569800808900797	0.0	0.0	0.0	1.0
holdout	abundance_only	13011	target	rank3_shrink10	6	0.8463570365345305	0.9111111111111112	0.0	3	1.0	0.012759734411867396	0.0689933602966849	0.0	0.0	1.0
holdout	abundance_only	13011	reference	rank3_shrink10	6	0.8379976925675915	0.9888888888888889	0.0	3	1.0	0.012759734411867396	0.0689933602966849	0.0	0.0	1.0
holdout	abundance_only	13012	target	raw_rc6_reference	0	0.8894765263749388	0.9903846153846154	0.0	0	0.0	0.0	0.0	0.0	0.0	1.0
holdout	abundance_only	13012	reference	raw_rc6_reference	0	0.8580758262711624	0.9888888888888889	0.0	0	0.0	0.0	0.0	0.0	0.0	1.0
holdout	abundance_only	13012	target	rank1_shrink05	1	0.8894765263749388	0.9903846153846154	0.0	1	0.5	0.00829960453065448	0.0	0.0	0.0	1.0
holdout	abundance_only	13012	reference	rank1_shrink05	1	0.8580758262711624	0.9888888888888889	0.0	1	0.5	0.00829960453065448	0.0	0.0	0.0	1.0
holdout	abundance_only	13012	target	rank1_shrink10	2	0.8894765263749388	0.9903846153846154	0.0	1	1.0	0.011066139374206307	0.02665348435515768	0.0	0.0	1.0
holdout	abundance_only	13012	reference	rank1_shrink10	2	0.8580758262711624	0.9888888888888889	0.0	1	1.0	0.011066139374206307	0.02665348435515768	0.0	0.0	1.0
holdout	abundance_only	13012	target	rank2_shrink05	3	0.8894765263749388	0.9903846153846154	0.0	2	0.5	0.008957679691044995	0.0	0.0	0.0	1.0
holdout	abundance_only	13012	reference	rank2_shrink05	3	0.8580758262711624	0.9888888888888889	0.0	2	0.5	0.008957679691044995	0.0	0.0	0.0	1.0
holdout	abundance_only	13012	target	rank2_shrink10	4	0.8894765263749388	0.9903846153846154	0.0	2	1.0	0.011943572921393586	0.04858932303483964	0.0	0.0	1.0
holdout	abundance_only	13012	reference	rank2_shrink10	4	0.8580758262711624	0.9888888888888889	0.0	2	1.0	0.011943572921393586	0.04858932303483964	0.0	0.0	1.0
holdout	abundance_only	13012	target	rank3_shrink05	5	0.8894765263749388	0.9903846153846154	0.0	3	0.5	0.009904777330899561	0.0	0.0	0.0	1.0
holdout	abundance_only	13012	reference	rank3_shrink05	5	0.8580758262711624	0.9888888888888889	0.0	3	0.5	0.009904777330899561	0.0	0.0	0.0	1.0
holdout	abundance_only	13012	target	rank3_shrink10	6	0.8894765263749388	0.9903846153846154	0.0	3	1.0	0.013206369774533044	0.08015924436332611	0.0	0.0	1.0
holdout	abundance_only	13012	reference	rank3_shrink10	6	0.8580758262711624	0.9888888888888889	0.0	3	1.0	0.013206369774533044	0.08015924436332611	0.0	0.0	1.0
holdout	noisy_two_part	13001	target	raw_rc6_reference	0	0.7965825052089156	0.9333333333333333	0.0	0	0.0	0.0	0.0	0.0	0.008407517309594437	1.0
holdout	noisy_two_part	13001	reference	raw_rc6_reference	0	0.9024090058938271	0.9666666666666668	0.0	0	0.0	0.0	0.0	0.0	0.008407517309594437	1.0
holdout	noisy_two_part	13001	target	rank1_shrink05	1	0.7965825052089156	0.9333333333333333	0.0	1	0.5	0.002500014250794713	0.0	0.0	0.008407517309594437	1.0
holdout	noisy_two_part	13001	reference	rank1_shrink05	1	0.9024090058938271	0.9666666666666668	0.0	1	0.5	0.002500014250794713	0.0	0.0	0.008407517309594437	1.0
holdout	noisy_two_part	13001	target	rank1_shrink10	2	0.7965825052089156	0.9333333333333333	0.0	1	1.0	0.003333352334393247	0.0	0.0	0.008407517309594437	1.0
holdout	noisy_two_part	13001	reference	rank1_shrink10	2	0.9024090058938271	0.9666666666666668	0.0	1	1.0	0.003333352334393247	0.0	0.0	0.008407517309594437	1.0
holdout	noisy_two_part	13001	target	rank2_shrink05	3	0.7965825052089156	0.9333333333333333	0.0	2	0.5	0.0030781857793771294	0.0	0.0	0.008407517309594437	1.0
holdout	noisy_two_part	13001	reference	rank2_shrink05	3	0.9024090058938271	0.9666666666666668	0.0	2	0.5	0.0030781857793771294	0.0	0.0	0.008407517309594437	1.0
holdout	noisy_two_part	13001	target	rank2_shrink10	4	0.7965825052089156	0.9333333333333333	0.0	2	1.0	0.0041042477058359506	0.0	0.0	0.008407517309594437	1.0
holdout	noisy_two_part	13001	reference	rank2_shrink10	4	0.9024090058938271	0.9666666666666668	0.0	2	1.0	0.0041042477058359506	0.0	0.0	0.008407517309594437	1.0
holdout	noisy_two_part	13001	target	rank3_shrink05	5	0.7965825052089156	0.9333333333333333	0.0	3	0.5	0.003287824983811416	0.0	0.0	0.008407517309594437	1.0
holdout	noisy_two_part	13001	reference	rank3_shrink05	5	0.9024090058938271	0.9666666666666668	0.0	3	0.5	0.003287824983811416	0.0	0.0	0.008407517309594437	1.0
holdout	noisy_two_part	13001	target	rank3_shrink10	6	0.7965825052089156	0.9333333333333333	0.0	3	1.0	0.004383766645081777	0.0	0.0	0.008407517309594437	1.0
holdout	noisy_two_part	13001	reference	rank3_shrink10	6	0.9024090058938271	0.9666666666666668	0.0	3	1.0	0.004383766645081777	0.0	0.0	0.008407517309594437	1.0
holdout	noisy_two_part	13002	target	raw_rc6_reference	0	0.8015630102820439	0.9333333333333333	0.0	0	0.0	0.0	0.0	0.10555555555555562	0.0	1.0
holdout	noisy_two_part	13002	reference	raw_rc6_reference	0	0.6288133668064034	0.8666666666666667	0.0	0	0.0	0.0	0.0	0.10555555555555562	0.0	1.0
holdout	noisy_two_part	13002	target	rank1_shrink05	1	0.8015630102820439	0.9333333333333333	0.0	1	0.5	0.006285660798647896	0.0	0.10555555555555562	0.0	1.0
holdout	noisy_two_part	13002	reference	rank1_shrink05	1	0.6288133668064034	0.8666666666666667	0.0	1	0.5	0.006285660798647896	0.0	0.10555555555555562	0.0	1.0
holdout	noisy_two_part	13002	target	rank1_shrink10	2	0.8015630102820439	0.9333333333333333	0.0	1	1.0	0.00838088106486412	0.0	0.10555555555555562	0.0	1.0
holdout	noisy_two_part	13002	reference	rank1_shrink10	2	0.6288133668064034	0.8666666666666667	0.0	1	1.0	0.00838088106486412	0.0	0.10555555555555562	0.0	1.0
holdout	noisy_two_part	13002	target	rank2_shrink05	3	0.8015630102820439	0.9333333333333333	0.0	2	0.5	0.006832967350530628	0.0	0.10555555555555562	0.0	1.0
holdout	noisy_two_part	13002	reference	rank2_shrink05	3	0.6288133668064034	0.8666666666666667	0.0	2	0.5	0.006832967350530628	0.0	0.10555555555555562	0.0	1.0
holdout	noisy_two_part	13002	target	rank2_shrink10	4	0.8015630102820439	0.9333333333333333	0.0	2	1.0	0.009110623134041207	0.0	0.10555555555555562	0.0	1.0
holdout	noisy_two_part	13002	reference	rank2_shrink10	4	0.6288133668064034	0.8666666666666667	0.0	2	1.0	0.009110623134041207	0.0	0.10555555555555562	0.0	1.0
holdout	noisy_two_part	13002	target	rank3_shrink05	5	0.8015630102820439	0.9333333333333333	0.0	3	0.5	0.007143168622416929	0.0	0.10555555555555562	0.0	1.0
holdout	noisy_two_part	13002	reference	rank3_shrink05	5	0.6288133668064034	0.8666666666666667	0.0	3	0.5	0.007143168622416929	0.0	0.10555555555555562	0.0	1.0
holdout	noisy_two_part	13002	target	rank3_shrink10	6	0.8015630102820439	0.9333333333333333	0.0	3	1.0	0.009524224829889238	0.0	0.10555555555555562	0.0	1.0
holdout	noisy_two_part	13002	reference	rank3_shrink10	6	0.6288133668064034	0.8666666666666667	0.0	3	1.0	0.009524224829889238	0.0	0.10555555555555562	0.0	1.0
holdout	noisy_two_part	13003	target	raw_rc6_reference	0	0.7426749497443991	0.9666666666666667	0.0	0	0.0	0.0	0.0	0.0	0.004921259842519676	1.0
holdout	noisy_two_part	13003	reference	raw_rc6_reference	0	0.8649796633711397	1.0	0.0	0	0.0	0.0	0.0	0.0	0.004921259842519676	1.0
holdout	noisy_two_part	13003	target	rank1_shrink05	1	0.7426749497443991	0.9666666666666667	0.0	1	0.5	0.007098088653669676	0.0	0.0	0.004921259842519676	1.0
holdout	noisy_two_part	13003	reference	rank1_shrink05	1	0.8649796633711397	1.0	0.0	1	0.5	0.007098088653669676	0.0	0.0	0.004921259842519676	1.0
holdout	noisy_two_part	13003	target	rank1_shrink10	2	0.7426749497443991	0.9666666666666667	0.0	1	1.0	0.009464118204893013	0.0	0.0	0.004921259842519676	1.0
holdout	noisy_two_part	13003	reference	rank1_shrink10	2	0.8649796633711397	1.0	0.0	1	1.0	0.009464118204893013	0.0	0.0	0.004921259842519676	1.0
holdout	noisy_two_part	13003	target	rank2_shrink05	3	0.7426749497443991	0.9666666666666667	0.0	2	0.5	0.007188100687493648	0.0	0.0	0.004921259842519676	1.0
holdout	noisy_two_part	13003	reference	rank2_shrink05	3	0.8649796633711397	1.0	0.0	2	0.5	0.007188100687493648	0.0	0.0	0.004921259842519676	1.0
holdout	noisy_two_part	13003	target	rank2_shrink10	4	0.7426749497443991	0.9666666666666667	0.0	2	1.0	0.009584134249991605	0.0	0.0	0.004921259842519676	1.0
holdout	noisy_two_part	13003	reference	rank2_shrink10	4	0.8649796633711397	1.0	0.0	2	1.0	0.009584134249991605	0.0	0.0	0.004921259842519676	1.0
holdout	noisy_two_part	13003	target	rank3_shrink05	5	0.7426749497443991	0.9666666666666667	0.0	3	0.5	0.007719097396486019	0.0	0.0	0.004921259842519676	1.0
holdout	noisy_two_part	13003	reference	rank3_shrink05	5	0.8649796633711397	1.0	0.0	3	0.5	0.007719097396486019	0.0	0.0	0.004921259842519676	1.0
holdout	noisy_two_part	13003	target	rank3_shrink10	6	0.7426749497443991	0.9666666666666667	0.0	3	1.0	0.01029212986198147	0.00730324654953673	0.0	0.004921259842519676	1.0
holdout	noisy_two_part	13003	reference	rank3_shrink10	6	0.8649796633711397	1.0	0.0	3	1.0	0.01029212986198147	0.00730324654953673	0.0	0.004921259842519676	1.0
holdout	noisy_two_part	13004	target	raw_rc6_reference	0	0.6575259704776663	0.8571428571428572	0.0	0	0.0	0.0	0.0	0.07222222222222241	0.007692307692307665	1.0
holdout	noisy_two_part	13004	reference	raw_rc6_reference	0	0.8773995338754893	0.9888888888888889	0.0	0	0.0	0.0	0.0	0.07222222222222241	0.007692307692307665	1.0
holdout	noisy_two_part	13004	target	rank1_shrink05	1	0.6575259704776663	0.8571428571428572	0.0	1	0.5	0.006270073954065869	0.0	0.07222222222222241	0.007692307692307665	1.0
holdout	noisy_two_part	13004	reference	rank1_shrink05	1	0.8773995338754893	0.9888888888888889	0.0	1	0.5	0.006270073954065869	0.0	0.07222222222222241	0.007692307692307665	1.0
holdout	noisy_two_part	13004	target	rank1_shrink10	2	0.6575259704776663	0.8571428571428572	0.0	1	1.0	0.008360098605421085	0.0	0.07222222222222241	0.007692307692307665	1.0
holdout	noisy_two_part	13004	reference	rank1_shrink10	2	0.8773995338754893	0.9888888888888889	0.0	1	1.0	0.008360098605421085	0.0	0.07222222222222241	0.007692307692307665	1.0
holdout	noisy_two_part	13004	target	rank2_shrink05	3	0.6575259704776663	0.8571428571428572	0.0	2	0.5	0.006795187635341371	0.0	0.07222222222222241	0.007692307692307665	1.0
holdout	noisy_two_part	13004	reference	rank2_shrink05	3	0.8773995338754893	0.9888888888888889	0.0	2	0.5	0.006795187635341371	0.0	0.07222222222222241	0.007692307692307665	1.0
holdout	noisy_two_part	13004	target	rank2_shrink10	4	0.6575259704776663	0.8571428571428572	0.0	2	1.0	0.009060250180454754	0.0	0.07222222222222241	0.007692307692307665	1.0
holdout	noisy_two_part	13004	reference	rank2_shrink10	4	0.8773995338754893	0.9888888888888889	0.0	2	1.0	0.009060250180454754	0.0	0.07222222222222241	0.007692307692307665	1.0
holdout	noisy_two_part	13004	target	rank3_shrink05	5	0.6575259704776663	0.8571428571428572	0.0	3	0.5	0.007041362298424336	0.0	0.07222222222222241	0.007692307692307665	1.0
holdout	noisy_two_part	13004	reference	rank3_shrink05	5	0.8773995338754893	0.9888888888888889	0.0	3	0.5	0.007041362298424336	0.0	0.07222222222222241	0.007692307692307665	1.0
holdout	noisy_two_part	13004	target	rank3_shrink10	6	0.6575259704776663	0.8571428571428572	0.0	3	1.0	0.009388483064565856	0.0	0.07222222222222241	0.007692307692307665	1.0
holdout	noisy_two_part	13004	reference	rank3_shrink10	6	0.8773995338754893	0.9888888888888889	0.0	3	1.0	0.009388483064565856	0.0	0.07222222222222241	0.007692307692307665	1.0
holdout	noisy_two_part	13005	target	raw_rc6_reference	0	0.8247487206406591	0.9	0.0	0	0.0	0.0	0.0	0.040740740740740744	0.0	1.0
holdout	noisy_two_part	13005	reference	raw_rc6_reference	0	0.8819400489274367	0.9666666666666667	0.0	0	0.0	0.0	0.0	0.040740740740740744	0.0	1.0
holdout	noisy_two_part	13005	target	rank1_shrink05	1	0.8247487206406591	0.9	0.0	1	0.5	0.005709225094962744	0.0	0.040740740740740744	0.0	1.0
holdout	noisy_two_part	13005	reference	rank1_shrink05	1	0.8819400489274367	0.9666666666666667	0.0	1	0.5	0.005709225094962744	0.0	0.040740740740740744	0.0	1.0
holdout	noisy_two_part	13005	target	rank1_shrink10	2	0.8247487206406591	0.9	0.0	1	1.0	0.0076123001266170665	0.0	0.040740740740740744	0.0	1.0
holdout	noisy_two_part	13005	reference	rank1_shrink10	2	0.8819400489274367	0.9666666666666667	0.0	1	1.0	0.0076123001266170665	0.0	0.040740740740740744	0.0	1.0
holdout	noisy_two_part	13005	target	rank2_shrink05	3	0.8247487206406591	0.9	0.0	2	0.5	0.005805766958166814	0.0	0.040740740740740744	0.0	1.0
holdout	noisy_two_part	13005	reference	rank2_shrink05	3	0.8819400489274367	0.9666666666666667	0.0	2	0.5	0.005805766958166814	0.0	0.040740740740740744	0.0	1.0
holdout	noisy_two_part	13005	target	rank2_shrink10	4	0.8247487206406591	0.9	0.0	2	1.0	0.00774102261088927	0.0	0.040740740740740744	0.0	1.0
holdout	noisy_two_part	13005	reference	rank2_shrink10	4	0.8819400489274367	0.9666666666666667	0.0	2	1.0	0.00774102261088927	0.0	0.040740740740740744	0.0	1.0
holdout	noisy_two_part	13005	target	rank3_shrink05	5	0.8247487206406591	0.9	0.0	3	0.5	0.006110292487975233	0.0	0.040740740740740744	0.0	1.0
holdout	noisy_two_part	13005	reference	rank3_shrink05	5	0.8819400489274367	0.9666666666666667	0.0	3	0.5	0.006110292487975233	0.0	0.040740740740740744	0.0	1.0
holdout	noisy_two_part	13005	target	rank3_shrink10	6	0.8247487206406591	0.9	0.0	3	1.0	0.008147056650633755	0.0	0.040740740740740744	0.0	1.0
holdout	noisy_two_part	13005	reference	rank3_shrink10	6	0.8819400489274367	0.9666666666666667	0.0	3	1.0	0.008147056650633755	0.0	0.040740740740740744	0.0	1.0
holdout	noisy_two_part	13006	target	raw_rc6_reference	0	0.6610253069181242	0.7551020408163265	0.0	0	0.0	0.0	0.0	0.0	0.0	1.0
holdout	noisy_two_part	13006	reference	raw_rc6_reference	0	0.7964866506018384	1.0	0.0	0	0.0	0.0	0.0	0.0	0.0	1.0
holdout	noisy_two_part	13006	target	rank1_shrink05	1	0.6610253069181242	0.7551020408163265	0.0	1	0.5	0.006615813989775288	0.0	0.0	0.0	1.0
holdout	noisy_two_part	13006	reference	rank1_shrink05	1	0.7964866506018384	1.0	0.0	1	0.5	0.006615813989775288	0.0	0.0	0.0	1.0
holdout	noisy_two_part	13006	target	rank1_shrink10	2	0.6610253069181242	0.7551020408163265	0.0	1	1.0	0.008821085319700606	0.0	0.0	0.0	1.0
holdout	noisy_two_part	13006	reference	rank1_shrink10	2	0.7964866506018384	1.0	0.0	1	1.0	0.008821085319700606	0.0	0.0	0.0	1.0
holdout	noisy_two_part	13006	target	rank2_shrink05	3	0.6610253069181242	0.7551020408163265	0.0	2	0.5	0.0071461748096456335	0.0	0.0	0.0	1.0
holdout	noisy_two_part	13006	reference	rank2_shrink05	3	0.7964866506018384	1.0	0.0	2	0.5	0.0071461748096456335	0.0	0.0	0.0	1.0
holdout	noisy_two_part	13006	target	rank2_shrink10	4	0.6610253069181242	0.7551020408163265	0.0	2	1.0	0.009528233079527437	0.0	0.0	0.0	1.0
holdout	noisy_two_part	13006	reference	rank2_shrink10	4	0.7964866506018384	1.0	0.0	2	1.0	0.009528233079527437	0.0	0.0	0.0	1.0
holdout	noisy_two_part	13006	target	rank3_shrink05	5	0.6610253069181242	0.7551020408163265	0.0	3	0.5	0.007160600765006908	0.0	0.0	0.0	1.0
holdout	noisy_two_part	13006	reference	rank3_shrink05	5	0.7964866506018384	1.0	0.0	3	0.5	0.007160600765006908	0.0	0.0	0.0	1.0
holdout	noisy_two_part	13006	target	rank3_shrink10	6	0.6610253069181242	0.7551020408163265	0.0	3	1.0	0.009547467686675914	0.0	0.0	0.0	1.0
holdout	noisy_two_part	13006	reference	rank3_shrink10	6	0.7964866506018384	1.0	0.0	3	1.0	0.009547467686675914	0.0	0.0	0.0	1.0
holdout	noisy_two_part	13007	target	raw_rc6_reference	0	0.8171778741187071	0.8777777777777778	0.0	0	0.0	0.0	0.0	0.02037037037037015	0.0	1.0
holdout	noisy_two_part	13007	reference	raw_rc6_reference	0	0.6970465845237422	0.8555555555555556	0.0	0	0.0	0.0	0.0	0.02037037037037015	0.0	1.0
holdout	noisy_two_part	13007	target	rank1_shrink05	1	0.8171778741187071	0.8777777777777778	0.0	1	0.5	0.006091209208196169	0.0	0.02037037037037015	0.0	1.0
holdout	noisy_two_part	13007	reference	rank1_shrink05	1	0.6970465845237422	0.8555555555555556	0.0	1	0.5	0.006091209208196169	0.0	0.02037037037037015	0.0	1.0
holdout	noisy_two_part	13007	target	rank1_shrink10	2	0.8171778741187071	0.8777777777777778	0.0	1	1.0	0.008121612277595225	0.0	0.02037037037037015	0.0	1.0
holdout	noisy_two_part	13007	reference	rank1_shrink10	2	0.6970465845237422	0.8555555555555556	0.0	1	1.0	0.008121612277595225	0.0	0.02037037037037015	0.0	1.0
holdout	noisy_two_part	13007	target	rank2_shrink05	3	0.8171778741187071	0.8777777777777778	0.0	2	0.5	0.006540316456599138	0.0	0.02037037037037015	0.0	1.0
holdout	noisy_two_part	13007	reference	rank2_shrink05	3	0.6970465845237422	0.8555555555555556	0.0	2	0.5	0.006540316456599138	0.0	0.02037037037037015	0.0	1.0
holdout	noisy_two_part	13007	target	rank2_shrink10	4	0.8171778741187071	0.8777777777777778	0.0	2	1.0	0.008720421942132517	0.0	0.02037037037037015	0.0	1.0
holdout	noisy_two_part	13007	reference	rank2_shrink10	4	0.6970465845237422	0.8555555555555556	0.0	2	1.0	0.008720421942132517	0.0	0.02037037037037015	0.0	1.0
holdout	noisy_two_part	13007	target	rank3_shrink05	5	0.8171778741187071	0.8777777777777778	0.0	3	0.5	0.006804436160311456	0.0	0.02037037037037015	0.0	1.0
holdout	noisy_two_part	13007	reference	rank3_shrink05	5	0.6970465845237422	0.8555555555555556	0.0	3	0.5	0.006804436160311456	0.0	0.02037037037037015	0.0	1.0
holdout	noisy_two_part	13007	target	rank3_shrink10	6	0.8171778741187071	0.8777777777777778	0.0	3	1.0	0.009072581547082237	0.0	0.02037037037037015	0.0	1.0
holdout	noisy_two_part	13007	reference	rank3_shrink10	6	0.6970465845237422	0.8555555555555556	0.0	3	1.0	0.009072581547082237	0.0	0.02037037037037015	0.0	1.0
holdout	noisy_two_part	13008	target	raw_rc6_reference	0	0.6944424284836199	0.8673469387755102	0.0	0	0.0	0.0	0.0	0.0	0.010489510489510523	1.0
holdout	noisy_two_part	13008	reference	raw_rc6_reference	0	0.8365294843659659	0.9081632653061225	0.0	0	0.0	0.0	0.0	0.0	0.010489510489510523	1.0
holdout	noisy_two_part	13008	target	rank1_shrink05	1	0.6944424284836199	0.8673469387755102	0.0	1	0.5	0.006785900535354994	0.0	0.0	0.010489510489510523	1.0
holdout	noisy_two_part	13008	reference	rank1_shrink05	1	0.8365294843659659	0.9081632653061225	0.0	1	0.5	0.006785900535354994	0.0	0.0	0.010489510489510523	1.0
holdout	noisy_two_part	13008	target	rank1_shrink10	2	0.6944424284836199	0.8673469387755102	0.0	1	1.0	0.009047867380473362	0.0	0.0	0.010489510489510523	1.0
holdout	noisy_two_part	13008	reference	rank1_shrink10	2	0.8365294843659659	0.9081632653061225	0.0	1	1.0	0.009047867380473362	0.0	0.0	0.010489510489510523	1.0
holdout	noisy_two_part	13008	target	rank2_shrink05	3	0.6944424284836199	0.8673469387755102	0.0	2	0.5	0.007502743584433369	0.0	0.0	0.010489510489510523	1.0
holdout	noisy_two_part	13008	reference	rank2_shrink05	3	0.8365294843659659	0.9081632653061225	0.0	2	0.5	0.007502743584433369	0.0	0.0	0.010489510489510523	1.0
holdout	noisy_two_part	13008	target	rank2_shrink10	4	0.6944424284836199	0.8673469387755102	0.0	2	1.0	0.010003658112578195	9.145281445487909e-05	0.0	0.010489510489510523	1.0
holdout	noisy_two_part	13008	reference	rank2_shrink10	4	0.8365294843659659	0.9081632653061225	0.0	2	1.0	0.010003658112578195	9.145281445487909e-05	0.0	0.010489510489510523	1.0
holdout	noisy_two_part	13008	target	rank3_shrink05	5	0.6944424284836199	0.8673469387755102	0.0	3	0.5	0.007625119917618717	0.0	0.0	0.010489510489510523	1.0
holdout	noisy_two_part	13008	reference	rank3_shrink05	5	0.8365294843659659	0.9081632653061225	0.0	3	0.5	0.007625119917618717	0.0	0.0	0.010489510489510523	1.0
holdout	noisy_two_part	13008	target	rank3_shrink10	6	0.6944424284836199	0.8673469387755102	0.0	3	1.0	0.01016682655682477	0.004170663920619261	0.0	0.010489510489510523	1.0
holdout	noisy_two_part	13008	reference	rank3_shrink10	6	0.8365294843659659	0.9081632653061225	0.0	3	1.0	0.01016682655682477	0.004170663920619261	0.0	0.010489510489510523	1.0
holdout	noisy_two_part	13009	target	raw_rc6_reference	0	0.6025952370017409	0.8666666666666667	0.0	0	0.0	0.0	0.0	0.0	0.009719222462203025	1.0
holdout	noisy_two_part	13009	reference	raw_rc6_reference	0	0.8370742773148665	0.9888888888888889	0.0	0	0.0	0.0	0.0	0.0	0.009719222462203025	1.0
holdout	noisy_two_part	13009	target	rank1_shrink05	1	0.6025952370017409	0.8666666666666667	0.0	1	0.5	0.005911496098733204	0.0	0.0	0.009719222462203025	1.0
holdout	noisy_two_part	13009	reference	rank1_shrink05	1	0.8370742773148665	0.9888888888888889	0.0	1	0.5	0.005911496098733204	0.0	0.0	0.009719222462203025	1.0
holdout	noisy_two_part	13009	target	rank1_shrink10	2	0.6025952370017409	0.8666666666666667	0.0	1	1.0	0.007881994798311087	0.0	0.0	0.009719222462203025	1.0
holdout	noisy_two_part	13009	reference	rank1_shrink10	2	0.8370742773148665	0.9888888888888889	0.0	1	1.0	0.007881994798311087	0.0	0.0	0.009719222462203025	1.0
holdout	noisy_two_part	13009	target	rank2_shrink05	3	0.6025952370017409	0.8666666666666667	0.0	2	0.5	0.006967520827417362	0.0	0.0	0.009719222462203025	1.0
holdout	noisy_two_part	13009	reference	rank2_shrink05	3	0.8370742773148665	0.9888888888888889	0.0	2	0.5	0.006967520827417362	0.0	0.0	0.009719222462203025	1.0
holdout	noisy_two_part	13009	target	rank2_shrink10	4	0.6025952370017409	0.8666666666666667	0.0	2	1.0	0.009290027769890075	0.0	0.0	0.009719222462203025	1.0
holdout	noisy_two_part	13009	reference	rank2_shrink10	4	0.8370742773148665	0.9888888888888889	0.0	2	1.0	0.009290027769890075	0.0	0.0	0.009719222462203025	1.0
holdout	noisy_two_part	13009	target	rank3_shrink05	5	0.6025952370017409	0.8666666666666667	0.0	3	0.5	0.007352856717685818	0.0	0.0	0.009719222462203025	1.0
holdout	noisy_two_part	13009	reference	rank3_shrink05	5	0.8370742773148665	0.9888888888888889	0.0	3	0.5	0.007352856717685818	0.0	0.0	0.009719222462203025	1.0
holdout	noisy_two_part	13009	target	rank3_shrink10	6	0.6025952370017409	0.8666666666666667	0.0	3	1.0	0.00980380895691424	0.0	0.0	0.009719222462203025	1.0
holdout	noisy_two_part	13009	reference	rank3_shrink10	6	0.8370742773148665	0.9888888888888889	0.0	3	1.0	0.00980380895691424	0.0	0.0	0.009719222462203025	1.0
holdout	noisy_two_part	13010	target	raw_rc6_reference	0	0.8138098600693476	0.8333333333333333	0.0	0	0.0	0.0	0.0	0.016666666666666607	0.020332717190388205	1.0
holdout	noisy_two_part	13010	reference	raw_rc6_reference	0	0.8298629319900199	0.9888888888888889	0.0	0	0.0	0.0	0.0	0.016666666666666607	0.020332717190388205	1.0
holdout	noisy_two_part	13010	target	rank1_shrink05	1	0.8138098600693476	0.8333333333333333	0.0	1	0.5	0.006739699730612281	0.0	0.016666666666666607	0.020332717190388205	1.0
holdout	noisy_two_part	13010	reference	rank1_shrink05	1	0.8298629319900199	0.9888888888888889	0.0	1	0.5	0.006739699730612281	0.0	0.016666666666666607	0.020332717190388205	1.0
holdout	noisy_two_part	13010	target	rank1_shrink10	2	0.8138098600693476	0.8333333333333333	0.0	1	1.0	0.00898626630748356	0.0	0.016666666666666607	0.020332717190388205	1.0
holdout	noisy_two_part	13010	reference	rank1_shrink10	2	0.8298629319900199	0.9888888888888889	0.0	1	1.0	0.00898626630748356	0.0	0.016666666666666607	0.020332717190388205	1.0
holdout	noisy_two_part	13010	target	rank2_shrink05	3	0.8138098600693476	0.8333333333333333	0.0	2	0.5	0.006918112597122716	0.0	0.016666666666666607	0.020332717190388205	1.0
holdout	noisy_two_part	13010	reference	rank2_shrink05	3	0.8298629319900199	0.9888888888888889	0.0	2	0.5	0.006918112597122716	0.0	0.016666666666666607	0.020332717190388205	1.0
holdout	noisy_two_part	13010	target	rank2_shrink10	4	0.8138098600693476	0.8333333333333333	0.0	2	1.0	0.009224150129497288	0.0	0.016666666666666607	0.020332717190388205	1.0
holdout	noisy_two_part	13010	reference	rank2_shrink10	4	0.8298629319900199	0.9888888888888889	0.0	2	1.0	0.009224150129497288	0.0	0.016666666666666607	0.020332717190388205	1.0
holdout	noisy_two_part	13010	target	rank3_shrink05	5	0.8138098600693476	0.8333333333333333	0.0	3	0.5	0.007161777065904706	0.0	0.016666666666666607	0.020332717190388205	1.0
holdout	noisy_two_part	13010	reference	rank3_shrink05	5	0.8298629319900199	0.9888888888888889	0.0	3	0.5	0.007161777065904706	0.0	0.016666666666666607	0.020332717190388205	1.0
holdout	noisy_two_part	13010	target	rank3_shrink10	6	0.8138098600693476	0.8333333333333333	0.0	3	1.0	0.009549036087873053	0.0	0.016666666666666607	0.020332717190388205	1.0
holdout	noisy_two_part	13010	reference	rank3_shrink10	6	0.8298629319900199	0.9888888888888889	0.0	3	1.0	0.009549036087873053	0.0	0.016666666666666607	0.020332717190388205	1.0
holdout	noisy_two_part	13011	target	raw_rc6_reference	0	0.8463570365345305	0.9111111111111112	0.0	0	0.0	0.0	0.0	0.0	0.0	1.0
holdout	noisy_two_part	13011	reference	raw_rc6_reference	0	0.8379976925675915	0.9888888888888889	0.0	0	0.0	0.0	0.0	0.0	0.0	1.0
holdout	noisy_two_part	13011	target	rank1_shrink05	1	0.8463570365345305	0.9111111111111112	0.0	1	0.5	0.005312290966342226	0.0	0.0	0.0	1.0
holdout	noisy_two_part	13011	reference	rank1_shrink05	1	0.8379976925675915	0.9888888888888889	0.0	1	0.5	0.005312290966342226	0.0	0.0	0.0	1.0
holdout	noisy_two_part	13011	target	rank1_shrink10	2	0.8463570365345305	0.9111111111111112	0.0	1	1.0	0.007083054621789708	0.0	0.0	0.0	1.0
holdout	noisy_two_part	13011	reference	rank1_shrink10	2	0.8379976925675915	0.9888888888888889	0.0	1	1.0	0.007083054621789708	0.0	0.0	0.0	1.0
holdout	noisy_two_part	13011	target	rank2_shrink05	3	0.8463570365345305	0.9111111111111112	0.0	2	0.5	0.006017940170392255	0.0	0.0	0.0	1.0
holdout	noisy_two_part	13011	reference	rank2_shrink05	3	0.8379976925675915	0.9888888888888889	0.0	2	0.5	0.006017940170392255	0.0	0.0	0.0	1.0
holdout	noisy_two_part	13011	target	rank2_shrink10	4	0.8463570365345305	0.9111111111111112	0.0	2	1.0	0.008023920227190007	0.0	0.0	0.0	1.0
holdout	noisy_two_part	13011	reference	rank2_shrink10	4	0.8379976925675915	0.9888888888888889	0.0	2	1.0	0.008023920227190007	0.0	0.0	0.0	1.0
holdout	noisy_two_part	13011	target	rank3_shrink05	5	0.8463570365345305	0.9111111111111112	0.0	3	0.5	0.006336154582546438	0.0	0.0	0.0	1.0
holdout	noisy_two_part	13011	reference	rank3_shrink05	5	0.8379976925675915	0.9888888888888889	0.0	3	0.5	0.006336154582546438	0.0	0.0	0.0	1.0
holdout	noisy_two_part	13011	target	rank3_shrink10	6	0.8463570365345305	0.9111111111111112	0.0	3	1.0	0.00844820611006225	0.0	0.0	0.0	1.0
holdout	noisy_two_part	13011	reference	rank3_shrink10	6	0.8379976925675915	0.9888888888888889	0.0	3	1.0	0.00844820611006225	0.0	0.0	0.0	1.0
holdout	noisy_two_part	13012	target	raw_rc6_reference	0	0.8953455063876767	1.0	0.0	0	0.0	0.0	0.0	0.07777777777777795	0.0	1.0
holdout	noisy_two_part	13012	reference	raw_rc6_reference	0	0.8580758262711624	0.9888888888888889	0.0	0	0.0	0.0	0.0	0.07777777777777795	0.0	1.0
holdout	noisy_two_part	13012	target	rank1_shrink05	1	0.8953455063876767	1.0	0.0	1	0.5	0.0055181167423068445	0.0	0.07777777777777795	0.0	1.0
holdout	noisy_two_part	13012	reference	rank1_shrink05	1	0.8580758262711624	0.9888888888888889	0.0	1	0.5	0.0055181167423068445	0.0	0.07777777777777795	0.0	1.0
holdout	noisy_two_part	13012	target	rank1_shrink10	2	0.8953455063876767	1.0	0.0	1	1.0	0.007357488989742422	0.0	0.07777777777777795	0.0	1.0
holdout	noisy_two_part	13012	reference	rank1_shrink10	2	0.8580758262711624	0.9888888888888889	0.0	1	1.0	0.007357488989742422	0.0	0.07777777777777795	0.0	1.0
holdout	noisy_two_part	13012	target	rank2_shrink05	3	0.8953455063876767	1.0	0.0	2	0.5	0.005779821278759423	0.0	0.07777777777777795	0.0	1.0
holdout	noisy_two_part	13012	reference	rank2_shrink05	3	0.8580758262711624	0.9888888888888889	0.0	2	0.5	0.005779821278759423	0.0	0.07777777777777795	0.0	1.0
holdout	noisy_two_part	13012	target	rank2_shrink10	4	0.8953455063876767	1.0	0.0	2	1.0	0.007706428371678897	0.0	0.07777777777777795	0.0	1.0
holdout	noisy_two_part	13012	reference	rank2_shrink10	4	0.8580758262711624	0.9888888888888889	0.0	2	1.0	0.007706428371678897	0.0	0.07777777777777795	0.0	1.0
holdout	noisy_two_part	13012	target	rank3_shrink05	5	0.8953455063876767	1.0	0.0	3	0.5	0.006996303822563332	0.0	0.07777777777777795	0.0	1.0
holdout	noisy_two_part	13012	reference	rank3_shrink05	5	0.8580758262711624	0.9888888888888889	0.0	3	0.5	0.006996303822563332	0.0	0.07777777777777795	0.0	1.0
holdout	noisy_two_part	13012	target	rank3_shrink10	6	0.8953455063876767	1.0	0.0	3	1.0	0.009328405096751258	0.0	0.07777777777777795	0.0	1.0
holdout	noisy_two_part	13012	reference	rank3_shrink10	6	0.8580758262711624	0.9888888888888889	0.0	3	1.0	0.009328405096751258	0.0	0.07777777777777795	0.0	1.0
holdout	antagonistic_two_part	13001	target	raw_rc6_reference	0	0.7965825052089156	0.9333333333333333	0.0	0	0.0	0.0	0.0	0.0	0.0	1.0
holdout	antagonistic_two_part	13001	reference	raw_rc6_reference	0	0.9024090058938271	0.9666666666666668	0.0	0	0.0	0.0	0.0	0.0	0.0	1.0
holdout	antagonistic_two_part	13001	target	rank1_shrink05	1	0.7965825052089156	0.9333333333333333	0.0	1	0.5	0.016353468579777375	0.15883671449443437	0.0	0.0	1.0
holdout	antagonistic_two_part	13001	reference	rank1_shrink05	1	0.9024090058938271	0.9666666666666668	0.0	1	0.5	0.016353468579777375	0.15883671449443437	0.0	0.0	1.0
holdout	antagonistic_two_part	13001	target	rank1_shrink10	2	0.7965825052089156	0.9333333333333333	0.0	1	1.0	0.021804624773036352	0.2951156193259088	0.0	0.0	1.0
holdout	antagonistic_two_part	13001	reference	rank1_shrink10	2	0.9024090058938271	0.9666666666666668	0.0	1	1.0	0.021804624773036352	0.2951156193259088	0.0	0.0	1.0
holdout	antagonistic_two_part	13001	target	rank2_shrink05	3	0.7965825052089156	0.9333333333333333	0.0	2	0.5	0.016546897292224583	0.16367243230561457	0.0	0.0	1.0
holdout	antagonistic_two_part	13001	reference	rank2_shrink05	3	0.9024090058938271	0.9666666666666668	0.0	2	0.5	0.016546897292224583	0.16367243230561457	0.0	0.0	1.0
holdout	antagonistic_two_part	13001	target	rank2_shrink10	4	0.7965825052089156	0.9333333333333333	0.0	2	1.0	0.022062529722966184	0.3015632430741546	0.0	0.0	1.0
holdout	antagonistic_two_part	13001	reference	rank2_shrink10	4	0.9024090058938271	0.9666666666666668	0.0	2	1.0	0.022062529722966184	0.3015632430741546	0.0	0.0	1.0
holdout	antagonistic_two_part	13001	target	rank3_shrink05	5	0.7965825052089156	0.9333333333333333	0.0	3	0.5	0.017085123465591323	0.17712808663978308	0.0	0.0	1.0
holdout	antagonistic_two_part	13001	reference	rank3_shrink05	5	0.9024090058938271	0.9666666666666668	0.0	3	0.5	0.017085123465591323	0.17712808663978308	0.0	0.0	1.0
holdout	antagonistic_two_part	13001	target	rank3_shrink10	6	0.7965825052089156	0.9333333333333333	0.0	3	1.0	0.02278016462078869	0.31950411551971725	0.0	0.0	1.0
holdout	antagonistic_two_part	13001	reference	rank3_shrink10	6	0.9024090058938271	0.9666666666666668	0.0	3	1.0	0.02278016462078869	0.31950411551971725	0.0	0.0	1.0
holdout	antagonistic_two_part	13002	target	raw_rc6_reference	0	0.7983099136494057	0.9222222222222223	0.0	0	0.0	0.0	0.0	0.0	0.0	1.0
holdout	antagonistic_two_part	13002	reference	raw_rc6_reference	0	0.6288133668064034	0.8444444444444446	0.0	0	0.0	0.0	0.0	0.0	0.0	1.0
holdout	antagonistic_two_part	13002	target	rank1_shrink05	1	0.7983099136494057	0.9222222222222223	0.0	1	0.5	0.021899915113796298	0.29749787784490744	0.0	0.0	1.0
holdout	antagonistic_two_part	13002	reference	rank1_shrink05	1	0.6288133668064034	0.8444444444444446	0.0	1	0.5	0.021899915113796298	0.29749787784490744	0.0	0.0	1.0
holdout	antagonistic_two_part	13002	target	rank1_shrink10	2	0.7983099136494057	0.9222222222222223	0.0	1	1.0	0.02919988681839536	0.47999717045988394	0.0	0.0	1.0
holdout	antagonistic_two_part	13002	reference	rank1_shrink10	2	0.6288133668064034	0.8444444444444446	0.0	1	1.0	0.02919988681839536	0.47999717045988394	0.0	0.0	1.0
holdout	antagonistic_two_part	13002	target	rank2_shrink05	3	0.7983099136494057	0.9222222222222223	0.0	2	0.5	0.022338094038448553	0.3084523509612138	0.0	0.0	1.0
holdout	antagonistic_two_part	13002	reference	rank2_shrink05	3	0.6288133668064034	0.8444444444444446	0.0	2	0.5	0.022338094038448553	0.3084523509612138	0.0	0.0	1.0
holdout	antagonistic_two_part	13002	target	rank2_shrink10	4	0.7983099136494057	0.9222222222222223	0.0	2	1.0	0.029784125384598292	0.49460313461495725	0.0	0.0	1.0
holdout	antagonistic_two_part	13002	reference	rank2_shrink10	4	0.6288133668064034	0.8444444444444446	0.0	2	1.0	0.029784125384598292	0.49460313461495725	0.0	0.0	1.0
holdout	antagonistic_two_part	13002	target	rank3_shrink05	5	0.7983099136494057	0.9222222222222223	0.0	3	0.5	0.02245965618715151	0.3114914046787878	0.0	0.0	1.0
holdout	antagonistic_two_part	13002	reference	rank3_shrink05	5	0.6288133668064034	0.8444444444444446	0.0	3	0.5	0.02245965618715151	0.3114914046787878	0.0	0.0	1.0
holdout	antagonistic_two_part	13002	target	rank3_shrink10	6	0.7983099136494057	0.9222222222222223	0.0	3	1.0	0.029946208249535644	0.49865520623839105	0.0	0.0	1.0
holdout	antagonistic_two_part	13002	reference	rank3_shrink10	6	0.6288133668064034	0.8444444444444446	0.0	3	1.0	0.029946208249535644	0.49865520623839105	0.0	0.0	1.0
holdout	antagonistic_two_part	13003	target	raw_rc6_reference	0	0.7426749497443991	0.9666666666666667	0.0	0	0.0	0.0	0.0	0.0	0.0	1.0
holdout	antagonistic_two_part	13003	reference	raw_rc6_reference	0	0.8649796633711397	1.0	0.0	0	0.0	0.0	0.0	0.0	0.0	1.0
holdout	antagonistic_two_part	13003	target	rank1_shrink05	1	0.7426749497443991	0.9666666666666667	0.0	1	0.5	0.023185958246348837	0.3296489561587209	0.0	0.0	1.0
holdout	antagonistic_two_part	13003	reference	rank1_shrink05	1	0.8649796633711397	1.0	0.0	1	0.5	0.023185958246348837	0.3296489561587209	0.0	0.0	1.0
holdout	antagonistic_two_part	13003	target	rank1_shrink10	2	0.7426749497443991	0.9666666666666667	0.0	1	1.0	0.03091461099513193	0.5228652748782981	0.0	0.0	1.0
holdout	antagonistic_two_part	13003	reference	rank1_shrink10	2	0.8649796633711397	1.0	0.0	1	1.0	0.03091461099513193	0.5228652748782981	0.0	0.0	1.0
holdout	antagonistic_two_part	13003	target	rank2_shrink05	3	0.7426749497443991	0.9666666666666667	0.0	2	0.5	0.023425228223046934	0.33563070557617336	0.0	0.0	1.0
holdout	antagonistic_two_part	13003	reference	rank2_shrink05	3	0.8649796633711397	1.0	0.0	2	0.5	0.023425228223046934	0.33563070557617336	0.0	0.0	1.0
holdout	antagonistic_two_part	13003	target	rank2_shrink10	4	0.7426749497443991	0.9666666666666667	0.0	2	1.0	0.031233637630729505	0.5308409407682375	0.0	0.0	1.0
holdout	antagonistic_two_part	13003	reference	rank2_shrink10	4	0.8649796633711397	1.0	0.0	2	1.0	0.031233637630729505	0.5308409407682375	0.0	0.0	1.0
holdout	antagonistic_two_part	13003	target	rank3_shrink05	5	0.7426749497443991	0.9666666666666667	0.0	3	0.5	0.0235593362339791	0.3389834058494775	0.0	0.0	1.0
holdout	antagonistic_two_part	13003	reference	rank3_shrink05	5	0.8649796633711397	1.0	0.0	3	0.5	0.0235593362339791	0.3389834058494775	0.0	0.0	1.0
holdout	antagonistic_two_part	13003	target	rank3_shrink10	6	0.7426749497443991	0.9666666666666667	0.0	3	1.0	0.03141244831197232	0.5353112077993079	0.0	0.0	1.0
holdout	antagonistic_two_part	13003	reference	rank3_shrink10	6	0.8649796633711397	1.0	0.0	3	1.0	0.03141244831197232	0.5353112077993079	0.0	0.0	1.0
holdout	antagonistic_two_part	13004	target	raw_rc6_reference	0	0.6496749141137539	0.8571428571428572	0.0	0	0.0	0.0	0.0	0.0	0.0	1.0
holdout	antagonistic_two_part	13004	reference	raw_rc6_reference	0	0.8773995338754893	0.9888888888888889	0.0	0	0.0	0.0	0.0	0.0	0.0	1.0
holdout	antagonistic_two_part	13004	target	rank1_shrink05	1	0.6496749141137539	0.8571428571428572	0.0	1	0.5	0.017443559446351786	0.18608898615879466	0.0	0.0	1.0
holdout	antagonistic_two_part	13004	reference	rank1_shrink05	1	0.8773995338754893	0.9888888888888889	0.0	1	0.5	0.017443559446351786	0.18608898615879466	0.0	0.0	1.0
holdout	antagonistic_two_part	13004	target	rank1_shrink10	2	0.6496749141137539	0.8571428571428572	0.0	1	1.0	0.023258079261802567	0.33145198154506417	0.0	0.0	1.0
holdout	antagonistic_two_part	13004	reference	rank1_shrink10	2	0.8773995338754893	0.9888888888888889	0.0	1	1.0	0.023258079261802567	0.33145198154506417	0.0	0.0	1.0
holdout	antagonistic_two_part	13004	target	rank2_shrink05	3	0.6496749141137539	0.8571428571428572	0.0	2	0.5	0.017572499980881173	0.18931249952202933	0.0	0.0	1.0
holdout	antagonistic_two_part	13004	reference	rank2_shrink05	3	0.8773995338754893	0.9888888888888889	0.0	2	0.5	0.017572499980881173	0.18931249952202933	0.0	0.0	1.0
holdout	antagonistic_two_part	13004	target	rank2_shrink10	4	0.6496749141137539	0.8571428571428572	0.0	2	1.0	0.023429999974508564	0.3357499993627141	0.0	0.0	1.0
holdout	antagonistic_two_part	13004	reference	rank2_shrink10	4	0.8773995338754893	0.9888888888888889	0.0	2	1.0	0.023429999974508564	0.3357499993627141	0.0	0.0	1.0
holdout	antagonistic_two_part	13004	target	rank3_shrink05	5	0.6496749141137539	0.8571428571428572	0.0	3	0.5	0.018369792814459607	0.20924482036149017	0.0	0.0	1.0
holdout	antagonistic_two_part	13004	reference	rank3_shrink05	5	0.8773995338754893	0.9888888888888889	0.0	3	0.5	0.018369792814459607	0.20924482036149017	0.0	0.0	1.0
holdout	antagonistic_two_part	13004	target	rank3_shrink10	6	0.6496749141137539	0.8571428571428572	0.0	3	1.0	0.02449305708594629	0.36232642714865726	0.0	0.0	1.0
holdout	antagonistic_two_part	13004	reference	rank3_shrink10	6	0.8773995338754893	0.9888888888888889	0.0	3	1.0	0.02449305708594629	0.36232642714865726	0.0	0.0	1.0
holdout	antagonistic_two_part	13005	target	raw_rc6_reference	0	0.8313414362333102	0.9	0.0	0	0.0	0.0	0.0	0.0	0.0	1.0
holdout	antagonistic_two_part	13005	reference	raw_rc6_reference	0	0.8884632741413971	0.9666666666666667	0.0	0	0.0	0.0	0.0	0.0	0.0	1.0
holdout	antagonistic_two_part	13005	target	rank1_shrink05	1	0.8313414362333102	0.9	0.0	1	0.5	0.01854110192879399	0.21352754821984976	0.0	0.0	1.0
holdout	antagonistic_two_part	13005	reference	rank1_shrink05	1	0.8884632741413971	0.9666666666666667	0.0	1	0.5	0.01854110192879399	0.21352754821984976	0.0	0.0	1.0
holdout	antagonistic_two_part	13005	target	rank1_shrink10	2	0.8313414362333102	0.9	0.0	1	1.0	0.024721469238392357	0.36803673095980893	0.0	0.0	1.0
holdout	antagonistic_two_part	13005	reference	rank1_shrink10	2	0.8884632741413971	0.9666666666666667	0.0	1	1.0	0.024721469238392357	0.36803673095980893	0.0	0.0	1.0
holdout	antagonistic_two_part	13005	target	rank2_shrink05	3	0.8313414362333102	0.9	0.0	2	0.5	0.018855060443156768	0.2213765110789192	0.0	0.0	1.0
holdout	antagonistic_two_part	13005	reference	rank2_shrink05	3	0.8884632741413971	0.9666666666666667	0.0	2	0.5	0.018855060443156768	0.2213765110789192	0.0	0.0	1.0
holdout	antagonistic_two_part	13005	target	rank2_shrink10	4	0.8313414362333102	0.9	0.0	2	1.0	0.025140080590876135	0.3785020147719034	0.0	0.0	1.0
holdout	antagonistic_two_part	13005	reference	rank2_shrink10	4	0.8884632741413971	0.9666666666666667	0.0	2	1.0	0.025140080590876135	0.3785020147719034	0.0	0.0	1.0
holdout	antagonistic_two_part	13005	target	rank3_shrink05	5	0.8313414362333102	0.9	0.0	3	0.5	0.01957909949725989	0.23947748743149722	0.0	0.0	1.0
holdout	antagonistic_two_part	13005	reference	rank3_shrink05	5	0.8884632741413971	0.9666666666666667	0.0	3	0.5	0.01957909949725989	0.23947748743149722	0.0	0.0	1.0
holdout	antagonistic_two_part	13005	target	rank3_shrink10	6	0.8313414362333102	0.9	0.0	3	1.0	0.026105465996346333	0.4026366499086583	0.0	0.0	1.0
holdout	antagonistic_two_part	13005	reference	rank3_shrink10	6	0.8884632741413971	0.9666666666666667	0.0	3	1.0	0.026105465996346333	0.4026366499086583	0.0	0.0	1.0
holdout	antagonistic_two_part	13006	target	raw_rc6_reference	0	0.6610253069181242	0.7551020408163265	0.0	0	0.0	0.0	0.0	0.0	0.0	1.0
holdout	antagonistic_two_part	13006	reference	raw_rc6_reference	0	0.7964866506018384	1.0	0.0	0	0.0	0.0	0.0	0.0	0.0	1.0
holdout	antagonistic_two_part	13006	target	rank1_shrink05	1	0.6610253069181242	0.7551020408163265	0.0	1	0.5	0.019164484110427593	0.22911210276068983	0.0	0.0	1.0
holdout	antagonistic_two_part	13006	reference	rank1_shrink05	1	0.7964866506018384	1.0	0.0	1	0.5	0.019164484110427593	0.22911210276068983	0.0	0.0	1.0
holdout	antagonistic_two_part	13006	target	rank1_shrink10	2	0.6610253069181242	0.7551020408163265	0.0	1	1.0	0.02555264548057057	0.3888161370142642	0.0	0.0	1.0
holdout	antagonistic_two_part	13006	reference	rank1_shrink10	2	0.7964866506018384	1.0	0.0	1	1.0	0.02555264548057057	0.3888161370142642	0.0	0.0	1.0
holdout	antagonistic_two_part	13006	target	rank2_shrink05	3	0.6610253069181242	0.7551020408163265	0.0	2	0.5	0.019445101865095293	0.23612754662738233	0.0	0.0	1.0
holdout	antagonistic_two_part	13006	reference	rank2_shrink05	3	0.7964866506018384	1.0	0.0	2	0.5	0.019445101865095293	0.23612754662738233	0.0	0.0	1.0
holdout	antagonistic_two_part	13006	target	rank2_shrink10	4	0.6610253069181242	0.7551020408163265	0.0	2	1.0	0.02592680248679402	0.39817006216985046	0.0	0.0	1.0
holdout	antagonistic_two_part	13006	reference	rank2_shrink10	4	0.7964866506018384	1.0	0.0	2	1.0	0.02592680248679402	0.39817006216985046	0.0	0.0	1.0
holdout	antagonistic_two_part	13006	target	rank3_shrink05	5	0.6610253069181242	0.7551020408163265	0.0	3	0.5	0.019612908035851695	0.24032270089629237	0.0	0.0	1.0
holdout	antagonistic_two_part	13006	reference	rank3_shrink05	5	0.7964866506018384	1.0	0.0	3	0.5	0.019612908035851695	0.24032270089629237	0.0	0.0	1.0
holdout	antagonistic_two_part	13006	target	rank3_shrink10	6	0.6610253069181242	0.7551020408163265	0.0	3	1.0	0.02615054404780237	0.4037636011950592	0.0	0.0	1.0
holdout	antagonistic_two_part	13006	reference	rank3_shrink10	6	0.7964866506018384	1.0	0.0	3	1.0	0.02615054404780237	0.4037636011950592	0.0	0.0	1.0
holdout	antagonistic_two_part	13007	target	raw_rc6_reference	0	0.8171778741187071	0.8777777777777778	0.0	0	0.0	0.0	0.0	0.0	0.0	1.0
holdout	antagonistic_two_part	13007	reference	raw_rc6_reference	0	0.6970465845237422	0.8555555555555556	0.0	0	0.0	0.0	0.0	0.0	0.0	1.0
holdout	antagonistic_two_part	13007	target	rank1_shrink05	1	0.8171778741187071	0.8777777777777778	0.0	1	0.5	0.018340490729683023	0.20851226824207558	0.0	0.0	1.0
holdout	antagonistic_two_part	13007	reference	rank1_shrink05	1	0.6970465845237422	0.8555555555555556	0.0	1	0.5	0.018340490729683023	0.20851226824207558	0.0	0.0	1.0
holdout	antagonistic_two_part	13007	target	rank1_shrink10	2	0.8171778741187071	0.8777777777777778	0.0	1	1.0	0.024453987639577734	0.36134969098944336	0.0	0.0	1.0
holdout	antagonistic_two_part	13007	reference	rank1_shrink10	2	0.6970465845237422	0.8555555555555556	0.0	1	1.0	0.024453987639577734	0.36134969098944336	0.0	0.0	1.0
holdout	antagonistic_two_part	13007	target	rank2_shrink05	3	0.8171778741187071	0.8777777777777778	0.0	2	0.5	0.01852661161117286	0.21316529027932152	0.0	0.0	1.0
holdout	antagonistic_two_part	13007	reference	rank2_shrink05	3	0.6970465845237422	0.8555555555555556	0.0	2	0.5	0.01852661161117286	0.21316529027932152	0.0	0.0	1.0
holdout	antagonistic_two_part	13007	target	rank2_shrink10	4	0.8171778741187071	0.8777777777777778	0.0	2	1.0	0.024702148814896963	0.36755372037242406	0.0	0.0	1.0
holdout	antagonistic_two_part	13007	reference	rank2_shrink10	4	0.6970465845237422	0.8555555555555556	0.0	2	1.0	0.024702148814896963	0.36755372037242406	0.0	0.0	1.0
holdout	antagonistic_two_part	13007	target	rank3_shrink05	5	0.8171778741187071	0.8777777777777778	0.0	3	0.5	0.01882886319254251	0.22072157981356277	0.0	0.0	1.0
holdout	antagonistic_two_part	13007	reference	rank3_shrink05	5	0.6970465845237422	0.8555555555555556	0.0	3	0.5	0.01882886319254251	0.22072157981356277	0.0	0.0	1.0
holdout	antagonistic_two_part	13007	target	rank3_shrink10	6	0.8171778741187071	0.8777777777777778	0.0	3	1.0	0.025105150923390163	0.37762877308475407	0.0	0.0	1.0
holdout	antagonistic_two_part	13007	reference	rank3_shrink10	6	0.6970465845237422	0.8555555555555556	0.0	3	1.0	0.025105150923390163	0.37762877308475407	0.0	0.0	1.0
holdout	antagonistic_two_part	13008	target	raw_rc6_reference	0	0.6944424284836199	0.8673469387755102	0.0	0	0.0	0.0	0.0	0.0	0.0	1.0
holdout	antagonistic_two_part	13008	reference	raw_rc6_reference	0	0.8365294843659659	0.9081632653061225	0.0	0	0.0	0.0	0.0	0.0	0.0	1.0
holdout	antagonistic_two_part	13008	target	rank1_shrink05	1	0.6944424284836199	0.8673469387755102	0.0	1	0.5	0.018384406807247622	0.20961017018119055	0.0	0.0	1.0
holdout	antagonistic_two_part	13008	reference	rank1_shrink05	1	0.8365294843659659	0.9081632653061225	0.0	1	0.5	0.018384406807247622	0.20961017018119055	0.0	0.0	1.0
holdout	antagonistic_two_part	13008	target	rank1_shrink10	2	0.6944424284836199	0.8673469387755102	0.0	1	1.0	0.02451254240966383	0.3628135602415957	0.0	0.0	1.0
holdout	antagonistic_two_part	13008	reference	rank1_shrink10	2	0.8365294843659659	0.9081632653061225	0.0	1	1.0	0.02451254240966383	0.3628135602415957	0.0	0.0	1.0
holdout	antagonistic_two_part	13008	target	rank2_shrink05	3	0.6944424284836199	0.8673469387755102	0.0	2	0.5	0.0185701813593524	0.21425453398381	0.0	0.0	1.0
holdout	antagonistic_two_part	13008	reference	rank2_shrink05	3	0.8365294843659659	0.9081632653061225	0.0	2	0.5	0.0185701813593524	0.21425453398381	0.0	0.0	1.0
holdout	antagonistic_two_part	13008	target	rank2_shrink10	4	0.6944424284836199	0.8673469387755102	0.0	2	1.0	0.024760241812470496	0.3690060453117624	0.0	0.0	1.0
holdout	antagonistic_two_part	13008	reference	rank2_shrink10	4	0.8365294843659659	0.9081632653061225	0.0	2	1.0	0.024760241812470496	0.3690060453117624	0.0	0.0	1.0
holdout	antagonistic_two_part	13008	target	rank3_shrink05	5	0.6944424284836199	0.8673469387755102	0.0	3	0.5	0.01940480885855589	0.23512022146389722	0.0	0.0	1.0
holdout	antagonistic_two_part	13008	reference	rank3_shrink05	5	0.8365294843659659	0.9081632653061225	0.0	3	0.5	0.01940480885855589	0.23512022146389722	0.0	0.0	1.0
holdout	antagonistic_two_part	13008	target	rank3_shrink10	6	0.6944424284836199	0.8673469387755102	0.0	3	1.0	0.025873078478074962	0.396826961951874	0.0	0.0	1.0
holdout	antagonistic_two_part	13008	reference	rank3_shrink10	6	0.8365294843659659	0.9081632653061225	0.0	3	1.0	0.025873078478074962	0.396826961951874	0.0	0.0	1.0
holdout	antagonistic_two_part	13009	target	raw_rc6_reference	0	0.6025952370017409	0.8666666666666667	0.0	0	0.0	0.0	0.0	0.0	0.0	1.0
holdout	antagonistic_two_part	13009	reference	raw_rc6_reference	0	0.8370742773148665	0.9888888888888889	0.0	0	0.0	0.0	0.0	0.0	0.0	1.0
holdout	antagonistic_two_part	13009	target	rank1_shrink05	1	0.6025952370017409	0.8666666666666667	0.0	1	0.5	0.015895580963433686	0.14738952408584216	0.0	0.0	1.0
holdout	antagonistic_two_part	13009	reference	rank1_shrink05	1	0.8370742773148665	0.9888888888888889	0.0	1	0.5	0.015895580963433686	0.14738952408584216	0.0	0.0	1.0
holdout	antagonistic_two_part	13009	target	rank1_shrink10	2	0.6025952370017409	0.8666666666666667	0.0	1	1.0	0.02119410795124499	0.27985269878112473	0.0	0.0	1.0
holdout	antagonistic_two_part	13009	reference	rank1_shrink10	2	0.8370742773148665	0.9888888888888889	0.0	1	1.0	0.02119410795124499	0.27985269878112473	0.0	0.0	1.0
holdout	antagonistic_two_part	13009	target	rank2_shrink05	3	0.6025952370017409	0.8666666666666667	0.0	2	0.5	0.016359625657976995	0.15899064144942487	0.0	0.0	1.0
holdout	antagonistic_two_part	13009	reference	rank2_shrink05	3	0.8370742773148665	0.9888888888888889	0.0	2	0.5	0.016359625657976995	0.15899064144942487	0.0	0.0	1.0
holdout	antagonistic_two_part	13009	target	rank2_shrink10	4	0.6025952370017409	0.8666666666666667	0.0	2	1.0	0.0218128342106364	0.29532085526591	0.0	0.0	1.0
holdout	antagonistic_two_part	13009	reference	rank2_shrink10	4	0.8370742773148665	0.9888888888888889	0.0	2	1.0	0.0218128342106364	0.29532085526591	0.0	0.0	1.0
holdout	antagonistic_two_part	13009	target	rank3_shrink05	5	0.6025952370017409	0.8666666666666667	0.0	3	0.5	0.016774086158697354	0.16935215396743386	0.0	0.0	1.0
holdout	antagonistic_two_part	13009	reference	rank3_shrink05	5	0.8370742773148665	0.9888888888888889	0.0	3	0.5	0.016774086158697354	0.16935215396743386	0.0	0.0	1.0
holdout	antagonistic_two_part	13009	target	rank3_shrink10	6	0.6025952370017409	0.8666666666666667	0.0	3	1.0	0.02236544821159625	0.30913620528990626	0.0	0.0	1.0
holdout	antagonistic_two_part	13009	reference	rank3_shrink10	6	0.8370742773148665	0.9888888888888889	0.0	3	1.0	0.02236544821159625	0.30913620528990626	0.0	0.0	1.0
holdout	antagonistic_two_part	13010	target	raw_rc6_reference	0	0.8138098600693476	0.8333333333333333	0.0	0	0.0	0.0	0.0	0.0	0.0	1.0
holdout	antagonistic_two_part	13010	reference	raw_rc6_reference	0	0.83833757308654	1.0	0.0	0	0.0	0.0	0.0	0.0	0.0	1.0
holdout	antagonistic_two_part	13010	target	rank1_shrink05	1	0.8138098600693476	0.8333333333333333	0.0	1	0.5	0.017688854873956994	0.19222137184892485	0.0	0.0	1.0
holdout	antagonistic_two_part	13010	reference	rank1_shrink05	1	0.83833757308654	1.0	0.0	1	0.5	0.017688854873956994	0.19222137184892485	0.0	0.0	1.0
holdout	antagonistic_two_part	13010	target	rank1_shrink10	2	0.8138098600693476	0.8333333333333333	0.0	1	1.0	0.02358513983194266	0.33962849579856647	0.0	0.0	1.0
holdout	antagonistic_two_part	13010	reference	rank1_shrink10	2	0.83833757308654	1.0	0.0	1	1.0	0.02358513983194266	0.33962849579856647	0.0	0.0	1.0
holdout	antagonistic_two_part	13010	target	rank2_shrink05	3	0.8138098600693476	0.8333333333333333	0.0	2	0.5	0.018021701591831807	0.20054253979579517	0.0	0.0	1.0
holdout	antagonistic_two_part	13010	reference	rank2_shrink05	3	0.83833757308654	1.0	0.0	2	0.5	0.018021701591831807	0.20054253979579517	0.0	0.0	1.0
holdout	antagonistic_two_part	13010	target	rank2_shrink10	4	0.8138098600693476	0.8333333333333333	0.0	2	1.0	0.024028935455776	0.35072338639440004	0.0	0.0	1.0
holdout	antagonistic_two_part	13010	reference	rank2_shrink10	4	0.83833757308654	1.0	0.0	2	1.0	0.024028935455776	0.35072338639440004	0.0	0.0	1.0
holdout	antagonistic_two_part	13010	target	rank3_shrink05	5	0.8138098600693476	0.8333333333333333	0.0	3	0.5	0.018654116740984716	0.2163529185246179	0.0	0.0	1.0
holdout	antagonistic_two_part	13010	reference	rank3_shrink05	5	0.83833757308654	1.0	0.0	3	0.5	0.018654116740984716	0.2163529185246179	0.0	0.0	1.0
holdout	antagonistic_two_part	13010	target	rank3_shrink10	6	0.8138098600693476	0.8333333333333333	0.0	3	1.0	0.02487215565464662	0.37180389136616554	0.0	0.0	1.0
holdout	antagonistic_two_part	13010	reference	rank3_shrink10	6	0.83833757308654	1.0	0.0	3	1.0	0.02487215565464662	0.37180389136616554	0.0	0.0	1.0
holdout	antagonistic_two_part	13011	target	raw_rc6_reference	0	0.8463570365345305	0.9111111111111112	0.0	0	0.0	0.0	0.0	0.0	0.0	1.0
holdout	antagonistic_two_part	13011	reference	raw_rc6_reference	0	0.8379976925675915	0.9888888888888889	0.0	0	0.0	0.0	0.0	0.0	0.0	1.0
holdout	antagonistic_two_part	13011	target	rank1_shrink05	1	0.8463570365345305	0.9111111111111112	0.0	1	0.5	0.01856934156636114	0.21423353915902854	0.0	0.0	1.0
holdout	antagonistic_two_part	13011	reference	rank1_shrink05	1	0.8379976925675915	0.9888888888888889	0.0	1	0.5	0.01856934156636114	0.21423353915902854	0.0	0.0	1.0
holdout	antagonistic_two_part	13011	target	rank1_shrink10	2	0.8463570365345305	0.9111111111111112	0.0	1	1.0	0.024759122088481633	0.36897805221204083	0.0	0.0	1.0
holdout	antagonistic_two_part	13011	reference	rank1_shrink10	2	0.8379976925675915	0.9888888888888889	0.0	1	1.0	0.024759122088481633	0.36897805221204083	0.0	0.0	1.0
holdout	antagonistic_two_part	13011	target	rank2_shrink05	3	0.8463570365345305	0.9111111111111112	0.0	2	0.5	0.019110932460199348	0.2277733115049837	0.0	0.0	1.0
holdout	antagonistic_two_part	13011	reference	rank2_shrink05	3	0.8379976925675915	0.9888888888888889	0.0	2	0.5	0.019110932460199348	0.2277733115049837	0.0	0.0	1.0
holdout	antagonistic_two_part	13011	target	rank2_shrink10	4	0.8463570365345305	0.9111111111111112	0.0	2	1.0	0.02548124328026602	0.3870310820066505	0.0	0.0	1.0
holdout	antagonistic_two_part	13011	reference	rank2_shrink10	4	0.8379976925675915	0.9888888888888889	0.0	2	1.0	0.02548124328026602	0.3870310820066505	0.0	0.0	1.0
holdout	antagonistic_two_part	13011	target	rank3_shrink05	5	0.8463570365345305	0.9111111111111112	0.0	3	0.5	0.01940548208895443	0.23513705222386072	0.0	0.0	1.0
holdout	antagonistic_two_part	13011	reference	rank3_shrink05	5	0.8379976925675915	0.9888888888888889	0.0	3	0.5	0.01940548208895443	0.23513705222386072	0.0	0.0	1.0
holdout	antagonistic_two_part	13011	target	rank3_shrink10	6	0.8463570365345305	0.9111111111111112	0.0	3	1.0	0.025873976118606312	0.39684940296515775	0.0	0.0	1.0
holdout	antagonistic_two_part	13011	reference	rank3_shrink10	6	0.8379976925675915	0.9888888888888889	0.0	3	1.0	0.025873976118606312	0.39684940296515775	0.0	0.0	1.0
holdout	antagonistic_two_part	13012	target	raw_rc6_reference	0	0.8894765263749388	0.9903846153846154	0.0	0	0.0	0.0	0.0	0.0	0.0	1.0
holdout	antagonistic_two_part	13012	reference	raw_rc6_reference	0	0.8580758262711624	0.9888888888888889	0.0	0	0.0	0.0	0.0	0.0	0.0	1.0
holdout	antagonistic_two_part	13012	target	rank1_shrink05	1	0.8894765263749388	0.9903846153846154	0.0	1	0.5	0.02345496759481147	0.3363741898702868	0.0	0.0	1.0
holdout	antagonistic_two_part	13012	reference	rank1_shrink05	1	0.8580758262711624	0.9888888888888889	0.0	1	0.5	0.02345496759481147	0.3363741898702868	0.0	0.0	1.0
holdout	antagonistic_two_part	13012	target	rank1_shrink10	2	0.8894765263749388	0.9903846153846154	0.0	1	1.0	0.031273290126415554	0.5318322531603887	0.0	0.0	1.0
holdout	antagonistic_two_part	13012	reference	rank1_shrink10	2	0.8580758262711624	0.9888888888888889	0.0	1	1.0	0.031273290126415554	0.5318322531603887	0.0	0.0	1.0
holdout	antagonistic_two_part	13012	target	rank2_shrink05	3	0.8894765263749388	0.9903846153846154	0.0	2	0.5	0.02363362059378893	0.3408405148447232	0.0	0.0	1.0
holdout	antagonistic_two_part	13012	reference	rank2_shrink05	3	0.8580758262711624	0.9888888888888889	0.0	2	0.5	0.02363362059378893	0.3408405148447232	0.0	0.0	1.0
holdout	antagonistic_two_part	13012	target	rank2_shrink10	4	0.8894765263749388	0.9903846153846154	0.0	2	1.0	0.031511494125052386	0.5377873531263095	0.0	0.0	1.0
holdout	antagonistic_two_part	13012	reference	rank2_shrink10	4	0.8580758262711624	0.9888888888888889	0.0	2	1.0	0.031511494125052386	0.5377873531263095	0.0	0.0	1.0
holdout	antagonistic_two_part	13012	target	rank3_shrink05	5	0.8894765263749388	0.9903846153846154	0.0	3	0.5	0.023768791528110178	0.34421978820275445	0.0	0.0	1.0
holdout	antagonistic_two_part	13012	reference	rank3_shrink05	5	0.8580758262711624	0.9888888888888889	0.0	3	0.5	0.023768791528110178	0.34421978820275445	0.0	0.0	1.0
holdout	antagonistic_two_part	13012	target	rank3_shrink10	6	0.8894765263749388	0.9903846153846154	0.0	3	1.0	0.03169172203748061	0.5422930509370151	0.0	0.0	1.0
holdout	antagonistic_two_part	13012	reference	rank3_shrink10	6	0.8580758262711624	0.9888888888888889	0.0	3	1.0	0.03169172203748061	0.5422930509370151	0.0	0.0	1.0
holdout	global_null	13001	target	raw_rc6_reference	0			0.14285714285714285	0	0.0	0.0	0.0	0.0	0.0062611806797853164	1.0
holdout	global_null	13001	reference	raw_rc6_reference	0			0.42857142857142855	0	0.0	0.0	0.0	0.0	0.0062611806797853164	1.0
holdout	global_null	13001	target	rank1_shrink05	1			0.14285714285714285	1	0.5	0.00022393837419965035	0.0	0.0	0.0062611806797853164	1.0
holdout	global_null	13001	reference	rank1_shrink05	1			0.42857142857142855	1	0.5	0.00022393837419965035	0.0	0.0	0.0062611806797853164	1.0
holdout	global_null	13001	target	rank1_shrink10	2			0.14285714285714285	1	1.0	0.0002985844989328301	0.0	0.0	0.0062611806797853164	1.0
holdout	global_null	13001	reference	rank1_shrink10	2			0.42857142857142855	1	1.0	0.0002985844989328301	0.0	0.0	0.0062611806797853164	1.0
holdout	global_null	13001	target	rank2_shrink05	3			0.14285714285714285	2	0.5	0.00038767066343947665	0.0	0.0	0.0062611806797853164	1.0
holdout	global_null	13001	reference	rank2_shrink05	3			0.42857142857142855	2	0.5	0.00038767066343947665	0.0	0.0	0.0062611806797853164	1.0
holdout	global_null	13001	target	rank2_shrink10	4			0.14285714285714285	2	1.0	0.0005168942179196723	0.0	0.0	0.0062611806797853164	1.0
holdout	global_null	13001	reference	rank2_shrink10	4			0.42857142857142855	2	1.0	0.0005168942179196723	0.0	0.0	0.0062611806797853164	1.0
holdout	global_null	13001	target	rank3_shrink05	5			0.14285714285714285	3	0.5	0.0006741526036403434	0.0	0.0	0.0062611806797853164	1.0
holdout	global_null	13001	reference	rank3_shrink05	5			0.42857142857142855	3	0.5	0.0006741526036403434	0.0	0.0	0.0062611806797853164	1.0
holdout	global_null	13001	target	rank3_shrink10	6			0.14285714285714285	3	1.0	0.0008988701381871245	0.0	0.0	0.0062611806797853164	1.0
holdout	global_null	13001	reference	rank3_shrink10	6			0.42857142857142855	3	1.0	0.0008988701381871245	0.0	0.0	0.0062611806797853164	1.0
holdout	global_null	13002	target	raw_rc6_reference	0			0.19047619047619047	0	0.0	0.0	0.0	0.0	0.016473731077471077	1.0
holdout	global_null	13002	reference	raw_rc6_reference	0			0.0	0	0.0	0.0	0.0	0.0	0.016473731077471077	1.0
holdout	global_null	13002	target	rank1_shrink05	1			0.19047619047619047	1	0.5	0.000758136212194116	0.0	0.0	0.016473731077471077	1.0
holdout	global_null	13002	reference	rank1_shrink05	1			0.0	1	0.5	0.000758136212194116	0.0	0.0	0.016473731077471077	1.0
holdout	global_null	13002	target	rank1_shrink10	2			0.19047619047619047	1	1.0	0.001010848282925636	0.0	0.0	0.016473731077471077	1.0
holdout	global_null	13002	reference	rank1_shrink10	2			0.0	1	1.0	0.001010848282925636	0.0	0.0	0.016473731077471077	1.0
holdout	global_null	13002	target	rank2_shrink05	3			0.19047619047619047	2	0.5	0.0012397183681933654	0.0	0.0	0.016473731077471077	1.0
holdout	global_null	13002	reference	rank2_shrink05	3			0.0	2	0.5	0.0012397183681933654	0.0	0.0	0.016473731077471077	1.0
holdout	global_null	13002	target	rank2_shrink10	4			0.19047619047619047	2	1.0	0.0016529578242581167	0.0	0.0	0.016473731077471077	1.0
holdout	global_null	13002	reference	rank2_shrink10	4			0.0	2	1.0	0.0016529578242581167	0.0	0.0	0.016473731077471077	1.0
holdout	global_null	13002	target	rank3_shrink05	5			0.19047619047619047	3	0.5	0.0012889628804789721	0.0	0.0	0.016473731077471077	1.0
holdout	global_null	13002	reference	rank3_shrink05	5			0.0	3	0.5	0.0012889628804789721	0.0	0.0	0.016473731077471077	1.0
holdout	global_null	13002	target	rank3_shrink10	6			0.19047619047619047	3	1.0	0.0017186171739722589	0.0	0.0	0.016473731077471077	1.0
holdout	global_null	13002	reference	rank3_shrink10	6			0.0	3	1.0	0.0017186171739722589	0.0	0.0	0.016473731077471077	1.0
holdout	global_null	13003	target	raw_rc6_reference	0			0.19047619047619047	0	0.0	0.0	0.0	0.011111111111111072	0.018164435946462665	1.0
holdout	global_null	13003	reference	raw_rc6_reference	0			0.19047619047619047	0	0.0	0.0	0.0	0.011111111111111072	0.018164435946462665	1.0
holdout	global_null	13003	target	rank1_shrink05	1			0.19047619047619047	1	0.5	8.929603702401145e-05	0.0	0.011111111111111072	0.018164435946462665	1.0
holdout	global_null	13003	reference	rank1_shrink05	1			0.19047619047619047	1	0.5	8.929603702401145e-05	0.0	0.011111111111111072	0.018164435946462665	1.0
holdout	global_null	13003	target	rank1_shrink10	2			0.19047619047619047	1	1.0	0.00011906138269879296	0.0	0.011111111111111072	0.018164435946462665	1.0
holdout	global_null	13003	reference	rank1_shrink10	2			0.19047619047619047	1	1.0	0.00011906138269879296	0.0	0.011111111111111072	0.018164435946462665	1.0
holdout	global_null	13003	target	rank2_shrink05	3			0.19047619047619047	2	0.5	0.0007551409479507054	0.0	0.011111111111111072	0.018164435946462665	1.0
holdout	global_null	13003	reference	rank2_shrink05	3			0.19047619047619047	2	0.5	0.0007551409479507054	0.0	0.011111111111111072	0.018164435946462665	1.0
holdout	global_null	13003	target	rank2_shrink10	4			0.19047619047619047	2	1.0	0.0010068545972675702	0.0	0.011111111111111072	0.018164435946462665	1.0
holdout	global_null	13003	reference	rank2_shrink10	4			0.19047619047619047	2	1.0	0.0010068545972675702	0.0	0.011111111111111072	0.018164435946462665	1.0
holdout	global_null	13003	target	rank3_shrink05	5			0.19047619047619047	3	0.5	0.00086382751440639	0.0	0.011111111111111072	0.018164435946462665	1.0
holdout	global_null	13003	reference	rank3_shrink05	5			0.19047619047619047	3	0.5	0.00086382751440639	0.0	0.011111111111111072	0.018164435946462665	1.0
holdout	global_null	13003	target	rank3_shrink10	6			0.19047619047619047	3	1.0	0.001151770019208409	0.0	0.011111111111111072	0.018164435946462665	1.0
holdout	global_null	13003	reference	rank3_shrink10	6			0.19047619047619047	3	1.0	0.001151770019208409	0.0	0.011111111111111072	0.018164435946462665	1.0
holdout	global_null	13004	target	raw_rc6_reference	0			0.0	0	0.0	0.0	0.0	0.005555555555555536	0.008355321020228623	1.0
holdout	global_null	13004	reference	raw_rc6_reference	0			0.0	0	0.0	0.0	0.0	0.005555555555555536	0.008355321020228623	1.0
holdout	global_null	13004	target	rank1_shrink05	1			0.0	1	0.5	0.00025332738450023484	0.0	0.005555555555555536	0.008355321020228623	1.0
holdout	global_null	13004	reference	rank1_shrink05	1			0.0	1	0.5	0.00025332738450023484	0.0	0.005555555555555536	0.008355321020228623	1.0
holdout	global_null	13004	target	rank1_shrink10	2			0.0	1	1.0	0.00033776984600053517	0.0	0.005555555555555536	0.008355321020228623	1.0
holdout	global_null	13004	reference	rank1_shrink10	2			0.0	1	1.0	0.00033776984600053517	0.0	0.005555555555555536	0.008355321020228623	1.0
holdout	global_null	13004	target	rank2_shrink05	3			0.0	2	0.5	0.0006741067462122663	0.0	0.005555555555555536	0.008355321020228623	1.0
holdout	global_null	13004	reference	rank2_shrink05	3			0.0	2	0.5	0.0006741067462122663	0.0	0.005555555555555536	0.008355321020228623	1.0
holdout	global_null	13004	target	rank2_shrink10	4			0.0	2	1.0	0.0008988089949503175	0.0	0.005555555555555536	0.008355321020228623	1.0
holdout	global_null	13004	reference	rank2_shrink10	4			0.0	2	1.0	0.0008988089949503175	0.0	0.005555555555555536	0.008355321020228623	1.0
holdout	global_null	13004	target	rank3_shrink05	5			0.0	3	0.5	0.0007553993182373153	0.0	0.005555555555555536	0.008355321020228623	1.0
holdout	global_null	13004	reference	rank3_shrink05	5			0.0	3	0.5	0.0007553993182373153	0.0	0.005555555555555536	0.008355321020228623	1.0
holdout	global_null	13004	target	rank3_shrink10	6			0.0	3	1.0	0.001007199090983124	0.0	0.005555555555555536	0.008355321020228623	1.0
holdout	global_null	13004	reference	rank3_shrink10	6			0.0	3	1.0	0.001007199090983124	0.0	0.005555555555555536	0.008355321020228623	1.0
holdout	global_null	13005	target	raw_rc6_reference	0			0.2857142857142857	0	0.0	0.0	0.0	0.0	0.0004436557231588534	1.0
holdout	global_null	13005	reference	raw_rc6_reference	0			0.3333333333333333	0	0.0	0.0	0.0	0.0	0.0004436557231588534	1.0
holdout	global_null	13005	target	rank1_shrink05	1			0.2857142857142857	1	0.5	0.0005360100207323359	0.0	0.0	0.0004436557231588534	1.0
holdout	global_null	13005	reference	rank1_shrink05	1			0.3333333333333333	1	0.5	0.0005360100207323359	0.0	0.0	0.0004436557231588534	1.0
holdout	global_null	13005	target	rank1_shrink10	2			0.2857142857142857	1	1.0	0.0007146800276428555	0.0	0.0	0.0004436557231588534	1.0
holdout	global_null	13005	reference	rank1_shrink10	2			0.3333333333333333	1	1.0	0.0007146800276428555	0.0	0.0	0.0004436557231588534	1.0
holdout	global_null	13005	target	rank2_shrink05	3			0.2857142857142857	2	0.5	0.0007079670579051012	0.0	0.0	0.0004436557231588534	1.0
holdout	global_null	13005	reference	rank2_shrink05	3			0.3333333333333333	2	0.5	0.0007079670579051012	0.0	0.0	0.0004436557231588534	1.0
holdout	global_null	13005	target	rank2_shrink10	4			0.2857142857142857	2	1.0	0.0009439560772066535	0.0	0.0	0.0004436557231588534	1.0
holdout	global_null	13005	reference	rank2_shrink10	4			0.3333333333333333	2	1.0	0.0009439560772066535	0.0	0.0	0.0004436557231588534	1.0
holdout	global_null	13005	target	rank3_shrink05	5			0.2857142857142857	3	0.5	0.00145839568774353	0.0	0.0	0.0004436557231588534	1.0
holdout	global_null	13005	reference	rank3_shrink05	5			0.3333333333333333	3	0.5	0.00145839568774353	0.0	0.0	0.0004436557231588534	1.0
holdout	global_null	13005	target	rank3_shrink10	6			0.2857142857142857	3	1.0	0.001944527583658151	0.0	0.0	0.0004436557231588534	1.0
holdout	global_null	13005	reference	rank3_shrink10	6			0.3333333333333333	3	1.0	0.001944527583658151	0.0	0.0	0.0004436557231588534	1.0
holdout	global_null	13006	target	raw_rc6_reference	0			0.14285714285714285	0	0.0	0.0	0.0	0.033333333333333215	0.0024154589371980784	1.0
holdout	global_null	13006	reference	raw_rc6_reference	0			0.14285714285714285	0	0.0	0.0	0.0	0.033333333333333215	0.0024154589371980784	1.0
holdout	global_null	13006	target	rank1_shrink05	1			0.14285714285714285	1	0.5	0.00028207307234995316	0.0	0.033333333333333215	0.0024154589371980784	1.0
holdout	global_null	13006	reference	rank1_shrink05	1			0.14285714285714285	1	0.5	0.00028207307234995316	0.0	0.033333333333333215	0.0024154589371980784	1.0
holdout	global_null	13006	target	rank1_shrink10	2			0.14285714285714285	1	1.0	0.00037609742980038163	0.0	0.033333333333333215	0.0024154589371980784	1.0
holdout	global_null	13006	reference	rank1_shrink10	2			0.14285714285714285	1	1.0	0.00037609742980038163	0.0	0.033333333333333215	0.0024154589371980784	1.0
holdout	global_null	13006	target	rank2_shrink05	3			0.14285714285714285	2	0.5	0.0008744750364724219	0.0	0.033333333333333215	0.0024154589371980784	1.0
holdout	global_null	13006	reference	rank2_shrink05	3			0.14285714285714285	2	0.5	0.0008744750364724219	0.0	0.033333333333333215	0.0024154589371980784	1.0
holdout	global_null	13006	target	rank2_shrink10	4			0.14285714285714285	2	1.0	0.0011659667152967845	0.0	0.033333333333333215	0.0024154589371980784	1.0
holdout	global_null	13006	reference	rank2_shrink10	4			0.14285714285714285	2	1.0	0.0011659667152967845	0.0	0.033333333333333215	0.0024154589371980784	1.0
holdout	global_null	13006	target	rank3_shrink05	5			0.14285714285714285	3	0.5	0.0011433558488815887	0.0	0.033333333333333215	0.0024154589371980784	1.0
holdout	global_null	13006	reference	rank3_shrink05	5			0.14285714285714285	3	0.5	0.0011433558488815887	0.0	0.033333333333333215	0.0024154589371980784	1.0
holdout	global_null	13006	target	rank3_shrink10	6			0.14285714285714285	3	1.0	0.0015244744651756736	0.0	0.033333333333333215	0.0024154589371980784	1.0
holdout	global_null	13006	reference	rank3_shrink10	6			0.14285714285714285	3	1.0	0.0015244744651756736	0.0	0.033333333333333215	0.0024154589371980784	1.0
holdout	global_null	13007	target	raw_rc6_reference	0			0.0	0	0.0	0.0	0.0	0.0	0.019930675909878737	1.0
holdout	global_null	13007	reference	raw_rc6_reference	0			0.14285714285714285	0	0.0	0.0	0.0	0.0	0.019930675909878737	1.0
holdout	global_null	13007	target	rank1_shrink05	1			0.0	1	0.5	0.0003776237842760821	0.0	0.0	0.019930675909878737	1.0
holdout	global_null	13007	reference	rank1_shrink05	1			0.14285714285714285	1	0.5	0.0003776237842760821	0.0	0.0	0.019930675909878737	1.0
holdout	global_null	13007	target	rank1_shrink10	2			0.0	1	1.0	0.0005034983790347392	0.0	0.0	0.019930675909878737	1.0
holdout	global_null	13007	reference	rank1_shrink10	2			0.14285714285714285	1	1.0	0.0005034983790347392	0.0	0.0	0.019930675909878737	1.0
holdout	global_null	13007	target	rank2_shrink05	3			0.0	2	0.5	0.0005827254278751859	0.0	0.0	0.019930675909878737	1.0
holdout	global_null	13007	reference	rank2_shrink05	3			0.14285714285714285	2	0.5	0.0005827254278751859	0.0	0.0	0.019930675909878737	1.0
holdout	global_null	13007	target	rank2_shrink10	4			0.0	2	1.0	0.0007769672371668035	0.0	0.0	0.019930675909878737	1.0
holdout	global_null	13007	reference	rank2_shrink10	4			0.14285714285714285	2	1.0	0.0007769672371668035	0.0	0.0	0.019930675909878737	1.0
holdout	global_null	13007	target	rank3_shrink05	5			0.0	3	0.5	0.0013045745683765153	0.0	0.0	0.019930675909878737	1.0
holdout	global_null	13007	reference	rank3_shrink05	5			0.14285714285714285	3	0.5	0.0013045745683765153	0.0	0.0	0.019930675909878737	1.0
holdout	global_null	13007	target	rank3_shrink10	6			0.0	3	1.0	0.0017394327578353908	0.0	0.0	0.019930675909878737	1.0
holdout	global_null	13007	reference	rank3_shrink10	6			0.14285714285714285	3	1.0	0.0017394327578353908	0.0	0.0	0.019930675909878737	1.0
holdout	global_null	13008	target	raw_rc6_reference	0			0.38095238095238093	0	0.0	0.0	0.0	0.0	0.009400179051029522	1.0
holdout	global_null	13008	reference	raw_rc6_reference	0			0.23809523809523808	0	0.0	0.0	0.0	0.0	0.009400179051029522	1.0
holdout	global_null	13008	target	rank1_shrink05	1			0.38095238095238093	1	0.5	0.0010620509551538815	0.0	0.0	0.009400179051029522	1.0
holdout	global_null	13008	reference	rank1_shrink05	1			0.23809523809523808	1	0.5	0.0010620509551538815	0.0	0.0	0.009400179051029522	1.0
holdout	global_null	13008	target	rank1_shrink10	2			0.38095238095238093	1	1.0	0.0014160679402054344	0.0	0.0	0.009400179051029522	1.0
holdout	global_null	13008	reference	rank1_shrink10	2			0.23809523809523808	1	1.0	0.0014160679402054344	0.0	0.0	0.009400179051029522	1.0
holdout	global_null	13008	target	rank2_shrink05	3			0.38095238095238093	2	0.5	0.0010625746813556214	0.0	0.0	0.009400179051029522	1.0
holdout	global_null	13008	reference	rank2_shrink05	3			0.23809523809523808	2	0.5	0.0010625746813556214	0.0	0.0	0.009400179051029522	1.0
holdout	global_null	13008	target	rank2_shrink10	4			0.38095238095238093	2	1.0	0.0014167662418076432	0.0	0.0	0.009400179051029522	1.0
holdout	global_null	13008	reference	rank2_shrink10	4			0.23809523809523808	2	1.0	0.0014167662418076432	0.0	0.0	0.009400179051029522	1.0
holdout	global_null	13008	target	rank3_shrink05	5			0.38095238095238093	3	0.5	0.001539564320922615	0.0	0.0	0.009400179051029522	1.0
holdout	global_null	13008	reference	rank3_shrink05	5			0.23809523809523808	3	0.5	0.001539564320922615	0.0	0.0	0.009400179051029522	1.0
holdout	global_null	13008	target	rank3_shrink10	6			0.38095238095238093	3	1.0	0.002052752427896598	0.0	0.0	0.009400179051029522	1.0
holdout	global_null	13008	reference	rank3_shrink10	6			0.23809523809523808	3	1.0	0.002052752427896598	0.0	0.0	0.009400179051029522	1.0
holdout	global_null	13009	target	raw_rc6_reference	0			0.19047619047619047	0	0.0	0.0	0.0	0.05370370370370381	0.0061403508771930015	1.0
holdout	global_null	13009	reference	raw_rc6_reference	0			0.14285714285714285	0	0.0	0.0	0.0	0.05370370370370381	0.0061403508771930015	1.0
holdout	global_null	13009	target	rank1_shrink05	1			0.19047619047619047	1	0.5	0.0001209369123018611	0.0	0.05370370370370381	0.0061403508771930015	1.0
holdout	global_null	13009	reference	rank1_shrink05	1			0.14285714285714285	1	0.5	0.0001209369123018611	0.0	0.05370370370370381	0.0061403508771930015	1.0
holdout	global_null	13009	target	rank1_shrink10	2			0.19047619047619047	1	1.0	0.0001612492164027035	0.0	0.05370370370370381	0.0061403508771930015	1.0
holdout	global_null	13009	reference	rank1_shrink10	2			0.14285714285714285	1	1.0	0.0001612492164027035	0.0	0.05370370370370381	0.0061403508771930015	1.0
holdout	global_null	13009	target	rank2_shrink05	3			0.19047619047619047	2	0.5	0.00013857365260627752	0.0	0.05370370370370381	0.0061403508771930015	1.0
holdout	global_null	13009	reference	rank2_shrink05	3			0.14285714285714285	2	0.5	0.00013857365260627752	0.0	0.05370370370370381	0.0061403508771930015	1.0
holdout	global_null	13009	target	rank2_shrink10	4			0.19047619047619047	2	1.0	0.00018476487014207343	0.0	0.05370370370370381	0.0061403508771930015	1.0
holdout	global_null	13009	reference	rank2_shrink10	4			0.14285714285714285	2	1.0	0.00018476487014207343	0.0	0.05370370370370381	0.0061403508771930015	1.0
holdout	global_null	13009	target	rank3_shrink05	5			0.19047619047619047	3	0.5	0.0002981524452260187	0.0	0.05370370370370381	0.0061403508771930015	1.0
holdout	global_null	13009	reference	rank3_shrink05	5			0.14285714285714285	3	0.5	0.0002981524452260187	0.0	0.05370370370370381	0.0061403508771930015	1.0
holdout	global_null	13009	target	rank3_shrink10	6			0.19047619047619047	3	1.0	0.0003975365936348396	0.0	0.05370370370370381	0.0061403508771930015	1.0
holdout	global_null	13009	reference	rank3_shrink10	6			0.14285714285714285	3	1.0	0.0003975365936348396	0.0	0.05370370370370381	0.0061403508771930015	1.0
holdout	global_null	13010	target	raw_rc6_reference	0			0.0	0	0.0	0.0	0.0	0.02592592592592613	0.0	1.0
holdout	global_null	13010	reference	raw_rc6_reference	0			0.0	0	0.0	0.0	0.0	0.02592592592592613	0.0	1.0
holdout	global_null	13010	target	rank1_shrink05	1			0.0	1	0.5	4.721637387761213e-05	0.0	0.02592592592592613	0.0	1.0
holdout	global_null	13010	reference	rank1_shrink05	1			0.0	1	0.5	4.721637387761213e-05	0.0	0.02592592592592613	0.0	1.0
holdout	global_null	13010	target	rank1_shrink10	2			0.0	1	1.0	6.295516517040856e-05	0.0	0.02592592592592613	0.0	1.0
holdout	global_null	13010	reference	rank1_shrink10	2			0.0	1	1.0	6.295516517040856e-05	0.0	0.02592592592592613	0.0	1.0
holdout	global_null	13010	target	rank2_shrink05	3			0.0	2	0.5	0.0008461752992473537	0.0	0.02592592592592613	0.0	1.0
holdout	global_null	13010	reference	rank2_shrink05	3			0.0	2	0.5	0.0008461752992473537	0.0	0.02592592592592613	0.0	1.0
holdout	global_null	13010	target	rank2_shrink10	4			0.0	2	1.0	0.001128233732330064	0.0	0.02592592592592613	0.0	1.0
holdout	global_null	13010	reference	rank2_shrink10	4			0.0	2	1.0	0.001128233732330064	0.0	0.02592592592592613	0.0	1.0
holdout	global_null	13010	target	rank3_shrink05	5			0.0	3	0.5	0.0008721848615645955	0.0	0.02592592592592613	0.0	1.0
holdout	global_null	13010	reference	rank3_shrink05	5			0.0	3	0.5	0.0008721848615645955	0.0	0.02592592592592613	0.0	1.0
holdout	global_null	13010	target	rank3_shrink10	6			0.0	3	1.0	0.0011629131487532751	0.0	0.02592592592592613	0.0	1.0
holdout	global_null	13010	reference	rank3_shrink10	6			0.0	3	1.0	0.0011629131487532751	0.0	0.02592592592592613	0.0	1.0
holdout	global_null	13011	target	raw_rc6_reference	0			0.3333333333333333	0	0.0	0.0	0.0	0.0	0.005376344086021501	1.0
holdout	global_null	13011	reference	raw_rc6_reference	0			0.0	0	0.0	0.0	0.0	0.0	0.005376344086021501	1.0
holdout	global_null	13011	target	rank1_shrink05	1			0.3333333333333333	1	0.5	4.0250826003340734e-05	0.0	0.0	0.005376344086021501	1.0
holdout	global_null	13011	reference	rank1_shrink05	1			0.0	1	0.5	4.0250826003340734e-05	0.0	0.0	0.005376344086021501	1.0
holdout	global_null	13011	target	rank1_shrink10	2			0.3333333333333333	1	1.0	5.366776800475037e-05	0.0	0.0	0.005376344086021501	1.0
holdout	global_null	13011	reference	rank1_shrink10	2			0.0	1	1.0	5.366776800475037e-05	0.0	0.0	0.005376344086021501	1.0
holdout	global_null	13011	target	rank2_shrink05	3			0.3333333333333333	2	0.5	0.0003128769881521887	0.0	0.0	0.005376344086021501	1.0
holdout	global_null	13011	reference	rank2_shrink05	3			0.0	2	0.5	0.0003128769881521887	0.0	0.0	0.005376344086021501	1.0
holdout	global_null	13011	target	rank2_shrink10	4			0.3333333333333333	2	1.0	0.0004171693175365476	0.0	0.0	0.005376344086021501	1.0
holdout	global_null	13011	reference	rank2_shrink10	4			0.0	2	1.0	0.0004171693175365476	0.0	0.0	0.005376344086021501	1.0
holdout	global_null	13011	target	rank3_shrink05	5			0.3333333333333333	3	0.5	0.0004888529452422574	0.0	0.0	0.005376344086021501	1.0
holdout	global_null	13011	reference	rank3_shrink05	5			0.0	3	0.5	0.0004888529452422574	0.0	0.0	0.005376344086021501	1.0
holdout	global_null	13011	target	rank3_shrink10	6			0.3333333333333333	3	1.0	0.0006518039269901577	0.0	0.0	0.005376344086021501	1.0
holdout	global_null	13011	reference	rank3_shrink10	6			0.0	3	1.0	0.0006518039269901577	0.0	0.0	0.005376344086021501	1.0
holdout	global_null	13012	target	raw_rc6_reference	0			0.0	0	0.0	0.0	0.0	0.03518518518518521	0.021114106019766377	1.0
holdout	global_null	13012	reference	raw_rc6_reference	0			0.09523809523809523	0	0.0	0.0	0.0	0.03518518518518521	0.021114106019766377	1.0
holdout	global_null	13012	target	rank1_shrink05	1			0.0	1	0.5	0.0003006759429585726	0.0	0.03518518518518521	0.021114106019766377	1.0
holdout	global_null	13012	reference	rank1_shrink05	1			0.09523809523809523	1	0.5	0.0003006759429585726	0.0	0.03518518518518521	0.021114106019766377	1.0
holdout	global_null	13012	target	rank1_shrink10	2			0.0	1	1.0	0.0004009012572780968	0.0	0.03518518518518521	0.021114106019766377	1.0
holdout	global_null	13012	reference	rank1_shrink10	2			0.09523809523809523	1	1.0	0.0004009012572780968	0.0	0.03518518518518521	0.021114106019766377	1.0
holdout	global_null	13012	target	rank2_shrink05	3			0.0	2	0.5	0.0003243137694871612	0.0	0.03518518518518521	0.021114106019766377	1.0
holdout	global_null	13012	reference	rank2_shrink05	3			0.09523809523809523	2	0.5	0.0003243137694871612	0.0	0.03518518518518521	0.021114106019766377	1.0
holdout	global_null	13012	target	rank2_shrink10	4			0.0	2	1.0	0.0004324183593162889	0.0	0.03518518518518521	0.021114106019766377	1.0
holdout	global_null	13012	reference	rank2_shrink10	4			0.09523809523809523	2	1.0	0.0004324183593162889	0.0	0.03518518518518521	0.021114106019766377	1.0
holdout	global_null	13012	target	rank3_shrink05	5			0.0	3	0.5	0.0004583343379291893	0.0	0.03518518518518521	0.021114106019766377	1.0
holdout	global_null	13012	reference	rank3_shrink05	5			0.09523809523809523	3	0.5	0.0004583343379291893	0.0	0.03518518518518521	0.021114106019766377	1.0
holdout	global_null	13012	target	rank3_shrink10	6			0.0	3	1.0	0.0006111124505724375	0.0	0.03518518518518521	0.021114106019766377	1.0
holdout	global_null	13012	reference	rank3_shrink10	6			0.09523809523809523	3	1.0	0.0006111124505724375	0.0	0.03518518518518521	0.021114106019766377	1.0
