study_id	sample_id	dataset_id	dataset	resource_mode	universe_mode	method	auroc	average_precision	precision	sensitivity	specificity	f1	mcc	true_positive	false_positive	true_negative	false_negative	n_predicted_positive	decision_cutoff_oriented	decision_rule	auprc	auprc_definition	score_direction	truth_universe_edges	matched_score_edges	evaluable_edges	truth_coverage_fraction	score_match_fraction	truth_positive_edges	truth_negative_edges	evaluable_positive_edges	evaluable_negative_edges	positive_coverage_fraction	negative_coverage_fraction	n_unlabeled_score_rows	top_k_requested	oriented_score_threshold_requested	missing_score_policy	status	reason_code	raw_returned_edges	raw_absent_edges_filled_worst	raw_returned_positive_edges	raw_returned_negative_edges	raw_positive_return_fraction	missing_score_policy_ipf	balanced_auprc
GSE122960	IPF_01	GSE122960_IPF_01_IPF_8cell	GSE122960_IPF_01_IPF_8cell	H-common	H-common_representable	CRYCHIC availability-state	0.7907782238771817	0.3770452895628486	0.4716981132075472	0.4716981132075472	0.9691289966923924	0.4716981132075472	0.4408271098999397	25	28	879	28	53	0.0452523883959955	top_k_tie_expanded	0.3770452895628486	average_precision_step_integral_tie_aware	higher	960	960	960	1.0	1.0	53	907	53	907	1.0	1.0	0	53		exclude_and_report_coverage_never_impute_zero	observed		960	0	53	907	1.0	paper_absent_prediction_ranked_after_returned	0.8131818823623987
GSE122960	IPF_01	GSE122960_IPF_01_IPF_8cell	GSE122960_IPF_01_IPF_8cell	H-common	H-common_representable	CellChat composite	0.6108360550019762	0.204318211924344	0.0552083333333333	1.0	0.0	0.104639684106614		53	907	0	0	960	-0.999904910469844	top_k_tie_expanded	0.204318211924344	average_precision_step_integral_tie_aware	higher	960	960	960	1.0	1.0	53	907	53	907	1.0	1.0	0	53		exclude_and_report_coverage_never_impute_zero	observed		16	944	12	4	0.2264150943396226	paper_absent_prediction_ranked_after_returned	0.6078230579692845
GSE122960	IPF_01	GSE122960_IPF_01_IPF_8cell	GSE122960_IPF_01_IPF_8cell	H-common	H-common_representable	CellChat p-value	0.6110024755049822	0.2125196540880503	0.0552083333333333	1.0	0.0	0.104639684106614		53	907	0	0	960	-1.0	top_k_tie_expanded	0.2125196540880503	average_precision_step_integral_tie_aware	higher	960	960	960	1.0	1.0	53	907	53	907	1.0	1.0	0	53		exclude_and_report_coverage_never_impute_zero	observed		960	0	53	907	1.0	paper_absent_prediction_ranked_after_returned	0.6094256686709517
GSE122960	IPF_01	GSE122960_IPF_01_IPF_8cell	GSE122960_IPF_01_IPF_8cell	H-common	H-common_representable	CellPhoneDB composite	0.7088577312724927	0.2272735433122553	0.4339622641509434	0.4339622641509434	0.9669239250275634	0.4339622641509434	0.4008861891785067	23	30	877	30	53	0.1959984749555587	top_k_tie_expanded	0.2272735433122553	average_precision_step_integral_tie_aware	higher	960	960	960	1.0	1.0	53	907	53	907	1.0	1.0	0	53		exclude_and_report_coverage_never_impute_zero	observed		56	904	24	32	0.4528301886792453	paper_absent_prediction_ranked_after_returned	0.6928172773149055
GSE122960	IPF_01	GSE122960_IPF_01_IPF_8cell	GSE122960_IPF_01_IPF_8cell	H-common	H-common_representable	CellPhoneDB p-value	0.7239499906388467	0.2333946062626549	0.4181818181818181	0.4339622641509434	0.9647188533627344	0.4259259259259259	0.3917974552619843	23	32	875	30	55	-0.0	top_k_tie_expanded	0.2333946062626549	average_precision_step_integral_tie_aware	higher	960	960	960	1.0	1.0	53	907	53	907	1.0	1.0	0	53		exclude_and_report_coverage_never_impute_zero	observed		960	0	53	907	1.0	paper_absent_prediction_ranked_after_returned	0.7055786818358349
GSE122960	IPF_01	GSE122960_IPF_01_IPF_8cell	GSE122960_IPF_01_IPF_8cell	H-common	H-common_representable	Connectome specificity	0.7249277110940068	0.2929807658728212	0.4339622641509434	0.4339622641509434	0.9669239250275634	0.4339622641509434	0.4008861891785067	23	30	877	30	53	0.2703637241857037	top_k_tie_expanded	0.2929807658728212	average_precision_step_integral_tie_aware	higher	960	960	960	1.0	1.0	53	907	53	907	1.0	1.0	0	53		exclude_and_report_coverage_never_impute_zero	observed		960	0	53	907	1.0	paper_absent_prediction_ranked_after_returned	0.7189518273275745
GSE122960	IPF_01	GSE122960_IPF_01_IPF_8cell	GSE122960_IPF_01_IPF_8cell	H-common	H-common_representable	LIANA magnitude consensus	0.7236067483513969	0.2359135990473802	0.3962264150943396	0.3962264150943396	0.9647188533627344	0.3962264150943396	0.3609452684570739	21	32	875	32	53	-0.0547396861057083	top_k_tie_expanded	0.2359135990473802	average_precision_step_integral_tie_aware	higher	960	960	960	1.0	1.0	53	907	53	907	1.0	1.0	0	53		exclude_and_report_coverage_never_impute_zero	observed		960	0	53	907	1.0	paper_absent_prediction_ranked_after_returned	0.7094311730856202
GSE122960	IPF_01	GSE122960_IPF_01_IPF_8cell	GSE122960_IPF_01_IPF_8cell	H-common	H-common_representable	LIANA specificity consensus	0.7253437623515218	0.2775529330385405	0.4339622641509434	0.4339622641509434	0.9669239250275634	0.4339622641509434	0.4008861891785067	23	30	877	30	53	-0.0001213761257065	top_k_tie_expanded	0.2775529330385405	average_precision_step_integral_tie_aware	higher	960	960	960	1.0	1.0	53	907	53	907	1.0	1.0	0	53		exclude_and_report_coverage_never_impute_zero	observed		960	0	53	907	1.0	paper_absent_prediction_ranked_after_returned	0.7177233109726177
GSE122960	IPF_01	GSE122960_IPF_01_IPF_8cell	GSE122960_IPF_01_IPF_8cell	H-common	H-common_representable	NATMI specificity	0.7230554804351896	0.2499401133544481	0.3962264150943396	0.3962264150943396	0.9647188533627344	0.3962264150943396	0.3609452684570739	21	32	875	32	53	0.0409630164504051	top_k_tie_expanded	0.2499401133544481	average_precision_step_integral_tie_aware	higher	960	960	960	1.0	1.0	53	907	53	907	1.0	1.0	0	53		exclude_and_report_coverage_never_impute_zero	observed		960	0	53	907	1.0	paper_absent_prediction_ranked_after_returned	0.7111872541010736
GSE122960	IPF_01	GSE122960_IPF_01_IPF_8cell	GSE122960_IPF_01_IPF_8cell	H-common	H-common_representable	SingleCellSignalR LRscore	0.7241892201119178	0.2526869412865368	0.4150943396226415	0.4150943396226415	0.9658213891951488	0.4150943396226415	0.3809157288177903	22	31	876	31	53	0.6203514933586121	top_k_tie_expanded	0.2526869412865368	average_precision_step_integral_tie_aware	higher	960	960	960	1.0	1.0	53	907	53	907	1.0	1.0	0	53		exclude_and_report_coverage_never_impute_zero	observed		66	894	26	40	0.490566037735849	paper_absent_prediction_ranked_after_returned	0.7148710631312428
GSE122960	IPF_01	GSE122960_IPF_01_IPF_8cell	GSE122960_IPF_01_IPF_8cell	H-common	H-common_representable	logFC specificity	0.7225562189261717	0.2377470556990733	0.3773584905660377	0.3773584905660377	0.9636163175303196	0.3773584905660377	0.3409748080963575	20	33	874	33	53	0.2112254202365875	top_k_tie_expanded	0.2377470556990733	average_precision_step_integral_tie_aware	higher	960	960	960	1.0	1.0	53	907	53	907	1.0	1.0	0	53		exclude_and_report_coverage_never_impute_zero	observed		960	0	53	907	1.0	paper_absent_prediction_ranked_after_returned	0.716510945229991
GSE122960	IPF_02	GSE122960_IPF_02_IPF_8cell	GSE122960_IPF_02_IPF_8cell	H-common	H-common_representable	CRYCHIC availability-state	0.7608017307732312	0.2236805383706254	0.320754716981132	0.320754716981132	0.960308710033076	0.320754716981132	0.2810634270142081	17	36	871	36	53	0.0288007583876256	top_k_tie_expanded	0.2236805383706254	average_precision_step_integral_tie_aware	higher	960	960	960	1.0	1.0	53	907	53	907	1.0	1.0	0	53		exclude_and_report_coverage_never_impute_zero	observed		960	0	53	907	1.0	paper_absent_prediction_ranked_after_returned	0.7674727366700961
GSE122960	IPF_02	GSE122960_IPF_02_IPF_8cell	GSE122960_IPF_02_IPF_8cell	H-common	H-common_representable	CellChat composite	0.5437581910091324	0.0897608157042119	0.0552083333333333	1.0	0.0	0.104639684106614		53	907	0	0	960	-0.9999449218279196	top_k_tie_expanded	0.0897608157042119	average_precision_step_integral_tie_aware	higher	960	960	960	1.0	1.0	53	907	53	907	1.0	1.0	0	53		exclude_and_report_coverage_never_impute_zero	observed		11	949	5	6	0.0943396226415094	paper_absent_prediction_ranked_after_returned	0.5424438454627135
GSE122960	IPF_02	GSE122960_IPF_02_IPF_8cell	GSE122960_IPF_02_IPF_8cell	H-common	H-common_representable	CellChat p-value	0.543862203823511	0.0928816466552315	0.0552083333333333	1.0	0.0	0.104639684106614		53	907	0	0	960	-1.0	top_k_tie_expanded	0.0928816466552315	average_precision_step_integral_tie_aware	higher	960	960	960	1.0	1.0	53	907	53	907	1.0	1.0	0	53		exclude_and_report_coverage_never_impute_zero	observed		960	0	53	907	1.0	paper_absent_prediction_ranked_after_returned	0.5422282120395328
GSE122960	IPF_02	GSE122960_IPF_02_IPF_8cell	GSE122960_IPF_02_IPF_8cell	H-common	H-common_representable	CellPhoneDB composite	0.6434232697468328	0.1379117860922462	0.0552083333333333	1.0	0.0	0.104639684106614		53	907	0	0	960	-0.931547150015831	top_k_tie_expanded	0.1379117860922462	average_precision_step_integral_tie_aware	higher	960	960	960	1.0	1.0	53	907	53	907	1.0	1.0	0	53		exclude_and_report_coverage_never_impute_zero	observed		45	915	17	28	0.320754716981132	paper_absent_prediction_ranked_after_returned	0.6349704457569085
GSE122960	IPF_02	GSE122960_IPF_02_IPF_8cell	GSE122960_IPF_02_IPF_8cell	H-common	H-common_representable	CellPhoneDB p-value	0.6621247737721287	0.1769212381628125	0.0552083333333333	1.0	0.0	0.104639684106614		53	907	0	0	960	-1.0	top_k_tie_expanded	0.1769212381628125	average_precision_step_integral_tie_aware	higher	960	960	960	1.0	1.0	53	907	53	907	1.0	1.0	0	53		exclude_and_report_coverage_never_impute_zero	observed		960	0	53	907	1.0	paper_absent_prediction_ranked_after_returned	0.6479990918237
GSE122960	IPF_02	GSE122960_IPF_02_IPF_8cell	GSE122960_IPF_02_IPF_8cell	H-common	H-common_representable	Connectome specificity	0.6799317675937675	0.2189895035086986	0.3962264150943396	0.3962264150943396	0.9647188533627344	0.3962264150943396	0.3609452684570739	21	32	875	32	53	0.1002592792041365	top_k_tie_expanded	0.2189895035086986	average_precision_step_integral_tie_aware	higher	960	960	960	1.0	1.0	53	907	53	907	1.0	1.0	0	53		exclude_and_report_coverage_never_impute_zero	observed		960	0	53	907	1.0	paper_absent_prediction_ranked_after_returned	0.6768536103922358
GSE122960	IPF_02	GSE122960_IPF_02_IPF_8cell	GSE122960_IPF_02_IPF_8cell	H-common	H-common_representable	LIANA magnitude consensus	0.6774146574858022	0.1645964787996152	0.3773584905660377	0.3773584905660377	0.9636163175303196	0.3773584905660377	0.3409748080963575	20	33	874	33	53	-0.042607340754671	top_k_tie_expanded	0.1645964787996152	average_precision_step_integral_tie_aware	higher	960	960	960	1.0	1.0	53	907	53	907	1.0	1.0	0	53		exclude_and_report_coverage_never_impute_zero	observed		960	0	53	907	1.0	paper_absent_prediction_ranked_after_returned	0.6606548044092213
GSE122960	IPF_02	GSE122960_IPF_02_IPF_8cell	GSE122960_IPF_02_IPF_8cell	H-common	H-common_representable	LIANA specificity consensus	0.6795365188991284	0.1990827379046062	0.3584905660377358	0.3584905660377358	0.9625137816979052	0.3584905660377358	0.321004347735641	19	34	873	34	53	-0.0058433421231659	top_k_tie_expanded	0.1990827379046062	average_precision_step_integral_tie_aware	higher	960	960	960	1.0	1.0	53	907	53	907	1.0	1.0	0	53		exclude_and_report_coverage_never_impute_zero	observed		960	0	53	907	1.0	paper_absent_prediction_ranked_after_returned	0.6655445150406541
GSE122960	IPF_02	GSE122960_IPF_02_IPF_8cell	GSE122960_IPF_02_IPF_8cell	H-common	H-common_representable	NATMI specificity	0.6796821368392586	0.2080135083584149	0.3962264150943396	0.3962264150943396	0.9647188533627344	0.3962264150943396	0.3609452684570739	21	32	875	32	53	0.0161970015615224	top_k_tie_expanded	0.2080135083584149	average_precision_step_integral_tie_aware	higher	960	960	960	1.0	1.0	53	907	53	907	1.0	1.0	0	53		exclude_and_report_coverage_never_impute_zero	observed		960	0	53	907	1.0	paper_absent_prediction_ranked_after_returned	0.6730034253561302
GSE122960	IPF_02	GSE122960_IPF_02_IPF_8cell	GSE122960_IPF_02_IPF_8cell	H-common	H-common_representable	SingleCellSignalR LRscore	0.67776830105469	0.1726986041856717	0.3773584905660377	0.3773584905660377	0.9636163175303196	0.3773584905660377	0.3409748080963575	20	33	874	33	53	0.5641816258430481	top_k_tie_expanded	0.1726986041856717	average_precision_step_integral_tie_aware	higher	960	960	960	1.0	1.0	53	907	53	907	1.0	1.0	0	53		exclude_and_report_coverage_never_impute_zero	observed		55	905	21	34	0.3962264150943396	paper_absent_prediction_ranked_after_returned	0.6629002297482363
GSE122960	IPF_02	GSE122960_IPF_02_IPF_8cell	GSE122960_IPF_02_IPF_8cell	H-common	H-common_representable	logFC specificity	0.678829231761353	0.1789891572504696	0.3584905660377358	0.3584905660377358	0.9625137816979052	0.3584905660377358	0.321004347735641	19	34	873	34	53	-1.0512820482254028	top_k_tie_expanded	0.1789891572504696	average_precision_step_integral_tie_aware	higher	960	960	960	1.0	1.0	53	907	53	907	1.0	1.0	0	53		exclude_and_report_coverage_never_impute_zero	observed		960	0	53	907	1.0	paper_absent_prediction_ranked_after_returned	0.6685944572058464
GSE122960	IPF_03	GSE122960_IPF_03_IPF_8cell	GSE122960_IPF_03_IPF_8cell	H-common	H-common_representable	CRYCHIC availability-state	0.7562875746291943	0.2284647882029662	0.320754716981132	0.320754716981132	0.960308710033076	0.320754716981132	0.2810634270142081	17	36	871	36	53	0.0656683979287769	top_k_tie_expanded	0.2284647882029662	average_precision_step_integral_tie_aware	higher	960	960	960	1.0	1.0	53	907	53	907	1.0	1.0	0	53		exclude_and_report_coverage_never_impute_zero	observed		960	0	53	907	1.0	paper_absent_prediction_ranked_after_returned	0.7704671111507377
GSE122960	IPF_03	GSE122960_IPF_03_IPF_8cell	GSE122960_IPF_03_IPF_8cell	H-common	H-common_representable	CellChat composite	0.5702814586757089	0.1076525871926815	0.0552083333333333	1.0	0.0	0.104639684106614		53	907	0	0	960	-0.999990448790826	top_k_tie_expanded	0.1076525871926815	average_precision_step_integral_tie_aware	higher	960	960	960	1.0	1.0	53	907	53	907	1.0	1.0	0	53		exclude_and_report_coverage_never_impute_zero	observed		17	943	8	9	0.1509433962264151	paper_absent_prediction_ranked_after_returned	0.5627195063846006
GSE122960	IPF_03	GSE122960_IPF_03_IPF_8cell	GSE122960_IPF_03_IPF_8cell	H-common	H-common_representable	CellChat p-value	0.5702086497056438	0.127378144654088	0.0552083333333333	1.0	0.0	0.104639684106614		53	907	0	0	960	-1.0	top_k_tie_expanded	0.127378144654088	average_precision_step_integral_tie_aware	higher	960	960	960	1.0	1.0	53	907	53	907	1.0	1.0	0	53		exclude_and_report_coverage_never_impute_zero	observed		960	0	53	907	1.0	paper_absent_prediction_ranked_after_returned	0.5695010482180293
GSE122960	IPF_03	GSE122960_IPF_03_IPF_8cell	GSE122960_IPF_03_IPF_8cell	H-common	H-common_representable	CellPhoneDB composite	0.6264691810030996	0.136938724681136	0.0552083333333333	1.0	0.0	0.104639684106614		53	907	0	0	960	-0.9114547818899156	top_k_tie_expanded	0.136938724681136	average_precision_step_integral_tie_aware	higher	960	960	960	1.0	1.0	53	907	53	907	1.0	1.0	0	53		exclude_and_report_coverage_never_impute_zero	observed		42	918	15	27	0.2830188679245283	paper_absent_prediction_ranked_after_returned	0.6130165720170102
GSE122960	IPF_03	GSE122960_IPF_03_IPF_8cell	GSE122960_IPF_03_IPF_8cell	H-common	H-common_representable	CellPhoneDB p-value	0.6963553909841692	0.1864093712401718	0.3584905660377358	0.3584905660377358	0.9625137816979052	0.3584905660377358	0.321004347735641	19	34	873	34	53	-0.14	top_k_tie_expanded	0.1864093712401718	average_precision_step_integral_tie_aware	higher	960	960	960	1.0	1.0	53	907	53	907	1.0	1.0	0	53		exclude_and_report_coverage_never_impute_zero	observed		960	0	53	907	1.0	paper_absent_prediction_ranked_after_returned	0.6882876362497626
GSE122960	IPF_03	GSE122960_IPF_03_IPF_8cell	GSE122960_IPF_03_IPF_8cell	H-common	H-common_representable	Connectome specificity	0.7061221942543321	0.2561426532544886	0.3773584905660377	0.3773584905660377	0.9636163175303196	0.3773584905660377	0.3409748080963575	20	33	874	33	53	0.2052151145843576	top_k_tie_expanded	0.2561426532544886	average_precision_step_integral_tie_aware	higher	960	960	960	1.0	1.0	53	907	53	907	1.0	1.0	0	53		exclude_and_report_coverage_never_impute_zero	observed		960	0	53	907	1.0	paper_absent_prediction_ranked_after_returned	0.7159523540992963
GSE122960	IPF_03	GSE122960_IPF_03_IPF_8cell	GSE122960_IPF_03_IPF_8cell	H-common	H-common_representable	LIANA magnitude consensus	0.6982588254873	0.1591650936247582	0.3018867924528302	0.3018867924528302	0.9592061742006616	0.3018867924528302	0.2610929666534917	16	37	870	37	53	-0.0267596648137945	top_k_tie_expanded	0.1591650936247582	average_precision_step_integral_tie_aware	higher	960	960	960	1.0	1.0	53	907	53	907	1.0	1.0	0	53		exclude_and_report_coverage_never_impute_zero	observed		960	0	53	907	1.0	paper_absent_prediction_ranked_after_returned	0.6862266095892825
GSE122960	IPF_03	GSE122960_IPF_03_IPF_8cell	GSE122960_IPF_03_IPF_8cell	H-common	H-common_representable	LIANA specificity consensus	0.7027937841942127	0.2211343349604869	0.320754716981132	0.320754716981132	0.960308710033076	0.320754716981132	0.2810634270142081	17	36	871	36	53	-6.289696317382646e-05	top_k_tie_expanded	0.2211343349604869	average_precision_step_integral_tie_aware	higher	960	960	960	1.0	1.0	53	907	53	907	1.0	1.0	0	53		exclude_and_report_coverage_never_impute_zero	observed		960	0	53	907	1.0	paper_absent_prediction_ranked_after_returned	0.7089349377609918
GSE122960	IPF_03	GSE122960_IPF_03_IPF_8cell	GSE122960_IPF_03_IPF_8cell	H-common	H-common_representable	NATMI specificity	0.7021281021821888	0.2336793473278086	0.320754716981132	0.320754716981132	0.960308710033076	0.320754716981132	0.2810634270142081	17	36	871	36	53	0.0412676148116588	top_k_tie_expanded	0.2336793473278086	average_precision_step_integral_tie_aware	higher	960	960	960	1.0	1.0	53	907	53	907	1.0	1.0	0	53		exclude_and_report_coverage_never_impute_zero	observed		960	0	53	907	1.0	paper_absent_prediction_ranked_after_returned	0.7040230360080147
GSE122960	IPF_03	GSE122960_IPF_03_IPF_8cell	GSE122960_IPF_03_IPF_8cell	H-common	H-common_representable	SingleCellSignalR LRscore	0.7003806869006262	0.1634825107418504	0.3018867924528302	0.3018867924528302	0.9592061742006616	0.3018867924528302	0.2610929666534917	16	37	870	37	53	0.7221692800521851	top_k_tie_expanded	0.1634825107418504	average_precision_step_integral_tie_aware	higher	960	960	960	1.0	1.0	53	907	53	907	1.0	1.0	0	53		exclude_and_report_coverage_never_impute_zero	observed		119	841	26	93	0.490566037735849	paper_absent_prediction_ranked_after_returned	0.6824351224186859
GSE122960	IPF_03	GSE122960_IPF_03_IPF_8cell	GSE122960_IPF_03_IPF_8cell	H-common	H-common_representable	logFC specificity	0.7007031266252002	0.2095991271899819	0.3018867924528302	0.3018867924528302	0.9592061742006616	0.3018867924528302	0.2610929666534917	16	37	870	37	53	0.1638734340667724	top_k_tie_expanded	0.2095991271899819	average_precision_step_integral_tie_aware	higher	960	960	960	1.0	1.0	53	907	53	907	1.0	1.0	0	53		exclude_and_report_coverage_never_impute_zero	observed		960	0	53	907	1.0	paper_absent_prediction_ranked_after_returned	0.6971746883620469
GSE122960	IPF_04	GSE122960_IPF_04_IPF_8cell	GSE122960_IPF_04_IPF_8cell	H-common	H-common_representable	CRYCHIC availability-state	0.7681242329054939	0.320545481095579	0.3396226415094339	0.3396226415094339	0.9614112458654906	0.3396226415094339	0.3010338873749246	18	35	872	35	53	0.0035542271293084	top_k_tie_expanded	0.320545481095579	average_precision_step_integral_tie_aware	higher	960	960	960	1.0	1.0	53	907	53	907	1.0	1.0	0	53		exclude_and_report_coverage_never_impute_zero	observed		735	225	50	685	0.9433962264150944	paper_absent_prediction_ranked_after_returned	0.7752472513115353
GSE122960	IPF_04	GSE122960_IPF_04_IPF_8cell	GSE122960_IPF_04_IPF_8cell	H-common	H-common_representable	CellChat composite	0.5	0.0552083333333333	0.0552083333333333	1.0	0.0	0.104639684106614		53	907	0	0	960	-0.9964472126008014	top_k_tie_expanded	0.0552083333333333	average_precision_step_integral_tie_aware	higher	960	960	960	1.0	1.0	53	907	53	907	1.0	1.0	0	53		exclude_and_report_coverage_never_impute_zero	observed		0	960	0	0	0.0	paper_absent_prediction_ranked_after_returned	0.5
GSE122960	IPF_04	GSE122960_IPF_04_IPF_8cell	GSE122960_IPF_04_IPF_8cell	H-common	H-common_representable	CellChat p-value	0.6081629256724429	0.0699675352724544	0.0722135007849293	0.8679245283018868	0.3484013230429989	0.1333333333333333	0.1045632377604998	46	591	316	7	637	-1.0	top_k_tie_expanded	0.0699675352724544	average_precision_step_integral_tie_aware	higher	960	960	960	1.0	1.0	53	907	53	907	1.0	1.0	0	53		exclude_and_report_coverage_never_impute_zero	observed		637	323	46	591	0.8679245283018868	paper_absent_prediction_ranked_after_returned	0.5666802640044151
GSE122960	IPF_04	GSE122960_IPF_04_IPF_8cell	GSE122960_IPF_04_IPF_8cell	H-common	H-common_representable	CellPhoneDB composite	0.5734538495142601	0.183330525606469	0.0552083333333333	1.0	0.0	0.104639684106614		53	907	0	0	960	-0.8123592734336853	top_k_tie_expanded	0.183330525606469	average_precision_step_integral_tie_aware	higher	960	960	960	1.0	1.0	53	907	53	907	1.0	1.0	0	53		exclude_and_report_coverage_never_impute_zero	observed		12	948	8	4	0.1509433962264151	paper_absent_prediction_ranked_after_returned	0.5742562893081761
GSE122960	IPF_04	GSE122960_IPF_04_IPF_8cell	GSE122960_IPF_04_IPF_8cell	H-common	H-common_representable	CellPhoneDB p-value	0.6534709076158183	0.1614687564232712	0.0722135007849293	0.8679245283018868	0.3484013230429989	0.1333333333333333	0.1045632377604998	46	591	316	7	637	-1.0	top_k_tie_expanded	0.1614687564232712	average_precision_step_integral_tie_aware	higher	960	960	960	1.0	1.0	53	907	53	907	1.0	1.0	0	53		exclude_and_report_coverage_never_impute_zero	observed		637	323	46	591	0.8679245283018868	paper_absent_prediction_ranked_after_returned	0.6222217597063802
GSE122960	IPF_04	GSE122960_IPF_04_IPF_8cell	GSE122960_IPF_04_IPF_8cell	H-common	H-common_representable	Connectome specificity	0.6654531838322482	0.177244722784427	0.0722135007849293	0.8679245283018868	0.3484013230429989	0.1333333333333333	0.1045632377604998	46	591	316	7	637	-0.9812107288302068	top_k_tie_expanded	0.177244722784427	average_precision_step_integral_tie_aware	higher	960	960	960	1.0	1.0	53	907	53	907	1.0	1.0	0	53		exclude_and_report_coverage_never_impute_zero	observed		637	323	46	591	0.8679245283018868	paper_absent_prediction_ranked_after_returned	0.6364128549701324
GSE122960	IPF_04	GSE122960_IPF_04_IPF_8cell	GSE122960_IPF_04_IPF_8cell	H-common	H-common_representable	LIANA magnitude consensus	0.6655155915208754	0.1981200830882001	0.0722135007849293	0.8679245283018868	0.3484013230429989	0.1333333333333333	0.1045632377604998	46	591	316	7	637	-1.0	top_k_tie_expanded	0.1981200830882001	average_precision_step_integral_tie_aware	higher	960	960	960	1.0	1.0	53	907	53	907	1.0	1.0	0	53		exclude_and_report_coverage_never_impute_zero	observed		637	323	46	591	0.8679245283018868	paper_absent_prediction_ranked_after_returned	0.6394477328219679
GSE122960	IPF_04	GSE122960_IPF_04_IPF_8cell	GSE122960_IPF_04_IPF_8cell	H-common	H-common_representable	LIANA specificity consensus	0.6653907761436209	0.1652911195988593	0.0722135007849293	0.8679245283018868	0.3484013230429989	0.1333333333333333	0.1045632377604998	46	591	316	7	637	-1.0	top_k_tie_expanded	0.1652911195988593	average_precision_step_integral_tie_aware	higher	960	960	960	1.0	1.0	53	907	53	907	1.0	1.0	0	53		exclude_and_report_coverage_never_impute_zero	observed		637	323	46	591	0.8679245283018868	paper_absent_prediction_ranked_after_returned	0.6361114988799503
GSE122960	IPF_04	GSE122960_IPF_04_IPF_8cell	GSE122960_IPF_04_IPF_8cell	H-common	H-common_representable	NATMI specificity	0.6654947889579996	0.1863642196397729	0.0722135007849293	0.8679245283018868	0.3484013230429989	0.1333333333333333	0.1045632377604998	46	591	316	7	637	0.0040447344072163	top_k_tie_expanded	0.1863642196397729	average_precision_step_integral_tie_aware	higher	960	960	960	1.0	1.0	53	907	53	907	1.0	1.0	0	53		exclude_and_report_coverage_never_impute_zero	observed		637	323	46	591	0.8679245283018868	paper_absent_prediction_ranked_after_returned	0.6422044810235135
GSE122960	IPF_04	GSE122960_IPF_04_IPF_8cell	GSE122960_IPF_04_IPF_8cell	H-common	H-common_representable	SingleCellSignalR LRscore	0.6655155915208754	0.1955471842888862	0.0722135007849293	0.8679245283018868	0.3484013230429989	0.1333333333333333	0.1045632377604998	46	591	316	7	637	0.6917778253555298	top_k_tie_expanded	0.1955471842888862	average_precision_step_integral_tie_aware	higher	960	960	960	1.0	1.0	53	907	53	907	1.0	1.0	0	53		exclude_and_report_coverage_never_impute_zero	observed		637	323	46	591	0.8679245283018868	paper_absent_prediction_ranked_after_returned	0.6393711957637214
GSE122960	IPF_04	GSE122960_IPF_04_IPF_8cell	GSE122960_IPF_04_IPF_8cell	H-common	H-common_representable	logFC specificity	0.6653491710178694	0.1754956948977742	0.0722135007849293	0.8679245283018868	0.3484013230429989	0.1333333333333333	0.1045632377604998	46	591	316	7	637	-1.2387937307357788	top_k_tie_expanded	0.1754956948977742	average_precision_step_integral_tie_aware	higher	960	960	960	1.0	1.0	53	907	53	907	1.0	1.0	0	53		exclude_and_report_coverage_never_impute_zero	observed		637	323	46	591	0.8679245283018868	paper_absent_prediction_ranked_after_returned	0.6343044157822857
GSE128033	SC153IPFLOW	GSE128033_SC153IPFLOW_IPF_8cell	GSE128033_SC153IPFLOW_IPF_8cell	H-common	H-common_representable	CRYCHIC availability-state	0.7749786773730524	0.2235086836977871	0.3018867924528302	0.3018867924528302	0.9592061742006616	0.3018867924528302	0.2610929666534917	16	37	870	37	53	0.0227128942717372	top_k_tie_expanded	0.2235086836977871	average_precision_step_integral_tie_aware	higher	960	960	960	1.0	1.0	53	907	53	907	1.0	1.0	0	53		exclude_and_report_coverage_never_impute_zero	observed		960	0	53	907	1.0	paper_absent_prediction_ranked_after_returned	0.771386334037357
GSE128033	SC153IPFLOW	GSE128033_SC153IPFLOW_IPF_8cell	GSE128033_SC153IPFLOW_IPF_8cell	H-common	H-common_representable	CellChat composite	0.5155603170310582	0.0657036163522012	0.0552083333333333	1.0	0.0	0.104639684106614		53	907	0	0	960	-0.9996678588502635	top_k_tie_expanded	0.0657036163522012	average_precision_step_integral_tie_aware	higher	960	960	960	1.0	1.0	53	907	53	907	1.0	1.0	0	53		exclude_and_report_coverage_never_impute_zero	observed		8	952	2	6	0.0377358490566037	paper_absent_prediction_ranked_after_returned	0.5158490566037736
GSE128033	SC153IPFLOW	GSE128033_SC153IPFLOW_IPF_8cell	GSE128033_SC153IPFLOW_IPF_8cell	H-common	H-common_representable	CellChat p-value	0.5155603170310582	0.0625589622641509	0.0552083333333333	1.0	0.0	0.104639684106614		53	907	0	0	960	-1.0	top_k_tie_expanded	0.0625589622641509	average_precision_step_integral_tie_aware	higher	960	960	960	1.0	1.0	53	907	53	907	1.0	1.0	0	53		exclude_and_report_coverage_never_impute_zero	observed		960	0	53	907	1.0	paper_absent_prediction_ranked_after_returned	0.5145911949685535
GSE128033	SC153IPFLOW	GSE128033_SC153IPFLOW_IPF_8cell	GSE128033_SC153IPFLOW_IPF_8cell	H-common	H-common_representable	CellPhoneDB composite	0.6081421231095671	0.1103774580106978	0.0552083333333333	1.0	0.0	0.104639684106614		53	907	0	0	960	-0.9164769053459167	top_k_tie_expanded	0.1103774580106978	average_precision_step_integral_tie_aware	higher	960	960	960	1.0	1.0	53	907	53	907	1.0	1.0	0	53		exclude_and_report_coverage_never_impute_zero	observed		37	923	13	24	0.2452830188679245	paper_absent_prediction_ranked_after_returned	0.5930446502963517
GSE128033	SC153IPFLOW	GSE128033_SC153IPFLOW_IPF_8cell	GSE128033_SC153IPFLOW_IPF_8cell	H-common	H-common_representable	CellPhoneDB p-value	0.6261363399970876	0.1394537385662013	0.0552083333333333	1.0	0.0	0.104639684106614		53	907	0	0	960	-1.0	top_k_tie_expanded	0.1394537385662013	average_precision_step_integral_tie_aware	higher	960	960	960	1.0	1.0	53	907	53	907	1.0	1.0	0	53		exclude_and_report_coverage_never_impute_zero	observed		960	0	53	907	1.0	paper_absent_prediction_ranked_after_returned	0.6168509288852912
GSE128033	SC153IPFLOW	GSE128033_SC153IPFLOW_IPF_8cell	GSE128033_SC153IPFLOW_IPF_8cell	H-common	H-common_representable	Connectome specificity	0.6247841734101641	0.1208740493837761	0.0552083333333333	1.0	0.0	0.104639684106614		53	907	0	0	960	-1.0721461079414252	top_k_tie_expanded	0.1208740493837761	average_precision_step_integral_tie_aware	higher	960	960	960	1.0	1.0	53	907	53	907	1.0	1.0	0	53		exclude_and_report_coverage_never_impute_zero	observed		960	0	53	907	1.0	paper_absent_prediction_ranked_after_returned	0.6105280102286353
GSE128033	SC153IPFLOW	GSE128033_SC153IPFLOW_IPF_8cell	GSE128033_SC153IPFLOW_IPF_8cell	H-common	H-common_representable	LIANA magnitude consensus	0.6245761477814067	0.1193352496854214	0.0552083333333333	1.0	0.0	0.104639684106614		53	907	0	0	960	-1.0	top_k_tie_expanded	0.1193352496854214	average_precision_step_integral_tie_aware	higher	960	960	960	1.0	1.0	53	907	53	907	1.0	1.0	0	53		exclude_and_report_coverage_never_impute_zero	observed		960	0	53	907	1.0	paper_absent_prediction_ranked_after_returned	0.6085780549008468
GSE128033	SC153IPFLOW	GSE128033_SC153IPFLOW_IPF_8cell	GSE128033_SC153IPFLOW_IPF_8cell	H-common	H-common_representable	LIANA specificity consensus	0.6240768862723888	0.1116904723949801	0.0552083333333333	1.0	0.0	0.104639684106614		53	907	0	0	960	-1.0	top_k_tie_expanded	0.1116904723949801	average_precision_step_integral_tie_aware	higher	960	960	960	1.0	1.0	53	907	53	907	1.0	1.0	0	53		exclude_and_report_coverage_never_impute_zero	observed		960	0	53	907	1.0	paper_absent_prediction_ranked_after_returned	0.6010055678633794
GSE128033	SC153IPFLOW	GSE128033_SC153IPFLOW_IPF_8cell	GSE128033_SC153IPFLOW_IPF_8cell	H-common	H-common_representable	NATMI specificity	0.6245137400927794	0.1191082666335259	0.0552083333333333	1.0	0.0	0.104639684106614		53	907	0	0	960	0.0014923153212293	top_k_tie_expanded	0.1191082666335259	average_precision_step_integral_tie_aware	higher	960	960	960	1.0	1.0	53	907	53	907	1.0	1.0	0	53		exclude_and_report_coverage_never_impute_zero	observed		960	0	53	907	1.0	paper_absent_prediction_ranked_after_returned	0.6053784369095865
GSE128033	SC153IPFLOW	GSE128033_SC153IPFLOW_IPF_8cell	GSE128033_SC153IPFLOW_IPF_8cell	H-common	H-common_representable	SingleCellSignalR LRscore	0.6246385554700339	0.120158241788419	0.0552083333333333	1.0	0.0	0.104639684106614		53	907	0	0	960	-0.4957632422447204	top_k_tie_expanded	0.120158241788419	average_precision_step_integral_tie_aware	higher	960	960	960	1.0	1.0	53	907	53	907	1.0	1.0	0	53		exclude_and_report_coverage_never_impute_zero	observed		43	917	15	28	0.2830188679245283	paper_absent_prediction_ranked_after_returned	0.6061939416686992
GSE128033	SC153IPFLOW	GSE128033_SC153IPFLOW_IPF_8cell	GSE128033_SC153IPFLOW_IPF_8cell	H-common	H-common_representable	logFC specificity	0.6238688606436313	0.1113586075692643	0.0552083333333333	1.0	0.0	0.104639684106614		53	907	0	0	960	-2.03540301322937	top_k_tie_expanded	0.1113586075692643	average_precision_step_integral_tie_aware	higher	960	960	960	1.0	1.0	53	907	53	907	1.0	1.0	0	53		exclude_and_report_coverage_never_impute_zero	observed		960	0	53	907	1.0	paper_absent_prediction_ranked_after_returned	0.606213126736865
GSE128033	SC154IPFUP	GSE128033_SC154IPFUP_IPF_8cell	GSE128033_SC154IPFUP_IPF_8cell	H-common	H-common_representable	CRYCHIC availability-state	0.8144203365854673	0.260427492239672	0.320754716981132	0.320754716981132	0.960308710033076	0.320754716981132	0.2810634270142081	17	36	871	36	53	0.0208247689442388	top_k_tie_expanded	0.260427492239672	average_precision_step_integral_tie_aware	higher	960	960	960	1.0	1.0	53	907	53	907	1.0	1.0	0	53		exclude_and_report_coverage_never_impute_zero	observed		960	0	53	907	1.0	paper_absent_prediction_ranked_after_returned	0.8092548192274642
GSE128033	SC154IPFUP	GSE128033_SC154IPFUP_IPF_8cell	GSE128033_SC154IPFUP_IPF_8cell	H-common	H-common_representable	CellChat composite	0.5156019221568097	0.0701061320754717	0.0552083333333333	1.0	0.0	0.104639684106614		53	907	0	0	960	-0.9998134296322944	top_k_tie_expanded	0.0701061320754717	average_precision_step_integral_tie_aware	higher	960	960	960	1.0	1.0	53	907	53	907	1.0	1.0	0	53		exclude_and_report_coverage_never_impute_zero	observed		8	952	2	6	0.0377358490566037	paper_absent_prediction_ranked_after_returned	0.5175471698113209
GSE128033	SC154IPFUP	GSE128033_SC154IPFUP_IPF_8cell	GSE128033_SC154IPFUP_IPF_8cell	H-common	H-common_representable	CellChat p-value	0.5155603170310582	0.0625589622641509	0.0552083333333333	1.0	0.0	0.104639684106614		53	907	0	0	960	-1.0	top_k_tie_expanded	0.0625589622641509	average_precision_step_integral_tie_aware	higher	960	960	960	1.0	1.0	53	907	53	907	1.0	1.0	0	53		exclude_and_report_coverage_never_impute_zero	observed		960	0	53	907	1.0	paper_absent_prediction_ranked_after_returned	0.5147672955974842
GSE128033	SC154IPFUP	GSE128033_SC154IPFUP_IPF_8cell	GSE128033_SC154IPFUP_IPF_8cell	H-common	H-common_representable	CellPhoneDB composite	0.600528385097044	0.1213374115783354	0.0552083333333333	1.0	0.0	0.104639684106614		53	907	0	0	960	-0.9223202243447304	top_k_tie_expanded	0.1213374115783354	average_precision_step_integral_tie_aware	higher	960	960	960	1.0	1.0	53	907	53	907	1.0	1.0	0	53		exclude_and_report_coverage_never_impute_zero	observed		35	925	12	23	0.2264150943396226	paper_absent_prediction_ranked_after_returned	0.5922953692010295
GSE128033	SC154IPFUP	GSE128033_SC154IPFUP_IPF_8cell	GSE128033_SC154IPFUP_IPF_8cell	H-common	H-common_representable	CellPhoneDB p-value	0.6275093091468869	0.1427536003566291	0.0552083333333333	1.0	0.0	0.104639684106614		53	907	0	0	960	-1.0	top_k_tie_expanded	0.1427536003566291	average_precision_step_integral_tie_aware	higher	960	960	960	1.0	1.0	53	907	53	907	1.0	1.0	0	53		exclude_and_report_coverage_never_impute_zero	observed		960	0	53	907	1.0	paper_absent_prediction_ranked_after_returned	0.6181513736513373
GSE128033	SC154IPFUP	GSE128033_SC154IPFUP_IPF_8cell	GSE128033_SC154IPFUP_IPF_8cell	H-common	H-common_representable	Connectome specificity	0.6275925193983899	0.163527972595723	0.0552083333333333	1.0	0.0	0.104639684106614		53	907	0	0	960	-0.9236377259894324	top_k_tie_expanded	0.163527972595723	average_precision_step_integral_tie_aware	higher	960	960	960	1.0	1.0	53	907	53	907	1.0	1.0	0	53		exclude_and_report_coverage_never_impute_zero	observed		960	0	53	907	1.0	paper_absent_prediction_ranked_after_returned	0.622621086114624
GSE128033	SC154IPFUP	GSE128033_SC154IPFUP_IPF_8cell	GSE128033_SC154IPFUP_IPF_8cell	H-common	H-common_representable	LIANA magnitude consensus	0.6265315886917269	0.1347753605447034	0.0552083333333333	1.0	0.0	0.104639684106614		53	907	0	0	960	-1.0	top_k_tie_expanded	0.1347753605447034	average_precision_step_integral_tie_aware	higher	960	960	960	1.0	1.0	53	907	53	907	1.0	1.0	0	53		exclude_and_report_coverage_never_impute_zero	observed		960	0	53	907	1.0	paper_absent_prediction_ranked_after_returned	0.6162262044484649
GSE128033	SC154IPFUP	GSE128033_SC154IPFUP_IPF_8cell	GSE128033_SC154IPFUP_IPF_8cell	H-common	H-common_representable	LIANA specificity consensus	0.6269892450749932	0.1423577940556374	0.0552083333333333	1.0	0.0	0.104639684106614		53	907	0	0	960	-1.0	top_k_tie_expanded	0.1423577940556374	average_precision_step_integral_tie_aware	higher	960	960	960	1.0	1.0	53	907	53	907	1.0	1.0	0	53		exclude_and_report_coverage_never_impute_zero	observed		960	0	53	907	1.0	paper_absent_prediction_ranked_after_returned	0.6178581987465904
GSE128033	SC154IPFUP	GSE128033_SC154IPFUP_IPF_8cell	GSE128033_SC154IPFUP_IPF_8cell	H-common	H-common_representable	NATMI specificity	0.6269060348234903	0.1446157668152457	0.0552083333333333	1.0	0.0	0.104639684106614		53	907	0	0	960	0.0011913035996258	top_k_tie_expanded	0.1446157668152457	average_precision_step_integral_tie_aware	higher	960	960	960	1.0	1.0	53	907	53	907	1.0	1.0	0	53		exclude_and_report_coverage_never_impute_zero	observed		960	0	53	907	1.0	paper_absent_prediction_ranked_after_returned	0.6192590327199461
GSE128033	SC154IPFUP	GSE128033_SC154IPFUP_IPF_8cell	GSE128033_SC154IPFUP_IPF_8cell	H-common	H-common_representable	SingleCellSignalR LRscore	0.6264275758773481	0.135181930521348	0.0552083333333333	1.0	0.0	0.104639684106614		53	907	0	0	960	-0.4943431615829468	top_k_tie_expanded	0.135181930521348	average_precision_step_integral_tie_aware	higher	960	960	960	1.0	1.0	53	907	53	907	1.0	1.0	0	53		exclude_and_report_coverage_never_impute_zero	observed		41	919	15	26	0.2830188679245283	paper_absent_prediction_ranked_after_returned	0.618029993608335
GSE128033	SC154IPFUP	GSE128033_SC154IPFUP_IPF_8cell	GSE128033_SC154IPFUP_IPF_8cell	H-common	H-common_representable	logFC specificity	0.6267188117576086	0.1402316309758136	0.0552083333333333	1.0	0.0	0.104639684106614		53	907	0	0	960	-2.111929655075073	top_k_tie_expanded	0.1402316309758136	average_precision_step_integral_tie_aware	higher	960	960	960	1.0	1.0	53	907	53	907	1.0	1.0	0	53		exclude_and_report_coverage_never_impute_zero	observed		960	0	53	907	1.0	paper_absent_prediction_ranked_after_returned	0.617115589576386
GSE128033	SC87IPFLOW	GSE128033_SC87IPFLOW_IPF_8cell	GSE128033_SC87IPFLOW_IPF_8cell	H-common	H-common_representable	CRYCHIC availability-state	0.7769237170019346	0.2214679575589232	0.3018867924528302	0.3018867924528302	0.9592061742006616	0.3018867924528302	0.2610929666534917	16	37	870	37	53	0.0284042564659202	top_k_tie_expanded	0.2214679575589232	average_precision_step_integral_tie_aware	higher	960	960	960	1.0	1.0	53	907	53	907	1.0	1.0	0	53		exclude_and_report_coverage_never_impute_zero	observed		960	0	53	907	1.0	paper_absent_prediction_ranked_after_returned	0.7762950562263781
GSE128033	SC87IPFLOW	GSE128033_SC87IPFLOW_IPF_8cell	GSE128033_SC87IPFLOW_IPF_8cell	H-common	H-common_representable	CellChat composite	0.5332216929125668	0.0763132504288164	0.0552083333333333	1.0	0.0	0.104639684106614		53	907	0	0	960	-0.999854453231222	top_k_tie_expanded	0.0763132504288164	average_precision_step_integral_tie_aware	higher	960	960	960	1.0	1.0	53	907	53	907	1.0	1.0	0	53		exclude_and_report_coverage_never_impute_zero	observed		12	948	4	8	0.0754716981132075	paper_absent_prediction_ranked_after_returned	0.5319766397124888
GSE128033	SC87IPFLOW	GSE128033_SC87IPFLOW_IPF_8cell	GSE128033_SC87IPFLOW_IPF_8cell	H-common	H-common_representable	CellChat p-value	0.5333257057269456	0.0761988993710691	0.0552083333333333	1.0	0.0	0.104639684106614		53	907	0	0	960	-1.0	top_k_tie_expanded	0.0761988993710691	average_precision_step_integral_tie_aware	higher	960	960	960	1.0	1.0	53	907	53	907	1.0	1.0	0	53		exclude_and_report_coverage_never_impute_zero	observed		960	0	53	907	1.0	paper_absent_prediction_ranked_after_returned	0.5319784366576819
GSE128033	SC87IPFLOW	GSE128033_SC87IPFLOW_IPF_8cell	GSE128033_SC87IPFLOW_IPF_8cell	H-common	H-common_representable	CellPhoneDB composite	0.5864242474672879	0.098523098306853	0.0552083333333333	1.0	0.0	0.104639684106614		53	907	0	0	960	-0.9243955612182616	top_k_tie_expanded	0.098523098306853	average_precision_step_integral_tie_aware	higher	960	960	960	1.0	1.0	53	907	53	907	1.0	1.0	0	53		exclude_and_report_coverage_never_impute_zero	observed		42	918	11	31	0.2075471698113207	paper_absent_prediction_ranked_after_returned	0.5819692398796174
GSE128033	SC87IPFLOW	GSE128033_SC87IPFLOW_IPF_8cell	GSE128033_SC87IPFLOW_IPF_8cell	H-common	H-common_representable	CellPhoneDB p-value	0.6031079028936365	0.1057188945199737	0.0552083333333333	1.0	0.0	0.104639684106614		53	907	0	0	960	-1.0	top_k_tie_expanded	0.1057188945199737	average_precision_step_integral_tie_aware	higher	960	960	960	1.0	1.0	53	907	53	907	1.0	1.0	0	53		exclude_and_report_coverage_never_impute_zero	observed		960	0	53	907	1.0	paper_absent_prediction_ranked_after_returned	0.5940031354451443
GSE128033	SC87IPFLOW	GSE128033_SC87IPFLOW_IPF_8cell	GSE128033_SC87IPFLOW_IPF_8cell	H-common	H-common_representable	Connectome specificity	0.6009236337916831	0.1158328404014342	0.2452830188679245	0.2452830188679245	0.955898566703418	0.2452830188679245	0.2011815855713424	13	40	867	40	53	-0.2833821036615098	top_k_tie_expanded	0.1158328404014342	average_precision_step_integral_tie_aware	higher	960	960	960	1.0	1.0	53	907	53	907	1.0	1.0	0	53		exclude_and_report_coverage_never_impute_zero	observed		960	0	53	907	1.0	paper_absent_prediction_ranked_after_returned	0.598901717691542
GSE128033	SC87IPFLOW	GSE128033_SC87IPFLOW_IPF_8cell	GSE128033_SC87IPFLOW_IPF_8cell	H-common	H-common_representable	LIANA magnitude consensus	0.6003515633126001	0.1061639414162498	0.2452830188679245	0.2452830188679245	0.955898566703418	0.2452830188679245	0.2011815855713424	13	40	867	40	53	-0.0211199776205306	top_k_tie_expanded	0.1061639414162498	average_precision_step_integral_tie_aware	higher	960	960	960	1.0	1.0	53	907	53	907	1.0	1.0	0	53		exclude_and_report_coverage_never_impute_zero	observed		960	0	53	907	1.0	paper_absent_prediction_ranked_after_returned	0.5906175719332301
GSE128033	SC87IPFLOW	GSE128033_SC87IPFLOW_IPF_8cell	GSE128033_SC87IPFLOW_IPF_8cell	H-common	H-common_representable	LIANA specificity consensus	0.6004763786898546	0.1046662655605617	0.2452830188679245	0.2452830188679245	0.955898566703418	0.2452830188679245	0.2011815855713424	13	40	867	40	53	-0.0019803852519526	top_k_tie_expanded	0.1046662655605617	average_precision_step_integral_tie_aware	higher	960	960	960	1.0	1.0	53	907	53	907	1.0	1.0	0	53		exclude_and_report_coverage_never_impute_zero	observed		960	0	53	907	1.0	paper_absent_prediction_ranked_after_returned	0.5897482050502671
GSE128033	SC87IPFLOW	GSE128033_SC87IPFLOW_IPF_8cell	GSE128033_SC87IPFLOW_IPF_8cell	H-common	H-common_representable	NATMI specificity	0.6005075825341682	0.1028618670911717	0.2452830188679245	0.2452830188679245	0.955898566703418	0.2452830188679245	0.2011815855713424	13	40	867	40	53	0.0038530165329575	top_k_tie_expanded	0.1028618670911717	average_precision_step_integral_tie_aware	higher	960	960	960	1.0	1.0	53	907	53	907	1.0	1.0	0	53		exclude_and_report_coverage_never_impute_zero	observed		960	0	53	907	1.0	paper_absent_prediction_ranked_after_returned	0.5897174554631913
GSE128033	SC87IPFLOW	GSE128033_SC87IPFLOW_IPF_8cell	GSE128033_SC87IPFLOW_IPF_8cell	H-common	H-common_representable	SingleCellSignalR LRscore	0.6003827671569137	0.1067217029732269	0.2452830188679245	0.2452830188679245	0.955898566703418	0.2452830188679245	0.2011815855713424	13	40	867	40	53	0.5305947661399841	top_k_tie_expanded	0.1067217029732269	average_precision_step_integral_tie_aware	higher	960	960	960	1.0	1.0	53	907	53	907	1.0	1.0	0	53		exclude_and_report_coverage_never_impute_zero	observed		54	906	13	41	0.2452830188679245	paper_absent_prediction_ranked_after_returned	0.598276350868887
GSE128033	SC87IPFLOW	GSE128033_SC87IPFLOW_IPF_8cell	GSE128033_SC87IPFLOW_IPF_8cell	H-common	H-common_representable	logFC specificity	0.5998835056478958	0.0991831785547514	0.2452830188679245	0.2452830188679245	0.955898566703418	0.2452830188679245	0.2011815855713424	13	40	867	40	53	-1.475144624710083	top_k_tie_expanded	0.0991831785547514	average_precision_step_integral_tie_aware	higher	960	960	960	1.0	1.0	53	907	53	907	1.0	1.0	0	53		exclude_and_report_coverage_never_impute_zero	observed		960	0	53	907	1.0	paper_absent_prediction_ranked_after_returned	0.5867882764291287
GSE128033	SC88IPFUP	GSE128033_SC88IPFUP_IPF_8cell	GSE128033_SC88IPFUP_IPF_8cell	H-common	H-common_representable	CRYCHIC availability-state	0.799276070811924	0.2225840347025088	0.2830188679245283	0.2830188679245283	0.958103638368247	0.2830188679245283	0.2411225062927752	15	38	869	38	53	0.0194817973955499	top_k_tie_expanded	0.2225840347025088	average_precision_step_integral_tie_aware	higher	960	960	960	1.0	1.0	53	907	53	907	1.0	1.0	0	53		exclude_and_report_coverage_never_impute_zero	observed		960	0	53	907	1.0	paper_absent_prediction_ranked_after_returned	0.7845959965094758
GSE128033	SC88IPFUP	GSE128033_SC88IPFUP_IPF_8cell	GSE128033_SC88IPFUP_IPF_8cell	H-common	H-common_representable	CellChat composite	0.5155603170310582	0.0657036163522012	0.0552083333333333	1.0	0.0	0.104639684106614		53	907	0	0	960	-0.9999193056734408	top_k_tie_expanded	0.0657036163522012	average_precision_step_integral_tie_aware	higher	960	960	960	1.0	1.0	53	907	53	907	1.0	1.0	0	53		exclude_and_report_coverage_never_impute_zero	observed		8	952	2	6	0.0377358490566037	paper_absent_prediction_ranked_after_returned	0.5163207547169812
GSE128033	SC88IPFUP	GSE128033_SC88IPFUP_IPF_8cell	GSE128033_SC88IPFUP_IPF_8cell	H-common	H-common_representable	CellChat p-value	0.5155603170310582	0.0625589622641509	0.0552083333333333	1.0	0.0	0.104639684106614		53	907	0	0	960	-1.0	top_k_tie_expanded	0.0625589622641509	average_precision_step_integral_tie_aware	higher	960	960	960	1.0	1.0	53	907	53	907	1.0	1.0	0	53		exclude_and_report_coverage_never_impute_zero	observed		960	0	53	907	1.0	paper_absent_prediction_ranked_after_returned	0.5148427672955975
GSE128033	SC88IPFUP	GSE128033_SC88IPFUP_IPF_8cell	GSE128033_SC88IPFUP_IPF_8cell	H-common	H-common_representable	CellPhoneDB composite	0.5926858188928876	0.1091644159667565	0.0552083333333333	1.0	0.0	0.104639684106614		53	907	0	0	960	-0.9207338765263556	top_k_tie_expanded	0.1091644159667565	average_precision_step_integral_tie_aware	higher	960	960	960	1.0	1.0	53	907	53	907	1.0	1.0	0	53		exclude_and_report_coverage_never_impute_zero	observed		30	930	11	19	0.2075471698113207	paper_absent_prediction_ranked_after_returned	0.5869394106941277
GSE128033	SC88IPFUP	GSE128033_SC88IPFUP_IPF_8cell	GSE128033_SC88IPFUP_IPF_8cell	H-common	H-common_representable	CellPhoneDB p-value	0.5924361881383786	0.1205494409503843	0.0552083333333333	1.0	0.0	0.104639684106614		53	907	0	0	960	-1.0	top_k_tie_expanded	0.1205494409503843	average_precision_step_integral_tie_aware	higher	960	960	960	1.0	1.0	53	907	53	907	1.0	1.0	0	53		exclude_and_report_coverage_never_impute_zero	observed		960	0	53	907	1.0	paper_absent_prediction_ranked_after_returned	0.5857292361726325
GSE128033	SC88IPFUP	GSE128033_SC88IPFUP_IPF_8cell	GSE128033_SC88IPFUP_IPF_8cell	H-common	H-common_representable	Connectome specificity	0.5915208753718458	0.1165955135139766	0.0552083333333333	1.0	0.0	0.104639684106614		53	907	0	0	960	-0.9517591844092192	top_k_tie_expanded	0.1165955135139766	average_precision_step_integral_tie_aware	higher	960	960	960	1.0	1.0	53	907	53	907	1.0	1.0	0	53		exclude_and_report_coverage_never_impute_zero	observed		960	0	53	907	1.0	paper_absent_prediction_ranked_after_returned	0.5864592346856498
GSE128033	SC88IPFUP	GSE128033_SC88IPFUP_IPF_8cell	GSE128033_SC88IPFUP_IPF_8cell	H-common	H-common_representable	LIANA magnitude consensus	0.5911464292400824	0.1063528798921373	0.0552083333333333	1.0	0.0	0.104639684106614		53	907	0	0	960	-1.0	top_k_tie_expanded	0.1063528798921373	average_precision_step_integral_tie_aware	higher	960	960	960	1.0	1.0	53	907	53	907	1.0	1.0	0	53		exclude_and_report_coverage_never_impute_zero	observed		960	0	53	907	1.0	paper_absent_prediction_ranked_after_returned	0.5833843158937498
GSE128033	SC88IPFUP	GSE128033_SC88IPFUP_IPF_8cell	GSE128033_SC88IPFUP_IPF_8cell	H-common	H-common_representable	LIANA specificity consensus	0.5912920471802126	0.1066542664184173	0.0552083333333333	1.0	0.0	0.104639684106614		53	907	0	0	960	-1.0	top_k_tie_expanded	0.1066542664184173	average_precision_step_integral_tie_aware	higher	960	960	960	1.0	1.0	53	907	53	907	1.0	1.0	0	53		exclude_and_report_coverage_never_impute_zero	observed		960	0	53	907	1.0	paper_absent_prediction_ranked_after_returned	0.584206765980351
GSE128033	SC88IPFUP	GSE128033_SC88IPFUP_IPF_8cell	GSE128033_SC88IPFUP_IPF_8cell	H-common	H-common_representable	NATMI specificity	0.5915000728089701	0.1309233493003954	0.0552083333333333	1.0	0.0	0.104639684106614		53	907	0	0	960	0.0013550291769206	top_k_tie_expanded	0.1309233493003954	average_precision_step_integral_tie_aware	higher	960	960	960	1.0	1.0	53	907	53	907	1.0	1.0	0	53		exclude_and_report_coverage_never_impute_zero	observed		960	0	53	907	1.0	paper_absent_prediction_ranked_after_returned	0.5860393128883695
GSE128033	SC88IPFUP	GSE128033_SC88IPFUP_IPF_8cell	GSE128033_SC88IPFUP_IPF_8cell	H-common	H-common_representable	SingleCellSignalR LRscore	0.5910632189885794	0.1049709556268226	0.0552083333333333	1.0	0.0	0.104639684106614		53	907	0	0	960	-0.4998505711555481	top_k_tie_expanded	0.1049709556268226	average_precision_step_integral_tie_aware	higher	960	960	960	1.0	1.0	53	907	53	907	1.0	1.0	0	53		exclude_and_report_coverage_never_impute_zero	observed		33	927	11	22	0.2075471698113207	paper_absent_prediction_ranked_after_returned	0.582721033683298
GSE128033	SC88IPFUP	GSE128033_SC88IPFUP_IPF_8cell	GSE128033_SC88IPFUP_IPF_8cell	H-common	H-common_representable	logFC specificity	0.5910424164257037	0.1040582641444543	0.0552083333333333	1.0	0.0	0.104639684106614		53	907	0	0	960	-2.243638038635254	top_k_tie_expanded	0.1040582641444543	average_precision_step_integral_tie_aware	higher	960	960	960	1.0	1.0	53	907	53	907	1.0	1.0	0	53		exclude_and_report_coverage_never_impute_zero	observed		960	0	53	907	1.0	paper_absent_prediction_ranked_after_returned	0.5817089304825154
GSE128033	SC89IPFLOW	GSE128033_SC89IPFLOW_IPF_8cell	GSE128033_SC89IPFLOW_IPF_8cell	H-common	H-common_representable	CRYCHIC availability-state	0.8012523142851199	0.217378862348222	0.3018867924528302	0.3018867924528302	0.9592061742006616	0.3018867924528302	0.2610929666534917	16	37	870	37	53	0.0342521102429831	top_k_tie_expanded	0.217378862348222	average_precision_step_integral_tie_aware	higher	960	960	960	1.0	1.0	53	907	53	907	1.0	1.0	0	53		exclude_and_report_coverage_never_impute_zero	observed		960	0	53	907	1.0	paper_absent_prediction_ranked_after_returned	0.7911849858534559
GSE128033	SC89IPFLOW	GSE128033_SC89IPFLOW_IPF_8cell	GSE128033_SC89IPFLOW_IPF_8cell	H-common	H-common_representable	CellChat composite	0.541573921907179	0.0821981477641855	0.0552083333333333	1.0	0.0	0.104639684106614		53	907	0	0	960	-0.9999810521481298	top_k_tie_expanded	0.0821981477641855	average_precision_step_integral_tie_aware	higher	960	960	960	1.0	1.0	53	907	53	907	1.0	1.0	0	53		exclude_and_report_coverage_never_impute_zero	observed		15	945	5	10	0.0943396226415094	paper_absent_prediction_ranked_after_returned	0.541722371967655
GSE128033	SC89IPFLOW	GSE128033_SC89IPFLOW_IPF_8cell	GSE128033_SC89IPFLOW_IPF_8cell	H-common	H-common_representable	CellChat p-value	0.5416571321586819	0.0814465408805031	0.0552083333333333	1.0	0.0	0.104639684106614		53	907	0	0	960	-1.0	top_k_tie_expanded	0.0814465408805031	average_precision_step_integral_tie_aware	higher	960	960	960	1.0	1.0	53	907	53	907	1.0	1.0	0	53		exclude_and_report_coverage_never_impute_zero	observed		960	0	53	907	1.0	paper_absent_prediction_ranked_after_returned	0.5384770889487871
GSE128033	SC89IPFLOW	GSE128033_SC89IPFLOW_IPF_8cell	GSE128033_SC89IPFLOW_IPF_8cell	H-common	H-common_representable	CellPhoneDB composite	0.6157142559963388	0.1251739178196996	0.0552083333333333	1.0	0.0	0.104639684106614		53	907	0	0	960	-0.9384502731263638	top_k_tie_expanded	0.1251739178196996	average_precision_step_integral_tie_aware	higher	960	960	960	1.0	1.0	53	907	53	907	1.0	1.0	0	53		exclude_and_report_coverage_never_impute_zero	observed		43	917	14	29	0.2641509433962264	paper_absent_prediction_ranked_after_returned	0.6013468086302582
GSE128033	SC89IPFLOW	GSE128033_SC89IPFLOW_IPF_8cell	GSE128033_SC89IPFLOW_IPF_8cell	H-common	H-common_representable	CellPhoneDB p-value	0.6147573381040544	0.1308228831109066	0.0552083333333333	1.0	0.0	0.104639684106614		53	907	0	0	960	-1.0	top_k_tie_expanded	0.1308228831109066	average_precision_step_integral_tie_aware	higher	960	960	960	1.0	1.0	53	907	53	907	1.0	1.0	0	53		exclude_and_report_coverage_never_impute_zero	observed		960	0	53	907	1.0	paper_absent_prediction_ranked_after_returned	0.6075836724626957
GSE128033	SC89IPFLOW	GSE128033_SC89IPFLOW_IPF_8cell	GSE128033_SC89IPFLOW_IPF_8cell	H-common	H-common_representable	Connectome specificity	0.6112833101038048	0.1353342203059936	0.2641509433962264	0.2641509433962264	0.9570011025358324	0.2641509433962264	0.2211520459320588	14	39	868	39	53	-0.308860400303911	top_k_tie_expanded	0.1353342203059936	average_precision_step_integral_tie_aware	higher	960	960	960	1.0	1.0	53	907	53	907	1.0	1.0	0	53		exclude_and_report_coverage_never_impute_zero	observed		960	0	53	907	1.0	paper_absent_prediction_ranked_after_returned	0.6095946591110661
GSE128033	SC89IPFLOW	GSE128033_SC89IPFLOW_IPF_8cell	GSE128033_SC89IPFLOW_IPF_8cell	H-common	H-common_representable	LIANA magnitude consensus	0.6095358948222421	0.1120471241457791	0.2641509433962264	0.2641509433962264	0.9570011025358324	0.2641509433962264	0.2211520459320588	14	39	868	39	53	-0.0302417226715743	top_k_tie_expanded	0.1120471241457791	average_precision_step_integral_tie_aware	higher	960	960	960	1.0	1.0	53	907	53	907	1.0	1.0	0	53		exclude_and_report_coverage_never_impute_zero	observed		960	0	53	907	1.0	paper_absent_prediction_ranked_after_returned	0.5997542602995463
GSE128033	SC89IPFLOW	GSE128033_SC89IPFLOW_IPF_8cell	GSE128033_SC89IPFLOW_IPF_8cell	H-common	H-common_representable	LIANA specificity consensus	0.6104512075887749	0.119169949405525	0.2641509433962264	0.2641509433962264	0.9570011025358324	0.2641509433962264	0.2211520459320588	14	39	868	39	53	-0.0038062815443909	top_k_tie_expanded	0.119169949405525	average_precision_step_integral_tie_aware	higher	960	960	960	1.0	1.0	53	907	53	907	1.0	1.0	0	53		exclude_and_report_coverage_never_impute_zero	observed		960	0	53	907	1.0	paper_absent_prediction_ranked_after_returned	0.5998858827434094
GSE128033	SC89IPFLOW	GSE128033_SC89IPFLOW_IPF_8cell	GSE128033_SC89IPFLOW_IPF_8cell	H-common	H-common_representable	NATMI specificity	0.6106800357804082	0.1339823649889212	0.2641509433962264	0.2641509433962264	0.9570011025358324	0.2641509433962264	0.2211520459320588	14	39	868	39	53	0.0051653780974447	top_k_tie_expanded	0.1339823649889212	average_precision_step_integral_tie_aware	higher	960	960	960	1.0	1.0	53	907	53	907	1.0	1.0	0	53		exclude_and_report_coverage_never_impute_zero	observed		960	0	53	907	1.0	paper_absent_prediction_ranked_after_returned	0.6082413567181952
GSE128033	SC89IPFLOW	GSE128033_SC89IPFLOW_IPF_8cell	GSE128033_SC89IPFLOW_IPF_8cell	H-common	H-common_representable	SingleCellSignalR LRscore	0.6094734871336148	0.1128663403470486	0.2641509433962264	0.2641509433962264	0.9570011025358324	0.2641509433962264	0.2211520459320588	14	39	868	39	53	0.5464841723442078	top_k_tie_expanded	0.1128663403470486	average_precision_step_integral_tie_aware	higher	960	960	960	1.0	1.0	53	907	53	907	1.0	1.0	0	53		exclude_and_report_coverage_never_impute_zero	observed		55	905	14	41	0.2641509433962264	paper_absent_prediction_ranked_after_returned	0.5974569942960183
GSE128033	SC89IPFLOW	GSE128033_SC89IPFLOW_IPF_8cell	GSE128033_SC89IPFLOW_IPF_8cell	H-common	H-common_representable	logFC specificity	0.6098063281396268	0.1115485544303065	0.2641509433962264	0.2641509433962264	0.9570011025358324	0.2641509433962264	0.2211520459320588	14	39	868	39	53	-1.4658076763153076	top_k_tie_expanded	0.1115485544303065	average_precision_step_integral_tie_aware	higher	960	960	960	1.0	1.0	53	907	53	907	1.0	1.0	0	53		exclude_and_report_coverage_never_impute_zero	observed		960	0	53	907	1.0	paper_absent_prediction_ranked_after_returned	0.5977145578052612
GSE128033	SC93IPFLOW	GSE128033_SC93IPFLOW_IPF_8cell	GSE128033_SC93IPFLOW_IPF_8cell	H-common	H-common_representable	CRYCHIC availability-state	0.762788375527865	0.2287321815642261	0.3018867924528302	0.3018867924528302	0.9592061742006616	0.3018867924528302	0.2610929666534917	16	37	870	37	53	0.0404465406769841	top_k_tie_expanded	0.2287321815642261	average_precision_step_integral_tie_aware	higher	960	960	960	1.0	1.0	53	907	53	907	1.0	1.0	0	53		exclude_and_report_coverage_never_impute_zero	observed		960	0	53	907	1.0	paper_absent_prediction_ranked_after_returned	0.7799160936965164
GSE128033	SC93IPFLOW	GSE128033_SC93IPFLOW_IPF_8cell	GSE128033_SC93IPFLOW_IPF_8cell	H-common	H-common_representable	CellChat composite	0.5310582263734892	0.0784001572327044	0.0552083333333333	1.0	0.0	0.104639684106614		53	907	0	0	960	-0.9999105372385746	top_k_tie_expanded	0.0784001572327044	average_precision_step_integral_tie_aware	higher	960	960	960	1.0	1.0	53	907	53	907	1.0	1.0	0	53		exclude_and_report_coverage_never_impute_zero	observed		16	944	4	12	0.0754716981132075	paper_absent_prediction_ranked_after_returned	0.5311100628930818
GSE128033	SC93IPFLOW	GSE128033_SC93IPFLOW_IPF_8cell	GSE128033_SC93IPFLOW_IPF_8cell	H-common	H-common_representable	CellChat p-value	0.5311206340621164	0.0699095911949685	0.0552083333333333	1.0	0.0	0.104639684106614		53	907	0	0	960	-1.0	top_k_tie_expanded	0.0699095911949685	average_precision_step_integral_tie_aware	higher	960	960	960	1.0	1.0	53	907	53	907	1.0	1.0	0	53		exclude_and_report_coverage_never_impute_zero	observed		960	0	53	907	1.0	paper_absent_prediction_ranked_after_returned	0.5295849056603773
GSE128033	SC93IPFLOW	GSE128033_SC93IPFLOW_IPF_8cell	GSE128033_SC93IPFLOW_IPF_8cell	H-common	H-common_representable	CellPhoneDB composite	0.6240768862723888	0.1204005074515673	0.0552083333333333	1.0	0.0	0.104639684106614		53	907	0	0	960	-0.9198759719729424	top_k_tie_expanded	0.1204005074515673	average_precision_step_integral_tie_aware	higher	960	960	960	1.0	1.0	53	907	53	907	1.0	1.0	0	53		exclude_and_report_coverage_never_impute_zero	observed		45	915	15	30	0.2830188679245283	paper_absent_prediction_ranked_after_returned	0.6132743639375596
GSE128033	SC93IPFLOW	GSE128033_SC93IPFLOW_IPF_8cell	GSE128033_SC93IPFLOW_IPF_8cell	H-common	H-common_representable	CellPhoneDB p-value	0.6245761477814067	0.1339229559748427	0.0552083333333333	1.0	0.0	0.104639684106614		53	907	0	0	960	-1.0	top_k_tie_expanded	0.1339229559748427	average_precision_step_integral_tie_aware	higher	960	960	960	1.0	1.0	53	907	53	907	1.0	1.0	0	53		exclude_and_report_coverage_never_impute_zero	observed		960	0	53	907	1.0	paper_absent_prediction_ranked_after_returned	0.6130898051872189
GSE128033	SC93IPFLOW	GSE128033_SC93IPFLOW_IPF_8cell	GSE128033_SC93IPFLOW_IPF_8cell	H-common	H-common_representable	Connectome specificity	0.6231823760687316	0.1186263643454652	0.0552083333333333	1.0	0.0	0.104639684106614		53	907	0	0	960	-0.7795576907464556	top_k_tie_expanded	0.1186263643454652	average_precision_step_integral_tie_aware	higher	960	960	960	1.0	1.0	53	907	53	907	1.0	1.0	0	53		exclude_and_report_coverage_never_impute_zero	observed		960	0	53	907	1.0	paper_absent_prediction_ranked_after_returned	0.6045326300003778
GSE128033	SC93IPFLOW	GSE128033_SC93IPFLOW_IPF_8cell	GSE128033_SC93IPFLOW_IPF_8cell	H-common	H-common_representable	LIANA magnitude consensus	0.6236400324519981	0.1239248624421318	0.0552083333333333	1.0	0.0	0.104639684106614		53	907	0	0	960	-1.0	top_k_tie_expanded	0.1239248624421318	average_precision_step_integral_tie_aware	higher	960	960	960	1.0	1.0	53	907	53	907	1.0	1.0	0	53		exclude_and_report_coverage_never_impute_zero	observed		960	0	53	907	1.0	paper_absent_prediction_ranked_after_returned	0.6120924191080451
GSE128033	SC93IPFLOW	GSE128033_SC93IPFLOW_IPF_8cell	GSE128033_SC93IPFLOW_IPF_8cell	H-common	H-common_representable	LIANA specificity consensus	0.623806452955004	0.1263658512487106	0.0552083333333333	1.0	0.0	0.104639684106614		53	907	0	0	960	-1.0	top_k_tie_expanded	0.1263658512487106	average_precision_step_integral_tie_aware	higher	960	960	960	1.0	1.0	53	907	53	907	1.0	1.0	0	53		exclude_and_report_coverage_never_impute_zero	observed		960	0	53	907	1.0	paper_absent_prediction_ranked_after_returned	0.6113510946373629
GSE128033	SC93IPFLOW	GSE128033_SC93IPFLOW_IPF_8cell	GSE128033_SC93IPFLOW_IPF_8cell	H-common	H-common_representable	NATMI specificity	0.6241184913981402	0.1542824969479995	0.0552083333333333	1.0	0.0	0.104639684106614		53	907	0	0	960	0.0007152013131417	top_k_tie_expanded	0.1542824969479995	average_precision_step_integral_tie_aware	higher	960	960	960	1.0	1.0	53	907	53	907	1.0	1.0	0	53		exclude_and_report_coverage_never_impute_zero	observed		960	0	53	907	1.0	paper_absent_prediction_ranked_after_returned	0.615885161786536
GSE128033	SC93IPFLOW	GSE128033_SC93IPFLOW_IPF_8cell	GSE128033_SC93IPFLOW_IPF_8cell	H-common	H-common_representable	SingleCellSignalR LRscore	0.6239520708951343	0.1308897771155687	0.0552083333333333	1.0	0.0	0.104639684106614		53	907	0	0	960	-0.4945697784423828	top_k_tie_expanded	0.1308897771155687	average_precision_step_integral_tie_aware	higher	960	960	960	1.0	1.0	53	907	53	907	1.0	1.0	0	53		exclude_and_report_coverage_never_impute_zero	observed		47	913	15	32	0.2830188679245283	paper_absent_prediction_ranked_after_returned	0.6107663605833257
GSE128033	SC93IPFLOW	GSE128033_SC93IPFLOW_IPF_8cell	GSE128033_SC93IPFLOW_IPF_8cell	H-common	H-common_representable	logFC specificity	0.6235568222004951	0.1259332311998699	0.0552083333333333	1.0	0.0	0.104639684106614		53	907	0	0	960	-2.8008246421813965	top_k_tie_expanded	0.1259332311998699	average_precision_step_integral_tie_aware	higher	960	960	960	1.0	1.0	53	907	53	907	1.0	1.0	0	53		exclude_and_report_coverage_never_impute_zero	observed		960	0	53	907	1.0	paper_absent_prediction_ranked_after_returned	0.6130394128340196
GSE128033	SC94IPFUP	GSE128033_SC94IPFUP_IPF_8cell	GSE128033_SC94IPFUP_IPF_8cell	H-common	H-common_representable	CRYCHIC availability-state	0.7757275696365792	0.2148537936964203	0.2830188679245283	0.2830188679245283	0.958103638368247	0.2830188679245283	0.2411225062927752	15	38	869	38	53	0.0252474900676896	top_k_tie_expanded	0.2148537936964203	average_precision_step_integral_tie_aware	higher	960	960	960	1.0	1.0	53	907	53	907	1.0	1.0	0	53		exclude_and_report_coverage_never_impute_zero	observed		735	225	50	685	0.9433962264150944	paper_absent_prediction_ranked_after_returned	0.7622651073366964
GSE128033	SC94IPFUP	GSE128033_SC94IPFUP_IPF_8cell	GSE128033_SC94IPFUP_IPF_8cell	H-common	H-common_representable	CellChat composite	0.5050446214973685	0.0588836477987421	0.0552083333333333	1.0	0.0	0.104639684106614		53	907	0	0	960	-0.9999524790718748	top_k_tie_expanded	0.0588836477987421	average_precision_step_integral_tie_aware	higher	960	960	960	1.0	1.0	53	907	53	907	1.0	1.0	0	53		exclude_and_report_coverage_never_impute_zero	observed		9	951	1	8	0.0188679245283018	paper_absent_prediction_ranked_after_returned	0.5083647798742139
GSE128033	SC94IPFUP	GSE128033_SC94IPFUP_IPF_8cell	GSE128033_SC94IPFUP_IPF_8cell	H-common	H-common_representable	CellChat p-value	0.5970439558153564	0.0681145178197065	0.0680272108843537	0.9433962264150944	0.2447629547960308	0.1269035532994923	0.1014453311752765	50	685	222	3	735	-1.0	top_k_tie_expanded	0.0681145178197065	average_precision_step_integral_tie_aware	higher	960	960	960	1.0	1.0	53	907	53	907	1.0	1.0	0	53		exclude_and_report_coverage_never_impute_zero	observed		735	225	50	685	0.9433962264150944	paper_absent_prediction_ranked_after_returned	0.5556386514577472
GSE128033	SC94IPFUP	GSE128033_SC94IPFUP_IPF_8cell	GSE128033_SC94IPFUP_IPF_8cell	H-common	H-common_representable	CellPhoneDB composite	0.5910424164257037	0.1032616308174469	0.0552083333333333	1.0	0.0	0.104639684106614		53	907	0	0	960	-0.9395858086645604	top_k_tie_expanded	0.1032616308174469	average_precision_step_integral_tie_aware	higher	960	960	960	1.0	1.0	53	907	53	907	1.0	1.0	0	53		exclude_and_report_coverage_never_impute_zero	observed		33	927	11	22	0.2075471698113207	paper_absent_prediction_ranked_after_returned	0.5782300388290954
GSE128033	SC94IPFUP	GSE128033_SC94IPFUP_IPF_8cell	GSE128033_SC94IPFUP_IPF_8cell	H-common	H-common_representable	CellPhoneDB p-value	0.6659836491855796	0.1293628931684861	0.0680272108843537	0.9433962264150944	0.2447629547960308	0.1269035532994923	0.1014453311752765	50	685	222	3	735	-1.0	top_k_tie_expanded	0.1293628931684861	average_precision_step_integral_tie_aware	higher	960	960	960	1.0	1.0	53	907	53	907	1.0	1.0	0	53		exclude_and_report_coverage_never_impute_zero	observed		735	225	50	685	0.9433962264150944	paper_absent_prediction_ranked_after_returned	0.6315644420079313
GSE128033	SC94IPFUP	GSE128033_SC94IPFUP_IPF_8cell	GSE128033_SC94IPFUP_IPF_8cell	H-common	H-common_representable	Connectome specificity	0.6723284308626822	0.1448568439241261	0.0680272108843537	0.9433962264150944	0.2447629547960308	0.1269035532994923	0.1014453311752765	50	685	222	3	735	-1.0784703926030437	top_k_tie_expanded	0.1448568439241261	average_precision_step_integral_tie_aware	higher	960	960	960	1.0	1.0	53	907	53	907	1.0	1.0	0	53		exclude_and_report_coverage_never_impute_zero	observed		735	225	50	685	0.9433962264150944	paper_absent_prediction_ranked_after_returned	0.6411470093379593
GSE128033	SC94IPFUP	GSE128033_SC94IPFUP_IPF_8cell	GSE128033_SC94IPFUP_IPF_8cell	H-common	H-common_representable	LIANA magnitude consensus	0.6712675001560192	0.118425149425281	0.0680272108843537	0.9433962264150944	0.2447629547960308	0.1269035532994923	0.1014453311752765	50	685	222	3	735	-1.0	top_k_tie_expanded	0.118425149425281	average_precision_step_integral_tie_aware	higher	960	960	960	1.0	1.0	53	907	53	907	1.0	1.0	0	53		exclude_and_report_coverage_never_impute_zero	observed		735	225	50	685	0.9433962264150944	paper_absent_prediction_ranked_after_returned	0.6327852707910396
GSE128033	SC94IPFUP	GSE128033_SC94IPFUP_IPF_8cell	GSE128033_SC94IPFUP_IPF_8cell	H-common	H-common_representable	LIANA specificity consensus	0.6716731501320963	0.1251481458608444	0.0680272108843537	0.9433962264150944	0.2447629547960308	0.1269035532994923	0.1014453311752765	50	685	222	3	735	-1.0	top_k_tie_expanded	0.1251481458608444	average_precision_step_integral_tie_aware	higher	960	960	960	1.0	1.0	53	907	53	907	1.0	1.0	0	53		exclude_and_report_coverage_never_impute_zero	observed		735	225	50	685	0.9433962264150944	paper_absent_prediction_ranked_after_returned	0.6342386309217454
GSE128033	SC94IPFUP	GSE128033_SC94IPFUP_IPF_8cell	GSE128033_SC94IPFUP_IPF_8cell	H-common	H-common_representable	NATMI specificity	0.6723492334255581	0.1402912617503309	0.0680272108843537	0.9433962264150944	0.2447629547960308	0.1269035532994923	0.1014453311752765	50	685	222	3	735	0.0014733060961589	top_k_tie_expanded	0.1402912617503309	average_precision_step_integral_tie_aware	higher	960	960	960	1.0	1.0	53	907	53	907	1.0	1.0	0	53		exclude_and_report_coverage_never_impute_zero	observed		735	225	50	685	0.9433962264150944	paper_absent_prediction_ranked_after_returned	0.6452428684403246
GSE128033	SC94IPFUP	GSE128033_SC94IPFUP_IPF_8cell	GSE128033_SC94IPFUP_IPF_8cell	H-common	H-common_representable	SingleCellSignalR LRscore	0.607081192402904	0.1094246491902554	0.0552083333333333	1.0	0.0	0.104639684106614		53	907	0	0	960	-0.49944007396698	top_k_tie_expanded	0.1094246491902554	average_precision_step_integral_tie_aware	higher	960	960	960	1.0	1.0	53	907	53	907	1.0	1.0	0	53		exclude_and_report_coverage_never_impute_zero	observed		39	921	13	26	0.2452830188679245	paper_absent_prediction_ranked_after_returned	0.5968922124705976
GSE128033	SC94IPFUP	GSE128033_SC94IPFUP_IPF_8cell	GSE128033_SC94IPFUP_IPF_8cell	H-common	H-common_representable	logFC specificity	0.6714131180961495	0.1210439197379416	0.0680272108843537	0.9433962264150944	0.2447629547960308	0.1269035532994923	0.1014453311752765	50	685	222	3	735	-2.004122257232666	top_k_tie_expanded	0.1210439197379416	average_precision_step_integral_tie_aware	higher	960	960	960	1.0	1.0	53	907	53	907	1.0	1.0	0	53		exclude_and_report_coverage_never_impute_zero	observed		735	225	50	685	0.9433962264150944	paper_absent_prediction_ranked_after_returned	0.6334793941292279
GSE128033	SC95IPFLOW	GSE128033_SC95IPFLOW_IPF_8cell	GSE128033_SC95IPFLOW_IPF_8cell	H-common	H-common_representable	CRYCHIC availability-state	0.7514197749162697	0.202655973713543	0.320754716981132	0.320754716981132	0.960308710033076	0.320754716981132	0.2810634270142081	17	36	871	36	53	0.0471028504777276	top_k_tie_expanded	0.202655973713543	average_precision_step_integral_tie_aware	higher	960	960	960	1.0	1.0	53	907	53	907	1.0	1.0	0	53		exclude_and_report_coverage_never_impute_zero	observed		960	0	53	907	1.0	paper_absent_prediction_ranked_after_returned	0.7533160456405689
GSE128033	SC95IPFLOW	GSE128033_SC95IPFLOW_IPF_8cell	GSE128033_SC95IPFLOW_IPF_8cell	H-common	H-common_representable	CellChat composite	0.5321399596430281	0.0777677707512613	0.0552083333333333	1.0	0.0	0.104639684106614		53	907	0	0	960	-0.9998939150365008	top_k_tie_expanded	0.0777677707512613	average_precision_step_integral_tie_aware	higher	960	960	960	1.0	1.0	53	907	53	907	1.0	1.0	0	53		exclude_and_report_coverage_never_impute_zero	observed		14	946	4	10	0.0754716981132075	paper_absent_prediction_ranked_after_returned	0.5309460916442049
GSE128033	SC95IPFLOW	GSE128033_SC95IPFLOW_IPF_8cell	GSE128033_SC95IPFLOW_IPF_8cell	H-common	H-common_representable	CellChat p-value	0.532223169894531	0.0726050089847259	0.0552083333333333	1.0	0.0	0.104639684106614		53	907	0	0	960	-1.0	top_k_tie_expanded	0.0726050089847259	average_precision_step_integral_tie_aware	higher	960	960	960	1.0	1.0	53	907	53	907	1.0	1.0	0	53		exclude_and_report_coverage_never_impute_zero	observed		960	0	53	907	1.0	paper_absent_prediction_ranked_after_returned	0.5293189577717878
GSE128033	SC95IPFLOW	GSE128033_SC95IPFLOW_IPF_8cell	GSE128033_SC95IPFLOW_IPF_8cell	H-common	H-common_representable	CellPhoneDB composite	0.6364960163092093	0.1145228393447507	0.3018867924528302	0.3018867924528302	0.9592061742006616	0.3018867924528302	0.2610929666534917	16	37	870	37	53	0.2100871950387954	top_k_tie_expanded	0.1145228393447507	average_precision_step_integral_tie_aware	higher	960	960	960	1.0	1.0	53	907	53	907	1.0	1.0	0	53		exclude_and_report_coverage_never_impute_zero	observed		56	904	17	39	0.320754716981132	paper_absent_prediction_ranked_after_returned	0.6112636907122974
GSE128033	SC95IPFLOW	GSE128033_SC95IPFLOW_IPF_8cell	GSE128033_SC95IPFLOW_IPF_8cell	H-common	H-common_representable	CellPhoneDB p-value	0.6364128060577063	0.1403835884656461	0.320754716981132	0.320754716981132	0.960308710033076	0.320754716981132	0.2810634270142081	17	36	871	36	53	-0.0	top_k_tie_expanded	0.1403835884656461	average_precision_step_integral_tie_aware	higher	960	960	960	1.0	1.0	53	907	53	907	1.0	1.0	0	53		exclude_and_report_coverage_never_impute_zero	observed		960	0	53	907	1.0	paper_absent_prediction_ranked_after_returned	0.6261516123754586
GSE128033	SC95IPFLOW	GSE128033_SC95IPFLOW_IPF_8cell	GSE128033_SC95IPFLOW_IPF_8cell	H-common	H-common_representable	Connectome specificity	0.6322522934825571	0.1098098665195423	0.2830188679245283	0.2830188679245283	0.958103638368247	0.2830188679245283	0.2411225062927752	15	38	869	38	53	0.1931504766707532	top_k_tie_expanded	0.1098098665195423	average_precision_step_integral_tie_aware	higher	960	960	960	1.0	1.0	53	907	53	907	1.0	1.0	0	53		exclude_and_report_coverage_never_impute_zero	observed		960	0	53	907	1.0	paper_absent_prediction_ranked_after_returned	0.6060061898234347
GSE128033	SC95IPFLOW	GSE128033_SC95IPFLOW_IPF_8cell	GSE128033_SC95IPFLOW_IPF_8cell	H-common	H-common_representable	LIANA magnitude consensus	0.6332716190634686	0.1197158514856055	0.3018867924528302	0.3018867924528302	0.9592061742006616	0.3018867924528302	0.2610929666534917	16	37	870	37	53	-0.0260836229923045	top_k_tie_expanded	0.1197158514856055	average_precision_step_integral_tie_aware	higher	960	960	960	1.0	1.0	53	907	53	907	1.0	1.0	0	53		exclude_and_report_coverage_never_impute_zero	observed		960	0	53	907	1.0	paper_absent_prediction_ranked_after_returned	0.6202372817789208
GSE128033	SC95IPFLOW	GSE128033_SC95IPFLOW_IPF_8cell	GSE128033_SC95IPFLOW_IPF_8cell	H-common	H-common_representable	LIANA specificity consensus	0.6337084728838593	0.1198823952952174	0.320754716981132	0.320754716981132	0.960308710033076	0.320754716981132	0.2810634270142081	17	36	871	36	53	-3.361662369256188e-05	top_k_tie_expanded	0.1198823952952174	average_precision_step_integral_tie_aware	higher	960	960	960	1.0	1.0	53	907	53	907	1.0	1.0	0	53		exclude_and_report_coverage_never_impute_zero	observed		960	0	53	907	1.0	paper_absent_prediction_ranked_after_returned	0.619967810934001
GSE128033	SC95IPFLOW	GSE128033_SC95IPFLOW_IPF_8cell	GSE128033_SC95IPFLOW_IPF_8cell	H-common	H-common_representable	NATMI specificity	0.6341037215784985	0.1299151452161996	0.320754716981132	0.320754716981132	0.960308710033076	0.320754716981132	0.2810634270142081	17	36	871	36	53	0.026156498119235	top_k_tie_expanded	0.1299151452161996	average_precision_step_integral_tie_aware	higher	960	960	960	1.0	1.0	53	907	53	907	1.0	1.0	0	53		exclude_and_report_coverage_never_impute_zero	observed		960	0	53	907	1.0	paper_absent_prediction_ranked_after_returned	0.621114896013729
GSE128033	SC95IPFLOW	GSE128033_SC95IPFLOW_IPF_8cell	GSE128033_SC95IPFLOW_IPF_8cell	H-common	H-common_representable	SingleCellSignalR LRscore	0.6339997087641197	0.1253497078644512	0.3018867924528302	0.3018867924528302	0.9592061742006616	0.3018867924528302	0.2610929666534917	16	37	870	37	53	0.6495969295501709	top_k_tie_expanded	0.1253497078644512	average_precision_step_integral_tie_aware	higher	960	960	960	1.0	1.0	53	907	53	907	1.0	1.0	0	53		exclude_and_report_coverage_never_impute_zero	observed		65	895	17	48	0.320754716981132	paper_absent_prediction_ranked_after_returned	0.6145620900320062
GSE128033	SC95IPFLOW	GSE128033_SC95IPFLOW_IPF_8cell	GSE128033_SC95IPFLOW_IPF_8cell	H-common	H-common_representable	logFC specificity	0.6328555678059536	0.1144658937100677	0.3018867924528302	0.3018867924528302	0.9592061742006616	0.3018867924528302	0.2610929666534917	16	37	870	37	53	0.1348640769720077	top_k_tie_expanded	0.1144658937100677	average_precision_step_integral_tie_aware	higher	960	960	960	1.0	1.0	53	907	53	907	1.0	1.0	0	53		exclude_and_report_coverage_never_impute_zero	observed		960	0	53	907	1.0	paper_absent_prediction_ranked_after_returned	0.616984060005858
GSE135893	TILD001	GSE135893_TILD001_IPF_8cell	GSE135893_TILD001_IPF_8cell	H-common	H-common_representable	CRYCHIC availability-state	0.4162696844251212	0.0728427178450036	0.0754716981132075	0.0754716981132075	0.9459757442116868	0.0754716981132075	0.0214474423248944	4	49	858	49	53	0.0077794983786314	top_k_tie_expanded	0.0728427178450036	average_precision_step_integral_tie_aware	higher	960	960	960	1.0	1.0	53	907	53	907	1.0	1.0	0	53		exclude_and_report_coverage_never_impute_zero	observed		240	720	4	236	0.0754716981132075	paper_absent_prediction_ranked_after_returned	0.5263992213237496
GSE135893	TILD001	GSE135893_TILD001_IPF_8cell	GSE135893_TILD001_IPF_8cell	H-common	H-common_representable	CellChat composite	0.5145201888872709	0.0669614779874213	0.0552083333333333	1.0	0.0	0.104639684106614		53	907	0	0	960	-0.9991962733668446	top_k_tie_expanded	0.0669614779874213	average_precision_step_integral_tie_aware	higher	960	960	960	1.0	1.0	53	907	53	907	1.0	1.0	0	53		exclude_and_report_coverage_never_impute_zero	observed		10	950	2	8	0.0377358490566037	paper_absent_prediction_ranked_after_returned	0.5172641509433963
GSE135893	TILD001	GSE135893_TILD001_IPF_8cell	GSE135893_TILD001_IPF_8cell	H-common	H-common_representable	CellChat p-value	0.4122339872272264	0.0600563417190775	0.0166666666666666	0.0754716981132075	0.7398015435501654	0.0273037542662116	-0.0974315290805063	4	236	671	49	240	-1.0	top_k_tie_expanded	0.0600563417190775	average_precision_step_integral_tie_aware	higher	960	960	960	1.0	1.0	53	907	53	907	1.0	1.0	0	53		exclude_and_report_coverage_never_impute_zero	observed		240	720	4	236	0.0754716981132075	paper_absent_prediction_ranked_after_returned	0.504131569081973
GSE135893	TILD001	GSE135893_TILD001_IPF_8cell	GSE135893_TILD001_IPF_8cell	H-common	H-common_representable	CellPhoneDB composite	0.5108277339768259	0.0701061320754717	0.0552083333333333	1.0	0.0	0.104639684106614		53	907	0	0	960	-0.908346101641655	top_k_tie_expanded	0.0701061320754717	average_precision_step_integral_tie_aware	higher	960	960	960	1.0	1.0	53	907	53	907	1.0	1.0	0	53		exclude_and_report_coverage_never_impute_zero	observed		17	943	2	15	0.0377358490566037	paper_absent_prediction_ranked_after_returned	0.518050314465409
GSE135893	TILD001	GSE135893_TILD001_IPF_8cell	GSE135893_TILD001_IPF_8cell	H-common	H-common_representable	CellPhoneDB p-value	0.4117555282810842	0.0563875786163522	0.0166666666666666	0.0754716981132075	0.7398015435501654	0.0273037542662116	-0.0974315290805063	4	236	671	49	240	-1.0	top_k_tie_expanded	0.0563875786163522	average_precision_step_integral_tie_aware	higher	960	960	960	1.0	1.0	53	907	53	907	1.0	1.0	0	53		exclude_and_report_coverage_never_impute_zero	observed		240	720	4	236	0.0754716981132075	paper_absent_prediction_ranked_after_returned	0.5011254471831466
GSE135893	TILD001	GSE135893_TILD001_IPF_8cell	GSE135893_TILD001_IPF_8cell	H-common	H-common_representable	Connectome specificity	0.4119219487840902	0.0686517295597484	0.0166666666666666	0.0754716981132075	0.7398015435501654	0.0273037542662116	-0.0974315290805063	4	236	671	49	240	-1.4768244529788013	top_k_tie_expanded	0.0686517295597484	average_precision_step_integral_tie_aware	higher	960	960	960	1.0	1.0	53	907	53	907	1.0	1.0	0	53		exclude_and_report_coverage_never_impute_zero	observed		240	720	4	236	0.0754716981132075	paper_absent_prediction_ranked_after_returned	0.5070105686463576
GSE135893	TILD001	GSE135893_TILD001_IPF_8cell	GSE135893_TILD001_IPF_8cell	H-common	H-common_representable	LIANA magnitude consensus	0.4119219487840902	0.0686517295597484	0.0166666666666666	0.0754716981132075	0.7398015435501654	0.0273037542662116	-0.0974315290805063	4	236	671	49	240	-1.0	top_k_tie_expanded	0.0686517295597484	average_precision_step_integral_tie_aware	higher	960	960	960	1.0	1.0	53	907	53	907	1.0	1.0	0	53		exclude_and_report_coverage_never_impute_zero	observed		240	720	4	236	0.0754716981132075	paper_absent_prediction_ranked_after_returned	0.5061629745715568
GSE135893	TILD001	GSE135893_TILD001_IPF_8cell	GSE135893_TILD001_IPF_8cell	H-common	H-common_representable	LIANA specificity consensus	0.4118595410954629	0.0633507412398921	0.0166666666666666	0.0754716981132075	0.7398015435501654	0.0273037542662116	-0.0974315290805063	4	236	671	49	240	-1.0	top_k_tie_expanded	0.0633507412398921	average_precision_step_integral_tie_aware	higher	960	960	960	1.0	1.0	53	907	53	907	1.0	1.0	0	53		exclude_and_report_coverage_never_impute_zero	observed		240	720	4	236	0.0754716981132075	paper_absent_prediction_ranked_after_returned	0.505536357892556
GSE135893	TILD001	GSE135893_TILD001_IPF_8cell	GSE135893_TILD001_IPF_8cell	H-common	H-common_representable	NATMI specificity	0.4116723180295812	0.0575106693620844	0.0166666666666666	0.0754716981132075	0.7398015435501654	0.0273037542662116	-0.0974315290805063	4	236	671	49	240	0.0105086406692862	top_k_tie_expanded	0.0575106693620844	average_precision_step_integral_tie_aware	higher	960	960	960	1.0	1.0	53	907	53	907	1.0	1.0	0	53		exclude_and_report_coverage_never_impute_zero	observed		240	720	4	236	0.0754716981132075	paper_absent_prediction_ranked_after_returned	0.5027417638842175
GSE135893	TILD001	GSE135893_TILD001_IPF_8cell	GSE135893_TILD001_IPF_8cell	H-common	H-common_representable	SingleCellSignalR LRscore	0.5049926150901791	0.0701061320754717	0.0552083333333333	1.0	0.0	0.104639684106614		53	907	0	0	960	-0.4995951652526855	top_k_tie_expanded	0.0701061320754717	average_precision_step_integral_tie_aware	higher	960	960	960	1.0	1.0	53	907	53	907	1.0	1.0	0	53		exclude_and_report_coverage_never_impute_zero	observed		28	932	2	26	0.0377358490566037	paper_absent_prediction_ranked_after_returned	0.5170754716981133
GSE135893	TILD001	GSE135893_TILD001_IPF_8cell	GSE135893_TILD001_IPF_8cell	H-common	H-common_representable	logFC specificity	0.411693120592457	0.0577965470064526	0.0166666666666666	0.0754716981132075	0.7398015435501654	0.0273037542662116	-0.0974315290805063	4	236	671	49	240	-2.5652174949646	top_k_tie_expanded	0.0577965470064526	average_precision_step_integral_tie_aware	higher	960	960	960	1.0	1.0	53	907	53	907	1.0	1.0	0	53		exclude_and_report_coverage_never_impute_zero	observed		240	720	4	236	0.0754716981132075	paper_absent_prediction_ranked_after_returned	0.5016602922810619
GSE135893	TILD006	GSE135893_TILD006_IPF_8cell	GSE135893_TILD006_IPF_8cell	H-common	H-common_representable	CRYCHIC availability-state	0.6121778203074619	0.1707160332997964	0.2830188679245283	0.2830188679245283	0.958103638368247	0.2830188679245283	0.2411225062927752	15	38	869	38	53	0.0252466281563836	top_k_tie_expanded	0.1707160332997964	average_precision_step_integral_tie_aware	higher	960	960	960	1.0	1.0	53	907	53	907	1.0	1.0	0	53		exclude_and_report_coverage_never_impute_zero	observed		735	225	39	696	0.7358490566037735	paper_absent_prediction_ranked_after_returned	0.661653548078784
GSE135893	TILD006	GSE135893_TILD006_IPF_8cell	GSE135893_TILD006_IPF_8cell	H-common	H-common_representable	CellChat composite	0.5161739926358927	0.0814268867924528	0.0552083333333333	1.0	0.0	0.104639684106614		53	907	0	0	960	-0.999561636986324	top_k_tie_expanded	0.0814268867924528	average_precision_step_integral_tie_aware	higher	960	960	960	1.0	1.0	53	907	53	907	1.0	1.0	0	53		exclude_and_report_coverage_never_impute_zero	observed		7	953	2	5	0.0377358490566037	paper_absent_prediction_ranked_after_returned	0.5177358490566039
GSE135893	TILD006	GSE135893_TILD006_IPF_8cell	GSE135893_TILD006_IPF_8cell	H-common	H-common_representable	CellChat p-value	0.5288739572715359	0.0676031515654157	0.0580847723704866	0.6981132075471698	0.3384785005512679	0.1072463768115942	0.017686963671576	37	600	307	16	637	-1.0	top_k_tie_expanded	0.0676031515654157	average_precision_step_integral_tie_aware	higher	960	960	960	1.0	1.0	53	907	53	907	1.0	1.0	0	53		exclude_and_report_coverage_never_impute_zero	observed		637	323	37	600	0.6981132075471698	paper_absent_prediction_ranked_after_returned	0.5269913807208979
GSE135893	TILD006	GSE135893_TILD006_IPF_8cell	GSE135893_TILD006_IPF_8cell	H-common	H-common_representable	CellPhoneDB composite	0.5849784693474236	0.1112629934343968	0.0552083333333333	1.0	0.0	0.104639684106614		53	907	0	0	960	-0.8886444270610809	top_k_tie_expanded	0.1112629934343968	average_precision_step_integral_tie_aware	higher	960	960	960	1.0	1.0	53	907	53	907	1.0	1.0	0	53		exclude_and_report_coverage_never_impute_zero	observed		26	934	10	16	0.1886792452830188	paper_absent_prediction_ranked_after_returned	0.5775088732022694
GSE135893	TILD006	GSE135893_TILD006_IPF_8cell	GSE135893_TILD006_IPF_8cell	H-common	H-common_representable	CellPhoneDB p-value	0.5851240872875538	0.1348619722331471	0.0580847723704866	0.6981132075471698	0.3384785005512679	0.1072463768115942	0.017686963671576	37	600	307	16	637	-1.0	top_k_tie_expanded	0.1348619722331471	average_precision_step_integral_tie_aware	higher	960	960	960	1.0	1.0	53	907	53	907	1.0	1.0	0	53		exclude_and_report_coverage_never_impute_zero	observed		637	323	37	600	0.6981132075471698	paper_absent_prediction_ranked_after_returned	0.6018903495636962
GSE135893	TILD006	GSE135893_TILD006_IPF_8cell	GSE135893_TILD006_IPF_8cell	H-common	H-common_representable	Connectome specificity	0.5905639574795615	0.1640938204942197	0.0580847723704866	0.6981132075471698	0.3384785005512679	0.1072463768115942	0.017686963671576	37	600	307	16	637	-1.373949735423526	top_k_tie_expanded	0.1640938204942197	average_precision_step_integral_tie_aware	higher	960	960	960	1.0	1.0	53	907	53	907	1.0	1.0	0	53		exclude_and_report_coverage_never_impute_zero	observed		637	323	37	600	0.6981132075471698	paper_absent_prediction_ranked_after_returned	0.6165668421313544
GSE135893	TILD006	GSE135893_TILD006_IPF_8cell	GSE135893_TILD006_IPF_8cell	H-common	H-common_representable	LIANA magnitude consensus	0.5891077780782592	0.1213437283034696	0.0580847723704866	0.6981132075471698	0.3384785005512679	0.1072463768115942	0.017686963671576	37	600	307	16	637	-1.0	top_k_tie_expanded	0.1213437283034696	average_precision_step_integral_tie_aware	higher	960	960	960	1.0	1.0	53	907	53	907	1.0	1.0	0	53		exclude_and_report_coverage_never_impute_zero	observed		637	323	37	600	0.6981132075471698	paper_absent_prediction_ranked_after_returned	0.6036489838029994
GSE135893	TILD006	GSE135893_TILD006_IPF_8cell	GSE135893_TILD006_IPF_8cell	H-common	H-common_representable	LIANA specificity consensus	0.5906055626053129	0.1427088446689683	0.0580847723704866	0.6981132075471698	0.3384785005512679	0.1072463768115942	0.017686963671576	37	600	307	16	637	-1.0	top_k_tie_expanded	0.1427088446689683	average_precision_step_integral_tie_aware	higher	960	960	960	1.0	1.0	53	907	53	907	1.0	1.0	0	53		exclude_and_report_coverage_never_impute_zero	observed		637	323	37	600	0.6981132075471698	paper_absent_prediction_ranked_after_returned	0.6115009440259079
GSE135893	TILD006	GSE135893_TILD006_IPF_8cell	GSE135893_TILD006_IPF_8cell	H-common	H-common_representable	NATMI specificity	0.5895654344615257	0.1452186987831659	0.0580847723704866	0.6981132075471698	0.3384785005512679	0.1072463768115942	0.017686963671576	37	600	307	16	637	0.004179264884442	top_k_tie_expanded	0.1452186987831659	average_precision_step_integral_tie_aware	higher	960	960	960	1.0	1.0	53	907	53	907	1.0	1.0	0	53		exclude_and_report_coverage_never_impute_zero	observed		637	323	37	600	0.6981132075471698	paper_absent_prediction_ranked_after_returned	0.6077289501586598
GSE135893	TILD006	GSE135893_TILD006_IPF_8cell	GSE135893_TILD006_IPF_8cell	H-common	H-common_representable	SingleCellSignalR LRscore	0.6083501487383246	0.1206917103928674	0.0552083333333333	1.0	0.0	0.104639684106614		53	907	0	0	960	-0.4850645661354065	top_k_tie_expanded	0.1206917103928674	average_precision_step_integral_tie_aware	higher	960	960	960	1.0	1.0	53	907	53	907	1.0	1.0	0	53		exclude_and_report_coverage_never_impute_zero	observed		37	923	13	24	0.2452830188679245	paper_absent_prediction_ranked_after_returned	0.5989927340972013
GSE135893	TILD006	GSE135893_TILD006_IPF_8cell	GSE135893_TILD006_IPF_8cell	H-common	H-common_representable	logFC specificity	0.5900646959705436	0.1409970516492718	0.0580847723704866	0.6981132075471698	0.3384785005512679	0.1072463768115942	0.017686963671576	37	600	307	16	637	-2.2336537837982178	top_k_tie_expanded	0.1409970516492718	average_precision_step_integral_tie_aware	higher	960	960	960	1.0	1.0	53	907	53	907	1.0	1.0	0	53		exclude_and_report_coverage_never_impute_zero	observed		637	323	37	600	0.6981132075471698	paper_absent_prediction_ranked_after_returned	0.6134074402378651
GSE135893	TILD010	GSE135893_TILD010_IPF_8cell	GSE135893_TILD010_IPF_8cell	H-common	H-common_representable	CRYCHIC availability-state	0.5043165317967173	0.156402241189977	0.0518518518518518	0.1320754716981132	0.8588754134509372	0.0744680851063829	-0.005945026845944	7	128	779	46	135	0.0	top_k_tie_expanded	0.156402241189977	average_precision_step_integral_tie_aware	higher	960	960	960	1.0	1.0	53	907	53	907	1.0	1.0	0	53		exclude_and_report_coverage_never_impute_zero	observed		135	825	7	128	0.1320754716981132	paper_absent_prediction_ranked_after_returned	0.5623125799776744
GSE135893	TILD010	GSE135893_TILD010_IPF_8cell	GSE135893_TILD010_IPF_8cell	H-common	H-common_representable	CellChat composite	0.5277610201576834	0.1039701257861635	0.0552083333333333	1.0	0.0	0.104639684106614		53	907	0	0	960	-0.9991632849298332	top_k_tie_expanded	0.1039701257861635	average_precision_step_integral_tie_aware	higher	960	960	960	1.0	1.0	53	907	53	907	1.0	1.0	0	53		exclude_and_report_coverage_never_impute_zero	observed		4	956	3	1	0.0566037735849056	paper_absent_prediction_ranked_after_returned	0.5281132075471698
GSE135893	TILD010	GSE135893_TILD010_IPF_8cell	GSE135893_TILD010_IPF_8cell	H-common	H-common_representable	CellChat p-value	0.5087578789706891	0.0948848975971617	0.0598290598290598	0.1320754716981132	0.8787210584343991	0.0823529411764705	0.0075373565767689	7	110	797	46	117	-1.0	top_k_tie_expanded	0.0948848975971617	average_precision_step_integral_tie_aware	higher	960	960	960	1.0	1.0	53	907	53	907	1.0	1.0	0	53		exclude_and_report_coverage_never_impute_zero	observed		117	843	7	110	0.1320754716981132	paper_absent_prediction_ranked_after_returned	0.53082392242828
GSE135893	TILD010	GSE135893_TILD010_IPF_8cell	GSE135893_TILD010_IPF_8cell	H-common	H-common_representable	CellPhoneDB composite	0.546566536997358	0.1169811320754717	0.0552083333333333	1.0	0.0	0.104639684106614		53	907	0	0	960	-0.8704527467489243	top_k_tie_expanded	0.1169811320754717	average_precision_step_integral_tie_aware	higher	960	960	960	1.0	1.0	53	907	53	907	1.0	1.0	0	53		exclude_and_report_coverage_never_impute_zero	observed		6	954	5	1	0.0943396226415094	paper_absent_prediction_ranked_after_returned	0.5449811320754718
GSE135893	TILD010	GSE135893_TILD010_IPF_8cell	GSE135893_TILD010_IPF_8cell	H-common	H-common_representable	CellPhoneDB p-value	0.5121799005637494	0.1438343757919229	0.0598290598290598	0.1320754716981132	0.8787210584343991	0.0823529411764705	0.0075373565767689	7	110	797	46	117	-1.0	top_k_tie_expanded	0.1438343757919229	average_precision_step_integral_tie_aware	higher	960	960	960	1.0	1.0	53	907	53	907	1.0	1.0	0	53		exclude_and_report_coverage_never_impute_zero	observed		117	843	7	110	0.1320754716981132	paper_absent_prediction_ranked_after_returned	0.5569091361400639
GSE135893	TILD010	GSE135893_TILD010_IPF_8cell	GSE135893_TILD010_IPF_8cell	H-common	H-common_representable	Connectome specificity	0.5122007031266252	0.1575360828898565	0.0598290598290598	0.1320754716981132	0.8787210584343991	0.0823529411764705	0.0075373565767689	7	110	797	46	117	-0.855380667943757	top_k_tie_expanded	0.1575360828898565	average_precision_step_integral_tie_aware	higher	960	960	960	1.0	1.0	53	907	53	907	1.0	1.0	0	53		exclude_and_report_coverage_never_impute_zero	observed		117	843	7	110	0.1320754716981132	paper_absent_prediction_ranked_after_returned	0.5568415355017085
GSE135893	TILD010	GSE135893_TILD010_IPF_8cell	GSE135893_TILD010_IPF_8cell	H-common	H-common_representable	LIANA magnitude consensus	0.5121174928751222	0.1321991556661368	0.0598290598290598	0.1320754716981132	0.8787210584343991	0.0823529411764705	0.0075373565767689	7	110	797	46	117	-1.0	top_k_tie_expanded	0.1321991556661368	average_precision_step_integral_tie_aware	higher	960	960	960	1.0	1.0	53	907	53	907	1.0	1.0	0	53		exclude_and_report_coverage_never_impute_zero	observed		117	843	7	110	0.1320754716981132	paper_absent_prediction_ranked_after_returned	0.5564065039350833
GSE135893	TILD010	GSE135893_TILD010_IPF_8cell	GSE135893_TILD010_IPF_8cell	H-common	H-common_representable	LIANA specificity consensus	0.5122007031266252	0.1564129921441242	0.0598290598290598	0.1320754716981132	0.8787210584343991	0.0823529411764705	0.0075373565767689	7	110	797	46	117	-1.0	top_k_tie_expanded	0.1564129921441242	average_precision_step_integral_tie_aware	higher	960	960	960	1.0	1.0	53	907	53	907	1.0	1.0	0	53		exclude_and_report_coverage_never_impute_zero	observed		117	843	7	110	0.1320754716981132	paper_absent_prediction_ranked_after_returned	0.5569397972874008
GSE135893	TILD010	GSE135893_TILD010_IPF_8cell	GSE135893_TILD010_IPF_8cell	H-common	H-common_representable	NATMI specificity	0.5121174928751222	0.1321991556661368	0.0598290598290598	0.1320754716981132	0.8787210584343991	0.0823529411764705	0.0075373565767689	7	110	797	46	117	0.0305362157523632	top_k_tie_expanded	0.1321991556661368	average_precision_step_integral_tie_aware	higher	960	960	960	1.0	1.0	53	907	53	907	1.0	1.0	0	53		exclude_and_report_coverage_never_impute_zero	observed		117	843	7	110	0.1320754716981132	paper_absent_prediction_ranked_after_returned	0.5544246768226483
GSE135893	TILD010	GSE135893_TILD010_IPF_8cell	GSE135893_TILD010_IPF_8cell	H-common	H-common_representable	SingleCellSignalR LRscore	0.5555220403153669	0.1415459344115004	0.0552083333333333	1.0	0.0	0.104639684106614		53	907	0	0	960	-0.4935923814773559	top_k_tie_expanded	0.1415459344115004	average_precision_step_integral_tie_aware	higher	960	960	960	1.0	1.0	53	907	53	907	1.0	1.0	0	53		exclude_and_report_coverage_never_impute_zero	observed		8	952	6	2	0.1132075471698113	paper_absent_prediction_ranked_after_returned	0.554954177897574
GSE135893	TILD010	GSE135893_TILD010_IPF_8cell	GSE135893_TILD010_IPF_8cell	H-common	H-common_representable	logFC specificity	0.5121382954379979	0.1416331179302877	0.0598290598290598	0.1320754716981132	0.8787210584343991	0.0823529411764705	0.0075373565767689	7	110	797	46	117	-1.6012588739395142	top_k_tie_expanded	0.1416331179302877	average_precision_step_integral_tie_aware	higher	960	960	960	1.0	1.0	53	907	53	907	1.0	1.0	0	53		exclude_and_report_coverage_never_impute_zero	observed		117	843	7	110	0.1320754716981132	paper_absent_prediction_ranked_after_returned	0.5557149402057985
GSE135893	TILD015	GSE135893_TILD015_IPF_8cell	GSE135893_TILD015_IPF_8cell	H-common	H-common_representable	CRYCHIC availability-state	0.5914584676832185	0.1827293530350123	0.2830188679245283	0.2830188679245283	0.958103638368247	0.2830188679245283	0.2411225062927752	15	38	869	38	53	0.0894151081679759	top_k_tie_expanded	0.1827293530350123	average_precision_step_integral_tie_aware	higher	960	960	960	1.0	1.0	53	907	53	907	1.0	1.0	0	53		exclude_and_report_coverage_never_impute_zero	observed		735	225	39	696	0.7358490566037735	paper_absent_prediction_ranked_after_returned	0.6664912866798527
GSE135893	TILD015	GSE135893_TILD015_IPF_8cell	GSE135893_TILD015_IPF_8cell	H-common	H-common_representable	CellChat composite	0.5821805246406357	0.1231542986086549	0.0552083333333333	1.0	0.0	0.104639684106614		53	907	0	0	960	-0.9998094545197576	top_k_tie_expanded	0.1231542986086549	average_precision_step_integral_tie_aware	higher	960	960	960	1.0	1.0	53	907	53	907	1.0	1.0	0	53		exclude_and_report_coverage_never_impute_zero	observed		33	927	10	23	0.1886792452830188	paper_absent_prediction_ranked_after_returned	0.5805414674424109
GSE135893	TILD015	GSE135893_TILD015_IPF_8cell	GSE135893_TILD015_IPF_8cell	H-common	H-common_representable	CellChat p-value	0.547305027979447	0.1007923623995052	0.0530612244897959	0.7358490566037735	0.2326350606394708	0.098984771573604	-0.0169916723859086	39	696	211	14	735	-1.0	top_k_tie_expanded	0.1007923623995052	average_precision_step_integral_tie_aware	higher	960	960	960	1.0	1.0	53	907	53	907	1.0	1.0	0	53		exclude_and_report_coverage_never_impute_zero	observed		735	225	39	696	0.7358490566037735	paper_absent_prediction_ranked_after_returned	0.5727499820149458
GSE135893	TILD015	GSE135893_TILD015_IPF_8cell	GSE135893_TILD015_IPF_8cell	H-common	H-common_representable	CellPhoneDB composite	0.6036487695284058	0.1182631091777585	0.0552083333333333	1.0	0.0	0.104639684106614		53	907	0	0	960	-0.9189342260360718	top_k_tie_expanded	0.1182631091777585	average_precision_step_integral_tie_aware	higher	960	960	960	1.0	1.0	53	907	53	907	1.0	1.0	0	53		exclude_and_report_coverage_never_impute_zero	observed		48	912	13	35	0.2452830188679245	paper_absent_prediction_ranked_after_returned	0.5981677244632295
GSE135893	TILD015	GSE135893_TILD015_IPF_8cell	GSE135893_TILD015_IPF_8cell	H-common	H-common_representable	CellPhoneDB p-value	0.5878908281500281	0.1284214855132212	0.2452830188679245	0.2452830188679245	0.955898566703418	0.2452830188679245	0.2011815855713424	13	40	867	40	53	-0.23	top_k_tie_expanded	0.1284214855132212	average_precision_step_integral_tie_aware	higher	960	960	960	1.0	1.0	53	907	53	907	1.0	1.0	0	53		exclude_and_report_coverage_never_impute_zero	observed		735	225	39	696	0.7358490566037735	paper_absent_prediction_ranked_after_returned	0.6152489821349394
GSE135893	TILD015	GSE135893_TILD015_IPF_8cell	GSE135893_TILD015_IPF_8cell	H-common	H-common_representable	Connectome specificity	0.589783861371721	0.1781011170961243	0.2830188679245283	0.2830188679245283	0.958103638368247	0.2830188679245283	0.2411225062927752	15	38	869	38	53	0.0723712484439515	top_k_tie_expanded	0.1781011170961243	average_precision_step_integral_tie_aware	higher	960	960	960	1.0	1.0	53	907	53	907	1.0	1.0	0	53		exclude_and_report_coverage_never_impute_zero	observed		735	225	39	696	0.7358490566037735	paper_absent_prediction_ranked_after_returned	0.6429661629820984
GSE135893	TILD015	GSE135893_TILD015_IPF_8cell	GSE135893_TILD015_IPF_8cell	H-common	H-common_representable	LIANA magnitude consensus	0.5859977949283351	0.1400205555855583	0.2264150943396226	0.2264150943396226	0.9547960308710032	0.2264150943396226	0.1812111252106259	12	41	866	41	53	-0.0305684750413866	top_k_tie_expanded	0.1400205555855583	average_precision_step_integral_tie_aware	higher	960	960	960	1.0	1.0	53	907	53	907	1.0	1.0	0	53		exclude_and_report_coverage_never_impute_zero	observed		735	225	39	696	0.7358490566037735	paper_absent_prediction_ranked_after_returned	0.6247182285877184
GSE135893	TILD015	GSE135893_TILD015_IPF_8cell	GSE135893_TILD015_IPF_8cell	H-common	H-common_representable	LIANA specificity consensus	0.5898462690603482	0.1875725572640581	0.2641509433962264	0.2641509433962264	0.9570011025358324	0.2641509433962264	0.2211520459320588	14	39	868	39	53	-0.0002359817272067	top_k_tie_expanded	0.1875725572640581	average_precision_step_integral_tie_aware	higher	960	960	960	1.0	1.0	53	907	53	907	1.0	1.0	0	53		exclude_and_report_coverage_never_impute_zero	observed		735	225	39	696	0.7358490566037735	paper_absent_prediction_ranked_after_returned	0.6416951185043253
GSE135893	TILD015	GSE135893_TILD015_IPF_8cell	GSE135893_TILD015_IPF_8cell	H-common	H-common_representable	NATMI specificity	0.5865802666888561	0.1449425598548953	0.2452830188679245	0.2452830188679245	0.955898566703418	0.2452830188679245	0.2011815855713424	13	40	867	40	53	0.0508956164121627	top_k_tie_expanded	0.1449425598548953	average_precision_step_integral_tie_aware	higher	960	960	960	1.0	1.0	53	907	53	907	1.0	1.0	0	53		exclude_and_report_coverage_never_impute_zero	observed		735	225	39	696	0.7358490566037735	paper_absent_prediction_ranked_after_returned	0.6322678224008182
GSE135893	TILD015	GSE135893_TILD015_IPF_8cell	GSE135893_TILD015_IPF_8cell	H-common	H-common_representable	SingleCellSignalR LRscore	0.6294023423685798	0.1430441524222523	0.2264150943396226	0.2264150943396226	0.9547960308710032	0.2264150943396226	0.1812111252106259	12	41	866	41	53	0.7542742490768433	top_k_tie_expanded	0.1430441524222523	average_precision_step_integral_tie_aware	higher	960	960	960	1.0	1.0	53	907	53	907	1.0	1.0	0	53		exclude_and_report_coverage_never_impute_zero	observed		99	861	18	81	0.3396226415094339	paper_absent_prediction_ranked_after_returned	0.632970074715894
GSE135893	TILD015	GSE135893_TILD015_IPF_8cell	GSE135893_TILD015_IPF_8cell	H-common	H-common_representable	logFC specificity	0.5867466871918621	0.1383442753779293	0.2641509433962264	0.2641509433962264	0.9570011025358324	0.2641509433962264	0.2211520459320588	14	39	868	39	53	-0.0966493785381317	top_k_tie_expanded	0.1383442753779293	average_precision_step_integral_tie_aware	higher	960	960	960	1.0	1.0	53	907	53	907	1.0	1.0	0	53		exclude_and_report_coverage_never_impute_zero	observed		735	225	39	696	0.7358490566037735	paper_absent_prediction_ranked_after_returned	0.6247708677231835
GSE135893	TILD028	GSE135893_TILD028_IPF_8cell	GSE135893_TILD028_IPF_8cell	H-common	H-common_representable	CRYCHIC availability-state	0.6195315262840382	0.1938111868913359	0.2641509433962264	0.2641509433962264	0.9570011025358324	0.2641509433962264	0.2211520459320588	14	39	868	39	53	0.0320350183039526	top_k_tie_expanded	0.1938111868913359	average_precision_step_integral_tie_aware	higher	960	960	960	1.0	1.0	53	907	53	907	1.0	1.0	0	53		exclude_and_report_coverage_never_impute_zero	observed		735	225	39	696	0.7358490566037735	paper_absent_prediction_ranked_after_returned	0.6911808739549654
GSE135893	TILD028	GSE135893_TILD028_IPF_8cell	GSE135893_TILD028_IPF_8cell	H-common	H-common_representable	CellChat composite	0.5349379043498159	0.08458464360587	0.0552083333333333	1.0	0.0	0.104639684106614		53	907	0	0	960	-0.999560074598279	top_k_tie_expanded	0.08458464360587	average_precision_step_integral_tie_aware	higher	960	960	960	1.0	1.0	53	907	53	907	1.0	1.0	0	53		exclude_and_report_coverage_never_impute_zero	observed		9	951	4	5	0.0754716981132075	paper_absent_prediction_ranked_after_returned	0.5337767295597484
GSE135893	TILD028	GSE135893_TILD028_IPF_8cell	GSE135893_TILD028_IPF_8cell	H-common	H-common_representable	CellChat p-value	0.5108069314139502	0.083166741539383	0.0530612244897959	0.7358490566037735	0.2326350606394708	0.098984771573604	-0.0169916723859086	39	696	211	14	735	-1.0	top_k_tie_expanded	0.083166741539383	average_precision_step_integral_tie_aware	higher	960	960	960	1.0	1.0	53	907	53	907	1.0	1.0	0	53		exclude_and_report_coverage_never_impute_zero	observed		735	225	39	696	0.7358490566037735	paper_absent_prediction_ranked_after_returned	0.5264936479928489
GSE135893	TILD028	GSE135893_TILD028_IPF_8cell	GSE135893_TILD028_IPF_8cell	H-common	H-common_representable	CellPhoneDB composite	0.5741091302448461	0.1063850252837127	0.0552083333333333	1.0	0.0	0.104639684106614		53	907	0	0	960	-0.8745112121105194	top_k_tie_expanded	0.1063850252837127	average_precision_step_integral_tie_aware	higher	960	960	960	1.0	1.0	53	907	53	907	1.0	1.0	0	53		exclude_and_report_coverage_never_impute_zero	observed		29	931	9	20	0.1698113207547169	paper_absent_prediction_ranked_after_returned	0.5704236471076093
GSE135893	TILD028	GSE135893_TILD028_IPF_8cell	GSE135893_TILD028_IPF_8cell	H-common	H-common_representable	CellPhoneDB p-value	0.551319922614466	0.1097765049415992	0.0530612244897959	0.7358490566037735	0.2326350606394708	0.098984771573604	-0.0169916723859086	39	696	211	14	735	-1.0	top_k_tie_expanded	0.1097765049415992	average_precision_step_integral_tie_aware	higher	960	960	960	1.0	1.0	53	907	53	907	1.0	1.0	0	53		exclude_and_report_coverage_never_impute_zero	observed		735	225	39	696	0.7358490566037735	paper_absent_prediction_ranked_after_returned	0.5783196555147557
GSE135893	TILD028	GSE135893_TILD028_IPF_8cell	GSE135893_TILD028_IPF_8cell	H-common	H-common_representable	Connectome specificity	0.5498117368059745	0.1193823005950612	0.0530612244897959	0.7358490566037735	0.2326350606394708	0.098984771573604	-0.0169916723859086	39	696	211	14	735	-1.732896178649446	top_k_tie_expanded	0.1193823005950612	average_precision_step_integral_tie_aware	higher	960	960	960	1.0	1.0	53	907	53	907	1.0	1.0	0	53		exclude_and_report_coverage_never_impute_zero	observed		735	225	39	696	0.7358490566037735	paper_absent_prediction_ranked_after_returned	0.5790985253263162
GSE135893	TILD028	GSE135893_TILD028_IPF_8cell	GSE135893_TILD028_IPF_8cell	H-common	H-common_representable	LIANA magnitude consensus	0.5492396663268915	0.114395078192248	0.0530612244897959	0.7358490566037735	0.2326350606394708	0.098984771573604	-0.0169916723859086	39	696	211	14	735	-1.0	top_k_tie_expanded	0.114395078192248	average_precision_step_integral_tie_aware	higher	960	960	960	1.0	1.0	53	907	53	907	1.0	1.0	0	53		exclude_and_report_coverage_never_impute_zero	observed		735	225	39	696	0.7358490566037735	paper_absent_prediction_ranked_after_returned	0.5815507618738994
GSE135893	TILD028	GSE135893_TILD028_IPF_8cell	GSE135893_TILD028_IPF_8cell	H-common	H-common_representable	LIANA specificity consensus	0.5496557175844063	0.1168109378084405	0.0530612244897959	0.7358490566037735	0.2326350606394708	0.098984771573604	-0.0169916723859086	39	696	211	14	735	-1.0	top_k_tie_expanded	0.1168109378084405	average_precision_step_integral_tie_aware	higher	960	960	960	1.0	1.0	53	907	53	907	1.0	1.0	0	53		exclude_and_report_coverage_never_impute_zero	observed		735	225	39	696	0.7358490566037735	paper_absent_prediction_ranked_after_returned	0.5839078440437792
GSE135893	TILD028	GSE135893_TILD028_IPF_8cell	GSE135893_TILD028_IPF_8cell	H-common	H-common_representable	NATMI specificity	0.548209939464542	0.0983202246112958	0.0530612244897959	0.7358490566037735	0.2326350606394708	0.098984771573604	-0.0169916723859086	39	696	211	14	735	0.0021270485594868	top_k_tie_expanded	0.0983202246112958	average_precision_step_integral_tie_aware	higher	960	960	960	1.0	1.0	53	907	53	907	1.0	1.0	0	53		exclude_and_report_coverage_never_impute_zero	observed		735	225	39	696	0.7358490566037735	paper_absent_prediction_ranked_after_returned	0.5784336294920827
GSE135893	TILD028	GSE135893_TILD028_IPF_8cell	GSE135893_TILD028_IPF_8cell	H-common	H-common_representable	SingleCellSignalR LRscore	0.5836159014790622	0.1188996225766043	0.0552083333333333	1.0	0.0	0.104639684106614		53	907	0	0	960	-0.4863399267196655	top_k_tie_expanded	0.1188996225766043	average_precision_step_integral_tie_aware	higher	960	960	960	1.0	1.0	53	907	53	907	1.0	1.0	0	53		exclude_and_report_coverage_never_impute_zero	observed		51	909	11	40	0.2075471698113207	paper_absent_prediction_ranked_after_returned	0.587524759569571
GSE135893	TILD028	GSE135893_TILD028_IPF_8cell	GSE135893_TILD028_IPF_8cell	H-common	H-common_representable	logFC specificity	0.5490628445424476	0.1062746095081813	0.0530612244897959	0.7358490566037735	0.2326350606394708	0.098984771573604	-0.0169916723859086	39	696	211	14	735	-3.50217866897583	top_k_tie_expanded	0.1062746095081813	average_precision_step_integral_tie_aware	higher	960	960	960	1.0	1.0	53	907	53	907	1.0	1.0	0	53		exclude_and_report_coverage_never_impute_zero	observed		735	225	39	696	0.7358490566037735	paper_absent_prediction_ranked_after_returned	0.5764977931007613
GSE135893	VUILD53	GSE135893_VUILD53_IPF_8cell	GSE135893_VUILD53_IPF_8cell	H-common	H-common_representable	CRYCHIC availability-state	0.4517484554097065	0.1108907837445573	0.1132075471698113	0.1132075471698113	0.948180815876516	0.1132075471698113	0.0613883630463273	6	47	860	47	53	0.007461056588785	top_k_tie_expanded	0.1108907837445573	average_precision_step_integral_tie_aware	higher	960	960	960	1.0	1.0	53	907	53	907	1.0	1.0	0	53		exclude_and_report_coverage_never_impute_zero	observed		240	720	7	233	0.1320754716981132	paper_absent_prediction_ranked_after_returned	0.5509054742735375
GSE135893	VUILD53	GSE135893_VUILD53_IPF_8cell	GSE135893_VUILD53_IPF_8cell	H-common	H-common_representable	CellChat composite	0.5277402175948077	0.0976808176100628	0.0552083333333333	1.0	0.0	0.104639684106614		53	907	0	0	960	-0.9995183297296916	top_k_tie_expanded	0.0976808176100628	average_precision_step_integral_tie_aware	higher	960	960	960	1.0	1.0	53	907	53	907	1.0	1.0	0	53		exclude_and_report_coverage_never_impute_zero	observed		4	956	3	1	0.0566037735849056	paper_absent_prediction_ranked_after_returned	0.5272012578616352
GSE135893	VUILD53	GSE135893_VUILD53_IPF_8cell	GSE135893_VUILD53_IPF_8cell	H-common	H-common_representable	CellChat p-value	0.4614320484283664	0.0929094097726173	0.0336538461538461	0.1320754716981132	0.7783902976846747	0.053639846743295	-0.0496352366167073	7	201	706	46	208	-1.0	top_k_tie_expanded	0.0929094097726173	average_precision_step_integral_tie_aware	higher	960	960	960	1.0	1.0	53	907	53	907	1.0	1.0	0	53		exclude_and_report_coverage_never_impute_zero	observed		208	752	7	201	0.1320754716981132	paper_absent_prediction_ranked_after_returned	0.5186991192251782
GSE135893	VUILD53	GSE135893_VUILD53_IPF_8cell	GSE135893_VUILD53_IPF_8cell	H-common	H-common_representable	CellPhoneDB composite	0.5537850263152421	0.1198369306270249	0.0552083333333333	1.0	0.0	0.104639684106614		53	907	0	0	960	-0.9140002056956292	top_k_tie_expanded	0.1198369306270249	average_precision_step_integral_tie_aware	higher	960	960	960	1.0	1.0	53	907	53	907	1.0	1.0	0	53		exclude_and_report_coverage_never_impute_zero	observed		11	949	6	5	0.1132075471698113	paper_absent_prediction_ranked_after_returned	0.5536203953279424
GSE135893	VUILD53	GSE135893_VUILD53_IPF_8cell	GSE135893_VUILD53_IPF_8cell	H-common	H-common_representable	CellPhoneDB p-value	0.4672671673150132	0.1060130514139948	0.0336538461538461	0.1320754716981132	0.7783902976846747	0.053639846743295	-0.0496352366167073	7	201	706	46	208	-1.0	top_k_tie_expanded	0.1060130514139948	average_precision_step_integral_tie_aware	higher	960	960	960	1.0	1.0	53	907	53	907	1.0	1.0	0	53		exclude_and_report_coverage_never_impute_zero	observed		208	752	7	201	0.1320754716981132	paper_absent_prediction_ranked_after_returned	0.5493063016450089
GSE135893	VUILD53	GSE135893_VUILD53_IPF_8cell	GSE135893_VUILD53_IPF_8cell	H-common	H-common_representable	Connectome specificity	0.4671735557820723	0.1106585631349782	0.0336538461538461	0.1320754716981132	0.7783902976846747	0.053639846743295	-0.0496352366167073	7	201	706	46	208	-1.2580558681660048	top_k_tie_expanded	0.1106585631349782	average_precision_step_integral_tie_aware	higher	960	960	960	1.0	1.0	53	907	53	907	1.0	1.0	0	53		exclude_and_report_coverage_never_impute_zero	observed		208	752	7	201	0.1320754716981132	paper_absent_prediction_ranked_after_returned	0.5507750334542123
GSE135893	VUILD53	GSE135893_VUILD53_IPF_8cell	GSE135893_VUILD53_IPF_8cell	H-common	H-common_representable	LIANA magnitude consensus	0.466788708368871	0.1084115177275554	0.0336538461538461	0.1320754716981132	0.7783902976846747	0.053639846743295	-0.0496352366167073	7	201	706	46	208	-1.0	top_k_tie_expanded	0.1084115177275554	average_precision_step_integral_tie_aware	higher	960	960	960	1.0	1.0	53	907	53	907	1.0	1.0	0	53		exclude_and_report_coverage_never_impute_zero	observed		208	752	7	201	0.1320754716981132	paper_absent_prediction_ranked_after_returned	0.5477782423170566
GSE135893	VUILD53	GSE135893_VUILD53_IPF_8cell	GSE135893_VUILD53_IPF_8cell	H-common	H-common_representable	LIANA specificity consensus	0.4672047596263859	0.109887374156242	0.0336538461538461	0.1320754716981132	0.7783902976846747	0.053639846743295	-0.0496352366167073	7	201	706	46	208	-1.0	top_k_tie_expanded	0.109887374156242	average_precision_step_integral_tie_aware	higher	960	960	960	1.0	1.0	53	907	53	907	1.0	1.0	0	53		exclude_and_report_coverage_never_impute_zero	observed		208	752	7	201	0.1320754716981132	paper_absent_prediction_ranked_after_returned	0.5501221350569688
GSE135893	VUILD53	GSE135893_VUILD53_IPF_8cell	GSE135893_VUILD53_IPF_8cell	H-common	H-common_representable	NATMI specificity	0.467121549374883	0.1124669748490503	0.0336538461538461	0.1320754716981132	0.7783902976846747	0.053639846743295	-0.0496352366167073	7	201	706	46	208	0.0094285327941179	top_k_tie_expanded	0.1124669748490503	average_precision_step_integral_tie_aware	higher	960	960	960	1.0	1.0	53	907	53	907	1.0	1.0	0	53		exclude_and_report_coverage_never_impute_zero	observed		208	752	7	201	0.1320754716981132	paper_absent_prediction_ranked_after_returned	0.5477566808695342
GSE135893	VUILD53	GSE135893_VUILD53_IPF_8cell	GSE135893_VUILD53_IPF_8cell	H-common	H-common_representable	SingleCellSignalR LRscore	0.5465041293087308	0.1143334456424079	0.0552083333333333	1.0	0.0	0.104639684106614		53	907	0	0	960	-0.4949376583099365	top_k_tie_expanded	0.1143334456424079	average_precision_step_integral_tie_aware	higher	960	960	960	1.0	1.0	53	907	53	907	1.0	1.0	0	53		exclude_and_report_coverage_never_impute_zero	observed		25	935	6	19	0.1132075471698113	paper_absent_prediction_ranked_after_returned	0.5485213387241689
GSE135893	VUILD53	GSE135893_VUILD53_IPF_8cell	GSE135893_VUILD53_IPF_8cell	H-common	H-common_representable	logFC specificity	0.4671943583449481	0.1088616179418066	0.0336538461538461	0.1320754716981132	0.7783902976846747	0.053639846743295	-0.0496352366167073	7	201	706	46	208	-1.3247334957122805	top_k_tie_expanded	0.1088616179418066	average_precision_step_integral_tie_aware	higher	960	960	960	1.0	1.0	53	907	53	907	1.0	1.0	0	53		exclude_and_report_coverage_never_impute_zero	observed		208	752	7	201	0.1320754716981132	paper_absent_prediction_ranked_after_returned	0.5486368529179166
GSE135893	VUILD59	GSE135893_VUILD59_IPF_8cell	GSE135893_VUILD59_IPF_8cell	H-common	H-common_representable	CRYCHIC availability-state	0.7990576439017287	0.3050368990111183	0.3962264150943396	0.3962264150943396	0.9647188533627344	0.3962264150943396	0.3609452684570739	21	32	875	32	53	0.027623785693363	top_k_tie_expanded	0.3050368990111183	average_precision_step_integral_tie_aware	higher	960	960	960	1.0	1.0	53	907	53	907	1.0	1.0	0	53		exclude_and_report_coverage_never_impute_zero	observed		735	225	50	685	0.9433962264150944	paper_absent_prediction_ranked_after_returned	0.8049931006693698
GSE135893	VUILD59	GSE135893_VUILD59_IPF_8cell	GSE135893_VUILD59_IPF_8cell	H-common	H-common_representable	CellChat composite	0.5802250837303156	0.1225119389797525	0.0552083333333333	1.0	0.0	0.104639684106614		53	907	0	0	960	-0.9998491670520658	top_k_tie_expanded	0.1225119389797525	average_precision_step_integral_tie_aware	higher	960	960	960	1.0	1.0	53	907	53	907	1.0	1.0	0	53		exclude_and_report_coverage_never_impute_zero	observed		17	943	9	8	0.1698113207547169	paper_absent_prediction_ranked_after_returned	0.5740718641945057
GSE135893	VUILD59	GSE135893_VUILD59_IPF_8cell	GSE135893_VUILD59_IPF_8cell	H-common	H-common_representable	CellChat p-value	0.6540429780949013	0.1456499345021027	0.0680272108843537	0.9433962264150944	0.2447629547960308	0.1269035532994923	0.1014453311752765	50	685	222	3	735	-1.0	top_k_tie_expanded	0.1456499345021027	average_precision_step_integral_tie_aware	higher	960	960	960	1.0	1.0	53	907	53	907	1.0	1.0	0	53		exclude_and_report_coverage_never_impute_zero	observed		735	225	50	685	0.9433962264150944	paper_absent_prediction_ranked_after_returned	0.6233318766205995
GSE135893	VUILD59	GSE135893_VUILD59_IPF_8cell	GSE135893_VUILD59_IPF_8cell	H-common	H-common_representable	CellPhoneDB composite	0.6190114622121445	0.1565661484401261	0.0552083333333333	1.0	0.0	0.104639684106614		53	907	0	0	960	-0.9031496345996856	top_k_tie_expanded	0.1565661484401261	average_precision_step_integral_tie_aware	higher	960	960	960	1.0	1.0	53	907	53	907	1.0	1.0	0	53		exclude_and_report_coverage_never_impute_zero	observed		38	922	14	24	0.2641509433962264	paper_absent_prediction_ranked_after_returned	0.6168934188470887
GSE135893	VUILD59	GSE135893_VUILD59_IPF_8cell	GSE135893_VUILD59_IPF_8cell	H-common	H-common_representable	CellPhoneDB p-value	0.7004638971521291	0.1587468335974329	0.0680272108843537	0.9433962264150944	0.2447629547960308	0.1269035532994923	0.1014453311752765	50	685	222	3	735	-1.0	top_k_tie_expanded	0.1587468335974329	average_precision_step_integral_tie_aware	higher	960	960	960	1.0	1.0	53	907	53	907	1.0	1.0	0	53		exclude_and_report_coverage_never_impute_zero	observed		735	225	50	685	0.9433962264150944	paper_absent_prediction_ranked_after_returned	0.665576114406463
GSE135893	VUILD59	GSE135893_VUILD59_IPF_8cell	GSE135893_VUILD59_IPF_8cell	H-common	H-common_representable	Connectome specificity	0.7213080651536269	0.2179969699089753	0.0680272108843537	0.9433962264150944	0.2447629547960308	0.1269035532994923	0.1014453311752765	50	685	222	3	735	-1.8268285606959764	top_k_tie_expanded	0.2179969699089753	average_precision_step_integral_tie_aware	higher	960	960	960	1.0	1.0	53	907	53	907	1.0	1.0	0	53		exclude_and_report_coverage_never_impute_zero	observed		735	225	50	685	0.9433962264150944	paper_absent_prediction_ranked_after_returned	0.6919950476951938
GSE135893	VUILD59	GSE135893_VUILD59_IPF_8cell	GSE135893_VUILD59_IPF_8cell	H-common	H-common_representable	LIANA magnitude consensus	0.7215368933452602	0.2111752022971253	0.0680272108843537	0.9433962264150944	0.2447629547960308	0.1269035532994923	0.1014453311752765	50	685	222	3	735	-1.0	top_k_tie_expanded	0.2111752022971253	average_precision_step_integral_tie_aware	higher	960	960	960	1.0	1.0	53	907	53	907	1.0	1.0	0	53		exclude_and_report_coverage_never_impute_zero	observed		735	225	50	685	0.9433962264150944	paper_absent_prediction_ranked_after_returned	0.6975289191396234
GSE135893	VUILD59	GSE135893_VUILD59_IPF_8cell	GSE135893_VUILD59_IPF_8cell	H-common	H-common_representable	LIANA specificity consensus	0.7207463959559818	0.1961944417706165	0.0680272108843537	0.9433962264150944	0.2447629547960308	0.1269035532994923	0.1014453311752765	50	685	222	3	735	-1.0	top_k_tie_expanded	0.1961944417706165	average_precision_step_integral_tie_aware	higher	960	960	960	1.0	1.0	53	907	53	907	1.0	1.0	0	53		exclude_and_report_coverage_never_impute_zero	observed		735	225	50	685	0.9433962264150944	paper_absent_prediction_ranked_after_returned	0.69281655136847
GSE135893	VUILD59	GSE135893_VUILD59_IPF_8cell	GSE135893_VUILD59_IPF_8cell	H-common	H-common_representable	NATMI specificity	0.7211000395248695	0.2114803862842438	0.0680272108843537	0.9433962264150944	0.2447629547960308	0.1269035532994923	0.1014453311752765	50	685	222	3	735	0.0022454559803009	top_k_tie_expanded	0.2114803862842438	average_precision_step_integral_tie_aware	higher	960	960	960	1.0	1.0	53	907	53	907	1.0	1.0	0	53		exclude_and_report_coverage_never_impute_zero	observed		735	225	50	685	0.9433962264150944	paper_absent_prediction_ranked_after_returned	0.6945693995481597
GSE135893	VUILD59	GSE135893_VUILD59_IPF_8cell	GSE135893_VUILD59_IPF_8cell	H-common	H-common_representable	SingleCellSignalR LRscore	0.6730253167190198	0.1997552220425839	0.0552083333333333	1.0	0.0	0.104639684106614		53	907	0	0	960	-0.4902299046516418	top_k_tie_expanded	0.1997552220425839	average_precision_step_integral_tie_aware	higher	960	960	960	1.0	1.0	53	907	53	907	1.0	1.0	0	53		exclude_and_report_coverage_never_impute_zero	observed		49	911	20	29	0.3773584905660377	paper_absent_prediction_ranked_after_returned	0.6626357413427825
GSE135893	VUILD59	GSE135893_VUILD59_IPF_8cell	GSE135893_VUILD59_IPF_8cell	H-common	H-common_representable	logFC specificity	0.7206215805787273	0.1888963852096211	0.0680272108843537	0.9433962264150944	0.2447629547960308	0.1269035532994923	0.1014453311752765	50	685	222	3	735	-3.124326705932617	top_k_tie_expanded	0.1888963852096211	average_precision_step_integral_tie_aware	higher	960	960	960	1.0	1.0	53	907	53	907	1.0	1.0	0	53		exclude_and_report_coverage_never_impute_zero	observed		735	225	50	685	0.9433962264150944	paper_absent_prediction_ranked_after_returned	0.6895988965991496
GSE135893	VUILD60	GSE135893_VUILD60_IPF_8cell	GSE135893_VUILD60_IPF_8cell	H-common	H-common_representable	CRYCHIC availability-state	0.3786066443385825	0.1355876101580838	0.2075471698113207	0.2075471698113207	0.9536934950385888	0.2075471698113207	0.1612406648499095	11	42	865	42	53	0.0212261270068435	top_k_tie_expanded	0.1355876101580838	average_precision_step_integral_tie_aware	higher	960	960	960	1.0	1.0	53	907	53	907	1.0	1.0	0	53		exclude_and_report_coverage_never_impute_zero	observed		735	225	20	715	0.3773584905660377	paper_absent_prediction_ranked_after_returned	0.5821527084335273
GSE135893	VUILD60	GSE135893_VUILD60_IPF_8cell	GSE135893_VUILD60_IPF_8cell	H-common	H-common_representable	CellChat composite	0.5345530569366146	0.1032429245283018	0.0552083333333333	1.0	0.0	0.104639684106614		53	907	0	0	960	-0.9996380986143254	top_k_tie_expanded	0.1032429245283018	average_precision_step_integral_tie_aware	higher	960	960	960	1.0	1.0	53	907	53	907	1.0	1.0	0	53		exclude_and_report_coverage_never_impute_zero	observed		10	950	4	6	0.0754716981132075	paper_absent_prediction_ranked_after_returned	0.5361100628930818
GSE135893	VUILD60	GSE135893_VUILD60_IPF_8cell	GSE135893_VUILD60_IPF_8cell	H-common	H-common_representable	CellChat p-value	0.3230221963345884	0.0727782858426389	0.0272108843537414	0.3773584905660377	0.2116868798235942	0.0507614213197969	-0.2215646785370468	20	715	192	33	735	-1.0	top_k_tie_expanded	0.0727782858426389	average_precision_step_integral_tie_aware	higher	960	960	960	1.0	1.0	53	907	53	907	1.0	1.0	0	53		exclude_and_report_coverage_never_impute_zero	observed		735	225	20	715	0.3773584905660377	paper_absent_prediction_ranked_after_returned	0.4787052434804459
GSE135893	VUILD60	GSE135893_VUILD60_IPF_8cell	GSE135893_VUILD60_IPF_8cell	H-common	H-common_representable	CellPhoneDB composite	0.5810467849639076	0.10869588711223	0.0552083333333333	1.0	0.0	0.104639684106614		53	907	0	0	960	-0.8903381675481796	top_k_tie_expanded	0.10869588711223	average_precision_step_integral_tie_aware	higher	960	960	960	1.0	1.0	53	907	53	907	1.0	1.0	0	53		exclude_and_report_coverage_never_impute_zero	observed		34	926	10	24	0.1886792452830188	paper_absent_prediction_ranked_after_returned	0.5764939625364154
GSE135893	VUILD60	GSE135893_VUILD60_IPF_8cell	GSE135893_VUILD60_IPF_8cell	H-common	H-common_representable	CellPhoneDB p-value	0.3635871939422937	0.0984713932742908	0.0272108843537414	0.3773584905660377	0.2116868798235942	0.0507614213197969	-0.2215646785370468	20	715	192	33	735	-1.0	top_k_tie_expanded	0.0984713932742908	average_precision_step_integral_tie_aware	higher	960	960	960	1.0	1.0	53	907	53	907	1.0	1.0	0	53		exclude_and_report_coverage_never_impute_zero	observed		735	225	20	715	0.3773584905660377	paper_absent_prediction_ranked_after_returned	0.5410718543970521
GSE135893	VUILD60	GSE135893_VUILD60_IPF_8cell	GSE135893_VUILD60_IPF_8cell	H-common	H-common_representable	Connectome specificity	0.3644817041459507	0.1454476874203963	0.0272108843537414	0.3773584905660377	0.2116868798235942	0.0507614213197969	-0.2215646785370468	20	715	192	33	735	-1.0954438141664593	top_k_tie_expanded	0.1454476874203963	average_precision_step_integral_tie_aware	higher	960	960	960	1.0	1.0	53	907	53	907	1.0	1.0	0	53		exclude_and_report_coverage_never_impute_zero	observed		735	225	20	715	0.3773584905660377	paper_absent_prediction_ranked_after_returned	0.5534083893435402
GSE135893	VUILD60	GSE135893_VUILD60_IPF_8cell	GSE135893_VUILD60_IPF_8cell	H-common	H-common_representable	LIANA magnitude consensus	0.362983919618897	0.1052503759966698	0.0272108843537414	0.3773584905660377	0.2116868798235942	0.0507614213197969	-0.2215646785370468	20	715	192	33	735	-1.0	top_k_tie_expanded	0.1052503759966698	average_precision_step_integral_tie_aware	higher	960	960	960	1.0	1.0	53	907	53	907	1.0	1.0	0	53		exclude_and_report_coverage_never_impute_zero	observed		735	225	20	715	0.3773584905660377	paper_absent_prediction_ranked_after_returned	0.5441083786061899
GSE135893	VUILD60	GSE135893_VUILD60_IPF_8cell	GSE135893_VUILD60_IPF_8cell	H-common	H-common_representable	LIANA specificity consensus	0.3638472259782405	0.1216665157618661	0.0272108843537414	0.3773584905660377	0.2116868798235942	0.0507614213197969	-0.2215646785370468	20	715	192	33	735	-1.0	top_k_tie_expanded	0.1216665157618661	average_precision_step_integral_tie_aware	higher	960	960	960	1.0	1.0	53	907	53	907	1.0	1.0	0	53		exclude_and_report_coverage_never_impute_zero	observed		735	225	20	715	0.3773584905660377	paper_absent_prediction_ranked_after_returned	0.548653483998807
GSE135893	VUILD60	GSE135893_VUILD60_IPF_8cell	GSE135893_VUILD60_IPF_8cell	H-common	H-common_representable	NATMI specificity	0.3625886709242579	0.1024738170399462	0.0272108843537414	0.3773584905660377	0.2116868798235942	0.0507614213197969	-0.2215646785370468	20	715	192	33	735	0.0032594029325991	top_k_tie_expanded	0.1024738170399462	average_precision_step_integral_tie_aware	higher	960	960	960	1.0	1.0	53	907	53	907	1.0	1.0	0	53		exclude_and_report_coverage_never_impute_zero	observed		735	225	20	715	0.3773584905660377	paper_absent_prediction_ranked_after_returned	0.5379566071809436
GSE135893	VUILD60	GSE135893_VUILD60_IPF_8cell	GSE135893_VUILD60_IPF_8cell	H-common	H-common_representable	SingleCellSignalR LRscore	0.5785192735745044	0.1098998987560308	0.0552083333333333	1.0	0.0	0.104639684106614		53	907	0	0	960	-0.4981275796890259	top_k_tie_expanded	0.1098998987560308	average_precision_step_integral_tie_aware	higher	960	960	960	1.0	1.0	53	907	53	907	1.0	1.0	0	53		exclude_and_report_coverage_never_impute_zero	observed		39	921	10	29	0.1886792452830188	paper_absent_prediction_ranked_after_returned	0.577984659994094
GSE135893	VUILD60	GSE135893_VUILD60_IPF_8cell	GSE135893_VUILD60_IPF_8cell	H-common	H-common_representable	logFC specificity	0.3634831811279149	0.1138647258876205	0.0272108843537414	0.3773584905660377	0.2116868798235942	0.0507614213197969	-0.2215646785370468	20	715	192	33	735	-2.316554069519043	top_k_tie_expanded	0.1138647258876205	average_precision_step_integral_tie_aware	higher	960	960	960	1.0	1.0	53	907	53	907	1.0	1.0	0	53		exclude_and_report_coverage_never_impute_zero	observed		735	225	20	715	0.3773584905660377	paper_absent_prediction_ranked_after_returned	0.545791717346918
GSE135893	VUILD61	GSE135893_VUILD61_IPF_8cell	GSE135893_VUILD61_IPF_8cell	H-common	H-common_representable	CRYCHIC availability-state	0.7677393854922927	0.2317200145828901	0.3584905660377358	0.3584905660377358	0.9625137816979052	0.3584905660377358	0.321004347735641	19	34	873	34	53	0.045896311396287	top_k_tie_expanded	0.2317200145828901	average_precision_step_integral_tie_aware	higher	960	960	960	1.0	1.0	53	907	53	907	1.0	1.0	0	53		exclude_and_report_coverage_never_impute_zero	observed		960	0	53	907	1.0	paper_absent_prediction_ranked_after_returned	0.7636141189755815
GSE135893	VUILD61	GSE135893_VUILD61_IPF_8cell	GSE135893_VUILD61_IPF_8cell	H-common	H-common_representable	CellChat composite	0.5613155540762622	0.0970750554476969	0.0552083333333333	1.0	0.0	0.104639684106614		53	907	0	0	960	-0.99985680740798	top_k_tie_expanded	0.0970750554476969	average_precision_step_integral_tie_aware	higher	960	960	960	1.0	1.0	53	907	53	907	1.0	1.0	0	53		exclude_and_report_coverage_never_impute_zero	observed		15	945	7	8	0.1320754716981132	paper_absent_prediction_ranked_after_returned	0.5545545073375263
GSE135893	VUILD61	GSE135893_VUILD61_IPF_8cell	GSE135893_VUILD61_IPF_8cell	H-common	H-common_representable	CellChat p-value	0.5616275925193984	0.1095518867924528	0.0552083333333333	1.0	0.0	0.104639684106614		53	907	0	0	960	-1.0	top_k_tie_expanded	0.1095518867924528	average_precision_step_integral_tie_aware	higher	960	960	960	1.0	1.0	53	907	53	907	1.0	1.0	0	53		exclude_and_report_coverage_never_impute_zero	observed		960	0	53	907	1.0	paper_absent_prediction_ranked_after_returned	0.5575151991614257
GSE135893	VUILD61	GSE135893_VUILD61_IPF_8cell	GSE135893_VUILD61_IPF_8cell	H-common	H-common_representable	CellPhoneDB composite	0.6322002870753677	0.1274552907695154	0.0552083333333333	1.0	0.0	0.104639684106614		53	907	0	0	960	-0.9149892926216124	top_k_tie_expanded	0.1274552907695154	average_precision_step_integral_tie_aware	higher	960	960	960	1.0	1.0	53	907	53	907	1.0	1.0	0	53		exclude_and_report_coverage_never_impute_zero	observed		48	912	16	32	0.3018867924528302	paper_absent_prediction_ranked_after_returned	0.6179549424854861
GSE135893	VUILD61	GSE135893_VUILD61_IPF_8cell	GSE135893_VUILD61_IPF_8cell	H-common	H-common_representable	CellPhoneDB p-value	0.6734413679765348	0.1740599390852681	0.3396226415094339	0.3396226415094339	0.9614112458654906	0.3396226415094339	0.3010338873749246	18	35	872	35	53	-0.18	top_k_tie_expanded	0.1740599390852681	average_precision_step_integral_tie_aware	higher	960	960	960	1.0	1.0	53	907	53	907	1.0	1.0	0	53		exclude_and_report_coverage_never_impute_zero	observed		960	0	53	907	1.0	paper_absent_prediction_ranked_after_returned	0.6618569052504383
GSE135893	VUILD61	GSE135893_VUILD61_IPF_8cell	GSE135893_VUILD61_IPF_8cell	H-common	H-common_representable	Connectome specificity	0.6848307711510058	0.2622937666251171	0.3773584905660377	0.3773584905660377	0.9636163175303196	0.3773584905660377	0.3409748080963575	20	33	874	33	53	0.1791947562595916	top_k_tie_expanded	0.2622937666251171	average_precision_step_integral_tie_aware	higher	960	960	960	1.0	1.0	53	907	53	907	1.0	1.0	0	53		exclude_and_report_coverage_never_impute_zero	observed		960	0	53	907	1.0	paper_absent_prediction_ranked_after_returned	0.6849474991975457
GSE135893	VUILD61	GSE135893_VUILD61_IPF_8cell	GSE135893_VUILD61_IPF_8cell	H-common	H-common_representable	LIANA magnitude consensus	0.6800045765638326	0.1603069071233301	0.3018867924528302	0.3018867924528302	0.9592061742006616	0.3018867924528302	0.2610929666534917	16	37	870	37	53	-0.0395195542907274	top_k_tie_expanded	0.1603069071233301	average_precision_step_integral_tie_aware	higher	960	960	960	1.0	1.0	53	907	53	907	1.0	1.0	0	53		exclude_and_report_coverage_never_impute_zero	observed		960	0	53	907	1.0	paper_absent_prediction_ranked_after_returned	0.6667820266827875
GSE135893	VUILD61	GSE135893_VUILD61_IPF_8cell	GSE135893_VUILD61_IPF_8cell	H-common	H-common_representable	LIANA specificity consensus	0.6830417507436917	0.206966388821469	0.3396226415094339	0.3396226415094339	0.9614112458654906	0.3396226415094339	0.3010338873749246	18	35	872	35	53	-0.000130679272136	top_k_tie_expanded	0.206966388821469	average_precision_step_integral_tie_aware	higher	960	960	960	1.0	1.0	53	907	53	907	1.0	1.0	0	53		exclude_and_report_coverage_never_impute_zero	observed		960	0	53	907	1.0	paper_absent_prediction_ranked_after_returned	0.6779442152290888
GSE135893	VUILD61	GSE135893_VUILD61_IPF_8cell	GSE135893_VUILD61_IPF_8cell	H-common	H-common_representable	NATMI specificity	0.6799421688752054	0.1945606386372573	0.2830188679245283	0.2830188679245283	0.958103638368247	0.2830188679245283	0.2411225062927752	15	38	869	38	53	0.0441959239542484	top_k_tie_expanded	0.1945606386372573	average_precision_step_integral_tie_aware	higher	960	960	960	1.0	1.0	53	907	53	907	1.0	1.0	0	53		exclude_and_report_coverage_never_impute_zero	observed		960	0	53	907	1.0	paper_absent_prediction_ranked_after_returned	0.6692998187320015
GSE135893	VUILD61	GSE135893_VUILD61_IPF_8cell	GSE135893_VUILD61_IPF_8cell	H-common	H-common_representable	SingleCellSignalR LRscore	0.6808262777974247	0.1668356635277734	0.3018867924528302	0.3018867924528302	0.9592061742006616	0.3018867924528302	0.2610929666534917	16	37	870	37	53	0.6658807396888733	top_k_tie_expanded	0.1668356635277734	average_precision_step_integral_tie_aware	higher	960	960	960	1.0	1.0	53	907	53	907	1.0	1.0	0	53		exclude_and_report_coverage_never_impute_zero	observed		69	891	22	47	0.4150943396226415	paper_absent_prediction_ranked_after_returned	0.6666652239503127
GSE135893	VUILD61	GSE135893_VUILD61_IPF_8cell	GSE135893_VUILD61_IPF_8cell	H-common	H-common_representable	logFC specificity	0.6813983482765077	0.1664993543222774	0.3396226415094339	0.3396226415094339	0.9614112458654906	0.3396226415094339	0.3010338873749246	18	35	872	35	53	-0.0109543092548847	top_k_tie_expanded	0.1664993543222774	average_precision_step_integral_tie_aware	higher	960	960	960	1.0	1.0	53	907	53	907	1.0	1.0	0	53		exclude_and_report_coverage_never_impute_zero	observed		960	0	53	907	1.0	paper_absent_prediction_ranked_after_returned	0.667372749379888
GSE135893	VUILD63	GSE135893_VUILD63_IPF_8cell	GSE135893_VUILD63_IPF_8cell	H-common	H-common_representable	CRYCHIC availability-state	0.4054835555740467	0.0688673624486288	0.0943396226415094	0.0943396226415094	0.9470782800441014	0.0943396226415094	0.0414179026856108	5	48	859	48	53	0.0063669174496228	top_k_tie_expanded	0.0688673624486288	average_precision_step_integral_tie_aware	higher	960	960	960	1.0	1.0	53	907	53	907	1.0	1.0	0	53		exclude_and_report_coverage_never_impute_zero	observed		375	585	10	365	0.1886792452830188	paper_absent_prediction_ranked_after_returned	0.5239277837890113
GSE135893	VUILD63	GSE135893_VUILD63_IPF_8cell	GSE135893_VUILD63_IPF_8cell	H-common	H-common_representable	CellChat composite	0.5072288905993219	0.0604559748427672	0.0552083333333333	1.0	0.0	0.104639684106614		53	907	0	0	960	-0.9998238554658688	top_k_tie_expanded	0.0604559748427672	average_precision_step_integral_tie_aware	higher	960	960	960	1.0	1.0	53	907	53	907	1.0	1.0	0	53		exclude_and_report_coverage_never_impute_zero	observed		5	955	1	4	0.0188679245283018	paper_absent_prediction_ranked_after_returned	0.5084905660377359
GSE135893	VUILD63	GSE135893_VUILD63_IPF_8cell	GSE135893_VUILD63_IPF_8cell	H-common	H-common_representable	CellChat p-value	0.3965072496931622	0.0530935534591194	0.0266666666666666	0.1886792452830188	0.597574421168688	0.0467289719626168	-0.1000568175274175	10	365	542	43	375	-1.0	top_k_tie_expanded	0.0530935534591194	average_precision_step_integral_tie_aware	higher	960	960	960	1.0	1.0	53	907	53	907	1.0	1.0	0	53		exclude_and_report_coverage_never_impute_zero	observed		375	585	10	365	0.1886792452830188	paper_absent_prediction_ranked_after_returned	0.4776140138484489
GSE135893	VUILD63	GSE135893_VUILD63_IPF_8cell	GSE135893_VUILD63_IPF_8cell	H-common	H-common_representable	CellPhoneDB composite	0.520584135965551	0.0650363132674453	0.0552083333333333	1.0	0.0	0.104639684106614		53	907	0	0	960	-0.8950287476181984	top_k_tie_expanded	0.0650363132674453	average_precision_step_integral_tie_aware	higher	960	960	960	1.0	1.0	53	907	53	907	1.0	1.0	0	53		exclude_and_report_coverage_never_impute_zero	observed		17	943	3	14	0.0566037735849056	paper_absent_prediction_ranked_after_returned	0.520524258760108
GSE135893	VUILD63	GSE135893_VUILD63_IPF_8cell	GSE135893_VUILD63_IPF_8cell	H-common	H-common_representable	CellPhoneDB p-value	0.4029872480289572	0.0583025804661487	0.0266666666666666	0.1886792452830188	0.597574421168688	0.0467289719626168	-0.1000568175274175	10	365	542	43	375	-1.0	top_k_tie_expanded	0.0583025804661487	average_precision_step_integral_tie_aware	higher	960	960	960	1.0	1.0	53	907	53	907	1.0	1.0	0	53		exclude_and_report_coverage_never_impute_zero	observed		375	585	10	365	0.1886792452830188	paper_absent_prediction_ranked_after_returned	0.4948462041437975
GSE135893	VUILD63	GSE135893_VUILD63_IPF_8cell	GSE135893_VUILD63_IPF_8cell	H-common	H-common_representable	Connectome specificity	0.4029248403403299	0.0630935534591195	0.0266666666666666	0.1886792452830188	0.597574421168688	0.0467289719626168	-0.1000568175274175	10	365	542	43	375	-1.0238532965165568	top_k_tie_expanded	0.0630935534591195	average_precision_step_integral_tie_aware	higher	960	960	960	1.0	1.0	53	907	53	907	1.0	1.0	0	53		exclude_and_report_coverage_never_impute_zero	observed		375	585	10	365	0.1886792452830188	paper_absent_prediction_ranked_after_returned	0.4982752068601337
GSE135893	VUILD63	GSE135893_VUILD63_IPF_8cell	GSE135893_VUILD63_IPF_8cell	H-common	H-common_representable	LIANA magnitude consensus	0.4028208275259512	0.0621501572327044	0.0266666666666666	0.1886792452830188	0.597574421168688	0.0467289719626168	-0.1000568175274175	10	365	542	43	375	-1.0	top_k_tie_expanded	0.0621501572327044	average_precision_step_integral_tie_aware	higher	960	960	960	1.0	1.0	53	907	53	907	1.0	1.0	0	53		exclude_and_report_coverage_never_impute_zero	observed		375	585	10	365	0.1886792452830188	paper_absent_prediction_ranked_after_returned	0.4970419914890403
GSE135893	VUILD63	GSE135893_VUILD63_IPF_8cell	GSE135893_VUILD63_IPF_8cell	H-common	H-common_representable	LIANA specificity consensus	0.4029560441846435	0.062101777939042	0.0266666666666666	0.1886792452830188	0.597574421168688	0.0467289719626168	-0.1000568175274175	10	365	542	43	375	-1.0	top_k_tie_expanded	0.062101777939042	average_precision_step_integral_tie_aware	higher	960	960	960	1.0	1.0	53	907	53	907	1.0	1.0	0	53		exclude_and_report_coverage_never_impute_zero	observed		375	585	10	365	0.1886792452830188	paper_absent_prediction_ranked_after_returned	0.4992686821683139
GSE135893	VUILD63	GSE135893_VUILD63_IPF_8cell	GSE135893_VUILD63_IPF_8cell	H-common	H-common_representable	NATMI specificity	0.4025503942085665	0.0563264997581035	0.0266666666666666	0.1886792452830188	0.597574421168688	0.0467289719626168	-0.1000568175274175	10	365	542	43	375	0.0051237037405371	top_k_tie_expanded	0.0563264997581035	average_precision_step_integral_tie_aware	higher	960	960	960	1.0	1.0	53	907	53	907	1.0	1.0	0	53		exclude_and_report_coverage_never_impute_zero	observed		375	585	10	365	0.1886792452830188	paper_absent_prediction_ranked_after_returned	0.4918533996393847
GSE135893	VUILD63	GSE135893_VUILD63_IPF_8cell	GSE135893_VUILD63_IPF_8cell	H-common	H-common_representable	SingleCellSignalR LRscore	0.5189823386241185	0.0655767581475128	0.0552083333333333	1.0	0.0	0.104639684106614		53	907	0	0	960	-0.4942625164985657	top_k_tie_expanded	0.0655767581475128	average_precision_step_integral_tie_aware	higher	960	960	960	1.0	1.0	53	907	53	907	1.0	1.0	0	53		exclude_and_report_coverage_never_impute_zero	observed		20	940	3	17	0.0566037735849056	paper_absent_prediction_ranked_after_returned	0.520975516621743
GSE135893	VUILD63	GSE135893_VUILD63_IPF_8cell	GSE135893_VUILD63_IPF_8cell	H-common	H-common_representable	logFC specificity	0.4028000249630754	0.0596058461978273	0.0266666666666666	0.1886792452830188	0.597574421168688	0.0467289719626168	-0.1000568175274175	10	365	542	43	375	-1.6455321311950684	top_k_tie_expanded	0.0596058461978273	average_precision_step_integral_tie_aware	higher	960	960	960	1.0	1.0	53	907	53	907	1.0	1.0	0	53		exclude_and_report_coverage_never_impute_zero	observed		375	585	10	365	0.1886792452830188	paper_absent_prediction_ranked_after_returned	0.4976266585993267
GSE135893	VUILD64	GSE135893_VUILD64_IPF_8cell	GSE135893_VUILD64_IPF_8cell	H-common	H-common_representable	CRYCHIC availability-state	0.4185267624971396	0.0981123397043208	0.1509433962264151	0.1509433962264151	0.9503858875413452	0.1509433962264151	0.1013292837677602	8	45	862	45	53	0.0140787731472919	top_k_tie_expanded	0.0981123397043208	average_precision_step_integral_tie_aware	higher	960	960	960	1.0	1.0	53	907	53	907	1.0	1.0	0	53		exclude_and_report_coverage_never_impute_zero	observed		375	585	10	365	0.1886792452830188	paper_absent_prediction_ranked_after_returned	0.5546750316777582
GSE135893	VUILD64	GSE135893_VUILD64_IPF_8cell	GSE135893_VUILD64_IPF_8cell	H-common	H-common_representable	CellChat composite	0.5077697572340912	0.0604559748427672	0.0552083333333333	1.0	0.0	0.104639684106614		53	907	0	0	960	-0.9994347758334172	top_k_tie_expanded	0.0604559748427672	average_precision_step_integral_tie_aware	higher	960	960	960	1.0	1.0	53	907	53	907	1.0	1.0	0	53		exclude_and_report_coverage_never_impute_zero	observed		4	956	1	3	0.0188679245283018	paper_absent_prediction_ranked_after_returned	0.5083647798742139
GSE135893	VUILD64	GSE135893_VUILD64_IPF_8cell	GSE135893_VUILD64_IPF_8cell	H-common	H-common_representable	CellChat p-value	0.4037673441367976	0.0548430696661828	0.0246153846153846	0.1509433962264151	0.6504961411245865	0.0423280423280423	-0.0958309539292909	8	317	590	45	325	-1.0	top_k_tie_expanded	0.0548430696661828	average_precision_step_integral_tie_aware	higher	960	960	960	1.0	1.0	53	907	53	907	1.0	1.0	0	53		exclude_and_report_coverage_never_impute_zero	observed		325	635	8	317	0.1509433962264151	paper_absent_prediction_ranked_after_returned	0.4809340109811987
GSE135893	VUILD64	GSE135893_VUILD64_IPF_8cell	GSE135893_VUILD64_IPF_8cell	H-common	H-common_representable	CellPhoneDB composite	0.5431653179671736	0.0888913562852242	0.0552083333333333	1.0	0.0	0.104639684106614		53	907	0	0	960	-0.8797850981354713	top_k_tie_expanded	0.0888913562852242	average_precision_step_integral_tie_aware	higher	960	960	960	1.0	1.0	53	907	53	907	1.0	1.0	0	53		exclude_and_report_coverage_never_impute_zero	observed		32	928	6	26	0.1132075471698113	paper_absent_prediction_ranked_after_returned	0.5484305929919137
GSE135893	VUILD64	GSE135893_VUILD64_IPF_8cell	GSE135893_VUILD64_IPF_8cell	H-common	H-common_representable	CellPhoneDB p-value	0.4216679494913773	0.0790278785679729	0.0246153846153846	0.1509433962264151	0.6504961411245865	0.0423280423280423	-0.0958309539292909	8	317	590	45	325	-1.0	top_k_tie_expanded	0.0790278785679729	average_precision_step_integral_tie_aware	higher	960	960	960	1.0	1.0	53	907	53	907	1.0	1.0	0	53		exclude_and_report_coverage_never_impute_zero	observed		325	635	8	317	0.1509433962264151	paper_absent_prediction_ranked_after_returned	0.5437921926454099
GSE135893	VUILD64	GSE135893_VUILD64_IPF_8cell	GSE135893_VUILD64_IPF_8cell	H-common	H-common_representable	Connectome specificity	0.4212102931081109	0.0809680367598915	0.0246153846153846	0.1509433962264151	0.6504961411245865	0.0423280423280423	-0.0958309539292909	8	317	590	45	325	-0.7015029951935056	top_k_tie_expanded	0.0809680367598915	average_precision_step_integral_tie_aware	higher	960	960	960	1.0	1.0	53	907	53	907	1.0	1.0	0	53		exclude_and_report_coverage_never_impute_zero	observed		325	635	8	317	0.1509433962264151	paper_absent_prediction_ranked_after_returned	0.5455837966038104
GSE135893	VUILD64	GSE135893_VUILD64_IPF_8cell	GSE135893_VUILD64_IPF_8cell	H-common	H-common_representable	LIANA magnitude consensus	0.422104803311768	0.0926841852977652	0.0246153846153846	0.1509433962264151	0.6504961411245865	0.0423280423280423	-0.0958309539292909	8	317	590	45	325	-1.0	top_k_tie_expanded	0.0926841852977652	average_precision_step_integral_tie_aware	higher	960	960	960	1.0	1.0	53	907	53	907	1.0	1.0	0	53		exclude_and_report_coverage_never_impute_zero	observed		325	635	8	317	0.1509433962264151	paper_absent_prediction_ranked_after_returned	0.5542888374336211
GSE135893	VUILD64	GSE135893_VUILD64_IPF_8cell	GSE135893_VUILD64_IPF_8cell	H-common	H-common_representable	LIANA specificity consensus	0.4211270828566079	0.0747626746634793	0.0246153846153846	0.1509433962264151	0.6504961411245865	0.0423280423280423	-0.0958309539292909	8	317	590	45	325	-1.0	top_k_tie_expanded	0.0747626746634793	average_precision_step_integral_tie_aware	higher	960	960	960	1.0	1.0	53	907	53	907	1.0	1.0	0	53		exclude_and_report_coverage_never_impute_zero	observed		325	635	8	317	0.1509433962264151	paper_absent_prediction_ranked_after_returned	0.539604339304505
GSE135893	VUILD64	GSE135893_VUILD64_IPF_8cell	GSE135893_VUILD64_IPF_8cell	H-common	H-common_representable	NATMI specificity	0.4215431341141228	0.0771782606806191	0.0246153846153846	0.1509433962264151	0.6504961411245865	0.0423280423280423	-0.0958309539292909	8	317	590	45	325	0.0040053077973425	top_k_tie_expanded	0.0771782606806191	average_precision_step_integral_tie_aware	higher	960	960	960	1.0	1.0	53	907	53	907	1.0	1.0	0	53		exclude_and_report_coverage_never_impute_zero	observed		325	635	8	317	0.1509433962264151	paper_absent_prediction_ranked_after_returned	0.5482962994655961
GSE135893	VUILD64	GSE135893_VUILD64_IPF_8cell	GSE135893_VUILD64_IPF_8cell	H-common	H-common_representable	SingleCellSignalR LRscore	0.5487300035364356	0.0908472685595327	0.0552083333333333	1.0	0.0	0.104639684106614		53	907	0	0	960	-0.4993833899497986	top_k_tie_expanded	0.0908472685595327	average_precision_step_integral_tie_aware	higher	960	960	960	1.0	1.0	53	907	53	907	1.0	1.0	0	53		exclude_and_report_coverage_never_impute_zero	observed		40	920	7	33	0.1320754716981132	paper_absent_prediction_ranked_after_returned	0.5533716770650733
GSE135893	VUILD64	GSE135893_VUILD64_IPF_8cell	GSE135893_VUILD64_IPF_8cell	H-common	H-common_representable	logFC specificity	0.4211686879823594	0.0795611117476807	0.0246153846153846	0.1509433962264151	0.6504961411245865	0.0423280423280423	-0.0958309539292909	8	317	590	45	325	-1.4069905281066897	top_k_tie_expanded	0.0795611117476807	average_precision_step_integral_tie_aware	higher	960	960	960	1.0	1.0	53	907	53	907	1.0	1.0	0	53		exclude_and_report_coverage_never_impute_zero	observed		325	635	8	317	0.1509433962264151	paper_absent_prediction_ranked_after_returned	0.5461725959587922
GSE135893	VUILD65	GSE135893_VUILD65_IPF_8cell	GSE135893_VUILD65_IPF_8cell	H-common	H-common_representable	CRYCHIC availability-state	0.4066276965322127	0.0927250481873123	0.1132075471698113	0.1132075471698113	0.948180815876516	0.1132075471698113	0.0613883630463273	6	47	860	47	53	0.0032280539562665	top_k_tie_expanded	0.0927250481873123	average_precision_step_integral_tie_aware	higher	960	960	960	1.0	1.0	53	907	53	907	1.0	1.0	0	53		exclude_and_report_coverage_never_impute_zero	observed		375	585	9	366	0.1698113207547169	paper_absent_prediction_ranked_after_returned	0.5470029188317098
GSE135893	VUILD65	GSE135893_VUILD65_IPF_8cell	GSE135893_VUILD65_IPF_8cell	H-common	H-common_representable	CellChat composite	0.5077489546712155	0.0588836477987421	0.0552083333333333	1.0	0.0	0.104639684106614		53	907	0	0	960	-0.9999701997515684	top_k_tie_expanded	0.0588836477987421	average_precision_step_integral_tie_aware	higher	960	960	960	1.0	1.0	53	907	53	907	1.0	1.0	0	53		exclude_and_report_coverage_never_impute_zero	observed		4	956	1	3	0.0188679245283018	paper_absent_prediction_ranked_after_returned	0.5082704402515723
GSE135893	VUILD65	GSE135893_VUILD65_IPF_8cell	GSE135893_VUILD65_IPF_8cell	H-common	H-common_representable	CellChat p-value	0.3866676374529342	0.0541729559748427	0.024	0.1698113207547169	0.5964718853362734	0.0420560747663551	-0.1094051917197602	9	366	541	44	375	-1.0	top_k_tie_expanded	0.0541729559748427	average_precision_step_integral_tie_aware	higher	960	960	960	1.0	1.0	53	907	53	907	1.0	1.0	0	53		exclude_and_report_coverage_never_impute_zero	observed		375	585	9	366	0.1698113207547169	paper_absent_prediction_ranked_after_returned	0.477725530363574
GSE135893	VUILD65	GSE135893_VUILD65_IPF_8cell	GSE135893_VUILD65_IPF_8cell	H-common	H-common_representable	CellPhoneDB composite	0.5426556551767178	0.0841644204851752	0.0552083333333333	1.0	0.0	0.104639684106614		53	907	0	0	960	-0.8589286506175995	top_k_tie_expanded	0.0841644204851752	average_precision_step_integral_tie_aware	higher	960	960	960	1.0	1.0	53	907	53	907	1.0	1.0	0	53		exclude_and_report_coverage_never_impute_zero	observed		13	947	5	8	0.0943396226415094	paper_absent_prediction_ranked_after_returned	0.5395853548966758
GSE135893	VUILD65	GSE135893_VUILD65_IPF_8cell	GSE135893_VUILD65_IPF_8cell	H-common	H-common_representable	CellPhoneDB p-value	0.4051195107237211	0.0915625475153777	0.024	0.1698113207547169	0.5964718853362734	0.0420560747663551	-0.1094051917197602	9	366	541	44	375	-1.0	top_k_tie_expanded	0.0915625475153777	average_precision_step_integral_tie_aware	higher	960	960	960	1.0	1.0	53	907	53	907	1.0	1.0	0	53		exclude_and_report_coverage_never_impute_zero	observed		375	585	9	366	0.1698113207547169	paper_absent_prediction_ranked_after_returned	0.5369331188831403
GSE135893	VUILD65	GSE135893_VUILD65_IPF_8cell	GSE135893_VUILD65_IPF_8cell	H-common	H-common_representable	Connectome specificity	0.4053067337896028	0.107352627456401	0.024	0.1698113207547169	0.5964718853362734	0.0420560747663551	-0.1094051917197602	9	366	541	44	375	-1.267108824131736	top_k_tie_expanded	0.107352627456401	average_precision_step_integral_tie_aware	higher	960	960	960	1.0	1.0	53	907	53	907	1.0	1.0	0	53		exclude_and_report_coverage_never_impute_zero	observed		375	585	9	366	0.1698113207547169	paper_absent_prediction_ranked_after_returned	0.5401018731055046
GSE135893	VUILD65	GSE135893_VUILD65_IPF_8cell	GSE135893_VUILD65_IPF_8cell	H-common	H-common_representable	LIANA magnitude consensus	0.4050571030350939	0.0913517520215633	0.024	0.1698113207547169	0.5964718853362734	0.0420560747663551	-0.1094051917197602	9	366	541	44	375	-1.0	top_k_tie_expanded	0.0913517520215633	average_precision_step_integral_tie_aware	higher	960	960	960	1.0	1.0	53	907	53	907	1.0	1.0	0	53		exclude_and_report_coverage_never_impute_zero	observed		375	585	9	366	0.1698113207547169	paper_absent_prediction_ranked_after_returned	0.5385345160637166
GSE135893	VUILD65	GSE135893_VUILD65_IPF_8cell	GSE135893_VUILD65_IPF_8cell	H-common	H-common_representable	LIANA specificity consensus	0.4052235235380999	0.1034770481091235	0.024	0.1698113207547169	0.5964718853362734	0.0420560747663551	-0.1094051917197602	9	366	541	44	375	-1.0	top_k_tie_expanded	0.1034770481091235	average_precision_step_integral_tie_aware	higher	960	960	960	1.0	1.0	53	907	53	907	1.0	1.0	0	53		exclude_and_report_coverage_never_impute_zero	observed		375	585	9	366	0.1698113207547169	paper_absent_prediction_ranked_after_returned	0.5405694640953186
GSE135893	VUILD65	GSE135893_VUILD65_IPF_8cell	GSE135893_VUILD65_IPF_8cell	H-common	H-common_representable	NATMI specificity	0.4050363004722181	0.0891014865637507	0.024	0.1698113207547169	0.5964718853362734	0.0420560747663551	-0.1094051917197602	9	366	541	44	375	0.0090448064729571	top_k_tie_expanded	0.0891014865637507	average_precision_step_integral_tie_aware	higher	960	960	960	1.0	1.0	53	907	53	907	1.0	1.0	0	53		exclude_and_report_coverage_never_impute_zero	observed		375	585	9	366	0.1698113207547169	paper_absent_prediction_ranked_after_returned	0.5394790085876348
GSE135893	VUILD65	GSE135893_VUILD65_IPF_8cell	GSE135893_VUILD65_IPF_8cell	H-common	H-common_representable	SingleCellSignalR LRscore	0.551579954650413	0.0937402809454696	0.0552083333333333	1.0	0.0	0.104639684106614		53	907	0	0	960	-0.4994032382965088	top_k_tie_expanded	0.0937402809454696	average_precision_step_integral_tie_aware	higher	960	960	960	1.0	1.0	53	907	53	907	1.0	1.0	0	53		exclude_and_report_coverage_never_impute_zero	observed		15	945	6	9	0.1132075471698113	paper_absent_prediction_ranked_after_returned	0.5494335130278525
GSE135893	VUILD65	GSE135893_VUILD65_IPF_8cell	GSE135893_VUILD65_IPF_8cell	H-common	H-common_representable	logFC specificity	0.4049738927835909	0.0904410275259331	0.024	0.1698113207547169	0.5964718853362734	0.0420560747663551	-0.1094051917197602	9	366	541	44	375	-1.7005513906478882	top_k_tie_expanded	0.0904410275259331	average_precision_step_integral_tie_aware	higher	960	960	960	1.0	1.0	53	907	53	907	1.0	1.0	0	53		exclude_and_report_coverage_never_impute_zero	observed		375	585	9	366	0.1698113207547169	paper_absent_prediction_ranked_after_returned	0.5350442249405789
GSE136831	010I	GSE136831_010I_IPF_8cell	GSE136831_010I_IPF_8cell	H-common	H-common_representable	CRYCHIC availability-state	0.6680743067545921	0.3301169067862691	0.3773584905660377	0.3773584905660377	0.9636163175303196	0.3773584905660377	0.3409748080963575	20	33	874	33	53	0.0397586535931453	top_k_tie_expanded	0.3301169067862691	average_precision_step_integral_tie_aware	higher	960	960	960	1.0	1.0	53	907	53	907	1.0	1.0	0	53		exclude_and_report_coverage_never_impute_zero	observed		768	192	41	727	0.7735849056603774	paper_absent_prediction_ranked_after_returned	0.7410518751054557
GSE136831	010I	GSE136831_010I_IPF_8cell	GSE136831_010I_IPF_8cell	H-common	H-common_representable	CellChat composite	0.6532836845499366	0.2294656551937109	0.0552083333333333	1.0	0.0	0.104639684106614		53	907	0	0	960	-0.999859839287224	top_k_tie_expanded	0.2294656551937109	average_precision_step_integral_tie_aware	higher	960	960	960	1.0	1.0	53	907	53	907	1.0	1.0	0	53		exclude_and_report_coverage_never_impute_zero	observed		30	930	17	13	0.320754716981132	paper_absent_prediction_ranked_after_returned	0.647920486872397
GSE136831	010I	GSE136831_010I_IPF_8cell	GSE136831_010I_IPF_8cell	H-common	H-common_representable	CellChat p-value	0.6090262320317863	0.2184355345911949	0.0533854166666666	0.7735849056603774	0.1984564498346196	0.099878197320341	-0.0159634393295396	41	727	180	12	768	-1.0	top_k_tie_expanded	0.2184355345911949	average_precision_step_integral_tie_aware	higher	960	960	960	1.0	1.0	53	907	53	907	1.0	1.0	0	53		exclude_and_report_coverage_never_impute_zero	observed		768	192	41	727	0.7735849056603774	paper_absent_prediction_ranked_after_returned	0.644904129944129
GSE136831	010I	GSE136831_010I_IPF_8cell	GSE136831_010I_IPF_8cell	H-common	H-common_representable	CellPhoneDB composite	0.6642882403112064	0.2068528842462151	0.0552083333333333	1.0	0.0	0.104639684106614		53	907	0	0	960	-0.9084917455911636	top_k_tie_expanded	0.2068528842462151	average_precision_step_integral_tie_aware	higher	960	960	960	1.0	1.0	53	907	53	907	1.0	1.0	0	53		exclude_and_report_coverage_never_impute_zero	observed		49	911	19	30	0.3584905660377358	paper_absent_prediction_ranked_after_returned	0.6569453325461874
GSE136831	010I	GSE136831_010I_IPF_8cell	GSE136831_010I_IPF_8cell	H-common	H-common_representable	CellPhoneDB p-value	0.6231407709429801	0.1891328472541801	0.3773584905660377	0.3773584905660377	0.9636163175303196	0.3773584905660377	0.3409748080963575	20	33	874	33	53	-0.2	top_k_tie_expanded	0.1891328472541801	average_precision_step_integral_tie_aware	higher	960	960	960	1.0	1.0	53	907	53	907	1.0	1.0	0	53		exclude_and_report_coverage_never_impute_zero	observed		768	192	41	727	0.7735849056603774	paper_absent_prediction_ranked_after_returned	0.6600485644778282
GSE136831	010I	GSE136831_010I_IPF_8cell	GSE136831_010I_IPF_8cell	H-common	H-common_representable	Connectome specificity	0.6249089887874186	0.2457260288228799	0.3773584905660377	0.3773584905660377	0.9636163175303196	0.3773584905660377	0.3409748080963575	20	33	874	33	53	0.2081546801550768	top_k_tie_expanded	0.2457260288228799	average_precision_step_integral_tie_aware	higher	960	960	960	1.0	1.0	53	907	53	907	1.0	1.0	0	53		exclude_and_report_coverage_never_impute_zero	observed		768	192	41	727	0.7735849056603774	paper_absent_prediction_ranked_after_returned	0.6708452291323671
GSE136831	010I	GSE136831_010I_IPF_8cell	GSE136831_010I_IPF_8cell	H-common	H-common_representable	LIANA magnitude consensus	0.6245345426556552	0.2221097833677102	0.3773584905660377	0.3773584905660377	0.9636163175303196	0.3773584905660377	0.3409748080963575	20	33	874	33	53	-0.0349135803582582	top_k_tie_expanded	0.2221097833677102	average_precision_step_integral_tie_aware	higher	960	960	960	1.0	1.0	53	907	53	907	1.0	1.0	0	53		exclude_and_report_coverage_never_impute_zero	observed		768	192	41	727	0.7735849056603774	paper_absent_prediction_ranked_after_returned	0.667018734108067
GSE136831	010I	GSE136831_010I_IPF_8cell	GSE136831_010I_IPF_8cell	H-common	H-common_representable	LIANA specificity consensus	0.6247321670029747	0.2247439559542032	0.3773584905660377	0.3773584905660377	0.9636163175303196	0.3773584905660377	0.3409748080963575	20	33	874	33	53	-0.0001189631694389	top_k_tie_expanded	0.2247439559542032	average_precision_step_integral_tie_aware	higher	960	960	960	1.0	1.0	53	907	53	907	1.0	1.0	0	53		exclude_and_report_coverage_never_impute_zero	observed		768	192	41	727	0.7735849056603774	paper_absent_prediction_ranked_after_returned	0.6661996778960189
GSE136831	010I	GSE136831_010I_IPF_8cell	GSE136831_010I_IPF_8cell	H-common	H-common_representable	NATMI specificity	0.6248673836616672	0.2364668290121755	0.3773584905660377	0.3773584905660377	0.9636163175303196	0.3773584905660377	0.3409748080963575	20	33	874	33	53	0.0142970737069845	top_k_tie_expanded	0.2364668290121755	average_precision_step_integral_tie_aware	higher	960	960	960	1.0	1.0	53	907	53	907	1.0	1.0	0	53		exclude_and_report_coverage_never_impute_zero	observed		768	192	41	727	0.7735849056603774	paper_absent_prediction_ranked_after_returned	0.6676046435386063
GSE136831	010I	GSE136831_010I_IPF_8cell	GSE136831_010I_IPF_8cell	H-common	H-common_representable	SingleCellSignalR LRscore	0.6714443219404631	0.2318340480121527	0.3773584905660377	0.3773584905660377	0.9636163175303196	0.3773584905660377	0.3409748080963575	20	33	874	33	53	0.7041592001914978	top_k_tie_expanded	0.2318340480121527	average_precision_step_integral_tie_aware	higher	960	960	960	1.0	1.0	53	907	53	907	1.0	1.0	0	53		exclude_and_report_coverage_never_impute_zero	observed		57	903	20	37	0.3773584905660377	paper_absent_prediction_ranked_after_returned	0.6701859287098546
GSE136831	010I	GSE136831_010I_IPF_8cell	GSE136831_010I_IPF_8cell	H-common	H-common_representable	logFC specificity	0.623078363254353	0.2016518371332169	0.3584905660377358	0.3584905660377358	0.9625137816979052	0.3584905660377358	0.321004347735641	19	34	873	34	53	-0.0301295518875122	top_k_tie_expanded	0.2016518371332169	average_precision_step_integral_tie_aware	higher	960	960	960	1.0	1.0	53	907	53	907	1.0	1.0	0	53		exclude_and_report_coverage_never_impute_zero	observed		768	192	41	727	0.7735849056603774	paper_absent_prediction_ranked_after_returned	0.6627726266905078
GSE136831	021I	GSE136831_021I_IPF_8cell	GSE136831_021I_IPF_8cell	H-common	H-common_representable	CRYCHIC availability-state	0.695970543570968	0.3453894373781105	0.3584905660377358	0.3584905660377358	0.9625137816979052	0.3584905660377358	0.321004347735641	19	34	873	34	53	0.0411688864076703	top_k_tie_expanded	0.3453894373781105	average_precision_step_integral_tie_aware	higher	960	960	960	1.0	1.0	53	907	53	907	1.0	1.0	0	53		exclude_and_report_coverage_never_impute_zero	observed		588	372	40	548	0.7547169811320755	paper_absent_prediction_ranked_after_returned	0.7533239110543067
GSE136831	021I	GSE136831_021I_IPF_8cell	GSE136831_021I_IPF_8cell	H-common	H-common_representable	CellChat composite	0.6655155915208754	0.2680391982958591	0.0552083333333333	1.0	0.0	0.104639684106614		53	907	0	0	960	-0.9999624311221053	top_k_tie_expanded	0.2680391982958591	average_precision_step_integral_tie_aware	higher	960	960	960	1.0	1.0	53	907	53	907	1.0	1.0	0	53		exclude_and_report_coverage_never_impute_zero	observed		25	935	18	7	0.3396226415094339	paper_absent_prediction_ranked_after_returned	0.6623217738452202
GSE136831	021I	GSE136831_021I_IPF_8cell	GSE136831_021I_IPF_8cell	H-common	H-common_representable	CellChat p-value	0.6749495537850263	0.2863076787318701	0.0680272108843537	0.7547169811320755	0.3958103638368247	0.1248049921996879	0.070566218788871	40	548	359	13	588	-1.0	top_k_tie_expanded	0.2863076787318701	average_precision_step_integral_tie_aware	higher	960	960	960	1.0	1.0	53	907	53	907	1.0	1.0	0	53		exclude_and_report_coverage_never_impute_zero	observed		588	372	40	548	0.7547169811320755	paper_absent_prediction_ranked_after_returned	0.6863459051233585
GSE136831	021I	GSE136831_021I_IPF_8cell	GSE136831_021I_IPF_8cell	H-common	H-common_representable	CellPhoneDB composite	0.6870046389715213	0.2403590689238195	0.0552083333333333	1.0	0.0	0.104639684106614		53	907	0	0	960	-0.9260864108800888	top_k_tie_expanded	0.2403590689238195	average_precision_step_integral_tie_aware	higher	960	960	960	1.0	1.0	53	907	53	907	1.0	1.0	0	53		exclude_and_report_coverage_never_impute_zero	observed		42	918	21	21	0.3962264150943396	paper_absent_prediction_ranked_after_returned	0.680648084447963
GSE136831	021I	GSE136831_021I_IPF_8cell	GSE136831_021I_IPF_8cell	H-common	H-common_representable	CellPhoneDB p-value	0.6838946558215973	0.2459476479270954	0.3888888888888889	0.3962264150943396	0.9636163175303196	0.3925233644859813	0.3566919726804201	21	33	874	32	54	-0.98	top_k_tie_expanded	0.2459476479270954	average_precision_step_integral_tie_aware	higher	960	960	960	1.0	1.0	53	907	53	907	1.0	1.0	0	53		exclude_and_report_coverage_never_impute_zero	observed		588	372	40	548	0.7547169811320755	paper_absent_prediction_ranked_after_returned	0.6979905259047036
GSE136831	021I	GSE136831_021I_IPF_8cell	GSE136831_021I_IPF_8cell	H-common	H-common_representable	Connectome specificity	0.6834369994383308	0.3012244673753684	0.3962264150943396	0.3962264150943396	0.9647188533627344	0.3962264150943396	0.3609452684570739	21	32	875	32	53	-0.0116742697999513	top_k_tie_expanded	0.3012244673753684	average_precision_step_integral_tie_aware	higher	960	960	960	1.0	1.0	53	907	53	907	1.0	1.0	0	53		exclude_and_report_coverage_never_impute_zero	observed		588	372	40	548	0.7547169811320755	paper_absent_prediction_ranked_after_returned	0.7078283810859765
GSE136831	021I	GSE136831_021I_IPF_8cell	GSE136831_021I_IPF_8cell	H-common	H-common_representable	LIANA magnitude consensus	0.682272055917289	0.2552835257826503	0.3773584905660377	0.3773584905660377	0.9636163175303196	0.3773584905660377	0.3409748080963575	20	33	874	33	53	-0.0553766843506779	top_k_tie_expanded	0.2552835257826503	average_precision_step_integral_tie_aware	higher	960	960	960	1.0	1.0	53	907	53	907	1.0	1.0	0	53		exclude_and_report_coverage_never_impute_zero	observed		588	372	40	548	0.7547169811320755	paper_absent_prediction_ranked_after_returned	0.7029590883656479
GSE136831	021I	GSE136831_021I_IPF_8cell	GSE136831_021I_IPF_8cell	H-common	H-common_representable	LIANA specificity consensus	0.6837698404443427	0.2818449592376918	0.3962264150943396	0.3962264150943396	0.9647188533627344	0.3962264150943396	0.3609452684570739	21	32	875	32	53	-0.000700370940954	top_k_tie_expanded	0.2818449592376918	average_precision_step_integral_tie_aware	higher	960	960	960	1.0	1.0	53	907	53	907	1.0	1.0	0	53		exclude_and_report_coverage_never_impute_zero	observed		588	372	40	548	0.7547169811320755	paper_absent_prediction_ranked_after_returned	0.7080982563418385
GSE136831	021I	GSE136831_021I_IPF_8cell	GSE136831_021I_IPF_8cell	H-common	H-common_representable	NATMI specificity	0.6839986686359759	0.3184264003256224	0.3962264150943396	0.3962264150943396	0.9647188533627344	0.3962264150943396	0.3609452684570739	21	32	875	32	53	0.010982765816152	top_k_tie_expanded	0.3184264003256224	average_precision_step_integral_tie_aware	higher	960	960	960	1.0	1.0	53	907	53	907	1.0	1.0	0	53		exclude_and_report_coverage_never_impute_zero	observed		588	372	40	548	0.7547169811320755	paper_absent_prediction_ranked_after_returned	0.7090763458297676
GSE136831	021I	GSE136831_021I_IPF_8cell	GSE136831_021I_IPF_8cell	H-common	H-common_representable	SingleCellSignalR LRscore	0.680306213725531	0.2745109198703667	0.3773584905660377	0.3773584905660377	0.9636163175303196	0.3773584905660377	0.3409748080963575	20	33	874	33	53	0.6857371926307678	top_k_tie_expanded	0.2745109198703667	average_precision_step_integral_tie_aware	higher	960	960	960	1.0	1.0	53	907	53	907	1.0	1.0	0	53		exclude_and_report_coverage_never_impute_zero	observed		63	897	21	42	0.3962264150943396	paper_absent_prediction_ranked_after_returned	0.6853093450611513
GSE136831	021I	GSE136831_021I_IPF_8cell	GSE136831_021I_IPF_8cell	H-common	H-common_representable	logFC specificity	0.6834786045640823	0.2851110624159279	0.3962264150943396	0.3962264150943396	0.9647188533627344	0.3962264150943396	0.3609452684570739	21	32	875	32	53	-0.422794759273529	top_k_tie_expanded	0.2851110624159279	average_precision_step_integral_tie_aware	higher	960	960	960	1.0	1.0	53	907	53	907	1.0	1.0	0	53		exclude_and_report_coverage_never_impute_zero	observed		588	372	40	548	0.7547169811320755	paper_absent_prediction_ranked_after_returned	0.7036278631233229
GSE136831	022I	GSE136831_022I_IPF_8cell	GSE136831_022I_IPF_8cell	H-common	H-common_representable	CRYCHIC availability-state	0.6421855172557259	0.2942898115390797	0.3584905660377358	0.3584905660377358	0.9625137816979052	0.3584905660377358	0.321004347735641	19	34	873	34	53	0.0470516679280657	top_k_tie_expanded	0.2942898115390797	average_precision_step_integral_tie_aware	higher	960	960	960	1.0	1.0	53	907	53	907	1.0	1.0	0	53		exclude_and_report_coverage_never_impute_zero	observed		768	192	41	727	0.7735849056603774	paper_absent_prediction_ranked_after_returned	0.7214722568481264
GSE136831	022I	GSE136831_022I_IPF_8cell	GSE136831_022I_IPF_8cell	H-common	H-common_representable	CellChat composite	0.6426743774833059	0.2298761245383054	0.0552083333333333	1.0	0.0	0.104639684106614		53	907	0	0	960	-0.9997531046284752	top_k_tie_expanded	0.2298761245383054	average_precision_step_integral_tie_aware	higher	960	960	960	1.0	1.0	53	907	53	907	1.0	1.0	0	53		exclude_and_report_coverage_never_impute_zero	observed		33	927	16	17	0.3018867924528302	paper_absent_prediction_ranked_after_returned	0.6414266888090782
GSE136831	022I	GSE136831_022I_IPF_8cell	GSE136831_022I_IPF_8cell	H-common	H-common_representable	CellChat p-value	0.6000915312766533	0.1934943383546358	0.0533854166666666	0.7735849056603774	0.1984564498346196	0.099878197320341	-0.0159634393295396	41	727	180	12	768	-1.0	top_k_tie_expanded	0.1934943383546358	average_precision_step_integral_tie_aware	higher	960	960	960	1.0	1.0	53	907	53	907	1.0	1.0	0	53		exclude_and_report_coverage_never_impute_zero	observed		768	192	41	727	0.7735849056603774	paper_absent_prediction_ranked_after_returned	0.6335669997777975
GSE136831	022I	GSE136831_022I_IPF_8cell	GSE136831_022I_IPF_8cell	H-common	H-common_representable	CellPhoneDB composite	0.6833641904682657	0.2203509541066137	0.0552083333333333	1.0	0.0	0.104639684106614		53	907	0	0	960	-0.892396904528141	top_k_tie_expanded	0.2203509541066137	average_precision_step_integral_tie_aware	higher	960	960	960	1.0	1.0	53	907	53	907	1.0	1.0	0	53		exclude_and_report_coverage_never_impute_zero	observed		49	911	21	28	0.3962264150943396	paper_absent_prediction_ranked_after_returned	0.6757122216920625
GSE136831	022I	GSE136831_022I_IPF_8cell	GSE136831_022I_IPF_8cell	H-common	H-common_representable	CellPhoneDB p-value	0.6304112666680535	0.2135314123598578	0.3962264150943396	0.3962264150943396	0.9647188533627344	0.3962264150943396	0.3609452684570739	21	32	875	32	53	-0.3	top_k_tie_expanded	0.2135314123598578	average_precision_step_integral_tie_aware	higher	960	960	960	1.0	1.0	53	907	53	907	1.0	1.0	0	53		exclude_and_report_coverage_never_impute_zero	observed		768	192	41	727	0.7735849056603774	paper_absent_prediction_ranked_after_returned	0.6719962803174405
GSE136831	022I	GSE136831_022I_IPF_8cell	GSE136831_022I_IPF_8cell	H-common	H-common_representable	Connectome specificity	0.630941732021385	0.2705108583417204	0.3962264150943396	0.3962264150943396	0.9647188533627344	0.3962264150943396	0.3609452684570739	21	32	875	32	53	0.0701660648217295	top_k_tie_expanded	0.2705108583417204	average_precision_step_integral_tie_aware	higher	960	960	960	1.0	1.0	53	907	53	907	1.0	1.0	0	53		exclude_and_report_coverage_never_impute_zero	observed		768	192	41	727	0.7735849056603774	paper_absent_prediction_ranked_after_returned	0.6751962607629486
GSE136831	022I	GSE136831_022I_IPF_8cell	GSE136831_022I_IPF_8cell	H-common	H-common_representable	LIANA magnitude consensus	0.6295271577458342	0.2202927364780813	0.3396226415094339	0.3396226415094339	0.9614112458654906	0.3396226415094339	0.3010338873749246	18	35	872	35	53	-0.0304024067801131	top_k_tie_expanded	0.2202927364780813	average_precision_step_integral_tie_aware	higher	960	960	960	1.0	1.0	53	907	53	907	1.0	1.0	0	53		exclude_and_report_coverage_never_impute_zero	observed		768	192	41	727	0.7735849056603774	paper_absent_prediction_ranked_after_returned	0.6721022991068724
GSE136831	022I	GSE136831_022I_IPF_8cell	GSE136831_022I_IPF_8cell	H-common	H-common_representable	LIANA specificity consensus	0.6310665473986395	0.2304518217966814	0.3962264150943396	0.3962264150943396	0.9647188533627344	0.3962264150943396	0.3609452684570739	21	32	875	32	53	-6.696698430112175e-05	top_k_tie_expanded	0.2304518217966814	average_precision_step_integral_tie_aware	higher	960	960	960	1.0	1.0	53	907	53	907	1.0	1.0	0	53		exclude_and_report_coverage_never_impute_zero	observed		768	192	41	727	0.7735849056603774	paper_absent_prediction_ranked_after_returned	0.6742003137259815
GSE136831	022I	GSE136831_022I_IPF_8cell	GSE136831_022I_IPF_8cell	H-common	H-common_representable	NATMI specificity	0.631274573027397	0.2509493248607388	0.3962264150943396	0.3962264150943396	0.9647188533627344	0.3962264150943396	0.3609452684570739	21	32	875	32	53	0.0163064766675233	top_k_tie_expanded	0.2509493248607388	average_precision_step_integral_tie_aware	higher	960	960	960	1.0	1.0	53	907	53	907	1.0	1.0	0	53		exclude_and_report_coverage_never_impute_zero	observed		768	192	41	727	0.7735849056603774	paper_absent_prediction_ranked_after_returned	0.6808937657525879
GSE136831	022I	GSE136831_022I_IPF_8cell	GSE136831_022I_IPF_8cell	H-common	H-common_representable	SingleCellSignalR LRscore	0.677518670300181	0.2259558821168703	0.3584905660377358	0.3584905660377358	0.9625137816979052	0.3584905660377358	0.321004347735641	19	34	873	34	53	0.7279754281044006	top_k_tie_expanded	0.2259558821168703	average_precision_step_integral_tie_aware	higher	960	960	960	1.0	1.0	53	907	53	907	1.0	1.0	0	53		exclude_and_report_coverage_never_impute_zero	observed		66	894	21	45	0.3962264150943396	paper_absent_prediction_ranked_after_returned	0.6738443913913725
GSE136831	022I	GSE136831_022I_IPF_8cell	GSE136831_022I_IPF_8cell	H-common	H-common_representable	logFC specificity	0.6303176551351126	0.2258026164529835	0.3962264150943396	0.3962264150943396	0.9647188533627344	0.3962264150943396	0.3609452684570739	21	32	875	32	53	-0.1681425124406814	top_k_tie_expanded	0.2258026164529835	average_precision_step_integral_tie_aware	higher	960	960	960	1.0	1.0	53	907	53	907	1.0	1.0	0	53		exclude_and_report_coverage_never_impute_zero	observed		768	192	41	727	0.7735849056603774	paper_absent_prediction_ranked_after_returned	0.6760731411098118
GSE136831	025I	GSE136831_025I_IPF_8cell	GSE136831_025I_IPF_8cell	H-common	H-common_representable	CRYCHIC availability-state	0.5263880510078842	0.127346222973591	0.1698113207547169	0.1698113207547169	0.9514884233737596	0.1698113207547169	0.1212997441284766	9	44	863	44	53	0.0049951550236437	top_k_tie_expanded	0.127346222973591	average_precision_step_integral_tie_aware	higher	960	960	960	1.0	1.0	53	907	53	907	1.0	1.0	0	53		exclude_and_report_coverage_never_impute_zero	observed		300	660	17	283	0.320754716981132	paper_absent_prediction_ranked_after_returned	0.5811288524921179
GSE136831	025I	GSE136831_025I_IPF_8cell	GSE136831_025I_IPF_8cell	H-common	H-common_representable	CellChat composite	0.5332008903496911	0.0736260005717552	0.0552083333333333	1.0	0.0	0.104639684106614		53	907	0	0	960	-0.999628089564404	top_k_tie_expanded	0.0736260005717552	average_precision_step_integral_tie_aware	higher	960	960	960	1.0	1.0	53	907	53	907	1.0	1.0	0	53		exclude_and_report_coverage_never_impute_zero	observed		12	948	4	8	0.0754716981132075	paper_absent_prediction_ranked_after_returned	0.5318342318059299
GSE136831	025I	GSE136831_025I_IPF_8cell	GSE136831_025I_IPF_8cell	H-common	H-common_representable	CellChat p-value	0.5076657444197125	0.0726307890222984	0.0545454545454545	0.2830188679245283	0.7133406835722161	0.0914634146341463	-0.0018390131626628	15	260	647	38	275	-1.0	top_k_tie_expanded	0.0726307890222984	average_precision_step_integral_tie_aware	higher	960	960	960	1.0	1.0	53	907	53	907	1.0	1.0	0	53		exclude_and_report_coverage_never_impute_zero	observed		275	685	15	260	0.2830188679245283	paper_absent_prediction_ranked_after_returned	0.5301169642058691
GSE136831	025I	GSE136831_025I_IPF_8cell	GSE136831_025I_IPF_8cell	H-common	H-common_representable	CellPhoneDB composite	0.5597345592977054	0.0925060919164692	0.0552083333333333	1.0	0.0	0.104639684106614		53	907	0	0	960	-0.8773558288812637	top_k_tie_expanded	0.0925060919164692	average_precision_step_integral_tie_aware	higher	960	960	960	1.0	1.0	53	907	53	907	1.0	1.0	0	53		exclude_and_report_coverage_never_impute_zero	observed		18	942	7	11	0.1320754716981132	paper_absent_prediction_ranked_after_returned	0.5555047169811321
GSE136831	025I	GSE136831_025I_IPF_8cell	GSE136831_025I_IPF_8cell	H-common	H-common_representable	CellPhoneDB p-value	0.5152586798693599	0.100437154564513	0.0545454545454545	0.2830188679245283	0.7133406835722161	0.0914634146341463	-0.0018390131626628	15	260	647	38	275	-1.0	top_k_tie_expanded	0.100437154564513	average_precision_step_integral_tie_aware	higher	960	960	960	1.0	1.0	53	907	53	907	1.0	1.0	0	53		exclude_and_report_coverage_never_impute_zero	observed		275	685	15	260	0.2830188679245283	paper_absent_prediction_ranked_after_returned	0.5590885527341061
GSE136831	025I	GSE136831_025I_IPF_8cell	GSE136831_025I_IPF_8cell	H-common	H-common_representable	Connectome specificity	0.5150506542406025	0.106565486400392	0.0545454545454545	0.2830188679245283	0.7133406835722161	0.0914634146341463	-0.0018390131626628	15	260	647	38	275	-1.3245496603518283	top_k_tie_expanded	0.106565486400392	average_precision_step_integral_tie_aware	higher	960	960	960	1.0	1.0	53	907	53	907	1.0	1.0	0	53		exclude_and_report_coverage_never_impute_zero	observed		275	685	15	260	0.2830188679245283	paper_absent_prediction_ranked_after_returned	0.5558588140923081
GSE136831	025I	GSE136831_025I_IPF_8cell	GSE136831_025I_IPF_8cell	H-common	H-common_representable	LIANA magnitude consensus	0.5149674439890994	0.0917771039233303	0.0545454545454545	0.2830188679245283	0.7133406835722161	0.0914634146341463	-0.0018390131626628	15	260	647	38	275	-1.0	top_k_tie_expanded	0.0917771039233303	average_precision_step_integral_tie_aware	higher	960	960	960	1.0	1.0	53	907	53	907	1.0	1.0	0	53		exclude_and_report_coverage_never_impute_zero	observed		275	685	15	260	0.2830188679245283	paper_absent_prediction_ranked_after_returned	0.5528036228160245
GSE136831	025I	GSE136831_025I_IPF_8cell	GSE136831_025I_IPF_8cell	H-common	H-common_representable	LIANA specificity consensus	0.5152170747436084	0.1006539451114922	0.0545454545454545	0.2830188679245283	0.7133406835722161	0.0914634146341463	-0.0018390131626628	15	260	647	38	275	-1.0	top_k_tie_expanded	0.1006539451114922	average_precision_step_integral_tie_aware	higher	960	960	960	1.0	1.0	53	907	53	907	1.0	1.0	0	53		exclude_and_report_coverage_never_impute_zero	observed		275	685	15	260	0.2830188679245283	paper_absent_prediction_ranked_after_returned	0.5573786722769286
GSE136831	025I	GSE136831_025I_IPF_8cell	GSE136831_025I_IPF_8cell	H-common	H-common_representable	NATMI specificity	0.5154042978094902	0.1220900038117019	0.0545454545454545	0.2830188679245283	0.7133406835722161	0.0914634146341463	-0.0018390131626628	15	260	647	38	275	0.0026808741968125	top_k_tie_expanded	0.1220900038117019	average_precision_step_integral_tie_aware	higher	960	960	960	1.0	1.0	53	907	53	907	1.0	1.0	0	53		exclude_and_report_coverage_never_impute_zero	observed		275	685	15	260	0.2830188679245283	paper_absent_prediction_ranked_after_returned	0.5616704263091248
GSE136831	025I	GSE136831_025I_IPF_8cell	GSE136831_025I_IPF_8cell	H-common	H-common_representable	SingleCellSignalR LRscore	0.5150298516777267	0.0940906708595387	0.0545454545454545	0.2830188679245283	0.7133406835722161	0.0914634146341463	-0.0018390131626628	15	260	647	38	275	0.5212276577949524	top_k_tie_expanded	0.0940906708595387	average_precision_step_integral_tie_aware	higher	960	960	960	1.0	1.0	53	907	53	907	1.0	1.0	0	53		exclude_and_report_coverage_never_impute_zero	observed		275	685	15	260	0.2830188679245283	paper_absent_prediction_ranked_after_returned	0.5585376867729341
GSE136831	025I	GSE136831_025I_IPF_8cell	GSE136831_025I_IPF_8cell	H-common	H-common_representable	logFC specificity	0.5149882465519752	0.0935030262929819	0.0545454545454545	0.2830188679245283	0.7133406835722161	0.0914634146341463	-0.0018390131626628	15	260	647	38	275	-2.1566271781921387	top_k_tie_expanded	0.0935030262929819	average_precision_step_integral_tie_aware	higher	960	960	960	1.0	1.0	53	907	53	907	1.0	1.0	0	53		exclude_and_report_coverage_never_impute_zero	observed		275	685	15	260	0.2830188679245283	paper_absent_prediction_ranked_after_returned	0.5548044554218938
GSE136831	034I	GSE136831_034I_IPF_8cell	GSE136831_034I_IPF_8cell	H-common	H-common_representable	CRYCHIC availability-state	0.5621580578727299	0.188590491685831	0.2830188679245283	0.2830188679245283	0.958103638368247	0.2830188679245283	0.2411225062927752	15	38	869	38	53	0.0243880696497262	top_k_tie_expanded	0.188590491685831	average_precision_step_integral_tie_aware	higher	960	960	960	1.0	1.0	53	907	53	907	1.0	1.0	0	53		exclude_and_report_coverage_never_impute_zero	observed		588	372	29	559	0.5471698113207547	paper_absent_prediction_ranked_after_returned	0.6606963670589623
GSE136831	034I	GSE136831_034I_IPF_8cell	GSE136831_034I_IPF_8cell	H-common	H-common_representable	CellChat composite	0.5625221027230555	0.1081287292372198	0.0552083333333333	1.0	0.0	0.104639684106614		53	907	0	0	960	-0.9998514379539062	top_k_tie_expanded	0.1081287292372198	average_precision_step_integral_tie_aware	higher	960	960	960	1.0	1.0	53	907	53	907	1.0	1.0	0	53		exclude_and_report_coverage_never_impute_zero	observed		13	947	7	6	0.1320754716981132	paper_absent_prediction_ranked_after_returned	0.5585017220724768
GSE136831	034I	GSE136831_034I_IPF_8cell	GSE136831_034I_IPF_8cell	H-common	H-common_representable	CellChat p-value	0.5043165317967173	0.1165899015629473	0.0493197278911564	0.5471698113207547	0.3836824696802646	0.0904836193447738	-0.0324159910522674	29	559	348	24	588	-1.0	top_k_tie_expanded	0.1165899015629473	average_precision_step_integral_tie_aware	higher	960	960	960	1.0	1.0	53	907	53	907	1.0	1.0	0	53		exclude_and_report_coverage_never_impute_zero	observed		588	372	29	559	0.5471698113207547	paper_absent_prediction_ranked_after_returned	0.5476981924934637
GSE136831	034I	GSE136831_034I_IPF_8cell	GSE136831_034I_IPF_8cell	H-common	H-common_representable	CellPhoneDB composite	0.6301096295063552	0.1521316974261283	0.0552083333333333	1.0	0.0	0.104639684106614		53	907	0	0	960	-0.9296429008245468	top_k_tie_expanded	0.1521316974261283	average_precision_step_integral_tie_aware	higher	960	960	960	1.0	1.0	53	907	53	907	1.0	1.0	0	53		exclude_and_report_coverage_never_impute_zero	observed		35	925	15	20	0.2830188679245283	paper_absent_prediction_ranked_after_returned	0.6211465328373881
GSE136831	034I	GSE136831_034I_IPF_8cell	GSE136831_034I_IPF_8cell	H-common	H-common_representable	CellPhoneDB p-value	0.5451103575960559	0.158415973593554	0.0493197278911564	0.5471698113207547	0.3836824696802646	0.0904836193447738	-0.0324159910522674	29	559	348	24	588	-1.0	top_k_tie_expanded	0.158415973593554	average_precision_step_integral_tie_aware	higher	960	960	960	1.0	1.0	53	907	53	907	1.0	1.0	0	53		exclude_and_report_coverage_never_impute_zero	observed		588	372	29	559	0.5471698113207547	paper_absent_prediction_ranked_after_returned	0.6112332613014706
GSE136831	034I	GSE136831_034I_IPF_8cell	GSE136831_034I_IPF_8cell	H-common	H-common_representable	Connectome specificity	0.5445902935241622	0.1660136793682041	0.0493197278911564	0.5471698113207547	0.3836824696802646	0.0904836193447738	-0.0324159910522674	29	559	348	24	588	-1.068349314506095	top_k_tie_expanded	0.1660136793682041	average_precision_step_integral_tie_aware	higher	960	960	960	1.0	1.0	53	907	53	907	1.0	1.0	0	53		exclude_and_report_coverage_never_impute_zero	observed		588	372	29	559	0.5471698113207547	paper_absent_prediction_ranked_after_returned	0.6154026974422306
GSE136831	034I	GSE136831_034I_IPF_8cell	GSE136831_034I_IPF_8cell	H-common	H-common_representable	LIANA magnitude consensus	0.5442158473923987	0.1462958430421639	0.0493197278911564	0.5471698113207547	0.3836824696802646	0.0904836193447738	-0.0324159910522674	29	559	348	24	588	-1.0	top_k_tie_expanded	0.1462958430421639	average_precision_step_integral_tie_aware	higher	960	960	960	1.0	1.0	53	907	53	907	1.0	1.0	0	53		exclude_and_report_coverage_never_impute_zero	observed		588	372	29	559	0.5471698113207547	paper_absent_prediction_ranked_after_returned	0.6110244819375396
GSE136831	034I	GSE136831_034I_IPF_8cell	GSE136831_034I_IPF_8cell	H-common	H-common_representable	LIANA specificity consensus	0.544933535811612	0.161333273277166	0.0493197278911564	0.5471698113207547	0.3836824696802646	0.0904836193447738	-0.0324159910522674	29	559	348	24	588	-1.0	top_k_tie_expanded	0.161333273277166	average_precision_step_integral_tie_aware	higher	960	960	960	1.0	1.0	53	907	53	907	1.0	1.0	0	53		exclude_and_report_coverage_never_impute_zero	observed		588	372	29	559	0.5471698113207547	paper_absent_prediction_ranked_after_returned	0.6173859911001681
GSE136831	034I	GSE136831_034I_IPF_8cell	GSE136831_034I_IPF_8cell	H-common	H-common_representable	NATMI specificity	0.5445070832726592	0.1642934273938763	0.0493197278911564	0.5471698113207547	0.3836824696802646	0.0904836193447738	-0.0324159910522674	29	559	348	24	588	0.0016014884458854	top_k_tie_expanded	0.1642934273938763	average_precision_step_integral_tie_aware	higher	960	960	960	1.0	1.0	53	907	53	907	1.0	1.0	0	53		exclude_and_report_coverage_never_impute_zero	observed		588	372	29	559	0.5471698113207547	paper_absent_prediction_ranked_after_returned	0.6138411435327926
GSE136831	034I	GSE136831_034I_IPF_8cell	GSE136831_034I_IPF_8cell	H-common	H-common_representable	SingleCellSignalR LRscore	0.6251378169790518	0.1502208265117363	0.0552083333333333	1.0	0.0	0.104639684106614		53	907	0	0	960	-0.4991925358772278	top_k_tie_expanded	0.1502208265117363	average_precision_step_integral_tie_aware	higher	960	960	960	1.0	1.0	53	907	53	907	1.0	1.0	0	53		exclude_and_report_coverage_never_impute_zero	observed		47	913	15	32	0.2830188679245283	paper_absent_prediction_ranked_after_returned	0.6190902573859084
GSE136831	034I	GSE136831_034I_IPF_8cell	GSE136831_034I_IPF_8cell	H-common	H-common_representable	logFC specificity	0.5445694909612865	0.1496707310575043	0.0493197278911564	0.5471698113207547	0.3836824696802646	0.0904836193447738	-0.0324159910522674	29	559	348	24	588	-2.6418979167938232	top_k_tie_expanded	0.1496707310575043	average_precision_step_integral_tie_aware	higher	960	960	960	1.0	1.0	53	907	53	907	1.0	1.0	0	53		exclude_and_report_coverage_never_impute_zero	observed		588	372	29	559	0.5471698113207547	paper_absent_prediction_ranked_after_returned	0.6132109528929751
GSE136831	040I	GSE136831_040I_IPF_8cell	GSE136831_040I_IPF_8cell	H-common	H-common_representable	CRYCHIC availability-state	0.6031703105822638	0.2175089779605529	0.2830188679245283	0.2830188679245283	0.958103638368247	0.2830188679245283	0.2411225062927752	15	38	869	38	53	0.0228065067012275	top_k_tie_expanded	0.2175089779605529	average_precision_step_integral_tie_aware	higher	960	960	960	1.0	1.0	53	907	53	907	1.0	1.0	0	53		exclude_and_report_coverage_never_impute_zero	observed		432	528	28	404	0.5283018867924528	paper_absent_prediction_ranked_after_returned	0.6682348376103772
GSE136831	040I	GSE136831_040I_IPF_8cell	GSE136831_040I_IPF_8cell	H-common	H-common_representable	CellChat composite	0.5908239895155083	0.1581472314373257	0.0552083333333333	1.0	0.0	0.104639684106614		53	907	0	0	960	-0.9999789712141048	top_k_tie_expanded	0.1581472314373257	average_precision_step_integral_tie_aware	higher	960	960	960	1.0	1.0	53	907	53	907	1.0	1.0	0	53		exclude_and_report_coverage_never_impute_zero	observed		16	944	10	6	0.1886792452830188	paper_absent_prediction_ranked_after_returned	0.5876986038070943
GSE136831	040I	GSE136831_040I_IPF_8cell	GSE136831_040I_IPF_8cell	H-common	H-common_representable	CellChat p-value	0.5817124669759315	0.1659787735849056	0.0648148148148148	0.5283018867924528	0.5545755237045203	0.1154639175257732	0.038046868445315	28	404	503	25	432	-1.0	top_k_tie_expanded	0.1659787735849056	average_precision_step_integral_tie_aware	higher	960	960	960	1.0	1.0	53	907	53	907	1.0	1.0	0	53		exclude_and_report_coverage_never_impute_zero	observed		432	528	28	404	0.5283018867924528	paper_absent_prediction_ranked_after_returned	0.6035572726190954
GSE136831	040I	GSE136831_040I_IPF_8cell	GSE136831_040I_IPF_8cell	H-common	H-common_representable	CellPhoneDB composite	0.61184497930145	0.1450811815074476	0.0552083333333333	1.0	0.0	0.104639684106614		53	907	0	0	960	-0.9370475262403488	top_k_tie_expanded	0.1450811815074476	average_precision_step_integral_tie_aware	higher	960	960	960	1.0	1.0	53	907	53	907	1.0	1.0	0	53		exclude_and_report_coverage_never_impute_zero	observed		33	927	13	20	0.2452830188679245	paper_absent_prediction_ranked_after_returned	0.6060219308530906
GSE136831	040I	GSE136831_040I_IPF_8cell	GSE136831_040I_IPF_8cell	H-common	H-common_representable	CellPhoneDB p-value	0.5895030267728985	0.1383225348803585	0.0648148148148148	0.5283018867924528	0.5545755237045203	0.1154639175257732	0.038046868445315	28	404	503	25	432	-1.0	top_k_tie_expanded	0.1383225348803585	average_precision_step_integral_tie_aware	higher	960	960	960	1.0	1.0	53	907	53	907	1.0	1.0	0	53		exclude_and_report_coverage_never_impute_zero	observed		432	528	28	404	0.5283018867924528	paper_absent_prediction_ranked_after_returned	0.6168974276693606
GSE136831	040I	GSE136831_040I_IPF_8cell	GSE136831_040I_IPF_8cell	H-common	H-common_representable	Connectome specificity	0.5904183395394312	0.1833800257863068	0.0648148148148148	0.5283018867924528	0.5545755237045203	0.1154639175257732	0.038046868445315	28	404	503	25	432	-1.008993261880193	top_k_tie_expanded	0.1833800257863068	average_precision_step_integral_tie_aware	higher	960	960	960	1.0	1.0	53	907	53	907	1.0	1.0	0	53		exclude_and_report_coverage_never_impute_zero	observed		432	528	28	404	0.5283018867924528	paper_absent_prediction_ranked_after_returned	0.6266428611865483
GSE136831	040I	GSE136831_040I_IPF_8cell	GSE136831_040I_IPF_8cell	H-common	H-common_representable	LIANA magnitude consensus	0.5897110524016559	0.1553363277115618	0.0648148148148148	0.5283018867924528	0.5545755237045203	0.1154639175257732	0.038046868445315	28	404	503	25	432	-1.0	top_k_tie_expanded	0.1553363277115618	average_precision_step_integral_tie_aware	higher	960	960	960	1.0	1.0	53	907	53	907	1.0	1.0	0	53		exclude_and_report_coverage_never_impute_zero	observed		432	528	28	404	0.5283018867924528	paper_absent_prediction_ranked_after_returned	0.619181750955913
GSE136831	040I	GSE136831_040I_IPF_8cell	GSE136831_040I_IPF_8cell	H-common	H-common_representable	LIANA specificity consensus	0.5905327536352478	0.1765612050885358	0.0648148148148148	0.5283018867924528	0.5545755237045203	0.1154639175257732	0.038046868445315	28	404	503	25	432	-1.0	top_k_tie_expanded	0.1765612050885358	average_precision_step_integral_tie_aware	higher	960	960	960	1.0	1.0	53	907	53	907	1.0	1.0	0	53		exclude_and_report_coverage_never_impute_zero	observed		432	528	28	404	0.5283018867924528	paper_absent_prediction_ranked_after_returned	0.6243682438889896
GSE136831	040I	GSE136831_040I_IPF_8cell	GSE136831_040I_IPF_8cell	H-common	H-common_representable	NATMI specificity	0.5906471677310645	0.20263368668266	0.0648148148148148	0.5283018867924528	0.5545755237045203	0.1154639175257732	0.038046868445315	28	404	503	25	432	0.0019263378344476	top_k_tie_expanded	0.20263368668266	average_precision_step_integral_tie_aware	higher	960	960	960	1.0	1.0	53	907	53	907	1.0	1.0	0	53		exclude_and_report_coverage_never_impute_zero	observed		432	528	28	404	0.5283018867924528	paper_absent_prediction_ranked_after_returned	0.623335532647326
GSE136831	040I	GSE136831_040I_IPF_8cell	GSE136831_040I_IPF_8cell	H-common	H-common_representable	SingleCellSignalR LRscore	0.6099103409540055	0.1564213040011467	0.0552083333333333	1.0	0.0	0.104639684106614		53	907	0	0	960	-0.4995797872543335	top_k_tie_expanded	0.1564213040011467	average_precision_step_integral_tie_aware	higher	960	960	960	1.0	1.0	53	907	53	907	1.0	1.0	0	53		exclude_and_report_coverage_never_impute_zero	observed		38	922	13	25	0.2452830188679245	paper_absent_prediction_ranked_after_returned	0.6095175293321797
GSE136831	040I	GSE136831_040I_IPF_8cell	GSE136831_040I_IPF_8cell	H-common	H-common_representable	logFC specificity	0.5899606831561648	0.1574855175500292	0.0648148148148148	0.5283018867924528	0.5545755237045203	0.1154639175257732	0.038046868445315	28	404	503	25	432	-2.1665890216827397	top_k_tie_expanded	0.1574855175500292	average_precision_step_integral_tie_aware	higher	960	960	960	1.0	1.0	53	907	53	907	1.0	1.0	0	53		exclude_and_report_coverage_never_impute_zero	observed		432	528	28	404	0.5283018867924528	paper_absent_prediction_ranked_after_returned	0.6206495495504981
GSE136831	041I	GSE136831_041I_IPF_8cell	GSE136831_041I_IPF_8cell	H-common	H-common_representable	CRYCHIC availability-state	0.528697135487092	0.1377131624291918	0.1886792452830188	0.1886792452830188	0.9525909592061742	0.1886792452830188	0.141270204489193	10	43	864	43	53	0.0092171365769569	top_k_tie_expanded	0.1377131624291918	average_precision_step_integral_tie_aware	higher	960	960	960	1.0	1.0	53	907	53	907	1.0	1.0	0	53		exclude_and_report_coverage_never_impute_zero	observed		300	660	17	283	0.320754716981132	paper_absent_prediction_ranked_after_returned	0.5981702955599162
GSE136831	041I	GSE136831_041I_IPF_8cell	GSE136831_041I_IPF_8cell	H-common	H-common_representable	CellChat composite	0.5428220756797237	0.0968795355587808	0.0552083333333333	1.0	0.0	0.104639684106614		53	907	0	0	960	-0.9998898004662918	top_k_tie_expanded	0.0968795355587808	average_precision_step_integral_tie_aware	higher	960	960	960	1.0	1.0	53	907	53	907	1.0	1.0	0	53		exclude_and_report_coverage_never_impute_zero	observed		13	947	5	8	0.0943396226415094	paper_absent_prediction_ranked_after_returned	0.5428582659478888
GSE136831	041I	GSE136831_041I_IPF_8cell	GSE136831_041I_IPF_8cell	H-common	H-common_representable	CellChat p-value	0.5176717771629464	0.0866146589259796	0.0566666666666666	0.320754716981132	0.6879823594266814	0.0963172804532577	0.0043050194401663	17	283	624	36	300	-1.0	top_k_tie_expanded	0.0866146589259796	average_precision_step_integral_tie_aware	higher	960	960	960	1.0	1.0	53	907	53	907	1.0	1.0	0	53		exclude_and_report_coverage_never_impute_zero	observed		300	660	17	283	0.320754716981132	paper_absent_prediction_ranked_after_returned	0.5417903083265374
GSE136831	041I	GSE136831_041I_IPF_8cell	GSE136831_041I_IPF_8cell	H-common	H-common_representable	CellPhoneDB composite	0.583803124544944	0.1196057450916754	0.0552083333333333	1.0	0.0	0.104639684106614		53	907	0	0	960	-0.9293562397360802	top_k_tie_expanded	0.1196057450916754	average_precision_step_integral_tie_aware	higher	960	960	960	1.0	1.0	53	907	53	907	1.0	1.0	0	53		exclude_and_report_coverage_never_impute_zero	observed		29	931	10	19	0.1886792452830188	paper_absent_prediction_ranked_after_returned	0.5794397306048249
GSE136831	041I	GSE136831_041I_IPF_8cell	GSE136831_041I_IPF_8cell	H-common	H-common_representable	CellPhoneDB p-value	0.5303301366728381	0.112369721473495	0.0566666666666666	0.320754716981132	0.6879823594266814	0.0963172804532577	0.0043050194401663	17	283	624	36	300	-1.0	top_k_tie_expanded	0.112369721473495	average_precision_step_integral_tie_aware	higher	960	960	960	1.0	1.0	53	907	53	907	1.0	1.0	0	53		exclude_and_report_coverage_never_impute_zero	observed		300	660	17	283	0.320754716981132	paper_absent_prediction_ranked_after_returned	0.5809739864512338
GSE136831	041I	GSE136831_041I_IPF_8cell	GSE136831_041I_IPF_8cell	H-common	H-common_representable	Connectome specificity	0.5299972956668262	0.127005257267131	0.0566666666666666	0.320754716981132	0.6879823594266814	0.0963172804532577	0.0043050194401663	17	283	624	36	300	-1.2713720459342646	top_k_tie_expanded	0.127005257267131	average_precision_step_integral_tie_aware	higher	960	960	960	1.0	1.0	53	907	53	907	1.0	1.0	0	53		exclude_and_report_coverage_never_impute_zero	observed		300	660	17	283	0.320754716981132	paper_absent_prediction_ranked_after_returned	0.5829402923270066
GSE136831	041I	GSE136831_041I_IPF_8cell	GSE136831_041I_IPF_8cell	H-common	H-common_representable	LIANA magnitude consensus	0.5299140854153231	0.1218980065267344	0.0566666666666666	0.320754716981132	0.6879823594266814	0.0963172804532577	0.0043050194401663	17	283	624	36	300	-1.0	top_k_tie_expanded	0.1218980065267344	average_precision_step_integral_tie_aware	higher	960	960	960	1.0	1.0	53	907	53	907	1.0	1.0	0	53		exclude_and_report_coverage_never_impute_zero	observed		300	660	17	283	0.320754716981132	paper_absent_prediction_ranked_after_returned	0.5828591954623541
GSE136831	041I	GSE136831_041I_IPF_8cell	GSE136831_041I_IPF_8cell	H-common	H-common_representable	LIANA specificity consensus	0.5307253853674773	0.1392655471528361	0.0566666666666666	0.320754716981132	0.6879823594266814	0.0963172804532577	0.0043050194401663	17	283	624	36	300	-1.0	top_k_tie_expanded	0.1392655471528361	average_precision_step_integral_tie_aware	higher	960	960	960	1.0	1.0	53	907	53	907	1.0	1.0	0	53		exclude_and_report_coverage_never_impute_zero	observed		300	660	17	283	0.320754716981132	paper_absent_prediction_ranked_after_returned	0.5890372513967601
GSE136831	041I	GSE136831_041I_IPF_8cell	GSE136831_041I_IPF_8cell	H-common	H-common_representable	NATMI specificity	0.5309542135591104	0.1600536320874833	0.0566666666666666	0.320754716981132	0.6879823594266814	0.0963172804532577	0.0043050194401663	17	283	624	36	300	0.0023713114205747	top_k_tie_expanded	0.1600536320874833	average_precision_step_integral_tie_aware	higher	960	960	960	1.0	1.0	53	907	53	907	1.0	1.0	0	53		exclude_and_report_coverage_never_impute_zero	observed		300	660	17	283	0.320754716981132	paper_absent_prediction_ranked_after_returned	0.5882586891223477
GSE136831	041I	GSE136831_041I_IPF_8cell	GSE136831_041I_IPF_8cell	H-common	H-common_representable	SingleCellSignalR LRscore	0.581421231095671	0.1203530985960231	0.0552083333333333	1.0	0.0	0.104639684106614		53	907	0	0	960	-0.4994762539863586	top_k_tie_expanded	0.1203530985960231	average_precision_step_integral_tie_aware	higher	960	960	960	1.0	1.0	53	907	53	907	1.0	1.0	0	53		exclude_and_report_coverage_never_impute_zero	observed		34	926	10	24	0.1886792452830188	paper_absent_prediction_ranked_after_returned	0.5788497514016382
GSE136831	041I	GSE136831_041I_IPF_8cell	GSE136831_041I_IPF_8cell	H-common	H-common_representable	logFC specificity	0.5300389007925776	0.1271661982084612	0.0566666666666666	0.320754716981132	0.6879823594266814	0.0963172804532577	0.0043050194401663	17	283	624	36	300	-2.230209827423096	top_k_tie_expanded	0.1271661982084612	average_precision_step_integral_tie_aware	higher	960	960	960	1.0	1.0	53	907	53	907	1.0	1.0	0	53		exclude_and_report_coverage_never_impute_zero	observed		300	660	17	283	0.320754716981132	paper_absent_prediction_ranked_after_returned	0.5843081950384461
GSE136831	051I	GSE136831_051I_IPF_8cell	GSE136831_051I_IPF_8cell	H-common	H-common_representable	CRYCHIC availability-state	0.4772211936510578	0.1123248625988637	0.1886792452830188	0.1886792452830188	0.9525909592061742	0.1886792452830188	0.141270204489193	10	43	864	43	53	0.0138637805050337	top_k_tie_expanded	0.1123248625988637	average_precision_step_integral_tie_aware	higher	960	960	960	1.0	1.0	53	907	53	907	1.0	1.0	0	53		exclude_and_report_coverage_never_impute_zero	observed		432	528	18	414	0.3396226415094339	paper_absent_prediction_ranked_after_returned	0.5796179450061051
GSE136831	051I	GSE136831_051I_IPF_8cell	GSE136831_051I_IPF_8cell	H-common	H-common_representable	CellChat composite	0.5519856046264899	0.0899977970143064	0.0552083333333333	1.0	0.0	0.104639684106614		53	907	0	0	960	-0.999513983295644	top_k_tie_expanded	0.0899977970143064	average_precision_step_integral_tie_aware	higher	960	960	960	1.0	1.0	53	907	53	907	1.0	1.0	0	53		exclude_and_report_coverage_never_impute_zero	observed		14	946	6	8	0.1132075471698113	paper_absent_prediction_ranked_after_returned	0.5471172506738543
GSE136831	051I	GSE136831_051I_IPF_8cell	GSE136831_051I_IPF_8cell	H-common	H-common_representable	CellChat p-value	0.4659254020095276	0.0944098158131176	0.0416666666666666	0.3396226415094339	0.5435501653803748	0.0742268041237113	-0.0536323326277333	18	414	493	35	432	-1.0	top_k_tie_expanded	0.0944098158131176	average_precision_step_integral_tie_aware	higher	960	960	960	1.0	1.0	53	907	53	907	1.0	1.0	0	53		exclude_and_report_coverage_never_impute_zero	observed		432	528	18	414	0.3396226415094339	paper_absent_prediction_ranked_after_returned	0.5322905379974343
GSE136831	051I	GSE136831_051I_IPF_8cell	GSE136831_051I_IPF_8cell	H-common	H-common_representable	CellPhoneDB composite	0.5734850533585738	0.0951635174748382	0.0552083333333333	1.0	0.0	0.104639684106614		53	907	0	0	960	-0.8940677419304848	top_k_tie_expanded	0.0951635174748382	average_precision_step_integral_tie_aware	higher	960	960	960	1.0	1.0	53	907	53	907	1.0	1.0	0	53		exclude_and_report_coverage_never_impute_zero	observed		29	931	9	20	0.1698113207547169	paper_absent_prediction_ranked_after_returned	0.5664417118520891
GSE136831	051I	GSE136831_051I_IPF_8cell	GSE136831_051I_IPF_8cell	H-common	H-common_representable	CellPhoneDB p-value	0.4804767947411121	0.1070778728762913	0.0416666666666666	0.3396226415094339	0.5435501653803748	0.0742268041237113	-0.0536323326277333	18	414	493	35	432	-1.0	top_k_tie_expanded	0.1070778728762913	average_precision_step_integral_tie_aware	higher	960	960	960	1.0	1.0	53	907	53	907	1.0	1.0	0	53		exclude_and_report_coverage_never_impute_zero	observed		432	528	18	414	0.3396226415094339	paper_absent_prediction_ranked_after_returned	0.5667762844518036
GSE136831	051I	GSE136831_051I_IPF_8cell	GSE136831_051I_IPF_8cell	H-common	H-common_representable	Connectome specificity	0.4800295396392836	0.1090601005664312	0.0416666666666666	0.3396226415094339	0.5435501653803748	0.0742268041237113	-0.0536323326277333	18	414	493	35	432	-0.9510263665589908	top_k_tie_expanded	0.1090601005664312	average_precision_step_integral_tie_aware	higher	960	960	960	1.0	1.0	53	907	53	907	1.0	1.0	0	53		exclude_and_report_coverage_never_impute_zero	observed		432	528	18	414	0.3396226415094339	paper_absent_prediction_ranked_after_returned	0.5699567336722474
GSE136831	051I	GSE136831_051I_IPF_8cell	GSE136831_051I_IPF_8cell	H-common	H-common_representable	LIANA magnitude consensus	0.4793430550643839	0.0951581038929875	0.0416666666666666	0.3396226415094339	0.5435501653803748	0.0742268041237113	-0.0536323326277333	18	414	493	35	432	-1.0	top_k_tie_expanded	0.0951581038929875	average_precision_step_integral_tie_aware	higher	960	960	960	1.0	1.0	53	907	53	907	1.0	1.0	0	53		exclude_and_report_coverage_never_impute_zero	observed		432	528	18	414	0.3396226415094339	paper_absent_prediction_ranked_after_returned	0.5630712661784542
GSE136831	051I	GSE136831_051I_IPF_8cell	GSE136831_051I_IPF_8cell	H-common	H-common_representable	LIANA specificity consensus	0.4804455908967985	0.1086036795022282	0.0416666666666666	0.3396226415094339	0.5435501653803748	0.0742268041237113	-0.0536323326277333	18	414	493	35	432	-1.0	top_k_tie_expanded	0.1086036795022282	average_precision_step_integral_tie_aware	higher	960	960	960	1.0	1.0	53	907	53	907	1.0	1.0	0	53		exclude_and_report_coverage_never_impute_zero	observed		432	528	18	414	0.3396226415094339	paper_absent_prediction_ranked_after_returned	0.5656727085892129
GSE136831	051I	GSE136831_051I_IPF_8cell	GSE136831_051I_IPF_8cell	H-common	H-common_representable	NATMI specificity	0.4807992344656862	0.1319269122552389	0.0416666666666666	0.3396226415094339	0.5435501653803748	0.0742268041237113	-0.0536323326277333	18	414	493	35	432	0.004053100477904	top_k_tie_expanded	0.1319269122552389	average_precision_step_integral_tie_aware	higher	960	960	960	1.0	1.0	53	907	53	907	1.0	1.0	0	53		exclude_and_report_coverage_never_impute_zero	observed		432	528	18	414	0.3396226415094339	paper_absent_prediction_ranked_after_returned	0.5737231326452527
GSE136831	051I	GSE136831_051I_IPF_8cell	GSE136831_051I_IPF_8cell	H-common	H-common_representable	SingleCellSignalR LRscore	0.4794470678787627	0.0967440161217908	0.0416666666666666	0.3396226415094339	0.5435501653803748	0.0742268041237113	-0.0536323326277333	18	414	493	35	432	0.5501477718353271	top_k_tie_expanded	0.0967440161217908	average_precision_step_integral_tie_aware	higher	960	960	960	1.0	1.0	53	907	53	907	1.0	1.0	0	53		exclude_and_report_coverage_never_impute_zero	observed		432	528	18	414	0.3396226415094339	paper_absent_prediction_ranked_after_returned	0.5628141534258129
GSE136831	051I	GSE136831_051I_IPF_8cell	GSE136831_051I_IPF_8cell	H-common	H-common_representable	logFC specificity	0.4797591063218988	0.0981791065482796	0.0416666666666666	0.3396226415094339	0.5435501653803748	0.0742268041237113	-0.0536323326277333	18	414	493	35	432	-1.859079360961914	top_k_tie_expanded	0.0981791065482796	average_precision_step_integral_tie_aware	higher	960	960	960	1.0	1.0	53	907	53	907	1.0	1.0	0	53		exclude_and_report_coverage_never_impute_zero	observed		432	528	18	414	0.3396226415094339	paper_absent_prediction_ranked_after_returned	0.5616403393085193
GSE136831	053I	GSE136831_053I_IPF_8cell	GSE136831_053I_IPF_8cell	H-common	H-common_representable	CRYCHIC availability-state	0.5343346300264192	0.1450735782781955	0.1886792452830188	0.1886792452830188	0.9525909592061742	0.1886792452830188	0.141270204489193	10	43	864	43	53	0.0038785717219128	top_k_tie_expanded	0.1450735782781955	average_precision_step_integral_tie_aware	higher	960	960	960	1.0	1.0	53	907	53	907	1.0	1.0	0	53		exclude_and_report_coverage_never_impute_zero	observed		300	660	17	283	0.320754716981132	paper_absent_prediction_ranked_after_returned	0.6002828967110577
GSE136831	053I	GSE136831_053I_IPF_8cell	GSE136831_053I_IPF_8cell	H-common	H-common_representable	CellChat composite	0.5622100642799193	0.1182037695009393	0.0552083333333333	1.0	0.0	0.104639684106614		53	907	0	0	960	-0.9999067041976586	top_k_tie_expanded	0.1182037695009393	average_precision_step_integral_tie_aware	higher	960	960	960	1.0	1.0	53	907	53	907	1.0	1.0	0	53		exclude_and_report_coverage_never_impute_zero	observed		14	946	7	7	0.1320754716981132	paper_absent_prediction_ranked_after_returned	0.561615378855945
GSE136831	053I	GSE136831_053I_IPF_8cell	GSE136831_053I_IPF_8cell	H-common	H-common_representable	CellChat p-value	0.5237357242412265	0.1142295597484276	0.0566666666666666	0.320754716981132	0.6879823594266814	0.0963172804532577	0.0043050194401663	17	283	624	36	300	-1.0	top_k_tie_expanded	0.1142295597484276	average_precision_step_integral_tie_aware	higher	960	960	960	1.0	1.0	53	907	53	907	1.0	1.0	0	53		exclude_and_report_coverage_never_impute_zero	observed		300	660	17	283	0.320754716981132	paper_absent_prediction_ranked_after_returned	0.5617385607380344
GSE136831	053I	GSE136831_053I_IPF_8cell	GSE136831_053I_IPF_8cell	H-common	H-common_representable	CellPhoneDB composite	0.55623972873458	0.0892832775466836	0.0552083333333333	1.0	0.0	0.104639684106614		53	907	0	0	960	-0.9372187703847884	top_k_tie_expanded	0.0892832775466836	average_precision_step_integral_tie_aware	higher	960	960	960	1.0	1.0	53	907	53	907	1.0	1.0	0	53		exclude_and_report_coverage_never_impute_zero	observed		25	935	7	18	0.1320754716981132	paper_absent_prediction_ranked_after_returned	0.5553209793351304
GSE136831	053I	GSE136831_053I_IPF_8cell	GSE136831_053I_IPF_8cell	H-common	H-common_representable	CellPhoneDB p-value	0.5243702024089368	0.0969533139816158	0.0566666666666666	0.320754716981132	0.6879823594266814	0.0963172804532577	0.0043050194401663	17	283	624	36	300	-1.0	top_k_tie_expanded	0.0969533139816158	average_precision_step_integral_tie_aware	higher	960	960	960	1.0	1.0	53	907	53	907	1.0	1.0	0	53		exclude_and_report_coverage_never_impute_zero	observed		300	660	17	283	0.320754716981132	paper_absent_prediction_ranked_after_returned	0.5622605180465264
GSE136831	053I	GSE136831_053I_IPF_8cell	GSE136831_053I_IPF_8cell	H-common	H-common_representable	Connectome specificity	0.5242245844688066	0.0977739004088382	0.0566666666666666	0.320754716981132	0.6879823594266814	0.0963172804532577	0.0043050194401663	17	283	624	36	300	-1.5875719362560448	top_k_tie_expanded	0.0977739004088382	average_precision_step_integral_tie_aware	higher	960	960	960	1.0	1.0	53	907	53	907	1.0	1.0	0	53		exclude_and_report_coverage_never_impute_zero	observed		300	660	17	283	0.320754716981132	paper_absent_prediction_ranked_after_returned	0.5645345915103871
GSE136831	053I	GSE136831_053I_IPF_8cell	GSE136831_053I_IPF_8cell	H-common	H-common_representable	LIANA magnitude consensus	0.5242245844688066	0.096059127753731	0.0566666666666666	0.320754716981132	0.6879823594266814	0.0963172804532577	0.0043050194401663	17	283	624	36	300	-1.0	top_k_tie_expanded	0.096059127753731	average_precision_step_integral_tie_aware	higher	960	960	960	1.0	1.0	53	907	53	907	1.0	1.0	0	53		exclude_and_report_coverage_never_impute_zero	observed		300	660	17	283	0.320754716981132	paper_absent_prediction_ranked_after_returned	0.5649418832319844
GSE136831	053I	GSE136831_053I_IPF_8cell	GSE136831_053I_IPF_8cell	H-common	H-common_representable	LIANA specificity consensus	0.524349399846061	0.0988011926547611	0.0566666666666666	0.320754716981132	0.6879823594266814	0.0963172804532577	0.0043050194401663	17	283	624	36	300	-1.0	top_k_tie_expanded	0.0988011926547611	average_precision_step_integral_tie_aware	higher	960	960	960	1.0	1.0	53	907	53	907	1.0	1.0	0	53		exclude_and_report_coverage_never_impute_zero	observed		300	660	17	283	0.320754716981132	paper_absent_prediction_ranked_after_returned	0.56587616258186
GSE136831	053I	GSE136831_053I_IPF_8cell	GSE136831_053I_IPF_8cell	H-common	H-common_representable	NATMI specificity	0.5246614382891972	0.1133695230895202	0.0566666666666666	0.320754716981132	0.6879823594266814	0.0963172804532577	0.0043050194401663	17	283	624	36	300	0.0028937112074345	top_k_tie_expanded	0.1133695230895202	average_precision_step_integral_tie_aware	higher	960	960	960	1.0	1.0	53	907	53	907	1.0	1.0	0	53		exclude_and_report_coverage_never_impute_zero	observed		300	660	17	283	0.320754716981132	paper_absent_prediction_ranked_after_returned	0.5642665813536932
GSE136831	053I	GSE136831_053I_IPF_8cell	GSE136831_053I_IPF_8cell	H-common	H-common_representable	SingleCellSignalR LRscore	0.5633126001123339	0.1005393588252911	0.0552083333333333	1.0	0.0	0.104639684106614		53	907	0	0	960	-0.4965434074401855	top_k_tie_expanded	0.1005393588252911	average_precision_step_integral_tie_aware	higher	960	960	960	1.0	1.0	53	907	53	907	1.0	1.0	0	53		exclude_and_report_coverage_never_impute_zero	observed		31	929	8	23	0.1509433962264151	paper_absent_prediction_ranked_after_returned	0.5653615467341881
GSE136831	053I	GSE136831_053I_IPF_8cell	GSE136831_053I_IPF_8cell	H-common	H-common_representable	logFC specificity	0.523704520396913	0.0870510168706617	0.0566666666666666	0.320754716981132	0.6879823594266814	0.0963172804532577	0.0043050194401663	17	283	624	36	300	-2.457605123519897	top_k_tie_expanded	0.0870510168706617	average_precision_step_integral_tie_aware	higher	960	960	960	1.0	1.0	53	907	53	907	1.0	1.0	0	53		exclude_and_report_coverage_never_impute_zero	observed		300	660	17	283	0.320754716981132	paper_absent_prediction_ranked_after_returned	0.55917646644799
GSE136831	063I	GSE136831_063I_IPF_8cell	GSE136831_063I_IPF_8cell	H-common	H-common_representable	CRYCHIC availability-state	0.5292796072476129	0.1437685420079981	0.1886792452830188	0.1886792452830188	0.9525909592061742	0.1886792452830188	0.141270204489193	10	43	864	43	53	0.0011200165953368	top_k_tie_expanded	0.1437685420079981	average_precision_step_integral_tie_aware	higher	960	960	960	1.0	1.0	53	907	53	907	1.0	1.0	0	53		exclude_and_report_coverage_never_impute_zero	observed		300	660	17	283	0.320754716981132	paper_absent_prediction_ranked_after_returned	0.5902614698944382
GSE136831	063I	GSE136831_063I_IPF_8cell	GSE136831_063I_IPF_8cell	H-common	H-common_representable	CellChat composite	0.5188679245283019	0.0908608490566037	0.0552083333333333	1.0	0.0	0.104639684106614		53	907	0	0	960	-0.9992789361975192	top_k_tie_expanded	0.0908608490566037	average_precision_step_integral_tie_aware	higher	960	960	960	1.0	1.0	53	907	53	907	1.0	1.0	0	53		exclude_and_report_coverage_never_impute_zero	observed		2	958	2	0	0.0377358490566037	paper_absent_prediction_ranked_after_returned	0.518867924528302
GSE136831	063I	GSE136831_063I_IPF_8cell	GSE136831_063I_IPF_8cell	H-common	H-common_representable	CellChat p-value	0.5102556634977429	0.0912735849056603	0.0566666666666666	0.320754716981132	0.6879823594266814	0.0963172804532577	0.0043050194401663	17	283	624	36	300	-1.0	top_k_tie_expanded	0.0912735849056603	average_precision_step_integral_tie_aware	higher	960	960	960	1.0	1.0	53	907	53	907	1.0	1.0	0	53		exclude_and_report_coverage_never_impute_zero	observed		300	660	17	283	0.320754716981132	paper_absent_prediction_ranked_after_returned	0.5233532947850944
GSE136831	063I	GSE136831_063I_IPF_8cell	GSE136831_063I_IPF_8cell	H-common	H-common_representable	CellPhoneDB composite	0.5583407875850305	0.1062266234505413	0.0552083333333333	1.0	0.0	0.104639684106614		53	907	0	0	960	-0.8853626698255539	top_k_tie_expanded	0.1062266234505413	average_precision_step_integral_tie_aware	higher	960	960	960	1.0	1.0	53	907	53	907	1.0	1.0	0	53		exclude_and_report_coverage_never_impute_zero	observed		21	939	7	14	0.1320754716981132	paper_absent_prediction_ranked_after_returned	0.5572267894579217
GSE136831	063I	GSE136831_063I_IPF_8cell	GSE136831_063I_IPF_8cell	H-common	H-common_representable	CellPhoneDB p-value	0.5219259012710366	0.0881863718675156	0.0566666666666666	0.320754716981132	0.6879823594266814	0.0963172804532577	0.0043050194401663	17	283	624	36	300	-1.0	top_k_tie_expanded	0.0881863718675156	average_precision_step_integral_tie_aware	higher	960	960	960	1.0	1.0	53	907	53	907	1.0	1.0	0	53		exclude_and_report_coverage_never_impute_zero	observed		300	660	17	283	0.320754716981132	paper_absent_prediction_ranked_after_returned	0.5541992726923233
GSE136831	063I	GSE136831_063I_IPF_8cell	GSE136831_063I_IPF_8cell	H-common	H-common_representable	Connectome specificity	0.5222691435584864	0.109105623381428	0.0566666666666666	0.320754716981132	0.6879823594266814	0.0963172804532577	0.0043050194401663	17	283	624	36	300	-1.3114454330022114	top_k_tie_expanded	0.109105623381428	average_precision_step_integral_tie_aware	higher	960	960	960	1.0	1.0	53	907	53	907	1.0	1.0	0	53		exclude_and_report_coverage_never_impute_zero	observed		300	660	17	283	0.320754716981132	paper_absent_prediction_ranked_after_returned	0.5606434426026051
GSE136831	063I	GSE136831_063I_IPF_8cell	GSE136831_063I_IPF_8cell	H-common	H-common_representable	LIANA magnitude consensus	0.5220819204926047	0.1089933143068548	0.0566666666666666	0.320754716981132	0.6879823594266814	0.0963172804532577	0.0043050194401663	17	283	624	36	300	-1.0	top_k_tie_expanded	0.1089933143068548	average_precision_step_integral_tie_aware	higher	960	960	960	1.0	1.0	53	907	53	907	1.0	1.0	0	53		exclude_and_report_coverage_never_impute_zero	observed		300	660	17	283	0.320754716981132	paper_absent_prediction_ranked_after_returned	0.5604945263257358
GSE136831	063I	GSE136831_063I_IPF_8cell	GSE136831_063I_IPF_8cell	H-common	H-common_representable	LIANA specificity consensus	0.5223315512471136	0.1191953486764807	0.0566666666666666	0.320754716981132	0.6879823594266814	0.0963172804532577	0.0043050194401663	17	283	624	36	300	-1.0	top_k_tie_expanded	0.1191953486764807	average_precision_step_integral_tie_aware	higher	960	960	960	1.0	1.0	53	907	53	907	1.0	1.0	0	53		exclude_and_report_coverage_never_impute_zero	observed		300	660	17	283	0.320754716981132	paper_absent_prediction_ranked_after_returned	0.5649727940312067
GSE136831	063I	GSE136831_063I_IPF_8cell	GSE136831_063I_IPF_8cell	H-common	H-common_representable	NATMI specificity	0.5223523538099893	0.1177672955974842	0.0566666666666666	0.320754716981132	0.6879823594266814	0.0963172804532577	0.0043050194401663	17	283	624	36	300	0.0051977168768644	top_k_tie_expanded	0.1177672955974842	average_precision_step_integral_tie_aware	higher	960	960	960	1.0	1.0	53	907	53	907	1.0	1.0	0	53		exclude_and_report_coverage_never_impute_zero	observed		300	660	17	283	0.320754716981132	paper_absent_prediction_ranked_after_returned	0.5589513283889143
GSE136831	063I	GSE136831_063I_IPF_8cell	GSE136831_063I_IPF_8cell	H-common	H-common_representable	SingleCellSignalR LRscore	0.5221443281812319	0.1107187900889343	0.0566666666666666	0.320754716981132	0.6879823594266814	0.0963172804532577	0.0043050194401663	17	283	624	36	300	0.5004024505615234	top_k_tie_expanded	0.1107187900889343	average_precision_step_integral_tie_aware	higher	960	960	960	1.0	1.0	53	907	53	907	1.0	1.0	0	53		exclude_and_report_coverage_never_impute_zero	observed		300	660	17	283	0.320754716981132	paper_absent_prediction_ranked_after_returned	0.5604394292876805
GSE136831	063I	GSE136831_063I_IPF_8cell	GSE136831_063I_IPF_8cell	H-common	H-common_representable	logFC specificity	0.5221859333069834	0.1180749805749805	0.0566666666666666	0.320754716981132	0.6879823594266814	0.0963172804532577	0.0043050194401663	17	283	624	36	300	-2.377873182296753	top_k_tie_expanded	0.1180749805749805	average_precision_step_integral_tie_aware	higher	960	960	960	1.0	1.0	53	907	53	907	1.0	1.0	0	53		exclude_and_report_coverage_never_impute_zero	observed		300	660	17	283	0.320754716981132	paper_absent_prediction_ranked_after_returned	0.5621211982587972
GSE136831	123I	GSE136831_123I_IPF_8cell	GSE136831_123I_IPF_8cell	H-common	H-common_representable	CRYCHIC availability-state	0.5312974558465603	0.1216841818654014	0.1886792452830188	0.1886792452830188	0.9525909592061742	0.1886792452830188	0.141270204489193	10	43	864	43	53	0.0070894479903428	top_k_tie_expanded	0.1216841818654014	average_precision_step_integral_tie_aware	higher	960	960	960	1.0	1.0	53	907	53	907	1.0	1.0	0	53		exclude_and_report_coverage_never_impute_zero	observed		300	660	17	283	0.320754716981132	paper_absent_prediction_ranked_after_returned	0.5924504255875306
GSE136831	123I	GSE136831_123I_IPF_8cell	GSE136831_123I_IPF_8cell	H-common	H-common_representable	CellChat composite	0.5432797320629902	0.091819815404721	0.0552083333333333	1.0	0.0	0.104639684106614		53	907	0	0	960	-0.9998075320988056	top_k_tie_expanded	0.091819815404721	average_precision_step_integral_tie_aware	higher	960	960	960	1.0	1.0	53	907	53	907	1.0	1.0	0	53		exclude_and_report_coverage_never_impute_zero	observed		12	948	5	7	0.0943396226415094	paper_absent_prediction_ranked_after_returned	0.5427502246181493
GSE136831	123I	GSE136831_123I_IPF_8cell	GSE136831_123I_IPF_8cell	H-common	H-common_representable	CellChat p-value	0.5178485989473903	0.0896383647798742	0.0566666666666666	0.320754716981132	0.6879823594266814	0.0963172804532577	0.0043050194401663	17	283	624	36	300	-1.0	top_k_tie_expanded	0.0896383647798742	average_precision_step_integral_tie_aware	higher	960	960	960	1.0	1.0	53	907	53	907	1.0	1.0	0	53		exclude_and_report_coverage_never_impute_zero	observed		300	660	17	283	0.320754716981132	paper_absent_prediction_ranked_after_returned	0.5450756167520043
GSE136831	123I	GSE136831_123I_IPF_8cell	GSE136831_123I_IPF_8cell	H-common	H-common_representable	CellPhoneDB composite	0.5578623286388883	0.0981247340048233	0.0552083333333333	1.0	0.0	0.104639684106614		53	907	0	0	960	-0.8986715823411942	top_k_tie_expanded	0.0981247340048233	average_precision_step_integral_tie_aware	higher	960	960	960	1.0	1.0	53	907	53	907	1.0	1.0	0	53		exclude_and_report_coverage_never_impute_zero	observed		22	938	7	15	0.1320754716981132	paper_absent_prediction_ranked_after_returned	0.555819427427918
GSE136831	123I	GSE136831_123I_IPF_8cell	GSE136831_123I_IPF_8cell	H-common	H-common_representable	CellPhoneDB p-value	0.522227538432735	0.0968512082092022	0.0566666666666666	0.320754716981132	0.6879823594266814	0.0963172804532577	0.0043050194401663	17	283	624	36	300	-1.0	top_k_tie_expanded	0.0968512082092022	average_precision_step_integral_tie_aware	higher	960	960	960	1.0	1.0	53	907	53	907	1.0	1.0	0	53		exclude_and_report_coverage_never_impute_zero	observed		300	660	17	283	0.320754716981132	paper_absent_prediction_ranked_after_returned	0.5556267418819808
GSE136831	123I	GSE136831_123I_IPF_8cell	GSE136831_123I_IPF_8cell	H-common	H-common_representable	Connectome specificity	0.522061117929729	0.1014493630059667	0.0566666666666666	0.320754716981132	0.6879823594266814	0.0963172804532577	0.0043050194401663	17	283	624	36	300	-1.0553976611395668	top_k_tie_expanded	0.1014493630059667	average_precision_step_integral_tie_aware	higher	960	960	960	1.0	1.0	53	907	53	907	1.0	1.0	0	53		exclude_and_report_coverage_never_impute_zero	observed		300	660	17	283	0.320754716981132	paper_absent_prediction_ranked_after_returned	0.5589838133972364
GSE136831	123I	GSE136831_123I_IPF_8cell	GSE136831_123I_IPF_8cell	H-common	H-common_representable	LIANA magnitude consensus	0.5219571051153502	0.0988578655416227	0.0566666666666666	0.320754716981132	0.6879823594266814	0.0963172804532577	0.0043050194401663	17	283	624	36	300	-1.0	top_k_tie_expanded	0.0988578655416227	average_precision_step_integral_tie_aware	higher	960	960	960	1.0	1.0	53	907	53	907	1.0	1.0	0	53		exclude_and_report_coverage_never_impute_zero	observed		300	660	17	283	0.320754716981132	paper_absent_prediction_ranked_after_returned	0.5596868620913069
GSE136831	123I	GSE136831_123I_IPF_8cell	GSE136831_123I_IPF_8cell	H-common	H-common_representable	LIANA specificity consensus	0.5224251627800545	0.1114566266758275	0.0566666666666666	0.320754716981132	0.6879823594266814	0.0963172804532577	0.0043050194401663	17	283	624	36	300	-1.0	top_k_tie_expanded	0.1114566266758275	average_precision_step_integral_tie_aware	higher	960	960	960	1.0	1.0	53	907	53	907	1.0	1.0	0	53		exclude_and_report_coverage_never_impute_zero	observed		300	660	17	283	0.320754716981132	paper_absent_prediction_ranked_after_returned	0.5576183307715481
GSE136831	123I	GSE136831_123I_IPF_8cell	GSE136831_123I_IPF_8cell	H-common	H-common_representable	NATMI specificity	0.5223939589357409	0.1245807127882599	0.0566666666666666	0.320754716981132	0.6879823594266814	0.0963172804532577	0.0043050194401663	17	283	624	36	300	0.0048612160608172	top_k_tie_expanded	0.1245807127882599	average_precision_step_integral_tie_aware	higher	960	960	960	1.0	1.0	53	907	53	907	1.0	1.0	0	53		exclude_and_report_coverage_never_impute_zero	observed		300	660	17	283	0.320754716981132	paper_absent_prediction_ranked_after_returned	0.5663772523246402
GSE136831	123I	GSE136831_123I_IPF_8cell	GSE136831_123I_IPF_8cell	H-common	H-common_representable	SingleCellSignalR LRscore	0.5558860851656924	0.1006304623049906	0.0552083333333333	1.0	0.0	0.104639684106614		53	907	0	0	960	-0.4983810782432556	top_k_tie_expanded	0.1006304623049906	average_precision_step_integral_tie_aware	higher	960	960	960	1.0	1.0	53	907	53	907	1.0	1.0	0	53		exclude_and_report_coverage_never_impute_zero	observed		26	934	7	19	0.1320754716981132	paper_absent_prediction_ranked_after_returned	0.5596396376160527
GSE136831	123I	GSE136831_123I_IPF_8cell	GSE136831_123I_IPF_8cell	H-common	H-common_representable	logFC specificity	0.5221443281812319	0.1010369871218927	0.0566666666666666	0.320754716981132	0.6879823594266814	0.0963172804532577	0.0043050194401663	17	283	624	36	300	-1.891904711723328	top_k_tie_expanded	0.1010369871218927	average_precision_step_integral_tie_aware	higher	960	960	960	1.0	1.0	53	907	53	907	1.0	1.0	0	53		exclude_and_report_coverage_never_impute_zero	observed		300	660	17	283	0.320754716981132	paper_absent_prediction_ranked_after_returned	0.5593926076315592
GSE136831	135I	GSE136831_135I_IPF_8cell	GSE136831_135I_IPF_8cell	H-common	H-common_representable	CRYCHIC availability-state	0.5698654074181939	0.207027469106086	0.2641509433962264	0.2641509433962264	0.9570011025358324	0.2641509433962264	0.2211520459320588	14	39	868	39	53	0.0193096368054139	top_k_tie_expanded	0.207027469106086	average_precision_step_integral_tie_aware	higher	960	960	960	1.0	1.0	53	907	53	907	1.0	1.0	0	53		exclude_and_report_coverage_never_impute_zero	observed		588	372	29	559	0.5471698113207547	paper_absent_prediction_ranked_after_returned	0.6644331908257479
GSE136831	135I	GSE136831_135I_IPF_8cell	GSE136831_135I_IPF_8cell	H-common	H-common_representable	CellChat composite	0.5995714672047596	0.1552862085811586	0.0552083333333333	1.0	0.0	0.104639684106614		53	907	0	0	960	-0.9999787102307705	top_k_tie_expanded	0.1552862085811586	average_precision_step_integral_tie_aware	higher	960	960	960	1.0	1.0	53	907	53	907	1.0	1.0	0	53		exclude_and_report_coverage_never_impute_zero	observed		18	942	11	7	0.2075471698113207	paper_absent_prediction_ranked_after_returned	0.5963183556485443
GSE136831	135I	GSE136831_135I_IPF_8cell	GSE136831_135I_IPF_8cell	H-common	H-common_representable	CellChat p-value	0.5272721599301033	0.1685844778162837	0.0493197278911564	0.5471698113207547	0.3836824696802646	0.0904836193447738	-0.0324159910522674	29	559	348	24	588	-1.0	top_k_tie_expanded	0.1685844778162837	average_precision_step_integral_tie_aware	higher	960	960	960	1.0	1.0	53	907	53	907	1.0	1.0	0	53		exclude_and_report_coverage_never_impute_zero	observed		588	372	29	559	0.5471698113207547	paper_absent_prediction_ranked_after_returned	0.5874848619291688
GSE136831	135I	GSE136831_135I_IPF_8cell	GSE136831_135I_IPF_8cell	H-common	H-common_representable	CellPhoneDB composite	0.604876120738075	0.1421479398484115	0.0552083333333333	1.0	0.0	0.104639684106614		53	907	0	0	960	-0.9193211123347282	top_k_tie_expanded	0.1421479398484115	average_precision_step_integral_tie_aware	higher	960	960	960	1.0	1.0	53	907	53	907	1.0	1.0	0	53		exclude_and_report_coverage_never_impute_zero	observed		27	933	12	15	0.2264150943396226	paper_absent_prediction_ranked_after_returned	0.5977426887916623
GSE136831	135I	GSE136831_135I_IPF_8cell	GSE136831_135I_IPF_8cell	H-common	H-common_representable	CellPhoneDB p-value	0.5290715816188555	0.1361235185898258	0.0493197278911564	0.5471698113207547	0.3836824696802646	0.0904836193447738	-0.0324159910522674	29	559	348	24	588	-1.0	top_k_tie_expanded	0.1361235185898258	average_precision_step_integral_tie_aware	higher	960	960	960	1.0	1.0	53	907	53	907	1.0	1.0	0	53		exclude_and_report_coverage_never_impute_zero	observed		588	372	29	559	0.5471698113207547	paper_absent_prediction_ranked_after_returned	0.5869775598634446
GSE136831	135I	GSE136831_135I_IPF_8cell	GSE136831_135I_IPF_8cell	H-common	H-common_representable	Connectome specificity	0.5288427534272222	0.1460348284539659	0.0493197278911564	0.5471698113207547	0.3836824696802646	0.0904836193447738	-0.0324159910522674	29	559	348	24	588	-1.2496761594131387	top_k_tie_expanded	0.1460348284539659	average_precision_step_integral_tie_aware	higher	960	960	960	1.0	1.0	53	907	53	907	1.0	1.0	0	53		exclude_and_report_coverage_never_impute_zero	observed		588	372	29	559	0.5471698113207547	paper_absent_prediction_ranked_after_returned	0.5909951016778601
GSE136831	135I	GSE136831_135I_IPF_8cell	GSE136831_135I_IPF_8cell	H-common	H-common_representable	LIANA magnitude consensus	0.5286659316427784	0.1388712360642837	0.0493197278911564	0.5471698113207547	0.3836824696802646	0.0904836193447738	-0.0324159910522674	29	559	348	24	588	-1.0	top_k_tie_expanded	0.1388712360642837	average_precision_step_integral_tie_aware	higher	960	960	960	1.0	1.0	53	907	53	907	1.0	1.0	0	53		exclude_and_report_coverage_never_impute_zero	observed		588	372	29	559	0.5471698113207547	paper_absent_prediction_ranked_after_returned	0.5907927175607022
GSE136831	135I	GSE136831_135I_IPF_8cell	GSE136831_135I_IPF_8cell	H-common	H-common_representable	LIANA specificity consensus	0.5286763329242162	0.132319233552408	0.0493197278911564	0.5471698113207547	0.3836824696802646	0.0904836193447738	-0.0324159910522674	29	559	348	24	588	-1.0	top_k_tie_expanded	0.132319233552408	average_precision_step_integral_tie_aware	higher	960	960	960	1.0	1.0	53	907	53	907	1.0	1.0	0	53		exclude_and_report_coverage_never_impute_zero	observed		588	372	29	559	0.5471698113207547	paper_absent_prediction_ranked_after_returned	0.5861311349087289
GSE136831	135I	GSE136831_135I_IPF_8cell	GSE136831_135I_IPF_8cell	H-common	H-common_representable	NATMI specificity	0.5288011483014707	0.1381696397443176	0.0493197278911564	0.5471698113207547	0.3836824696802646	0.0904836193447738	-0.0324159910522674	29	559	348	24	588	0.0017317893216386	top_k_tie_expanded	0.1381696397443176	average_precision_step_integral_tie_aware	higher	960	960	960	1.0	1.0	53	907	53	907	1.0	1.0	0	53		exclude_and_report_coverage_never_impute_zero	observed		588	372	29	559	0.5471698113207547	paper_absent_prediction_ranked_after_returned	0.5905676542012483
GSE136831	135I	GSE136831_135I_IPF_8cell	GSE136831_135I_IPF_8cell	H-common	H-common_representable	SingleCellSignalR LRscore	0.6004867799712925	0.1411126281998923	0.0552083333333333	1.0	0.0	0.104639684106614		53	907	0	0	960	-0.4938938021659851	top_k_tie_expanded	0.1411126281998923	average_precision_step_integral_tie_aware	higher	960	960	960	1.0	1.0	53	907	53	907	1.0	1.0	0	53		exclude_and_report_coverage_never_impute_zero	observed		37	923	12	25	0.2264150943396226	paper_absent_prediction_ranked_after_returned	0.6022437812526602
GSE136831	135I	GSE136831_135I_IPF_8cell	GSE136831_135I_IPF_8cell	H-common	H-common_representable	logFC specificity	0.5286763329242162	0.1365430820698777	0.0493197278911564	0.5471698113207547	0.3836824696802646	0.0904836193447738	-0.0324159910522674	29	559	348	24	588	-1.8885737657547	top_k_tie_expanded	0.1365430820698777	average_precision_step_integral_tie_aware	higher	960	960	960	1.0	1.0	53	907	53	907	1.0	1.0	0	53		exclude_and_report_coverage_never_impute_zero	observed		588	372	29	559	0.5471698113207547	paper_absent_prediction_ranked_after_returned	0.5930052641873199
GSE136831	138I	GSE136831_138I_IPF_8cell	GSE136831_138I_IPF_8cell	H-common	H-common_representable	CRYCHIC availability-state	0.5588400490940484	0.2236053323816665	0.2641509433962264	0.2641509433962264	0.9570011025358324	0.2641509433962264	0.2211520459320588	14	39	868	39	53	0.0571664670057595	top_k_tie_expanded	0.2236053323816665	average_precision_step_integral_tie_aware	higher	960	960	960	1.0	1.0	53	907	53	907	1.0	1.0	0	53		exclude_and_report_coverage_never_impute_zero	observed		588	372	29	559	0.5471698113207547	paper_absent_prediction_ranked_after_returned	0.6653814100334872
GSE136831	138I	GSE136831_138I_IPF_8cell	GSE136831_138I_IPF_8cell	H-common	H-common_representable	CellChat composite	0.5965758981506522	0.1609463210000656	0.0552083333333333	1.0	0.0	0.104639684106614		53	907	0	0	960	-0.9999854207410128	top_k_tie_expanded	0.1609463210000656	average_precision_step_integral_tie_aware	higher	960	960	960	1.0	1.0	53	907	53	907	1.0	1.0	0	53		exclude_and_report_coverage_never_impute_zero	observed		25	935	11	14	0.2075471698113207	paper_absent_prediction_ranked_after_returned	0.5957831005472515
GSE136831	138I	GSE136831_138I_IPF_8cell	GSE136831_138I_IPF_8cell	H-common	H-common_representable	CellChat p-value	0.5247862536664517	0.1330708509819022	0.0493197278911564	0.5471698113207547	0.3836824696802646	0.0904836193447738	-0.0324159910522674	29	559	348	24	588	-1.0	top_k_tie_expanded	0.1330708509819022	average_precision_step_integral_tie_aware	higher	960	960	960	1.0	1.0	53	907	53	907	1.0	1.0	0	53		exclude_and_report_coverage_never_impute_zero	observed		588	372	29	559	0.5471698113207547	paper_absent_prediction_ranked_after_returned	0.5801719760679281
GSE136831	138I	GSE136831_138I_IPF_8cell	GSE136831_138I_IPF_8cell	H-common	H-common_representable	CellPhoneDB composite	0.6268228245719872	0.1511670788451707	0.0552083333333333	1.0	0.0	0.104639684106614		53	907	0	0	960	-0.9305522814393044	top_k_tie_expanded	0.1511670788451707	average_precision_step_integral_tie_aware	higher	960	960	960	1.0	1.0	53	907	53	907	1.0	1.0	0	53		exclude_and_report_coverage_never_impute_zero	observed		42	918	15	27	0.2830188679245283	paper_absent_prediction_ranked_after_returned	0.621051268769557
GSE136831	138I	GSE136831_138I_IPF_8cell	GSE136831_138I_IPF_8cell	H-common	H-common_representable	CellPhoneDB p-value	0.5533585737762893	0.156876840062021	0.320754716981132	0.320754716981132	0.960308710033076	0.320754716981132	0.2810634270142081	17	36	871	36	53	-0.42	top_k_tie_expanded	0.156876840062021	average_precision_step_integral_tie_aware	higher	960	960	960	1.0	1.0	53	907	53	907	1.0	1.0	0	53		exclude_and_report_coverage_never_impute_zero	observed		588	372	29	559	0.5471698113207547	paper_absent_prediction_ranked_after_returned	0.6290426807974542
GSE136831	138I	GSE136831_138I_IPF_8cell	GSE136831_138I_IPF_8cell	H-common	H-common_representable	Connectome specificity	0.5529529238002122	0.1982746670363473	0.3018867924528302	0.3018867924528302	0.9592061742006616	0.3018867924528302	0.2610929666534917	16	37	870	37	53	0.092683428186297	top_k_tie_expanded	0.1982746670363473	average_precision_step_integral_tie_aware	higher	960	960	960	1.0	1.0	53	907	53	907	1.0	1.0	0	53		exclude_and_report_coverage_never_impute_zero	observed		588	372	29	559	0.5471698113207547	paper_absent_prediction_ranked_after_returned	0.6318145602125022
GSE136831	138I	GSE136831_138I_IPF_8cell	GSE136831_138I_IPF_8cell	H-common	H-common_representable	LIANA magnitude consensus	0.5507998585425724	0.157903720041009	0.2641509433962264	0.2641509433962264	0.9570011025358324	0.2641509433962264	0.2211520459320588	14	39	868	39	53	-0.0524931741616915	top_k_tie_expanded	0.157903720041009	average_precision_step_integral_tie_aware	higher	960	960	960	1.0	1.0	53	907	53	907	1.0	1.0	0	53		exclude_and_report_coverage_never_impute_zero	observed		588	372	29	559	0.5471698113207547	paper_absent_prediction_ranked_after_returned	0.62237594648465
GSE136831	138I	GSE136831_138I_IPF_8cell	GSE136831_138I_IPF_8cell	H-common	H-common_representable	LIANA specificity consensus	0.5536706122194255	0.1907605865524742	0.320754716981132	0.320754716981132	0.960308710033076	0.320754716981132	0.2810634270142081	17	36	871	36	53	-0.0002323280125404	top_k_tie_expanded	0.1907605865524742	average_precision_step_integral_tie_aware	higher	960	960	960	1.0	1.0	53	907	53	907	1.0	1.0	0	53		exclude_and_report_coverage_never_impute_zero	observed		588	372	29	559	0.5471698113207547	paper_absent_prediction_ranked_after_returned	0.6342789420567562
GSE136831	138I	GSE136831_138I_IPF_8cell	GSE136831_138I_IPF_8cell	H-common	H-common_representable	NATMI specificity	0.5539306442553723	0.2083918310022555	0.3018867924528302	0.3018867924528302	0.9592061742006616	0.3018867924528302	0.2610929666534917	16	37	870	37	53	0.0212624594569206	top_k_tie_expanded	0.2083918310022555	average_precision_step_integral_tie_aware	higher	960	960	960	1.0	1.0	53	907	53	907	1.0	1.0	0	53		exclude_and_report_coverage_never_impute_zero	observed		588	372	29	559	0.5471698113207547	paper_absent_prediction_ranked_after_returned	0.6369007026279231
GSE136831	138I	GSE136831_138I_IPF_8cell	GSE136831_138I_IPF_8cell	H-common	H-common_representable	SingleCellSignalR LRscore	0.6251378169790518	0.1611980391214351	0.2641509433962264	0.2641509433962264	0.9570011025358324	0.2641509433962264	0.2211520459320588	14	39	868	39	53	0.6883292198181152	top_k_tie_expanded	0.1611980391214351	average_precision_step_integral_tie_aware	higher	960	960	960	1.0	1.0	53	907	53	907	1.0	1.0	0	53		exclude_and_report_coverage_never_impute_zero	observed		69	891	16	53	0.3018867924528302	paper_absent_prediction_ranked_after_returned	0.6282712427989696
GSE136831	138I	GSE136831_138I_IPF_8cell	GSE136831_138I_IPF_8cell	H-common	H-common_representable	logFC specificity	0.5525784776684487	0.1666910842503125	0.320754716981132	0.320754716981132	0.960308710033076	0.320754716981132	0.2810634270142081	17	36	871	36	53	-0.0588499009609222	top_k_tie_expanded	0.1666910842503125	average_precision_step_integral_tie_aware	higher	960	960	960	1.0	1.0	53	907	53	907	1.0	1.0	0	53		exclude_and_report_coverage_never_impute_zero	observed		588	372	29	559	0.5471698113207547	paper_absent_prediction_ranked_after_returned	0.6305617151667885
GSE136831	145I	GSE136831_145I_IPF_8cell	GSE136831_145I_IPF_8cell	H-common	H-common_representable	CRYCHIC availability-state	0.4038609556697385	0.1139848709795703	0.1509433962264151	0.1509433962264151	0.9503858875413452	0.1509433962264151	0.1013292837677602	8	45	862	45	53	0.0055595829662875	top_k_tie_expanded	0.1139848709795703	average_precision_step_integral_tie_aware	higher	960	960	960	1.0	1.0	53	907	53	907	1.0	1.0	0	53		exclude_and_report_coverage_never_impute_zero	observed		432	528	11	421	0.2075471698113207	paper_absent_prediction_ranked_after_returned	0.5547019709683737
GSE136831	145I	GSE136831_145I_IPF_8cell	GSE136831_145I_IPF_8cell	H-common	H-common_representable	CellChat composite	0.5423228141707058	0.1038593481989708	0.0552083333333333	1.0	0.0	0.104639684106614		53	907	0	0	960	-0.9999461769077396	top_k_tie_expanded	0.1038593481989708	average_precision_step_integral_tie_aware	higher	960	960	960	1.0	1.0	53	907	53	907	1.0	1.0	0	53		exclude_and_report_coverage_never_impute_zero	observed		14	946	5	9	0.0943396226415094	paper_absent_prediction_ranked_after_returned	0.5438903863432166
GSE136831	145I	GSE136831_145I_IPF_8cell	GSE136831_145I_IPF_8cell	H-common	H-common_representable	CellChat p-value	0.3925547627467704	0.0803253219526804	0.0254629629629629	0.2075471698113207	0.535832414553473	0.045360824742268	-0.1178077733788672	11	421	486	42	432	-1.0	top_k_tie_expanded	0.0803253219526804	average_precision_step_integral_tie_aware	higher	960	960	960	1.0	1.0	53	907	53	907	1.0	1.0	0	53		exclude_and_report_coverage_never_impute_zero	observed		432	528	11	421	0.2075471698113207	paper_absent_prediction_ranked_after_returned	0.5192631318955631
GSE136831	145I	GSE136831_145I_IPF_8cell	GSE136831_145I_IPF_8cell	H-common	H-common_representable	CellPhoneDB composite	0.5367477273200059	0.0915860345105628	0.0552083333333333	1.0	0.0	0.104639684106614		53	907	0	0	960	-0.9375786893069744	top_k_tie_expanded	0.0915860345105628	average_precision_step_integral_tie_aware	higher	960	960	960	1.0	1.0	53	907	53	907	1.0	1.0	0	53		exclude_and_report_coverage_never_impute_zero	observed		25	935	5	20	0.0943396226415094	paper_absent_prediction_ranked_after_returned	0.5425893980233603
GSE136831	145I	GSE136831_145I_IPF_8cell	GSE136831_145I_IPF_8cell	H-common	H-common_representable	CellPhoneDB p-value	0.391358615381415	0.0714588160653205	0.0254629629629629	0.2075471698113207	0.535832414553473	0.045360824742268	-0.1178077733788672	11	421	486	42	432	-1.0	top_k_tie_expanded	0.0714588160653205	average_precision_step_integral_tie_aware	higher	960	960	960	1.0	1.0	53	907	53	907	1.0	1.0	0	53		exclude_and_report_coverage_never_impute_zero	observed		432	528	11	421	0.2075471698113207	paper_absent_prediction_ranked_after_returned	0.5143161633831487
GSE136831	145I	GSE136831_145I_IPF_8cell	GSE136831_145I_IPF_8cell	H-common	H-common_representable	Connectome specificity	0.3914834307586695	0.0796393726818255	0.0254629629629629	0.2075471698113207	0.535832414553473	0.045360824742268	-0.1178077733788672	11	421	486	42	432	-1.095018891404099	top_k_tie_expanded	0.0796393726818255	average_precision_step_integral_tie_aware	higher	960	960	960	1.0	1.0	53	907	53	907	1.0	1.0	0	53		exclude_and_report_coverage_never_impute_zero	observed		432	528	11	421	0.2075471698113207	paper_absent_prediction_ranked_after_returned	0.5191646355497108
GSE136831	145I	GSE136831_145I_IPF_8cell	GSE136831_145I_IPF_8cell	H-common	H-common_representable	LIANA magnitude consensus	0.3917538640760541	0.093577792752321	0.0254629629629629	0.2075471698113207	0.535832414553473	0.045360824742268	-0.1178077733788672	11	421	486	42	432	-1.0	top_k_tie_expanded	0.093577792752321	average_precision_step_integral_tie_aware	higher	960	960	960	1.0	1.0	53	907	53	907	1.0	1.0	0	53		exclude_and_report_coverage_never_impute_zero	observed		432	528	11	421	0.2075471698113207	paper_absent_prediction_ranked_after_returned	0.522262082117309
GSE136831	145I	GSE136831_145I_IPF_8cell	GSE136831_145I_IPF_8cell	H-common	H-common_representable	LIANA specificity consensus	0.3914418256329179	0.0809093291404612	0.0254629629629629	0.2075471698113207	0.535832414553473	0.045360824742268	-0.1178077733788672	11	421	486	42	432	-1.0	top_k_tie_expanded	0.0809093291404612	average_precision_step_integral_tie_aware	higher	960	960	960	1.0	1.0	53	907	53	907	1.0	1.0	0	53		exclude_and_report_coverage_never_impute_zero	observed		432	528	11	421	0.2075471698113207	paper_absent_prediction_ranked_after_returned	0.519976842561482
GSE136831	145I	GSE136831_145I_IPF_8cell	GSE136831_145I_IPF_8cell	H-common	H-common_representable	NATMI specificity	0.3914834307586695	0.0905454477388439	0.0254629629629629	0.2075471698113207	0.535832414553473	0.045360824742268	-0.1178077733788672	11	421	486	42	432	0.0015843304572626	top_k_tie_expanded	0.0905454477388439	average_precision_step_integral_tie_aware	higher	960	960	960	1.0	1.0	53	907	53	907	1.0	1.0	0	53		exclude_and_report_coverage_never_impute_zero	observed		432	528	11	421	0.2075471698113207	paper_absent_prediction_ranked_after_returned	0.5196926785776391
GSE136831	145I	GSE136831_145I_IPF_8cell	GSE136831_145I_IPF_8cell	H-common	H-common_representable	SingleCellSignalR LRscore	0.5348754966611886	0.105746140651801	0.0552083333333333	1.0	0.0	0.104639684106614		53	907	0	0	960	-0.4969179630279541	top_k_tie_expanded	0.105746140651801	average_precision_step_integral_tie_aware	higher	960	960	960	1.0	1.0	53	907	53	907	1.0	1.0	0	53		exclude_and_report_coverage_never_impute_zero	observed		29	931	5	24	0.0943396226415094	paper_absent_prediction_ranked_after_returned	0.543177672955975
GSE136831	145I	GSE136831_145I_IPF_8cell	GSE136831_145I_IPF_8cell	H-common	H-common_representable	logFC specificity	0.3914210230700422	0.0959915739396871	0.0254629629629629	0.2075471698113207	0.535832414553473	0.045360824742268	-0.1178077733788672	11	421	486	42	432	-1.6750822067260742	top_k_tie_expanded	0.0959915739396871	average_precision_step_integral_tie_aware	higher	960	960	960	1.0	1.0	53	907	53	907	1.0	1.0	0	53		exclude_and_report_coverage_never_impute_zero	observed		432	528	11	421	0.2075471698113207	paper_absent_prediction_ranked_after_returned	0.5201118986812456
GSE136831	157I	GSE136831_157I_IPF_8cell	GSE136831_157I_IPF_8cell	H-common	H-common_representable	CRYCHIC availability-state	0.555511639033929	0.1824035770358951	0.2452830188679245	0.2452830188679245	0.955898566703418	0.2452830188679245	0.2011815855713424	13	40	867	40	53	0.0189351078400341	top_k_tie_expanded	0.1824035770358951	average_precision_step_integral_tie_aware	higher	960	960	960	1.0	1.0	53	907	53	907	1.0	1.0	0	53		exclude_and_report_coverage_never_impute_zero	observed		588	372	29	559	0.5471698113207547	paper_absent_prediction_ranked_after_returned	0.6486118263897056
GSE136831	157I	GSE136831_157I_IPF_8cell	GSE136831_157I_IPF_8cell	H-common	H-common_representable	CellChat composite	0.5609827130702503	0.1023150984235889	0.0552083333333333	1.0	0.0	0.104639684106614		53	907	0	0	960	-0.999915157634536	top_k_tie_expanded	0.1023150984235889	average_precision_step_integral_tie_aware	higher	960	960	960	1.0	1.0	53	907	53	907	1.0	1.0	0	53		exclude_and_report_coverage_never_impute_zero	observed		16	944	7	9	0.1320754716981132	paper_absent_prediction_ranked_after_returned	0.5554955552832912
GSE136831	157I	GSE136831_157I_IPF_8cell	GSE136831_157I_IPF_8cell	H-common	H-common_representable	CellChat p-value	0.5034116203116223	0.1032553587472724	0.0493197278911564	0.5471698113207547	0.3836824696802646	0.0904836193447738	-0.0324159910522674	29	559	348	24	588	-1.0	top_k_tie_expanded	0.1032553587472724	average_precision_step_integral_tie_aware	higher	960	960	960	1.0	1.0	53	907	53	907	1.0	1.0	0	53		exclude_and_report_coverage_never_impute_zero	observed		588	372	29	559	0.5471698113207547	paper_absent_prediction_ranked_after_returned	0.5454242937789003
GSE136831	157I	GSE136831_157I_IPF_8cell	GSE136831_157I_IPF_8cell	H-common	H-common_representable	CellPhoneDB composite	0.6137380125231429	0.1463865228858105	0.0552083333333333	1.0	0.0	0.104639684106614		53	907	0	0	960	-0.910458229482174	top_k_tie_expanded	0.1463865228858105	average_precision_step_integral_tie_aware	higher	960	960	960	1.0	1.0	53	907	53	907	1.0	1.0	0	53		exclude_and_report_coverage_never_impute_zero	observed		29	931	13	16	0.2452830188679245	paper_absent_prediction_ranked_after_returned	0.607669299469799
GSE136831	157I	GSE136831_157I_IPF_8cell	GSE136831_157I_IPF_8cell	H-common	H-common_representable	CellPhoneDB p-value	0.5346258659066797	0.157988205764486	0.0493197278911564	0.5471698113207547	0.3836824696802646	0.0904836193447738	-0.0324159910522674	29	559	348	24	588	-1.0	top_k_tie_expanded	0.157988205764486	average_precision_step_integral_tie_aware	higher	960	960	960	1.0	1.0	53	907	53	907	1.0	1.0	0	53		exclude_and_report_coverage_never_impute_zero	observed		588	372	29	559	0.5471698113207547	paper_absent_prediction_ranked_after_returned	0.5987005770253215
GSE136831	157I	GSE136831_157I_IPF_8cell	GSE136831_157I_IPF_8cell	H-common	H-common_representable	Connectome specificity	0.5325872147448566	0.1355177279114815	0.0493197278911564	0.5471698113207547	0.3836824696802646	0.0904836193447738	-0.0324159910522674	29	559	348	24	588	-0.999121080076069	top_k_tie_expanded	0.1355177279114815	average_precision_step_integral_tie_aware	higher	960	960	960	1.0	1.0	53	907	53	907	1.0	1.0	0	53		exclude_and_report_coverage_never_impute_zero	observed		588	372	29	559	0.5471698113207547	paper_absent_prediction_ranked_after_returned	0.5945588273409609
GSE136831	157I	GSE136831_157I_IPF_8cell	GSE136831_157I_IPF_8cell	H-common	H-common_representable	LIANA magnitude consensus	0.5334817249485136	0.1481879559000563	0.0493197278911564	0.5471698113207547	0.3836824696802646	0.0904836193447738	-0.0324159910522674	29	559	348	24	588	-1.0	top_k_tie_expanded	0.1481879559000563	average_precision_step_integral_tie_aware	higher	960	960	960	1.0	1.0	53	907	53	907	1.0	1.0	0	53		exclude_and_report_coverage_never_impute_zero	observed		588	372	29	559	0.5471698113207547	paper_absent_prediction_ranked_after_returned	0.5962451860102508
GSE136831	157I	GSE136831_157I_IPF_8cell	GSE136831_157I_IPF_8cell	H-common	H-common_representable	LIANA specificity consensus	0.5332424954754426	0.1403832220682409	0.0493197278911564	0.5471698113207547	0.3836824696802646	0.0904836193447738	-0.0324159910522674	29	559	348	24	588	-1.0	top_k_tie_expanded	0.1403832220682409	average_precision_step_integral_tie_aware	higher	960	960	960	1.0	1.0	53	907	53	907	1.0	1.0	0	53		exclude_and_report_coverage_never_impute_zero	observed		588	372	29	559	0.5471698113207547	paper_absent_prediction_ranked_after_returned	0.5996022836068149
GSE136831	157I	GSE136831_157I_IPF_8cell	GSE136831_157I_IPF_8cell	H-common	H-common_representable	NATMI specificity	0.5338353685174013	0.1769081068236768	0.0493197278911564	0.5471698113207547	0.3836824696802646	0.0904836193447738	-0.0324159910522674	29	559	348	24	588	0.0013568064896389	top_k_tie_expanded	0.1769081068236768	average_precision_step_integral_tie_aware	higher	960	960	960	1.0	1.0	53	907	53	907	1.0	1.0	0	53		exclude_and_report_coverage_never_impute_zero	observed		588	372	29	559	0.5471698113207547	paper_absent_prediction_ranked_after_returned	0.605007092191008
GSE136831	157I	GSE136831_157I_IPF_8cell	GSE136831_157I_IPF_8cell	H-common	H-common_representable	SingleCellSignalR LRscore	0.6070603898400283	0.1481052748604883	0.0552083333333333	1.0	0.0	0.104639684106614		53	907	0	0	960	-0.4900382161140442	top_k_tie_expanded	0.1481052748604883	average_precision_step_integral_tie_aware	higher	960	960	960	1.0	1.0	53	907	53	907	1.0	1.0	0	53		exclude_and_report_coverage_never_impute_zero	observed		45	915	13	32	0.2452830188679245	paper_absent_prediction_ranked_after_returned	0.611236303005171
GSE136831	157I	GSE136831_157I_IPF_8cell	GSE136831_157I_IPF_8cell	H-common	H-common_representable	logFC specificity	0.5330240685652472	0.1551133454194172	0.0493197278911564	0.5471698113207547	0.3836824696802646	0.0904836193447738	-0.0324159910522674	29	559	348	24	588	-1.5928258895874023	top_k_tie_expanded	0.1551133454194172	average_precision_step_integral_tie_aware	higher	960	960	960	1.0	1.0	53	907	53	907	1.0	1.0	0	53		exclude_and_report_coverage_never_impute_zero	observed		588	372	29	559	0.5471698113207547	paper_absent_prediction_ranked_after_returned	0.6000842005088665
GSE136831	158I	GSE136831_158I_IPF_8cell	GSE136831_158I_IPF_8cell	H-common	H-common_representable	CRYCHIC availability-state	0.6753448024796654	0.2883124004018771	0.3773584905660377	0.3773584905660377	0.9636163175303196	0.3773584905660377	0.3409748080963575	20	33	874	33	53	0.0275378213359164	top_k_tie_expanded	0.2883124004018771	average_precision_step_integral_tie_aware	higher	960	960	960	1.0	1.0	53	907	53	907	1.0	1.0	0	53		exclude_and_report_coverage_never_impute_zero	observed		768	192	41	727	0.7735849056603774	paper_absent_prediction_ranked_after_returned	0.7452092404793607
GSE136831	158I	GSE136831_158I_IPF_8cell	GSE136831_158I_IPF_8cell	H-common	H-common_representable	CellChat composite	0.6085685756485198	0.1756030315954596	0.0552083333333333	1.0	0.0	0.104639684106614		53	907	0	0	960	-0.9998424734967634	top_k_tie_expanded	0.1756030315954596	average_precision_step_integral_tie_aware	higher	960	960	960	1.0	1.0	53	907	53	907	1.0	1.0	0	53		exclude_and_report_coverage_never_impute_zero	observed		20	940	12	8	0.2264150943396226	paper_absent_prediction_ranked_after_returned	0.6056929836410968
GSE136831	158I	GSE136831_158I_IPF_8cell	GSE136831_158I_IPF_8cell	H-common	H-common_representable	CellChat p-value	0.5733498366998814	0.1775599449685534	0.0533854166666666	0.7735849056603774	0.1984564498346196	0.099878197320341	-0.0159634393295396	41	727	180	12	768	-1.0	top_k_tie_expanded	0.1775599449685534	average_precision_step_integral_tie_aware	higher	960	960	960	1.0	1.0	53	907	53	907	1.0	1.0	0	53		exclude_and_report_coverage_never_impute_zero	observed		768	192	41	727	0.7735849056603774	paper_absent_prediction_ranked_after_returned	0.6012283597364307
GSE136831	158I	GSE136831_158I_IPF_8cell	GSE136831_158I_IPF_8cell	H-common	H-common_representable	CellPhoneDB composite	0.6659108402155145	0.1923283255877125	0.0552083333333333	1.0	0.0	0.104639684106614		53	907	0	0	960	-0.8869678527116776	top_k_tie_expanded	0.1923283255877125	average_precision_step_integral_tie_aware	higher	960	960	960	1.0	1.0	53	907	53	907	1.0	1.0	0	53		exclude_and_report_coverage_never_impute_zero	observed		44	916	19	25	0.3584905660377358	paper_absent_prediction_ranked_after_returned	0.6583058880721587
GSE136831	158I	GSE136831_158I_IPF_8cell	GSE136831_158I_IPF_8cell	H-common	H-common_representable	CellPhoneDB p-value	0.6248673836616672	0.2027195842959825	0.3773584905660377	0.3773584905660377	0.9636163175303196	0.3773584905660377	0.3409748080963575	20	33	874	33	53	-0.91	top_k_tie_expanded	0.2027195842959825	average_precision_step_integral_tie_aware	higher	960	960	960	1.0	1.0	53	907	53	907	1.0	1.0	0	53		exclude_and_report_coverage_never_impute_zero	observed		768	192	41	727	0.7735849056603774	paper_absent_prediction_ranked_after_returned	0.6582119046527214
GSE136831	158I	GSE136831_158I_IPF_8cell	GSE136831_158I_IPF_8cell	H-common	H-common_representable	Connectome specificity	0.6259283143683302	0.2416867491142882	0.3773584905660377	0.3773584905660377	0.9636163175303196	0.3773584905660377	0.3409748080963575	20	33	874	33	53	-0.0505022338775102	top_k_tie_expanded	0.2416867491142882	average_precision_step_integral_tie_aware	higher	960	960	960	1.0	1.0	53	907	53	907	1.0	1.0	0	53		exclude_and_report_coverage_never_impute_zero	observed		768	192	41	727	0.7735849056603774	paper_absent_prediction_ranked_after_returned	0.6701955041951625
GSE136831	158I	GSE136831_158I_IPF_8cell	GSE136831_158I_IPF_8cell	H-common	H-common_representable	LIANA magnitude consensus	0.6249505939131701	0.1990585623353725	0.3773584905660377	0.3773584905660377	0.9636163175303196	0.3773584905660377	0.3409748080963575	20	33	874	33	53	-0.0351961770021322	top_k_tie_expanded	0.1990585623353725	average_precision_step_integral_tie_aware	higher	960	960	960	1.0	1.0	53	907	53	907	1.0	1.0	0	53		exclude_and_report_coverage_never_impute_zero	observed		768	192	41	727	0.7735849056603774	paper_absent_prediction_ranked_after_returned	0.6605294729754353
GSE136831	158I	GSE136831_158I_IPF_8cell	GSE136831_158I_IPF_8cell	H-common	H-common_representable	LIANA specificity consensus	0.6244513324041522	0.1961413252653153	0.3773584905660377	0.3773584905660377	0.9636163175303196	0.3773584905660377	0.3409748080963575	20	33	874	33	53	-7.347972928260577e-05	top_k_tie_expanded	0.1961413252653153	average_precision_step_integral_tie_aware	higher	960	960	960	1.0	1.0	53	907	53	907	1.0	1.0	0	53		exclude_and_report_coverage_never_impute_zero	observed		768	192	41	727	0.7735849056603774	paper_absent_prediction_ranked_after_returned	0.6574060641178585
GSE136831	158I	GSE136831_158I_IPF_8cell	GSE136831_158I_IPF_8cell	H-common	H-common_representable	NATMI specificity	0.6247217657215369	0.2149719915624567	0.3773584905660377	0.3773584905660377	0.9636163175303196	0.3773584905660377	0.3409748080963575	20	33	874	33	53	0.0069417408667504	top_k_tie_expanded	0.2149719915624567	average_precision_step_integral_tie_aware	higher	960	960	960	1.0	1.0	53	907	53	907	1.0	1.0	0	53		exclude_and_report_coverage_never_impute_zero	observed		768	192	41	727	0.7735849056603774	paper_absent_prediction_ranked_after_returned	0.6652387869048785
GSE136831	158I	GSE136831_158I_IPF_8cell	GSE136831_158I_IPF_8cell	H-common	H-common_representable	SingleCellSignalR LRscore	0.6247841734101641	0.2028143857266439	0.3773584905660377	0.3773584905660377	0.9636163175303196	0.3773584905660377	0.3409748080963575	20	33	874	33	53	0.6349604725837708	top_k_tie_expanded	0.2028143857266439	average_precision_step_integral_tie_aware	higher	960	960	960	1.0	1.0	53	907	53	907	1.0	1.0	0	53		exclude_and_report_coverage_never_impute_zero	observed		768	192	41	727	0.7735849056603774	paper_absent_prediction_ranked_after_returned	0.6626797772271503
GSE136831	158I	GSE136831_158I_IPF_8cell	GSE136831_158I_IPF_8cell	H-common	H-common_representable	logFC specificity	0.6243265170268977	0.197109954611671	0.3773584905660377	0.3773584905660377	0.9636163175303196	0.3773584905660377	0.3409748080963575	20	33	874	33	53	-0.3245208859443664	top_k_tie_expanded	0.197109954611671	average_precision_step_integral_tie_aware	higher	960	960	960	1.0	1.0	53	907	53	907	1.0	1.0	0	53		exclude_and_report_coverage_never_impute_zero	observed		768	192	41	727	0.7735849056603774	paper_absent_prediction_ranked_after_returned	0.6596605958420139
GSE136831	166I	GSE136831_166I_IPF_8cell	GSE136831_166I_IPF_8cell	H-common	H-common_representable	CRYCHIC availability-state	0.6518067025857586	0.2736635934981585	0.3773584905660377	0.3773584905660377	0.9636163175303196	0.3773584905660377	0.3409748080963575	20	33	874	33	53	0.0164041355061363	top_k_tie_expanded	0.2736635934981585	average_precision_step_integral_tie_aware	higher	960	960	960	1.0	1.0	53	907	53	907	1.0	1.0	0	53		exclude_and_report_coverage_never_impute_zero	observed		768	192	41	727	0.7735849056603774	paper_absent_prediction_ranked_after_returned	0.7185606931640423
GSE136831	166I	GSE136831_166I_IPF_8cell	GSE136831_166I_IPF_8cell	H-common	H-common_representable	CellChat composite	0.5720392752387095	0.1393755811798264	0.0552083333333333	1.0	0.0	0.104639684106614		53	907	0	0	960	-0.9995939991786912	top_k_tie_expanded	0.1393755811798264	average_precision_step_integral_tie_aware	higher	960	960	960	1.0	1.0	53	907	53	907	1.0	1.0	0	53		exclude_and_report_coverage_never_impute_zero	observed		14	946	8	6	0.1509433962264151	paper_absent_prediction_ranked_after_returned	0.5707905401726155
GSE136831	166I	GSE136831_166I_IPF_8cell	GSE136831_166I_IPF_8cell	H-common	H-common_representable	CellChat p-value	0.5439558153564519	0.1319933456873315	0.0533854166666666	0.7735849056603774	0.1984564498346196	0.099878197320341	-0.0159634393295396	41	727	180	12	768	-1.0	top_k_tie_expanded	0.1319933456873315	average_precision_step_integral_tie_aware	higher	960	960	960	1.0	1.0	53	907	53	907	1.0	1.0	0	53		exclude_and_report_coverage_never_impute_zero	observed		768	192	41	727	0.7735849056603774	paper_absent_prediction_ranked_after_returned	0.5645979078540209
GSE136831	166I	GSE136831_166I_IPF_8cell	GSE136831_166I_IPF_8cell	H-common	H-common_representable	CellPhoneDB composite	0.6594308418797196	0.2033984177363087	0.0552083333333333	1.0	0.0	0.104639684106614		53	907	0	0	960	-0.8793748617172241	top_k_tie_expanded	0.2033984177363087	average_precision_step_integral_tie_aware	higher	960	960	960	1.0	1.0	53	907	53	907	1.0	1.0	0	53		exclude_and_report_coverage_never_impute_zero	observed		36	924	18	18	0.3396226415094339	paper_absent_prediction_ranked_after_returned	0.6502020198891658
GSE136831	166I	GSE136831_166I_IPF_8cell	GSE136831_166I_IPF_8cell	H-common	H-common_representable	CellPhoneDB p-value	0.6205092467391983	0.2095861969387912	0.0533854166666666	0.7735849056603774	0.1984564498346196	0.099878197320341	-0.0159634393295396	41	727	180	12	768	-1.0	top_k_tie_expanded	0.2095861969387912	average_precision_step_integral_tie_aware	higher	960	960	960	1.0	1.0	53	907	53	907	1.0	1.0	0	53		exclude_and_report_coverage_never_impute_zero	observed		768	192	41	727	0.7735849056603774	paper_absent_prediction_ranked_after_returned	0.6563300817856931
GSE136831	166I	GSE136831_166I_IPF_8cell	GSE136831_166I_IPF_8cell	H-common	H-common_representable	Connectome specificity	0.6208108839008966	0.2272820041256453	0.0533854166666666	0.7735849056603774	0.1984564498346196	0.099878197320341	-0.0159634393295396	41	727	180	12	768	-1.1985839740798598	top_k_tie_expanded	0.2272820041256453	average_precision_step_integral_tie_aware	higher	960	960	960	1.0	1.0	53	907	53	907	1.0	1.0	0	53		exclude_and_report_coverage_never_impute_zero	observed		768	192	41	727	0.7735849056603774	paper_absent_prediction_ranked_after_returned	0.662185017119637
GSE136831	166I	GSE136831_166I_IPF_8cell	GSE136831_166I_IPF_8cell	H-common	H-common_representable	LIANA magnitude consensus	0.6201868070146243	0.2124968081340476	0.0533854166666666	0.7735849056603774	0.1984564498346196	0.099878197320341	-0.0159634393295396	41	727	180	12	768	-1.0	top_k_tie_expanded	0.2124968081340476	average_precision_step_integral_tie_aware	higher	960	960	960	1.0	1.0	53	907	53	907	1.0	1.0	0	53		exclude_and_report_coverage_never_impute_zero	observed		768	192	41	727	0.7735849056603774	paper_absent_prediction_ranked_after_returned	0.6566309796422769
GSE136831	166I	GSE136831_166I_IPF_8cell	GSE136831_166I_IPF_8cell	H-common	H-common_representable	LIANA specificity consensus	0.6204052339248195	0.2088963967628025	0.0533854166666666	0.7735849056603774	0.1984564498346196	0.099878197320341	-0.0159634393295396	41	727	180	12	768	-1.0	top_k_tie_expanded	0.2088963967628025	average_precision_step_integral_tie_aware	higher	960	960	960	1.0	1.0	53	907	53	907	1.0	1.0	0	53		exclude_and_report_coverage_never_impute_zero	observed		768	192	41	727	0.7735849056603774	paper_absent_prediction_ranked_after_returned	0.6576681030439605
GSE136831	166I	GSE136831_166I_IPF_8cell	GSE136831_166I_IPF_8cell	H-common	H-common_representable	NATMI specificity	0.6205196480206362	0.2224293079131573	0.0533854166666666	0.7735849056603774	0.1984564498346196	0.099878197320341	-0.0159634393295396	41	727	180	12	768	0.0015972494147717	top_k_tie_expanded	0.2224293079131573	average_precision_step_integral_tie_aware	higher	960	960	960	1.0	1.0	53	907	53	907	1.0	1.0	0	53		exclude_and_report_coverage_never_impute_zero	observed		768	192	41	727	0.7735849056603774	paper_absent_prediction_ranked_after_returned	0.6630043579312966
GSE136831	166I	GSE136831_166I_IPF_8cell	GSE136831_166I_IPF_8cell	H-common	H-common_representable	SingleCellSignalR LRscore	0.6201452018888727	0.2105124741901766	0.0533854166666666	0.7735849056603774	0.1984564498346196	0.099878197320341	-0.0159634393295396	41	727	180	12	768	0.5658382177352905	top_k_tie_expanded	0.2105124741901766	average_precision_step_integral_tie_aware	higher	960	960	960	1.0	1.0	53	907	53	907	1.0	1.0	0	53		exclude_and_report_coverage_never_impute_zero	observed		768	192	41	727	0.7735849056603774	paper_absent_prediction_ranked_after_returned	0.6567054732778905
GSE136831	166I	GSE136831_166I_IPF_8cell	GSE136831_166I_IPF_8cell	H-common	H-common_representable	logFC specificity	0.6197291506313578	0.1944039672268553	0.0533854166666666	0.7735849056603774	0.1984564498346196	0.099878197320341	-0.0159634393295396	41	727	180	12	768	-2.383632183074951	top_k_tie_expanded	0.1944039672268553	average_precision_step_integral_tie_aware	higher	960	960	960	1.0	1.0	53	907	53	907	1.0	1.0	0	53		exclude_and_report_coverage_never_impute_zero	observed		768	192	41	727	0.7735849056603774	paper_absent_prediction_ranked_after_returned	0.6568974386164182
GSE136831	174I	GSE136831_174I_IPF_8cell	GSE136831_174I_IPF_8cell	H-common	H-common_representable	CRYCHIC availability-state	0.4783237294834723	0.1089087080277059	0.1886792452830188	0.1886792452830188	0.9525909592061742	0.1886792452830188	0.141270204489193	10	43	864	43	53	0.0097043246899753	top_k_tie_expanded	0.1089087080277059	average_precision_step_integral_tie_aware	higher	960	960	960	1.0	1.0	53	907	53	907	1.0	1.0	0	53		exclude_and_report_coverage_never_impute_zero	observed		432	528	18	414	0.3396226415094339	paper_absent_prediction_ranked_after_returned	0.580062014534832
GSE136831	174I	GSE136831_174I_IPF_8cell	GSE136831_174I_IPF_8cell	H-common	H-common_representable	CellChat composite	0.5244534126604398	0.0727482030548068	0.0552083333333333	1.0	0.0	0.104639684106614		53	907	0	0	960	-0.9995614229393286	top_k_tie_expanded	0.0727482030548068	average_precision_step_integral_tie_aware	higher	960	960	960	1.0	1.0	53	907	53	907	1.0	1.0	0	53		exclude_and_report_coverage_never_impute_zero	observed		10	950	3	7	0.0566037735849056	paper_absent_prediction_ranked_after_returned	0.5236572327044025
GSE136831	174I	GSE136831_174I_IPF_8cell	GSE136831_174I_IPF_8cell	H-common	H-common_representable	CellChat p-value	0.4531942335295708	0.0652319182389937	0.0416666666666666	0.3396226415094339	0.5435501653803748	0.0742268041237113	-0.0536323326277333	18	414	493	35	432	-1.0	top_k_tie_expanded	0.0652319182389937	average_precision_step_integral_tie_aware	higher	960	960	960	1.0	1.0	53	907	53	907	1.0	1.0	0	53		exclude_and_report_coverage_never_impute_zero	observed		432	528	18	414	0.3396226415094339	paper_absent_prediction_ranked_after_returned	0.5031288870863013
GSE136831	174I	GSE136831_174I_IPF_8cell	GSE136831_174I_IPF_8cell	H-common	H-common_representable	CellPhoneDB composite	0.5457864408895176	0.0810441720229456	0.0552083333333333	1.0	0.0	0.104639684106614		53	907	0	0	960	-0.876877598464489	top_k_tie_expanded	0.0810441720229456	average_precision_step_integral_tie_aware	higher	960	960	960	1.0	1.0	53	907	53	907	1.0	1.0	0	53		exclude_and_report_coverage_never_impute_zero	observed		26	934	6	20	0.1132075471698113	paper_absent_prediction_ranked_after_returned	0.5463569182389937
GSE136831	174I	GSE136831_174I_IPF_8cell	GSE136831_174I_IPF_8cell	H-common	H-common_representable	CellPhoneDB p-value	0.4711676478542156	0.0800534524001505	0.0416666666666666	0.3396226415094339	0.5435501653803748	0.0742268041237113	-0.0536323326277333	18	414	493	35	432	-1.0	top_k_tie_expanded	0.0800534524001505	average_precision_step_integral_tie_aware	higher	960	960	960	1.0	1.0	53	907	53	907	1.0	1.0	0	53		exclude_and_report_coverage_never_impute_zero	observed		432	528	18	414	0.3396226415094339	paper_absent_prediction_ranked_after_returned	0.5415428879140978
GSE136831	174I	GSE136831_174I_IPF_8cell	GSE136831_174I_IPF_8cell	H-common	H-common_representable	Connectome specificity	0.4710012273512097	0.0913067100859888	0.0416666666666666	0.3396226415094339	0.5435501653803748	0.0742268041237113	-0.0536323326277333	18	414	493	35	432	-0.9106075297693862	top_k_tie_expanded	0.0913067100859888	average_precision_step_integral_tie_aware	higher	960	960	960	1.0	1.0	53	907	53	907	1.0	1.0	0	53		exclude_and_report_coverage_never_impute_zero	observed		432	528	18	414	0.3396226415094339	paper_absent_prediction_ranked_after_returned	0.5482894092067384
GSE136831	174I	GSE136831_174I_IPF_8cell	GSE136831_174I_IPF_8cell	H-common	H-common_representable	LIANA magnitude consensus	0.4712300555428428	0.0911227883751468	0.0416666666666666	0.3396226415094339	0.5435501653803748	0.0742268041237113	-0.0536323326277333	18	414	493	35	432	-1.0	top_k_tie_expanded	0.0911227883751468	average_precision_step_integral_tie_aware	higher	960	960	960	1.0	1.0	53	907	53	907	1.0	1.0	0	53		exclude_and_report_coverage_never_impute_zero	observed		432	528	18	414	0.3396226415094339	paper_absent_prediction_ranked_after_returned	0.5480860937055474
GSE136831	174I	GSE136831_174I_IPF_8cell	GSE136831_174I_IPF_8cell	H-common	H-common_representable	LIANA specificity consensus	0.4711676478542156	0.0913951028804392	0.0416666666666666	0.3396226415094339	0.5435501653803748	0.0742268041237113	-0.0536323326277333	18	414	493	35	432	-1.0	top_k_tie_expanded	0.0913951028804392	average_precision_step_integral_tie_aware	higher	960	960	960	1.0	1.0	53	907	53	907	1.0	1.0	0	53		exclude_and_report_coverage_never_impute_zero	observed		432	528	18	414	0.3396226415094339	paper_absent_prediction_ranked_after_returned	0.547240072029378
GSE136831	174I	GSE136831_174I_IPF_8cell	GSE136831_174I_IPF_8cell	H-common	H-common_representable	NATMI specificity	0.4713756734829731	0.0916494385244385	0.0416666666666666	0.3396226415094339	0.5435501653803748	0.0742268041237113	-0.0536323326277333	18	414	493	35	432	0.0019928042311221	top_k_tie_expanded	0.0916494385244385	average_precision_step_integral_tie_aware	higher	960	960	960	1.0	1.0	53	907	53	907	1.0	1.0	0	53		exclude_and_report_coverage_never_impute_zero	observed		432	528	18	414	0.3396226415094339	paper_absent_prediction_ranked_after_returned	0.5468227741088136
GSE136831	174I	GSE136831_174I_IPF_8cell	GSE136831_174I_IPF_8cell	H-common	H-common_representable	SingleCellSignalR LRscore	0.5598073682677706	0.0964732415178477	0.0552083333333333	1.0	0.0	0.104639684106614		53	907	0	0	960	-0.484062910079956	top_k_tie_expanded	0.0964732415178477	average_precision_step_integral_tie_aware	higher	960	960	960	1.0	1.0	53	907	53	907	1.0	1.0	0	53		exclude_and_report_coverage_never_impute_zero	observed		38	922	8	30	0.1509433962264151	paper_absent_prediction_ranked_after_returned	0.5601279470005885
GSE136831	174I	GSE136831_174I_IPF_8cell	GSE136831_174I_IPF_8cell	H-common	H-common_representable	logFC specificity	0.4707723991595764	0.0869112366413019	0.0416666666666666	0.3396226415094339	0.5435501653803748	0.0742268041237113	-0.0536323326277333	18	414	493	35	432	-1.5855401754379272	top_k_tie_expanded	0.0869112366413019	average_precision_step_integral_tie_aware	higher	960	960	960	1.0	1.0	53	907	53	907	1.0	1.0	0	53		exclude_and_report_coverage_never_impute_zero	observed		432	528	18	414	0.3396226415094339	paper_absent_prediction_ranked_after_returned	0.5436028831733318
GSE136831	177I	GSE136831_177I_IPF_8cell	GSE136831_177I_IPF_8cell	H-common	H-common_representable	CRYCHIC availability-state	0.5972935865698654	0.1986878120886042	0.320754716981132	0.320754716981132	0.960308710033076	0.320754716981132	0.2810634270142081	17	36	871	36	53	0.0048901800311404	top_k_tie_expanded	0.1986878120886042	average_precision_step_integral_tie_aware	higher	960	960	960	1.0	1.0	53	907	53	907	1.0	1.0	0	53		exclude_and_report_coverage_never_impute_zero	observed		432	528	28	404	0.5283018867924528	paper_absent_prediction_ranked_after_returned	0.6573937407068102
GSE136831	177I	GSE136831_177I_IPF_8cell	GSE136831_177I_IPF_8cell	H-common	H-common_representable	CellChat composite	0.5265960766366417	0.0772405660377358	0.0552083333333333	1.0	0.0	0.104639684106614		53	907	0	0	960	-0.9996220806550116	top_k_tie_expanded	0.0772405660377358	average_precision_step_integral_tie_aware	higher	960	960	960	1.0	1.0	53	907	53	907	1.0	1.0	0	53		exclude_and_report_coverage_never_impute_zero	observed		6	954	3	3	0.0566037735849056	paper_absent_prediction_ranked_after_returned	0.5263364779874214
GSE136831	177I	GSE136831_177I_IPF_8cell	GSE136831_177I_IPF_8cell	H-common	H-common_representable	CellChat p-value	0.5531713507104076	0.0849165793151642	0.0648148148148148	0.5283018867924528	0.5545755237045203	0.1154639175257732	0.038046868445315	28	404	503	25	432	-1.0	top_k_tie_expanded	0.0849165793151642	average_precision_step_integral_tie_aware	higher	960	960	960	1.0	1.0	53	907	53	907	1.0	1.0	0	53		exclude_and_report_coverage_never_impute_zero	observed		432	528	28	404	0.5283018867924528	paper_absent_prediction_ranked_after_returned	0.5440688626805943
GSE136831	177I	GSE136831_177I_IPF_8cell	GSE136831_177I_IPF_8cell	H-common	H-common_representable	CellPhoneDB composite	0.5714255996338748	0.1202312035448827	0.0552083333333333	1.0	0.0	0.104639684106614		53	907	0	0	960	-0.9281975030899048	top_k_tie_expanded	0.1202312035448827	average_precision_step_integral_tie_aware	higher	960	960	960	1.0	1.0	53	907	53	907	1.0	1.0	0	53		exclude_and_report_coverage_never_impute_zero	observed		15	945	8	7	0.1509433962264151	paper_absent_prediction_ranked_after_returned	0.5685190721228456
GSE136831	177I	GSE136831_177I_IPF_8cell	GSE136831_177I_IPF_8cell	H-common	H-common_representable	CellPhoneDB p-value	0.5723929188075971	0.1310032320055905	0.0648148148148148	0.5283018867924528	0.5545755237045203	0.1154639175257732	0.038046868445315	28	404	503	25	432	-1.0	top_k_tie_expanded	0.1310032320055905	average_precision_step_integral_tie_aware	higher	960	960	960	1.0	1.0	53	907	53	907	1.0	1.0	0	53		exclude_and_report_coverage_never_impute_zero	observed		432	528	28	404	0.5283018867924528	paper_absent_prediction_ranked_after_returned	0.5830038722530996
GSE136831	177I	GSE136831_177I_IPF_8cell	GSE136831_177I_IPF_8cell	H-common	H-common_representable	Connectome specificity	0.5722056957417154	0.1350871983537077	0.0648148148148148	0.5283018867924528	0.5545755237045203	0.1154639175257732	0.038046868445315	28	404	503	25	432	-0.8507029319942543	top_k_tie_expanded	0.1350871983537077	average_precision_step_integral_tie_aware	higher	960	960	960	1.0	1.0	53	907	53	907	1.0	1.0	0	53		exclude_and_report_coverage_never_impute_zero	observed		432	528	28	404	0.5283018867924528	paper_absent_prediction_ranked_after_returned	0.586267476200702
GSE136831	177I	GSE136831_177I_IPF_8cell	GSE136831_177I_IPF_8cell	H-common	H-common_representable	LIANA magnitude consensus	0.5721848931788396	0.1233471564249866	0.0648148148148148	0.5283018867924528	0.5545755237045203	0.1154639175257732	0.038046868445315	28	404	503	25	432	-1.0	top_k_tie_expanded	0.1233471564249866	average_precision_step_integral_tie_aware	higher	960	960	960	1.0	1.0	53	907	53	907	1.0	1.0	0	53		exclude_and_report_coverage_never_impute_zero	observed		432	528	28	404	0.5283018867924528	paper_absent_prediction_ranked_after_returned	0.5836989332629399
GSE136831	177I	GSE136831_177I_IPF_8cell	GSE136831_177I_IPF_8cell	H-common	H-common_representable	LIANA specificity consensus	0.5723513136818456	0.13133675592402	0.0648148148148148	0.5283018867924528	0.5545755237045203	0.1154639175257732	0.038046868445315	28	404	503	25	432	-1.0	top_k_tie_expanded	0.13133675592402	average_precision_step_integral_tie_aware	higher	960	960	960	1.0	1.0	53	907	53	907	1.0	1.0	0	53		exclude_and_report_coverage_never_impute_zero	observed		432	528	28	404	0.5283018867924528	paper_absent_prediction_ranked_after_returned	0.584228984804736
GSE136831	177I	GSE136831_177I_IPF_8cell	GSE136831_177I_IPF_8cell	H-common	H-common_representable	NATMI specificity	0.5724553264962243	0.1479394404512329	0.0648148148148148	0.5283018867924528	0.5545755237045203	0.1154639175257732	0.038046868445315	28	404	503	25	432	0.0032284213230013	top_k_tie_expanded	0.1479394404512329	average_precision_step_integral_tie_aware	higher	960	960	960	1.0	1.0	53	907	53	907	1.0	1.0	0	53		exclude_and_report_coverage_never_impute_zero	observed		432	528	28	404	0.5283018867924528	paper_absent_prediction_ranked_after_returned	0.5877689952406974
GSE136831	177I	GSE136831_177I_IPF_8cell	GSE136831_177I_IPF_8cell	H-common	H-common_representable	SingleCellSignalR LRscore	0.5705310894302178	0.1217177672955974	0.0552083333333333	1.0	0.0	0.104639684106614		53	907	0	0	960	-0.4963254928588867	top_k_tie_expanded	0.1217177672955974	average_precision_step_integral_tie_aware	higher	960	960	960	1.0	1.0	53	907	53	907	1.0	1.0	0	53		exclude_and_report_coverage_never_impute_zero	observed		17	943	8	9	0.1509433962264151	paper_absent_prediction_ranked_after_returned	0.5663983977238692
GSE136831	177I	GSE136831_177I_IPF_8cell	GSE136831_177I_IPF_8cell	H-common	H-common_representable	logFC specificity	0.5721224854902124	0.128196081085232	0.0648148148148148	0.5283018867924528	0.5545755237045203	0.1154639175257732	0.038046868445315	28	404	503	25	432	-1.3986215591430664	top_k_tie_expanded	0.128196081085232	average_precision_step_integral_tie_aware	higher	960	960	960	1.0	1.0	53	907	53	907	1.0	1.0	0	53		exclude_and_report_coverage_never_impute_zero	observed		432	528	28	404	0.5283018867924528	paper_absent_prediction_ranked_after_returned	0.5842562160563256
GSE136831	179I	GSE136831_179I_IPF_8cell	GSE136831_179I_IPF_8cell	H-common	H-common_representable	CRYCHIC availability-state	0.3823095005304653	0.0656291620421753	0.0566037735849056	0.0566037735849056	0.9448732083792724	0.0566037735849056	0.0014769819641779	3	50	857	50	53	0.0016638910280229	top_k_tie_expanded	0.0656291620421753	average_precision_step_integral_tie_aware	higher	960	960	960	1.0	1.0	53	907	53	907	1.0	1.0	0	53		exclude_and_report_coverage_never_impute_zero	observed		300	660	4	296	0.0754716981132075	paper_absent_prediction_ranked_after_returned	0.5150656381852168
GSE136831	179I	GSE136831_179I_IPF_8cell	GSE136831_179I_IPF_8cell	H-common	H-common_representable	CellChat composite	0.4994487320837927	0.0552083333333333	0.0552083333333333	1.0	0.0	0.104639684106614		53	907	0	0	960	-0.9996525977702628	top_k_tie_expanded	0.0552083333333333	average_precision_step_integral_tie_aware	higher	960	960	960	1.0	1.0	53	907	53	907	1.0	1.0	0	53		exclude_and_report_coverage_never_impute_zero	observed		1	959	0	1	0.0	paper_absent_prediction_ranked_after_returned	0.5
GSE136831	179I	GSE136831_179I_IPF_8cell	GSE136831_179I_IPF_8cell	H-common	H-common_representable	CellChat p-value	0.3883006386386803	0.0521394368210405	0.0145454545454545	0.0754716981132075	0.701212789415656	0.024390243902439	-0.1128103217210598	4	271	636	49	275	-1.0	top_k_tie_expanded	0.0521394368210405	average_precision_step_integral_tie_aware	higher	960	960	960	1.0	1.0	53	907	53	907	1.0	1.0	0	53		exclude_and_report_coverage_never_impute_zero	observed		275	685	4	271	0.0754716981132075	paper_absent_prediction_ranked_after_returned	0.478343622121359
GSE136831	179I	GSE136831_179I_IPF_8cell	GSE136831_179I_IPF_8cell	H-common	H-common_representable	CellPhoneDB composite	0.5134384556177322	0.0657036163522012	0.0552083333333333	1.0	0.0	0.104639684106614		53	907	0	0	960	-0.8725049942731857	top_k_tie_expanded	0.0657036163522012	average_precision_step_integral_tie_aware	higher	960	960	960	1.0	1.0	53	907	53	907	1.0	1.0	0	53		exclude_and_report_coverage_never_impute_zero	observed		12	948	2	10	0.0377358490566037	paper_absent_prediction_ranked_after_returned	0.5152767295597486
GSE136831	179I	GSE136831_179I_IPF_8cell	GSE136831_179I_IPF_8cell	H-common	H-common_representable	CellPhoneDB p-value	0.3935220819204926	0.0591377215551743	0.0145454545454545	0.0754716981132075	0.701212789415656	0.024390243902439	-0.1128103217210598	4	271	636	49	275	-1.0	top_k_tie_expanded	0.0591377215551743	average_precision_step_integral_tie_aware	higher	960	960	960	1.0	1.0	53	907	53	907	1.0	1.0	0	53		exclude_and_report_coverage_never_impute_zero	observed		275	685	4	271	0.0754716981132075	paper_absent_prediction_ranked_after_returned	0.5043158309861364
GSE136831	179I	GSE136831_179I_IPF_8cell	GSE136831_179I_IPF_8cell	H-common	H-common_representable	Connectome specificity	0.3934804767947411	0.0605004049933295	0.0145454545454545	0.0754716981132075	0.701212789415656	0.024390243902439	-0.1128103217210598	4	271	636	49	275	-1.184805568321372	top_k_tie_expanded	0.0605004049933295	average_precision_step_integral_tie_aware	higher	960	960	960	1.0	1.0	53	907	53	907	1.0	1.0	0	53		exclude_and_report_coverage_never_impute_zero	observed		275	685	4	271	0.0754716981132075	paper_absent_prediction_ranked_after_returned	0.5029613350653566
GSE136831	179I	GSE136831_179I_IPF_8cell	GSE136831_179I_IPF_8cell	H-common	H-common_representable	LIANA magnitude consensus	0.3935636870462441	0.0641691680960548	0.0145454545454545	0.0754716981132075	0.701212789415656	0.024390243902439	-0.1128103217210598	4	271	636	49	275	-1.0	top_k_tie_expanded	0.0641691680960548	average_precision_step_integral_tie_aware	higher	960	960	960	1.0	1.0	53	907	53	907	1.0	1.0	0	53		exclude_and_report_coverage_never_impute_zero	observed		275	685	4	271	0.0754716981132075	paper_absent_prediction_ranked_after_returned	0.5054874450991007
GSE136831	179I	GSE136831_179I_IPF_8cell	GSE136831_179I_IPF_8cell	H-common	H-common_representable	LIANA specificity consensus	0.3933556614174866	0.0574306236216613	0.0145454545454545	0.0754716981132075	0.701212789415656	0.024390243902439	-0.1128103217210598	4	271	636	49	275	-1.0	top_k_tie_expanded	0.0574306236216613	average_precision_step_integral_tie_aware	higher	960	960	960	1.0	1.0	53	907	53	907	1.0	1.0	0	53		exclude_and_report_coverage_never_impute_zero	observed		275	685	4	271	0.0754716981132075	paper_absent_prediction_ranked_after_returned	0.5020453611349948
GSE136831	179I	GSE136831_179I_IPF_8cell	GSE136831_179I_IPF_8cell	H-common	H-common_representable	NATMI specificity	0.3933556614174866	0.0573795740423098	0.0145454545454545	0.0754716981132075	0.701212789415656	0.024390243902439	-0.1128103217210598	4	271	636	49	275	0.0033890213817358	top_k_tie_expanded	0.0573795740423098	average_precision_step_integral_tie_aware	higher	960	960	960	1.0	1.0	53	907	53	907	1.0	1.0	0	53		exclude_and_report_coverage_never_impute_zero	observed		275	685	4	271	0.0754716981132075	paper_absent_prediction_ranked_after_returned	0.5013165180564982
GSE136831	179I	GSE136831_179I_IPF_8cell	GSE136831_179I_IPF_8cell	H-common	H-common_representable	SingleCellSignalR LRscore	0.3935428844833683	0.0625968410520297	0.0145454545454545	0.0754716981132075	0.701212789415656	0.024390243902439	-0.1128103217210598	4	271	636	49	275	0.5625000596046448	top_k_tie_expanded	0.0625968410520297	average_precision_step_integral_tie_aware	higher	960	960	960	1.0	1.0	53	907	53	907	1.0	1.0	0	53		exclude_and_report_coverage_never_impute_zero	observed		275	685	4	271	0.0754716981132075	paper_absent_prediction_ranked_after_returned	0.5046151132449777
GSE136831	179I	GSE136831_179I_IPF_8cell	GSE136831_179I_IPF_8cell	H-common	H-common_representable	logFC specificity	0.3933348588546109	0.0578798599199542	0.0145454545454545	0.0754716981132075	0.701212789415656	0.024390243902439	-0.1128103217210598	4	271	636	49	275	-1.7600812911987305	top_k_tie_expanded	0.0578798599199542	average_precision_step_integral_tie_aware	higher	960	960	960	1.0	1.0	53	907	53	907	1.0	1.0	0	53		exclude_and_report_coverage_never_impute_zero	observed		275	685	4	271	0.0754716981132075	paper_absent_prediction_ranked_after_returned	0.5034348748636823
GSE136831	209I	GSE136831_209I_IPF_8cell	GSE136831_209I_IPF_8cell	H-common	H-common_representable	CRYCHIC availability-state	0.4805912088369287	0.1268733537416266	0.1886792452830188	0.1886792452830188	0.9525909592061742	0.1886792452830188	0.141270204489193	10	43	864	43	53	0.0104902131332873	top_k_tie_expanded	0.1268733537416266	average_precision_step_integral_tie_aware	higher	960	960	960	1.0	1.0	53	907	53	907	1.0	1.0	0	53		exclude_and_report_coverage_never_impute_zero	observed		432	528	18	414	0.3396226415094339	paper_absent_prediction_ranked_after_returned	0.5818744002286566
GSE136831	209I	GSE136831_209I_IPF_8cell	GSE136831_209I_IPF_8cell	H-common	H-common_representable	CellChat composite	0.5520480123151172	0.0926696011012048	0.0552083333333333	1.0	0.0	0.104639684106614		53	907	0	0	960	-0.99998195342238	top_k_tie_expanded	0.0926696011012048	average_precision_step_integral_tie_aware	higher	960	960	960	1.0	1.0	53	907	53	907	1.0	1.0	0	53		exclude_and_report_coverage_never_impute_zero	observed		14	946	6	8	0.1132075471698113	paper_absent_prediction_ranked_after_returned	0.548296046720575
GSE136831	209I	GSE136831_209I_IPF_8cell	GSE136831_209I_IPF_8cell	H-common	H-common_representable	CellChat p-value	0.4659462045724033	0.096860195621988	0.0416666666666666	0.3396226415094339	0.5435501653803748	0.0742268041237113	-0.0536323326277333	18	414	493	35	432	-1.0	top_k_tie_expanded	0.096860195621988	average_precision_step_integral_tie_aware	higher	960	960	960	1.0	1.0	53	907	53	907	1.0	1.0	0	53		exclude_and_report_coverage_never_impute_zero	observed		432	528	18	414	0.3396226415094339	paper_absent_prediction_ranked_after_returned	0.5323875772241337
GSE136831	209I	GSE136831_209I_IPF_8cell	GSE136831_209I_IPF_8cell	H-common	H-common_representable	CellPhoneDB composite	0.5845312142455951	0.1056470107925949	0.0552083333333333	1.0	0.0	0.104639684106614		53	907	0	0	960	-0.9137724190950394	top_k_tie_expanded	0.1056470107925949	average_precision_step_integral_tie_aware	higher	960	960	960	1.0	1.0	53	907	53	907	1.0	1.0	0	53		exclude_and_report_coverage_never_impute_zero	observed		27	933	10	17	0.1886792452830188	paper_absent_prediction_ranked_after_returned	0.5777344338051885
GSE136831	209I	GSE136831_209I_IPF_8cell	GSE136831_209I_IPF_8cell	H-common	H-common_representable	CellPhoneDB p-value	0.4805496037111772	0.1108678371767994	0.0416666666666666	0.3396226415094339	0.5435501653803748	0.0742268041237113	-0.0536323326277333	18	414	493	35	432	-1.0	top_k_tie_expanded	0.1108678371767994	average_precision_step_integral_tie_aware	higher	960	960	960	1.0	1.0	53	907	53	907	1.0	1.0	0	53		exclude_and_report_coverage_never_impute_zero	observed		432	528	18	414	0.3396226415094339	paper_absent_prediction_ranked_after_returned	0.5712767784053537
GSE136831	209I	GSE136831_209I_IPF_8cell	GSE136831_209I_IPF_8cell	H-common	H-common_representable	Connectome specificity	0.4798215140105261	0.1083328738871191	0.0416666666666666	0.3396226415094339	0.5435501653803748	0.0742268041237113	-0.0536323326277333	18	414	493	35	432	-1.3480722240439615	top_k_tie_expanded	0.1083328738871191	average_precision_step_integral_tie_aware	higher	960	960	960	1.0	1.0	53	907	53	907	1.0	1.0	0	53		exclude_and_report_coverage_never_impute_zero	observed		432	528	18	414	0.3396226415094339	paper_absent_prediction_ranked_after_returned	0.5660273344119289
GSE136831	209I	GSE136831_209I_IPF_8cell	GSE136831_209I_IPF_8cell	H-common	H-common_representable	LIANA magnitude consensus	0.4795926858188928	0.1022163174875439	0.0416666666666666	0.3396226415094339	0.5435501653803748	0.0742268041237113	-0.0536323326277333	18	414	493	35	432	-1.0	top_k_tie_expanded	0.1022163174875439	average_precision_step_integral_tie_aware	higher	960	960	960	1.0	1.0	53	907	53	907	1.0	1.0	0	53		exclude_and_report_coverage_never_impute_zero	observed		432	528	18	414	0.3396226415094339	paper_absent_prediction_ranked_after_returned	0.5637816287633918
GSE136831	209I	GSE136831_209I_IPF_8cell	GSE136831_209I_IPF_8cell	H-common	H-common_representable	LIANA specificity consensus	0.4802063614237274	0.1115452459656935	0.0416666666666666	0.3396226415094339	0.5435501653803748	0.0742268041237113	-0.0536323326277333	18	414	493	35	432	-1.0	top_k_tie_expanded	0.1115452459656935	average_precision_step_integral_tie_aware	higher	960	960	960	1.0	1.0	53	907	53	907	1.0	1.0	0	53		exclude_and_report_coverage_never_impute_zero	observed		432	528	18	414	0.3396226415094339	paper_absent_prediction_ranked_after_returned	0.5703609080433523
GSE136831	209I	GSE136831_209I_IPF_8cell	GSE136831_209I_IPF_8cell	H-common	H-common_representable	NATMI specificity	0.4805079985854257	0.1335856800010458	0.0416666666666666	0.3396226415094339	0.5435501653803748	0.0742268041237113	-0.0536323326277333	18	414	493	35	432	0.0013601698447018	top_k_tie_expanded	0.1335856800010458	average_precision_step_integral_tie_aware	higher	960	960	960	1.0	1.0	53	907	53	907	1.0	1.0	0	53		exclude_and_report_coverage_never_impute_zero	observed		432	528	18	414	0.3396226415094339	paper_absent_prediction_ranked_after_returned	0.5735242062603815
GSE136831	209I	GSE136831_209I_IPF_8cell	GSE136831_209I_IPF_8cell	H-common	H-common_representable	SingleCellSignalR LRscore	0.5783424517900605	0.1040599071106424	0.0552083333333333	1.0	0.0	0.104639684106614		53	907	0	0	960	-0.4927507042884826	top_k_tie_expanded	0.1040599071106424	average_precision_step_integral_tie_aware	higher	960	960	960	1.0	1.0	53	907	53	907	1.0	1.0	0	53		exclude_and_report_coverage_never_impute_zero	observed		40	920	10	30	0.1886792452830188	paper_absent_prediction_ranked_after_returned	0.5773785082841687
GSE136831	209I	GSE136831_209I_IPF_8cell	GSE136831_209I_IPF_8cell	H-common	H-common_representable	logFC specificity	0.4796342909446444	0.0999141323879839	0.0416666666666666	0.3396226415094339	0.5435501653803748	0.0742268041237113	-0.0536323326277333	18	414	493	35	432	-2.032421827316284	top_k_tie_expanded	0.0999141323879839	average_precision_step_integral_tie_aware	higher	960	960	960	1.0	1.0	53	907	53	907	1.0	1.0	0	53		exclude_and_report_coverage_never_impute_zero	observed		432	528	18	414	0.3396226415094339	paper_absent_prediction_ranked_after_returned	0.564862278997568
GSE136831	210I	GSE136831_210I_IPF_8cell	GSE136831_210I_IPF_8cell	H-common	H-common_representable	CRYCHIC availability-state	0.451457219529446	0.0573113207547169	0.0188679245283018	0.0188679245283018	0.9426681367144432	0.0188679245283018	-0.0384639387572548	1	52	855	52	53	1.7617604707663437e-05	top_k_tie_expanded	0.0573113207547169	average_precision_step_integral_tie_aware	higher	960	960	960	1.0	1.0	53	907	53	907	1.0	1.0	0	53		exclude_and_report_coverage_never_impute_zero	observed		108	852	1	107	0.0188679245283018	paper_absent_prediction_ranked_after_returned	0.5066037735849056
GSE136831	210I	GSE136831_210I_IPF_8cell	GSE136831_210I_IPF_8cell	H-common	H-common_representable	CellChat composite	0.5	0.0552083333333333	0.0552083333333333	1.0	0.0	0.104639684106614		53	907	0	0	960	-0.9987078931974486	top_k_tie_expanded	0.0552083333333333	average_precision_step_integral_tie_aware	higher	960	960	960	1.0	1.0	53	907	53	907	1.0	1.0	0	53		exclude_and_report_coverage_never_impute_zero	observed		0	960	0	0	0.0	paper_absent_prediction_ranked_after_returned	0.5
GSE136831	210I	GSE136831_210I_IPF_8cell	GSE136831_210I_IPF_8cell	H-common	H-common_representable	CellChat p-value	0.4504482952299723	0.0543413696715583	0.0092592592592592	0.0188679245283018	0.8820286659316428	0.0124223602484472	-0.0716305852209641	1	107	800	52	108	-1.0	top_k_tie_expanded	0.0543413696715583	average_precision_step_integral_tie_aware	higher	960	960	960	1.0	1.0	53	907	53	907	1.0	1.0	0	53		exclude_and_report_coverage_never_impute_zero	observed		108	852	1	107	0.0188679245283018	paper_absent_prediction_ranked_after_returned	0.4934219962427509
GSE136831	210I	GSE136831_210I_IPF_8cell	GSE136831_210I_IPF_8cell	H-common	H-common_representable	CellPhoneDB composite	0.5077489546712155	0.0588836477987421	0.0552083333333333	1.0	0.0	0.104639684106614		53	907	0	0	960	-0.8700466454029083	top_k_tie_expanded	0.0588836477987421	average_precision_step_integral_tie_aware	higher	960	960	960	1.0	1.0	53	907	53	907	1.0	1.0	0	53		exclude_and_report_coverage_never_impute_zero	observed		4	956	1	3	0.0188679245283018	paper_absent_prediction_ranked_after_returned	0.5075157232704403
GSE136831	210I	GSE136831_210I_IPF_8cell	GSE136831_210I_IPF_8cell	H-common	H-common_representable	CellPhoneDB p-value	0.451540429780949	0.0604559748427672	0.0092592592592592	0.0188679245283018	0.8820286659316428	0.0124223602484472	-0.0716305852209641	1	107	800	52	108	-1.0	top_k_tie_expanded	0.0604559748427672	average_precision_step_integral_tie_aware	higher	960	960	960	1.0	1.0	53	907	53	907	1.0	1.0	0	53		exclude_and_report_coverage_never_impute_zero	observed		108	852	1	107	0.0188679245283018	paper_absent_prediction_ranked_after_returned	0.5086477987421384
GSE136831	210I	GSE136831_210I_IPF_8cell	GSE136831_210I_IPF_8cell	H-common	H-common_representable	Connectome specificity	0.4514988246551975	0.0588836477987421	0.0092592592592592	0.0188679245283018	0.8820286659316428	0.0124223602484472	-0.0716305852209641	1	107	800	52	108	-0.9687622368795747	top_k_tie_expanded	0.0588836477987421	average_precision_step_integral_tie_aware	higher	960	960	960	1.0	1.0	53	907	53	907	1.0	1.0	0	53		exclude_and_report_coverage_never_impute_zero	observed		108	852	1	107	0.0188679245283018	paper_absent_prediction_ranked_after_returned	0.5084591194968554
GSE136831	210I	GSE136831_210I_IPF_8cell	GSE136831_210I_IPF_8cell	H-common	H-common_representable	LIANA magnitude consensus	0.451457219529446	0.0573113207547169	0.0092592592592592	0.0188679245283018	0.8820286659316428	0.0124223602484472	-0.0716305852209641	1	107	800	52	108	-1.0	top_k_tie_expanded	0.0573113207547169	average_precision_step_integral_tie_aware	higher	960	960	960	1.0	1.0	53	907	53	907	1.0	1.0	0	53		exclude_and_report_coverage_never_impute_zero	observed		108	852	1	107	0.0188679245283018	paper_absent_prediction_ranked_after_returned	0.5065408805031447
GSE136831	210I	GSE136831_210I_IPF_8cell	GSE136831_210I_IPF_8cell	H-common	H-common_representable	LIANA specificity consensus	0.4515196272180732	0.0604559748427672	0.0092592592592592	0.0188679245283018	0.8820286659316428	0.0124223602484472	-0.0716305852209641	1	107	800	52	108	-1.0	top_k_tie_expanded	0.0604559748427672	average_precision_step_integral_tie_aware	higher	960	960	960	1.0	1.0	53	907	53	907	1.0	1.0	0	53		exclude_and_report_coverage_never_impute_zero	observed		108	852	1	107	0.0188679245283018	paper_absent_prediction_ranked_after_returned	0.5082704402515723
GSE136831	210I	GSE136831_210I_IPF_8cell	GSE136831_210I_IPF_8cell	H-common	H-common_representable	NATMI specificity	0.451540429780949	0.0636006289308176	0.0092592592592592	0.0188679245283018	0.8820286659316428	0.0124223602484472	-0.0716305852209641	1	107	800	52	108	0.0173830166459083	top_k_tie_expanded	0.0636006289308176	average_precision_step_integral_tie_aware	higher	960	960	960	1.0	1.0	53	907	53	907	1.0	1.0	0	53		exclude_and_report_coverage_never_impute_zero	observed		108	852	1	107	0.0188679245283018	paper_absent_prediction_ranked_after_returned	0.509056603773585
GSE136831	210I	GSE136831_210I_IPF_8cell	GSE136831_210I_IPF_8cell	H-common	H-common_representable	SingleCellSignalR LRscore	0.451457219529446	0.0573113207547169	0.0092592592592592	0.0188679245283018	0.8820286659316428	0.0124223602484472	-0.0716305852209641	1	107	800	52	108	0.5164994597434998	top_k_tie_expanded	0.0573113207547169	average_precision_step_integral_tie_aware	higher	960	960	960	1.0	1.0	53	907	53	907	1.0	1.0	0	53		exclude_and_report_coverage_never_impute_zero	observed		108	852	1	107	0.0188679245283018	paper_absent_prediction_ranked_after_returned	0.5067924528301887
GSE136831	210I	GSE136831_210I_IPF_8cell	GSE136831_210I_IPF_8cell	H-common	H-common_representable	logFC specificity	0.4515196272180732	0.0604559748427672	0.0092592592592592	0.0188679245283018	0.8820286659316428	0.0124223602484472	-0.0716305852209641	1	107	800	52	108	-1.5847766399383545	top_k_tie_expanded	0.0604559748427672	average_precision_step_integral_tie_aware	higher	960	960	960	1.0	1.0	53	907	53	907	1.0	1.0	0	53		exclude_and_report_coverage_never_impute_zero	observed		108	852	1	107	0.0188679245283018	paper_absent_prediction_ranked_after_returned	0.5083018867924528
GSE136831	212I	GSE136831_212I_IPF_8cell	GSE136831_212I_IPF_8cell	H-common	H-common_representable	CRYCHIC availability-state	0.4296977387614154	0.06937893081761	0.0555555555555555	0.0566037735849056	0.9437706725468578	0.0560747663551401	0.0003711675053906	3	51	856	50	54	0.0004900166663818	top_k_tie_expanded	0.06937893081761	average_precision_step_integral_tie_aware	higher	960	960	960	1.0	1.0	53	907	53	907	1.0	1.0	0	53		exclude_and_report_coverage_never_impute_zero	observed		192	768	3	189	0.0566037735849056	paper_absent_prediction_ranked_after_returned	0.5218647798742139
GSE136831	212I	GSE136831_212I_IPF_8cell	GSE136831_212I_IPF_8cell	H-common	H-common_representable	CellChat composite	0.5155603170310582	0.0657036163522012	0.0552083333333333	1.0	0.0	0.104639684106614		53	907	0	0	960	-0.9998548970054552	top_k_tie_expanded	0.0657036163522012	average_precision_step_integral_tie_aware	higher	960	960	960	1.0	1.0	53	907	53	907	1.0	1.0	0	53		exclude_and_report_coverage_never_impute_zero	observed		8	952	2	6	0.0377358490566037	paper_absent_prediction_ranked_after_returned	0.5172641509433963
GSE136831	212I	GSE136831_212I_IPF_8cell	GSE136831_212I_IPF_8cell	H-common	H-common_representable	CellChat p-value	0.4277943042582846	0.0597905435759209	0.015625	0.0566037735849056	0.7916207276736494	0.0244897959183673	-0.0866586706460721	3	189	718	50	192	-1.0	top_k_tie_expanded	0.0597905435759209	average_precision_step_integral_tie_aware	higher	960	960	960	1.0	1.0	53	907	53	907	1.0	1.0	0	53		exclude_and_report_coverage_never_impute_zero	observed		192	768	3	189	0.0566037735849056	paper_absent_prediction_ranked_after_returned	0.5070989523065286
GSE136831	212I	GSE136831_212I_IPF_8cell	GSE136831_212I_IPF_8cell	H-common	H-common_representable	CellPhoneDB composite	0.5233300742651494	0.0694932818753573	0.0552083333333333	1.0	0.0	0.104639684106614		53	907	0	0	960	-0.8924336954951286	top_k_tie_expanded	0.0694932818753573	average_precision_step_integral_tie_aware	higher	960	960	960	1.0	1.0	53	907	53	907	1.0	1.0	0	53		exclude_and_report_coverage_never_impute_zero	observed		12	948	3	9	0.0566037735849056	paper_absent_prediction_ranked_after_returned	0.5243867924528302
GSE136831	212I	GSE136831_212I_IPF_8cell	GSE136831_212I_IPF_8cell	H-common	H-common_representable	CellPhoneDB p-value	0.4297913502943563	0.069064465408805	0.015625	0.0566037735849056	0.7916207276736494	0.0244897959183673	-0.0866586706460721	3	189	718	50	192	-1.0	top_k_tie_expanded	0.069064465408805	average_precision_step_integral_tie_aware	higher	960	960	960	1.0	1.0	53	907	53	907	1.0	1.0	0	53		exclude_and_report_coverage_never_impute_zero	observed		192	768	3	189	0.0566037735849056	paper_absent_prediction_ranked_after_returned	0.5213679245283019
GSE136831	212I	GSE136831_212I_IPF_8cell	GSE136831_212I_IPF_8cell	H-common	H-common_representable	Connectome specificity	0.4296977387614154	0.0689092746875765	0.015625	0.0566037735849056	0.7916207276736494	0.0244897959183673	-0.0866586706460721	3	189	718	50	192	-1.1163713055891489	top_k_tie_expanded	0.0689092746875765	average_precision_step_integral_tie_aware	higher	960	960	960	1.0	1.0	53	907	53	907	1.0	1.0	0	53		exclude_and_report_coverage_never_impute_zero	observed		192	768	3	189	0.0566037735849056	paper_absent_prediction_ranked_after_returned	0.5223522012578616
GSE136831	212I	GSE136831_212I_IPF_8cell	GSE136831_212I_IPF_8cell	H-common	H-common_representable	LIANA magnitude consensus	0.4296665349171018	0.0683906109613656	0.015625	0.0566037735849056	0.7916207276736494	0.0244897959183673	-0.0866586706460721	3	189	718	50	192	-1.0	top_k_tie_expanded	0.0683906109613656	average_precision_step_integral_tie_aware	higher	960	960	960	1.0	1.0	53	907	53	907	1.0	1.0	0	53		exclude_and_report_coverage_never_impute_zero	observed		192	768	3	189	0.0566037735849056	paper_absent_prediction_ranked_after_returned	0.5242578616352201
GSE136831	212I	GSE136831_212I_IPF_8cell	GSE136831_212I_IPF_8cell	H-common	H-common_representable	LIANA specificity consensus	0.4295105156955336	0.0634040880503144	0.015625	0.0566037735849056	0.7916207276736494	0.0244897959183673	-0.0866586706460721	3	189	718	50	192	-1.0	top_k_tie_expanded	0.0634040880503144	average_precision_step_integral_tie_aware	higher	960	960	960	1.0	1.0	53	907	53	907	1.0	1.0	0	53		exclude_and_report_coverage_never_impute_zero	observed		192	768	3	189	0.0566037735849056	paper_absent_prediction_ranked_after_returned	0.5208459119496855
GSE136831	212I	GSE136831_212I_IPF_8cell	GSE136831_212I_IPF_8cell	H-common	H-common_representable	NATMI specificity	0.4296561336356639	0.0704366781017724	0.015625	0.0566037735849056	0.7916207276736494	0.0244897959183673	-0.0866586706460721	3	189	718	50	192	0.0123706115409731	top_k_tie_expanded	0.0704366781017724	average_precision_step_integral_tie_aware	higher	960	960	960	1.0	1.0	53	907	53	907	1.0	1.0	0	53		exclude_and_report_coverage_never_impute_zero	observed		192	768	3	189	0.0566037735849056	paper_absent_prediction_ranked_after_returned	0.5235408805031446
GSE136831	212I	GSE136831_212I_IPF_8cell	GSE136831_212I_IPF_8cell	H-common	H-common_representable	SingleCellSignalR LRscore	0.4296769361985396	0.0699629380053908	0.015625	0.0566037735849056	0.7916207276736494	0.0244897959183673	-0.0866586706460721	3	189	718	50	192	0.510657012462616	top_k_tie_expanded	0.0699629380053908	average_precision_step_integral_tie_aware	higher	960	960	960	1.0	1.0	53	907	53	907	1.0	1.0	0	53		exclude_and_report_coverage_never_impute_zero	observed		192	768	3	189	0.0566037735849056	paper_absent_prediction_ranked_after_returned	0.5234685534591196
GSE136831	212I	GSE136831_212I_IPF_8cell	GSE136831_212I_IPF_8cell	H-common	H-common_representable	logFC specificity	0.4295521208212852	0.0654758601553829	0.015625	0.0566037735849056	0.7916207276736494	0.0244897959183673	-0.0866586706460721	3	189	718	50	192	-1.636265516281128	top_k_tie_expanded	0.0654758601553829	average_precision_step_integral_tie_aware	higher	960	960	960	1.0	1.0	53	907	53	907	1.0	1.0	0	53		exclude_and_report_coverage_never_impute_zero	observed		192	768	3	189	0.0566037735849056	paper_absent_prediction_ranked_after_returned	0.520993710691824
GSE136831	214I	GSE136831_214I_IPF_8cell	GSE136831_214I_IPF_8cell	H-common	H-common_representable	CRYCHIC availability-state	0.4732999105489796	0.0709512578616352	0.0277777777777777	0.0566037735849056	0.8842337375964718	0.0372670807453416	-0.0427618355097443	3	105	802	50	108	0.0	top_k_tie_expanded	0.0709512578616352	average_precision_step_integral_tie_aware	higher	960	960	960	1.0	1.0	53	907	53	907	1.0	1.0	0	53		exclude_and_report_coverage_never_impute_zero	observed		108	852	3	105	0.0566037735849056	paper_absent_prediction_ranked_after_returned	0.5228441150044923
GSE136831	214I	GSE136831_214I_IPF_8cell	GSE136831_214I_IPF_8cell	H-common	H-common_representable	CellChat composite	0.507790559796967	0.0636006289308176	0.0552083333333333	1.0	0.0	0.104639684106614		53	907	0	0	960	-0.9998867885902238	top_k_tie_expanded	0.0636006289308176	average_precision_step_integral_tie_aware	higher	960	960	960	1.0	1.0	53	907	53	907	1.0	1.0	0	53		exclude_and_report_coverage_never_impute_zero	observed		4	956	1	3	0.0188679245283018	paper_absent_prediction_ranked_after_returned	0.5087735849056604
GSE136831	214I	GSE136831_214I_IPF_8cell	GSE136831_214I_IPF_8cell	H-common	H-common_representable	CellChat p-value	0.4714172786087246	0.0578485324947589	0.0277777777777777	0.0566037735849056	0.8842337375964718	0.0372670807453416	-0.0427618355097443	3	105	802	50	108	-1.0	top_k_tie_expanded	0.0578485324947589	average_precision_step_integral_tie_aware	higher	960	960	960	1.0	1.0	53	907	53	907	1.0	1.0	0	53		exclude_and_report_coverage_never_impute_zero	observed		108	852	3	105	0.0566037735849056	paper_absent_prediction_ranked_after_returned	0.5021708700104928
GSE136831	214I	GSE136831_214I_IPF_8cell	GSE136831_214I_IPF_8cell	H-common	H-common_representable	CellPhoneDB composite	0.5140105260968151	0.0688482704402515	0.0552083333333333	1.0	0.0	0.104639684106614		53	907	0	0	960	-0.8690471351146698	top_k_tie_expanded	0.0688482704402515	average_precision_step_integral_tie_aware	higher	960	960	960	1.0	1.0	53	907	53	907	1.0	1.0	0	53		exclude_and_report_coverage_never_impute_zero	observed		11	949	2	9	0.0377358490566037	paper_absent_prediction_ranked_after_returned	0.5171383647798743
GSE136831	214I	GSE136831_214I_IPF_8cell	GSE136831_214I_IPF_8cell	H-common	H-common_representable	CellPhoneDB p-value	0.4723741965010089	0.0620414046121593	0.0277777777777777	0.0566037735849056	0.8842337375964718	0.0372670807453416	-0.0427618355097443	3	105	802	50	108	-1.0	top_k_tie_expanded	0.0620414046121593	average_precision_step_integral_tie_aware	higher	960	960	960	1.0	1.0	53	907	53	907	1.0	1.0	0	53		exclude_and_report_coverage_never_impute_zero	observed		108	852	3	105	0.0566037735849056	paper_absent_prediction_ranked_after_returned	0.513094085160123
GSE136831	214I	GSE136831_214I_IPF_8cell	GSE136831_214I_IPF_8cell	H-common	H-common_representable	Connectome specificity	0.4723013875309438	0.0617718628331835	0.0277777777777777	0.0566037735849056	0.8842337375964718	0.0372670807453416	-0.0427618355097443	3	105	802	50	108	-0.6987393166956226	top_k_tie_expanded	0.0617718628331835	average_precision_step_integral_tie_aware	higher	960	960	960	1.0	1.0	53	907	53	907	1.0	1.0	0	53		exclude_and_report_coverage_never_impute_zero	observed		108	852	3	105	0.0566037735849056	paper_absent_prediction_ranked_after_returned	0.511318204594148
GSE136831	214I	GSE136831_214I_IPF_8cell	GSE136831_214I_IPF_8cell	H-common	H-common_representable	LIANA magnitude consensus	0.4724054003453225	0.0683307127882599	0.0277777777777777	0.0566037735849056	0.8842337375964718	0.0372670807453416	-0.0427618355097443	3	105	802	50	108	-1.0	top_k_tie_expanded	0.0683307127882599	average_precision_step_integral_tie_aware	higher	960	960	960	1.0	1.0	53	907	53	907	1.0	1.0	0	53		exclude_and_report_coverage_never_impute_zero	observed		108	852	3	105	0.0566037735849056	paper_absent_prediction_ranked_after_returned	0.5149127036485528
GSE136831	214I	GSE136831_214I_IPF_8cell	GSE136831_214I_IPF_8cell	H-common	H-common_representable	LIANA specificity consensus	0.4722597824051923	0.0605738993710691	0.0277777777777777	0.0566037735849056	0.8842337375964718	0.0372670807453416	-0.0427618355097443	3	105	802	50	108	-1.0	top_k_tie_expanded	0.0605738993710691	average_precision_step_integral_tie_aware	higher	960	960	960	1.0	1.0	53	907	53	907	1.0	1.0	0	53		exclude_and_report_coverage_never_impute_zero	observed		108	852	3	105	0.0566037735849056	paper_absent_prediction_ranked_after_returned	0.510867275805955
GSE136831	214I	GSE136831_214I_IPF_8cell	GSE136831_214I_IPF_8cell	H-common	H-common_representable	NATMI specificity	0.4722909862495059	0.0611429320155735	0.0277777777777777	0.0566037735849056	0.8842337375964718	0.0372670807453416	-0.0427618355097443	3	105	802	50	108	0.0128338383510708	top_k_tie_expanded	0.0611429320155735	average_precision_step_integral_tie_aware	higher	960	960	960	1.0	1.0	53	907	53	907	1.0	1.0	0	53		exclude_and_report_coverage_never_impute_zero	observed		108	852	3	105	0.0566037735849056	paper_absent_prediction_ranked_after_returned	0.5117857928235288
GSE136831	214I	GSE136831_214I_IPF_8cell	GSE136831_214I_IPF_8cell	H-common	H-common_representable	SingleCellSignalR LRscore	0.4724054003453225	0.0683307127882599	0.0277777777777777	0.0566037735849056	0.8842337375964718	0.0372670807453416	-0.0427618355097443	3	105	802	50	108	0.50471031665802	top_k_tie_expanded	0.0683307127882599	average_precision_step_integral_tie_aware	higher	960	960	960	1.0	1.0	53	907	53	907	1.0	1.0	0	53		exclude_and_report_coverage_never_impute_zero	observed		108	852	3	105	0.0566037735849056	paper_absent_prediction_ranked_after_returned	0.5136749696844036
GSE136831	214I	GSE136831_214I_IPF_8cell	GSE136831_214I_IPF_8cell	H-common	H-common_representable	logFC specificity	0.4722909862495059	0.0626703354297694	0.0277777777777777	0.0566037735849056	0.8842337375964718	0.0372670807453416	-0.0427618355097443	3	105	802	50	108	-1.5006401538848877	top_k_tie_expanded	0.0626703354297694	average_precision_step_integral_tie_aware	higher	960	960	960	1.0	1.0	53	907	53	907	1.0	1.0	0	53		exclude_and_report_coverage_never_impute_zero	observed		108	852	3	105	0.0566037735849056	paper_absent_prediction_ranked_after_returned	0.5119681230718967
GSE136831	221I	GSE136831_221I_IPF_8cell	GSE136831_221I_IPF_8cell	H-common	H-common_representable	CRYCHIC availability-state	0.4817873562022841	0.1144145149206702	0.1886792452830188	0.1886792452830188	0.9525909592061742	0.1886792452830188	0.141270204489193	10	43	864	43	53	0.0128542184793596	top_k_tie_expanded	0.1144145149206702	average_precision_step_integral_tie_aware	higher	960	960	960	1.0	1.0	53	907	53	907	1.0	1.0	0	53		exclude_and_report_coverage_never_impute_zero	observed		432	528	18	414	0.3396226415094339	paper_absent_prediction_ranked_after_returned	0.5800071066441479
GSE136831	221I	GSE136831_221I_IPF_8cell	GSE136831_221I_IPF_8cell	H-common	H-common_representable	CellChat composite	0.5171933182168044	0.0688482704402515	0.0552083333333333	1.0	0.0	0.104639684106614		53	907	0	0	960	-0.9999192347015934	top_k_tie_expanded	0.0688482704402515	average_precision_step_integral_tie_aware	higher	960	960	960	1.0	1.0	53	907	53	907	1.0	1.0	0	53		exclude_and_report_coverage_never_impute_zero	observed		5	955	2	3	0.0377358490566037	paper_absent_prediction_ranked_after_returned	0.5176100628930819
GSE136831	221I	GSE136831_221I_IPF_8cell	GSE136831_221I_IPF_8cell	H-common	H-common_representable	CellChat p-value	0.4496057914335046	0.0613011006289308	0.0416666666666666	0.3396226415094339	0.5435501653803748	0.0742268041237113	-0.0536323326277333	18	414	493	35	432	-1.0	top_k_tie_expanded	0.0613011006289308	average_precision_step_integral_tie_aware	higher	960	960	960	1.0	1.0	53	907	53	907	1.0	1.0	0	53		exclude_and_report_coverage_never_impute_zero	observed		432	528	18	414	0.3396226415094339	paper_absent_prediction_ranked_after_returned	0.4953119662914554
GSE136831	221I	GSE136831_221I_IPF_8cell	GSE136831_221I_IPF_8cell	H-common	H-common_representable	CellPhoneDB composite	0.5673899024359801	0.1103294495701181	0.0552083333333333	1.0	0.0	0.104639684106614		53	907	0	0	960	-0.8614645302295685	top_k_tie_expanded	0.1103294495701181	average_precision_step_integral_tie_aware	higher	960	960	960	1.0	1.0	53	907	53	907	1.0	1.0	0	53		exclude_and_report_coverage_never_impute_zero	observed		23	937	8	15	0.1509433962264151	paper_absent_prediction_ranked_after_returned	0.5665623281330827
GSE136831	221I	GSE136831_221I_IPF_8cell	GSE136831_221I_IPF_8cell	H-common	H-common_representable	CellPhoneDB p-value	0.4726862349441451	0.0995488068011652	0.0416666666666666	0.3396226415094339	0.5435501653803748	0.0742268041237113	-0.0536323326277333	18	414	493	35	432	-1.0	top_k_tie_expanded	0.0995488068011652	average_precision_step_integral_tie_aware	higher	960	960	960	1.0	1.0	53	907	53	907	1.0	1.0	0	53		exclude_and_report_coverage_never_impute_zero	observed		432	528	18	414	0.3396226415094339	paper_absent_prediction_ranked_after_returned	0.5484204215713897
GSE136831	221I	GSE136831_221I_IPF_8cell	GSE136831_221I_IPF_8cell	H-common	H-common_representable	Connectome specificity	0.4723533939381332	0.1000891382377231	0.0416666666666666	0.3396226415094339	0.5435501653803748	0.0742268041237113	-0.0536323326277333	18	414	493	35	432	-1.151023278976664	top_k_tie_expanded	0.1000891382377231	average_precision_step_integral_tie_aware	higher	960	960	960	1.0	1.0	53	907	53	907	1.0	1.0	0	53		exclude_and_report_coverage_never_impute_zero	observed		432	528	18	414	0.3396226415094339	paper_absent_prediction_ranked_after_returned	0.5492339934234952
GSE136831	221I	GSE136831_221I_IPF_8cell	GSE136831_221I_IPF_8cell	H-common	H-common_representable	LIANA magnitude consensus	0.4727278400698966	0.1070171770053845	0.0416666666666666	0.3396226415094339	0.5435501653803748	0.0742268041237113	-0.0536323326277333	18	414	493	35	432	-1.0	top_k_tie_expanded	0.1070171770053845	average_precision_step_integral_tie_aware	higher	960	960	960	1.0	1.0	53	907	53	907	1.0	1.0	0	53		exclude_and_report_coverage_never_impute_zero	observed		432	528	18	414	0.3396226415094339	paper_absent_prediction_ranked_after_returned	0.5530180505824291
GSE136831	221I	GSE136831_221I_IPF_8cell	GSE136831_221I_IPF_8cell	H-common	H-common_representable	LIANA specificity consensus	0.4723845977824468	0.095013221841052	0.0416666666666666	0.3396226415094339	0.5435501653803748	0.0742268041237113	-0.0536323326277333	18	414	493	35	432	-1.0	top_k_tie_expanded	0.095013221841052	average_precision_step_integral_tie_aware	higher	960	960	960	1.0	1.0	53	907	53	907	1.0	1.0	0	53		exclude_and_report_coverage_never_impute_zero	observed		432	528	18	414	0.3396226415094339	paper_absent_prediction_ranked_after_returned	0.5497549961589447
GSE136831	221I	GSE136831_221I_IPF_8cell	GSE136831_221I_IPF_8cell	H-common	H-common_representable	NATMI specificity	0.4724366041896362	0.0951324629111372	0.0416666666666666	0.3396226415094339	0.5435501653803748	0.0742268041237113	-0.0536323326277333	18	414	493	35	432	0.0059980670921504	top_k_tie_expanded	0.0951324629111372	average_precision_step_integral_tie_aware	higher	960	960	960	1.0	1.0	53	907	53	907	1.0	1.0	0	53		exclude_and_report_coverage_never_impute_zero	observed		432	528	18	414	0.3396226415094339	paper_absent_prediction_ranked_after_returned	0.5496725193231791
GSE136831	221I	GSE136831_221I_IPF_8cell	GSE136831_221I_IPF_8cell	H-common	H-common_representable	SingleCellSignalR LRscore	0.4727278400698966	0.1070171770053845	0.0416666666666666	0.3396226415094339	0.5435501653803748	0.0742268041237113	-0.0536323326277333	18	414	493	35	432	0.5308870077133179	top_k_tie_expanded	0.1070171770053845	average_precision_step_integral_tie_aware	higher	960	960	960	1.0	1.0	53	907	53	907	1.0	1.0	0	53		exclude_and_report_coverage_never_impute_zero	observed		432	528	18	414	0.3396226415094339	paper_absent_prediction_ranked_after_returned	0.5528599359216203
GSE136831	221I	GSE136831_221I_IPF_8cell	GSE136831_221I_IPF_8cell	H-common	H-common_representable	logFC specificity	0.4718957375548667	0.0907061121094139	0.0416666666666666	0.3396226415094339	0.5435501653803748	0.0742268041237113	-0.0536323326277333	18	414	493	35	432	-1.6068435907363892	top_k_tie_expanded	0.0907061121094139	average_precision_step_integral_tie_aware	higher	960	960	960	1.0	1.0	53	907	53	907	1.0	1.0	0	53		exclude_and_report_coverage_never_impute_zero	observed		432	528	18	414	0.3396226415094339	paper_absent_prediction_ranked_after_returned	0.5479141834837312
GSE136831	222I	GSE136831_222I_IPF_8cell	GSE136831_222I_IPF_8cell	H-common	H-common_representable	CRYCHIC availability-state	0.5494788957999626	0.2153658768416839	0.2830188679245283	0.2830188679245283	0.958103638368247	0.2830188679245283	0.2411225062927752	15	38	869	38	53	0.0224632378892027	top_k_tie_expanded	0.2153658768416839	average_precision_step_integral_tie_aware	higher	960	960	960	1.0	1.0	53	907	53	907	1.0	1.0	0	53		exclude_and_report_coverage_never_impute_zero	observed		588	372	29	559	0.5471698113207547	paper_absent_prediction_ranked_after_returned	0.6521924872607421
GSE136831	222I	GSE136831_222I_IPF_8cell	GSE136831_222I_IPF_8cell	H-common	H-common_representable	CellChat composite	0.5712695804123068	0.1409124091317487	0.0552083333333333	1.0	0.0	0.104639684106614		53	907	0	0	960	-0.999978198561158	top_k_tie_expanded	0.1409124091317487	average_precision_step_integral_tie_aware	higher	960	960	960	1.0	1.0	53	907	53	907	1.0	1.0	0	53		exclude_and_report_coverage_never_impute_zero	observed		16	944	8	8	0.1509433962264151	paper_absent_prediction_ranked_after_returned	0.5726356693620843
GSE136831	222I	GSE136831_222I_IPF_8cell	GSE136831_222I_IPF_8cell	H-common	H-common_representable	CellChat p-value	0.5095275737970918	0.1200134770889487	0.0493197278911564	0.5471698113207547	0.3836824696802646	0.0904836193447738	-0.0324159910522674	29	559	348	24	588	-1.0	top_k_tie_expanded	0.1200134770889487	average_precision_step_integral_tie_aware	higher	960	960	960	1.0	1.0	53	907	53	907	1.0	1.0	0	53		exclude_and_report_coverage_never_impute_zero	observed		588	372	29	559	0.5471698113207547	paper_absent_prediction_ranked_after_returned	0.5600281404631894
GSE136831	222I	GSE136831_222I_IPF_8cell	GSE136831_222I_IPF_8cell	H-common	H-common_representable	CellPhoneDB composite	0.6197499531942335	0.1474382277220133	0.0552083333333333	1.0	0.0	0.104639684106614		53	907	0	0	960	-0.9022975042462348	top_k_tie_expanded	0.1474382277220133	average_precision_step_integral_tie_aware	higher	960	960	960	1.0	1.0	53	907	53	907	1.0	1.0	0	53		exclude_and_report_coverage_never_impute_zero	observed		37	923	14	23	0.2641509433962264	paper_absent_prediction_ranked_after_returned	0.613207350337352
GSE136831	222I	GSE136831_222I_IPF_8cell	GSE136831_222I_IPF_8cell	H-common	H-common_representable	CellPhoneDB p-value	0.5398057040627405	0.1402902670502163	0.0493197278911564	0.5471698113207547	0.3836824696802646	0.0904836193447738	-0.0324159910522674	29	559	348	24	588	-1.0	top_k_tie_expanded	0.1402902670502163	average_precision_step_integral_tie_aware	higher	960	960	960	1.0	1.0	53	907	53	907	1.0	1.0	0	53		exclude_and_report_coverage_never_impute_zero	observed		588	372	29	559	0.5471698113207547	paper_absent_prediction_ranked_after_returned	0.603704715652903
GSE136831	222I	GSE136831_222I_IPF_8cell	GSE136831_222I_IPF_8cell	H-common	H-common_representable	Connectome specificity	0.5395040669010422	0.1594497959358394	0.0493197278911564	0.5471698113207547	0.3836824696802646	0.0904836193447738	-0.0324159910522674	29	559	348	24	588	-1.091451252644872	top_k_tie_expanded	0.1594497959358394	average_precision_step_integral_tie_aware	higher	960	960	960	1.0	1.0	53	907	53	907	1.0	1.0	0	53		exclude_and_report_coverage_never_impute_zero	observed		588	372	29	559	0.5471698113207547	paper_absent_prediction_ranked_after_returned	0.6059631428088723
GSE136831	222I	GSE136831_222I_IPF_8cell	GSE136831_222I_IPF_8cell	H-common	H-common_representable	LIANA magnitude consensus	0.5394416592124149	0.1465792435681781	0.0493197278911564	0.5471698113207547	0.3836824696802646	0.0904836193447738	-0.0324159910522674	29	559	348	24	588	-1.0	top_k_tie_expanded	0.1465792435681781	average_precision_step_integral_tie_aware	higher	960	960	960	1.0	1.0	53	907	53	907	1.0	1.0	0	53		exclude_and_report_coverage_never_impute_zero	observed		588	372	29	559	0.5471698113207547	paper_absent_prediction_ranked_after_returned	0.6071134069380894
GSE136831	222I	GSE136831_222I_IPF_8cell	GSE136831_222I_IPF_8cell	H-common	H-common_representable	LIANA specificity consensus	0.5393480476794741	0.1473475203966169	0.0493197278911564	0.5471698113207547	0.3836824696802646	0.0904836193447738	-0.0324159910522674	29	559	348	24	588	-1.0	top_k_tie_expanded	0.1473475203966169	average_precision_step_integral_tie_aware	higher	960	960	960	1.0	1.0	53	907	53	907	1.0	1.0	0	53		exclude_and_report_coverage_never_impute_zero	observed		588	372	29	559	0.5471698113207547	paper_absent_prediction_ranked_after_returned	0.6076948133359645
GSE136831	222I	GSE136831_222I_IPF_8cell	GSE136831_222I_IPF_8cell	H-common	H-common_representable	NATMI specificity	0.5395664745896694	0.1478073794246056	0.0493197278911564	0.5471698113207547	0.3836824696802646	0.0904836193447738	-0.0324159910522674	29	559	348	24	588	0.0021955645643174	top_k_tie_expanded	0.1478073794246056	average_precision_step_integral_tie_aware	higher	960	960	960	1.0	1.0	53	907	53	907	1.0	1.0	0	53		exclude_and_report_coverage_never_impute_zero	observed		588	372	29	559	0.5471698113207547	paper_absent_prediction_ranked_after_returned	0.6114244997895344
GSE136831	222I	GSE136831_222I_IPF_8cell	GSE136831_222I_IPF_8cell	H-common	H-common_representable	SingleCellSignalR LRscore	0.539524869463918	0.1481601378832617	0.0493197278911564	0.5471698113207547	0.3836824696802646	0.0904836193447738	-0.0324159910522674	29	559	348	24	588	0.5167697072029114	top_k_tie_expanded	0.1481601378832617	average_precision_step_integral_tie_aware	higher	960	960	960	1.0	1.0	53	907	53	907	1.0	1.0	0	53		exclude_and_report_coverage_never_impute_zero	observed		588	372	29	559	0.5471698113207547	paper_absent_prediction_ranked_after_returned	0.607217854939972
GSE136831	222I	GSE136831_222I_IPF_8cell	GSE136831_222I_IPF_8cell	H-common	H-common_representable	logFC specificity	0.5387551746375153	0.1472305337063658	0.0493197278911564	0.5471698113207547	0.3836824696802646	0.0904836193447738	-0.0324159910522674	29	559	348	24	588	-1.867785215377808	top_k_tie_expanded	0.1472305337063658	average_precision_step_integral_tie_aware	higher	960	960	960	1.0	1.0	53	907	53	907	1.0	1.0	0	53		exclude_and_report_coverage_never_impute_zero	observed		588	372	29	559	0.5471698113207547	paper_absent_prediction_ranked_after_returned	0.6030718701207755
GSE136831	225I	GSE136831_225I_IPF_8cell	GSE136831_225I_IPF_8cell	H-common	H-common_representable	CRYCHIC availability-state	0.5483555574046722	0.1441418581927274	0.2641509433962264	0.2641509433962264	0.9570011025358324	0.2641509433962264	0.2211520459320588	14	39	868	39	53	0.0206624665932849	top_k_tie_expanded	0.1441418581927274	average_precision_step_integral_tie_aware	higher	960	960	960	1.0	1.0	53	907	53	907	1.0	1.0	0	53		exclude_and_report_coverage_never_impute_zero	observed		588	372	29	559	0.5471698113207547	paper_absent_prediction_ranked_after_returned	0.6359454123722033
GSE136831	225I	GSE136831_225I_IPF_8cell	GSE136831_225I_IPF_8cell	H-common	H-common_representable	CellChat composite	0.5410538578352853	0.0812706161762765	0.0552083333333333	1.0	0.0	0.104639684106614		53	907	0	0	960	-0.9998766635480828	top_k_tie_expanded	0.0812706161762765	average_precision_step_integral_tie_aware	higher	960	960	960	1.0	1.0	53	907	53	907	1.0	1.0	0	53		exclude_and_report_coverage_never_impute_zero	observed		16	944	5	11	0.0943396226415094	paper_absent_prediction_ranked_after_returned	0.538115004492363
GSE136831	225I	GSE136831_225I_IPF_8cell	GSE136831_225I_IPF_8cell	H-common	H-common_representable	CellChat p-value	0.4911797133406835	0.0768145937620331	0.0493197278911564	0.5471698113207547	0.3836824696802646	0.0904836193447738	-0.0324159910522674	29	559	348	24	588	-1.0	top_k_tie_expanded	0.0768145937620331	average_precision_step_integral_tie_aware	higher	960	960	960	1.0	1.0	53	907	53	907	1.0	1.0	0	53		exclude_and_report_coverage_never_impute_zero	observed		588	372	29	559	0.5471698113207547	paper_absent_prediction_ranked_after_returned	0.525860022288475
GSE136831	225I	GSE136831_225I_IPF_8cell	GSE136831_225I_IPF_8cell	H-common	H-common_representable	CellPhoneDB composite	0.5915416779347216	0.1120322682426654	0.0552083333333333	1.0	0.0	0.104639684106614		53	907	0	0	960	-0.9028955847024918	top_k_tie_expanded	0.1120322682426654	average_precision_step_integral_tie_aware	higher	960	960	960	1.0	1.0	53	907	53	907	1.0	1.0	0	53		exclude_and_report_coverage_never_impute_zero	observed		33	927	11	22	0.2075471698113207	paper_absent_prediction_ranked_after_returned	0.58587383502242
GSE136831	225I	GSE136831_225I_IPF_8cell	GSE136831_225I_IPF_8cell	H-common	H-common_representable	CellPhoneDB p-value	0.5216242641093383	0.1109324862020279	0.0493197278911564	0.5471698113207547	0.3836824696802646	0.0904836193447738	-0.0324159910522674	29	559	348	24	588	-1.0	top_k_tie_expanded	0.1109324862020279	average_precision_step_integral_tie_aware	higher	960	960	960	1.0	1.0	53	907	53	907	1.0	1.0	0	53		exclude_and_report_coverage_never_impute_zero	observed		588	372	29	559	0.5471698113207547	paper_absent_prediction_ranked_after_returned	0.5696795274347215
GSE136831	225I	GSE136831_225I_IPF_8cell	GSE136831_225I_IPF_8cell	H-common	H-common_representable	Connectome specificity	0.5216242641093383	0.1227672211222234	0.0493197278911564	0.5471698113207547	0.3836824696802646	0.0904836193447738	-0.0324159910522674	29	559	348	24	588	-1.1720880183200628	top_k_tie_expanded	0.1227672211222234	average_precision_step_integral_tie_aware	higher	960	960	960	1.0	1.0	53	907	53	907	1.0	1.0	0	53		exclude_and_report_coverage_never_impute_zero	observed		588	372	29	559	0.5471698113207547	paper_absent_prediction_ranked_after_returned	0.5811941306473686
GSE136831	225I	GSE136831_225I_IPF_8cell	GSE136831_225I_IPF_8cell	H-common	H-common_representable	LIANA magnitude consensus	0.5210417923488174	0.1072116491136765	0.0493197278911564	0.5471698113207547	0.3836824696802646	0.0904836193447738	-0.0324159910522674	29	559	348	24	588	-1.0	top_k_tie_expanded	0.1072116491136765	average_precision_step_integral_tie_aware	higher	960	960	960	1.0	1.0	53	907	53	907	1.0	1.0	0	53		exclude_and_report_coverage_never_impute_zero	observed		588	372	29	559	0.5471698113207547	paper_absent_prediction_ranked_after_returned	0.5716887170841235
GSE136831	225I	GSE136831_225I_IPF_8cell	GSE136831_225I_IPF_8cell	H-common	H-common_representable	LIANA specificity consensus	0.5218530923009714	0.1168221106587416	0.0493197278911564	0.5471698113207547	0.3836824696802646	0.0904836193447738	-0.0324159910522674	29	559	348	24	588	-1.0	top_k_tie_expanded	0.1168221106587416	average_precision_step_integral_tie_aware	higher	960	960	960	1.0	1.0	53	907	53	907	1.0	1.0	0	53		exclude_and_report_coverage_never_impute_zero	observed		588	372	29	559	0.5471698113207547	paper_absent_prediction_ranked_after_returned	0.5770507260314293
GSE136831	225I	GSE136831_225I_IPF_8cell	GSE136831_225I_IPF_8cell	H-common	H-common_representable	NATMI specificity	0.5217906846123442	0.1322979546058113	0.0493197278911564	0.5471698113207547	0.3836824696802646	0.0904836193447738	-0.0324159910522674	29	559	348	24	588	0.0025343992747366	top_k_tie_expanded	0.1322979546058113	average_precision_step_integral_tie_aware	higher	960	960	960	1.0	1.0	53	907	53	907	1.0	1.0	0	53		exclude_and_report_coverage_never_impute_zero	observed		588	372	29	559	0.5471698113207547	paper_absent_prediction_ranked_after_returned	0.5771215606868673
GSE136831	225I	GSE136831_225I_IPF_8cell	GSE136831_225I_IPF_8cell	H-common	H-common_representable	SingleCellSignalR LRscore	0.5882548730003536	0.1112798248743848	0.0552083333333333	1.0	0.0	0.104639684106614		53	907	0	0	960	-0.488061785697937	top_k_tie_expanded	0.1112798248743848	average_precision_step_integral_tie_aware	higher	960	960	960	1.0	1.0	53	907	53	907	1.0	1.0	0	53		exclude_and_report_coverage_never_impute_zero	observed		40	920	11	29	0.2075471698113207	paper_absent_prediction_ranked_after_returned	0.5846099812137548
GSE136831	225I	GSE136831_225I_IPF_8cell	GSE136831_225I_IPF_8cell	H-common	H-common_representable	logFC specificity	0.5210625949116932	0.1036545372274497	0.0493197278911564	0.5471698113207547	0.3836824696802646	0.0904836193447738	-0.0324159910522674	29	559	348	24	588	-2.192491054534912	top_k_tie_expanded	0.1036545372274497	average_precision_step_integral_tie_aware	higher	960	960	960	1.0	1.0	53	907	53	907	1.0	1.0	0	53		exclude_and_report_coverage_never_impute_zero	observed		588	372	29	559	0.5471698113207547	paper_absent_prediction_ranked_after_returned	0.5693960297630841
GSE136831	228I	GSE136831_228I_IPF_8cell	GSE136831_228I_IPF_8cell	H-common	H-common_representable	CRYCHIC availability-state	0.4809240498429406	0.1298490889233832	0.1886792452830188	0.1886792452830188	0.9525909592061742	0.1886792452830188	0.141270204489193	10	43	864	43	53	0.0153769482450951	top_k_tie_expanded	0.1298490889233832	average_precision_step_integral_tie_aware	higher	960	960	960	1.0	1.0	53	907	53	907	1.0	1.0	0	53		exclude_and_report_coverage_never_impute_zero	observed		432	528	18	414	0.3396226415094339	paper_absent_prediction_ranked_after_returned	0.5786895528436594
GSE136831	228I	GSE136831_228I_IPF_8cell	GSE136831_228I_IPF_8cell	H-common	H-common_representable	CellChat composite	0.5443406627696532	0.095822102425876	0.0552083333333333	1.0	0.0	0.104639684106614		53	907	0	0	960	-0.999835900190497	top_k_tie_expanded	0.095822102425876	average_precision_step_integral_tie_aware	higher	960	960	960	1.0	1.0	53	907	53	907	1.0	1.0	0	53		exclude_and_report_coverage_never_impute_zero	observed		10	950	5	5	0.0943396226415094	paper_absent_prediction_ranked_after_returned	0.5426082659478887
GSE136831	228I	GSE136831_228I_IPF_8cell	GSE136831_228I_IPF_8cell	H-common	H-common_representable	CellChat p-value	0.4621809406918932	0.0938482704402515	0.0416666666666666	0.3396226415094339	0.5435501653803748	0.0742268041237113	-0.0536323326277333	18	414	493	35	432	-1.0	top_k_tie_expanded	0.0938482704402515	average_precision_step_integral_tie_aware	higher	960	960	960	1.0	1.0	53	907	53	907	1.0	1.0	0	53		exclude_and_report_coverage_never_impute_zero	observed		432	528	18	414	0.3396226415094339	paper_absent_prediction_ranked_after_returned	0.5260215539803909
GSE136831	228I	GSE136831_228I_IPF_8cell	GSE136831_228I_IPF_8cell	H-common	H-common_representable	CellPhoneDB composite	0.5665890037652639	0.1067299659255155	0.0552083333333333	1.0	0.0	0.104639684106614		53	907	0	0	960	-0.9014849811792374	top_k_tie_expanded	0.1067299659255155	average_precision_step_integral_tie_aware	higher	960	960	960	1.0	1.0	53	907	53	907	1.0	1.0	0	53		exclude_and_report_coverage_never_impute_zero	observed		24	936	8	16	0.1509433962264151	paper_absent_prediction_ranked_after_returned	0.5633593958452449
GSE136831	228I	GSE136831_228I_IPF_8cell	GSE136831_228I_IPF_8cell	H-common	H-common_representable	CellPhoneDB p-value	0.4723221900938195	0.0949078821438337	0.0416666666666666	0.3396226415094339	0.5435501653803748	0.0742268041237113	-0.0536323326277333	18	414	493	35	432	-1.0	top_k_tie_expanded	0.0949078821438337	average_precision_step_integral_tie_aware	higher	960	960	960	1.0	1.0	53	907	53	907	1.0	1.0	0	53		exclude_and_report_coverage_never_impute_zero	observed		432	528	18	414	0.3396226415094339	paper_absent_prediction_ranked_after_returned	0.5460468560717555
GSE136831	228I	GSE136831_228I_IPF_8cell	GSE136831_228I_IPF_8cell	H-common	H-common_representable	Connectome specificity	0.4716669093632336	0.104404869676096	0.0416666666666666	0.3396226415094339	0.5435501653803748	0.0742268041237113	-0.0536323326277333	18	414	493	35	432	-0.9755971963043718	top_k_tie_expanded	0.104404869676096	average_precision_step_integral_tie_aware	higher	960	960	960	1.0	1.0	53	907	53	907	1.0	1.0	0	53		exclude_and_report_coverage_never_impute_zero	observed		432	528	18	414	0.3396226415094339	paper_absent_prediction_ranked_after_returned	0.5490068621798361
GSE136831	228I	GSE136831_228I_IPF_8cell	GSE136831_228I_IPF_8cell	H-common	H-common_representable	LIANA magnitude consensus	0.4719997503692455	0.1081131564975904	0.0416666666666666	0.3396226415094339	0.5435501653803748	0.0742268041237113	-0.0536323326277333	18	414	493	35	432	-1.0	top_k_tie_expanded	0.1081131564975904	average_precision_step_integral_tie_aware	higher	960	960	960	1.0	1.0	53	907	53	907	1.0	1.0	0	53		exclude_and_report_coverage_never_impute_zero	observed		432	528	18	414	0.3396226415094339	paper_absent_prediction_ranked_after_returned	0.5506085739789124
GSE136831	228I	GSE136831_228I_IPF_8cell	GSE136831_228I_IPF_8cell	H-common	H-common_representable	LIANA specificity consensus	0.4720101516506834	0.1049400548270146	0.0416666666666666	0.3396226415094339	0.5435501653803748	0.0742268041237113	-0.0536323326277333	18	414	493	35	432	-1.0	top_k_tie_expanded	0.1049400548270146	average_precision_step_integral_tie_aware	higher	960	960	960	1.0	1.0	53	907	53	907	1.0	1.0	0	53		exclude_and_report_coverage_never_impute_zero	observed		432	528	18	414	0.3396226415094339	paper_absent_prediction_ranked_after_returned	0.5492175640596416
GSE136831	228I	GSE136831_228I_IPF_8cell	GSE136831_228I_IPF_8cell	H-common	H-common_representable	NATMI specificity	0.4719789478063697	0.100960089438863	0.0416666666666666	0.3396226415094339	0.5435501653803748	0.0742268041237113	-0.0536323326277333	18	414	493	35	432	0.0037463968619704	top_k_tie_expanded	0.100960089438863	average_precision_step_integral_tie_aware	higher	960	960	960	1.0	1.0	53	907	53	907	1.0	1.0	0	53		exclude_and_report_coverage_never_impute_zero	observed		432	528	18	414	0.3396226415094339	paper_absent_prediction_ranked_after_returned	0.5499658094693954
GSE136831	228I	GSE136831_228I_IPF_8cell	GSE136831_228I_IPF_8cell	H-common	H-common_representable	SingleCellSignalR LRscore	0.5620124399325997	0.1075519066749205	0.0552083333333333	1.0	0.0	0.104639684106614		53	907	0	0	960	-0.4985221028327942	top_k_tie_expanded	0.1075519066749205	average_precision_step_integral_tie_aware	higher	960	960	960	1.0	1.0	53	907	53	907	1.0	1.0	0	53		exclude_and_report_coverage_never_impute_zero	observed		34	926	8	26	0.1509433962264151	paper_absent_prediction_ranked_after_returned	0.5650017561055297
GSE136831	228I	GSE136831_228I_IPF_8cell	GSE136831_228I_IPF_8cell	H-common	H-common_representable	logFC specificity	0.4720829606207484	0.1095651999853837	0.0416666666666666	0.3396226415094339	0.5435501653803748	0.0742268041237113	-0.0536323326277333	18	414	493	35	432	-1.904263973236084	top_k_tie_expanded	0.1095651999853837	average_precision_step_integral_tie_aware	higher	960	960	960	1.0	1.0	53	907	53	907	1.0	1.0	0	53		exclude_and_report_coverage_never_impute_zero	observed		432	528	18	414	0.3396226415094339	paper_absent_prediction_ranked_after_returned	0.5511117405680871
GSE136831	29I	GSE136831_29I_IPF_8cell	GSE136831_29I_IPF_8cell	H-common	H-common_representable	CRYCHIC availability-state	0.4297185413242911	0.0749943845462713	0.0566037735849056	0.0566037735849056	0.9448732083792724	0.0566037735849056	0.0014769819641779	3	50	857	50	53	0.0014656529268673	top_k_tie_expanded	0.0749943845462713	average_precision_step_integral_tie_aware	higher	960	960	960	1.0	1.0	53	907	53	907	1.0	1.0	0	53		exclude_and_report_coverage_never_impute_zero	observed		192	768	3	189	0.0566037735849056	paper_absent_prediction_ranked_after_returned	0.5238364779874215
GSE136831	29I	GSE136831_29I_IPF_8cell	GSE136831_29I_IPF_8cell	H-common	H-common_representable	CellChat composite	0.5056270932578893	0.0636006289308176	0.0552083333333333	1.0	0.0	0.104639684106614		53	907	0	0	960	-0.999979623749929	top_k_tie_expanded	0.0636006289308176	average_precision_step_integral_tie_aware	higher	960	960	960	1.0	1.0	53	907	53	907	1.0	1.0	0	53		exclude_and_report_coverage_never_impute_zero	observed		8	952	1	7	0.0188679245283018	paper_absent_prediction_ranked_after_returned	0.5089622641509434
GSE136831	29I	GSE136831_29I_IPF_8cell	GSE136831_29I_IPF_8cell	H-common	H-common_representable	CellChat p-value	0.4258804684737159	0.055817610062893	0.015625	0.0566037735849056	0.7916207276736494	0.0244897959183673	-0.0866586706460721	3	189	718	50	192	-1.0	top_k_tie_expanded	0.055817610062893	average_precision_step_integral_tie_aware	higher	960	960	960	1.0	1.0	53	907	53	907	1.0	1.0	0	53		exclude_and_report_coverage_never_impute_zero	observed		192	768	3	189	0.0566037735849056	paper_absent_prediction_ranked_after_returned	0.4967822700548474
GSE136831	29I	GSE136831_29I_IPF_8cell	GSE136831_29I_IPF_8cell	H-common	H-common_representable	CellPhoneDB composite	0.5150714568034782	0.0688482704402515	0.0552083333333333	1.0	0.0	0.104639684106614		53	907	0	0	960	-0.8971415907144547	top_k_tie_expanded	0.0688482704402515	average_precision_step_integral_tie_aware	higher	960	960	960	1.0	1.0	53	907	53	907	1.0	1.0	0	53		exclude_and_report_coverage_never_impute_zero	observed		9	951	2	7	0.0377358490566037	paper_absent_prediction_ranked_after_returned	0.5171383647798744
GSE136831	29I	GSE136831_29I_IPF_8cell	GSE136831_29I_IPF_8cell	H-common	H-common_representable	CellPhoneDB p-value	0.4277943042582846	0.0607638888888888	0.015625	0.0566037735849056	0.7916207276736494	0.0244897959183673	-0.0866586706460721	3	189	718	50	192	-1.0	top_k_tie_expanded	0.0607638888888888	average_precision_step_integral_tie_aware	higher	960	960	960	1.0	1.0	53	907	53	907	1.0	1.0	0	53		exclude_and_report_coverage_never_impute_zero	observed		192	768	3	189	0.0566037735849056	paper_absent_prediction_ranked_after_returned	0.5085925717558919
GSE136831	29I	GSE136831_29I_IPF_8cell	GSE136831_29I_IPF_8cell	H-common	H-common_representable	Connectome specificity	0.4278463106654739	0.0681014150943396	0.015625	0.0566037735849056	0.7916207276736494	0.0244897959183673	-0.0866586706460721	3	189	718	50	192	-1.2356825914964842	top_k_tie_expanded	0.0681014150943396	average_precision_step_integral_tie_aware	higher	960	960	960	1.0	1.0	53	907	53	907	1.0	1.0	0	53		exclude_and_report_coverage_never_impute_zero	observed		192	768	3	189	0.0566037735849056	paper_absent_prediction_ranked_after_returned	0.5122057597172381
GSE136831	29I	GSE136831_29I_IPF_8cell	GSE136831_29I_IPF_8cell	H-common	H-common_representable	LIANA magnitude consensus	0.4278463106654739	0.0681014150943396	0.015625	0.0566037735849056	0.7916207276736494	0.0244897959183673	-0.0866586706460721	3	189	718	50	192	-1.0	top_k_tie_expanded	0.0681014150943396	average_precision_step_integral_tie_aware	higher	960	960	960	1.0	1.0	53	907	53	907	1.0	1.0	0	53		exclude_and_report_coverage_never_impute_zero	observed		192	768	3	189	0.0566037735849056	paper_absent_prediction_ranked_after_returned	0.5103340327915945
GSE136831	29I	GSE136831_29I_IPF_8cell	GSE136831_29I_IPF_8cell	H-common	H-common_representable	LIANA specificity consensus	0.4278047055397225	0.0646422955974842	0.015625	0.0566037735849056	0.7916207276736494	0.0244897959183673	-0.0866586706460721	3	189	718	50	192	-1.0	top_k_tie_expanded	0.0646422955974842	average_precision_step_integral_tie_aware	higher	960	960	960	1.0	1.0	53	907	53	907	1.0	1.0	0	53		exclude_and_report_coverage_never_impute_zero	observed		192	768	3	189	0.0566037735849056	paper_absent_prediction_ranked_after_returned	0.5109345455910018
GSE136831	29I	GSE136831_29I_IPF_8cell	GSE136831_29I_IPF_8cell	H-common	H-common_representable	NATMI specificity	0.4277214952882195	0.0609136343216531	0.015625	0.0566037735849056	0.7916207276736494	0.0244897959183673	-0.0866586706460721	3	189	718	50	192	0.0048672468401491	top_k_tie_expanded	0.0609136343216531	average_precision_step_integral_tie_aware	higher	960	960	960	1.0	1.0	53	907	53	907	1.0	1.0	0	53		exclude_and_report_coverage_never_impute_zero	observed		192	768	3	189	0.0566037735849056	paper_absent_prediction_ranked_after_returned	0.5096797275270828
GSE136831	29I	GSE136831_29I_IPF_8cell	GSE136831_29I_IPF_8cell	H-common	H-common_representable	SingleCellSignalR LRscore	0.5129287928272763	0.0669614779874213	0.0552083333333333	1.0	0.0	0.104639684106614		53	907	0	0	960	-0.4989227652549743	top_k_tie_expanded	0.0669614779874213	average_precision_step_integral_tie_aware	higher	960	960	960	1.0	1.0	53	907	53	907	1.0	1.0	0	53		exclude_and_report_coverage_never_impute_zero	observed		13	947	2	11	0.0377358490566037	paper_absent_prediction_ranked_after_returned	0.5176100628930819
GSE136831	29I	GSE136831_29I_IPF_8cell	GSE136831_29I_IPF_8cell	H-common	H-common_representable	logFC specificity	0.4278047055397225	0.0649567610062893	0.015625	0.0566037735849056	0.7916207276736494	0.0244897959183673	-0.0866586706460721	3	189	718	50	192	-1.7415345907211304	top_k_tie_expanded	0.0649567610062893	average_precision_step_integral_tie_aware	higher	960	960	960	1.0	1.0	53	907	53	907	1.0	1.0	0	53		exclude_and_report_coverage_never_impute_zero	observed		192	768	3	189	0.0566037735849056	paper_absent_prediction_ranked_after_returned	0.5105937950799813
GSE136831	47I	GSE136831_47I_IPF_8cell	GSE136831_47I_IPF_8cell	H-common	H-common_representable	CRYCHIC availability-state	0.5317551122298267	0.113361083579575	0.2075471698113207	0.2075471698113207	0.9536934950385888	0.2075471698113207	0.1612406648499095	11	42	865	42	53	0.0026829937840839	top_k_tie_expanded	0.113361083579575	average_precision_step_integral_tie_aware	higher	960	960	960	1.0	1.0	53	907	53	907	1.0	1.0	0	53		exclude_and_report_coverage_never_impute_zero	observed		300	660	17	283	0.320754716981132	paper_absent_prediction_ranked_after_returned	0.5912114470074668
GSE136831	47I	GSE136831_47I_IPF_8cell	GSE136831_47I_IPF_8cell	H-common	H-common_representable	CellChat composite	0.5338145659545256	0.0787146226415094	0.0552083333333333	1.0	0.0	0.104639684106614		53	907	0	0	960	-0.9999725907327274	top_k_tie_expanded	0.0787146226415094	average_precision_step_integral_tie_aware	higher	960	960	960	1.0	1.0	53	907	53	907	1.0	1.0	0	53		exclude_and_report_coverage_never_impute_zero	observed		11	949	4	7	0.0754716981132075	paper_absent_prediction_ranked_after_returned	0.5334097035040432
GSE136831	47I	GSE136831_47I_IPF_8cell	GSE136831_47I_IPF_8cell	H-common	H-common_representable	CellChat p-value	0.5148114247675314	0.0815880503144654	0.0566666666666666	0.320754716981132	0.6879823594266814	0.0963172804532577	0.0043050194401663	17	283	624	36	300	-1.0	top_k_tie_expanded	0.0815880503144654	average_precision_step_integral_tie_aware	higher	960	960	960	1.0	1.0	53	907	53	907	1.0	1.0	0	53		exclude_and_report_coverage_never_impute_zero	observed		300	660	17	283	0.320754716981132	paper_absent_prediction_ranked_after_returned	0.5374248060640857
GSE136831	47I	GSE136831_47I_IPF_8cell	GSE136831_47I_IPF_8cell	H-common	H-common_representable	CellPhoneDB composite	0.5590688772856816	0.0878868752068851	0.0552083333333333	1.0	0.0	0.104639684106614		53	907	0	0	960	-0.8958226442337036	top_k_tie_expanded	0.0878868752068851	average_precision_step_integral_tie_aware	higher	960	960	960	1.0	1.0	53	907	53	907	1.0	1.0	0	53		exclude_and_report_coverage_never_impute_zero	observed		19	941	7	12	0.1320754716981132	paper_absent_prediction_ranked_after_returned	0.5528176849356096
GSE136831	47I	GSE136831_47I_IPF_8cell	GSE136831_47I_IPF_8cell	H-common	H-common_representable	CellPhoneDB p-value	0.5248902664808305	0.0970322031493828	0.0566666666666666	0.320754716981132	0.6879823594266814	0.0963172804532577	0.0043050194401663	17	283	624	36	300	-1.0	top_k_tie_expanded	0.0970322031493828	average_precision_step_integral_tie_aware	higher	960	960	960	1.0	1.0	53	907	53	907	1.0	1.0	0	53		exclude_and_report_coverage_never_impute_zero	observed		300	660	17	283	0.320754716981132	paper_absent_prediction_ranked_after_returned	0.5597810325880366
GSE136831	47I	GSE136831_47I_IPF_8cell	GSE136831_47I_IPF_8cell	H-common	H-common_representable	Connectome specificity	0.5247342472592623	0.0967302899312654	0.0566666666666666	0.320754716981132	0.6879823594266814	0.0963172804532577	0.0043050194401663	17	283	624	36	300	-1.0892945105778242	top_k_tie_expanded	0.0967302899312654	average_precision_step_integral_tie_aware	higher	960	960	960	1.0	1.0	53	907	53	907	1.0	1.0	0	53		exclude_and_report_coverage_never_impute_zero	observed		300	660	17	283	0.320754716981132	paper_absent_prediction_ranked_after_returned	0.5640550183830652
GSE136831	47I	GSE136831_47I_IPF_8cell	GSE136831_47I_IPF_8cell	H-common	H-common_representable	LIANA magnitude consensus	0.5245262216305049	0.0913196804562678	0.0566666666666666	0.320754716981132	0.6879823594266814	0.0963172804532577	0.0043050194401663	17	283	624	36	300	-1.0	top_k_tie_expanded	0.0913196804562678	average_precision_step_integral_tie_aware	higher	960	960	960	1.0	1.0	53	907	53	907	1.0	1.0	0	53		exclude_and_report_coverage_never_impute_zero	observed		300	660	17	283	0.320754716981132	paper_absent_prediction_ranked_after_returned	0.5635731822715456
GSE136831	47I	GSE136831_47I_IPF_8cell	GSE136831_47I_IPF_8cell	H-common	H-common_representable	LIANA specificity consensus	0.5246094318820078	0.0914384086748126	0.0566666666666666	0.320754716981132	0.6879823594266814	0.0963172804532577	0.0043050194401663	17	283	624	36	300	-1.0	top_k_tie_expanded	0.0914384086748126	average_precision_step_integral_tie_aware	higher	960	960	960	1.0	1.0	53	907	53	907	1.0	1.0	0	53		exclude_and_report_coverage_never_impute_zero	observed		300	660	17	283	0.320754716981132	paper_absent_prediction_ranked_after_returned	0.5649332034941572
GSE136831	47I	GSE136831_47I_IPF_8cell	GSE136831_47I_IPF_8cell	H-common	H-common_representable	NATMI specificity	0.5250254831395228	0.1099226616515377	0.0566666666666666	0.320754716981132	0.6879823594266814	0.0963172804532577	0.0043050194401663	17	283	624	36	300	0.0033894251100718	top_k_tie_expanded	0.1099226616515377	average_precision_step_integral_tie_aware	higher	960	960	960	1.0	1.0	53	907	53	907	1.0	1.0	0	53		exclude_and_report_coverage_never_impute_zero	observed		300	660	17	283	0.320754716981132	paper_absent_prediction_ranked_after_returned	0.5672794630854947
GSE136831	47I	GSE136831_47I_IPF_8cell	GSE136831_47I_IPF_8cell	H-common	H-common_representable	SingleCellSignalR LRscore	0.565340849992719	0.0917472146775034	0.0552083333333333	1.0	0.0	0.104639684106614		53	907	0	0	960	-0.4980652928352356	top_k_tie_expanded	0.0917472146775034	average_precision_step_integral_tie_aware	higher	960	960	960	1.0	1.0	53	907	53	907	1.0	1.0	0	53		exclude_and_report_coverage_never_impute_zero	observed		26	934	8	18	0.1509433962264151	paper_absent_prediction_ranked_after_returned	0.5608628808298619
GSE136831	47I	GSE136831_47I_IPF_8cell	GSE136831_47I_IPF_8cell	H-common	H-common_representable	logFC specificity	0.5242973934388717	0.0885508776826395	0.0566666666666666	0.320754716981132	0.6879823594266814	0.0963172804532577	0.0043050194401663	17	283	624	36	300	-1.836077094078064	top_k_tie_expanded	0.0885508776826395	average_precision_step_integral_tie_aware	higher	960	960	960	1.0	1.0	53	907	53	907	1.0	1.0	0	53		exclude_and_report_coverage_never_impute_zero	observed		300	660	17	283	0.320754716981132	paper_absent_prediction_ranked_after_returned	0.5599674714171731
GSE136831	49I	GSE136831_49I_IPF_8cell	GSE136831_49I_IPF_8cell	H-common	H-common_representable	CRYCHIC availability-state	0.5276050009361153	0.1207012963929659	0.1886792452830188	0.1886792452830188	0.9525909592061742	0.1886792452830188	0.141270204489193	10	43	864	43	53	0.0052380039520012	top_k_tie_expanded	0.1207012963929659	average_precision_step_integral_tie_aware	higher	960	960	960	1.0	1.0	53	907	53	907	1.0	1.0	0	53		exclude_and_report_coverage_never_impute_zero	observed		300	660	17	283	0.320754716981132	paper_absent_prediction_ranked_after_returned	0.589868200836688
GSE136831	49I	GSE136831_49I_IPF_8cell	GSE136831_49I_IPF_8cell	H-common	H-common_representable	CellChat composite	0.5343866364336086	0.0818592767295597	0.0552083333333333	1.0	0.0	0.104639684106614		53	907	0	0	960	-0.9990046801948774	top_k_tie_expanded	0.0818592767295597	average_precision_step_integral_tie_aware	higher	960	960	960	1.0	1.0	53	907	53	907	1.0	1.0	0	53		exclude_and_report_coverage_never_impute_zero	observed		10	950	4	6	0.0754716981132075	paper_absent_prediction_ranked_after_returned	0.53483423180593
GSE136831	49I	GSE136831_49I_IPF_8cell	GSE136831_49I_IPF_8cell	H-common	H-common_representable	CellChat p-value	0.515081858084916	0.0815880503144654	0.0566666666666666	0.320754716981132	0.6879823594266814	0.0963172804532577	0.0043050194401663	17	283	624	36	300	-1.0	top_k_tie_expanded	0.0815880503144654	average_precision_step_integral_tie_aware	higher	960	960	960	1.0	1.0	53	907	53	907	1.0	1.0	0	53		exclude_and_report_coverage_never_impute_zero	observed		300	660	17	283	0.320754716981132	paper_absent_prediction_ranked_after_returned	0.5371555313053015
GSE136831	49I	GSE136831_49I_IPF_8cell	GSE136831_49I_IPF_8cell	H-common	H-common_representable	CellPhoneDB composite	0.5759397557779118	0.1047461549393613	0.0552083333333333	1.0	0.0	0.104639684106614		53	907	0	0	960	-0.9007760286331176	top_k_tie_expanded	0.1047461549393613	average_precision_step_integral_tie_aware	higher	960	960	960	1.0	1.0	53	907	53	907	1.0	1.0	0	53		exclude_and_report_coverage_never_impute_zero	observed		25	935	9	16	0.1698113207547169	paper_absent_prediction_ranked_after_returned	0.572417167214337
GSE136831	49I	GSE136831_49I_IPF_8cell	GSE136831_49I_IPF_8cell	H-common	H-common_representable	CellPhoneDB p-value	0.527885835534938	0.1125013672409078	0.0566666666666666	0.320754716981132	0.6879823594266814	0.0963172804532577	0.0043050194401663	17	283	624	36	300	-1.0	top_k_tie_expanded	0.1125013672409078	average_precision_step_integral_tie_aware	higher	960	960	960	1.0	1.0	53	907	53	907	1.0	1.0	0	53		exclude_and_report_coverage_never_impute_zero	observed		300	660	17	283	0.320754716981132	paper_absent_prediction_ranked_after_returned	0.5762172578628096
GSE136831	49I	GSE136831_49I_IPF_8cell	GSE136831_49I_IPF_8cell	H-common	H-common_representable	Connectome specificity	0.5275113894031744	0.1100767984951653	0.0566666666666666	0.320754716981132	0.6879823594266814	0.0963172804532577	0.0043050194401663	17	283	624	36	300	-1.01774943123059	top_k_tie_expanded	0.1100767984951653	average_precision_step_integral_tie_aware	higher	960	960	960	1.0	1.0	53	907	53	907	1.0	1.0	0	53		exclude_and_report_coverage_never_impute_zero	observed		300	660	17	283	0.320754716981132	paper_absent_prediction_ranked_after_returned	0.5752713656576935
GSE136831	49I	GSE136831_49I_IPF_8cell	GSE136831_49I_IPF_8cell	H-common	H-common_representable	LIANA magnitude consensus	0.52738657402592	0.1035102970625761	0.0566666666666666	0.320754716981132	0.6879823594266814	0.0963172804532577	0.0043050194401663	17	283	624	36	300	-1.0	top_k_tie_expanded	0.1035102970625761	average_precision_step_integral_tie_aware	higher	960	960	960	1.0	1.0	53	907	53	907	1.0	1.0	0	53		exclude_and_report_coverage_never_impute_zero	observed		300	660	17	283	0.320754716981132	paper_absent_prediction_ranked_after_returned	0.5772045037724947
GSE136831	49I	GSE136831_49I_IPF_8cell	GSE136831_49I_IPF_8cell	H-common	H-common_representable	LIANA specificity consensus	0.5281354662894469	0.1224644694927713	0.0566666666666666	0.320754716981132	0.6879823594266814	0.0963172804532577	0.0043050194401663	17	283	624	36	300	-1.0	top_k_tie_expanded	0.1224644694927713	average_precision_step_integral_tie_aware	higher	960	960	960	1.0	1.0	53	907	53	907	1.0	1.0	0	53		exclude_and_report_coverage_never_impute_zero	observed		300	660	17	283	0.320754716981132	paper_absent_prediction_ranked_after_returned	0.5785776411210726
GSE136831	49I	GSE136831_49I_IPF_8cell	GSE136831_49I_IPF_8cell	H-common	H-common_representable	NATMI specificity	0.5284683072954588	0.1543095112434735	0.0566666666666666	0.320754716981132	0.6879823594266814	0.0963172804532577	0.0043050194401663	17	283	624	36	300	0.0031407689675688	top_k_tie_expanded	0.1543095112434735	average_precision_step_integral_tie_aware	higher	960	960	960	1.0	1.0	53	907	53	907	1.0	1.0	0	53		exclude_and_report_coverage_never_impute_zero	observed		300	660	17	283	0.320754716981132	paper_absent_prediction_ranked_after_returned	0.5806939844983039
GSE136831	49I	GSE136831_49I_IPF_8cell	GSE136831_49I_IPF_8cell	H-common	H-common_representable	SingleCellSignalR LRscore	0.5274489817145472	0.106362947556736	0.0566666666666666	0.320754716981132	0.6879823594266814	0.0963172804532577	0.0043050194401663	17	283	624	36	300	0.5034030079841614	top_k_tie_expanded	0.106362947556736	average_precision_step_integral_tie_aware	higher	960	960	960	1.0	1.0	53	907	53	907	1.0	1.0	0	53		exclude_and_report_coverage_never_impute_zero	observed		300	660	17	283	0.320754716981132	paper_absent_prediction_ranked_after_returned	0.5716766452254567
GSE136831	49I	GSE136831_49I_IPF_8cell	GSE136831_49I_IPF_8cell	H-common	H-common_representable	logFC specificity	0.5276362047804289	0.1094637938438686	0.0566666666666666	0.320754716981132	0.6879823594266814	0.0963172804532577	0.0043050194401663	17	283	624	36	300	-2.044376373291016	top_k_tie_expanded	0.1094637938438686	average_precision_step_integral_tie_aware	higher	960	960	960	1.0	1.0	53	907	53	907	1.0	1.0	0	53		exclude_and_report_coverage_never_impute_zero	observed		300	660	17	283	0.320754716981132	paper_absent_prediction_ranked_after_returned	0.5705148422666316
GSE136831	59I	GSE136831_59I_IPF_8cell	GSE136831_59I_IPF_8cell	H-common	H-common_representable	CRYCHIC availability-state	0.5250358844209606	0.1262987834474497	0.1886792452830188	0.1886792452830188	0.9525909592061742	0.1886792452830188	0.141270204489193	10	43	864	43	53	0.0100801010898986	top_k_tie_expanded	0.1262987834474497	average_precision_step_integral_tie_aware	higher	960	960	960	1.0	1.0	53	907	53	907	1.0	1.0	0	53		exclude_and_report_coverage_never_impute_zero	observed		300	660	17	283	0.320754716981132	paper_absent_prediction_ranked_after_returned	0.585581591659688
GSE136831	59I	GSE136831_59I_IPF_8cell	GSE136831_59I_IPF_8cell	H-common	H-common_representable	CellChat composite	0.5504774188179984	0.0940616576819406	0.0552083333333333	1.0	0.0	0.104639684106614		53	907	0	0	960	-0.9998399977222148	top_k_tie_expanded	0.0940616576819406	average_precision_step_integral_tie_aware	higher	960	960	960	1.0	1.0	53	907	53	907	1.0	1.0	0	53		exclude_and_report_coverage_never_impute_zero	observed		17	943	6	11	0.1132075471698113	paper_absent_prediction_ranked_after_returned	0.5496230158730158
GSE136831	59I	GSE136831_59I_IPF_8cell	GSE136831_59I_IPF_8cell	H-common	H-common_representable	CellChat p-value	0.5200328680493437	0.0917138364779874	0.0566666666666666	0.320754716981132	0.6879823594266814	0.0963172804532577	0.0043050194401663	17	283	624	36	300	-1.0	top_k_tie_expanded	0.0917138364779874	average_precision_step_integral_tie_aware	higher	960	960	960	1.0	1.0	53	907	53	907	1.0	1.0	0	53		exclude_and_report_coverage_never_impute_zero	observed		300	660	17	283	0.320754716981132	paper_absent_prediction_ranked_after_returned	0.55374013848093
GSE136831	59I	GSE136831_59I_IPF_8cell	GSE136831_59I_IPF_8cell	H-common	H-common_representable	CellPhoneDB composite	0.5857793680181398	0.1140542809143851	0.0552083333333333	1.0	0.0	0.104639684106614		53	907	0	0	960	-0.8988228291273117	top_k_tie_expanded	0.1140542809143851	average_precision_step_integral_tie_aware	higher	960	960	960	1.0	1.0	53	907	53	907	1.0	1.0	0	53		exclude_and_report_coverage_never_impute_zero	observed		25	935	10	15	0.1886792452830188	paper_absent_prediction_ranked_after_returned	0.5783403739866003
GSE136831	59I	GSE136831_59I_IPF_8cell	GSE136831_59I_IPF_8cell	H-common	H-common_representable	CellPhoneDB p-value	0.5307045828046015	0.1223141795311606	0.0566666666666666	0.320754716981132	0.6879823594266814	0.0963172804532577	0.0043050194401663	17	283	624	36	300	-1.0	top_k_tie_expanded	0.1223141795311606	average_precision_step_integral_tie_aware	higher	960	960	960	1.0	1.0	53	907	53	907	1.0	1.0	0	53		exclude_and_report_coverage_never_impute_zero	observed		300	660	17	283	0.320754716981132	paper_absent_prediction_ranked_after_returned	0.5845057196584279
GSE136831	59I	GSE136831_59I_IPF_8cell	GSE136831_59I_IPF_8cell	H-common	H-common_representable	Connectome specificity	0.53017411745127	0.1318024967386787	0.0566666666666666	0.320754716981132	0.6879823594266814	0.0963172804532577	0.0043050194401663	17	283	624	36	300	-1.0076310245463302	top_k_tie_expanded	0.1318024967386787	average_precision_step_integral_tie_aware	higher	960	960	960	1.0	1.0	53	907	53	907	1.0	1.0	0	53		exclude_and_report_coverage_never_impute_zero	observed		300	660	17	283	0.320754716981132	paper_absent_prediction_ranked_after_returned	0.5848934429898797
GSE136831	59I	GSE136831_59I_IPF_8cell	GSE136831_59I_IPF_8cell	H-common	H-common_representable	LIANA magnitude consensus	0.5297996713195066	0.1093437517037638	0.0566666666666666	0.320754716981132	0.6879823594266814	0.0963172804532577	0.0043050194401663	17	283	624	36	300	-1.0	top_k_tie_expanded	0.1093437517037638	average_precision_step_integral_tie_aware	higher	960	960	960	1.0	1.0	53	907	53	907	1.0	1.0	0	53		exclude_and_report_coverage_never_impute_zero	observed		300	660	17	283	0.320754716981132	paper_absent_prediction_ranked_after_returned	0.584768797362531
GSE136831	59I	GSE136831_59I_IPF_8cell	GSE136831_59I_IPF_8cell	H-common	H-common_representable	LIANA specificity consensus	0.530423748205779	0.1267404136743759	0.0566666666666666	0.320754716981132	0.6879823594266814	0.0963172804532577	0.0043050194401663	17	283	624	36	300	-1.0	top_k_tie_expanded	0.1267404136743759	average_precision_step_integral_tie_aware	higher	960	960	960	1.0	1.0	53	907	53	907	1.0	1.0	0	53		exclude_and_report_coverage_never_impute_zero	observed		300	660	17	283	0.320754716981132	paper_absent_prediction_ranked_after_returned	0.5870499454701474
GSE136831	59I	GSE136831_59I_IPF_8cell	GSE136831_59I_IPF_8cell	H-common	H-common_representable	NATMI specificity	0.5305693661459092	0.1431083748536578	0.0566666666666666	0.320754716981132	0.6879823594266814	0.0963172804532577	0.0043050194401663	17	283	624	36	300	0.0028584327083081	top_k_tie_expanded	0.1431083748536578	average_precision_step_integral_tie_aware	higher	960	960	960	1.0	1.0	53	907	53	907	1.0	1.0	0	53		exclude_and_report_coverage_never_impute_zero	observed		300	660	17	283	0.320754716981132	paper_absent_prediction_ranked_after_returned	0.5873268406547205
GSE136831	59I	GSE136831_59I_IPF_8cell	GSE136831_59I_IPF_8cell	H-common	H-common_representable	SingleCellSignalR LRscore	0.5815044413471739	0.1143403972854176	0.0552083333333333	1.0	0.0	0.104639684106614		53	907	0	0	960	-0.499920129776001	top_k_tie_expanded	0.1143403972854176	average_precision_step_integral_tie_aware	higher	960	960	960	1.0	1.0	53	907	53	907	1.0	1.0	0	53		exclude_and_report_coverage_never_impute_zero	observed		34	926	10	24	0.1886792452830188	paper_absent_prediction_ranked_after_returned	0.578680017571527
GSE136831	59I	GSE136831_59I_IPF_8cell	GSE136831_59I_IPF_8cell	H-common	H-common_representable	logFC specificity	0.5301117097626428	0.1204292509574954	0.0566666666666666	0.320754716981132	0.6879823594266814	0.0963172804532577	0.0043050194401663	17	283	624	36	300	-2.513307809829712	top_k_tie_expanded	0.1204292509574954	average_precision_step_integral_tie_aware	higher	960	960	960	1.0	1.0	53	907	53	907	1.0	1.0	0	53		exclude_and_report_coverage_never_impute_zero	observed		300	660	17	283	0.320754716981132	paper_absent_prediction_ranked_after_returned	0.5810757905242268
