split	scenario	seed	candidate	direction	pair_rank_spearman	top_quartile_auroc	tie_fraction	mean_predicted_count	mean_true_count	mean_opportunities	opportunity_spearman	fit_null_weight	fit_slab_sd	fit_converged
development	sparse_low_n	201	hard_z1	target	0.6190546754634905	0.861111111111111	0.5555555555555556	19.333333333333332	2.638888888888889	112.0	0.9361913805815928			
development	sparse_low_n	201	hard_z1	reference	0.6988465765468909	0.8361204013377926	0.6944444444444444	17.555555555555557	2.3055555555555554	112.0	0.9383153620138774			
development	sparse_low_n	201	wald_p05	target	0.6419429363735751	0.8177083333333333	0.9166666666666666	3.9722222222222223	2.638888888888889	112.0	0.7750554176792351			
development	sparse_low_n	201	wald_p05	reference	0.741516792847221	0.8177257525083612	0.9444444444444444	3.9444444444444446	2.3055555555555554	112.0	0.7503226328925422			
development	sparse_low_n	201	continuous_sign	target	0.5719144613367905	0.857638888888889	0.0	29.27970608071574	2.638888888888889	112.0	0.943172990270231			
development	sparse_low_n	201	continuous_sign	reference	0.7070343779417546	0.8361204013377928	0.0	27.744226163140276	2.3055555555555554	112.0	0.943172990270231			
development	sparse_low_n	201	eb_delta_0	target	0.7354314413046297	0.9131944444444444	0.0	3.226354485501764	2.638888888888889	112.0	0.8874995845945578	0.9446015381213153	0.17050563366626928	True
development	sparse_low_n	201	eb_delta_0	reference	0.868046104321586	0.9096989966555185	0.0	2.9782724171559636	2.3055555555555554	112.0	0.8449258037837488	0.9446015381213153	0.17050563366626928	True
development	sparse_low_n	201	eb_delta_0.1	target	0.7538633070014875	0.920138888888889	0.0	2.9787901438688076	2.638888888888889	112.0	0.8613003348648292	0.9446015381213153	0.17050563366626928	True
development	sparse_low_n	201	eb_delta_0.1	reference	0.8702769106365471	0.9096989966555185	0.0	2.7317306639190297	2.3055555555555554	112.0	0.8416508975675326	0.9446015381213153	0.17050563366626928	True
development	sparse_low_n	201	eb_delta_0.25	target	0.7464905607227444	0.9166666666666667	0.0	2.6121303136038927	2.638888888888889	112.0	0.8318261789188844	0.9446015381213153	0.17050563366626928	True
development	sparse_low_n	201	eb_delta_0.25	reference	0.8747385232664691	0.9130434782608696	0.0	2.3695964596610306	2.3055555555555554	112.0	0.8318261789188844	0.9446015381213153	0.17050563366626928	True
development	sparse_low_n	201	eb_delta_0.5	target	0.7363530345894725	0.892361111111111	0.0	2.035133958429781	2.638888888888889	112.0	0.7466786172972663	0.9446015381213153	0.17050563366626928	True
development	sparse_low_n	201	eb_delta_0.5	reference	0.8616161331784632	0.9063545150501673	0.0	1.8031980163886476	2.3055555555555554	112.0	0.8023520229729396	0.9446015381213153	0.17050563366626928	True
development	sparse_low_n	202	hard_z1	target	0.6279263755775853	0.9176954732510288	0.4722222222222222	20.02777777777778	2.888888888888889	112.0	0.9344915281608285			
development	sparse_low_n	202	hard_z1	reference	0.5981275882633851	0.8539094650205762	0.5833333333333334	19.47222222222222	2.611111111111111	112.0	0.9219707926670515			
development	sparse_low_n	202	wald_p05	target	0.6739779357473022	0.9670781893004116	0.8888888888888888	4.388888888888889	2.888888888888889	112.0	0.7832410735477725			
development	sparse_low_n	202	wald_p05	reference	0.6043534955983128	0.8251028806584362	0.9166666666666666	4.111111111111111	2.611111111111111	112.0	0.7690387080365391			
development	sparse_low_n	202	continuous_sign	target	0.6465331482383809	0.9423868312757202	0.0	29.204743970179518	2.888888888888889	112.0	0.943172990270231			
development	sparse_low_n	202	continuous_sign	reference	0.5762968046071533	0.8353909465020577	0.0	28.894730868800227	2.611111111111111	112.0	0.943172990270231			
development	sparse_low_n	202	eb_delta_0	target	0.7660669078679881	0.9506172839506173	0.0	3.636812207577611	2.888888888888889	112.0	0.9104239281080704	0.9345282082473036	0.18628050038327232	True
development	sparse_low_n	202	eb_delta_0	reference	0.6796672492491483	0.8641975308641975	0.0	3.696028503898809	2.611111111111111	112.0	0.9398980840540151	0.9345282082473036	0.18628050038327232	True
development	sparse_low_n	202	eb_delta_0.1	target	0.7789397742896381	0.9506172839506173	0.0	3.344431443132151	2.888888888888889	112.0	0.8973243032432059	0.9345282082473036	0.18628050038327232	True
development	sparse_low_n	202	eb_delta_0.1	reference	0.6861114627191963	0.8683127572016461	0.0	3.404081752696943	2.611111111111111	112.0	0.933348271621583	0.9345282082473036	0.18628050038327232	True
development	sparse_low_n	202	eb_delta_0.25	target	0.8041600840136871	0.9588477366255144	0.0	2.9097099203007013	2.888888888888889	112.0	0.8743999597296934	0.9345282082473036	0.18628050038327232	True
development	sparse_low_n	202	eb_delta_0.25	reference	0.693476278113537	0.8724279835390947	0.0	2.972719269041056	2.611111111111111	112.0	0.9267984591891507	0.9345282082473036	0.18628050038327232	True
development	sparse_low_n	202	eb_delta_0.5	target	0.846588000893207	0.962962962962963	0.0	2.2159988476092263	2.888888888888889	112.0	0.8023520229729396	0.9345282082473036	0.18628050038327232	True
development	sparse_low_n	202	eb_delta_0.5	reference	0.7009726080684908	0.8806584362139918	0.0	2.299558623398651	2.611111111111111	112.0	0.8809497721621257	0.9345282082473036	0.18628050038327232	True
development	sparse_low_n	203	hard_z1	target	0.670864261243592	0.8836805555555556	0.5833333333333334	18.944444444444443	2.861111111111111	112.0	0.8750743149657708			
development	sparse_low_n	203	hard_z1	reference	0.6570488290385696	0.8847736625514403	0.5555555555555556	18.583333333333332	2.5833333333333335	112.0	0.9153496014051462			
development	sparse_low_n	203	wald_p05	target	0.7247683210832943	0.8628472222222222	0.8888888888888888	4.333333333333333	2.861111111111111	112.0	0.6973158924834599			
development	sparse_low_n	203	wald_p05	reference	0.678159505863091	0.8724279835390946	1.0	3.7777777777777777	2.5833333333333335	112.0	0.6351073488299557			
development	sparse_low_n	203	continuous_sign	target	0.6390468153798912	0.8402777777777778	0.0	29.182142193042946	2.861111111111111	112.0	0.943172990270231			
development	sparse_low_n	203	continuous_sign	reference	0.7025547560200821	0.8971193415637859	0.0	28.128110409108405	2.5833333333333335	112.0	0.943172990270231			
development	sparse_low_n	203	eb_delta_0	target	0.8340788872037214	0.9479166666666666	0.0	3.368453484338793	2.861111111111111	112.0	0.7958022105405077	0.9425169838493179	0.19728072467612864	True
development	sparse_low_n	203	eb_delta_0	reference	0.7708310170513399	0.9218106995884774	0.0	3.0696440084923355	2.5833333333333335	112.0	0.8449258037837488	0.9425169838493179	0.19728072467612864	True
development	sparse_low_n	203	eb_delta_0.1	target	0.8417861157620644	0.9513888888888888	0.0	3.111692138174391	2.861111111111111	112.0	0.7794276794594271	0.9425169838493179	0.19728072467612864	True
development	sparse_low_n	203	eb_delta_0.1	reference	0.7777383430700664	0.9176954732510287	0.0	2.813673506120739	2.5833333333333335	112.0	0.8220014602702361	0.9425169838493179	0.19728072467612864	True
development	sparse_low_n	203	eb_delta_0.25	target	0.8519753331781786	0.9513888888888888	0.0	2.7314951670441956	2.861111111111111	112.0	0.7597782421621307	0.9425169838493179	0.19728072467612864	True
development	sparse_low_n	203	eb_delta_0.25	reference	0.7855755014374676	0.9176954732510287	0.0	2.4371874017700557	2.5833333333333335	112.0	0.8023520229729396	0.9425169838493179	0.19728072467612864	True
development	sparse_low_n	203	eb_delta_0.5	target	0.8690879931975503	0.9583333333333333	0.0	2.137808438247606	2.861111111111111	112.0	0.6680808681080803	0.9425169838493179	0.19728072467612864	True
development	sparse_low_n	203	eb_delta_0.5	reference	0.7469210423711329	0.8847736625514403	0.0	1.8459283767906196	2.5833333333333335	112.0	0.736853898648618	0.9425169838493179	0.19728072467612864	True
development	sparse_low_n	204	hard_z1	target	0.5417859614371542	0.75	0.5	18.583333333333332	2.7222222222222223	112.0	0.8920382458021866			
development	sparse_low_n	204	hard_z1	reference	0.7286956059032673	0.95679012345679	0.5555555555555556	18.97222222222222	2.9722222222222223	112.0	0.9394705097605125			
development	sparse_low_n	204	wald_p05	target	0.7889693507161145	0.8847402597402597	0.9166666666666666	4.138888888888889	2.7222222222222223	112.0	0.697544483177187			
development	sparse_low_n	204	wald_p05	reference	0.7738007840868851	0.977366255144033	0.9722222222222222	3.9166666666666665	2.9722222222222223	112.0	0.8411855843866016			
development	sparse_low_n	204	continuous_sign	target	0.5896536978010233	0.7792207792207793	0.0	27.72108249309232	2.7222222222222223	112.0	0.943172990270231			
development	sparse_low_n	204	continuous_sign	reference	0.6907148530885261	0.9506172839506172	0.0	28.893459214023405	2.9722222222222223	112.0	0.943172990270231			
development	sparse_low_n	204	eb_delta_0	target	0.7477511543479406	0.8701298701298701	0.0	3.193475977397567	2.7222222222222223	112.0	0.8842246783783417	0.9424244625998802	0.17500511378540382	True
development	sparse_low_n	204	eb_delta_0	reference	0.7756634867164308	0.9629629629629629	0.0	3.2549840228171782	2.9722222222222223	112.0	0.8842246783783417	0.9424244625998802	0.17500511378540382	True
development	sparse_low_n	204	eb_delta_0.1	target	0.7602049340925154	0.8766233766233765	0.0	2.937229377551543	2.7222222222222223	112.0	0.8678501472972613	0.9424244625998802	0.17500511378540382	True
development	sparse_low_n	204	eb_delta_0.1	reference	0.7888835360175377	0.9753086419753085	0.0	2.997803770142171	2.9722222222222223	112.0	0.8613003348648292	0.9424244625998802	0.17500511378540382	True
development	sparse_low_n	204	eb_delta_0.25	target	0.7733141759289099	0.8798701298701298	0.0	2.5611586575109824	2.7222222222222223	112.0	0.8351010851351005	0.9424244625998802	0.17500511378540382	True
development	sparse_low_n	204	eb_delta_0.25	reference	0.7984386211559615	0.9711934156378601	0.0	2.617492588845347	2.9722222222222223	112.0	0.8416508975675326	0.9424244625998802	0.17500511378540382	True
development	sparse_low_n	204	eb_delta_0.5	target	0.7936335007753212	0.8863636363636365	0.0	1.9750386692726982	2.7222222222222223	112.0	0.7827025856756432	0.9424244625998802	0.17500511378540382	True
development	sparse_low_n	204	eb_delta_0.5	reference	0.8146691767335582	0.9588477366255144	0.0	2.0224720958801896	2.9722222222222223	112.0	0.7663280545945629	0.9424244625998802	0.17500511378540382	True
development	sparse_low_n	205	hard_z1	target	0.8196516842913898	0.9917695473251029	0.7777777777777778	18.52777777777778	3.0555555555555554	112.0	0.9401986875030321			
development	sparse_low_n	205	hard_z1	reference	0.7404436972418968	0.8634615384615384	0.6111111111111112	18.52777777777778	2.8055555555555554	112.0	0.9256106145114079			
development	sparse_low_n	205	wald_p05	target	0.7983041251264654	0.9362139917695473	0.9166666666666666	4.416666666666667	3.0555555555555554	112.0	0.8342614004034952			
development	sparse_low_n	205	wald_p05	reference	0.6195227326453013	0.8326923076923076	0.9444444444444444	4.333333333333333	2.8055555555555554	112.0	0.7339757498195938			
development	sparse_low_n	205	continuous_sign	target	0.8429539550218683	0.9876543209876543	0.0	28.792657660476365	3.0555555555555554	112.0	0.943172990270231			
development	sparse_low_n	205	continuous_sign	reference	0.7668922131569439	0.9076923076923077	0.0	28.09509987606008	2.8055555555555554	112.0	0.943172990270231			
development	sparse_low_n	205	eb_delta_0	target	0.9000967570994781	0.9629629629629629	0.0	4.258500884949154	3.0555555555555554	112.0	0.9104239281080704	0.9257411159757287	0.1664407016082524	True
development	sparse_low_n	205	eb_delta_0	reference	0.818123721128445	0.9153846153846155	0.0	4.058492992508426	2.8055555555555554	112.0	0.9267984591891507	0.9257411159757287	0.1664407016082524	True
development	sparse_low_n	205	eb_delta_0.1	target	0.8982744353931308	0.9588477366255144	0.0	3.927012570431304	3.0555555555555554	112.0	0.9071490218918543	0.9257411159757287	0.1664407016082524	True
development	sparse_low_n	205	eb_delta_0.1	reference	0.8211528334249606	0.9192307692307693	0.0	3.7278707236343678	2.8055555555555554	112.0	0.9169737405405026	0.9257411159757287	0.1664407016082524	True
development	sparse_low_n	205	eb_delta_0.25	target	0.9150658282587608	0.9588477366255144	0.0	3.437383125669133	3.0555555555555554	112.0	0.8842246783783417	0.9257411159757287	0.1664407016082524	True
development	sparse_low_n	205	eb_delta_0.25	reference	0.8222064377020094	0.9192307692307693	0.0	3.2430506527638103	2.8055555555555554	112.0	0.9005992094594221	0.9257411159757287	0.1664407016082524	True
development	sparse_low_n	205	eb_delta_0.5	target	0.9215741200671446	0.9423868312757202	0.0	2.6630004329385564	3.0555555555555554	112.0	0.8351010851351005	0.9257411159757287	0.1664407016082524	True
development	sparse_low_n	205	eb_delta_0.5	reference	0.8098265874466852	0.9076923076923077	0.0	2.494419774519809	2.8055555555555554	112.0	0.858025428648613	0.9257411159757287	0.1664407016082524	True
development	sparse_low_n	206	hard_z1	target	0.5798001288496265	0.8461538461538461	0.6944444444444444	18.305555555555557	2.611111111111111	112.0	0.9301133046536163			
development	sparse_low_n	206	hard_z1	reference	0.8010582190240655	0.8385416666666666	0.6388888888888888	19.75	3.2222222222222223	112.0	0.896475587096977			
development	sparse_low_n	206	wald_p05	target	0.591910526359323	0.7807692307692308	0.9166666666666666	4.166666666666667	2.611111111111111	112.0	0.672597326861493			
development	sparse_low_n	206	wald_p05	reference	0.8011569334420842	0.890625	0.8611111111111112	4.944444444444445	3.2222222222222223	112.0	0.7619095786393973			
development	sparse_low_n	206	continuous_sign	target	0.6328590295047518	0.9038461538461539	0.0	28.077851361972854	2.611111111111111	112.0	0.943172990270231			
development	sparse_low_n	206	continuous_sign	reference	0.748857963115429	0.7986111111111112	0.0	29.771935754582685	3.2222222222222223	112.0	0.943172990270231			
development	sparse_low_n	206	eb_delta_0	target	0.7476262110211577	0.9115384615384614	0.0	3.4574221989435663	2.611111111111111	112.0	0.8809497721621257	0.9330310465233935	0.20403714855373153	True
development	sparse_low_n	206	eb_delta_0	reference	0.8511346545157292	0.9027777777777778	0.0	4.04310079197815	3.2222222222222223	112.0	0.9038741156756381	0.9330310465233935	0.20403714855373153	True
development	sparse_low_n	206	eb_delta_0.1	target	0.7476262110211577	0.9115384615384614	0.0	3.1588702681555496	2.611111111111111	112.0	0.8743999597296934	0.9330310465233935	0.20403714855373153	True
development	sparse_low_n	206	eb_delta_0.1	reference	0.8602432657091401	0.9131944444444444	0.0	3.7441063535986276	3.2222222222222223	112.0	0.8907744908107738	0.9330310465233935	0.20403714855373153	True
development	sparse_low_n	206	eb_delta_0.25	target	0.7624475727484191	0.9115384615384614	0.0	2.7165128446433577	2.611111111111111	112.0	0.8482007099999648	0.9330310465233935	0.20403714855373153	True
development	sparse_low_n	206	eb_delta_0.25	reference	0.8651879403569918	0.9201388888888888	0.0	3.301058787181692	3.2222222222222223	112.0	0.8645752410810451	0.9330310465233935	0.20403714855373153	True
development	sparse_low_n	206	eb_delta_0.5	target	0.7657266350774593	0.9115384615384615	0.0	2.0133057254447952	2.611111111111111	112.0	0.812176741621588	0.9330310465233935	0.20403714855373153	True
development	sparse_low_n	206	eb_delta_0.5	reference	0.8563395751976782	0.9270833333333333	0.0	2.5982884367152517	3.2222222222222223	112.0	0.81872655405402	0.9330310465233935	0.20403714855373153	True
development	sparse_low_n	207	hard_z1	target	0.7175948552091282	0.9192307692307693	0.5833333333333334	19.88888888888889	3.388888888888889	112.0	0.925072590406105			
development	sparse_low_n	207	hard_z1	reference	0.7071708040219171	0.9130434782608696	0.6388888888888888	19.02777777777778	3.0	112.0	0.9453044573733526			
development	sparse_low_n	207	wald_p05	target	0.7105584915923457	0.9288461538461538	0.9722222222222222	4.138888888888889	3.388888888888889	112.0	0.8147955514851221			
development	sparse_low_n	207	wald_p05	reference	0.7932684317138327	0.9347826086956522	0.8611111111111112	4.861111111111111	3.0	112.0	0.7541130917404929			
development	sparse_low_n	207	continuous_sign	target	0.713795730066999	0.9346153846153846	0.0	29.438908377227822	3.388888888888889	112.0	0.943172990270231			
development	sparse_low_n	207	continuous_sign	reference	0.7254996667386362	0.9030100334448161	0.0	29.30373140374872	3.0	112.0	0.943172990270231			
development	sparse_low_n	207	eb_delta_0	target	0.809643846658965	0.9807692307692307	0.0	4.3634830537282925	3.388888888888889	112.0	0.9202486467567186	0.9201641693052376	0.17515058426733726	True
development	sparse_low_n	207	eb_delta_0	reference	0.8112226625917651	0.979933110367893	0.0	4.578130156299497	3.0	112.0	0.8973243032432059	0.9201641693052376	0.17515058426733726	True
development	sparse_low_n	207	eb_delta_0.1	target	0.8117218546067584	0.9807692307692307	0.0	4.006928427317572	3.388888888888889	112.0	0.9104239281080704	0.9201641693052376	0.17515058426733726	True
development	sparse_low_n	207	eb_delta_0.1	reference	0.8112226625917651	0.979933110367893	0.0	4.222217863192589	3.0	112.0	0.8842246783783417	0.9201641693052376	0.17515058426733726	True
development	sparse_low_n	207	eb_delta_0.25	target	0.8128907340773921	0.9769230769230769	0.0	3.4777877114229923	3.388888888888889	112.0	0.8874995845945578	0.9201641693052376	0.17515058426733726	True
development	sparse_low_n	207	eb_delta_0.25	reference	0.8113537375089717	0.979933110367893	0.0	3.695858926572945	3.0	112.0	0.8613003348648292	0.9201641693052376	0.17515058426733726	True
development	sparse_low_n	207	eb_delta_0.5	target	0.8196442599077205	0.976923076923077	0.0	2.645209349985026	3.388888888888889	112.0	0.8318261789188844	0.9201641693052376	0.17515058426733726	True
development	sparse_low_n	207	eb_delta_0.5	reference	0.8046689167314341	0.9765886287625418	0.0	2.866310952482733	3.0	112.0	0.8318261789188844	0.9201641693052376	0.17515058426733726	True
development	sparse_low_n	208	hard_z1	target	0.6610581931537947	0.8294314381270903	0.5555555555555556	19.805555555555557	2.8055555555555554	112.0	0.939652395569663			
development	sparse_low_n	208	hard_z1	reference	0.821320899179737	0.9197530864197531	0.7222222222222222	18.63888888888889	2.7777777777777777	112.0	0.9383153620138774			
development	sparse_low_n	208	wald_p05	target	0.7855637476712769	0.882943143812709	0.8611111111111112	4.25	2.8055555555555554	112.0	0.6921907912723813			
development	sparse_low_n	208	wald_p05	reference	0.7006860484664538	0.9465020576131687	0.9444444444444444	4.111111111111111	2.7777777777777777	112.0	0.780075071082283			
development	sparse_low_n	208	continuous_sign	target	0.6673958588162677	0.8428093645484951	0.0	29.387577398584305	2.8055555555555554	112.0	0.943172990270231			
development	sparse_low_n	208	continuous_sign	reference	0.817814119824466	0.9423868312757202	0.0	29.148812971104007	2.7777777777777777	112.0	0.943172990270231			
development	sparse_low_n	208	eb_delta_0	target	0.8166061310888162	0.9063545150501673	0.0	3.7844156007731007	2.8055555555555554	112.0	0.8613003348648292	0.9332326564863658	0.17442935845367935	True
development	sparse_low_n	208	eb_delta_0	reference	0.8478712063632367	0.9670781893004116	0.0	3.6935266079415316	2.7777777777777777	112.0	0.943172990270231	0.9332326564863658	0.17442935845367935	True
development	sparse_low_n	208	eb_delta_0.1	target	0.8185659858034293	0.9063545150501673	0.0	3.486528307054379	2.8055555555555554	112.0	0.8449258037837488	0.9332326564863658	0.17442935845367935	True
development	sparse_low_n	208	eb_delta_0.1	reference	0.8456495956190665	0.9670781893004116	0.0	3.3957086515520327	2.7777777777777777	112.0	0.933348271621583	0.9332326564863658	0.17442935845367935	True
development	sparse_low_n	208	eb_delta_0.25	target	0.8099426250591315	0.9096989966555185	0.0	3.0461013031196043	2.8055555555555554	112.0	0.7892523981080753	0.9332326564863658	0.17442935845367935	True
development	sparse_low_n	208	eb_delta_0.25	reference	0.8443427657695548	0.97119341563786	0.0	2.9549121815899415	2.7777777777777777	112.0	0.9202486467567186	0.9332326564863658	0.17442935845367935	True
development	sparse_low_n	208	eb_delta_0.5	target	0.7929572175324842	0.899665551839465	0.0	2.35221412442031	2.8055555555555554	112.0	0.6942801178378091	0.9332326564863658	0.17442935845367935	True
development	sparse_low_n	208	eb_delta_0.5	reference	0.8389847633865565	0.9753086419753086	0.0	2.2534965221193977	2.7777777777777777	112.0	0.8776748659459096	0.9332326564863658	0.17442935845367935	True
development	sparse_low_n	209	hard_z1	target	0.678949250653831	0.8865384615384615	0.6666666666666666	18.444444444444443	2.5277777777777777	112.0	0.9172862652717324			
development	sparse_low_n	209	hard_z1	reference	0.6978231112516192	0.8847736625514403	0.5555555555555556	19.166666666666668	3.0277777777777777	112.0	0.9265333394360552			
development	sparse_low_n	209	wald_p05	target	0.5798495846080461	0.8384615384615385	0.8333333333333334	3.9444444444444446	2.5277777777777777	112.0	0.6571262769735974			
development	sparse_low_n	209	wald_p05	reference	0.70531739006553	0.874485596707819	0.8888888888888888	4.472222222222222	3.0277777777777777	112.0	0.8091495222696358			
development	sparse_low_n	209	continuous_sign	target	0.6575156732158233	0.8807692307692307	0.0	28.45261845860024	2.5277777777777777	112.0	0.943172990270231			
development	sparse_low_n	209	continuous_sign	reference	0.70557341316135	0.868312757201646	0.0	29.025137984263136	3.0277777777777777	112.0	0.943172990270231			
development	sparse_low_n	209	eb_delta_0	target	0.7832249097816076	0.9423076923076923	0.0	2.9735352863285436	2.5277777777777777	112.0	0.8743999597296934	0.9434562283080166	0.22367553813298238	True
development	sparse_low_n	209	eb_delta_0	reference	0.8202193329317576	0.9506172839506173	0.0	3.359366708748409	3.0277777777777777	112.0	0.812176741621588	0.9434562283080166	0.22367553813298238	True
development	sparse_low_n	209	eb_delta_0.1	target	0.7883371727910609	0.9461538461538461	0.0	2.721994355733729	2.5277777777777777	112.0	0.8285512727026683	0.9434562283080166	0.22367553813298238	True
development	sparse_low_n	209	eb_delta_0.1	reference	0.8256848591864193	0.9547325102880658	0.0	3.1065887816216797	3.0277777777777777	112.0	0.8056269291891558	0.9434562283080166	0.22367553813298238	True
development	sparse_low_n	209	eb_delta_0.25	target	0.7891236747925151	0.9461538461538461	0.0	2.353527785776801	2.5277777777777777	112.0	0.7794276794594271	0.9434562283080166	0.22367553813298238	True
development	sparse_low_n	209	eb_delta_0.25	reference	0.824123280256516	0.9547325102880658	0.0	2.730422813053019	3.0277777777777777	112.0	0.7925273043242915	0.9434562283080166	0.22367553813298238	True
development	sparse_low_n	209	eb_delta_0.5	target	0.7922696827983325	0.9307692307692308	0.0	1.785110157522359	2.5277777777777777	112.0	0.7139295551351056	0.9434562283080166	0.22367553813298238	True
development	sparse_low_n	209	eb_delta_0.5	reference	0.8242534118340079	0.9382716049382716	0.0	2.1216135292718565	3.0277777777777777	112.0	0.7532284297296985	0.9434562283080166	0.22367553813298238	True
development	sparse_low_n	210	hard_z1	target	0.7096390200953745	0.9596153846153845	0.7777777777777778	19.194444444444443	2.5277777777777777	112.0	0.9431756854747914			
development	sparse_low_n	210	hard_z1	reference	0.6160175594888561	0.6527272727272727	0.5	19.38888888888889	2.75	112.0	0.9374681244939221			
development	sparse_low_n	210	wald_p05	target	0.7486464886260032	0.9153846153846154	0.8611111111111112	4.055555555555555	2.5277777777777777	112.0	0.7474134423554069			
development	sparse_low_n	210	wald_p05	reference	0.5625807869971445	0.6636363636363636	0.9166666666666666	4.388888888888889	2.75	112.0	0.8131975913519698			
development	sparse_low_n	210	continuous_sign	target	0.7006607008191666	0.9423076923076923	0.0	28.77676475125857	2.5277777777777777	112.0	0.943172990270231			
development	sparse_low_n	210	continuous_sign	reference	0.6210657432355859	0.6545454545454545	0.0	29.398354901809725	2.75	112.0	0.943172990270231			
development	sparse_low_n	210	eb_delta_0	target	0.8122308761088427	0.9692307692307693	0.0	3.3259417257061554	2.5277777777777777	112.0	0.8711250535134775	0.9401930201384077	0.18417193928901754	True
development	sparse_low_n	210	eb_delta_0	reference	0.7187995467241904	0.7345454545454545	0.0	3.3724364275176875	2.75	112.0	0.9136988343242864	0.9401930201384077	0.18417193928901754	True
development	sparse_low_n	210	eb_delta_0.1	target	0.8117058399898326	0.9692307692307693	0.0	3.0592580080113505	2.5277777777777777	112.0	0.8613003348648292	0.9401930201384077	0.18417193928901754	True
development	sparse_low_n	210	eb_delta_0.1	reference	0.7361310078761697	0.749090909090909	0.0	3.1054965144484856	2.75	112.0	0.8907744908107738	0.9401930201384077	0.18417193928901754	True
development	sparse_low_n	210	eb_delta_0.25	target	0.806192960740225	0.9615384615384617	0.0	2.6652900601254768	2.5277777777777777	112.0	0.8318261789188844	0.9401930201384077	0.18417193928901754	True
development	sparse_low_n	210	eb_delta_0.25	reference	0.7464256351769692	0.76	0.0	2.7097154079851715	2.75	112.0	0.854750522432397	0.9401930201384077	0.18417193928901754	True
development	sparse_low_n	210	eb_delta_0.5	target	0.7917544674674433	0.9576923076923077	0.0	2.0437953457544733	2.5277777777777777	112.0	0.772877867026995	0.9401930201384077	0.18417193928901754	True
development	sparse_low_n	210	eb_delta_0.5	reference	0.750725922530468	0.7745454545454545	0.0	2.079841210573873	2.75	112.0	0.8089018354053719	0.9401930201384077	0.18417193928901754	True
development	sparse_low_n	211	hard_z1	target	0.8467742462601754	0.9526748971193416	0.6388888888888888	18.75	2.9444444444444446	112.0	0.9133553362349596			
development	sparse_low_n	211	hard_z1	reference	0.6455623851830304	0.794238683127572	0.5	19.694444444444443	2.611111111111111	112.0	0.9407459850690758			
development	sparse_low_n	211	wald_p05	target	0.7589031534028116	0.8847736625514404	0.8888888888888888	4.444444444444445	2.9444444444444446	112.0	0.7942492742085191			
development	sparse_low_n	211	wald_p05	reference	0.6733926522208474	0.882716049382716	0.9166666666666666	3.5	2.611111111111111	112.0	0.5775637610252614			
development	sparse_low_n	211	continuous_sign	target	0.8031069964271749	0.9547325102880657	0.0	29.07027878847218	2.9444444444444446	112.0	0.943172990270231			
development	sparse_low_n	211	continuous_sign	reference	0.6892631720243827	0.7983539094650207	0.0	29.127635881952113	2.611111111111111	112.0	0.943172990270231			
development	sparse_low_n	211	eb_delta_0	target	0.8100112414897279	0.9300411522633745	0.0	3.3222816300272884	2.9444444444444446	112.0	0.9005992094594221	0.9438807328267135	0.17095415470510555	True
development	sparse_low_n	211	eb_delta_0	reference	0.7867373784463825	0.8600823045267489	0.0	2.9630763728865848	2.611111111111111	112.0	0.858025428648613	0.9438807328267135	0.17095415470510555	True
development	sparse_low_n	211	eb_delta_0.1	target	0.8064939845710688	0.9300411522633745	0.0	3.0719151657430825	2.9444444444444446	112.0	0.9005992094594221	0.9438807328267135	0.17095415470510555	True
development	sparse_low_n	211	eb_delta_0.1	reference	0.7748151300802508	0.8559670781893004	0.0	2.7126626453208	2.611111111111111	112.0	0.8318261789188844	0.9438807328267135	0.17095415470510555	True
development	sparse_low_n	211	eb_delta_0.25	target	0.8161338739036902	0.9300411522633745	0.0	2.701176792534618	2.9444444444444446	112.0	0.8809497721621257	0.9438807328267135	0.17095415470510555	True
development	sparse_low_n	211	eb_delta_0.25	reference	0.7631549091507374	0.8477366255144032	0.0	2.3419798337591526	2.611111111111111	112.0	0.7892523981080753	0.9438807328267135	0.17095415470510555	True
development	sparse_low_n	211	eb_delta_0.5	target	0.813398229633622	0.9259259259259259	0.0	2.1110712106208194	2.9444444444444446	112.0	0.8416508975675326	0.9438807328267135	0.17095415470510555	True
development	sparse_low_n	211	eb_delta_0.5	reference	0.74599211205224	0.8230452674897119	0.0	1.7622802772904689	2.611111111111111	112.0	0.7008299302702411	0.9438807328267135	0.17095415470510555	True
development	sparse_low_n	212	hard_z1	target	0.6141453382106596	0.808641975308642	0.5833333333333334	19.416666666666668	2.388888888888889	112.0	0.9357688706690922			
development	sparse_low_n	212	hard_z1	reference	0.5817526249439737	0.888888888888889	0.6944444444444444	18.055555555555557	2.5	112.0	0.9448770079020863			
development	sparse_low_n	212	wald_p05	target	0.7601388919800757	0.831275720164609	0.8888888888888888	4.694444444444445	2.388888888888889	112.0	0.7169031382614549			
development	sparse_low_n	212	wald_p05	reference	0.5713253006579733	0.9444444444444444	0.8888888888888888	3.9444444444444446	2.5	112.0	0.6910492772674873			
development	sparse_low_n	212	continuous_sign	target	0.6071845461731877	0.7736625514403292	0.0	28.783806693306797	2.388888888888889	112.0	0.943172990270231			
development	sparse_low_n	212	continuous_sign	reference	0.5273047021006485	0.8353909465020576	0.0	28.576956811234158	2.5	112.0	0.943172990270231			
development	sparse_low_n	212	eb_delta_0	target	0.776775202731636	0.8477366255144033	0.0	3.7951453094678675	2.388888888888889	112.0	0.8711250535134775	0.9332656554428835	0.1715020040527096	True
development	sparse_low_n	212	eb_delta_0	reference	0.6513995214071381	0.9176954732510287	0.0	3.6791016634503384	2.5	112.0	0.8776748659459096	0.9332656554428835	0.1715020040527096	True
development	sparse_low_n	212	eb_delta_0.1	target	0.780722231200801	0.8436213991769548	0.0	3.4972584187499494	2.388888888888889	112.0	0.8383759913513167	0.9332656554428835	0.1715020040527096	True
development	sparse_low_n	212	eb_delta_0.1	reference	0.6548065597407904	0.9218106995884773	0.0	3.3818137727105073	2.5	112.0	0.8645752410810451	0.9332656554428835	0.1715020040527096	True
development	sparse_low_n	212	eb_delta_0.25	target	0.7841429892074103	0.8395061728395061	0.0	3.0562522007831046	2.388888888888889	112.0	0.815451647837804	0.9332656554428835	0.1715020040527096	True
development	sparse_low_n	212	eb_delta_0.25	reference	0.6562479990357972	0.9218106995884773	0.0	2.9446341144143418	2.5	112.0	0.8482007099999648	0.9332656554428835	0.1715020040527096	True
development	sparse_low_n	212	eb_delta_0.5	target	0.7766436351159972	0.8353909465020576	0.0	2.348600854169137	2.388888888888889	112.0	0.6975550240540251	0.9332656554428835	0.1715020040527096	True
development	sparse_low_n	212	eb_delta_0.5	reference	0.6810145469227312	0.9176954732510287	0.0	2.260768700163259	2.5	112.0	0.776152773243211	0.9332656554428835	0.1715020040527096	True
development	sparse_low_n	213	hard_z1	target	0.685047273234046	0.8384615384615385	0.5833333333333334	18.11111111111111	2.4444444444444446	112.0	0.916398368185063			
development	sparse_low_n	213	hard_z1	reference	0.6513861840561667	0.8374485596707819	0.6388888888888888	19.97222222222222	3.1944444444444446	112.0	0.900062892912798			
development	sparse_low_n	213	wald_p05	target	0.7409675960633394	0.8480769230769232	0.9166666666666666	4.138888888888889	2.4444444444444446	112.0	0.7492979903516258			
development	sparse_low_n	213	wald_p05	reference	0.7285266826688817	0.8539094650205761	0.8611111111111112	4.722222222222222	3.1944444444444446	112.0	0.7241702045484956			
development	sparse_low_n	213	continuous_sign	target	0.7171993385679891	0.85	0.0	28.361731694441183	2.4444444444444446	112.0	0.943172990270231			
development	sparse_low_n	213	continuous_sign	reference	0.5945782809902486	0.823045267489712	0.0	30.06591292785421	3.1944444444444446	112.0	0.933348271621583			
development	sparse_low_n	213	eb_delta_0	target	0.8135434664063684	0.8923076923076924	0.0	3.686232463477295	2.4444444444444446	112.0	0.9071490218918543	0.9293064506563691	0.1812710904776358	True
development	sparse_low_n	213	eb_delta_0	reference	0.7605222851928409	0.8847736625514404	0.0	4.231447362781852	3.1944444444444446	112.0	0.8940493970269899	0.9293064506563691	0.1812710904776358	True
development	sparse_low_n	213	eb_delta_0.1	target	0.8156436108824093	0.8923076923076924	0.0	3.3714893463216953	2.4444444444444446	112.0	0.9005992094594221	0.9293064506563691	0.1812710904776358	True
development	sparse_low_n	213	eb_delta_0.1	reference	0.7677031823062499	0.8930041152263375	0.0	3.9153581988526494	3.1944444444444446	112.0	0.8809497721621257	0.9293064506563691	0.1812710904776358	True
development	sparse_low_n	213	eb_delta_0.25	target	0.8439955613089625	0.9076923076923077	0.0	2.9077544936348096	2.4444444444444446	112.0	0.8678501472972613	0.9293064506563691	0.1812710904776358	True
development	sparse_low_n	213	eb_delta_0.25	reference	0.7885930648179844	0.8971193415637859	0.0	3.4451789448865	3.1944444444444446	112.0	0.858025428648613	0.9293064506563691	0.1812710904776358	True
development	sparse_low_n	213	eb_delta_0.5	target	0.8492459224990647	0.9038461538461539	0.0	2.185363127762842	2.4444444444444446	112.0	0.8220014602702361	0.9293064506563691	0.1812710904776358	True
development	sparse_low_n	213	eb_delta_0.5	reference	0.8068717120157524	0.8971193415637859	0.0	2.6932063560614266	3.1944444444444446	112.0	0.815451647837804	0.9293064506563691	0.1812710904776358	True
development	sparse_low_n	214	hard_z1	target	0.6316226286595169	0.8333333333333333	0.4722222222222222	19.194444444444443	3.1666666666666665	112.0	0.9018187079320149			
development	sparse_low_n	214	hard_z1	reference	0.6402284222451521	0.7881944444444444	0.6111111111111112	20.416666666666668	2.75	112.0	0.9429930233862236			
development	sparse_low_n	214	wald_p05	target	0.5778130204912686	0.8395061728395062	0.9444444444444444	4.555555555555555	3.1666666666666665	112.0	0.7783566653302856			
development	sparse_low_n	214	wald_p05	reference	0.7482412888110521	0.890625	0.9722222222222222	4.444444444444445	2.75	112.0	0.8477185369106875			
development	sparse_low_n	214	continuous_sign	target	0.6016380676974183	0.831275720164609	0.0	28.75228375016532	3.1666666666666665	112.0	0.9366231778377989			
development	sparse_low_n	214	continuous_sign	reference	0.6387124402618418	0.7986111111111112	0.0	29.48823639197489	2.75	112.0	0.943172990270231			
development	sparse_low_n	214	eb_delta_0	target	0.6704562868794455	0.8888888888888888	0.0	4.107133975844273	3.1666666666666665	112.0	0.9235235529729348	0.9273324254212566	0.17350436154488824	True
development	sparse_low_n	214	eb_delta_0	reference	0.7758520163493834	0.9027777777777778	0.0	4.03163491564722	2.75	112.0	0.9267984591891507	0.9273324254212566	0.17350436154488824	True
development	sparse_low_n	214	eb_delta_0.1	target	0.6692832490524792	0.8888888888888888	0.0	3.7836247640911598	3.1666666666666665	112.0	0.9071490218918543	0.9273324254212566	0.17350436154488824	True
development	sparse_low_n	214	eb_delta_0.1	reference	0.7838803408612262	0.9097222222222222	0.0	3.7068608314417233	2.75	112.0	0.9136988343242864	0.9273324254212566	0.17350436154488824	True
development	sparse_low_n	214	eb_delta_0.25	target	0.6695439241251384	0.8930041152263375	0.0	3.3074678680785996	3.1666666666666665	112.0	0.8973243032432059	0.9273324254212566	0.17350436154488824	True
development	sparse_low_n	214	eb_delta_0.25	reference	0.7825642220887927	0.9097222222222222	0.0	3.22503916015853	2.75	112.0	0.9104239281080704	0.9273324254212566	0.17350436154488824	True
development	sparse_low_n	214	eb_delta_0.5	target	0.671238312097423	0.8888888888888888	0.0	2.563988590498143	3.1666666666666665	112.0	0.8613003348648292	0.9273324254212566	0.17350436154488824	True
development	sparse_low_n	214	eb_delta_0.5	reference	0.7912506059868522	0.9236111111111112	0.0	2.465385751418023	2.75	112.0	0.8416508975675326	0.9273324254212566	0.17350436154488824	True
development	sparse_low_n	215	hard_z1	target	0.5062845973922353	0.6126984126984127	0.6388888888888888	19.333333333333332	2.5277777777777777	112.0	0.9136501857555804			
development	sparse_low_n	215	hard_z1	reference	0.6710708339764329	0.9047619047619048	0.6944444444444444	19.055555555555557	2.5277777777777777	112.0	0.9052148732189422			
development	sparse_low_n	215	wald_p05	target	0.41653784857576687	0.5682539682539682	0.8611111111111112	4.083333333333333	2.5277777777777777	112.0	0.6832506336962395			
development	sparse_low_n	215	wald_p05	reference	0.6159101802910901	0.8238095238095239	0.9166666666666666	4.333333333333333	2.5277777777777777	112.0	0.7765581853643635			
development	sparse_low_n	215	continuous_sign	target	0.5220917522455357	0.6285714285714286	0.0	28.94626956449509	2.5277777777777777	112.0	0.943172990270231			
development	sparse_low_n	215	continuous_sign	reference	0.6317661184540599	0.8984126984126984	0.0	28.89823932361058	2.5277777777777777	112.0	0.943172990270231			
development	sparse_low_n	215	eb_delta_0	target	0.5703875297784018	0.6444444444444444	0.0	3.6521058289471204	2.5277777777777777	112.0	0.854750522432397	0.9341698443133156	0.16988059842727588	True
development	sparse_low_n	215	eb_delta_0	reference	0.7437413073292127	0.9174603174603175	0.0	3.7208715553730394	2.5277777777777777	112.0	0.9038741156756381	0.9341698443133156	0.16988059842727588	True
development	sparse_low_n	215	eb_delta_0.1	target	0.5765390244777099	0.6444444444444445	0.0	3.3582034147328494	2.5277777777777777	112.0	0.8285512727026683	0.9341698443133156	0.16988059842727588	True
development	sparse_low_n	215	eb_delta_0.1	reference	0.7463698328896623	0.9142857142857144	0.0	3.4274066388313535	2.5277777777777777	112.0	0.8940493970269899	0.9341698443133156	0.16988059842727588	True
development	sparse_low_n	215	eb_delta_0.25	target	0.5643669179450365	0.634920634920635	0.0	2.9221973798744054	2.5277777777777777	112.0	0.81872655405402	0.9341698443133156	0.16988059842727588	True
development	sparse_low_n	215	eb_delta_0.25	reference	0.747946948225932	0.9174603174603175	0.0	2.9942651710042045	2.5277777777777777	112.0	0.8842246783783417	0.9341698443133156	0.16988059842727588	True
development	sparse_low_n	215	eb_delta_0.5	target	0.5592624861732701	0.6349206349206349	0.0	2.2287625459571028	2.5277777777777777	112.0	0.6877303054053769	0.9341698443133156	0.16988059842727588	True
development	sparse_low_n	215	eb_delta_0.5	reference	0.731518663473122	0.9015873015873016	0.0	2.3154062284000663	2.5277777777777777	112.0	0.8285512727026683	0.9341698443133156	0.16988059842727588	True
development	sparse_low_n	216	hard_z1	target	0.7299949587381331	0.9423868312757202	0.5277777777777778	19.833333333333332	2.8055555555555554	112.0	0.9446939926940097			
development	sparse_low_n	216	hard_z1	reference	0.451553858084352	0.7921810699588476	0.6388888888888888	20.5	2.9444444444444446	112.0	0.9276716240106081			
development	sparse_low_n	216	wald_p05	target	0.6915431023010559	0.934156378600823	0.9166666666666666	4.305555555555555	2.8055555555555554	112.0	0.8543233703069533			
development	sparse_low_n	216	wald_p05	reference	0.6721306041418285	0.8271604938271605	0.9166666666666666	4.611111111111111	2.9444444444444446	112.0	0.7598584410726316			
development	sparse_low_n	216	continuous_sign	target	0.748492811205735	0.934156378600823	0.0	29.390435226657857	2.8055555555555554	112.0	0.943172990270231			
development	sparse_low_n	216	continuous_sign	reference	0.484809799126237	0.8065843621399178	0.0	29.654506104300417	2.9444444444444446	112.0	0.943172990270231			
development	sparse_low_n	216	eb_delta_0	target	0.7981317600428776	0.9711934156378601	0.0	4.658203741824518	2.8055555555555554	112.0	0.9267984591891507	0.9145124200780714	0.1616022369723683	True
development	sparse_low_n	216	eb_delta_0	reference	0.6604425054982043	0.8930041152263374	0.0	4.916407008223531	2.9444444444444446	112.0	0.9300733654053668	0.9145124200780714	0.1616022369723683	True
development	sparse_low_n	216	eb_delta_0.1	target	0.8055580594752061	0.9753086419753086	0.0	4.276916396548936	2.8055555555555554	112.0	0.9169737405405026	0.9145124200780714	0.1616022369723683	True
development	sparse_low_n	216	eb_delta_0.1	reference	0.6547513175750734	0.8930041152263374	0.0	4.534741589530968	2.9444444444444446	112.0	0.9235235529729348	0.9145124200780714	0.1616022369723683	True
development	sparse_low_n	216	eb_delta_0.25	target	0.8095969240787532	0.9753086419753086	0.0	3.713242518322932	2.8055555555555554	112.0	0.9038741156756381	0.9145124200780714	0.1616022369723683	True
development	sparse_low_n	216	eb_delta_0.25	reference	0.6718248813444659	0.897119341563786	0.0	3.9673621508855472	2.9444444444444446	112.0	0.9038741156756381	0.9145124200780714	0.1616022369723683	True
development	sparse_low_n	216	eb_delta_0.5	target	0.8176746532858472	0.9711934156378601	0.0	2.8283655491057926	2.8055555555555554	112.0	0.8678501472972613	0.9145124200780714	0.1616022369723683	True
development	sparse_low_n	216	eb_delta_0.5	reference	0.7079573069959709	0.9176954732510287	0.0	3.0623663996156347	2.9444444444444446	112.0	0.8383759913513167	0.9145124200780714	0.1616022369723683	True
development	sparse_low_n	217	hard_z1	target	0.46435628562324793	0.732638888888889	0.8055555555555556	18.38888888888889	2.638888888888889	112.0	0.9349741577750106			
development	sparse_low_n	217	hard_z1	reference	0.5193012717293052	0.9173076923076923	0.7777777777777778	19.02777777777778	2.888888888888889	112.0	0.8852687401977277			
development	sparse_low_n	217	wald_p05	target	0.6377764906690342	0.7864583333333334	0.9166666666666666	3.9166666666666665	2.638888888888889	112.0	0.7436320300701711			
development	sparse_low_n	217	wald_p05	reference	0.557979801611868	0.8711538461538462	0.9444444444444444	4.138888888888889	2.888888888888889	112.0	0.8372312142059993			
development	sparse_low_n	217	continuous_sign	target	0.5134251178065786	0.763888888888889	0.0	28.085992708028556	2.638888888888889	112.0	0.943172990270231			
development	sparse_low_n	217	continuous_sign	reference	0.5074717141038338	0.8846153846153846	0.0	29.297330725064665	2.888888888888889	112.0	0.9398980840540151			
development	sparse_low_n	217	eb_delta_0	target	0.6583413863970637	0.8020833333333334	0.0	3.6547508300201366	2.638888888888889	112.0	0.8973243032432059	0.9346315639526596	0.16758689652282055	True
development	sparse_low_n	217	eb_delta_0	reference	0.5806396234493918	0.9153846153846154	0.0	3.666514474327471	2.888888888888889	112.0	0.9169737405405026	0.9346315639526596	0.16758689652282055	True
development	sparse_low_n	217	eb_delta_0.1	target	0.6727413769525772	0.8090277777777779	0.0	3.363761023798512	2.638888888888889	112.0	0.8809497721621257	0.9346315639526596	0.16758689652282055	True
development	sparse_low_n	217	eb_delta_0.1	reference	0.5790717396777013	0.9153846153846154	0.0	3.374552101361347	2.888888888888889	112.0	0.9005992094594221	0.9346315639526596	0.16758689652282055	True
development	sparse_low_n	217	eb_delta_0.25	target	0.6850468234272886	0.8090277777777778	0.0	2.9364087562649894	2.638888888888889	112.0	0.854750522432397	0.9346315639526596	0.16758689652282055	True
development	sparse_low_n	217	eb_delta_0.25	reference	0.5721469196860681	0.9076923076923076	0.0	2.9425750867173037	2.888888888888889	112.0	0.8842246783783417	0.9346315639526596	0.16758689652282055	True
development	sparse_low_n	217	eb_delta_0.5	target	0.7163340756342678	0.8125	0.0	2.2679497713704575	2.638888888888889	112.0	0.7859774918918592	0.9346315639526596	0.16758689652282055	True
development	sparse_low_n	217	eb_delta_0.5	reference	0.5733228325148361	0.8999999999999999	0.0	2.263319739549004	2.888888888888889	112.0	0.8383759913513167	0.9346315639526596	0.16758689652282055	True
development	sparse_low_n	218	hard_z1	target	0.6958210710771044	0.8807692307692307	0.5833333333333334	18.72222222222222	2.25	112.0	0.8818697039570422			
development	sparse_low_n	218	hard_z1	reference	0.5905772163781277	0.7403846153846154	0.5555555555555556	18.833333333333332	2.361111111111111	112.0	0.9293333855974795			
development	sparse_low_n	218	wald_p05	target	0.8023547750461216	0.9115384615384615	0.9722222222222222	3.7222222222222223	2.25	112.0	0.7242886108016542			
development	sparse_low_n	218	wald_p05	reference	0.7307628554217805	0.8269230769230769	0.8888888888888888	3.638888888888889	2.361111111111111	112.0	0.756328116446811			
development	sparse_low_n	218	continuous_sign	target	0.7246243453547243	0.9115384615384615	0.0	28.60703168118093	2.25	112.0	0.943172990270231			
development	sparse_low_n	218	continuous_sign	reference	0.6047996033315639	0.7692307692307693	0.0	28.95449468139643	2.361111111111111	112.0	0.943172990270231			
development	sparse_low_n	218	eb_delta_0	target	0.8427938539818023	0.9384615384615385	0.0	2.1712477047410648	2.25	112.0	0.8449258037837488	0.959724528837385	0.21398823944514786	True
development	sparse_low_n	218	eb_delta_0	reference	0.7765522179573239	0.8538461538461538	0.0	2.3396044394559112	2.361111111111111	112.0	0.7827025856756432	0.959724528837385	0.21398823944514786	True
development	sparse_low_n	218	eb_delta_0.1	target	0.8456792359904547	0.9384615384615385	0.0	1.991479566761188	2.25	112.0	0.8383759913513167	0.959724528837385	0.21398823944514786	True
development	sparse_low_n	218	eb_delta_0.1	reference	0.7719704027805698	0.8538461538461538	0.0	2.160146987901195	2.361111111111111	112.0	0.7597782421621307	0.959724528837385	0.21398823944514786	True
development	sparse_low_n	218	eb_delta_0.25	target	0.8486957717267729	0.9384615384615385	0.0	1.7255898283195585	2.25	112.0	0.8056269291891558	0.959724528837385	0.21398823944514786	True
development	sparse_low_n	218	eb_delta_0.25	reference	0.7672576785987653	0.8346153846153846	0.0	1.8961203405552238	2.361111111111111	112.0	0.7008299302702411	0.959724528837385	0.21398823944514786	True
development	sparse_low_n	218	eb_delta_0.5	target	0.8425315465264704	0.926923076923077	0.0	1.3075365943745245	2.25	112.0	0.7499535235134823	0.959724528837385	0.21398823944514786	True
development	sparse_low_n	218	eb_delta_0.5	reference	0.7808722151239781	0.8461538461538461	0.0	1.4824145285259471	2.361111111111111	112.0	0.6353318059459195	0.959724528837385	0.21398823944514786	True
development	sparse_low_n	219	hard_z1	target	0.5568538971574293	0.8163636363636364	0.6388888888888888	20.22222222222222	2.9444444444444446	112.0	0.9151132296513265			
development	sparse_low_n	219	hard_z1	reference	0.4869531171326006	0.8072727272727273	0.6111111111111112	20.083333333333332	2.9722222222222223	112.0	0.9298731204521544			
development	sparse_low_n	219	wald_p05	target	0.6620914694238285	0.9072727272727273	0.8611111111111112	4.666666666666667	2.9444444444444446	112.0	0.7366741991779377			
development	sparse_low_n	219	wald_p05	reference	0.7007147154138478	0.9181818181818181	0.9722222222222222	3.9166666666666665	2.9722222222222223	112.0	0.7258826497253902			
development	sparse_low_n	219	continuous_sign	target	0.5862130931217643	0.8290909090909091	0.0	29.520506810795283	2.9444444444444446	112.0	0.943172990270231			
development	sparse_low_n	219	continuous_sign	reference	0.45127567151441034	0.7854545454545455	0.0	29.410732614127014	2.9722222222222223	112.0	0.943172990270231			
development	sparse_low_n	219	eb_delta_0	target	0.7377048944685626	0.9272727272727272	0.0	4.081581675735849	2.9444444444444446	112.0	0.8809497721621257	0.9291895063164061	0.17872127608941699	True
development	sparse_low_n	219	eb_delta_0	reference	0.7181169381490182	0.9236363636363637	0.0	3.849194449846155	2.9722222222222223	112.0	0.8809497721621257	0.9291895063164061	0.17872127608941699	True
development	sparse_low_n	219	eb_delta_0.1	target	0.7377048944685626	0.9272727272727272	0.0	3.765424215751933	2.9444444444444446	112.0	0.8809497721621257	0.9291895063164061	0.17872127608941699	True
development	sparse_low_n	219	eb_delta_0.1	reference	0.7297585424286653	0.9309090909090909	0.0	3.5335407589219168	2.9722222222222223	112.0	0.8678501472972613	0.9291895063164061	0.17872127608941699	True
development	sparse_low_n	219	eb_delta_0.25	target	0.7391439357594216	0.9272727272727272	0.0	3.295929862984399	2.9444444444444446	112.0	0.8613003348648292	0.9291895063164061	0.17872127608941699	True
development	sparse_low_n	219	eb_delta_0.25	reference	0.7539573827852352	0.9381818181818182	0.0	3.068001396335263	2.9722222222222223	112.0	0.8482007099999648	0.9291895063164061	0.17872127608941699	True
development	sparse_low_n	219	eb_delta_0.5	target	0.7574590067339914	0.9454545454545454	0.0	2.5416301439039795	2.9444444444444446	112.0	0.815451647837804	0.9291895063164061	0.17872127608941699	True
development	sparse_low_n	219	eb_delta_0.5	reference	0.794245181865362	0.949090909090909	0.0	2.3431174541407764	2.9722222222222223	112.0	0.776152773243211	0.9291895063164061	0.17872127608941699	True
development	sparse_low_n	220	hard_z1	target	0.5426630984972195	0.8090909090909091	0.6666666666666666	18.805555555555557	3.1666666666666665	112.0	0.9270720042569167			
development	sparse_low_n	220	hard_z1	reference	0.683551008425595	0.9053497942386831	0.6666666666666666	20.305555555555557	3.111111111111111	112.0	0.9315732427954817			
development	sparse_low_n	220	wald_p05	target	0.6035889593786506	0.8763636363636363	0.9166666666666666	4.805555555555555	3.1666666666666665	112.0	0.6877169874104002			
development	sparse_low_n	220	wald_p05	reference	0.7623098165038604	0.9238683127572017	0.8888888888888888	4.5	3.111111111111111	112.0	0.7132523706020812			
development	sparse_low_n	220	continuous_sign	target	0.5098347789569888	0.76	0.0	29.064933006012	3.1666666666666665	112.0	0.943172990270231			
development	sparse_low_n	220	continuous_sign	reference	0.6834985684187805	0.9053497942386831	0.0	29.457874205272372	3.111111111111111	112.0	0.943172990270231			
development	sparse_low_n	220	eb_delta_0	target	0.7021809433241762	0.8763636363636363	0.0	4.310846893350532	3.1666666666666665	112.0	0.8449258037837488	0.9221863620833523	0.1952632909285721	True
development	sparse_low_n	220	eb_delta_0	reference	0.7928950232069121	0.9506172839506172	0.0	4.404280462916421	3.111111111111111	112.0	0.9235235529729348	0.9221863620833523	0.1952632909285721	True
development	sparse_low_n	220	eb_delta_0.1	target	0.7063567080865575	0.8799999999999999	0.0	3.9640776366145705	3.1666666666666665	112.0	0.81872655405402	0.9221863620833523	0.1952632909285721	True
development	sparse_low_n	220	eb_delta_0.1	reference	0.8083546419673905	0.9547325102880658	0.0	4.056668747506435	3.111111111111111	112.0	0.9104239281080704	0.9221863620833523	0.1952632909285721	True
development	sparse_low_n	220	eb_delta_0.25	target	0.7307588334167231	0.8945454545454545	0.0	3.4517761562380866	3.1666666666666665	112.0	0.776152773243211	0.9221863620833523	0.1952632909285721	True
development	sparse_low_n	220	eb_delta_0.25	reference	0.8104508614603366	0.9588477366255144	0.0	3.540670851331152	3.111111111111111	112.0	0.8907744908107738	0.9221863620833523	0.1952632909285721	True
development	sparse_low_n	220	eb_delta_0.5	target	0.7645564294622467	0.92	0.0	2.6388756918841225	3.1666666666666665	112.0	0.6582561494594321	0.9221863620833523	0.1952632909285721	True
development	sparse_low_n	220	eb_delta_0.5	reference	0.8363915776855464	0.9588477366255144	0.0	2.725051427364271	3.111111111111111	112.0	0.8285512727026683	0.9221863620833523	0.1952632909285721	True
development	sparse_low_n	221	hard_z1	target	0.5464807842140386	0.7709090909090909	0.5	19.666666666666668	3.0555555555555554	112.0	0.9355276931210998			
development	sparse_low_n	221	hard_z1	reference	0.7275203693589762	0.8903846153846154	0.6388888888888888	19.305555555555557	2.611111111111111	112.0	0.9440238456442293			
development	sparse_low_n	221	wald_p05	target	0.6038193151985835	0.8327272727272728	0.8888888888888888	4.5	3.0555555555555554	112.0	0.8471854559383687			
development	sparse_low_n	221	wald_p05	reference	0.8131962955084167	0.9538461538461538	0.8888888888888888	3.75	2.611111111111111	112.0	0.7774980784311842			
development	sparse_low_n	221	continuous_sign	target	0.52791091837944	0.7745454545454546	0.0	28.960513527942233	3.0555555555555554	112.0	0.943172990270231			
development	sparse_low_n	221	continuous_sign	reference	0.7037750874538222	0.8961538461538461	0.0	28.892056372998752	2.611111111111111	112.0	0.943172990270231			
development	sparse_low_n	221	eb_delta_0	target	0.6774574294639591	0.8909090909090909	0.0	3.436337228392208	3.0555555555555554	112.0	0.9104239281080704	0.9403912687171163	0.17849419433890087	True
development	sparse_low_n	221	eb_delta_0	reference	0.8188315521682377	0.9461538461538462	0.0	3.2398394093676997	2.611111111111111	112.0	0.8907744908107738	0.9403912687171163	0.17849419433890087	True
development	sparse_low_n	221	eb_delta_0.1	target	0.6901043445251609	0.9018181818181819	0.0	3.1703582351397026	3.0555555555555554	112.0	0.9005992094594221	0.9403912687171163	0.17849419433890087	True
development	sparse_low_n	221	eb_delta_0.1	reference	0.8317460533096517	0.9461538461538462	0.0	2.9739755542334327	2.611111111111111	112.0	0.8711250535134775	0.9403912687171163	0.17849419433890087	True
development	sparse_low_n	221	eb_delta_0.25	target	0.6970145146101473	0.9090909090909091	0.0	2.776520302962064	3.0555555555555554	112.0	0.8874995845945578	0.9403912687171163	0.17849419433890087	True
development	sparse_low_n	221	eb_delta_0.25	reference	0.8352681899845829	0.9423076923076924	0.0	2.581373149229058	2.611111111111111	112.0	0.8482007099999648	0.9403912687171163	0.17849419433890087	True
development	sparse_low_n	221	eb_delta_0.5	target	0.7027512595863626	0.9127272727272727	0.0	2.153027673017803	3.0555555555555554	112.0	0.8482007099999648	0.9403912687171163	0.17849419433890087	True
development	sparse_low_n	221	eb_delta_0.5	reference	0.8404861702437398	0.9384615384615385	0.0	1.9673618381192028	2.611111111111111	112.0	0.7990771167567237	0.9403912687171163	0.17849419433890087	True
development	sparse_low_n	222	hard_z1	target	0.7884080924355982	0.8673076923076922	0.5555555555555556	19.13888888888889	3.25	112.0	0.9211382058303059			
development	sparse_low_n	222	hard_z1	reference	0.6065497359063363	0.8236363636363636	0.5277777777777778	18.47222222222222	2.75	112.0	0.9412315314162779			
development	sparse_low_n	222	wald_p05	target	0.8383108646647094	0.9557692307692308	0.9444444444444444	3.9166666666666665	3.25	112.0	0.7381840053027812			
development	sparse_low_n	222	wald_p05	reference	0.7472691768224045	0.8545454545454546	0.9166666666666666	4.444444444444445	2.75	112.0	0.8290521601365799			
development	sparse_low_n	222	continuous_sign	target	0.8488857081715061	0.9153846153846154	0.0	29.040362994388374	3.25	112.0	0.943172990270231			
development	sparse_low_n	222	continuous_sign	reference	0.6444739807395651	0.8290909090909091	0.0	28.19204666482075	2.75	112.0	0.943172990270231			
development	sparse_low_n	222	eb_delta_0	target	0.8880630461291301	0.923076923076923	0.0	2.949847874305271	3.25	112.0	0.8874995845945578	0.946279033313228	0.2072378522723212	True
development	sparse_low_n	222	eb_delta_0	reference	0.7657297916073501	0.8727272727272727	0.0	3.066901159285259	2.75	112.0	0.8743999597296934	0.946279033313228	0.2072378522723212	True
development	sparse_low_n	222	eb_delta_0.1	target	0.8876725743222434	0.9269230769230768	0.0	2.709999215428843	3.25	112.0	0.8711250535134775	0.946279033313228	0.2072378522723212	True
development	sparse_low_n	222	eb_delta_0.1	reference	0.7788102458541446	0.8799999999999999	0.0	2.8277142663967494	2.75	112.0	0.851475616216181	0.946279033313228	0.2072378522723212	True
development	sparse_low_n	222	eb_delta_0.25	target	0.8894947760877142	0.9307692307692307	0.0	2.355974197858441	3.25	112.0	0.8252763664864522	0.946279033313228	0.2072378522723212	True
development	sparse_low_n	222	eb_delta_0.25	reference	0.7841732320953303	0.8763636363636362	0.0	2.4762024318587605	2.75	112.0	0.8285512727026683	0.946279033313228	0.2072378522723212	True
development	sparse_low_n	222	eb_delta_0.5	target	0.867107725826215	0.9192307692307693	0.0	1.8031806921837392	3.25	112.0	0.7434037110810502	0.946279033313228	0.2072378522723212	True
development	sparse_low_n	222	eb_delta_0.5	reference	0.7776330049719331	0.8763636363636362	0.0	1.9217268276713675	2.75	112.0	0.776152773243211	0.946279033313228	0.2072378522723212	True
development	sparse_low_n	223	hard_z1	target	0.620754119428178	0.8518518518518519	0.7777777777777778	19.305555555555557	2.5277777777777777	112.0	0.9301733797904239			
development	sparse_low_n	223	hard_z1	reference	0.6129193404608527	0.9053497942386832	0.6666666666666666	18.75	2.6944444444444446	112.0	0.9067962314864141			
development	sparse_low_n	223	wald_p05	target	0.7611182141255209	0.9526748971193416	0.9444444444444444	4.027777777777778	2.5277777777777777	112.0	0.6723771358499346			
development	sparse_low_n	223	wald_p05	reference	0.7824653955848874	0.9588477366255144	0.9166666666666666	4.666666666666667	2.6944444444444446	112.0	0.8030505754834036			
development	sparse_low_n	223	continuous_sign	target	0.6220238829087575	0.8477366255144032	0.0	29.001438693173952	2.5277777777777777	112.0	0.943172990270231			
development	sparse_low_n	223	continuous_sign	reference	0.6402392916072118	0.9506172839506173	0.0	28.99985684409922	2.6944444444444446	112.0	0.943172990270231			
development	sparse_low_n	223	eb_delta_0	target	0.7593760006040418	0.9218106995884774	0.0	3.212334290649627	2.5277777777777777	112.0	0.9104239281080704	0.9401713824987256	0.17577686637026296	True
development	sparse_low_n	223	eb_delta_0	reference	0.8238545959878368	0.9835390946502057	0.0	3.488472375699342	2.6944444444444446	112.0	0.8842246783783417	0.9401713824987256	0.17577686637026296	True
development	sparse_low_n	223	eb_delta_0.1	target	0.7593760006040418	0.9218106995884774	0.0	2.945416434425567	2.5277777777777777	112.0	0.9071490218918543	0.9401713824987256	0.17577686637026296	True
development	sparse_low_n	223	eb_delta_0.1	reference	0.8421247755281975	0.9835390946502057	0.0	3.2215929290159946	2.6944444444444446	112.0	0.854750522432397	0.9401713824987256	0.17577686637026296	True
development	sparse_low_n	223	eb_delta_0.25	target	0.7630527303320225	0.934156378600823	0.0	2.5506280105870323	2.5277777777777777	112.0	0.8678501472972613	0.9401713824987256	0.17577686637026296	True
development	sparse_low_n	223	eb_delta_0.25	reference	0.850476857603791	0.9835390946502057	0.0	2.8266560010986104	2.6944444444444446	112.0	0.8351010851351005	0.9401713824987256	0.17577686637026296	True
development	sparse_low_n	223	eb_delta_0.5	target	0.7855070440279056	0.9506172839506172	0.0	1.9279829543444467	2.5277777777777777	112.0	0.7663280545945629	0.9401713824987256	0.17577686637026296	True
development	sparse_low_n	223	eb_delta_0.5	reference	0.8401672562917305	0.9753086419753088	0.0	2.1994864673356327	2.6944444444444446	112.0	0.7859774918918592	0.9401713824987256	0.17577686637026296	True
development	sparse_low_n	224	hard_z1	target	0.7159193890059592	0.9173076923076924	0.5833333333333334	19.444444444444443	2.7222222222222223	112.0	0.9280534339809462			
development	sparse_low_n	224	hard_z1	reference	0.7501367260602404	0.8786008230452674	0.5555555555555556	19.305555555555557	2.6944444444444446	112.0	0.907147544044885			
development	sparse_low_n	224	wald_p05	target	0.7779026784331007	0.9461538461538462	0.9722222222222222	4.055555555555555	2.7222222222222223	112.0	0.7239916673734784			
development	sparse_low_n	224	wald_p05	reference	0.7855738486197381	0.9238683127572017	0.9444444444444444	4.555555555555555	2.6944444444444446	112.0	0.8175606978668768			
development	sparse_low_n	224	continuous_sign	target	0.7006613853728333	0.9230769230769231	0.0	28.71836759714455	2.7222222222222223	112.0	0.943172990270231			
development	sparse_low_n	224	continuous_sign	reference	0.7208329749466055	0.8765432098765432	0.0	29.257167900930167	2.6944444444444446	112.0	0.943172990270231			
development	sparse_low_n	224	eb_delta_0	target	0.8250291075297173	0.9653846153846155	0.0	3.7020859742908305	2.7222222222222223	112.0	0.8874995845945578	0.9336497656487527	0.18535609485705923	True
development	sparse_low_n	224	eb_delta_0	reference	0.8009546205454653	0.9176954732510287	0.0	3.7291413007173384	2.6944444444444446	112.0	0.9267984591891507	0.9336497656487527	0.18535609485705923	True
development	sparse_low_n	224	eb_delta_0.1	target	0.8320761767809993	0.9653846153846155	0.0	3.406513278576093	2.7222222222222223	112.0	0.8809497721621257	0.9336497656487527	0.18535609485705923	True
development	sparse_low_n	224	eb_delta_0.1	reference	0.8054058230787353	0.9218106995884774	0.0	3.4326139365480643	2.6944444444444446	112.0	0.9202486467567186	0.9336497656487527	0.18535609485705923	True
development	sparse_low_n	224	eb_delta_0.25	target	0.8432992870700781	0.9653846153846155	0.0	2.970659822033664	2.7222222222222223	112.0	0.8449258037837488	0.9336497656487527	0.18535609485705923	True
development	sparse_low_n	224	eb_delta_0.25	reference	0.8188903484001122	0.9423868312757202	0.0	2.991297048650333	2.6944444444444446	112.0	0.8973243032432059	0.9336497656487527	0.18535609485705923	True
development	sparse_low_n	224	eb_delta_0.5	target	0.8500853537564975	0.9730769230769232	0.0	2.2858641599786114	2.7222222222222223	112.0	0.7892523981080753	0.9336497656487527	0.18535609485705923	True
development	sparse_low_n	224	eb_delta_0.5	reference	0.8126062977649074	0.9670781893004116	0.0	2.288246137482874	2.6944444444444446	112.0	0.8645752410810451	0.9336497656487527	0.18535609485705923	True
development	dense_low_n	201	hard_z1	target	0.8980201584614906	0.9670781893004115	0.4722222222222222	25.805555555555557	16.833333333333332	112.0	0.9274551915195126			
development	dense_low_n	201	hard_z1	reference	0.9462144394688845	0.9979423868312757	0.5	26.97222222222222	19.416666666666668	112.0	0.9276345427684615			
development	dense_low_n	201	wald_p05	target	0.9447100567341561	0.9917695473251029	0.6111111111111112	11.86111111111111	16.833333333333332	112.0	0.7859601593611735			
development	dense_low_n	201	wald_p05	reference	0.9432611637221555	0.9753086419753086	0.8333333333333334	12.75	19.416666666666668	112.0	0.8382502622186913			
development	dense_low_n	201	continuous_sign	target	0.887715569193721	0.9670781893004115	0.0	33.373633215157156	16.833333333333332	112.0	0.9366231778377989			
development	dense_low_n	201	continuous_sign	reference	0.9346657245274742	0.9835390946502058	0.0	34.54882827962784	19.416666666666668	112.0	0.943172990270231			
development	dense_low_n	201	eb_delta_0	target	0.8955794451334271	0.97119341563786	0.0	19.84832048883706	16.833333333333332	112.0	0.933348271621583	0.6381388643043202	0.21706338953496784	True
development	dense_low_n	201	eb_delta_0	reference	0.9494853244613857	0.9917695473251029	0.0	20.680126472435106	19.416666666666668	112.0	0.933348271621583	0.6381388643043202	0.21706338953496784	True
development	dense_low_n	201	eb_delta_0.1	target	0.8982866811126704	0.9753086419753086	0.0	18.23591914348164	16.833333333333332	112.0	0.9300733654053668	0.6381388643043202	0.21706338953496784	True
development	dense_low_n	201	eb_delta_0.1	reference	0.9489698601158583	0.9917695473251029	0.0	19.06505947082228	19.416666666666668	112.0	0.9267984591891507	0.6381388643043202	0.21706338953496784	True
development	dense_low_n	201	eb_delta_0.25	target	0.9234253009199278	0.9835390946502057	0.0	15.863356889821173	16.833333333333332	112.0	0.8907744908107738	0.6381388643043202	0.21706338953496784	True
development	dense_low_n	201	eb_delta_0.25	reference	0.951547181843495	0.9917695473251029	0.0	16.67262083202994	19.416666666666668	112.0	0.9071490218918543	0.6381388643043202	0.21706338953496784	True
development	dense_low_n	201	eb_delta_0.5	target	0.945598852749919	0.9917695473251029	0.0	12.110160193448728	16.833333333333332	112.0	0.8482007099999648	0.6381388643043202	0.21706338953496784	True
development	dense_low_n	201	eb_delta_0.5	reference	0.9621142009268058	0.9917695473251029	0.0	12.815177792639066	19.416666666666668	112.0	0.8809497721621257	0.6381388643043202	0.21706338953496784	True
development	dense_low_n	202	hard_z1	target	0.902140278494069	1.0	0.6388888888888888	28.444444444444443	19.416666666666668	112.0	0.9112452398926937			
development	dense_low_n	202	hard_z1	reference	0.9003487095311528	0.9691358024691358	0.4166666666666667	27.305555555555557	17.583333333333332	112.0	0.9147590151113867			
development	dense_low_n	202	wald_p05	target	0.9424152487651691	0.9938271604938271	0.7222222222222222	13.194444444444445	19.416666666666668	112.0	0.8330886758533858			
development	dense_low_n	202	wald_p05	reference	0.9426653206943384	0.9588477366255144	0.75	12.222222222222221	17.583333333333332	112.0	0.8445937513807046			
development	dense_low_n	202	continuous_sign	target	0.9042899464042753	1.0	0.0	35.47549268685471	19.416666666666668	112.0	0.9366231778377989			
development	dense_low_n	202	continuous_sign	reference	0.8791917365819891	0.962962962962963	0.0	33.995375773722316	17.583333333333332	112.0	0.9398980840540151			
development	dense_low_n	202	eb_delta_0	target	0.933917679691025	0.9958847736625515	0.0	21.92447181903825	19.416666666666668	112.0	0.9235235529729348	0.6181828532129686	0.22031746896121052	True
development	dense_low_n	202	eb_delta_0	reference	0.9225131067963239	0.9670781893004116	0.0	20.839048842900766	17.583333333333332	112.0	0.9398980840540151	0.6181828532129686	0.22031746896121052	True
development	dense_low_n	202	eb_delta_0.1	target	0.9359787393979294	0.9958847736625515	0.0	20.21588828301443	19.416666666666668	112.0	0.9136988343242864	0.6181828532129686	0.22031746896121052	True
development	dense_low_n	202	eb_delta_0.1	reference	0.9328277187521179	0.9711934156378601	0.0	19.136486143845445	17.583333333333332	112.0	0.933348271621583	0.6181828532129686	0.22031746896121052	True
development	dense_low_n	202	eb_delta_0.25	target	0.949246811261126	0.9958847736625515	0.0	17.646079233941023	19.416666666666668	112.0	0.8874995845945578	0.6181828532129686	0.22031746896121052	True
development	dense_low_n	202	eb_delta_0.25	reference	0.9436580613057016	0.9753086419753086	0.0	16.606534286889538	17.583333333333332	112.0	0.9169737405405026	0.6181828532129686	0.22031746896121052	True
development	dense_low_n	202	eb_delta_0.5	target	0.951951952126438	0.9958847736625515	0.0	13.414660890224466	19.416666666666668	112.0	0.8711250535134775	0.6181828532129686	0.22031746896121052	True
development	dense_low_n	202	eb_delta_0.5	reference	0.955004134457075	0.9794238683127572	0.0	12.55761902926688	17.583333333333332	112.0	0.8809497721621257	0.6181828532129686	0.22031746896121052	True
development	dense_low_n	203	hard_z1	target	0.9585269593900895	0.9581818181818181	0.5	27.02777777777778	18.97222222222222	112.0	0.9178009610430009			
development	dense_low_n	203	hard_z1	reference	0.91775257861035	0.9917695473251028	0.5277777777777778	26.0	17.944444444444443	112.0	0.9261747507600036			
development	dense_low_n	203	wald_p05	target	0.9507267494024103	0.9472727272727273	0.6666666666666666	12.916666666666666	18.97222222222222	112.0	0.914004382390617			
development	dense_low_n	203	wald_p05	reference	0.9322790139411061	0.9711934156378601	0.75	11.472222222222221	17.944444444444443	112.0	0.794010433542443			
development	dense_low_n	203	continuous_sign	target	0.9450969673024301	0.9636363636363636	0.0	34.8619735849135	18.97222222222222	112.0	0.9300733654053668			
development	dense_low_n	203	continuous_sign	reference	0.8996721942714739	0.9876543209876543	0.0	33.31963382211435	17.944444444444443	112.0	0.943172990270231			
development	dense_low_n	203	eb_delta_0	target	0.9573408254633099	0.9636363636363636	0.0	20.91528580815988	18.97222222222222	112.0	0.9398980840540151	0.6374241078639524	0.21507040816308967	True
development	dense_low_n	203	eb_delta_0	reference	0.9401387562255267	0.9876543209876543	0.0	19.693214054920883	17.944444444444443	112.0	0.933348271621583	0.6374241078639524	0.21507040816308967	True
development	dense_low_n	203	eb_delta_0.1	target	0.9586296526381394	0.9672727272727273	0.0	19.294659719596414	18.97222222222222	112.0	0.933348271621583	0.6374241078639524	0.21507040816308967	True
development	dense_low_n	203	eb_delta_0.1	reference	0.9440049882593535	0.9876543209876543	0.0	18.07728078108325	17.944444444444443	112.0	0.9169737405405026	0.6374241078639524	0.21507040816308967	True
development	dense_low_n	203	eb_delta_0.25	target	0.9610784242703152	0.9709090909090909	0.0	16.878760051741125	18.97222222222222	112.0	0.9300733654053668	0.6374241078639524	0.21507040816308967	True
development	dense_low_n	203	eb_delta_0.25	reference	0.9526395731348998	0.9876543209876543	0.0	15.68350619355048	17.944444444444443	112.0	0.9005992094594221	0.6374241078639524	0.21507040816308967	True
development	dense_low_n	203	eb_delta_0.5	target	0.9699713317766384	0.9781818181818183	0.0	12.987373442620493	18.97222222222222	112.0	0.9104239281080704	0.6374241078639524	0.21507040816308967	True
development	dense_low_n	203	eb_delta_0.5	reference	0.9532839451405375	0.9835390946502057	0.0	11.83986315125109	17.944444444444443	112.0	0.8449258037837488	0.6374241078639524	0.21507040816308967	True
development	dense_low_n	204	hard_z1	target	0.878750146336085	0.9403292181069959	0.5277777777777778	25.72222222222222	18.055555555555557	112.0	0.9165166055080742			
development	dense_low_n	204	hard_z1	reference	0.8899638876937838	0.9609053497942387	0.5	27.055555555555557	19.72222222222222	112.0	0.9279336928754893			
development	dense_low_n	204	wald_p05	target	0.9445235945842202	0.9979423868312757	0.75	12.194444444444445	18.055555555555557	112.0	0.7570123327464875			
development	dense_low_n	204	wald_p05	reference	0.9532903940030292	0.9753086419753086	0.7222222222222222	13.0	19.72222222222222	112.0	0.8068219522168835			
development	dense_low_n	204	continuous_sign	target	0.8670323052872281	0.9176954732510287	0.0	32.44311947952346	18.055555555555557	112.0	0.9398980840540151			
development	dense_low_n	204	continuous_sign	reference	0.8837214601791016	0.9547325102880658	0.0	34.982306137568834	19.72222222222222	112.0	0.9398980840540151			
development	dense_low_n	204	eb_delta_0	target	0.894530500794402	0.9300411522633745	0.0	19.942448686386463	18.055555555555557	112.0	0.9235235529729348	0.6335062743843163	0.21916537970330663	True
development	dense_low_n	204	eb_delta_0	reference	0.8910654058315596	0.97119341563786	0.0	21.10484853855955	19.72222222222222	112.0	0.943172990270231	0.6335062743843163	0.21916537970330663	True
development	dense_low_n	204	eb_delta_0.1	target	0.9017600733221096	0.9382716049382716	0.0	18.31270844694382	18.055555555555557	112.0	0.9136988343242864	0.6335062743843163	0.21916537970330663	True
development	dense_low_n	204	eb_delta_0.1	reference	0.8933845465639147	0.97119341563786	0.0	19.464711831124134	19.72222222222222	112.0	0.9398980840540151	0.6335062743843163	0.21916537970330663	True
development	dense_low_n	204	eb_delta_0.25	target	0.9102806409440508	0.9465020576131687	0.0	15.913254553220327	18.055555555555557	112.0	0.9005992094594221	0.6335062743843163	0.21916537970330663	True
development	dense_low_n	204	eb_delta_0.25	reference	0.9101338962975907	0.9835390946502057	0.0	17.01830295219177	19.72222222222222	112.0	0.9136988343242864	0.6335062743843163	0.21916537970330663	True
development	dense_low_n	204	eb_delta_0.5	target	0.9404899261491151	0.9753086419753085	0.0	12.07100657744386	18.055555555555557	112.0	0.8351010851351005	0.6335062743843163	0.21916537970330663	True
development	dense_low_n	204	eb_delta_0.5	reference	0.9464671011044876	0.9917695473251029	0.0	13.034815699353674	19.72222222222222	112.0	0.8449258037837488	0.6335062743843163	0.21916537970330663	True
development	dense_low_n	205	hard_z1	target	0.918573963010775	0.948559670781893	0.5277777777777778	26.77777777777778	19.166666666666668	112.0	0.932431120761388			
development	dense_low_n	205	hard_z1	reference	0.9406080985043257	0.9382716049382717	0.3888888888888889	25.916666666666668	18.666666666666668	112.0	0.9370453654534865			
development	dense_low_n	205	wald_p05	target	0.9258976153554449	0.9444444444444444	0.7222222222222222	13.055555555555555	19.166666666666668	112.0	0.8220054251534966			
development	dense_low_n	205	wald_p05	reference	0.9447647319723691	0.9629629629629629	0.5833333333333334	12.61111111111111	18.666666666666668	112.0	0.904217170246524			
development	dense_low_n	205	continuous_sign	target	0.9136126073961234	0.9506172839506173	0.0	34.567848232450416	19.166666666666668	112.0	0.943172990270231			
development	dense_low_n	205	continuous_sign	reference	0.927306832665441	0.9218106995884773	0.0	33.227495764214154	18.666666666666668	112.0	0.943172990270231			
development	dense_low_n	205	eb_delta_0	target	0.9237910583881265	0.9465020576131687	0.0	20.884899077038515	19.166666666666668	112.0	0.9235235529729348	0.6326893591151534	0.22176981111128094	True
development	dense_low_n	205	eb_delta_0	reference	0.9522891303375832	0.9588477366255145	0.0	20.253892401849992	18.666666666666668	112.0	0.943172990270231	0.6326893591151534	0.22176981111128094	True
development	dense_low_n	205	eb_delta_0.1	target	0.933582985924737	0.9506172839506173	0.0	19.240655049672014	19.166666666666668	112.0	0.9038741156756381	0.6326893591151534	0.22176981111128094	True
development	dense_low_n	205	eb_delta_0.1	reference	0.9560235975153775	0.9588477366255145	0.0	18.620378675920175	18.666666666666668	112.0	0.9398980840540151	0.6326893591151534	0.22176981111128094	True
development	dense_low_n	205	eb_delta_0.25	target	0.9414422961843849	0.9588477366255144	0.0	16.780333646967332	19.166666666666668	112.0	0.8874995845945578	0.6326893591151534	0.22176981111128094	True
development	dense_low_n	205	eb_delta_0.25	reference	0.9516452566862393	0.9588477366255145	0.0	16.21154334581941	18.666666666666668	112.0	0.9398980840540151	0.6326893591151534	0.22176981111128094	True
development	dense_low_n	205	eb_delta_0.5	target	0.9481420360778551	0.9670781893004115	0.0	12.728614546001296	19.166666666666668	112.0	0.8285512727026683	0.6326893591151534	0.22176981111128094	True
development	dense_low_n	205	eb_delta_0.5	reference	0.9537056523705396	0.9547325102880659	0.0	12.333191012012536	18.666666666666668	112.0	0.9235235529729348	0.6326893591151534	0.22176981111128094	True
development	dense_low_n	206	hard_z1	target	0.9352213969858765	0.990909090909091	0.6666666666666666	26.11111111111111	17.97222222222222	112.0	0.9439021538814751			
development	dense_low_n	206	hard_z1	reference	0.8636950358483149	0.9938271604938271	0.4444444444444444	26.88888888888889	17.86111111111111	112.0	0.9034583783100731			
development	dense_low_n	206	wald_p05	target	0.8998964678082374	0.9781818181818182	0.75	12.555555555555555	17.97222222222222	112.0	0.8789266700790559			
development	dense_low_n	206	wald_p05	reference	0.9646719937831453	1.0	0.6666666666666666	12.527777777777779	17.86111111111111	112.0	0.8011419189502363			
development	dense_low_n	206	continuous_sign	target	0.925592802952452	0.9890909090909091	0.0	33.84931675785045	17.97222222222222	112.0	0.943172990270231			
development	dense_low_n	206	continuous_sign	reference	0.8566648183016251	0.9917695473251029	0.0	34.2558405387651	17.86111111111111	112.0	0.9398980840540151			
development	dense_low_n	206	eb_delta_0	target	0.9413398845254821	0.9890909090909091	0.0	20.105985467637076	17.97222222222222	112.0	0.943172990270231	0.6386126683374279	0.21545342676041626	True
development	dense_low_n	206	eb_delta_0	reference	0.9174778419500486	1.0	0.0	20.369395490283654	17.86111111111111	112.0	0.9202486467567186	0.6386126683374279	0.21545342676041626	True
development	dense_low_n	206	eb_delta_0.1	target	0.9414689589646054	0.9890909090909091	0.0	18.491771428987565	17.97222222222222	112.0	0.943172990270231	0.6386126683374279	0.21545342676041626	True
development	dense_low_n	206	eb_delta_0.1	reference	0.9225026468701513	1.0	0.0	18.756619503739998	17.86111111111111	112.0	0.9104239281080704	0.6386126683374279	0.21545342676041626	True
development	dense_low_n	206	eb_delta_0.25	target	0.94650286209041	0.9890909090909091	0.0	16.078169752354057	17.97222222222222	112.0	0.9398980840540151	0.6386126683374279	0.21545342676041626	True
development	dense_low_n	206	eb_delta_0.25	reference	0.9361598089606871	1.0	0.0	16.36086948931438	17.86111111111111	112.0	0.8809497721621257	0.6386126683374279	0.21545342676041626	True
development	dense_low_n	206	eb_delta_0.5	target	0.9453411921383013	0.9781818181818182	0.0	12.127020678861303	17.97222222222222	112.0	0.9398980840540151	0.6386126683374279	0.21545342676041626	True
development	dense_low_n	206	eb_delta_0.5	reference	0.944019119220335	1.0	0.0	12.49881301638317	17.86111111111111	112.0	0.851475616216181	0.6386126683374279	0.21545342676041626	True
development	dense_low_n	207	hard_z1	target	0.9141844655673197	0.9730769230769231	0.3888888888888889	27.88888888888889	19.25	112.0	0.9340698397785432			
development	dense_low_n	207	hard_z1	reference	0.9185649313364906	0.9753086419753086	0.4722222222222222	25.583333333333332	16.944444444444443	112.0	0.9410493634461676			
development	dense_low_n	207	wald_p05	target	0.9553750098176136	0.9961538461538462	0.5555555555555556	13.166666666666666	19.25	112.0	0.853937731739483			
development	dense_low_n	207	wald_p05	reference	0.9305970775736994	0.9588477366255145	0.75	12.222222222222221	16.944444444444443	112.0	0.8036157191147373			
development	dense_low_n	207	continuous_sign	target	0.9047809201791086	0.9653846153846154	0.0	35.11380333687294	19.25	112.0	0.943172990270231			
development	dense_low_n	207	continuous_sign	reference	0.9258840671431703	0.962962962962963	0.0	33.87222845301866	16.944444444444443	112.0	0.9398980840540151			
development	dense_low_n	207	eb_delta_0	target	0.9384106296873324	0.9769230769230769	0.0	21.48685271438855	19.25	112.0	0.933348271621583	0.6271579879300493	0.2201779274260607	True
development	dense_low_n	207	eb_delta_0	reference	0.9337469277996833	0.9835390946502057	0.0	20.271452449732767	16.944444444444443	112.0	0.943172990270231	0.6271579879300493	0.2201779274260607	True
development	dense_low_n	207	eb_delta_0.1	target	0.9384106296873324	0.9769230769230769	0.0	19.81996940311823	19.25	112.0	0.933348271621583	0.6271579879300493	0.2201779274260607	True
development	dense_low_n	207	eb_delta_0.1	reference	0.9456056684619653	0.9835390946502057	0.0	18.60863488221418	16.944444444444443	112.0	0.933348271621583	0.6271579879300493	0.2201779274260607	True
development	dense_low_n	207	eb_delta_0.25	target	0.946785844698959	0.9923076923076923	0.0	17.327281811319274	19.25	112.0	0.9169737405405026	0.6271579879300493	0.2201779274260607	True
development	dense_low_n	207	eb_delta_0.25	reference	0.9515350387931063	0.9876543209876543	0.0	16.135600839007374	16.944444444444443	112.0	0.9235235529729348	0.6271579879300493	0.2201779274260607	True
development	dense_low_n	207	eb_delta_0.5	target	0.9572226510980629	1.0	0.0	13.275472650055852	19.25	112.0	0.8678501472972613	0.6271579879300493	0.2201779274260607	True
development	dense_low_n	207	eb_delta_0.5	reference	0.9565621136390736	0.9876543209876543	0.0	12.127818662490954	16.944444444444443	112.0	0.8907744908107738	0.6271579879300493	0.2201779274260607	True
development	dense_low_n	208	hard_z1	target	0.8700168009923239	0.934156378600823	0.5	27.13888888888889	17.63888888888889	112.0	0.9147000193346583			
development	dense_low_n	208	hard_z1	reference	0.9112874410741317	0.9500000000000001	0.4444444444444444	25.77777777777778	16.77777777777778	112.0	0.9242970981740246			
development	dense_low_n	208	wald_p05	target	0.9239690117139879	0.9465020576131687	0.75	11.86111111111111	17.63888888888889	112.0	0.7738341672970308			
development	dense_low_n	208	wald_p05	reference	0.927799750941782	0.9980769230769231	0.75	11.944444444444445	16.77777777777778	112.0	0.8292651367396446			
development	dense_low_n	208	continuous_sign	target	0.85662814429487	0.9218106995884773	0.0	34.69077605590044	17.63888888888889	112.0	0.943172990270231			
development	dense_low_n	208	continuous_sign	reference	0.9060089316877907	0.95	0.0	33.924169018454734	16.77777777777778	112.0	0.943172990270231			
development	dense_low_n	208	eb_delta_0	target	0.909208899954913	0.9506172839506173	0.0	20.023236097050464	17.63888888888889	112.0	0.9300733654053668	0.6465769498056957	0.2126938905720941	True
development	dense_low_n	208	eb_delta_0	reference	0.9195564876301459	0.9692307692307692	0.0	19.56014567915394	16.77777777777778	112.0	0.933348271621583	0.6465769498056957	0.2126938905720941	True
development	dense_low_n	208	eb_delta_0.1	target	0.915652620011291	0.9506172839506173	0.0	18.445780384970604	17.63888888888889	112.0	0.9136988343242864	0.6465769498056957	0.2126938905720941	True
development	dense_low_n	208	eb_delta_0.1	reference	0.9195564876301459	0.9692307692307692	0.0	17.981172201654157	16.77777777777778	112.0	0.933348271621583	0.6465769498056957	0.2126938905720941	True
development	dense_low_n	208	eb_delta_0.25	target	0.9267358185082609	0.9547325102880658	0.0	16.091866879860216	17.63888888888889	112.0	0.8940493970269899	0.6465769498056957	0.2126938905720941	True
development	dense_low_n	208	eb_delta_0.25	reference	0.9260077047455532	0.9769230769230769	0.0	15.622270868705218	16.77777777777778	112.0	0.9169737405405026	0.6465769498056957	0.2126938905720941	True
development	dense_low_n	208	eb_delta_0.5	target	0.9411697514345472	0.9547325102880658	0.0	12.219506017052147	17.63888888888889	112.0	0.8416508975675326	0.6465769498056957	0.2126938905720941	True
development	dense_low_n	208	eb_delta_0.5	reference	0.9298784350147973	0.9807692307692308	0.0	11.798441624993227	16.77777777777778	112.0	0.8907744908107738	0.6465769498056957	0.2126938905720941	True
development	dense_low_n	209	hard_z1	target	0.8548083074917946	0.9519230769230769	0.5833333333333334	25.444444444444443	16.5	112.0	0.9296931043590044			
development	dense_low_n	209	hard_z1	reference	0.9163229544210941	0.9769230769230769	0.5833333333333334	26.083333333333332	17.694444444444443	112.0	0.8931594299731267			
development	dense_low_n	209	wald_p05	target	0.884145204405938	0.9307692307692308	0.8055555555555556	11.833333333333334	16.5	112.0	0.8437165684460168			
development	dense_low_n	209	wald_p05	reference	0.9537468416671834	0.9884615384615385	0.7222222222222222	12.63888888888889	17.694444444444443	112.0	0.8122660130760421			
development	dense_low_n	209	continuous_sign	target	0.8666226818065154	0.95	0.0	33.279739047554116	16.5	112.0	0.943172990270231			
development	dense_low_n	209	continuous_sign	reference	0.9037595071959756	0.9615384615384616	0.0	34.0309311719652	17.694444444444443	112.0	0.9398980840540151			
development	dense_low_n	209	eb_delta_0	target	0.8914017666772303	0.9615384615384616	0.0	19.76549270481288	16.5	112.0	0.943172990270231	0.6415828575237446	0.21657929713294394	True
development	dense_low_n	209	eb_delta_0	reference	0.9056933720473223	0.9653846153846154	0.0	20.377227373532463	17.694444444444443	112.0	0.9300733654053668	0.6415828575237446	0.21657929713294394	True
development	dense_low_n	209	eb_delta_0.1	target	0.8992742884330304	0.9692307692307692	0.0	18.169103711238147	16.5	112.0	0.933348271621583	0.6415828575237446	0.21657929713294394	True
development	dense_low_n	209	eb_delta_0.1	reference	0.9129131341590163	0.9692307692307692	0.0	18.776063530401913	17.694444444444443	112.0	0.9235235529729348	0.6415828575237446	0.21657929713294394	True
development	dense_low_n	209	eb_delta_0.25	target	0.9005648657700468	0.9692307692307692	0.0	15.814730998146896	16.5	112.0	0.9235235529729348	0.6415828575237446	0.21657929713294394	True
development	dense_low_n	209	eb_delta_0.25	reference	0.9258055665013271	0.9807692307692308	0.0	16.400707054634307	17.694444444444443	112.0	0.9038741156756381	0.6415828575237446	0.21657929713294394	True
development	dense_low_n	209	eb_delta_0.5	target	0.9239243155700437	0.9730769230769232	0.0	12.073912495763132	16.5	112.0	0.8809497721621257	0.6415828575237446	0.21657929713294394	True
development	dense_low_n	209	eb_delta_0.5	reference	0.9336699502301365	0.9807692307692308	0.0	12.602408901055933	17.694444444444443	112.0	0.858025428648613	0.6415828575237446	0.21657929713294394	True
development	dense_low_n	210	hard_z1	target	0.9143156609888357	0.9794238683127572	0.4722222222222222	26.25	17.194444444444443	112.0	0.9443282810888372			
development	dense_low_n	210	hard_z1	reference	0.9100535238584213	0.9958847736625515	0.3888888888888889	26.97222222222222	18.63888888888889	112.0	0.9160439305898345			
development	dense_low_n	210	wald_p05	target	0.9110939287875615	0.9876543209876543	0.75	11.527777777777779	17.194444444444443	112.0	0.8218992297619091			
development	dense_low_n	210	wald_p05	reference	0.9314114450058336	1.0	0.7222222222222222	13.472222222222221	18.63888888888889	112.0	0.8274623916374267			
development	dense_low_n	210	continuous_sign	target	0.9095855736911812	0.9794238683127572	0.0	33.6483149444026	17.194444444444443	112.0	0.943172990270231			
development	dense_low_n	210	continuous_sign	reference	0.8973582227957918	0.9876543209876544	0.0	34.66371212140331	18.63888888888889	112.0	0.9398980840540151			
development	dense_low_n	210	eb_delta_0	target	0.9335763446365245	0.9794238683127572	0.0	20.032442887089147	17.194444444444443	112.0	0.943172990270231	0.6302577860753162	0.21353576329000556	True
development	dense_low_n	210	eb_delta_0	reference	0.9020003978239064	1.0	0.0	21.378685646840655	18.63888888888889	112.0	0.9398980840540151	0.6302577860753162	0.21353576329000556	True
development	dense_low_n	210	eb_delta_0.1	target	0.9400254766110792	0.9794238683127572	0.0	18.380567197847824	17.194444444444443	112.0	0.933348271621583	0.6302577860753162	0.21353576329000556	True
development	dense_low_n	210	eb_delta_0.1	reference	0.9074162686900399	1.0	0.0	19.73106284304301	18.63888888888889	112.0	0.9300733654053668	0.6302577860753162	0.21353576329000556	True
development	dense_low_n	210	eb_delta_0.25	target	0.947119521783089	0.9876543209876543	0.0	15.925791864395855	17.194444444444443	112.0	0.9235235529729348	0.6302577860753162	0.21353576329000556	True
development	dense_low_n	210	eb_delta_0.25	reference	0.9176032638906244	1.0	0.0	17.292353375364268	18.63888888888889	112.0	0.9169737405405026	0.6302577860753162	0.21353576329000556	True
development	dense_low_n	210	eb_delta_0.5	target	0.9406703898085347	0.9876543209876543	0.0	12.013557720297394	17.194444444444443	112.0	0.8907744908107738	0.6302577860753162	0.21353576329000556	True
development	dense_low_n	210	eb_delta_0.5	reference	0.9218585909997292	1.0	0.0	13.35002996498473	18.63888888888889	112.0	0.8973243032432059	0.6302577860753162	0.21353576329000556	True
development	dense_low_n	211	hard_z1	target	0.9146491229731991	0.9917695473251028	0.6111111111111112	26.13888888888889	18.0	112.0	0.921673181118361			
development	dense_low_n	211	hard_z1	reference	0.8525203113254708	0.8724279835390948	0.3888888888888889	24.333333333333332	14.166666666666666	112.0	0.9225988066584557			
development	dense_low_n	211	wald_p05	target	0.9159186328430341	1.0	0.6944444444444444	12.555555555555555	18.0	112.0	0.8907434293243628			
development	dense_low_n	211	wald_p05	reference	0.9495957287818328	0.9979423868312758	0.75	9.38888888888889	14.166666666666666	112.0	0.6818284064294433			
development	dense_low_n	211	continuous_sign	target	0.9176833341256713	0.9835390946502057	0.0	34.990394463702756	18.0	112.0	0.9398980840540151			
development	dense_low_n	211	continuous_sign	reference	0.8233933529082804	0.8724279835390947	0.0	31.826441234300983	14.166666666666666	112.0	0.943172990270231			
development	dense_low_n	211	eb_delta_0	target	0.9188436530364793	0.9876543209876543	0.0	19.555772802441314	18.0	112.0	0.9398980840540151	0.6709142882861163	0.20287197633093734	True
development	dense_low_n	211	eb_delta_0	reference	0.877753802677882	0.9094650205761318	0.0	17.301826968198597	14.166666666666666	112.0	0.9366231778377989	0.6709142882861163	0.20287197633093734	True
development	dense_low_n	211	eb_delta_0.1	target	0.9188436530364793	0.9876543209876543	0.0	18.08276248937877	18.0	112.0	0.9398980840540151	0.6709142882861163	0.20287197633093734	True
development	dense_low_n	211	eb_delta_0.1	reference	0.8907642420777155	0.9094650205761318	0.0	15.837771965218757	14.166666666666666	112.0	0.9235235529729348	0.6709142882861163	0.20287197633093734	True
development	dense_low_n	211	eb_delta_0.25	target	0.9236138530031343	0.9917695473251029	0.0	15.880425872416664	18.0	112.0	0.9366231778377989	0.6709142882861163	0.20287197633093734	True
development	dense_low_n	211	eb_delta_0.25	reference	0.9178156507308349	0.934156378600823	0.0	13.685972618109865	14.166666666666666	112.0	0.8874995845945578	0.6709142882861163	0.20287197633093734	True
development	dense_low_n	211	eb_delta_0.5	target	0.9214221395049413	1.0	0.0	12.29631404181997	18.0	112.0	0.9202486467567186	0.6709142882861163	0.20287197633093734	True
development	dense_low_n	211	eb_delta_0.5	reference	0.9334024147642989	0.9423868312757201	0.0	10.333385557600163	14.166666666666666	112.0	0.8416508975675326	0.6709142882861163	0.20287197633093734	True
development	dense_low_n	212	hard_z1	target	0.8660780642336496	0.9320987654320988	0.5277777777777778	26.22222222222222	16.916666666666668	112.0	0.9242375256756112			
development	dense_low_n	212	hard_z1	reference	0.8701437452231666	0.9423868312757202	0.5555555555555556	25.36111111111111	17.0	112.0	0.9358895294112183			
development	dense_low_n	212	wald_p05	target	0.9335939451528564	0.9732510288065844	0.8611111111111112	12.694444444444445	16.916666666666668	112.0	0.7311339232621005			
development	dense_low_n	212	wald_p05	reference	0.9145459548231832	0.9362139917695473	0.7777777777777778	11.444444444444445	17.0	112.0	0.7053313821811482			
development	dense_low_n	212	continuous_sign	target	0.8557998130233958	0.9176954732510288	0.0	33.69267839459771	16.916666666666668	112.0	0.943172990270231			
development	dense_low_n	212	continuous_sign	reference	0.8526678971817708	0.9218106995884774	0.0	33.33051836806122	17.0	112.0	0.943172990270231			
development	dense_low_n	212	eb_delta_0	target	0.8926888479178483	0.9259259259259259	0.0	20.15829691435116	16.916666666666668	112.0	0.9300733654053668	0.6456385390453565	0.20510896570248405	True
development	dense_low_n	212	eb_delta_0	reference	0.8878733321380055	0.9423868312757202	0.0	19.530186241062268	17.0	112.0	0.9267984591891507	0.6456385390453565	0.20510896570248405	True
development	dense_low_n	212	eb_delta_0.1	target	0.897848153497492	0.9300411522633745	0.0	18.577155158752547	16.916666666666668	112.0	0.9235235529729348	0.6456385390453565	0.20510896570248405	True
development	dense_low_n	212	eb_delta_0.1	reference	0.9015428416814519	0.9465020576131689	0.0	17.94921559214313	17.0	112.0	0.9104239281080704	0.6456385390453565	0.20510896570248405	True
development	dense_low_n	212	eb_delta_0.25	target	0.9254504383485858	0.9465020576131687	0.0	16.22747808590098	16.916666666666668	112.0	0.8874995845945578	0.6456385390453565	0.20510896570248405	True
development	dense_low_n	212	eb_delta_0.25	reference	0.9101830033740076	0.9506172839506173	0.0	15.610081971413791	17.0	112.0	0.8874995845945578	0.6456385390453565	0.20510896570248405	True
development	dense_low_n	212	eb_delta_0.5	target	0.943894955795812	0.9670781893004115	0.0	12.386299953369072	16.916666666666668	112.0	0.8252763664864522	0.6456385390453565	0.20510896570248405	True
development	dense_low_n	212	eb_delta_0.5	reference	0.9263027080242983	0.9547325102880658	0.0	11.893928921527994	17.0	112.0	0.8318261789188844	0.6456385390453565	0.20510896570248405	True
development	dense_low_n	213	hard_z1	target	0.8910674439452475	0.9794238683127573	0.5555555555555556	25.555555555555557	16.583333333333332	112.0	0.9031088103425241			
development	dense_low_n	213	hard_z1	reference	0.9043074842983351	0.9938271604938271	0.5	27.916666666666668	18.63888888888889	112.0	0.8997727278796561			
development	dense_low_n	213	wald_p05	target	0.9449009118940904	0.9670781893004115	0.8611111111111112	11.5	16.583333333333332	112.0	0.7633338078025004			
development	dense_low_n	213	wald_p05	reference	0.9428414020159084	0.9958847736625515	0.6111111111111112	13.805555555555555	18.63888888888889	112.0	0.8716779611680167			
development	dense_low_n	213	continuous_sign	target	0.8538666883660615	0.962962962962963	0.0	33.11950947193416	16.583333333333332	112.0	0.943172990270231			
development	dense_low_n	213	continuous_sign	reference	0.887515092308986	0.9835390946502057	0.0	35.63817737943002	18.63888888888889	112.0	0.9267984591891507			
development	dense_low_n	213	eb_delta_0	target	0.9106966324604523	0.9835390946502057	0.0	19.762773567657533	16.583333333333332	112.0	0.9202486467567186	0.6293771043682697	0.2159380384468429	True
development	dense_low_n	213	eb_delta_0	reference	0.9368644361467244	0.9835390946502057	0.0	21.746991125875898	18.63888888888889	112.0	0.9398980840540151	0.6293771043682697	0.2159380384468429	True
development	dense_low_n	213	eb_delta_0.1	target	0.9234543750122541	0.9794238683127572	0.0	18.111607310683347	16.583333333333332	112.0	0.9038741156756381	0.6293771043682697	0.2159380384468429	True
development	dense_low_n	213	eb_delta_0.1	reference	0.9440800060028949	0.9876543209876543	0.0	20.087667663268583	18.63888888888889	112.0	0.933348271621583	0.6293771043682697	0.2159380384468429	True
development	dense_low_n	213	eb_delta_0.25	target	0.9358255193049106	0.9794238683127572	0.0	15.663388716918202	16.583333333333332	112.0	0.8940493970269899	0.6293771043682697	0.2159380384468429	True
development	dense_low_n	213	eb_delta_0.25	reference	0.9576091994832149	0.9917695473251029	0.0	17.594983742629317	18.63888888888889	112.0	0.9202486467567186	0.6293771043682697	0.2159380384468429	True
development	dense_low_n	213	eb_delta_0.5	target	0.9551554322621866	0.9876543209876543	0.0	11.790073769418274	16.583333333333332	112.0	0.8449258037837488	0.6293771043682697	0.2159380384468429	True
development	dense_low_n	213	eb_delta_0.5	reference	0.9704941456549481	0.9958847736625515	0.0	13.480604268311547	18.63888888888889	112.0	0.8874995845945578	0.6293771043682697	0.2159380384468429	True
development	dense_low_n	214	hard_z1	target	0.939826099140341	0.98559670781893	0.3888888888888889	27.666666666666668	20.194444444444443	112.0	0.9357085587956986			
development	dense_low_n	214	hard_z1	reference	0.8862947602211162	0.9846153846153847	0.4722222222222222	28.11111111111111	19.194444444444443	112.0	0.937770445803498			
development	dense_low_n	214	wald_p05	target	0.925599045351599	0.9938271604938272	0.6944444444444444	13.833333333333334	20.194444444444443	112.0	0.8524201784093148			
development	dense_low_n	214	wald_p05	reference	0.940915323757463	0.95	0.7222222222222222	13.277777777777779	19.194444444444443	112.0	0.8322262649846898			
development	dense_low_n	214	continuous_sign	target	0.9407756677387493	0.9876543209876543	0.0	34.80910367846279	20.194444444444443	112.0	0.943172990270231			
development	dense_low_n	214	continuous_sign	reference	0.885081634743843	0.9807692307692307	0.0	35.052485292751015	19.194444444444443	112.0	0.943172990270231			
development	dense_low_n	214	eb_delta_0	target	0.9686161313956296	0.9917695473251029	0.0	21.99142601682462	20.194444444444443	112.0	0.9398980840540151	0.6101594622327331	0.2256202575129583	True
development	dense_low_n	214	eb_delta_0	reference	0.9127806960931775	0.976923076923077	0.0	21.67071394585126	19.194444444444443	112.0	0.943172990270231	0.6101594622327331	0.2256202575129583	True
development	dense_low_n	214	eb_delta_0.1	target	0.9683583493247325	0.9917695473251029	0.0	20.25416327290769	20.194444444444443	112.0	0.9398980840540151	0.6101594622327331	0.2256202575129583	True
development	dense_low_n	214	eb_delta_0.1	reference	0.9139401916845449	0.9807692307692308	0.0	19.926333702652514	19.194444444444443	112.0	0.943172990270231	0.6101594622327331	0.2256202575129583	True
development	dense_low_n	214	eb_delta_0.25	target	0.9669405479347988	0.9917695473251029	0.0	17.668733280468807	20.194444444444443	112.0	0.9300733654053668	0.6101594622327331	0.2256202575129583	True
development	dense_low_n	214	eb_delta_0.25	reference	0.9161303500237947	0.9730769230769232	0.0	17.314602091887433	19.194444444444443	112.0	0.9398980840540151	0.6101594622327331	0.2256202575129583	True
development	dense_low_n	214	eb_delta_0.5	target	0.9610115603041668	0.9917695473251029	0.0	13.436493316973685	20.194444444444443	112.0	0.9038741156756381	0.6101594622327331	0.2256202575129583	True
development	dense_low_n	214	eb_delta_0.5	reference	0.9605776810262147	0.9769230769230769	0.0	13.037260218343956	19.194444444444443	112.0	0.8711250535134775	0.6101594622327331	0.2256202575129583	True
development	dense_low_n	215	hard_z1	target	0.8691000001355708	0.951923076923077	0.4722222222222222	26.166666666666668	17.194444444444443	112.0	0.9290938049320914			
development	dense_low_n	215	hard_z1	reference	0.8751534641674781	0.97119341563786	0.4166666666666667	26.833333333333332	17.61111111111111	112.0	0.888071243001398			
development	dense_low_n	215	wald_p05	target	0.9260719905503536	0.9288461538461539	0.7222222222222222	12.055555555555555	17.194444444444443	112.0	0.8236461545450204			
development	dense_low_n	215	wald_p05	reference	0.9675295514207524	1.0	0.7222222222222222	12.444444444444445	17.61111111111111	112.0	0.7971370193924948			
development	dense_low_n	215	continuous_sign	target	0.8630718643512477	0.9615384615384616	0.0	33.443999880024215	17.194444444444443	112.0	0.943172990270231			
development	dense_low_n	215	continuous_sign	reference	0.8825169197160181	0.9670781893004116	0.0	34.549519892451535	17.61111111111111	112.0	0.933348271621583			
development	dense_low_n	215	eb_delta_0	target	0.8940017206218613	0.9576923076923077	0.0	19.805764463918784	17.194444444444443	112.0	0.943172990270231	0.6411077448742993	0.2133683735129801	True
development	dense_low_n	215	eb_delta_0	reference	0.9289176924774853	0.9835390946502057	0.0	20.390168482731415	17.61111111111111	112.0	0.9169737405405026	0.6411077448742993	0.2133683735129801	True
development	dense_low_n	215	eb_delta_0.1	target	0.899929943073729	0.9576923076923077	0.0	18.20630068036264	17.194444444444443	112.0	0.9366231778377989	0.6411077448742993	0.2133683735129801	True
development	dense_low_n	215	eb_delta_0.1	reference	0.9338155518245291	0.9876543209876543	0.0	18.785043020564366	17.61111111111111	112.0	0.9104239281080704	0.6411077448742993	0.2133683735129801	True
development	dense_low_n	215	eb_delta_0.25	target	0.9162969920169287	0.9653846153846154	0.0	15.831069338598546	17.194444444444443	112.0	0.9169737405405026	0.6411077448742993	0.2133683735129801	True
development	dense_low_n	215	eb_delta_0.25	reference	0.9340733338954262	0.9876543209876543	0.0	16.38976990169807	17.61111111111111	112.0	0.9038741156756381	0.6411077448742993	0.2133683735129801	True
development	dense_low_n	215	eb_delta_0.5	target	0.9195188520451176	0.9615384615384615	0.0	11.979459832039737	17.194444444444443	112.0	0.8907744908107738	0.6411077448742993	0.2133683735129801	True
development	dense_low_n	215	eb_delta_0.5	reference	0.9403889946324037	0.9958847736625515	0.0	12.553316956601364	17.61111111111111	112.0	0.8743999597296934	0.6411077448742993	0.2133683735129801	True
development	dense_low_n	216	hard_z1	target	0.8949887389715091	0.9567901234567902	0.5	27.38888888888889	18.63888888888889	112.0	0.9322508885917791			
development	dense_low_n	216	hard_z1	reference	0.8905531423579802	0.9197530864197531	0.5277777777777778	27.805555555555557	18.083333333333332	112.0	0.9307924017442324			
development	dense_low_n	216	wald_p05	target	0.9565587275635108	0.9794238683127572	0.6944444444444444	13.61111111111111	18.63888888888889	112.0	0.8456315039806448			
development	dense_low_n	216	wald_p05	reference	0.9715836777832944	0.9670781893004116	0.5833333333333334	12.694444444444445	18.083333333333332	112.0	0.8383442083495011			
development	dense_low_n	216	continuous_sign	target	0.8956951157112596	0.9423868312757202	0.0	34.84492460418247	18.63888888888889	112.0	0.943172990270231			
development	dense_low_n	216	continuous_sign	reference	0.8902520887218229	0.9135802469135803	0.0	34.92075178459251	18.083333333333332	112.0	0.943172990270231			
development	dense_low_n	216	eb_delta_0	target	0.9262521536302993	0.9711934156378601	0.0	21.694564026981922	18.63888888888889	112.0	0.9398980840540151	0.6183115445761417	0.22482576094572898	True
development	dense_low_n	216	eb_delta_0	reference	0.9326818927475334	0.934156378600823	0.0	21.054543020173394	18.083333333333332	112.0	0.9366231778377989	0.6183115445761417	0.22482576094572898	True
development	dense_low_n	216	eb_delta_0.1	target	0.9289597392686954	0.9711934156378601	0.0	19.99365235986487	18.63888888888889	112.0	0.933348271621583	0.6183115445761417	0.22482576094572898	True
development	dense_low_n	216	eb_delta_0.1	reference	0.9350032802018275	0.934156378600823	0.0	19.34562499620135	18.083333333333332	112.0	0.9366231778377989	0.6183115445761417	0.22482576094572898	True
development	dense_low_n	216	eb_delta_0.25	target	0.9409504756673056	0.9753086419753086	0.0	17.462082481945227	18.63888888888889	112.0	0.9169737405405026	0.6183115445761417	0.22482576094572898	True
development	dense_low_n	216	eb_delta_0.25	reference	0.9418384765950272	0.9382716049382716	0.0	16.782024092333923	18.083333333333332	112.0	0.9267984591891507	0.6183115445761417	0.22482576094572898	True
development	dense_low_n	216	eb_delta_0.5	target	0.9588721139404977	0.9794238683127572	0.0	13.28444460121334	18.63888888888889	112.0	0.8907744908107738	0.6183115445761417	0.22482576094572898	True
development	dense_low_n	216	eb_delta_0.5	reference	0.9464812515036155	0.9465020576131686	0.0	12.616117936847676	18.083333333333332	112.0	0.9005992094594221	0.6183115445761417	0.22482576094572898	True
development	dense_low_n	217	hard_z1	target	0.8787019998781611	0.9423868312757202	0.4444444444444444	25.52777777777778	16.47222222222222	112.0	0.9195584598901434			
development	dense_low_n	217	hard_z1	reference	0.9256560725928522	0.9538461538461538	0.5555555555555556	26.88888888888889	17.055555555555557	112.0	0.9342504934577835			
development	dense_low_n	217	wald_p05	target	0.9437520672797967	0.9444444444444445	0.6944444444444444	11.333333333333334	16.47222222222222	112.0	0.8006242181407938			
development	dense_low_n	217	wald_p05	reference	0.9422932988341901	0.9826923076923078	0.75	12.13888888888889	17.055555555555557	112.0	0.8893327899243341			
development	dense_low_n	217	continuous_sign	target	0.8621345385079742	0.9341563786008231	0.0	33.1682885806147	16.47222222222222	112.0	0.943172990270231			
development	dense_low_n	217	continuous_sign	reference	0.9174186784586473	0.9307692307692308	0.0	34.52516848023622	17.055555555555557	112.0	0.943172990270231			
development	dense_low_n	217	eb_delta_0	target	0.8863691816358897	0.9300411522633745	0.0	18.814114006788813	16.47222222222222	112.0	0.9366231778377989	0.6547913314318272	0.21246669174220825	True
development	dense_low_n	217	eb_delta_0	reference	0.9351976108596154	0.9730769230769231	0.0	19.84925656356729	17.055555555555557	112.0	0.943172990270231	0.6547913314318272	0.21246669174220825	True
development	dense_low_n	217	eb_delta_0.1	target	0.8899785965698346	0.9300411522633745	0.0	17.273936146306983	16.47222222222222	112.0	0.9300733654053668	0.6547913314318272	0.21246669174220825	True
development	dense_low_n	217	eb_delta_0.1	reference	0.9377742677293208	0.9730769230769231	0.0	18.308558318076628	17.055555555555557	112.0	0.9398980840540151	0.6547913314318272	0.21246669174220825	True
development	dense_low_n	217	eb_delta_0.25	target	0.9067365944774357	0.934156378600823	0.0	14.990350949256914	16.47222222222222	112.0	0.9136988343242864	0.6547913314318272	0.21246669174220825	True
development	dense_low_n	217	eb_delta_0.25	reference	0.9416392530338791	0.9769230769230769	0.0	16.016856221505495	17.055555555555557	112.0	0.9267984591891507	0.6547913314318272	0.21246669174220825	True
development	dense_low_n	217	eb_delta_0.5	target	0.9296821608432282	0.9423868312757202	0.0	11.332850549984983	16.47222222222222	112.0	0.8711250535134775	0.6547913314318272	0.21246669174220825	True
development	dense_low_n	217	eb_delta_0.5	reference	0.9379031005728061	0.9769230769230769	0.0	12.258938578921747	17.055555555555557	112.0	0.9071490218918543	0.6547913314318272	0.21246669174220825	True
development	dense_low_n	218	hard_z1	target	0.8789546328697164	1.0	0.6666666666666666	25.916666666666668	16.86111111111111	112.0	0.9222090895934053			
development	dense_low_n	218	hard_z1	reference	0.8665816912070164	0.9249999999999999	0.5555555555555556	25.555555555555557	16.88888888888889	112.0	0.9408066372715224			
development	dense_low_n	218	wald_p05	target	0.9219503165220027	1.0	0.6944444444444444	11.944444444444445	16.86111111111111	112.0	0.7472564036168696			
development	dense_low_n	218	wald_p05	reference	0.9381710077190423	0.975	0.8055555555555556	11.222222222222221	16.88888888888889	112.0	0.8617727595995309			
development	dense_low_n	218	continuous_sign	target	0.8573090240606126	1.0	0.0	33.78709976817884	16.86111111111111	112.0	0.943172990270231			
development	dense_low_n	218	continuous_sign	reference	0.8730351651583558	0.926923076923077	0.0	33.565809113585104	16.88888888888889	112.0	0.943172990270231			
development	dense_low_n	218	eb_delta_0	target	0.9276562929420514	1.0	0.0	20.026742628546643	16.86111111111111	112.0	0.9235235529729348	0.6474355652262513	0.20391162653541436	True
development	dense_low_n	218	eb_delta_0	reference	0.9006481603318538	0.9461538461538462	0.0	19.460473658256088	16.88888888888889	112.0	0.943172990270231	0.6474355652262513	0.20391162653541436	True
development	dense_low_n	218	eb_delta_0.1	target	0.9353867620499019	1.0	0.0	18.453716200487136	16.86111111111111	112.0	0.9169737405405026	0.6474355652262513	0.20391162653541436	True
development	dense_low_n	218	eb_delta_0.1	reference	0.9014223564582137	0.9461538461538462	0.0	17.887778041006687	16.88888888888889	112.0	0.943172990270231	0.6474355652262513	0.20391162653541436	True
development	dense_low_n	218	eb_delta_0.25	target	0.944019119220335	1.0	0.0	16.124249228430326	16.86111111111111	112.0	0.8973243032432059	0.6474355652262513	0.20391162653541436	True
development	dense_low_n	218	eb_delta_0.25	reference	0.9123901349149769	0.9576923076923077	0.0	15.558677619421088	16.88888888888889	112.0	0.9366231778377989	0.6474355652262513	0.20391162653541436	True
development	dense_low_n	218	eb_delta_0.5	target	0.9554859817303132	1.0	0.0	12.416115751000378	16.86111111111111	112.0	0.8482007099999648	0.6474355652262513	0.20391162653541436	True
development	dense_low_n	218	eb_delta_0.5	reference	0.9283901881930785	0.9653846153846154	0.0	11.85687302092915	16.88888888888889	112.0	0.9136988343242864	0.6474355652262513	0.20391162653541436	True
development	dense_low_n	219	hard_z1	target	0.906554149016634	0.934156378600823	0.3611111111111111	26.88888888888889	17.444444444444443	112.0	0.9322508885917791			
development	dense_low_n	219	hard_z1	reference	0.9000452632051865	1.0	0.25	29.36111111111111	21.166666666666668	112.0	0.9337689830567961			
development	dense_low_n	219	wald_p05	target	0.9160344037810024	0.9238683127572016	0.75	12.277777777777779	17.444444444444443	112.0	0.8315532799019572			
development	dense_low_n	219	wald_p05	reference	0.9410519209722695	1.0	0.7222222222222222	13.61111111111111	21.166666666666668	112.0	0.8403249501797887			
development	dense_low_n	219	continuous_sign	target	0.8956592588816135	0.9300411522633745	0.0	34.08273397509214	17.444444444444443	112.0	0.943172990270231			
development	dense_low_n	219	continuous_sign	reference	0.8875294587700633	1.0	0.0	35.93895430599389	21.166666666666668	112.0	0.9398980840540151			
development	dense_low_n	219	eb_delta_0	target	0.9346905770811142	0.962962962962963	0.0	20.95379223587268	17.444444444444443	112.0	0.933348271621583	0.6140100428176147	0.22122019952646493	True
development	dense_low_n	219	eb_delta_0	reference	0.9201241681718381	1.0	0.0	22.277083128335395	21.166666666666668	112.0	0.933348271621583	0.6140100428176147	0.22122019952646493	True
development	dense_low_n	219	eb_delta_0.1	target	0.9401008588117381	0.9670781893004115	0.0	19.23390147360365	17.444444444444443	112.0	0.9235235529729348	0.6140100428176147	0.22122019952646493	True
development	dense_low_n	219	eb_delta_0.1	reference	0.9306884613376307	1.0	0.0	20.549645454717833	21.166666666666668	112.0	0.9300733654053668	0.6140100428176147	0.22122019952646493	True
development	dense_low_n	219	eb_delta_0.25	target	0.9433212646037761	0.9670781893004115	0.0	16.68499545052362	17.444444444444443	112.0	0.9169737405405026	0.6140100428176147	0.22122019952646493	True
development	dense_low_n	219	eb_delta_0.25	reference	0.9337804495812774	1.0	0.0	17.9563304855996	21.166666666666668	112.0	0.9267984591891507	0.6140100428176147	0.22122019952646493	True
development	dense_low_n	219	eb_delta_0.5	target	0.9388126964949229	0.9588477366255144	0.0	12.593116293357099	17.444444444444443	112.0	0.8973243032432059	0.6140100428176147	0.22122019952646493	True
development	dense_low_n	219	eb_delta_0.5	reference	0.9541360388519508	1.0	0.0	13.722417934903532	21.166666666666668	112.0	0.8743999597296934	0.6140100428176147	0.22122019952646493	True
development	dense_low_n	220	hard_z1	target	0.8358180910976573	0.9557692307692309	0.4722222222222222	24.97222222222222	17.86111111111111	112.0	0.9049812693768022			
development	dense_low_n	220	hard_z1	reference	0.8975946514783235	0.9794238683127572	0.4166666666666667	29.36111111111111	20.944444444444443	112.0	0.9278738397007972			
development	dense_low_n	220	wald_p05	target	0.8841560745217876	1.0	0.8055555555555556	11.777777777777779	17.86111111111111	112.0	0.7570613287228984			
development	dense_low_n	220	wald_p05	reference	0.9321335678612921	0.9753086419753088	0.6111111111111112	14.416666666666666	20.944444444444443	112.0	0.8183539455125661			
development	dense_low_n	220	continuous_sign	target	0.766018866126792	0.9307692307692308	0.0	33.21411579371803	17.86111111111111	112.0	0.9398980840540151			
development	dense_low_n	220	continuous_sign	reference	0.8989376176516733	0.9753086419753086	0.0	36.1521713529829	20.944444444444443	112.0	0.9398980840540151			
development	dense_low_n	220	eb_delta_0	target	0.820937081705724	0.9576923076923076	0.0	20.214259372556814	17.86111111111111	112.0	0.9267984591891507	0.6153016074380965	0.22484172402332203	True
development	dense_low_n	220	eb_delta_0	reference	0.9151695092859684	0.9794238683127572	0.0	22.87196095240613	20.944444444444443	112.0	0.9300733654053668	0.6153016074380965	0.22484172402332203	True
development	dense_low_n	220	eb_delta_0.1	target	0.8315081936246732	0.9653846153846153	0.0	18.4985853190652	17.86111111111111	112.0	0.9169737405405026	0.6153016074380965	0.22484172402332203	True
development	dense_low_n	220	eb_delta_0.1	reference	0.9214819115881941	0.9794238683127572	0.0	21.152838692475264	20.944444444444443	112.0	0.9169737405405026	0.6153016074380965	0.22484172402332203	True
development	dense_low_n	220	eb_delta_0.25	target	0.853552829455653	0.9730769230769232	0.0	15.956119165339102	17.86111111111111	112.0	0.8973243032432059	0.6153016074380965	0.22484172402332203	True
development	dense_low_n	220	eb_delta_0.25	reference	0.9274078402800796	0.9794238683127572	0.0	18.58244007110727	20.944444444444443	112.0	0.9038741156756381	0.6153016074380965	0.22484172402332203	True
development	dense_low_n	220	eb_delta_0.5	target	0.8799806092530262	0.9961538461538462	0.0	11.906432625682333	17.86111111111111	112.0	0.8285512727026683	0.6153016074380965	0.22484172402332203	True
development	dense_low_n	220	eb_delta_0.5	reference	0.9478909416281187	0.9876543209876543	0.0	14.332430250403497	20.944444444444443	112.0	0.851475616216181	0.6153016074380965	0.22484172402332203	True
development	dense_low_n	221	hard_z1	target	0.8551034234048026	0.9794238683127572	0.5833333333333334	27.38888888888889	18.13888888888889	112.0	0.9353366211178666			
development	dense_low_n	221	hard_z1	reference	0.9091788062395255	0.9794238683127572	0.5833333333333334	28.0	19.555555555555557	112.0	0.9275747474583296			
development	dense_low_n	221	wald_p05	target	0.9215561499982042	0.977366255144033	0.8055555555555556	12.11111111111111	18.13888888888889	112.0	0.8059106006266591			
development	dense_low_n	221	wald_p05	reference	0.9714215402537572	0.9876543209876544	0.5833333333333334	13.38888888888889	19.555555555555557	112.0	0.8266606127033277			
development	dense_low_n	221	continuous_sign	target	0.8359453130754217	0.9753086419753086	0.0	34.0628943781318	18.13888888888889	112.0	0.943172990270231			
development	dense_low_n	221	continuous_sign	reference	0.8901915917139137	0.9753086419753088	0.0	35.36160951543898	19.555555555555557	112.0	0.943172990270231			
development	dense_low_n	221	eb_delta_0	target	0.87861926412847	0.9794238683127572	0.0	20.7003655237882	18.13888888888889	112.0	0.933348271621583	0.6206942484103457	0.2181081739753906	True
development	dense_low_n	221	eb_delta_0	reference	0.919302183484619	0.9794238683127572	0.0	21.78187825858339	19.555555555555557	112.0	0.9366231778377989	0.6206942484103457	0.2181081739753906	True
development	dense_low_n	221	eb_delta_0.1	target	0.8781035668347776	0.9794238683127572	0.0	19.00801829211247	18.13888888888889	112.0	0.933348271621583	0.6206942484103457	0.2181081739753906	True
development	dense_low_n	221	eb_delta_0.1	reference	0.9212343024074534	0.9835390946502057	0.0	20.087330963286686	19.555555555555557	112.0	0.9300733654053668	0.6206942484103457	0.2181081739753906	True
development	dense_low_n	221	eb_delta_0.25	target	0.8912538478239345	0.9794238683127572	0.0	16.492162418412097	18.13888888888889	112.0	0.9169737405405026	0.6206942484103457	0.2181081739753906	True
development	dense_low_n	221	eb_delta_0.25	reference	0.9408131074921756	0.9876543209876543	0.0	17.56135450717535	19.555555555555557	112.0	0.9169737405405026	0.6206942484103457	0.2181081739753906	True
development	dense_low_n	221	eb_delta_0.5	target	0.9191015016833254	0.9917695473251029	0.0	12.458654934419537	18.13888888888889	112.0	0.8842246783783417	0.6206942484103457	0.2181081739753906	True
development	dense_low_n	221	eb_delta_0.5	reference	0.9552395954493392	0.9835390946502057	0.0	13.452154137274945	19.555555555555557	112.0	0.8842246783783417	0.6206942484103457	0.2181081739753906	True
development	dense_low_n	222	hard_z1	target	0.9381372956545916	0.9290909090909091	0.4444444444444444	26.694444444444443	17.944444444444443	112.0	0.9374076953112447			
development	dense_low_n	222	hard_z1	reference	0.908938543475631	0.9346153846153846	0.5	26.666666666666668	17.77777777777778	112.0	0.9341902639187687			
development	dense_low_n	222	wald_p05	target	0.9393937479502439	0.9236363636363637	0.7777777777777778	12.916666666666666	17.944444444444443	112.0	0.8364292244316058			
development	dense_low_n	222	wald_p05	reference	0.9489611641800493	0.9403846153846154	0.6666666666666666	12.694444444444445	17.77777777777778	112.0	0.8297267506910045			
development	dense_low_n	222	continuous_sign	target	0.9327759450723239	0.9454545454545454	0.0	33.95451315612228	17.944444444444443	112.0	0.943172990270231			
development	dense_low_n	222	continuous_sign	reference	0.8963924968720682	0.9192307692307693	0.0	33.89481622899214	17.77777777777778	112.0	0.943172990270231			
development	dense_low_n	222	eb_delta_0	target	0.9485026815702264	0.9418181818181819	0.0	20.626524196701315	17.944444444444443	112.0	0.9398980840540151	0.6305783047047406	0.21743946485638088	True
development	dense_low_n	222	eb_delta_0	reference	0.9195883924207991	0.9307692307692308	0.0	20.748705992373136	17.77777777777778	112.0	0.9300733654053668	0.6305783047047406	0.21743946485638088	True
development	dense_low_n	222	eb_delta_0.1	target	0.950049573684774	0.9418181818181819	0.0	18.978824524009173	17.944444444444443	112.0	0.933348271621583	0.6305783047047406	0.21743946485638088	True
development	dense_low_n	222	eb_delta_0.1	reference	0.9288667506402916	0.9346153846153846	0.0	19.099276856063128	17.77777777777778	112.0	0.9202486467567186	0.6305783047047406	0.21743946485638088	True
development	dense_low_n	222	eb_delta_0.25	target	0.950049573684774	0.9381818181818182	0.0	16.536106876614745	17.944444444444443	112.0	0.9300733654053668	0.6305783047047406	0.21743946485638088	True
development	dense_low_n	222	eb_delta_0.25	reference	0.9393049036372203	0.9384615384615385	0.0	16.64600677201343	17.77777777777778	112.0	0.9071490218918543	0.6305783047047406	0.21743946485638088	True
development	dense_low_n	222	eb_delta_0.5	target	0.9473425124843156	0.9454545454545455	0.0	12.597207320232203	17.944444444444443	112.0	0.9038741156756381	0.6305783047047406	0.21743946485638088	True
development	dense_low_n	222	eb_delta_0.5	reference	0.9426554218831481	0.9384615384615385	0.0	12.657165468750366	17.77777777777778	112.0	0.8678501472972613	0.6305783047047406	0.21743946485638088	True
development	dense_low_n	223	hard_z1	target	0.9287280701754386	0.9773662551440329	0.4166666666666667	25.416666666666668	15.555555555555555	112.0	0.906562249743005			
development	dense_low_n	223	hard_z1	reference	0.8702360613205486	0.9672727272727273	0.4444444444444444	26.36111111111111	16.72222222222222	112.0	0.9059780868820746			
development	dense_low_n	223	wald_p05	target	0.9587505796768832	0.9979423868312757	0.7222222222222222	11.527777777777779	15.555555555555555	112.0	0.7711428140162542			
development	dense_low_n	223	wald_p05	reference	0.912910280339592	0.9781818181818182	0.8611111111111112	12.194444444444445	16.72222222222222	112.0	0.8349482968231695			
development	dense_low_n	223	continuous_sign	target	0.9043943717939567	0.962962962962963	0.0	33.19740005002419	15.555555555555555	112.0	0.943172990270231			
development	dense_low_n	223	continuous_sign	reference	0.8648243615221977	0.9709090909090909	0.0	34.347658395712315	16.72222222222222	112.0	0.943172990270231			
development	dense_low_n	223	eb_delta_0	target	0.9391837264576363	0.9917695473251029	0.0	19.12638577274574	15.555555555555555	112.0	0.9267984591891507	0.6535946566669295	0.20658674866519602	True
development	dense_low_n	223	eb_delta_0	reference	0.9095611017500156	0.9854545454545455	0.0	19.671012528500988	16.72222222222222	112.0	0.9235235529729348	0.6535946566669295	0.20658674866519602	True
development	dense_low_n	223	eb_delta_0.1	target	0.942147264077135	0.9917695473251029	0.0	17.582769345881697	15.555555555555555	112.0	0.9202486467567186	0.6535946566669295	0.20658674866519602	True
development	dense_low_n	223	eb_delta_0.1	reference	0.910205723367131	0.9854545454545455	0.0	18.12185769065404	16.72222222222222	112.0	0.9136988343242864	0.6535946566669295	0.20658674866519602	True
development	dense_low_n	223	eb_delta_0.25	target	0.9457550490052202	0.9958847736625515	0.0	15.296369857409395	15.555555555555555	112.0	0.8973243032432059	0.6535946566669295	0.20658674866519602	True
development	dense_low_n	223	eb_delta_0.25	reference	0.9172965611554018	0.9854545454545455	0.0	15.805564341977608	16.72222222222222	112.0	0.8940493970269899	0.6535946566669295	0.20658674866519602	True
development	dense_low_n	223	eb_delta_0.5	target	0.9596707908706921	1.0	0.0	11.631489228846151	15.555555555555555	112.0	0.851475616216181	0.6535946566669295	0.20658674866519602	True
development	dense_low_n	223	eb_delta_0.5	reference	0.9183279557427868	0.9818181818181818	0.0	12.027340214578203	16.72222222222222	112.0	0.8743999597296934	0.6535946566669295	0.20658674866519602	True
development	dense_low_n	224	hard_z1	target	0.9164046665894668	0.9650205761316871	0.2777777777777778	26.77777777777778	16.97222222222222	112.0	0.92218286024588			
development	dense_low_n	224	hard_z1	reference	0.9138743643553977	0.9711538461538461	0.5555555555555556	27.416666666666668	17.805555555555557	112.0	0.9283529896628642			
development	dense_low_n	224	wald_p05	target	0.9570810402227626	0.9814814814814815	0.75	11.583333333333334	16.97222222222222	112.0	0.7566696270649488			
development	dense_low_n	224	wald_p05	reference	0.934246346144506	0.971153846153846	0.5833333333333334	12.63888888888889	17.805555555555557	112.0	0.8762627292577908			
development	dense_low_n	224	continuous_sign	target	0.8973452170543884	0.9547325102880659	0.0	33.80177133694842	16.97222222222222	112.0	0.9398980840540151			
development	dense_low_n	224	continuous_sign	reference	0.8975841494663614	0.9653846153846154	0.0	34.84703514632297	17.805555555555557	112.0	0.943172990270231			
development	dense_low_n	224	eb_delta_0	target	0.9146266569919119	0.9506172839506173	0.0	19.54480182180942	16.97222222222222	112.0	0.933348271621583	0.6429053255312187	0.21400006412511838	True
development	dense_low_n	224	eb_delta_0	reference	0.9175648392792704	0.9576923076923077	0.0	20.449801498670826	17.805555555555557	112.0	0.943172990270231	0.6429053255312187	0.21400006412511838	True
development	dense_low_n	224	eb_delta_0.1	target	0.9190114999611343	0.9506172839506173	0.0	17.95151506602942	16.97222222222222	112.0	0.9235235529729348	0.6429053255312187	0.21400006412511838	True
development	dense_low_n	224	eb_delta_0.1	reference	0.9225922386515507	0.9615384615384616	0.0	18.852711379214373	17.805555555555557	112.0	0.943172990270231	0.6429053255312187	0.21400006412511838	True
development	dense_low_n	224	eb_delta_0.25	target	0.9306184372326053	0.962962962962963	0.0	15.57892010875993	16.97222222222222	112.0	0.9005992094594221	0.6429053255312187	0.21400006412511838	True
development	dense_low_n	224	eb_delta_0.25	reference	0.9308423299291391	0.9653846153846154	0.0	16.452403362498032	17.805555555555557	112.0	0.9267984591891507	0.6429053255312187	0.21400006412511838	True
development	dense_low_n	224	eb_delta_0.5	target	0.9481578091094947	0.9711934156378601	0.0	11.757960829075962	16.97222222222222	112.0	0.8711250535134775	0.6429053255312187	0.21400006412511838	True
development	dense_low_n	224	eb_delta_0.5	reference	0.9300688838718651	0.9653846153846154	0.0	12.490550695388869	17.805555555555557	112.0	0.9169737405405026	0.6429053255312187	0.21400006412511838	True
development	heteroskedastic	201	hard_z1	target	0.7846174843331942	0.948559670781893	0.5555555555555556	22.0	8.777777777777779	112.0	0.9326114575043489			
development	heteroskedastic	201	hard_z1	reference	0.791451350554733	0.9403292181069959	0.5277777777777778	20.944444444444443	9.416666666666666	112.0	0.9319945104742099			
development	heteroskedastic	201	wald_p05	target	0.8651307926345425	0.9958847736625515	0.8611111111111112	7.138888888888889	8.777777777777779	112.0	0.8343534694256878			
development	heteroskedastic	201	wald_p05	reference	0.8337759623529881	0.9958847736625515	0.8055555555555556	7.75	9.416666666666666	112.0	0.8083886996673709			
development	heteroskedastic	201	continuous_sign	target	0.8022481131320613	0.962962962962963	0.0	30.927200571818428	8.777777777777779	112.0	0.9398980840540151			
development	heteroskedastic	201	continuous_sign	reference	0.8142779340603765	0.9506172839506173	0.0	30.439687662147314	9.416666666666666	112.0	0.943172990270231			
development	heteroskedastic	201	eb_delta_0	target	0.8456059008129962	0.9876543209876543	0.0	10.491886558181061	8.777777777777779	112.0	0.9267984591891507	0.8097081728852592	0.1947107012933888	True
development	heteroskedastic	201	eb_delta_0	reference	0.8550628171104763	0.9794238683127572	0.0	10.820798212480096	9.416666666666666	112.0	0.9104239281080704	0.8097081728852592	0.1947107012933888	True
development	heteroskedastic	201	eb_delta_0.1	target	0.8519289115164659	0.9876543209876543	0.0	9.647412795514335	8.777777777777779	112.0	0.9104239281080704	0.8097081728852592	0.1947107012933888	True
development	heteroskedastic	201	eb_delta_0.1	reference	0.8686147560986425	0.9835390946502057	0.0	9.978104072409671	9.416666666666666	112.0	0.8973243032432059	0.8097081728852592	0.1947107012933888	True
development	heteroskedastic	201	eb_delta_0.25	target	0.857606717046112	0.9917695473251029	0.0	8.428204715389667	8.777777777777779	112.0	0.8973243032432059	0.8097081728852592	0.1947107012933888	True
development	heteroskedastic	201	eb_delta_0.25	reference	0.8710670117250724	0.9835390946502057	0.0	8.783384084641739	9.416666666666666	112.0	0.8809497721621257	0.8097081728852592	0.1947107012933888	True
development	heteroskedastic	201	eb_delta_0.5	target	0.8821245136514028	1.0	0.0	6.482402596093586	8.777777777777779	112.0	0.8482007099999648	0.8097081728852592	0.1947107012933888	True
development	heteroskedastic	201	eb_delta_0.5	reference	0.867195029157025	0.9753086419753086	0.0	6.844646464662683	9.416666666666666	112.0	0.8351010851351005	0.8097081728852592	0.1947107012933888	True
development	heteroskedastic	202	hard_z1	target	0.868891077722058	1.0	0.4444444444444444	22.944444444444443	9.25	112.0	0.9317537161256685			
development	heteroskedastic	202	hard_z1	reference	0.777412657294356	0.9423076923076923	0.4722222222222222	22.63888888888889	8.805555555555555	112.0	0.9394099046248329			
development	heteroskedastic	202	wald_p05	target	0.9143042147803581	0.9732510288065844	0.8055555555555556	7.888888888888889	9.25	112.0	0.8819267884445252			
development	heteroskedastic	202	wald_p05	reference	0.8767013866871779	0.9884615384615384	0.8888888888888888	7.611111111111111	8.805555555555555	112.0	0.8762655488245201			
development	heteroskedastic	202	continuous_sign	target	0.8914594532501222	1.0	0.0	31.247552687535872	9.25	112.0	0.943172990270231			
development	heteroskedastic	202	continuous_sign	reference	0.7882065847688572	0.9538461538461538	0.0	30.979615020959216	8.805555555555555	112.0	0.943172990270231			
development	heteroskedastic	202	eb_delta_0	target	0.9193377277400638	0.9917695473251029	0.0	11.609430380883833	9.25	112.0	0.9300733654053668	0.7951988897457186	0.18616107411206956	True
development	heteroskedastic	202	eb_delta_0	reference	0.853901222340062	0.9692307692307692	0.0	11.328294133206718	8.805555555555555	112.0	0.943172990270231	0.7951988897457186	0.18616107411206956	True
development	heteroskedastic	202	eb_delta_0.1	target	0.9204993225104782	0.9917695473251029	0.0	10.698047579972739	9.25	112.0	0.9267984591891507	0.7951988897457186	0.18616107411206956	True
development	heteroskedastic	202	eb_delta_0.1	reference	0.8542884205968667	0.9692307692307692	0.0	10.414267408712128	8.805555555555555	112.0	0.943172990270231	0.7951988897457186	0.18616107411206956	True
development	heteroskedastic	202	eb_delta_0.25	target	0.9269526267905571	0.9917695473251029	0.0	9.36240785497552	9.25	112.0	0.9169737405405026	0.7951988897457186	0.18616107411206956	True
development	heteroskedastic	202	eb_delta_0.25	reference	0.863193980503376	0.9692307692307693	0.0	9.103077803523579	8.805555555555555	112.0	0.933348271621583	0.7951988897457186	0.18616107411206956	True
development	heteroskedastic	202	eb_delta_0.5	target	0.9297920806737919	0.9917695473251029	0.0	7.130877978941628	9.25	112.0	0.9136988343242864	0.7951988897457186	0.18616107411206956	True
development	heteroskedastic	202	eb_delta_0.5	reference	0.875842456892331	0.9692307692307693	0.0	7.059819256486914	8.805555555555555	112.0	0.9136988343242864	0.7951988897457186	0.18616107411206956	True
development	heteroskedastic	203	hard_z1	target	0.8969543549445801	0.9382716049382717	0.5555555555555556	22.333333333333332	9.722222222222221	112.0	0.9157221589029225			
development	heteroskedastic	203	hard_z1	reference	0.8445406534100081	0.9670781893004115	0.5	21.694444444444443	9.25	112.0	0.9145231004678472			
development	heteroskedastic	203	wald_p05	target	0.9283318427359422	0.98559670781893	0.7777777777777778	8.416666666666666	9.722222222222221	112.0	0.8292345492259336			
development	heteroskedastic	203	wald_p05	reference	0.8823384368084949	0.9588477366255144	0.8611111111111112	7.333333333333333	9.25	112.0	0.7415035655586946			
development	heteroskedastic	203	continuous_sign	target	0.8822660473991835	0.9711934156378601	0.0	31.449152692023947	9.722222222222221	112.0	0.943172990270231			
development	heteroskedastic	203	continuous_sign	reference	0.8284215926308298	0.9629629629629629	0.0	30.486614861327936	9.25	112.0	0.943172990270231			
development	heteroskedastic	203	eb_delta_0	target	0.9204795021884955	0.9753086419753086	0.0	12.289962273382255	9.722222222222221	112.0	0.9366231778377989	0.7871778389002146	0.191690814960054	True
development	heteroskedastic	203	eb_delta_0	reference	0.8978546533623124	0.97119341563786	0.0	11.54611959072442	9.25	112.0	0.9235235529729348	0.7871778389002146	0.191690814960054	True
development	heteroskedastic	203	eb_delta_0.1	target	0.9277090747162033	0.9794238683127572	0.0	11.343946477178266	9.722222222222221	112.0	0.9235235529729348	0.7871778389002146	0.191690814960054	True
development	heteroskedastic	203	eb_delta_0.1	reference	0.915922736080542	0.9670781893004115	0.0	10.60117741143732	9.25	112.0	0.9071490218918543	0.7871778389002146	0.191690814960054	True
development	heteroskedastic	203	eb_delta_0.25	target	0.9351968462627576	0.9835390946502057	0.0	10.001520800762997	9.722222222222221	112.0	0.9071490218918543	0.7871778389002146	0.191690814960054	True
development	heteroskedastic	203	eb_delta_0.25	reference	0.9107604267324765	0.9670781893004115	0.0	9.241028311461191	9.25	112.0	0.8940493970269899	0.7871778389002146	0.191690814960054	True
development	heteroskedastic	203	eb_delta_0.5	target	0.9323566570554439	0.9835390946502057	0.0	7.8620522578475835	9.722222222222221	112.0	0.9005992094594221	0.7871778389002146	0.191690814960054	True
development	heteroskedastic	203	eb_delta_0.5	reference	0.9009520389711517	0.9670781893004115	0.0	7.070885660127775	9.25	112.0	0.8482007099999648	0.7871778389002146	0.191690814960054	True
development	heteroskedastic	204	hard_z1	target	0.7595141319914578	0.8600823045267489	0.5	21.61111111111111	9.416666666666666	112.0	0.9121866091931995			
development	heteroskedastic	204	hard_z1	reference	0.8601606453638122	0.9794238683127572	0.5833333333333334	21.97222222222222	10.194444444444445	112.0	0.9362517858712374			
development	heteroskedastic	204	wald_p05	target	0.8713926371162047	0.9506172839506173	0.8055555555555556	8.166666666666666	9.416666666666666	112.0	0.7379281139641075			
development	heteroskedastic	204	wald_p05	reference	0.9099205642354671	0.977366255144033	0.75	7.861111111111111	10.194444444444445	112.0	0.7951999095666845			
development	heteroskedastic	204	continuous_sign	target	0.7995117091265943	0.8765432098765432	0.0	29.68804906703162	9.416666666666666	112.0	0.943172990270231			
development	heteroskedastic	204	continuous_sign	reference	0.846935263792148	0.9794238683127572	0.0	31.272901621823216	10.194444444444445	112.0	0.943172990270231			
development	heteroskedastic	204	eb_delta_0	target	0.868770910255967	0.8888888888888888	0.0	11.664509768687589	9.416666666666666	112.0	0.9038741156756381	0.7909534835632964	0.19234573764318996	True
development	heteroskedastic	204	eb_delta_0	reference	0.8768650400602025	0.9835390946502057	0.0	11.74870005160498	10.194444444444445	112.0	0.9267984591891507	0.7909534835632964	0.19234573764318996	True
development	heteroskedastic	204	eb_delta_0.1	target	0.8806365462036435	0.8971193415637859	0.0	10.738951172473733	9.416666666666666	112.0	0.8907744908107738	0.7909534835632964	0.19234573764318996	True
development	heteroskedastic	204	eb_delta_0.1	reference	0.8846054994398719	0.9917695473251029	0.0	10.818636094644436	10.194444444444445	112.0	0.9169737405405026	0.7909534835632964	0.19234573764318996	True
development	heteroskedastic	204	eb_delta_0.25	target	0.8823132121527717	0.9012345679012346	0.0	9.39986213048985	9.416666666666666	112.0	0.8645752410810451	0.7909534835632964	0.19234573764318996	True
development	heteroskedastic	204	eb_delta_0.25	reference	0.884476491783544	0.9917695473251029	0.0	9.491568437961863	10.194444444444445	112.0	0.9038741156756381	0.7909534835632964	0.19234573764318996	True
development	heteroskedastic	204	eb_delta_0.5	target	0.8935339765815528	0.9135802469135803	0.0	7.239263108646745	9.416666666666666	112.0	0.81872655405402	0.7909534835632964	0.19234573764318996	True
development	heteroskedastic	204	eb_delta_0.5	reference	0.8874436678790839	0.9917695473251029	0.0	7.383927019796131	10.194444444444445	112.0	0.8711250535134775	0.7909534835632964	0.19234573764318996	True
development	heteroskedastic	205	hard_z1	target	0.8511066790157633	0.9506172839506172	0.5555555555555556	21.166666666666668	9.333333333333334	112.0	0.9360706050691788			
development	heteroskedastic	205	hard_z1	reference	0.9097562303893333	0.9653846153846154	0.5555555555555556	21.694444444444443	9.0	112.0	0.9358895294112183			
development	heteroskedastic	205	wald_p05	target	0.8899196378379435	0.9670781893004115	0.75	7.916666666666667	9.333333333333334	112.0	0.7696535651912021			
development	heteroskedastic	205	wald_p05	reference	0.8993266202151816	0.9230769230769231	0.8611111111111112	7.583333333333333	9.0	112.0	0.8596580188618652			
development	heteroskedastic	205	continuous_sign	target	0.8559297474768199	0.9382716049382716	0.0	30.54688865278439	9.333333333333334	112.0	0.943172990270231			
development	heteroskedastic	205	continuous_sign	reference	0.9188809321180458	0.9730769230769232	0.0	30.53811352870686	9.0	112.0	0.943172990270231			
development	heteroskedastic	205	eb_delta_0	target	0.9009854762655696	0.9588477366255145	0.0	11.138342208708181	9.333333333333334	112.0	0.8973243032432059	0.8042986241427614	0.19842108927710103	True
development	heteroskedastic	205	eb_delta_0	reference	0.9607010503939618	0.976923076923077	0.0	10.780211855611219	9.0	112.0	0.9300733654053668	0.8042986241427614	0.19842108927710103	True
development	heteroskedastic	205	eb_delta_0.1	target	0.9071822527178904	0.9588477366255145	0.0	10.26972990676147	9.333333333333334	112.0	0.8874995845945578	0.8042986241427614	0.19842108927710103	True
development	heteroskedastic	205	eb_delta_0.1	reference	0.9632825391764259	0.9807692307692308	0.0	9.91351450708708	9.0	112.0	0.9267984591891507	0.8042986241427614	0.19842108927710103	True
development	heteroskedastic	205	eb_delta_0.25	target	0.9042129640011534	0.962962962962963	0.0	9.028566926694063	9.333333333333334	112.0	0.854750522432397	0.8042986241427614	0.19842108927710103	True
development	heteroskedastic	205	eb_delta_0.25	reference	0.9648314324459042	0.9807692307692308	0.0	8.667419273914707	9.0	112.0	0.9267984591891507	0.8042986241427614	0.19842108927710103	True
development	heteroskedastic	205	eb_delta_0.5	target	0.9191885070942621	0.9711934156378601	0.0	7.0202816659774845	9.333333333333334	112.0	0.7925273043242915	0.8042986241427614	0.19842108927710103	True
development	heteroskedastic	205	eb_delta_0.5	reference	0.9617336459069474	0.9730769230769232	0.0	6.684018521839738	9.0	112.0	0.9104239281080704	0.8042986241427614	0.19842108927710103	True
development	heteroskedastic	206	hard_z1	target	0.8427904523990927	0.9156378600823045	0.7222222222222222	20.86111111111111	8.38888888888889	112.0	0.9352157531686487			
development	heteroskedastic	206	hard_z1	reference	0.8179475560487477	0.9634615384615385	0.5277777777777778	22.75	9.194444444444445	112.0	0.8840105244133182			
development	heteroskedastic	206	wald_p05	target	0.8266364850499016	0.9012345679012346	0.9722222222222222	7.25	8.38888888888889	112.0	0.8316610988041806			
development	heteroskedastic	206	wald_p05	reference	0.9380563619222044	0.9826923076923076	0.8333333333333334	8.222222222222221	9.194444444444445	112.0	0.7355290926449253			
development	heteroskedastic	206	continuous_sign	target	0.8402681656806611	0.9588477366255144	0.0	30.007002779444	8.38888888888889	112.0	0.943172990270231			
development	heteroskedastic	206	continuous_sign	reference	0.818437897552756	0.9769230769230769	0.0	31.729117271032976	9.194444444444445	112.0	0.943172990270231			
development	heteroskedastic	206	eb_delta_0	target	0.9018645872312492	0.9423868312757202	0.0	10.843908526017621	8.38888888888889	112.0	0.9398980840540151	0.7998148545206177	0.1913813575675991	True
development	heteroskedastic	206	eb_delta_0	reference	0.9295853785926491	0.9884615384615384	0.0	11.576827735827946	9.194444444444445	112.0	0.8842246783783417	0.7998148545206177	0.1913813575675991	True
development	heteroskedastic	206	eb_delta_0.1	target	0.9050929112118878	0.9465020576131687	0.0	9.956682048183541	8.38888888888889	112.0	0.9366231778377989	0.7998148545206177	0.1913813575675991	True
development	heteroskedastic	206	eb_delta_0.1	reference	0.9364272095974276	0.9884615384615384	0.0	10.685744244914858	9.194444444444445	112.0	0.8613003348648292	0.7998148545206177	0.1913813575675991	True
development	heteroskedastic	206	eb_delta_0.25	target	0.9094834318255566	0.9465020576131687	0.0	8.677453531565602	8.38888888888889	112.0	0.9366231778377989	0.7998148545206177	0.1913813575675991	True
development	heteroskedastic	206	eb_delta_0.25	reference	0.94159085563877	0.9884615384615384	0.0	9.393547930338208	9.194444444444445	112.0	0.8449258037837488	0.7998148545206177	0.1913813575675991	True
development	heteroskedastic	206	eb_delta_0.5	target	0.9023811190681513	0.9506172839506173	0.0	6.6261217756807715	8.38888888888889	112.0	0.9267984591891507	0.7998148545206177	0.1913813575675991	True
development	heteroskedastic	206	eb_delta_0.5	reference	0.9370726653525955	0.9884615384615384	0.0	7.274035382677943	9.194444444444445	112.0	0.8089018354053719	0.7998148545206177	0.1913813575675991	True
development	heteroskedastic	207	hard_z1	target	0.8723384058566517	0.9384615384615385	0.4444444444444444	23.27777777777778	9.666666666666666	112.0	0.9242970981740246			
development	heteroskedastic	207	hard_z1	reference	0.827241978737532	0.9672727272727272	0.6111111111111112	21.47222222222222	8.88888888888889	112.0	0.9460385795062916			
development	heteroskedastic	207	wald_p05	target	0.9492080935535625	0.9961538461538461	0.8333333333333334	7.888888888888889	9.666666666666666	112.0	0.8362666478857509			
development	heteroskedastic	207	wald_p05	reference	0.9254465223853529	0.9745454545454546	0.8611111111111112	7.972222222222222	8.88888888888889	112.0	0.811727427754581			
development	heteroskedastic	207	continuous_sign	target	0.8625801436745705	0.9500000000000001	0.0	31.819404876192397	9.666666666666666	112.0	0.943172990270231			
development	heteroskedastic	207	continuous_sign	reference	0.8716345193563584	0.9709090909090909	0.0	30.89520187638347	8.88888888888889	112.0	0.943172990270231			
development	heteroskedastic	207	eb_delta_0	target	0.9444788265742943	0.9923076923076923	0.0	11.742979378412	9.666666666666666	112.0	0.9300733654053668	0.7942267254557187	0.1997574233168726	True
development	heteroskedastic	207	eb_delta_0	reference	0.923455834419162	0.9854545454545454	0.0	11.303627342958592	8.88888888888889	112.0	0.9169737405405026	0.7942267254557187	0.1997574233168726	True
development	heteroskedastic	207	eb_delta_0.1	target	0.9562154882181917	0.9923076923076923	0.0	10.82363036184995	9.666666666666666	112.0	0.9169737405405026	0.7942267254557187	0.1997574233168726	True
development	heteroskedastic	207	eb_delta_0.1	reference	0.9338200974317229	0.9890909090909091	0.0	10.38938157068688	8.88888888888889	112.0	0.8973243032432059	0.7942267254557187	0.1997574233168726	True
development	heteroskedastic	207	eb_delta_0.25	target	0.9587949742937736	0.9923076923076923	0.0	9.479113924241458	9.666666666666666	112.0	0.9136988343242864	0.7942267254557187	0.1997574233168726	True
development	heteroskedastic	207	eb_delta_0.25	reference	0.9338200974317229	0.9854545454545455	0.0	9.09931642689889	8.88888888888889	112.0	0.8776748659459096	0.7942267254557187	0.1997574233168726	True
development	heteroskedastic	207	eb_delta_0.5	target	0.9493798501178998	0.9961538461538462	0.0	7.308822638703256	9.666666666666666	112.0	0.8842246783783417	0.7942267254557187	0.1997574233168726	True
development	heteroskedastic	207	eb_delta_0.5	reference	0.9364111631848631	0.9818181818181818	0.0	7.127371020255674	8.88888888888889	112.0	0.858025428648613	0.7942267254557187	0.1997574233168726	True
development	heteroskedastic	208	hard_z1	target	0.7974260628824035	0.9288461538461539	0.7222222222222222	23.22222222222222	9.333333333333334	112.0	0.9320547382367512			
development	heteroskedastic	208	hard_z1	reference	0.880203726674995	0.948076923076923	0.5555555555555556	21.083333333333332	7.944444444444445	112.0	0.9408066372715224			
development	heteroskedastic	208	wald_p05	target	0.9142092995795074	0.9596153846153845	0.75	8.25	9.333333333333334	112.0	0.7469206919854762			
development	heteroskedastic	208	wald_p05	reference	0.8689625993473434	0.9634615384615385	0.8333333333333334	7.138888888888889	7.944444444444445	112.0	0.8601601393037938			
development	heteroskedastic	208	continuous_sign	target	0.7846943063491841	0.9346153846153846	0.0	31.843317407684367	9.333333333333334	112.0	0.943172990270231			
development	heteroskedastic	208	continuous_sign	reference	0.8546940956724215	0.926923076923077	0.0	30.589172000030867	7.944444444444445	112.0	0.943172990270231			
development	heteroskedastic	208	eb_delta_0	target	0.8689853710055448	0.95	0.0	11.2030871083927	9.333333333333334	112.0	0.8874995845945578	0.8089660063851946	0.19493036819224202	True
development	heteroskedastic	208	eb_delta_0	reference	0.8923935935480026	0.9653846153846154	0.0	10.192720492778077	7.944444444444445	112.0	0.9366231778377989	0.8089660063851946	0.19493036819224202	True
development	heteroskedastic	208	eb_delta_0.1	target	0.8878314589685291	0.9538461538461538	0.0	10.35571635601611	9.333333333333334	112.0	0.8678501472972613	0.8089660063851946	0.19493036819224202	True
development	heteroskedastic	208	eb_delta_0.1	reference	0.8926518092868765	0.9653846153846154	0.0	9.341789215001342	7.944444444444445	112.0	0.933348271621583	0.8089660063851946	0.19493036819224202	True
development	heteroskedastic	208	eb_delta_0.25	target	0.904612222223241	0.9461538461538462	0.0	9.120964861746023	9.333333333333334	112.0	0.81872655405402	0.8089660063851946	0.19493036819224202	True
development	heteroskedastic	208	eb_delta_0.25	reference	0.8969123689782947	0.9692307692307693	0.0	8.120352054156093	7.944444444444445	112.0	0.9235235529729348	0.8089660063851946	0.19493036819224202	True
development	heteroskedastic	208	eb_delta_0.5	target	0.8998361588353615	0.9384615384615385	0.0	7.085760907569936	9.333333333333334	112.0	0.7466786172972663	0.8089660063851946	0.19493036819224202	True
development	heteroskedastic	208	eb_delta_0.5	reference	0.9118888818329777	0.9730769230769231	0.0	6.208206658739304	7.944444444444445	112.0	0.8973243032432059	0.8089660063851946	0.19493036819224202	True
development	heteroskedastic	209	hard_z1	target	0.7289294939929002	0.9134615384615384	0.5277777777777778	21.333333333333332	8.083333333333334	112.0	0.9340698397785432			
development	heteroskedastic	209	hard_z1	reference	0.8518837370720366	0.9362139917695473	0.4722222222222222	21.88888888888889	9.166666666666666	112.0	0.9213758575901502			
development	heteroskedastic	209	wald_p05	target	0.8265282099683618	0.9038461538461539	0.8611111111111112	7.083333333333333	8.083333333333334	112.0	0.7173536973462443			
development	heteroskedastic	209	wald_p05	reference	0.8962416733933436	0.9814814814814815	0.8888888888888888	8.0	9.166666666666666	112.0	0.809402696581848			
development	heteroskedastic	209	continuous_sign	target	0.7472614736753668	0.9192307692307693	0.0	30.505196081505314	8.083333333333334	112.0	0.943172990270231			
development	heteroskedastic	209	continuous_sign	reference	0.8176801421236329	0.9300411522633745	0.0	30.872134131727982	9.166666666666666	112.0	0.943172990270231			
development	heteroskedastic	209	eb_delta_0	target	0.811452968469787	0.9461538461538461	0.0	10.488056012827263	8.083333333333334	112.0	0.9366231778377989	0.8060137947788067	0.19877905974181187	True
development	heteroskedastic	209	eb_delta_0	reference	0.9056804351531923	0.9835390946502058	0.0	11.238399302961938	9.166666666666666	112.0	0.9038741156756381	0.8060137947788067	0.19877905974181187	True
development	heteroskedastic	209	eb_delta_0.1	target	0.8174062119386244	0.95	0.0	9.62789914145422	8.083333333333334	112.0	0.933348271621583	0.8060137947788067	0.19877905974181187	True
development	heteroskedastic	209	eb_delta_0.1	reference	0.9056804351531923	0.9835390946502058	0.0	10.374045147214074	9.166666666666666	112.0	0.9005992094594221	0.8060137947788067	0.19877905974181187	True
development	heteroskedastic	209	eb_delta_0.25	target	0.8361718706990898	0.9538461538461538	0.0	8.399475780998115	8.083333333333334	112.0	0.9104239281080704	0.8060137947788067	0.19877905974181187	True
development	heteroskedastic	209	eb_delta_0.25	reference	0.9153578867326893	0.9835390946502058	0.0	9.119854439876471	9.166666666666666	112.0	0.8842246783783417	0.8060137947788067	0.19877905974181187	True
development	heteroskedastic	209	eb_delta_0.5	target	0.8655498330344394	0.9653846153846154	0.0	6.372013106285002	8.083333333333334	112.0	0.8613003348648292	0.8060137947788067	0.19877905974181187	True
development	heteroskedastic	209	eb_delta_0.5	reference	0.9348418225794101	0.9835390946502057	0.0	7.123058921850086	9.166666666666666	112.0	0.81872655405402	0.8060137947788067	0.19877905974181187	True
development	heteroskedastic	210	hard_z1	target	0.9000269323503872	0.95679012345679	0.4444444444444444	21.86111111111111	8.694444444444445	112.0	0.9444501377615282			
development	heteroskedastic	210	hard_z1	reference	0.8431085758003936	0.9650205761316872	0.5833333333333334	22.416666666666668	9.277777777777779	112.0	0.9362517858712374			
development	heteroskedastic	210	wald_p05	target	0.9029109406798712	0.9444444444444445	0.8611111111111112	7.361111111111111	8.694444444444445	112.0	0.8386706028365994			
development	heteroskedastic	210	wald_p05	reference	0.8611255499743964	1.0	0.7777777777777778	8.333333333333334	9.277777777777779	112.0	0.766815363803808			
development	heteroskedastic	210	continuous_sign	target	0.8960347563932397	0.9588477366255144	0.0	30.631406207839664	8.694444444444445	112.0	0.943172990270231			
development	heteroskedastic	210	continuous_sign	reference	0.8074589209558345	0.9300411522633745	0.0	31.4416910618343	9.277777777777779	112.0	0.943172990270231			
development	heteroskedastic	210	eb_delta_0	target	0.9328209715433511	0.9629629629629629	0.0	11.24504510895459	8.694444444444445	112.0	0.933348271621583	0.7950408802004991	0.19381774763879145	True
development	heteroskedastic	210	eb_delta_0	reference	0.8797032084994146	0.9917695473251029	0.0	11.71037674004416	9.277777777777779	112.0	0.9300733654053668	0.7950408802004991	0.19381774763879145	True
development	heteroskedastic	210	eb_delta_0.1	target	0.9334663437389672	0.9629629629629629	0.0	10.33504498616423	8.694444444444445	112.0	0.9300733654053668	0.7950408802004991	0.19381774763879145	True
development	heteroskedastic	210	eb_delta_0.1	reference	0.8861535913158056	0.9917695473251029	0.0	10.80112748303197	9.277777777777779	112.0	0.9202486467567186	0.7950408802004991	0.19381774763879145	True
development	heteroskedastic	210	eb_delta_0.25	target	0.9344989392519527	0.9629629629629629	0.0	9.01805548865658	8.694444444444445	112.0	0.9235235529729348	0.7950408802004991	0.19381774763879145	True
development	heteroskedastic	210	eb_delta_0.25	reference	0.9015055024188164	0.9958847736625515	0.0	9.477238355950965	9.277777777777779	112.0	0.8973243032432059	0.7950408802004991	0.19381774763879145	True
development	heteroskedastic	210	eb_delta_0.5	target	0.9328209715433511	0.9670781893004115	0.0	6.968439845623268	8.694444444444445	112.0	0.9005992094594221	0.7950408802004991	0.19381774763879145	True
development	heteroskedastic	210	eb_delta_0.5	reference	0.9079558852352075	1.0	0.0	7.411466933435463	9.277777777777779	112.0	0.8711250535134775	0.7950408802004991	0.19381774763879145	True
development	heteroskedastic	211	hard_z1	target	0.8660018345614072	0.911371237458194	0.5833333333333334	22.055555555555557	9.444444444444445	112.0	0.9238823578503618			
development	heteroskedastic	211	hard_z1	reference	0.7572223128434351	0.8662551440329219	0.5277777777777778	20.944444444444443	7.0	112.0	0.9361913805815928			
development	heteroskedastic	211	wald_p05	target	0.8589096377179258	0.9280936454849498	0.8888888888888888	7.861111111111111	9.444444444444445	112.0	0.8903689732144011			
development	heteroskedastic	211	wald_p05	reference	0.8908646840107396	1.0	0.8611111111111112	5.833333333333333	7.0	112.0	0.6071181521118443			
development	heteroskedastic	211	continuous_sign	target	0.8768594214558328	0.9030100334448161	0.0	31.786278704324065	9.444444444444445	112.0	0.943172990270231			
development	heteroskedastic	211	continuous_sign	reference	0.7549563944315844	0.8600823045267489	0.0	29.74154135814253	7.0	112.0	0.943172990270231			
development	heteroskedastic	211	eb_delta_0	target	0.9033213942805709	0.9297658862876255	0.0	10.45494549449051	9.444444444444445	112.0	0.943172990270231	0.8274869983445445	0.19049442590492077	True
development	heteroskedastic	211	eb_delta_0	reference	0.8564089035824178	0.9382716049382717	0.0	8.866511432032771	7.0	112.0	0.9267984591891507	0.8274869983445445	0.19049442590492077	True
development	heteroskedastic	211	eb_delta_0.1	target	0.9064193813429794	0.9331103678929766	0.0	9.68353935922324	9.444444444444445	112.0	0.9398980840540151	0.8274869983445445	0.19049442590492077	True
development	heteroskedastic	211	eb_delta_0.1	reference	0.8806748981375793	0.9465020576131687	0.0	8.099027099617652	7.0	112.0	0.9005992094594221	0.8274869983445445	0.19049442590492077	True
development	heteroskedastic	211	eb_delta_0.25	target	0.9153260941474032	0.9431438127090301	0.0	8.543778334376603	9.444444444444445	112.0	0.9300733654053668	0.8274869983445445	0.19049442590492077	True
development	heteroskedastic	211	eb_delta_0.25	reference	0.8926788209760366	0.962962962962963	0.0	7.00590204473125	7.0	112.0	0.8842246783783417	0.8274869983445445	0.19049442590492077	True
development	heteroskedastic	211	eb_delta_0.5	target	0.9148097629703351	0.9464882943143813	0.0	6.6934509519008385	9.444444444444445	112.0	0.9136988343242864	0.8274869983445445	0.19049442590492077	True
development	heteroskedastic	211	eb_delta_0.5	reference	0.9184937088006762	0.9835390946502057	0.0	5.366891447371797	7.0	112.0	0.8318261789188844	0.8274869983445445	0.19049442590492077	True
development	heteroskedastic	212	hard_z1	target	0.791184440126322	0.8991769547325102	0.75	22.11111111111111	8.527777777777779	112.0	0.9359498762874723			
development	heteroskedastic	212	hard_z1	reference	0.804914678330417	0.8769230769230769	0.5555555555555556	20.805555555555557	8.38888888888889	112.0	0.9442673704375604			
development	heteroskedastic	212	wald_p05	target	0.9065718669599304	0.9526748971193415	0.8055555555555556	8.194444444444445	8.527777777777779	112.0	0.757234732312004			
development	heteroskedastic	212	wald_p05	reference	0.9014730851864918	0.9615384615384616	0.8333333333333334	7.083333333333333	8.38888888888889	112.0	0.7089889910601692			
development	heteroskedastic	212	continuous_sign	target	0.763373631097367	0.8641975308641975	0.0	30.88864446460118	8.527777777777779	112.0	0.943172990270231			
development	heteroskedastic	212	continuous_sign	reference	0.7684702403512547	0.8307692307692308	0.0	30.337520490919403	8.38888888888889	112.0	0.943172990270231			
development	heteroskedastic	212	eb_delta_0	target	0.8660609469556423	0.9176954732510287	0.0	10.8663912246721	8.527777777777779	112.0	0.9071490218918543	0.8100233325982477	0.18853656639479843	True
development	heteroskedastic	212	eb_delta_0	reference	0.8487909409895475	0.8961538461538462	0.0	10.410995436740091	8.38888888888889	112.0	0.9104239281080704	0.8100233325982477	0.18853656639479843	True
development	heteroskedastic	212	eb_delta_0.1	target	0.8770400939342	0.9300411522633745	0.0	10.022016712643717	8.527777777777779	112.0	0.8940493970269899	0.8100233325982477	0.18853656639479843	True
development	heteroskedastic	212	eb_delta_0.1	reference	0.8490492069079987	0.9038461538461537	0.0	9.565794086078787	8.38888888888889	112.0	0.9005992094594221	0.8100233325982477	0.18853656639479843	True
development	heteroskedastic	212	eb_delta_0.25	target	0.9041650452929897	0.9423868312757201	0.0	8.787519552079992	8.527777777777779	112.0	0.858025428648613	0.8100233325982477	0.18853656639479843	True
development	heteroskedastic	212	eb_delta_0.25	reference	0.8819781115105142	0.926923076923077	0.0	8.320124265418094	8.38888888888889	112.0	0.8613003348648292	0.8100233325982477	0.18853656639479843	True
development	heteroskedastic	212	eb_delta_0.5	target	0.9311608302167375	0.9588477366255145	0.0	6.726607404262527	8.527777777777779	112.0	0.7958022105405077	0.8100233325982477	0.18853656639479843	True
development	heteroskedastic	212	eb_delta_0.5	reference	0.872551405487049	0.9153846153846154	0.0	6.452671485950921	8.38888888888889	112.0	0.8056269291891558	0.8100233325982477	0.18853656639479843	True
development	heteroskedastic	213	hard_z1	target	0.7603269354507873	0.8745454545454546	0.6111111111111112	20.77777777777778	7.916666666666667	112.0	0.9175234740332026			
development	heteroskedastic	213	hard_z1	reference	0.7830119577187349	0.8909465020576132	0.5833333333333334	22.77777777777778	9.222222222222221	112.0	0.9072061358449813			
development	heteroskedastic	213	wald_p05	target	0.8344778472385009	0.9218181818181819	0.8333333333333334	7.083333333333333	7.916666666666667	112.0	0.6911937834907871			
development	heteroskedastic	213	wald_p05	reference	0.8785608026693252	0.9403292181069959	0.7222222222222222	8.333333333333334	9.222222222222221	112.0	0.8289433211385963			
development	heteroskedastic	213	continuous_sign	target	0.7391382517455717	0.8763636363636363	0.0	30.10505007432259	7.916666666666667	112.0	0.943172990270231			
development	heteroskedastic	213	continuous_sign	reference	0.7777394565443555	0.8930041152263375	0.0	32.003197753730625	9.222222222222221	112.0	0.9398980840540151			
development	heteroskedastic	213	eb_delta_0	target	0.8490660134085357	0.9163636363636364	0.0	10.515417267998835	7.916666666666667	112.0	0.8940493970269899	0.8003106174177091	0.1971910678697109	True
development	heteroskedastic	213	eb_delta_0	reference	0.8766681220563077	0.9341563786008231	0.0	11.849793896973711	9.222222222222221	112.0	0.9267984591891507	0.8003106174177091	0.1971910678697109	True
development	heteroskedastic	213	eb_delta_0.1	target	0.8515203347617628	0.9163636363636364	0.0	9.628536658848482	7.916666666666667	112.0	0.8874995845945578	0.8003106174177091	0.1971910678697109	True
development	heteroskedastic	213	eb_delta_0.1	reference	0.8809300619543421	0.9341563786008231	0.0	10.959960020393043	9.222222222222221	112.0	0.9202486467567186	0.8003106174177091	0.1971910678697109	True
development	heteroskedastic	213	eb_delta_0.25	target	0.8685714094262884	0.9309090909090909	0.0	8.35531822368709	7.916666666666667	112.0	0.8678501472972613	0.8003106174177091	0.1971910678697109	True
development	heteroskedastic	213	eb_delta_0.25	reference	0.9076640485874677	0.9465020576131687	0.0	9.677310937488919	9.222222222222221	112.0	0.8874995845945578	0.8003106174177091	0.1971910678697109	True
development	heteroskedastic	213	eb_delta_0.5	target	0.880972191000489	0.9381818181818182	0.0	6.36876925334876	7.916666666666667	112.0	0.8318261789188844	0.8003106174177091	0.1971910678697109	True
development	heteroskedastic	213	eb_delta_0.5	reference	0.9189000719550132	0.9547325102880658	0.0	7.565324341904894	9.222222222222221	112.0	0.8318261789188844	0.8003106174177091	0.1971910678697109	True
development	heteroskedastic	214	hard_z1	target	0.8162697693903415	0.9423868312757202	0.3888888888888889	22.77777777777778	10.63888888888889	112.0	0.9078503355040578			
development	heteroskedastic	214	hard_z1	reference	0.8015906642536398	0.9403292181069959	0.5	23.11111111111111	9.11111111111111	112.0	0.9425672242247823			
development	heteroskedastic	214	wald_p05	target	0.8768066513951136	0.9670781893004115	0.75	8.88888888888889	10.63888888888889	112.0	0.7638279709977834			
development	heteroskedastic	214	wald_p05	reference	0.9048534212186644	0.977366255144033	0.8055555555555556	7.805555555555555	9.11111111111111	112.0	0.8326874744912508			
development	heteroskedastic	214	continuous_sign	target	0.8193859998578611	0.9506172839506173	0.0	31.5682317371626	10.63888888888889	112.0	0.9398980840540151			
development	heteroskedastic	214	continuous_sign	reference	0.7627008607789763	0.934156378600823	0.0	31.412494028496813	9.11111111111111	112.0	0.943172990270231			
development	heteroskedastic	214	eb_delta_0	target	0.8971643618752739	0.9670781893004116	0.0	12.941132074101523	10.63888888888889	112.0	0.9267984591891507	0.7759289286204332	0.19644604879984162	True
development	heteroskedastic	214	eb_delta_0	reference	0.866218560955781	0.9753086419753086	0.0	12.154827915408388	9.11111111111111	112.0	0.943172990270231	0.7759289286204332	0.19644604879984162	True
development	heteroskedastic	214	eb_delta_0.1	target	0.9010403599824539	0.9670781893004116	0.0	11.945699612469758	10.63888888888889	112.0	0.9136988343242864	0.7759289286204332	0.19644604879984162	True
development	heteroskedastic	214	eb_delta_0.1	reference	0.8721559851554481	0.9753086419753086	0.0	11.156436198888626	9.11111111111111	112.0	0.9366231778377989	0.7759289286204332	0.19644604879984162	True
development	heteroskedastic	214	eb_delta_0.25	target	0.907371156890848	0.97119341563786	0.0	10.533436548888833	10.63888888888889	112.0	0.9038741156756381	0.7759289286204332	0.19644604879984162	True
development	heteroskedastic	214	eb_delta_0.25	reference	0.8842889824330287	0.9794238683127572	0.0	9.726318939674622	9.11111111111111	112.0	0.9267984591891507	0.7759289286204332	0.19644604879984162	True
development	heteroskedastic	214	eb_delta_0.5	target	0.9276555469850902	0.9835390946502057	0.0	8.275884154103245	10.63888888888889	112.0	0.858025428648613	0.7759289286204332	0.19644604879984162	True
development	heteroskedastic	214	eb_delta_0.5	reference	0.9077805303534507	0.9835390946502057	0.0	7.451328955974428	9.11111111111111	112.0	0.8809497721621257	0.7759289286204332	0.19644604879984162	True
development	heteroskedastic	215	hard_z1	target	0.7859331265279403	0.84	0.3888888888888889	21.805555555555557	8.36111111111111	112.0	0.9132374763291544			
development	heteroskedastic	215	hard_z1	reference	0.7608406380891036	0.9403846153846154	0.5555555555555556	21.583333333333332	8.583333333333334	112.0	0.8888160530519325			
development	heteroskedastic	215	wald_p05	target	0.8343021863907794	0.8872727272727273	0.9722222222222222	7.583333333333333	8.36111111111111	112.0	0.8077762013777735			
development	heteroskedastic	215	wald_p05	reference	0.9410775991752124	0.9961538461538462	0.75	7.805555555555555	8.583333333333334	112.0	0.7205595797863611			
development	heteroskedastic	215	continuous_sign	target	0.795768849206726	0.8545454545454545	0.0	30.607835353659468	8.36111111111111	112.0	0.943172990270231			
development	heteroskedastic	215	continuous_sign	reference	0.7617785103450868	0.9384615384615385	0.0	31.014264376655678	8.583333333333334	112.0	0.943172990270231			
development	heteroskedastic	215	eb_delta_0	target	0.8387729106779755	0.8836363636363636	0.0	10.637637747623474	8.36111111111111	112.0	0.9202486467567186	0.8082433753743956	0.19298156147712028	True
development	heteroskedastic	215	eb_delta_0	reference	0.8905697950010917	0.9692307692307692	0.0	10.839104186787045	8.583333333333334	112.0	0.8907744908107738	0.8082433753743956	0.19298156147712028	True
development	heteroskedastic	215	eb_delta_0.1	target	0.8381272040492781	0.88	0.0	9.779521192086534	8.36111111111111	112.0	0.9071490218918543	0.8082433753743956	0.19298156147712028	True
development	heteroskedastic	215	eb_delta_0.1	reference	0.8990870543069999	0.9730769230769231	0.0	9.985418434930061	8.583333333333334	112.0	0.8645752410810451	0.8082433753743956	0.19298156147712028	True
development	heteroskedastic	215	eb_delta_0.25	target	0.8426471504501601	0.8763636363636363	0.0	8.530687989611161	8.36111111111111	112.0	0.8809497721621257	0.8082433753743956	0.19298156147712028	True
development	heteroskedastic	215	eb_delta_0.25	reference	0.9202511531883473	0.9769230769230769	0.0	8.755440668530108	8.583333333333334	112.0	0.8351010851351005	0.8082433753743956	0.19298156147712028	True
development	heteroskedastic	215	eb_delta_0.5	target	0.8215971143546237	0.850909090909091	0.0	6.567154548434659	8.36111111111111	112.0	0.8351010851351005	0.8082433753743956	0.19298156147712028	True
development	heteroskedastic	215	eb_delta_0.5	reference	0.9255421779086842	0.9884615384615385	0.0	6.8213638609162635	8.583333333333334	112.0	0.8056269291891558	0.8082433753743956	0.19298156147712028	True
development	heteroskedastic	216	hard_z1	target	0.8236745556923732	0.9320987654320988	0.6111111111111112	22.97222222222222	9.666666666666666	112.0	0.9368564825601727			
development	heteroskedastic	216	hard_z1	reference	0.7771760211898887	0.8854545454545454	0.6111111111111112	23.055555555555557	8.916666666666666	112.0	0.9446330112529822			
development	heteroskedastic	216	wald_p05	target	0.8868430686629389	0.9012345679012346	0.8333333333333334	8.027777777777779	9.666666666666666	112.0	0.8398706524431003			
development	heteroskedastic	216	wald_p05	reference	0.9132183239370426	0.9272727272727272	0.7777777777777778	7.972222222222222	8.916666666666666	112.0	0.8137925828670497			
development	heteroskedastic	216	continuous_sign	target	0.8194476473161418	0.9176954732510288	0.0	31.841554881589396	9.666666666666666	112.0	0.943172990270231			
development	heteroskedastic	216	continuous_sign	reference	0.7719696230133586	0.8836363636363638	0.0	31.57506067504605	8.916666666666666	112.0	0.943172990270231			
development	heteroskedastic	216	eb_delta_0	target	0.8991072027587225	0.9547325102880659	0.0	11.575363440381194	9.666666666666666	112.0	0.9267984591891507	0.7916907407860245	0.20356735956828675	True
development	heteroskedastic	216	eb_delta_0	reference	0.8674483763868936	0.9381818181818182	0.0	11.755273843921067	8.916666666666666	112.0	0.9398980840540151	0.7916907407860245	0.20356735956828675	True
development	heteroskedastic	216	eb_delta_0.1	target	0.8970414768477318	0.9547325102880659	0.0	10.648294762004772	9.666666666666666	112.0	0.9235235529729348	0.7916907407860245	0.20356735956828675	True
development	heteroskedastic	216	eb_delta_0.1	reference	0.8691279755666717	0.9381818181818182	0.0	10.823293285614945	8.916666666666666	112.0	0.9366231778377989	0.7916907407860245	0.20356735956828675	True
development	heteroskedastic	216	eb_delta_0.25	target	0.8949757509367411	0.9423868312757202	0.0	9.30260092299105	9.666666666666666	112.0	0.9071490218918543	0.7916907407860245	0.20356735956828675	True
development	heteroskedastic	216	eb_delta_0.25	reference	0.8773967715286557	0.9381818181818181	0.0	9.509827734007068	8.916666666666666	112.0	0.9136988343242864	0.7916907407860245	0.20356735956828675	True
development	heteroskedastic	216	eb_delta_0.5	target	0.8974288004560426	0.9423868312757202	0.0	7.233686581291908	9.666666666666666	112.0	0.8907744908107738	0.7916907407860245	0.20356735956828675	True
development	heteroskedastic	216	eb_delta_0.5	reference	0.8958723625062138	0.9563636363636363	0.0	7.3567134345589	8.916666666666666	112.0	0.8874995845945578	0.7916907407860245	0.20356735956828675	True
development	heteroskedastic	217	hard_z1	target	0.7372213663390284	0.8879598662207357	0.6388888888888888	21.194444444444443	7.972222222222222	112.0	0.921640863391309			
development	heteroskedastic	217	hard_z1	reference	0.8355712019559212	0.9403292181069959	0.4444444444444444	22.0	8.194444444444445	112.0	0.899888760213349			
development	heteroskedastic	217	wald_p05	target	0.8919698948213487	0.9280936454849499	0.8611111111111112	7.25	7.972222222222222	112.0	0.7702036928950302			
development	heteroskedastic	217	wald_p05	reference	0.9041450761895896	0.9835390946502058	0.8055555555555556	7.333333333333333	8.194444444444445	112.0	0.8312300746245147			
development	heteroskedastic	217	continuous_sign	target	0.7872464964819059	0.8929765886287626	0.0	30.24219351520831	7.972222222222222	112.0	0.943172990270231			
development	heteroskedastic	217	continuous_sign	reference	0.8021288188363901	0.9218106995884774	0.0	31.189852016160373	8.194444444444445	112.0	0.9398980840540151			
development	heteroskedastic	217	eb_delta_0	target	0.8488897490440687	0.9230769230769231	0.0	9.837930300819913	7.972222222222222	112.0	0.9104239281080704	0.820967557533139	0.1954437236651521	True
development	heteroskedastic	217	eb_delta_0	reference	0.9087948851710165	0.9670781893004115	0.0	10.213703559078434	8.194444444444445	112.0	0.9104239281080704	0.820967557533139	0.1954437236651521	True
development	heteroskedastic	217	eb_delta_0.1	target	0.8488897490440687	0.9230769230769231	0.0	9.039935518158586	7.972222222222222	112.0	0.9005992094594221	0.820967557533139	0.1954437236651521	True
development	heteroskedastic	217	eb_delta_0.1	reference	0.9117686058082243	0.97119341563786	0.0	9.419030123248747	8.194444444444445	112.0	0.9005992094594221	0.820967557533139	0.1954437236651521	True
development	heteroskedastic	217	eb_delta_0.25	target	0.8645595674474755	0.9431438127090301	0.0	7.869799307811592	7.972222222222222	112.0	0.8645752410810451	0.820967557533139	0.1954437236651521	True
development	heteroskedastic	217	eb_delta_0.25	reference	0.906209041138662	0.97119341563786	0.0	8.269019092128726	8.194444444444445	112.0	0.8776748659459096	0.820967557533139	0.1954437236651521	True
development	heteroskedastic	217	eb_delta_0.5	target	0.8846324753196083	0.9464882943143813	0.0	6.001777608263093	7.972222222222222	112.0	0.8351010851351005	0.820967557533139	0.1954437236651521	True
development	heteroskedastic	217	eb_delta_0.5	reference	0.9117686058082243	0.9753086419753085	0.0	6.453610522694544	8.194444444444445	112.0	0.8416508975675326	0.820967557533139	0.1954437236651521	True
development	heteroskedastic	218	hard_z1	target	0.7971616399237897	0.9958847736625515	0.5833333333333334	22.02777777777778	8.555555555555555	112.0	0.8941178611649688			
development	heteroskedastic	218	hard_z1	reference	0.8009231458024281	0.9346153846153846	0.5833333333333334	21.72222222222222	8.86111111111111	112.0	0.9374076953112447			
development	heteroskedastic	218	wald_p05	target	0.9279651668844313	0.9979423868312758	0.8611111111111112	7.777777777777778	8.555555555555555	112.0	0.7252034036292948			
development	heteroskedastic	218	wald_p05	reference	0.8885210387220015	0.9807692307692307	0.8333333333333334	7.166666666666667	8.86111111111111	112.0	0.8159660782527038			
development	heteroskedastic	218	continuous_sign	target	0.8311750137504575	1.0	0.0	30.97627748396732	8.555555555555555	112.0	0.943172990270231			
development	heteroskedastic	218	continuous_sign	reference	0.8239702711761802	0.95	0.0	30.9390580196489	8.86111111111111	112.0	0.943172990270231			
development	heteroskedastic	218	eb_delta_0	target	0.9216913543810418	1.0	0.0	11.120523562002692	8.555555555555555	112.0	0.8711250535134775	0.8037004951243292	0.1930413284970075	True
development	heteroskedastic	218	eb_delta_0	reference	0.8962211545624522	0.9769230769230769	0.0	10.865020724705682	8.86111111111111	112.0	0.9366231778377989	0.8037004951243292	0.1930413284970075	True
development	heteroskedastic	218	eb_delta_0.1	target	0.9156224984471795	1.0	0.0	10.24775998764921	8.555555555555555	112.0	0.8482007099999648	0.8037004951243292	0.1930413284970075	True
development	heteroskedastic	218	eb_delta_0.1	reference	0.9037176684021728	0.9846153846153847	0.0	9.995676759881325	8.86111111111111	112.0	0.9300733654053668	0.8037004951243292	0.1930413284970075	True
development	heteroskedastic	218	eb_delta_0.25	target	0.9229826003244167	1.0	0.0	8.997693001071621	8.555555555555555	112.0	0.8252763664864522	0.8037004951243292	0.1930413284970075	True
development	heteroskedastic	218	eb_delta_0.25	reference	0.9011326636298553	0.9884615384615384	0.0	8.753187578010364	8.86111111111111	112.0	0.9235235529729348	0.8037004951243292	0.1930413284970075	True
development	heteroskedastic	218	eb_delta_0.5	target	0.9176884919565794	1.0	0.0	7.035182048166849	8.555555555555555	112.0	0.772877867026995	0.8037004951243292	0.1930413284970075	True
development	heteroskedastic	218	eb_delta_0.5	reference	0.8867858871434936	0.976923076923077	0.0	6.744452554304497	8.86111111111111	112.0	0.8940493970269899	0.8037004951243292	0.1930413284970075	True
development	heteroskedastic	219	hard_z1	target	0.7513078440423936	0.8559670781893004	0.5555555555555556	22.666666666666668	9.027777777777779	112.0	0.936372631536261			
development	heteroskedastic	219	hard_z1	reference	0.7538093218115614	0.9753086419753086	0.5277777777777778	23.63888888888889	10.333333333333334	112.0	0.9307924017442324			
development	heteroskedastic	219	wald_p05	target	0.8681679355089988	0.9156378600823045	0.8333333333333334	7.944444444444445	9.027777777777779	112.0	0.7753264565826964			
development	heteroskedastic	219	wald_p05	reference	0.8744689399288815	0.9835390946502058	0.7777777777777778	8.222222222222221	10.333333333333334	112.0	0.7522962449273605			
development	heteroskedastic	219	continuous_sign	target	0.7627047447053253	0.8477366255144033	0.0	31.328080545856228	9.027777777777779	112.0	0.943172990270231			
development	heteroskedastic	219	continuous_sign	reference	0.7532270047514494	0.9547325102880658	0.0	31.955355458223185	10.333333333333334	112.0	0.943172990270231			
development	heteroskedastic	219	eb_delta_0	target	0.8829010284498913	0.9382716049382717	0.0	11.37965122885287	9.027777777777779	112.0	0.9005992094594221	0.7908335116716978	0.20396184096197978	True
development	heteroskedastic	219	eb_delta_0	reference	0.8473965052598513	0.9876543209876544	0.0	12.04699554572672	10.333333333333334	112.0	0.9071490218918543	0.7908335116716978	0.20396184096197978	True
development	heteroskedastic	219	eb_delta_0.1	target	0.8831589603892573	0.9341563786008231	0.0	10.44784068371186	9.027777777777779	112.0	0.8907744908107738	0.7908335116716978	0.20396184096197978	True
development	heteroskedastic	219	eb_delta_0.1	reference	0.8595224409417551	0.9876543209876544	0.0	11.120522074616236	10.333333333333334	112.0	0.8907744908107738	0.7908335116716978	0.20396184096197978	True
development	heteroskedastic	219	eb_delta_0.25	target	0.8849644839648194	0.9341563786008231	0.0	9.085387507181604	9.027777777777779	112.0	0.8842246783783417	0.7908335116716978	0.20396184096197978	True
development	heteroskedastic	219	eb_delta_0.25	reference	0.8779693430961407	0.9876543209876544	0.0	9.789550846192217	10.333333333333334	112.0	0.854750522432397	0.7908335116716978	0.20396184096197978	True
development	heteroskedastic	219	eb_delta_0.5	target	0.9001824683874147	0.9547325102880659	0.0	6.917954876636239	9.027777777777779	112.0	0.8383759913513167	0.7908335116716978	0.20396184096197978	True
development	heteroskedastic	219	eb_delta_0.5	reference	0.8989962315658249	0.9917695473251029	0.0	7.507664659717886	10.333333333333334	112.0	0.81872655405402	0.7908335116716978	0.20396184096197978	True
development	heteroskedastic	220	hard_z1	target	0.7267642540747847	0.830909090909091	0.6666666666666666	21.38888888888889	8.972222222222221	112.0	0.9182746647963688			
development	heteroskedastic	220	hard_z1	reference	0.7786252862856413	0.97119341563786	0.5	24.13888888888889	10.61111111111111	112.0	0.9364935240074298			
development	heteroskedastic	220	wald_p05	target	0.8671045007250524	0.9127272727272727	0.7777777777777778	8.13888888888889	8.972222222222221	112.0	0.8230812307739173			
development	heteroskedastic	220	wald_p05	reference	0.9069542351863176	0.9732510288065843	0.8055555555555556	9.027777777777779	10.61111111111111	112.0	0.8305561574539498			
development	heteroskedastic	220	continuous_sign	target	0.6832649133761677	0.8254545454545454	0.0	30.7780777984026	8.972222222222221	112.0	0.943172990270231			
development	heteroskedastic	220	continuous_sign	reference	0.8186594519451769	0.9588477366255144	0.0	32.173335464437876	10.61111111111111	112.0	0.943172990270231			
development	heteroskedastic	220	eb_delta_0	target	0.7970346624340726	0.8872727272727272	0.0	12.406331102938333	8.972222222222221	112.0	0.933348271621583	0.7692956326363312	0.20445245135885445	True
development	heteroskedastic	220	eb_delta_0	reference	0.887558450737726	0.9917695473251029	0.0	13.432558196357238	10.61111111111111	112.0	0.9398980840540151	0.7692956326363312	0.20445245135885445	True
development	heteroskedastic	220	eb_delta_0.1	target	0.8094459077858439	0.8872727272727272	0.0	11.378434565126213	8.972222222222221	112.0	0.9202486467567186	0.7692956326363312	0.20445245135885445	True
development	heteroskedastic	220	eb_delta_0.1	reference	0.8922033270608192	0.9917695473251029	0.0	12.402076874349884	10.61111111111111	112.0	0.9267984591891507	0.7692956326363312	0.20445245135885445	True
development	heteroskedastic	220	eb_delta_0.25	target	0.8336219794606488	0.9018181818181819	0.0	9.889688736988383	8.972222222222221	112.0	0.8940493970269899	0.7692956326363312	0.20445245135885445	True
development	heteroskedastic	220	eb_delta_0.25	reference	0.8969772277262206	0.9917695473251029	0.0	10.93406449011971	10.61111111111111	112.0	0.9202486467567186	0.7692956326363312	0.20445245135885445	True
development	heteroskedastic	220	eb_delta_0.5	target	0.8740878106596537	0.9309090909090909	0.0	7.522921427675994	8.972222222222221	112.0	0.8482007099999648	0.7692956326363312	0.20445245135885445	True
development	heteroskedastic	220	eb_delta_0.5	reference	0.9119440514339654	0.9958847736625515	0.0	8.63283558696206	10.61111111111111	112.0	0.8907744908107738	0.7692956326363312	0.20445245135885445	True
development	heteroskedastic	221	hard_z1	target	0.7286212475338141	0.8538461538461538	0.6111111111111112	22.055555555555557	8.805555555555555	112.0	0.9380730597859475			
development	heteroskedastic	221	hard_z1	reference	0.8999194776579773	0.9884615384615385	0.4166666666666667	22.666666666666668	9.583333333333334	112.0	0.9323109543686263			
development	heteroskedastic	221	wald_p05	target	0.8502366243232355	0.8865384615384616	0.8611111111111112	7.222222222222222	8.805555555555555	112.0	0.8230696480553402			
development	heteroskedastic	221	wald_p05	reference	0.9194401386588741	0.975	0.8055555555555556	7.75	9.583333333333334	112.0	0.8783655127712915			
development	heteroskedastic	221	continuous_sign	target	0.7430616669814972	0.8576923076923078	0.0	30.52310661213818	8.805555555555555	112.0	0.943172990270231			
development	heteroskedastic	221	continuous_sign	reference	0.8634389038942177	0.9807692307692307	0.0	31.55633766342461	9.583333333333334	112.0	0.943172990270231			
development	heteroskedastic	221	eb_delta_0	target	0.8440829158652822	0.9115384615384615	0.0	10.415349368354082	8.805555555555555	112.0	0.9398980840540151	0.8080989077170766	0.19543897541407237	True
development	heteroskedastic	221	eb_delta_0	reference	0.8952076700261319	0.9769230769230769	0.0	11.077572837297858	9.583333333333334	112.0	0.933348271621583	0.8080989077170766	0.19543897541407237	True
development	heteroskedastic	221	eb_delta_0.1	target	0.8464082131541673	0.9115384615384615	0.0	9.564790847285957	8.805555555555555	112.0	0.933348271621583	0.8080989077170766	0.19543897541407237	True
development	heteroskedastic	221	eb_delta_0.1	reference	0.9010190296844087	0.9807692307692307	0.0	10.221390836776624	9.583333333333334	112.0	0.9300733654053668	0.8080989077170766	0.19543897541407237	True
development	heteroskedastic	221	eb_delta_0.25	target	0.8584222491467403	0.926923076923077	0.0	8.339471671722222	8.805555555555555	112.0	0.9202486467567186	0.8080989077170766	0.19543897541407237	True
development	heteroskedastic	221	eb_delta_0.25	reference	0.9081218026000808	0.9769230769230769	0.0	8.990642118848392	9.583333333333334	112.0	0.9202486467567186	0.8080989077170766	0.19543897541407237	True
development	heteroskedastic	221	eb_delta_0.5	target	0.8734074983417773	0.9307692307692308	0.0	6.334721885105243	8.805555555555555	112.0	0.8743999597296934	0.8080989077170766	0.19543897541407237	True
development	heteroskedastic	221	eb_delta_0.5	reference	0.8962408006320477	0.9730769230769232	0.0	6.995854445356829	9.583333333333334	112.0	0.8776748659459096	0.8080989077170766	0.19543897541407237	True
development	heteroskedastic	222	hard_z1	target	0.8927757217054187	0.9362139917695473	0.6111111111111112	22.444444444444443	10.166666666666666	112.0	0.9426888222675025			
development	heteroskedastic	222	hard_z1	reference	0.7967446069306321	0.8963636363636364	0.5	21.11111111111111	8.25	112.0	0.9407459850690758			
development	heteroskedastic	222	wald_p05	target	0.9329232937399287	0.962962962962963	0.7222222222222222	7.75	10.166666666666666	112.0	0.8540073184192797			
development	heteroskedastic	222	wald_p05	reference	0.9288037419963089	0.9472727272727273	0.8055555555555556	7.805555555555555	8.25	112.0	0.8389549248546134			
development	heteroskedastic	222	continuous_sign	target	0.9319006015957007	0.9588477366255144	0.0	31.475869823047656	10.166666666666666	112.0	0.943172990270231			
development	heteroskedastic	222	continuous_sign	reference	0.8070106272125058	0.8981818181818182	0.0	29.970840070237767	8.25	112.0	0.943172990270231			
development	heteroskedastic	222	eb_delta_0	target	0.9521705370972973	0.9753086419753088	0.0	11.566642965776664	10.166666666666666	112.0	0.943172990270231	0.7972340874681328	0.19571184536473285	True
development	heteroskedastic	222	eb_delta_0	reference	0.887905527554384	0.9381818181818182	0.0	11.143139172579342	8.25	112.0	0.9366231778377989	0.7972340874681328	0.19571184536473285	True
development	heteroskedastic	222	eb_delta_0.1	target	0.9572057440053373	0.9794238683127572	0.0	10.666257459682573	10.166666666666666	112.0	0.933348271621583	0.7972340874681328	0.19571184536473285	True
development	heteroskedastic	222	eb_delta_0.1	reference	0.8937206561732091	0.9418181818181819	0.0	10.24538368171644	8.25	112.0	0.933348271621583	0.7972340874681328	0.19571184536473285	True
development	heteroskedastic	222	eb_delta_0.25	target	0.956043773180405	0.9835390946502057	0.0	9.362875161781698	10.166666666666666	112.0	0.9267984591891507	0.7972340874681328	0.19571184536473285	True
development	heteroskedastic	222	eb_delta_0.25	reference	0.9023787365612376	0.9381818181818182	0.0	8.953595838677593	8.25	112.0	0.9202486467567186	0.7972340874681328	0.19571184536473285	True
development	heteroskedastic	222	eb_delta_0.5	target	0.962628274521688	0.9835390946502057	0.0	7.209953419536309	10.166666666666666	112.0	0.9005992094594221	0.7972340874681328	0.19571184536473285	True
development	heteroskedastic	222	eb_delta_0.5	reference	0.8960467076207391	0.9236363636363636	0.0	6.8011273932036405	8.25	112.0	0.8842246783783417	0.7972340874681328	0.19571184536473285	True
development	heteroskedastic	223	hard_z1	target	0.8499844759528894	0.9634615384615384	0.5277777777777778	21.5	8.194444444444445	112.0	0.9186304243492508			
development	heteroskedastic	223	hard_z1	reference	0.766456373501232	0.9444444444444445	0.6944444444444444	21.36111111111111	8.777777777777779	112.0	0.9217326803715858			
development	heteroskedastic	223	wald_p05	target	0.8878452858508046	0.9826923076923078	0.8611111111111112	7.277777777777778	8.194444444444445	112.0	0.7955535012029499			
development	heteroskedastic	223	wald_p05	reference	0.8670773847042846	0.9732510288065843	0.8055555555555556	7.916666666666667	8.777777777777779	112.0	0.7825053422362496			
development	heteroskedastic	223	continuous_sign	target	0.8587143366752259	0.9653846153846154	0.0	30.536520430957644	8.194444444444445	112.0	0.943172990270231			
development	heteroskedastic	223	continuous_sign	reference	0.7720650592327917	0.9629629629629629	0.0	31.027267372462333	8.777777777777779	112.0	0.943172990270231			
development	heteroskedastic	223	eb_delta_0	target	0.8936980386053199	0.9884615384615384	0.0	10.461929241326875	8.194444444444445	112.0	0.9202486467567186	0.8094698320192717	0.1909186679178066	True
development	heteroskedastic	223	eb_delta_0	reference	0.8410086615121077	0.9876543209876543	0.0	10.877449632998593	8.777777777777779	112.0	0.9235235529729348	0.8094698320192717	0.1909186679178066	True
development	heteroskedastic	223	eb_delta_0.1	target	0.8979580465894273	0.9884615384615384	0.0	9.616117471243605	8.194444444444445	112.0	0.9104239281080704	0.8094698320192717	0.1909186679178066	True
development	heteroskedastic	223	eb_delta_0.1	reference	0.8447527897257785	0.9876543209876543	0.0	10.032230439359562	8.777777777777779	112.0	0.9169737405405026	0.8094698320192717	0.1909186679178066	True
development	heteroskedastic	223	eb_delta_0.25	target	0.914481713921723	0.9923076923076923	0.0	8.401739768300196	8.194444444444445	112.0	0.8874995845945578	0.8094698320192717	0.1909186679178066	True
development	heteroskedastic	223	eb_delta_0.25	reference	0.8568889294528492	0.9876543209876543	0.0	8.81835695110454	8.777777777777779	112.0	0.8973243032432059	0.8094698320192717	0.1909186679178066	True
development	heteroskedastic	223	eb_delta_0.5	target	0.8974416819852933	0.9884615384615385	0.0	6.534978705770016	8.194444444444445	112.0	0.854750522432397	0.8094698320192717	0.1909186679178066	True
development	heteroskedastic	223	eb_delta_0.5	reference	0.868508637702172	0.9876543209876543	0.0	6.800329590266633	8.777777777777779	112.0	0.8743999597296934	0.8094698320192717	0.1909186679178066	True
development	heteroskedastic	224	hard_z1	target	0.9104091875385836	0.9548494983277592	0.5	22.13888888888889	8.166666666666666	112.0	0.9312126105181588			
development	heteroskedastic	224	hard_z1	reference	0.8594233548801198	0.9615384615384616	0.5	22.72222222222222	8.833333333333334	112.0	0.9318138972150983			
development	heteroskedastic	224	wald_p05	target	0.9174817041073333	0.9648829431438127	0.8611111111111112	7.0	8.166666666666666	112.0	0.8640850182855627			
development	heteroskedastic	224	wald_p05	reference	0.9115009746588695	0.9826923076923076	0.6944444444444444	8.0	8.833333333333334	112.0	0.9066228656812775			
development	heteroskedastic	224	continuous_sign	target	0.9180758657395919	0.9698996655518395	0.0	30.530018923050534	8.166666666666666	112.0	0.943172990270231			
development	heteroskedastic	224	continuous_sign	reference	0.8429455739344743	0.95	0.0	31.630099648907578	8.833333333333334	112.0	0.943172990270231			
development	heteroskedastic	224	eb_delta_0	target	0.940285295965641	0.979933110367893	0.0	10.37726837631717	8.166666666666666	112.0	0.9366231778377989	0.8079424462695526	0.1930437650538352	True
development	heteroskedastic	224	eb_delta_0	reference	0.8972624105488467	0.9653846153846154	0.0	11.13317749020018	8.833333333333334	112.0	0.943172990270231	0.8079424462695526	0.1930437650538352	True
development	heteroskedastic	224	eb_delta_0.1	target	0.9414474173146785	0.9832775919732442	0.0	9.5230784956765	8.166666666666666	112.0	0.933348271621583	0.8079424462695526	0.1930437650538352	True
development	heteroskedastic	224	eb_delta_0.1	reference	0.8964864557400698	0.9615384615384616	0.0	10.275893557184858	8.833333333333334	112.0	0.943172990270231	0.8079424462695526	0.1930437650538352	True
development	heteroskedastic	224	eb_delta_0.25	target	0.9427386632580536	0.9866220735785953	0.0	8.274209717971807	8.166666666666666	112.0	0.9169737405405026	0.8079424462695526	0.1930437650538352	True
development	heteroskedastic	224	eb_delta_0.25	reference	0.8948052203210537	0.9615384615384616	0.0	9.036491349107473	8.833333333333334	112.0	0.943172990270231	0.8079424462695526	0.1930437650538352	True
development	heteroskedastic	224	eb_delta_0.5	target	0.9342164400317787	0.9866220735785953	0.0	6.3123329771995795	8.166666666666666	112.0	0.8973243032432059	0.8079424462695526	0.1930437650538352	True
development	heteroskedastic	224	eb_delta_0.5	reference	0.9030820716146722	0.9692307692307692	0.0	6.98763264417077	8.833333333333334	112.0	0.933348271621583	0.8079424462695526	0.1930437650538352	True
development	opposite_signs	201	hard_z1	target	0.8590268134353607	0.9753086419753086	0.4722222222222222	22.5	10.38888888888889	112.0	0.9290938049320914			
development	opposite_signs	201	hard_z1	reference	0.7706561370418751	0.9588477366255144	0.5277777777777778	23.11111111111111	12.055555555555555	112.0	0.9376494821853486			
development	opposite_signs	201	wald_p05	target	0.9183660738757653	1.0	0.75	8.38888888888889	10.38888888888889	112.0	0.8393894476986395			
development	opposite_signs	201	wald_p05	reference	0.8466114054687294	0.9876543209876543	0.8055555555555556	8.61111111111111	12.055555555555555	112.0	0.7652664897354465			
development	opposite_signs	201	continuous_sign	target	0.8723576725810882	0.9835390946502057	0.0	31.212980747348087	10.38888888888889	112.0	0.9398980840540151			
development	opposite_signs	201	continuous_sign	reference	0.7983767319195921	0.9670781893004116	0.0	31.999905460477326	12.055555555555555	112.0	0.943172990270231			
development	opposite_signs	201	eb_delta_0	target	0.8933954445341461	0.9917695473251029	0.0	13.209451484902718	10.38888888888889	112.0	0.9267984591891507	0.7612962443969644	0.18559653305063906	True
development	opposite_signs	201	eb_delta_0	reference	0.8469937611448686	0.9794238683127572	0.0	13.52536916467291	12.055555555555555	112.0	0.9071490218918543	0.7612962443969644	0.18559653305063906	True
development	opposite_signs	201	eb_delta_0.1	target	0.9025591366118583	0.9958847736625515	0.0	12.146697940006586	10.38888888888889	112.0	0.9169737405405026	0.7612962443969644	0.18559653305063906	True
development	opposite_signs	201	eb_delta_0.1	reference	0.8543443464654011	0.9835390946502057	0.0	12.45960554185694	12.055555555555555	112.0	0.9005992094594221	0.7612962443969644	0.18559653305063906	True
development	opposite_signs	201	eb_delta_0.25	target	0.9110774982615626	1.0	0.0	10.589928614460744	10.38888888888889	112.0	0.8973243032432059	0.7612962443969644	0.18559653305063906	True
development	opposite_signs	201	eb_delta_0.25	reference	0.8645319998043848	0.9876543209876543	0.0	10.882930862349149	12.055555555555555	112.0	0.8743999597296934	0.7612962443969644	0.18559653305063906	True
development	opposite_signs	201	eb_delta_0.5	target	0.9252747676777365	1.0	0.0	8.184897337413563	10.38888888888889	112.0	0.858025428648613	0.7612962443969644	0.18559653305063906	True
development	opposite_signs	201	eb_delta_0.5	reference	0.8640161692555755	0.9835390946502057	0.0	8.389819870148067	12.055555555555555	112.0	0.8252763664864522	0.7612962443969644	0.18559653305063906	True
development	opposite_signs	202	hard_z1	target	0.874855064984076	0.9884615384615386	0.5277777777777778	24.72222222222222	11.75	112.0	0.9296331222237533			
development	opposite_signs	202	hard_z1	reference	0.7929384442933798	0.9279835390946501	0.6388888888888888	23.416666666666668	10.305555555555555	112.0	0.9191648398185929			
development	opposite_signs	202	wald_p05	target	0.9078510433005256	0.9384615384615385	0.8333333333333334	9.222222222222221	11.75	112.0	0.7832168494814665			
development	opposite_signs	202	wald_p05	reference	0.9089327968792826	0.9362139917695473	0.8888888888888888	8.583333333333334	10.305555555555555	112.0	0.8269626937890048			
development	opposite_signs	202	continuous_sign	target	0.8870136117802401	0.9807692307692308	0.0	32.67839495102723	11.75	112.0	0.9366231778377989			
development	opposite_signs	202	continuous_sign	reference	0.7888548288719954	0.9382716049382717	0.0	31.44623672331791	10.305555555555555	112.0	0.943172990270231			
development	opposite_signs	202	eb_delta_0	target	0.9275141605804431	0.9807692307692307	0.0	14.820420055448453	11.75	112.0	0.9300733654053668	0.7414627940371772	0.18319425939290307	True
development	opposite_signs	202	eb_delta_0	reference	0.8445933447491139	0.9465020576131686	0.0	14.135747324458025	10.305555555555555	112.0	0.9398980840540151	0.7414627940371772	0.18319425939290307	True
development	opposite_signs	202	eb_delta_0.1	target	0.9306097439282294	0.9807692307692307	0.0	13.664884232806402	11.75	112.0	0.9235235529729348	0.7414627940371772	0.18319425939290307	True
development	opposite_signs	202	eb_delta_0.1	reference	0.8488511480452826	0.9465020576131686	0.0	12.983990872580229	10.305555555555555	112.0	0.9366231778377989	0.7414627940371772	0.18319425939290307	True
development	opposite_signs	202	eb_delta_0.25	target	0.9393805634136237	0.9807692307692307	0.0	11.943374026969602	11.75	112.0	0.9038741156756381	0.7414627940371772	0.18319425939290307	True
development	opposite_signs	202	eb_delta_0.25	reference	0.8595601684568586	0.9382716049382716	0.0	11.286943891277089	10.305555555555555	112.0	0.9202486467567186	0.7414627940371772	0.18319425939290307	True
development	opposite_signs	202	eb_delta_0.5	target	0.947119521783089	0.9807692307692307	0.0	9.192368657442005	11.75	112.0	0.8776748659459096	0.7414627940371772	0.18319425939290307	True
development	opposite_signs	202	eb_delta_0.5	reference	0.8683338237338124	0.9259259259259259	0.0	8.645059584150495	10.305555555555555	112.0	0.8874995845945578	0.7414627940371772	0.18319425939290307	True
development	opposite_signs	203	hard_z1	target	0.9413928890712732	0.9753086419753086	0.4722222222222222	23.86111111111111	12.166666666666666	112.0	0.9101932660510506			
development	opposite_signs	203	hard_z1	reference	0.795091394858329	0.9835390946502057	0.5555555555555556	22.583333333333332	10.61111111111111	112.0	0.9131196620377102			
development	opposite_signs	203	wald_p05	target	0.9380258578196574	0.9670781893004116	0.6388888888888888	9.722222222222221	12.166666666666666	112.0	0.8866815769894141			
development	opposite_signs	203	wald_p05	reference	0.8412298368979697	0.9979423868312758	0.8333333333333334	8.13888888888889	10.61111111111111	112.0	0.7095748751868991			
development	opposite_signs	203	continuous_sign	target	0.9361355904626024	0.9794238683127572	0.0	32.72421103148633	12.166666666666666	112.0	0.9267984591891507			
development	opposite_signs	203	continuous_sign	reference	0.795331350035028	0.9835390946502057	0.0	30.916260507146813	10.61111111111111	112.0	0.943172990270231			
development	opposite_signs	203	eb_delta_0	target	0.9483802388302119	0.9835390946502057	0.0	14.678152443614879	12.166666666666666	112.0	0.9267984591891507	0.751651633656598	0.19197556995154252	True
development	opposite_signs	203	eb_delta_0	reference	0.8504354367565852	0.9835390946502057	0.0	13.136863567655954	10.61111111111111	112.0	0.9136988343242864	0.751651633656598	0.19197556995154252	True
development	opposite_signs	203	eb_delta_0.1	target	0.9530203161063587	0.9835390946502057	0.0	13.569397643195627	12.166666666666666	112.0	0.9235235529729348	0.751651633656598	0.19197556995154252	True
development	opposite_signs	203	eb_delta_0.1	reference	0.8580493503785334	0.9917695473251029	0.0	12.030166757019268	10.61111111111111	112.0	0.8940493970269899	0.751651633656598	0.19197556995154252	True
development	opposite_signs	203	eb_delta_0.25	target	0.9592070858078877	0.9876543209876543	0.0	11.928307654071197	12.166666666666666	112.0	0.9104239281080704	0.751651633656598	0.19197556995154252	True
development	opposite_signs	203	eb_delta_0.25	reference	0.8629532269486017	0.9917695473251029	0.0	10.398738010702099	10.61111111111111	112.0	0.8678501472972613	0.751651633656598	0.19197556995154252	True
development	opposite_signs	203	eb_delta_0.5	target	0.9589493037369906	1.0	0.0	9.341211085729563	12.166666666666666	112.0	0.8907744908107738	0.751651633656598	0.19197556995154252	True
development	opposite_signs	203	eb_delta_0.5	reference	0.8670828072181328	0.9958847736625515	0.0	7.838734234387963	10.61111111111111	112.0	0.8220014602702361	0.751651633656598	0.19197556995154252	True
development	opposite_signs	204	hard_z1	target	0.807542452812943	0.9057692307692308	0.4166666666666667	23.166666666666668	11.777777777777779	112.0	0.9060948291139723			
development	opposite_signs	204	hard_z1	reference	0.846040272287337	0.9711538461538461	0.5555555555555556	23.88888888888889	12.5	112.0	0.9326114575043489			
development	opposite_signs	204	wald_p05	target	0.9051548490909109	0.9730769230769231	0.75	9.5	11.777777777777779	112.0	0.742564165440361			
development	opposite_signs	204	wald_p05	reference	0.93388997378293	0.9865384615384616	0.7777777777777778	9.277777777777779	12.5	112.0	0.7144562188979806			
development	opposite_signs	204	continuous_sign	target	0.8157974217823534	0.8923076923076922	0.0	30.934994301419042	11.777777777777779	112.0	0.9366231778377989			
development	opposite_signs	204	continuous_sign	reference	0.8398059657265005	0.9615384615384616	0.0	32.402810953831775	12.5	112.0	0.943172990270231			
development	opposite_signs	204	eb_delta_0	target	0.877866159504168	0.9115384615384614	0.0	15.174841895071207	11.777777777777779	112.0	0.9202486467567186	0.7265997794172738	0.1829296078526227	True
development	opposite_signs	204	eb_delta_0	reference	0.876952965899935	0.9807692307692307	0.0	15.445983035870434	12.5	112.0	0.9104239281080704	0.7265997794172738	0.1829296078526227	True
development	opposite_signs	204	eb_delta_0.1	target	0.8912864271196954	0.9192307692307692	0.0	13.958510554885946	11.777777777777779	112.0	0.9005992094594221	0.7265997794172738	0.1829296078526227	True
development	opposite_signs	204	eb_delta_0.1	reference	0.8935917263942861	0.9884615384615385	0.0	14.224512270996817	12.5	112.0	0.8940493970269899	0.7265997794172738	0.1829296078526227	True
development	opposite_signs	204	eb_delta_0.25	target	0.8990288892055769	0.9307692307692307	0.0	12.174936432044422	11.777777777777779	112.0	0.8809497721621257	0.7265997794172738	0.1829296078526227	True
development	opposite_signs	204	eb_delta_0.25	reference	0.9027494937981534	0.9923076923076923	0.0	12.418449269447905	12.5	112.0	0.8711250535134775	0.7265997794172738	0.1829296078526227	True
development	opposite_signs	204	eb_delta_0.5	target	0.9203206599417502	0.95	0.0	9.382027215277969	11.777777777777779	112.0	0.8252763664864522	0.7265997794172738	0.1829296078526227	True
development	opposite_signs	204	eb_delta_0.5	reference	0.9214519765243618	0.9923076923076923	0.0	9.591680274430527	12.5	112.0	0.8056269291891558	0.7265997794172738	0.1829296078526227	True
development	opposite_signs	205	hard_z1	target	0.8976191406420513	0.9636363636363636	0.3888888888888889	23.0	11.583333333333334	112.0	0.9242375256756112			
development	opposite_signs	205	hard_z1	reference	0.9224611956304088	0.911522633744856	0.5277777777777778	23.22222222222222	11.305555555555555	112.0	0.9248337695449143			
development	opposite_signs	205	wald_p05	target	0.8836897942515223	0.9672727272727273	0.8055555555555556	9.38888888888889	11.583333333333334	112.0	0.7870288356517696			
development	opposite_signs	205	wald_p05	reference	0.8718648515542425	0.8765432098765432	0.8611111111111112	9.083333333333334	11.305555555555555	112.0	0.8833975711487124			
development	opposite_signs	205	continuous_sign	target	0.8884757291297066	0.9563636363636363	0.0	31.833467692388158	11.583333333333334	112.0	0.943172990270231			
development	opposite_signs	205	continuous_sign	reference	0.904907777182903	0.8888888888888888	0.0	31.3752189597394	11.305555555555555	112.0	0.943172990270231			
development	opposite_signs	205	eb_delta_0	target	0.906149778046618	0.96	0.0	15.23017398384608	11.583333333333334	112.0	0.9169737405405026	0.728858669373663	0.17583800076941383	True
development	opposite_signs	205	eb_delta_0	reference	0.9278592711040424	0.9094650205761317	0.0	15.13765513166742	11.305555555555555	112.0	0.9366231778377989	0.728858669373663	0.17583800076941383	True
development	opposite_signs	205	eb_delta_0.1	target	0.9193085589920559	0.9672727272727273	0.0	14.020097638101817	11.583333333333334	112.0	0.8973243032432059	0.728858669373663	0.17583800076941383	True
development	opposite_signs	205	eb_delta_0.1	reference	0.9278592711040424	0.9094650205761317	0.0	13.930264442274959	11.305555555555555	112.0	0.9366231778377989	0.728858669373663	0.17583800076941383	True
development	opposite_signs	205	eb_delta_0.25	target	0.9240818422761852	0.9636363636363636	0.0	12.235011291684156	11.583333333333334	112.0	0.8743999597296934	0.728858669373663	0.17583800076941383	True
development	opposite_signs	205	eb_delta_0.25	reference	0.9260540974248517	0.9094650205761317	0.0	12.156779882544138	11.305555555555555	112.0	0.9366231778377989	0.728858669373663	0.17583800076941383	True
development	opposite_signs	205	eb_delta_0.5	target	0.9368536002526395	0.9818181818181818	0.0	9.428533841010278	11.583333333333334	112.0	0.81872655405402	0.728858669373663	0.17583800076941383	True
development	opposite_signs	205	eb_delta_0.5	reference	0.9306959725999137	0.9176954732510287	0.0	9.37590960238483	11.305555555555555	112.0	0.9169737405405026	0.728858669373663	0.17583800076941383	True
development	opposite_signs	206	hard_z1	target	0.8638521902232225	0.9670781893004116	0.6388888888888888	22.63888888888889	10.61111111111111	112.0	0.939107054781499			
development	opposite_signs	206	hard_z1	reference	0.8628069860977012	0.9557692307692308	0.4444444444444444	23.86111111111111	10.805555555555555	112.0	0.9013535531838891			
development	opposite_signs	206	wald_p05	target	0.8839182850733842	0.95679012345679	0.75	8.88888888888889	10.61111111111111	112.0	0.8739981093122575			
development	opposite_signs	206	wald_p05	reference	0.9405410162584122	0.9596153846153846	0.8055555555555556	9.027777777777779	10.805555555555555	112.0	0.7850298042392608			
development	opposite_signs	206	continuous_sign	target	0.8624928343280629	0.9917695473251029	0.0	31.206577735179938	10.61111111111111	112.0	0.943172990270231			
development	opposite_signs	206	continuous_sign	reference	0.8486672381903421	0.9730769230769231	0.0	32.48095320794563	10.805555555555555	112.0	0.943172990270231			
development	opposite_signs	206	eb_delta_0	target	0.9072758679225321	0.9835390946502057	0.0	13.610636017216361	10.61111111111111	112.0	0.943172990270231	0.753008290078045	0.18647437735477976	True
development	opposite_signs	206	eb_delta_0	reference	0.9178198133910145	0.9846153846153846	0.0	14.052435226504587	10.805555555555555	112.0	0.9038741156756381	0.753008290078045	0.18647437735477976	True
development	opposite_signs	206	eb_delta_0.1	target	0.9092117339280567	0.9835390946502057	0.0	12.509981657732208	10.61111111111111	112.0	0.9398980840540151	0.753008290078045	0.18647437735477976	True
development	opposite_signs	206	eb_delta_0.1	reference	0.926721917288116	0.9846153846153846	0.0	12.949437723216846	10.805555555555555	112.0	0.8874995845945578	0.753008290078045	0.18647437735477976	True
development	opposite_signs	206	eb_delta_0.25	target	0.9117928886020895	0.9835390946502057	0.0	10.881559253536901	10.61111111111111	112.0	0.933348271621583	0.753008290078045	0.18647437735477976	True
development	opposite_signs	206	eb_delta_0.25	reference	0.9334307492105692	0.9846153846153846	0.0	11.316430824492906	10.805555555555555	112.0	0.8678501472972613	0.753008290078045	0.18647437735477976	True
development	opposite_signs	206	eb_delta_0.5	target	0.9169551979501552	0.9835390946502057	0.0	8.278414581688278	10.61111111111111	112.0	0.933348271621583	0.753008290078045	0.18647437735477976	True
development	opposite_signs	206	eb_delta_0.5	reference	0.9360110691807437	0.9807692307692308	0.0	8.74614906280807	10.805555555555555	112.0	0.8351010851351005	0.753008290078045	0.18647437735477976	True
development	opposite_signs	207	hard_z1	target	0.8956199524068874	0.9320987654320988	0.4444444444444444	24.583333333333332	11.972222222222221	112.0	0.9259359228161772			
development	opposite_signs	207	hard_z1	reference	0.8875186546154655	0.934156378600823	0.5555555555555556	22.694444444444443	10.555555555555555	112.0	0.9380125135529619			
development	opposite_signs	207	wald_p05	target	0.9188788181776764	0.9547325102880658	0.75	9.333333333333334	11.972222222222221	112.0	0.8318498015026402			
development	opposite_signs	207	wald_p05	reference	0.9404287822247783	0.9506172839506173	0.7777777777777778	9.277777777777779	10.555555555555555	112.0	0.7877437130909953			
development	opposite_signs	207	continuous_sign	target	0.8890047291838367	0.9465020576131687	0.0	32.83974400164092	11.972222222222221	112.0	0.943172990270231			
development	opposite_signs	207	continuous_sign	reference	0.8903949602536203	0.9053497942386832	0.0	31.73014369258943	10.555555555555555	112.0	0.943172990270231			
development	opposite_signs	207	eb_delta_0	target	0.9180108289614417	0.9711934156378601	0.0	15.477769774273469	11.972222222222221	112.0	0.9267984591891507	0.7290759337160515	0.18299995053439158	True
development	opposite_signs	207	eb_delta_0	reference	0.9395246459678316	0.9506172839506173	0.0	14.865725501140048	10.555555555555555	112.0	0.933348271621583	0.7290759337160515	0.18299995053439158	True
development	opposite_signs	207	eb_delta_0.1	target	0.9205891489416732	0.9711934156378601	0.0	14.267552367352092	11.972222222222221	112.0	0.9202486467567186	0.7290759337160515	0.18299995053439158	True
development	opposite_signs	207	eb_delta_0.1	reference	0.9405562404185236	0.9506172839506173	0.0	13.658834329211352	10.555555555555555	112.0	0.9300733654053668	0.7290759337160515	0.18299995053439158	True
development	opposite_signs	207	eb_delta_0.25	target	0.929484352873472	0.9711934156378601	0.0	12.473229486445112	11.972222222222221	112.0	0.9136988343242864	0.7290759337160515	0.18299995053439158	True
development	opposite_signs	207	eb_delta_0.25	reference	0.9463589592036667	0.9506172839506173	0.0	11.878487099856219	10.555555555555555	112.0	0.9202486467567186	0.7290759337160515	0.18299995053439158	True
development	opposite_signs	207	eb_delta_0.5	target	0.9409578767855024	0.97119341563786	0.0	9.644007194396284	11.972222222222221	112.0	0.8874995845945578	0.7290759337160515	0.18299995053439158	True
development	opposite_signs	207	eb_delta_0.5	reference	0.949969539781089	0.9506172839506173	0.0	9.078690138516953	10.555555555555555	112.0	0.8874995845945578	0.7290759337160515	0.18299995053439158	True
development	opposite_signs	208	hard_z1	target	0.8240341419243756	0.9197530864197531	0.4166666666666667	24.055555555555557	11.222222222222221	112.0	0.9194991698768711			
development	opposite_signs	208	hard_z1	reference	0.9120923819257052	0.9917695473251028	0.4166666666666667	22.666666666666668	10.75	112.0	0.9229557804797681			
development	opposite_signs	208	wald_p05	target	0.9352507543488763	0.9444444444444444	0.8055555555555556	9.055555555555555	11.222222222222221	112.0	0.687068932857093			
development	opposite_signs	208	wald_p05	reference	0.9254107982748274	0.98559670781893	0.75	9.194444444444445	10.75	112.0	0.8619957568240164			
development	opposite_signs	208	continuous_sign	target	0.809254583075407	0.9259259259259259	0.0	32.41315643905634	11.222222222222221	112.0	0.943172990270231			
development	opposite_signs	208	continuous_sign	reference	0.9090352850340846	0.9794238683127572	0.0	31.88635443619166	10.75	112.0	0.943172990270231			
development	opposite_signs	208	eb_delta_0	target	0.8560390095217157	0.9218106995884773	0.0	14.769927593074065	11.222222222222221	112.0	0.9169737405405026	0.7386712843112855	0.18239755238196198	True
development	opposite_signs	208	eb_delta_0	reference	0.9335514957021437	0.9876543209876543	0.0	14.498888938071948	10.75	112.0	0.9366231778377989	0.7386712843112855	0.18239755238196198	True
development	opposite_signs	208	eb_delta_0.1	target	0.8639008552881753	0.9259259259259258	0.0	13.604303129153504	11.222222222222221	112.0	0.9104239281080704	0.7386712843112855	0.18239755238196198	True
development	opposite_signs	208	eb_delta_0.1	reference	0.9374224763339425	0.9876543209876543	0.0	13.333525011857402	10.75	112.0	0.9267984591891507	0.7386712843112855	0.18239755238196198	True
development	opposite_signs	208	eb_delta_0.25	target	0.8841354419329975	0.9300411522633745	0.0	11.88220908353153	11.222222222222221	112.0	0.8809497721621257	0.7386712843112855	0.18239755238196198	True
development	opposite_signs	208	eb_delta_0.25	reference	0.9379386070848491	0.9876543209876543	0.0	11.613402985116485	10.75	112.0	0.9267984591891507	0.7386712843112855	0.18239755238196198	True
development	opposite_signs	208	eb_delta_0.5	target	0.9249912633750909	0.9382716049382716	0.0	9.155040068876337	11.222222222222221	112.0	0.7958022105405077	0.7386712843112855	0.18239755238196198	True
development	opposite_signs	208	eb_delta_0.5	reference	0.9430999145939141	0.9917695473251029	0.0	8.904894722126793	10.75	112.0	0.8940493970269899	0.7386712843112855	0.18239755238196198	True
development	opposite_signs	209	hard_z1	target	0.7712464089076047	0.9650205761316872	0.6388888888888888	22.055555555555557	10.11111111111111	112.0	0.930912403343615			
development	opposite_signs	209	hard_z1	reference	0.8664952348486942	0.9485596707818931	0.4166666666666667	23.833333333333332	12.583333333333334	112.0	0.8998307384356546			
development	opposite_signs	209	wald_p05	target	0.8649042492851541	0.9300411522633745	0.8611111111111112	8.61111111111111	10.11111111111111	112.0	0.7372890051644734			
development	opposite_signs	209	wald_p05	reference	0.9372096505583994	0.9897119341563786	0.6666666666666666	10.194444444444445	12.583333333333334	112.0	0.7773719329733249			
development	opposite_signs	209	continuous_sign	target	0.7923423041876515	0.9588477366255144	0.0	30.959083820129948	10.11111111111111	112.0	0.943172990270231			
development	opposite_signs	209	continuous_sign	reference	0.8492765913797969	0.9506172839506173	0.0	32.4084784116781	12.583333333333334	112.0	0.9366231778377989			
development	opposite_signs	209	eb_delta_0	target	0.8551365600280724	0.9711934156378601	0.0	13.82283429838771	10.11111111111111	112.0	0.9300733654053668	0.7392151718323271	0.19493531933714242	True
development	opposite_signs	209	eb_delta_0	reference	0.890037740054769	0.9670781893004115	0.0	15.385066289687794	12.583333333333334	112.0	0.9202486467567186	0.7392151718323271	0.19493531933714242	True
development	opposite_signs	209	eb_delta_0.1	target	0.8707384182553639	0.9753086419753085	0.0	12.661093989187897	10.11111111111111	112.0	0.9104239281080704	0.7392151718323271	0.19493531933714242	True
development	opposite_signs	209	eb_delta_0.1	reference	0.9066775760644886	0.9711934156378601	0.0	14.221553530117818	12.583333333333334	112.0	0.9038741156756381	0.7392151718323271	0.19493531933714242	True
development	opposite_signs	209	eb_delta_0.25	target	0.8868560403909955	0.9753086419753085	0.0	10.954817027724001	10.11111111111111	112.0	0.8809497721621257	0.7392151718323271	0.19493531933714242	True
development	opposite_signs	209	eb_delta_0.25	reference	0.9154489624882168	0.9753086419753088	0.0	12.505040984179704	12.583333333333334	112.0	0.8842246783783417	0.7392151718323271	0.19493531933714242	True
development	opposite_signs	209	eb_delta_0.5	target	0.917028229028898	0.9753086419753085	0.0	8.312654467539252	10.11111111111111	112.0	0.8351010851351005	0.7392151718323271	0.19493531933714242	True
development	opposite_signs	209	eb_delta_0.5	reference	0.9452458781335286	0.9794238683127572	0.0	9.786569064833454	12.583333333333334	112.0	0.8416508975675326	0.7392151718323271	0.19493531933714242	True
development	opposite_signs	210	hard_z1	target	0.898771503319434	0.9727272727272727	0.5277777777777778	23.38888888888889	11.055555555555555	112.0	0.9451211937203254			
development	opposite_signs	210	hard_z1	reference	0.9182277030499567	0.9362139917695473	0.4166666666666667	24.0	11.75	112.0	0.9290339387117945			
development	opposite_signs	210	wald_p05	target	0.905997603214684	0.9727272727272728	0.8055555555555556	8.61111111111111	11.055555555555555	112.0	0.7976006359087664			
development	opposite_signs	210	wald_p05	reference	0.9122252191576016	0.8991769547325102	0.75	9.916666666666666	11.75	112.0	0.8506125561012593			
development	opposite_signs	210	continuous_sign	target	0.924352487471196	0.9745454545454546	0.0	31.72985322816041	11.055555555555555	112.0	0.943172990270231			
development	opposite_signs	210	continuous_sign	reference	0.9133151556157325	0.9382716049382717	0.0	32.421350130149946	11.75	112.0	0.9398980840540151			
development	opposite_signs	210	eb_delta_0	target	0.941910020752772	0.9818181818181818	0.0	14.81140368067139	11.055555555555555	112.0	0.9267984591891507	0.7282010393589184	0.18215651157589033	True
development	opposite_signs	210	eb_delta_0	reference	0.9229901042981026	0.9218106995884774	0.0	15.630079599455014	11.75	112.0	0.933348271621583	0.7282010393589184	0.18215651157589033	True
development	opposite_signs	210	eb_delta_0.1	target	0.9403608266396917	0.9818181818181818	0.0	13.59815543900955	11.055555555555555	112.0	0.9267984591891507	0.7282010393589184	0.18215651157589033	True
development	opposite_signs	210	eb_delta_0.1	reference	0.9217001111404534	0.9218106995884774	0.0	14.419434978999924	11.75	112.0	0.933348271621583	0.7282010393589184	0.18215651157589033	True
development	opposite_signs	210	eb_delta_0.25	target	0.9432010158470054	0.9818181818181818	0.0	11.80644427608593	11.055555555555555	112.0	0.9104239281080704	0.7282010393589184	0.18215651157589033	True
development	opposite_signs	210	eb_delta_0.25	reference	0.9264730858237558	0.9218106995884774	0.0	12.637779192174829	11.75	112.0	0.9235235529729348	0.7282010393589184	0.18215651157589033	True
development	opposite_signs	210	eb_delta_0.5	target	0.9501723893558663	0.9854545454545455	0.0	9.00746099627523	11.055555555555555	112.0	0.8842246783783417	0.7282010393589184	0.18215651157589033	True
development	opposite_signs	210	eb_delta_0.5	reference	0.9278920782971701	0.9135802469135803	0.0	9.831923432724112	11.75	112.0	0.8907744908107738	0.7282010393589184	0.18215651157589033	True
development	opposite_signs	211	hard_z1	target	0.897553509750044	0.951923076923077	0.5277777777777778	23.75	11.694444444444445	112.0	0.9153496014051462			
development	opposite_signs	211	hard_z1	reference	0.8089596273905553	0.903846153846154	0.5	22.416666666666668	9.11111111111111	112.0	0.9306124863271185			
development	opposite_signs	211	wald_p05	target	0.9129260720415302	0.9826923076923076	0.8055555555555556	9.63888888888889	11.694444444444445	112.0	0.891319254214372			
development	opposite_signs	211	wald_p05	reference	0.9158399214114985	0.976923076923077	0.7777777777777778	7.111111111111111	9.11111111111111	112.0	0.6819993364798592			
development	opposite_signs	211	continuous_sign	target	0.8988989478647086	0.9538461538461538	0.0	33.0432735137914	11.694444444444445	112.0	0.943172990270231			
development	opposite_signs	211	continuous_sign	reference	0.8139093037722257	0.9038461538461539	0.0	30.61676356061055	9.11111111111111	112.0	0.943172990270231			
development	opposite_signs	211	eb_delta_0	target	0.9097243975594234	0.9615384615384616	0.0	13.821850114658579	11.694444444444445	112.0	0.943172990270231	0.7690113540990515	0.18336568472311732	True
development	opposite_signs	211	eb_delta_0	reference	0.8611261059882084	0.9384615384615385	0.0	12.048878386354405	9.11111111111111	112.0	0.943172990270231	0.7690113540990515	0.18336568472311732	True
development	opposite_signs	211	eb_delta_0.1	target	0.9093377743560407	0.9615384615384616	0.0	12.788853578750683	11.694444444444445	112.0	0.943172990270231	0.7690113540990515	0.18336568472311732	True
development	opposite_signs	211	eb_delta_0.1	reference	0.8773810706855139	0.95	0.0	11.020578851690708	9.11111111111111	112.0	0.933348271621583	0.7690113540990515	0.18336568472311732	True
development	opposite_signs	211	eb_delta_0.25	target	0.9173279872259492	0.9692307692307692	0.0	11.24898254824813	11.694444444444445	112.0	0.933348271621583	0.7690113540990515	0.18336568472311732	True
development	opposite_signs	211	eb_delta_0.25	reference	0.8741558792773183	0.95	0.0	9.508903772401585	9.11111111111111	112.0	0.9136988343242864	0.7690113540990515	0.18336568472311732	True
development	opposite_signs	211	eb_delta_0.5	target	0.928153436920664	0.9730769230769231	0.0	8.767580201255724	11.694444444444445	112.0	0.9104239281080704	0.7690113540990515	0.18336568472311732	True
development	opposite_signs	211	eb_delta_0.5	reference	0.8849925224088554	0.9615384615384616	0.0	7.177300653040654	9.11111111111111	112.0	0.8318261789188844	0.7690113540990515	0.18336568472311732	True
development	opposite_signs	212	hard_z1	target	0.8581685170626863	0.9444444444444445	0.5277777777777778	23.22222222222222	10.694444444444445	112.0	0.9345518159921329			
development	opposite_signs	212	hard_z1	reference	0.8625042652063603	0.926923076923077	0.4722222222222222	22.38888888888889	11.027777777777779	112.0	0.939228159566938			
development	opposite_signs	212	wald_p05	target	0.9068955285584176	0.9650205761316872	0.8333333333333334	9.333333333333334	10.694444444444445	112.0	0.7770697475652214			
development	opposite_signs	212	wald_p05	reference	0.8874653081624481	0.9807692307692307	0.7777777777777778	8.472222222222221	11.027777777777779	112.0	0.740735068328711			
development	opposite_signs	212	continuous_sign	target	0.8407364816087007	0.934156378600823	0.0	31.604756892783044	10.694444444444445	112.0	0.943172990270231			
development	opposite_signs	212	continuous_sign	reference	0.8523899351220955	0.9076923076923078	0.0	31.45934132320383	11.027777777777779	112.0	0.943172990270231			
development	opposite_signs	212	eb_delta_0	target	0.9033335331254677	0.934156378600823	0.0	13.573862966870438	10.694444444444445	112.0	0.9235235529729348	0.7591915819682706	0.1847454498101665	True
development	opposite_signs	212	eb_delta_0	reference	0.8869706954328316	0.9423076923076923	0.0	13.396679881100894	11.027777777777779	112.0	0.9169737405405026	0.7591915819682706	0.1847454498101665	True
development	opposite_signs	212	eb_delta_0.1	target	0.9123681591175785	0.9506172839506173	0.0	12.498688161194522	10.694444444444445	112.0	0.9136988343242864	0.7591915819682706	0.1847454498101665	True
development	opposite_signs	212	eb_delta_0.1	reference	0.8980675065773214	0.9461538461538461	0.0	12.324179755618742	11.027777777777779	112.0	0.8973243032432059	0.7591915819682706	0.1847454498101665	True
development	opposite_signs	212	eb_delta_0.25	target	0.9288886180745809	0.962962962962963	0.0	10.905146941262764	10.694444444444445	112.0	0.8907744908107738	0.7591915819682706	0.1847454498101665	True
development	opposite_signs	212	eb_delta_0.25	reference	0.8958739508859687	0.95	0.0	10.749133300218329	11.027777777777779	112.0	0.8842246783783417	0.7591915819682706	0.1847454498101665	True
development	opposite_signs	212	eb_delta_0.5	target	0.9416661605491374	0.9670781893004115	0.0	8.353552754700784	10.694444444444445	112.0	0.8318261789188844	0.7591915819682706	0.1847454498101665	True
development	opposite_signs	212	eb_delta_0.5	reference	0.9099385138481709	0.9653846153846153	0.0	8.293366250548683	11.027777777777779	112.0	0.8285512727026683	0.7591915819682706	0.1847454498101665	True
development	opposite_signs	213	hard_z1	target	0.8271470047850924	0.9134615384615384	0.4722222222222222	22.27777777777778	10.11111111111111	112.0	0.9192621244566194			
development	opposite_signs	213	hard_z1	reference	0.8620201728433536	0.9326923076923077	0.5555555555555556	24.833333333333332	11.972222222222221	112.0	0.8916355586684811			
development	opposite_signs	213	wald_p05	target	0.8985565064994523	0.9480769230769232	0.6944444444444444	8.472222222222221	10.11111111111111	112.0	0.7277841398972369			
development	opposite_signs	213	wald_p05	reference	0.8981632778338827	0.9442307692307692	0.6111111111111112	10.083333333333334	11.972222222222221	112.0	0.8729244358666897			
development	opposite_signs	213	continuous_sign	target	0.8139144612479184	0.9153846153846154	0.0	31.08811227398392	10.11111111111111	112.0	0.943172990270231			
development	opposite_signs	213	continuous_sign	reference	0.8583467799722384	0.9230769230769231	0.0	33.448708742466465	11.972222222222221	112.0	0.9235235529729348			
development	opposite_signs	213	eb_delta_0	target	0.8859240171978691	0.9423076923076923	0.0	13.76224119488147	10.11111111111111	112.0	0.9104239281080704	0.7412876433748228	0.1903219819053251	True
development	opposite_signs	213	eb_delta_0	reference	0.8885638924310173	0.9384615384615385	0.0	15.213542694953212	11.972222222222221	112.0	0.9366231778377989	0.7412876433748228	0.1903219819053251	True
development	opposite_signs	213	eb_delta_0.1	target	0.8896664493171318	0.9423076923076923	0.0	12.611040960105653	10.11111111111111	112.0	0.9104239281080704	0.7412876433748228	0.1903219819053251	True
development	opposite_signs	213	eb_delta_0.1	reference	0.8908882856970772	0.9384615384615385	0.0	14.055694474392133	11.972222222222221	112.0	0.9300733654053668	0.7412876433748228	0.1903219819053251	True
development	opposite_signs	213	eb_delta_0.25	target	0.9008937456749196	0.9423076923076923	0.0	10.915331068198762	10.11111111111111	112.0	0.8907744908107738	0.7412876433748228	0.1903219819053251	True
development	opposite_signs	213	eb_delta_0.25	reference	0.8945040085553927	0.9346153846153846	0.0	12.327655310183966	11.972222222222221	112.0	0.9202486467567186	0.7412876433748228	0.1903219819053251	True
development	opposite_signs	213	eb_delta_0.5	target	0.9212835482557302	0.9576923076923076	0.0	8.271963235268267	10.11111111111111	112.0	0.851475616216181	0.7412876433748228	0.1903219819053251	True
development	opposite_signs	213	eb_delta_0.5	reference	0.9052220441711135	0.9423076923076924	0.0	9.545266617659443	11.972222222222221	112.0	0.8809497721621257	0.7412876433748228	0.1903219819053251	True
development	opposite_signs	214	hard_z1	target	0.8986365383829015	0.9650205761316872	0.5555555555555556	24.63888888888889	13.027777777777779	112.0	0.9211382058303059			
development	opposite_signs	214	hard_z1	reference	0.7944577240268149	0.9074074074074073	0.5	24.11111111111111	10.5	112.0	0.9433584537519599			
development	opposite_signs	214	wald_p05	target	0.8989498565448947	0.9711934156378601	0.6944444444444444	10.305555555555555	13.027777777777779	112.0	0.7871308418521399			
development	opposite_signs	214	wald_p05	reference	0.919817938608036	0.9958847736625515	0.7777777777777778	8.944444444444445	10.5	112.0	0.831715023984902			
development	opposite_signs	214	continuous_sign	target	0.9046930411319323	0.962962962962963	0.0	32.78630764230892	13.027777777777779	112.0	0.943172990270231			
development	opposite_signs	214	continuous_sign	reference	0.7852505504479738	0.9094650205761317	0.0	32.04539595559377	10.5	112.0	0.943172990270231			
development	opposite_signs	214	eb_delta_0	target	0.9420973743060567	0.9670781893004116	0.0	16.06496512664437	13.027777777777779	112.0	0.9300733654053668	0.7250870232120119	0.1858288056511577	True
development	opposite_signs	214	eb_delta_0	reference	0.8645492513552813	0.9547325102880659	0.0	14.725288420385002	10.5	112.0	0.943172990270231	0.7250870232120119	0.1858288056511577	True
development	opposite_signs	214	eb_delta_0.1	target	0.9414502405141167	0.9670781893004116	0.0	14.840650996655468	13.027777777777779	112.0	0.9202486467567186	0.7250870232120119	0.1858288056511577	True
development	opposite_signs	214	eb_delta_0.1	reference	0.8645492513552813	0.9547325102880659	0.0	13.496974413648456	10.5	112.0	0.943172990270231	0.7250870232120119	0.1858288056511577	True
development	opposite_signs	214	eb_delta_0.25	target	0.9436504954067123	0.9670781893004116	0.0	13.035278525968021	13.027777777777779	112.0	0.9005992094594221	0.7250870232120119	0.1858288056511577	True
development	opposite_signs	214	eb_delta_0.25	reference	0.8700937133699386	0.9588477366255145	0.0	11.676628163662032	10.5	112.0	0.9398980840540151	0.7250870232120119	0.1858288056511577	True
development	opposite_signs	214	eb_delta_0.5	target	0.9494746995341711	0.9794238683127572	0.0	10.18357981352378	13.027777777777779	112.0	0.8645752410810451	0.7250870232120119	0.1858288056511577	True
development	opposite_signs	214	eb_delta_0.5	reference	0.902715780572457	0.9794238683127572	0.0	8.80649867038107	10.5	112.0	0.8940493970269899	0.7250870232120119	0.1858288056511577	True
development	opposite_signs	215	hard_z1	target	0.8735646525351112	0.95	0.5555555555555556	23.22222222222222	10.277777777777779	112.0	0.9194991698768711			
development	opposite_signs	215	hard_z1	reference	0.8722578770129661	0.9673076923076923	0.4722222222222222	23.555555555555557	10.944444444444445	112.0	0.8914056964427823			
development	opposite_signs	215	wald_p05	target	0.8565323043512383	0.9153846153846154	0.8611111111111112	8.666666666666666	10.277777777777779	112.0	0.8096646307321247			
development	opposite_signs	215	wald_p05	reference	0.9451172662920236	0.9961538461538462	0.6944444444444444	9.583333333333334	10.944444444444445	112.0	0.841195527932229			
development	opposite_signs	215	continuous_sign	target	0.8710419812361322	0.9500000000000001	0.0	31.366951402283902	10.277777777777779	112.0	0.943172990270231			
development	opposite_signs	215	continuous_sign	reference	0.8737688563083348	0.9730769230769231	0.0	32.36361203463315	10.944444444444445	112.0	0.9300733654053668			
development	opposite_signs	215	eb_delta_0	target	0.8665214490084833	0.9423076923076923	0.0	13.109334278039318	10.277777777777779	112.0	0.9300733654053668	0.7584253582912824	0.19208734129603525	True
development	opposite_signs	215	eb_delta_0	reference	0.9224047427439235	0.9807692307692307	0.0	13.947025281351607	10.944444444444445	112.0	0.9169737405405026	0.7584253582912824	0.19208734129603525	True
development	opposite_signs	215	eb_delta_0.1	target	0.8705253489815437	0.9423076923076923	0.0	12.030714301511223	10.277777777777779	112.0	0.9235235529729348	0.7584253582912824	0.19208734129603525	True
development	opposite_signs	215	eb_delta_0.1	reference	0.9258879494647747	0.9807692307692307	0.0	12.86942254664598	10.944444444444445	112.0	0.9104239281080704	0.7584253582912824	0.19208734129603525	True
development	opposite_signs	215	eb_delta_0.25	target	0.869750400599661	0.9346153846153846	0.0	10.427082322164843	10.277777777777779	112.0	0.9071490218918543	0.7584253582912824	0.19208734129603525	True
development	opposite_signs	215	eb_delta_0.25	reference	0.937885661503262	0.9846153846153847	0.0	11.274524534452357	10.944444444444445	112.0	0.8940493970269899	0.7584253582912824	0.19208734129603525	True
development	opposite_signs	215	eb_delta_0.5	target	0.8638091296718938	0.926923076923077	0.0	7.870488905487234	10.277777777777779	112.0	0.8743999597296934	0.7584253582912824	0.19208734129603525	True
development	opposite_signs	215	eb_delta_0.5	reference	0.9496253582290939	0.9846153846153847	0.0	8.760382701241303	10.944444444444445	112.0	0.8613003348648292	0.7584253582912824	0.19208734129603525	True
development	opposite_signs	216	hard_z1	target	0.862265149949751	0.9691358024691359	0.5833333333333334	24.555555555555557	12.027777777777779	112.0	0.9283529896628642			
development	opposite_signs	216	hard_z1	reference	0.86430431328678	0.9794238683127572	0.4444444444444444	24.333333333333332	10.944444444444445	112.0	0.9406853445955498			
development	opposite_signs	216	wald_p05	target	0.9234948886510138	0.948559670781893	0.7222222222222222	10.083333333333334	12.027777777777779	112.0	0.8373673066290444			
development	opposite_signs	216	wald_p05	reference	0.9393801946192684	0.9753086419753086	0.7777777777777778	9.11111111111111	10.944444444444445	112.0	0.8644770332853464			
development	opposite_signs	216	continuous_sign	target	0.8614017432008328	0.9465020576131687	0.0	33.08652390665621	12.027777777777779	112.0	0.943172990270231			
development	opposite_signs	216	continuous_sign	reference	0.8469798607786454	0.9670781893004116	0.0	32.44625225471594	10.944444444444445	112.0	0.943172990270231			
development	opposite_signs	216	eb_delta_0	target	0.9033238106671807	0.9711934156378601	0.0	17.085892448191235	12.027777777777779	112.0	0.943172990270231	0.7015354962065936	0.17603790418622006	True
development	opposite_signs	216	eb_delta_0	reference	0.9202314747294525	0.9958847736625515	0.0	16.342132201206816	10.944444444444445	112.0	0.943172990270231	0.7015354962065936	0.17603790418622006	True
development	opposite_signs	216	eb_delta_0.1	target	0.9048717023890152	0.9711934156378601	0.0	15.755552087122826	12.027777777777779	112.0	0.9398980840540151	0.7015354962065936	0.17603790418622006	True
development	opposite_signs	216	eb_delta_0.1	reference	0.9207482409654371	0.9958847736625515	0.0	15.009362199086922	10.944444444444445	112.0	0.9366231778377989	0.7015354962065936	0.17603790418622006	True
development	opposite_signs	216	eb_delta_0.25	target	0.9135140978359237	0.9711934156378601	0.0	13.792236132794194	12.027777777777779	112.0	0.9267984591891507	0.7015354962065936	0.17603790418622006	True
development	opposite_signs	216	eb_delta_0.25	reference	0.9210066240834293	0.9917695473251029	0.0	13.033274107812913	10.944444444444445	112.0	0.9366231778377989	0.7015354962065936	0.17603790418622006	True
development	opposite_signs	216	eb_delta_0.5	target	0.9282190691933505	0.9753086419753086	0.0	10.700913127078515	12.027777777777779	112.0	0.9038741156756381	0.7015354962065936	0.17603790418622006	True
development	opposite_signs	216	eb_delta_0.5	reference	0.9323754812750888	1.0	0.0	9.915540781893561	10.944444444444445	112.0	0.9235235529729348	0.7015354962065936	0.17603790418622006	True
development	opposite_signs	217	hard_z1	target	0.8089573002714494	0.9094650205761317	0.4722222222222222	22.583333333333332	10.13888888888889	112.0	0.9197363987688154			
development	opposite_signs	217	hard_z1	reference	0.854826658529548	0.98	0.5277777777777778	24.25	11.194444444444445	112.0	0.9115979117396946			
development	opposite_signs	217	wald_p05	target	0.9035857838622836	0.9156378600823045	0.8055555555555556	8.36111111111111	10.13888888888889	112.0	0.7656689716361683			
development	opposite_signs	217	wald_p05	reference	0.8835448620860927	0.9818181818181818	0.8333333333333334	9.472222222222221	11.194444444444445	112.0	0.8620515331841526			
development	opposite_signs	217	continuous_sign	target	0.8278695758405411	0.9423868312757202	0.0	30.99946336114223	10.13888888888889	112.0	0.9398980840540151			
development	opposite_signs	217	continuous_sign	reference	0.8424288480759139	0.9854545454545455	0.0	32.88438216682476	11.194444444444445	112.0	0.943172990270231			
development	opposite_signs	217	eb_delta_0	target	0.8712920200307414	0.9382716049382716	0.0	13.913515230678295	10.13888888888889	112.0	0.9202486467567186	0.741143252509088	0.17897838600419744	True
development	opposite_signs	217	eb_delta_0	reference	0.8892950046815165	0.9927272727272728	0.0	15.07844033841213	11.194444444444445	112.0	0.9202486467567186	0.741143252509088	0.17897838600419744	True
development	opposite_signs	217	eb_delta_0.1	target	0.8743936231871842	0.9341563786008231	0.0	12.760494368701593	10.13888888888889	112.0	0.9104239281080704	0.741143252509088	0.17897838600419744	True
development	opposite_signs	217	eb_delta_0.1	reference	0.8892950046815165	0.9927272727272728	0.0	13.922860326071303	11.194444444444445	112.0	0.9104239281080704	0.741143252509088	0.17897838600419744	True
development	opposite_signs	217	eb_delta_0.25	target	0.8878339035317698	0.9300411522633745	0.0	11.066412467037692	10.13888888888889	112.0	0.8776748659459096	0.741143252509088	0.17897838600419744	True
development	opposite_signs	217	eb_delta_0.25	reference	0.8918771620702549	0.9927272727272728	0.0	12.211144562777827	11.194444444444445	112.0	0.8973243032432059	0.741143252509088	0.17897838600419744	True
development	opposite_signs	217	eb_delta_0.5	target	0.8954586779580253	0.9341563786008231	0.0	8.443770704379823	10.13888888888889	112.0	0.8449258037837488	0.741143252509088	0.17897838600419744	True
development	opposite_signs	217	eb_delta_0.5	reference	0.8948466430673041	0.9927272727272728	0.0	9.467344615641947	11.194444444444445	112.0	0.8711250535134775	0.741143252509088	0.17897838600419744	True
development	opposite_signs	218	hard_z1	target	0.8398956896099317	1.0	0.6111111111111112	23.22222222222222	10.694444444444445	112.0	0.8745087656822627			
development	opposite_signs	218	hard_z1	reference	0.8587410236709685	0.9938271604938271	0.5277777777777778	23.27777777777778	11.527777777777779	112.0	0.9378309451710526			
development	opposite_signs	218	wald_p05	target	0.8723653691128207	1.0	0.8333333333333334	8.916666666666666	10.694444444444445	112.0	0.7409658918527358			
development	opposite_signs	218	wald_p05	reference	0.9489346834238968	0.9876543209876543	0.9166666666666666	8.61111111111111	11.527777777777779	112.0	0.8155424198242205			
development	opposite_signs	218	continuous_sign	target	0.8473401663526248	1.0	0.0	31.72450079478804	10.694444444444445	112.0	0.943172990270231			
development	opposite_signs	218	continuous_sign	reference	0.8459538740134388	0.9958847736625515	0.0	32.06706398934421	11.527777777777779	112.0	0.943172990270231			
development	opposite_signs	218	eb_delta_0	target	0.9230301949548979	1.0	0.0	13.138976654257712	10.694444444444445	112.0	0.8874995845945578	0.7653308496881188	0.19990626980471768	True
development	opposite_signs	218	eb_delta_0	reference	0.9005523617625517	1.0	0.0	13.143966126964862	11.527777777777779	112.0	0.9398980840540151	0.7653308496881188	0.19990626980471768	True
development	opposite_signs	218	eb_delta_0.1	target	0.9261354268975552	1.0	0.0	12.091916063561662	10.694444444444445	112.0	0.8743999597296934	0.7653308496881188	0.19990626980471768	True
development	opposite_signs	218	eb_delta_0.1	reference	0.9051990415709866	1.0	0.0	12.097640690545681	11.527777777777779	112.0	0.933348271621583	0.7653308496881188	0.19990626980471768	True
development	opposite_signs	218	eb_delta_0.25	target	0.9342866607470308	1.0	0.0	10.544091016740126	10.694444444444445	112.0	0.8383759913513167	0.7653308496881188	0.19990626980471768	True
development	opposite_signs	218	eb_delta_0.25	reference	0.9205588998266473	1.0	0.0	10.549890416693952	11.527777777777779	112.0	0.9169737405405026	0.7653308496881188	0.19990626980471768	True
development	opposite_signs	218	eb_delta_0.5	target	0.9214775789835691	1.0	0.0	8.099850806520443	10.694444444444445	112.0	0.7663280545945629	0.7653308496881188	0.19990626980471768	True
development	opposite_signs	218	eb_delta_0.5	reference	0.925592802952452	0.9958847736625515	0.0	8.0872152290575	11.527777777777779	112.0	0.8874995845945578	0.7653308496881188	0.19990626980471768	True
development	opposite_signs	219	hard_z1	target	0.8480476018280454	0.9032921810699588	0.5555555555555556	24.444444444444443	11.25	112.0	0.9260553136906101			
development	opposite_signs	219	hard_z1	reference	0.8175367646896183	0.9938271604938271	0.4722222222222222	25.27777777777778	12.86111111111111	112.0	0.9344915281608285			
development	opposite_signs	219	wald_p05	target	0.8992884864165589	0.9279835390946501	0.7777777777777778	9.555555555555555	11.25	112.0	0.7469663383654866			
development	opposite_signs	219	wald_p05	reference	0.8999158884073744	0.9753086419753086	0.8333333333333334	9.805555555555555	12.86111111111111	112.0	0.7293325142430449			
development	opposite_signs	219	continuous_sign	target	0.8371640779703535	0.8971193415637859	0.0	32.439564613312044	11.25	112.0	0.943172990270231			
development	opposite_signs	219	continuous_sign	reference	0.8332506486438092	0.9876543209876543	0.0	33.11830961392989	12.86111111111111	112.0	0.943172990270231			
development	opposite_signs	219	eb_delta_0	target	0.8909707087523568	0.934156378600823	0.0	15.200415547841098	11.25	112.0	0.9169737405405026	0.7238207338079667	0.19140217770946338	True
development	opposite_signs	219	eb_delta_0	reference	0.882941091600418	0.9958847736625515	0.0	15.731662031151728	12.86111111111111	112.0	0.9202486467567186	0.7238207338079667	0.19140217770946338	True
development	opposite_signs	219	eb_delta_0.1	target	0.8974223431386882	0.9382716049382716	0.0	13.96881415260565	11.25	112.0	0.9071490218918543	0.7238207338079667	0.19140217770946338	True
development	opposite_signs	219	eb_delta_0.1	reference	0.8906850567365129	0.9958847736625515	0.0	14.498794349405127	12.86111111111111	112.0	0.9104239281080704	0.7238207338079667	0.19140217770946338	True
development	opposite_signs	219	eb_delta_0.25	target	0.9019384872091202	0.9382716049382716	0.0	12.148545504042195	11.25	112.0	0.8973243032432059	0.7238207338079667	0.19140217770946338	True
development	opposite_signs	219	eb_delta_0.25	reference	0.9039788635534756	0.9917695473251029	0.0	12.668966077626031	12.86111111111111	112.0	0.8874995845945578	0.7238207338079667	0.19140217770946338	True
development	opposite_signs	219	eb_delta_0.5	target	0.9171643443608621	0.9465020576131686	0.0	9.277087944592749	11.25	112.0	0.8711250535134775	0.7238207338079667	0.19140217770946338	True
development	opposite_signs	219	eb_delta_0.5	reference	0.921144652938486	0.9876543209876544	0.0	9.765690565989424	12.86111111111111	112.0	0.8383759913513167	0.7238207338079667	0.19140217770946338	True
development	opposite_signs	220	hard_z1	target	0.7728200492068257	0.9156378600823045	0.4444444444444444	22.666666666666668	11.194444444444445	112.0	0.919380624247567			
development	opposite_signs	220	hard_z1	reference	0.8424477308687585	0.9788461538461538	0.5833333333333334	25.25	12.63888888888889	112.0	0.9349137881763826			
development	opposite_signs	220	wald_p05	target	0.912925493869525	0.9814814814814815	0.75	9.333333333333334	11.194444444444445	112.0	0.8070594402699346			
development	opposite_signs	220	wald_p05	reference	0.9081959813400753	0.9961538461538462	0.8055555555555556	10.416666666666666	12.63888888888889	112.0	0.8392264225235614			
development	opposite_signs	220	continuous_sign	target	0.73125402952264	0.9094650205761317	0.0	31.69425106055566	11.194444444444445	112.0	0.943172990270231			
development	opposite_signs	220	continuous_sign	reference	0.8856081369184889	0.9923076923076923	0.0	33.08262181048155	12.63888888888889	112.0	0.943172990270231			
development	opposite_signs	220	eb_delta_0	target	0.8137379350592624	0.9382716049382716	0.0	15.364589866287215	11.194444444444445	112.0	0.933348271621583	0.7147787648724209	0.18597275508630332	True
development	opposite_signs	220	eb_delta_0	reference	0.9055036370038934	1.0	0.0	16.580188706961522	12.63888888888889	112.0	0.933348271621583	0.7147787648724209	0.18597275508630332	True
development	opposite_signs	220	eb_delta_0.1	target	0.827420711251566	0.9506172839506173	0.0	14.09266197940964	11.194444444444445	112.0	0.9235235529729348	0.7147787648724209	0.18597275508630332	True
development	opposite_signs	220	eb_delta_0.1	reference	0.9074415103888354	1.0	0.0	15.307502861908384	12.63888888888889	112.0	0.9300733654053668	0.7147787648724209	0.18597275508630332	True
development	opposite_signs	220	eb_delta_0.25	target	0.8572388367272465	0.9588477366255144	0.0	12.214814167324473	11.194444444444445	112.0	0.8973243032432059	0.7147787648724209	0.18597275508630332	True
development	opposite_signs	220	eb_delta_0.25	reference	0.9106712993637388	1.0	0.0	13.42428197218895	12.63888888888889	112.0	0.9202486467567186	0.7147787648724209	0.18597275508630332	True
development	opposite_signs	220	eb_delta_0.5	target	0.8808609880781102	0.9753086419753085	0.0	9.273123354228526	11.194444444444445	112.0	0.851475616216181	0.7147787648724209	0.18597275508630332	True
development	opposite_signs	220	eb_delta_0.5	reference	0.9198439000524641	1.0	0.0	10.43986595613519	12.63888888888889	112.0	0.8842246783783417	0.7147787648724209	0.18597275508630332	True
development	opposite_signs	221	hard_z1	target	0.8133199442456094	0.9691358024691358	0.5	23.805555555555557	11.277777777777779	112.0	0.9445110837905506			
development	opposite_signs	221	hard_z1	reference	0.897421657954452	1.0	0.3611111111111111	24.02777777777778	11.722222222222221	112.0	0.9315732427954817			
development	opposite_signs	221	wald_p05	target	0.8905818690924445	0.9547325102880658	0.75	8.722222222222221	11.277777777777779	112.0	0.8295336029115713			
development	opposite_signs	221	wald_p05	reference	0.9404453966225449	1.0	0.6666666666666666	9.027777777777779	11.722222222222221	112.0	0.8738283185171999			
development	opposite_signs	221	continuous_sign	target	0.8268357081217268	0.9753086419753085	0.0	31.773431953488227	11.277777777777779	112.0	0.943172990270231			
development	opposite_signs	221	continuous_sign	reference	0.8741645977795103	0.9794238683127572	0.0	32.46967748958015	11.722222222222221	112.0	0.943172990270231			
development	opposite_signs	221	eb_delta_0	target	0.8676734830148912	0.9876543209876544	0.0	14.227136046695351	11.277777777777779	112.0	0.943172990270231	0.7414648234439126	0.1830060888026085	True
development	opposite_signs	221	eb_delta_0	reference	0.8989452862150141	0.9917695473251029	0.0	14.728804090751133	11.722222222222221	112.0	0.9366231778377989	0.7414648234439126	0.1830060888026085	True
development	opposite_signs	221	eb_delta_0.1	target	0.8676734830148912	0.9876543209876544	0.0	13.074797045881478	11.277777777777779	112.0	0.943172990270231	0.7414648234439126	0.1830060888026085	True
development	opposite_signs	221	eb_delta_0.1	reference	0.8993324844718188	0.9917695473251029	0.0	13.574533884879163	11.722222222222221	112.0	0.9366231778377989	0.7414648234439126	0.1830060888026085	True
development	opposite_signs	221	eb_delta_0.25	target	0.8759444247654055	0.9876543209876544	0.0	11.373066637738686	11.277777777777779	112.0	0.933348271621583	0.7414648234439126	0.1830060888026085	True
development	opposite_signs	221	eb_delta_0.25	reference	0.9063020530943042	0.9958847736625515	0.0	11.86656657276394	11.722222222222221	112.0	0.9300733654053668	0.7414648234439126	0.1830060888026085	True
development	opposite_signs	221	eb_delta_0.5	target	0.9085112579080556	0.9876543209876544	0.0	8.695221925799848	11.277777777777779	112.0	0.8874995845945578	0.7414648234439126	0.1830060888026085	True
development	opposite_signs	221	eb_delta_0.5	reference	0.9184342651408528	1.0	0.0	9.179822944898563	11.722222222222221	112.0	0.9071490218918543	0.7414648234439126	0.1830060888026085	True
development	opposite_signs	222	hard_z1	target	0.933525481869992	0.9403292181069959	0.5	23.75	11.972222222222221	112.0	0.9392887295318265			
development	opposite_signs	222	hard_z1	reference	0.8400594204231256	0.940329218106996	0.4444444444444444	22.13888888888889	10.027777777777779	112.0	0.9202708358213029			
development	opposite_signs	222	wald_p05	target	0.9483330264082944	0.9753086419753086	0.8611111111111112	9.25	11.972222222222221	112.0	0.8623648185405892			
development	opposite_signs	222	wald_p05	reference	0.9222970551890155	0.9547325102880659	0.8055555555555556	8.583333333333334	10.027777777777779	112.0	0.7965260566025972			
development	opposite_signs	222	continuous_sign	target	0.9417504862520468	0.962962962962963	0.0	32.35365744044849	11.972222222222221	112.0	0.943172990270231			
development	opposite_signs	222	continuous_sign	reference	0.8158566827477525	0.9300411522633745	0.0	30.568330669961078	10.027777777777779	112.0	0.943172990270231			
development	opposite_signs	222	eb_delta_0	target	0.9602440758612261	0.9670781893004116	0.0	13.46383063193057	11.972222222222221	112.0	0.933348271621583	0.7646375621274745	0.1920745476126113	True
development	opposite_signs	222	eb_delta_0	reference	0.8863691816358897	0.9588477366255144	0.0	12.89676226855258	10.027777777777779	112.0	0.9169737405405026	0.7646375621274745	0.1920745476126113	True
development	opposite_signs	222	eb_delta_0.1	target	0.9615373338758539	0.9670781893004116	0.0	12.411421335340673	11.972222222222221	112.0	0.9300733654053668	0.7646375621274745	0.1920745476126113	True
development	opposite_signs	222	eb_delta_0.1	reference	0.8980997801712105	0.962962962962963	0.0	11.849819847500774	10.027777777777779	112.0	0.9038741156756381	0.7646375621274745	0.1920745476126113	True
development	opposite_signs	222	eb_delta_0.25	target	0.9655464337212006	0.9753086419753086	0.0	10.847300806203618	11.972222222222221	112.0	0.9235235529729348	0.7646375621274745	0.1920745476126113	True
development	opposite_signs	222	eb_delta_0.25	reference	0.9098303787065314	0.9711934156378601	0.0	10.31394460176039	10.027777777777779	112.0	0.8809497721621257	0.7646375621274745	0.1920745476126113	True
development	opposite_signs	222	eb_delta_0.5	target	0.9681329497504563	0.9711934156378601	0.0	8.348997263262895	11.972222222222221	112.0	0.8940493970269899	0.7646375621274745	0.1920745476126113	True
development	opposite_signs	222	eb_delta_0.5	reference	0.918209377660332	0.9753086419753088	0.0	7.906083159976229	10.027777777777779	112.0	0.8482007099999648	0.7646375621274745	0.1920745476126113	True
development	opposite_signs	223	hard_z1	target	0.8927684722272761	0.9506172839506173	0.6111111111111112	22.61111111111111	10.36111111111111	112.0	0.9067377190661895			
development	opposite_signs	223	hard_z1	reference	0.8740003956736233	0.9691358024691359	0.5	23.77777777777778	11.916666666666666	112.0	0.916162030755424			
development	opposite_signs	223	wald_p05	target	0.9241629602571447	0.977366255144033	0.8611111111111112	8.61111111111111	10.36111111111111	112.0	0.7573555044980276			
development	opposite_signs	223	wald_p05	reference	0.9103919434198607	0.9938271604938271	0.8888888888888888	9.944444444444445	11.916666666666666	112.0	0.8642529594004819			
development	opposite_signs	223	continuous_sign	target	0.8796840572107166	0.9423868312757201	0.0	31.174327966233818	10.36111111111111	112.0	0.943172990270231			
development	opposite_signs	223	continuous_sign	reference	0.8847625727470634	1.0	0.0	32.74692569894055	11.916666666666666	112.0	0.943172990270231			
development	opposite_signs	223	eb_delta_0	target	0.9153155218115614	0.962962962962963	0.0	13.46667404138401	10.36111111111111	112.0	0.9136988343242864	0.7521587312000774	0.19325284892367314	True
development	opposite_signs	223	eb_delta_0	reference	0.9074752642294852	0.9876543209876544	0.0	14.291547874608426	11.916666666666666	112.0	0.933348271621583	0.7521587312000774	0.19325284892367314	True
development	opposite_signs	223	eb_delta_0.1	target	0.9186721090565687	0.9670781893004116	0.0	12.363720047135743	10.36111111111111	112.0	0.9104239281080704	0.7521587312000774	0.19325284892367314	True
development	opposite_signs	223	eb_delta_0.1	reference	0.903990930877068	0.9876543209876544	0.0	13.183434128751973	11.916666666666666	112.0	0.9235235529729348	0.7521587312000774	0.19325284892367314	True
development	opposite_signs	223	eb_delta_0.25	target	0.9302910649046704	0.9753086419753086	0.0	10.743844805281448	10.36111111111111	112.0	0.8842246783783417	0.7521587312000774	0.19325284892367314	True
development	opposite_signs	223	eb_delta_0.25	reference	0.9087657580637136	0.9876543209876544	0.0	11.533429954860093	11.916666666666666	112.0	0.9104239281080704	0.7521587312000774	0.19325284892367314	True
development	opposite_signs	223	eb_delta_0.5	target	0.9421682197716187	0.9794238683127572	0.0	8.209479441261701	10.36111111111111	112.0	0.8351010851351005	0.7521587312000774	0.19325284892367314	True
development	opposite_signs	223	eb_delta_0.5	reference	0.9099272025145193	0.9876543209876544	0.0	8.868949274032317	11.916666666666666	112.0	0.8973243032432059	0.7521587312000774	0.19325284892367314	True
development	opposite_signs	224	hard_z1	target	0.909989343647884	0.9036363636363637	0.5555555555555556	23.5	10.333333333333334	112.0	0.9361913805815928			
development	opposite_signs	224	hard_z1	reference	0.9092993523438767	0.9788461538461538	0.4722222222222222	24.5	11.333333333333334	112.0	0.9274551915195126			
development	opposite_signs	224	wald_p05	target	0.9569078729082233	0.9800000000000001	0.75	8.444444444444445	10.333333333333334	112.0	0.8428384879477214			
development	opposite_signs	224	wald_p05	reference	0.9565470874167217	0.9884615384615385	0.6111111111111112	9.86111111111111	11.333333333333334	112.0	0.8771133873838058			
development	opposite_signs	224	continuous_sign	target	0.9216503748053949	0.9163636363636363	0.0	31.424062391614555	10.333333333333334	112.0	0.943172990270231			
development	opposite_signs	224	continuous_sign	reference	0.8752789304560306	0.976923076923077	0.0	32.8084744373461	11.333333333333334	112.0	0.943172990270231			
development	opposite_signs	224	eb_delta_0	target	0.9349347280946414	0.9418181818181818	0.0	14.45289687219694	10.333333333333334	112.0	0.943172990270231	0.732513710600461	0.17792512634909752	True
development	opposite_signs	224	eb_delta_0	reference	0.9008439442088397	0.9846153846153847	0.0	15.505568108965551	11.333333333333334	112.0	0.9398980840540151	0.732513710600461	0.17792512634909752	True
development	opposite_signs	224	eb_delta_0.1	target	0.9324842163228387	0.9381818181818182	0.0	13.261300715775953	10.333333333333334	112.0	0.943172990270231	0.732513710600461	0.17792512634909752	True
development	opposite_signs	224	eb_delta_0.1	reference	0.9057503609896821	0.9846153846153847	0.0	14.309856941292468	11.333333333333334	112.0	0.9366231778377989	0.732513710600461	0.17792512634909752	True
development	opposite_signs	224	eb_delta_0.25	target	0.9309365246774896	0.9381818181818182	0.0	11.503198390736253	10.333333333333334	112.0	0.9398980840540151	0.732513710600461	0.17792512634909752	True
development	opposite_signs	224	eb_delta_0.25	reference	0.9101403128462251	0.9846153846153847	0.0	12.527051082346558	11.333333333333334	112.0	0.9267984591891507	0.732513710600461	0.17792512634909752	True
development	opposite_signs	224	eb_delta_0.5	target	0.9354506253097578	0.9563636363636364	0.0	8.736766112466704	10.333333333333334	112.0	0.9071490218918543	0.732513710600461	0.17792512634909752	True
development	opposite_signs	224	eb_delta_0.5	reference	0.9310571422803416	0.9846153846153847	0.0	9.665000403598798	11.333333333333334	112.0	0.9038741156756381	0.732513710600461	0.17792512634909752	True
development	structural_missing	201	hard_z1	target	0.8412437587683657	0.8653846153846154	0.6666666666666666	13.777777777777779	5.777777777777778	112.0	0.8577690246162624			
development	structural_missing	201	hard_z1	reference	0.6159712211270243	0.8653846153846153	0.6111111111111112	15.666666666666666	6.638888888888889	112.0	0.8940819964475857			
development	structural_missing	201	wald_p05	target	0.8684315315543519	0.923076923076923	0.9166666666666666	5.166666666666667	5.777777777777778	112.0	0.7089573165484248			
development	structural_missing	201	wald_p05	reference	0.7543101861830851	0.9326923076923077	0.9444444444444444	5.583333333333333	6.638888888888889	112.0	0.6672228630352601			
development	structural_missing	201	continuous_sign	target	0.842673622735279	0.8538461538461538	0.0	19.557324698418064	5.777777777777778	112.0	0.9136988343242864			
development	structural_missing	201	continuous_sign	reference	0.5712883731795119	0.85	0.0	21.912582954581026	6.638888888888889	112.0	0.9398980840540151			
development	structural_missing	201	eb_delta_0	target	0.8970647279371874	0.9153846153846155	0.0	7.317111105573783	5.777777777777778	112.0	0.8776748659459096	0.7989231712083781	0.1971512291010872	True
development	structural_missing	201	eb_delta_0	reference	0.7185089729707901	0.9153846153846155	0.0	7.847433318427684	6.638888888888889	112.0	0.8973243032432059	0.7989231712083781	0.1971512291010872	True
development	structural_missing	201	eb_delta_0.1	target	0.8987482621458178	0.9153846153846155	0.0	6.718286970398089	5.777777777777778	112.0	0.8678501472972613	0.7989231712083781	0.1971512291010872	True
development	structural_missing	201	eb_delta_0.1	reference	0.7319632281362496	0.9192307692307693	0.0	7.239406834706987	6.638888888888889	112.0	0.8776748659459096	0.7989231712083781	0.1971512291010872	True
development	structural_missing	201	eb_delta_0.25	target	0.9071659331889703	0.9346153846153846	0.0	5.855654685594834	5.777777777777778	112.0	0.8351010851351005	0.7989231712083781	0.1971512291010872	True
development	structural_missing	201	eb_delta_0.25	reference	0.7584836349527805	0.9230769230769231	0.0	6.33007355917262	6.638888888888889	112.0	0.8482007099999648	0.7989231712083781	0.1971512291010872	True
development	structural_missing	201	eb_delta_0.5	target	0.930476406846931	0.9615384615384616	0.0	4.544691841718592	5.777777777777778	112.0	0.7925273043242915	0.7989231712083781	0.1971512291010872	True
development	structural_missing	201	eb_delta_0.5	reference	0.7941891582764999	0.9153846153846155	0.0	4.877123027239059	6.638888888888889	112.0	0.772877867026995	0.7989231712083781	0.1971512291010872	True
development	structural_missing	202	hard_z1	target	0.7032460999595717	0.9054545454545455	0.5833333333333334	15.194444444444445	6.583333333333333	112.0	0.8619399912889865			
development	structural_missing	202	hard_z1	reference	0.7313269556605386	0.8930041152263375	0.7777777777777778	15.333333333333334	6.027777777777778	112.0	0.8477673679941995			
development	structural_missing	202	wald_p05	target	0.8359985939230701	0.9363636363636364	0.8888888888888888	5.222222222222222	6.583333333333333	112.0	0.7674112236048721			
development	structural_missing	202	wald_p05	reference	0.791090784278376	0.9897119341563786	0.8333333333333334	5.222222222222222	6.027777777777778	112.0	0.6180106179568519			
development	structural_missing	202	continuous_sign	target	0.7701315177947817	0.9345454545454546	0.0	21.178702348164002	6.583333333333333	112.0	0.933348271621583			
development	structural_missing	202	continuous_sign	reference	0.7648431369787941	0.888888888888889	0.0	20.98706231767785	6.027777777777778	112.0	0.9202486467567186			
development	structural_missing	202	eb_delta_0	target	0.8134191114963341	0.9527272727272726	0.0	8.41468630723665	6.583333333333333	112.0	0.8940493970269899	0.7790786414230162	0.18808876134572036	True
development	structural_missing	202	eb_delta_0	reference	0.843388288819016	0.9588477366255144	0.0	8.154415698471816	6.027777777777778	112.0	0.8743999597296934	0.7790786414230162	0.18808876134572036	True
development	structural_missing	202	eb_delta_0.1	target	0.8203968131676291	0.9527272727272726	0.0	7.755525544887508	6.583333333333333	112.0	0.8711250535134775	0.7790786414230162	0.18808876134572036	True
development	structural_missing	202	eb_delta_0.1	reference	0.8450732508221889	0.9670781893004115	0.0	7.494161864789398	6.027777777777778	112.0	0.8613003348648292	0.7790786414230162	0.18808876134572036	True
development	structural_missing	202	eb_delta_0.25	target	0.8366781170673173	0.9527272727272728	0.0	6.785424375571366	6.583333333333333	112.0	0.8383759913513167	0.7790786414230162	0.18808876134572036	True
development	structural_missing	202	eb_delta_0.25	reference	0.8575160471533132	0.9794238683127572	0.0	6.518642349038071	6.027777777777778	112.0	0.8351010851351005	0.7790786414230162	0.18808876134572036	True
development	structural_missing	202	eb_delta_0.5	target	0.8574820053835859	0.9600000000000001	0.0	5.272533233946448	6.583333333333333	112.0	0.7990771167567237	0.7790786414230162	0.18808876134572036	True
development	structural_missing	202	eb_delta_0.5	reference	0.8761802416499996	0.9876543209876543	0.0	4.99376137241929	6.027777777777778	112.0	0.776152773243211	0.7790786414230162	0.18808876134572036	True
development	structural_missing	203	hard_z1	target	0.6979491777813678	0.9254545454545455	0.8333333333333334	14.527777777777779	5.861111111111111	112.0	0.8568483438303907			
development	structural_missing	203	hard_z1	reference	0.8530390326850884	0.9326923076923077	0.6666666666666666	15.694444444444445	6.527777777777778	112.0	0.8779036706983485			
development	structural_missing	203	wald_p05	target	0.7572558062630904	0.9218181818181819	0.8333333333333334	5.083333333333333	5.861111111111111	112.0	0.5715452883254661			
development	structural_missing	203	wald_p05	reference	0.8601007603207365	0.9153846153846155	0.9444444444444444	5.388888888888889	6.527777777777778	112.0	0.6989736926207674			
development	structural_missing	203	continuous_sign	target	0.6450681798189887	0.9018181818181819	0.0	20.450538800550603	5.861111111111111	112.0	0.9235235529729348			
development	structural_missing	203	continuous_sign	reference	0.8479968900149847	0.9115384615384615	0.0	21.28118313657982	6.527777777777778	112.0	0.943172990270231			
development	structural_missing	203	eb_delta_0	target	0.7397594670234653	0.9309090909090909	0.0	7.78700017616336	5.861111111111111	112.0	0.8842246783783417	0.7847340410613599	0.17267841711300347	True
development	structural_missing	203	eb_delta_0	reference	0.8983652706281197	0.95	0.0	8.393822475187214	6.527777777777778	112.0	0.8907744908107738	0.7847340410613599	0.17267841711300347	True
development	structural_missing	203	eb_delta_0.1	target	0.7500068802962784	0.9309090909090909	0.0	7.142936016633685	5.861111111111111	112.0	0.8678501472972613	0.7847340410613599	0.17267841711300347	True
development	structural_missing	203	eb_delta_0.1	reference	0.901206563893476	0.9538461538461539	0.0	7.7487860883553346	6.527777777777778	112.0	0.8711250535134775	0.7847340410613599	0.17267841711300347	True
development	structural_missing	203	eb_delta_0.25	target	0.7889211079145565	0.9345454545454546	0.0	6.1900598960000695	5.861111111111111	112.0	0.8089018354053719	0.7847340410613599	0.17267841711300347	True
development	structural_missing	203	eb_delta_0.25	reference	0.9105053418528241	0.9615384615384616	0.0	6.7934013587857525	6.527777777777778	112.0	0.8383759913513167	0.7847340410613599	0.17267841711300347	True
development	structural_missing	203	eb_delta_0.5	target	0.8183662068123868	0.9381818181818182	0.0	4.676393974511125	5.861111111111111	112.0	0.7270291799999699	0.7847340410613599	0.17267841711300347	True
development	structural_missing	203	eb_delta_0.5	reference	0.9024980608322745	0.9615384615384616	0.0	5.286007881945358	6.527777777777778	112.0	0.7794276794594271	0.7847340410613599	0.17267841711300347	True
development	structural_missing	204	hard_z1	target	0.6130528371922769	0.802469135802469	0.6111111111111112	15.666666666666666	6.027777777777778	112.0	0.8461792283103577			
development	structural_missing	204	hard_z1	reference	0.5959939680110067	0.9835390946502058	0.7222222222222222	15.666666666666666	7.027777777777778	112.0	0.8615499353528587			
development	structural_missing	204	wald_p05	target	0.8065512115407248	0.8806584362139918	0.8888888888888888	5.305555555555555	6.027777777777778	112.0	0.5634339778331863			
development	structural_missing	204	wald_p05	reference	0.6717897834094454	0.9794238683127573	0.8611111111111112	5.972222222222222	7.027777777777778	112.0	0.721912797109172			
development	structural_missing	204	continuous_sign	target	0.5790276885319245	0.786008230452675	0.0	20.946122047743298	6.027777777777778	112.0	0.933348271621583			
development	structural_missing	204	continuous_sign	reference	0.6023678407570884	0.9917695473251029	0.0	21.80366966185373	7.027777777777778	112.0	0.943172990270231			
development	structural_missing	204	eb_delta_0	target	0.7164658043109787	0.8559670781893003	0.0	8.478873710202533	6.027777777777778	112.0	0.8809497721621257	0.7727738946873266	0.18100907461322954	True
development	structural_missing	204	eb_delta_0	reference	0.7041508250855332	1.0	0.0	8.92917062945977	7.027777777777778	112.0	0.9136988343242864	0.7727738946873266	0.18100907461322954	True
development	structural_missing	204	eb_delta_0.1	target	0.7356371908663981	0.8724279835390947	0.0	7.7869065806603475	6.027777777777778	112.0	0.8678501472972613	0.7727738946873266	0.18100907461322954	True
development	structural_missing	204	eb_delta_0.1	reference	0.7076650713475128	1.0	0.0	8.235038429152906	7.027777777777778	112.0	0.8842246783783417	0.7727738946873266	0.18100907461322954	True
development	structural_missing	204	eb_delta_0.25	target	0.7623216883692117	0.888888888888889	0.0	6.771024068891843	6.027777777777778	112.0	0.8285512727026683	0.7727738946873266	0.18100907461322954	True
development	structural_missing	204	eb_delta_0.25	reference	0.708315857692324	0.9958847736625515	0.0	7.208034900825847	7.027777777777778	112.0	0.8318261789188844	0.7727738946873266	0.18100907461322954	True
development	structural_missing	204	eb_delta_0.5	target	0.8064935992840631	0.9053497942386831	0.0	5.188396373218864	6.027777777777778	112.0	0.7630531483783467	0.7727738946873266	0.18100907461322954	True
development	structural_missing	204	eb_delta_0.5	reference	0.7269283471539193	0.9958847736625515	0.0	5.589650358963693	7.027777777777778	112.0	0.7892523981080753	0.7727738946873266	0.18100907461322954	True
development	structural_missing	205	hard_z1	target	0.7781395356698108	0.8884615384615384	0.8055555555555556	15.38888888888889	6.638888888888889	112.0	0.8699238662568824			
development	structural_missing	205	hard_z1	reference	0.7603865450891762	0.8662551440329217	0.6111111111111112	16.055555555555557	6.388888888888889	112.0	0.8762061066782185			
development	structural_missing	205	wald_p05	target	0.84113089653211	0.9692307692307692	0.9166666666666666	5.25	6.638888888888889	112.0	0.6888579449542539			
development	structural_missing	205	wald_p05	reference	0.8238280891667757	0.9053497942386831	0.8333333333333334	6.138888888888889	6.388888888888889	112.0	0.711419846775332			
development	structural_missing	205	continuous_sign	target	0.7747978478454821	0.9	0.0	21.034109236089165	6.638888888888889	112.0	0.9235235529729348			
development	structural_missing	205	continuous_sign	reference	0.7830677278572019	0.8888888888888888	0.0	21.478158145611005	6.388888888888889	112.0	0.933348271621583			
development	structural_missing	205	eb_delta_0	target	0.838664047884806	0.9730769230769232	0.0	9.092529338173067	6.638888888888889	112.0	0.8874995845945578	0.7496669435095151	0.17167176321919023	True
development	structural_missing	205	eb_delta_0	reference	0.8737251146826186	0.9382716049382717	0.0	9.57119067673387	6.388888888888889	112.0	0.9005992094594221	0.7496669435095151	0.17167176321919023	True
development	structural_missing	205	eb_delta_0.1	target	0.8443525353377012	0.9692307692307692	0.0	8.348783673028093	6.638888888888889	112.0	0.8776748659459096	0.7496669435095151	0.17167176321919023	True
development	structural_missing	205	eb_delta_0.1	reference	0.8728198340723791	0.9341563786008231	0.0	8.828139825302777	6.388888888888889	112.0	0.8907744908107738	0.7496669435095151	0.17167176321919023	True
development	structural_missing	205	eb_delta_0.25	target	0.8429304134744774	0.9730769230769231	0.0	7.248095256121808	6.638888888888889	112.0	0.8482007099999648	0.7496669435095151	0.17167176321919023	True
development	structural_missing	205	eb_delta_0.25	reference	0.8770875855206512	0.9300411522633746	0.0	7.72896674679134	6.388888888888889	112.0	0.8711250535134775	0.7496669435095151	0.17167176321919023	True
development	structural_missing	205	eb_delta_0.5	target	0.8517217122653155	0.976923076923077	0.0	5.511293605525631	6.638888888888889	112.0	0.7925273043242915	0.7496669435095151	0.17167176321919023	True
development	structural_missing	205	eb_delta_0.5	reference	0.8931239849020374	0.9382716049382716	0.0	5.9795658736810875	6.388888888888889	112.0	0.81872655405402	0.7496669435095151	0.17167176321919023	True
development	structural_missing	206	hard_z1	target	0.7201893942419413	0.767361111111111	0.5833333333333334	15.055555555555555	6.138888888888889	112.0	0.884965306762364			
development	structural_missing	206	hard_z1	reference	0.8392880944221685	0.9711538461538461	0.7777777777777778	15.277777777777779	6.194444444444445	112.0	0.9009933109339767			
development	structural_missing	206	wald_p05	target	0.76074016373064	0.78125	0.8888888888888888	5.444444444444445	6.138888888888889	112.0	0.6650089947432682			
development	structural_missing	206	wald_p05	reference	0.8740223674169235	0.9634615384615385	0.8888888888888888	5.277777777777778	6.194444444444445	112.0	0.691795133415654			
development	structural_missing	206	continuous_sign	target	0.6926239892891389	0.7465277777777778	0.0	20.916379011088722	6.138888888888889	112.0	0.9136988343242864			
development	structural_missing	206	continuous_sign	reference	0.8541837735907907	0.9692307692307691	0.0	21.323221907922953	6.194444444444445	112.0	0.9300733654053668			
development	structural_missing	206	eb_delta_0	target	0.7475838838835909	0.7881944444444444	0.0	8.731124280204195	6.138888888888889	112.0	0.8711250535134775	0.7664863533767848	0.17524206516706486	True
development	structural_missing	206	eb_delta_0	reference	0.9088909450060758	0.9846153846153847	0.0	8.730508454411599	6.194444444444445	112.0	0.8973243032432059	0.7664863533767848	0.17524206516706486	True
development	structural_missing	206	eb_delta_0.1	target	0.75922244979771	0.7951388888888888	0.0	8.036997076717872	6.138888888888889	112.0	0.8678501472972613	0.7664863533767848	0.17524206516706486	True
development	structural_missing	206	eb_delta_0.1	reference	0.9131689939556122	0.9846153846153847	0.0	8.033786652469903	6.194444444444445	112.0	0.8842246783783417	0.7664863533767848	0.17524206516706486	True
development	structural_missing	206	eb_delta_0.25	target	0.7678867155337766	0.8020833333333333	0.0	7.0138420415136205	6.138888888888889	112.0	0.8482007099999648	0.7664863533767848	0.17524206516706486	True
development	structural_missing	206	eb_delta_0.25	reference	0.927429157120734	0.9846153846153847	0.0	7.001997743985161	6.194444444444445	112.0	0.858025428648613	0.7664863533767848	0.17524206516706486	True
development	structural_missing	206	eb_delta_0.5	target	0.8126305356036126	0.8506944444444444	0.0	5.395618857721163	6.138888888888889	112.0	0.776152773243211	0.7664863533767848	0.17524206516706486	True
development	structural_missing	206	eb_delta_0.5	reference	0.925225313722488	0.9846153846153847	0.0	5.389323830130552	6.194444444444445	112.0	0.812176741621588	0.7664863533767848	0.17524206516706486	True
development	structural_missing	207	hard_z1	target	0.675018065215088	0.8480769230769231	0.6666666666666666	17.5	7.555555555555555	112.0	0.8589898907669974			
development	structural_missing	207	hard_z1	reference	0.8432770491898814	0.9588477366255144	0.6388888888888888	14.472222222222221	6.166666666666667	112.0	0.8923262137361503			
development	structural_missing	207	wald_p05	target	0.8187620925698318	0.8807692307692306	0.8333333333333334	6.472222222222222	7.555555555555555	112.0	0.6343503931866941			
development	structural_missing	207	wald_p05	reference	0.8787818815494619	0.9670781893004116	0.9722222222222222	5.194444444444445	6.166666666666667	112.0	0.680440634524302			
development	structural_missing	207	continuous_sign	target	0.6372609180829244	0.8576923076923078	0.0	23.000032340211877	7.555555555555555	112.0	0.9104239281080704			
development	structural_missing	207	continuous_sign	reference	0.860526188285878	0.9300411522633745	0.0	20.484864599795152	6.166666666666667	112.0	0.9366231778377989			
development	structural_missing	207	eb_delta_0	target	0.7542322622345922	0.8923076923076924	0.0	9.430350272260078	7.555555555555555	112.0	0.858025428648613	0.7673112434333181	0.18881330085839995	True
development	structural_missing	207	eb_delta_0	reference	0.8963976922832957	0.9670781893004116	0.0	8.350949140498395	6.166666666666667	112.0	0.8973243032432059	0.7673112434333181	0.18881330085839995	True
development	structural_missing	207	eb_delta_0.1	target	0.7682067148544817	0.9	0.0	8.71641042290195	7.555555555555555	112.0	0.8285512727026683	0.7673112434333181	0.18881330085839995	True
development	structural_missing	207	eb_delta_0.1	reference	0.9071851373259973	0.9794238683127572	0.0	7.648041192533764	6.166666666666667	112.0	0.8776748659459096	0.7673112434333181	0.18881330085839995	True
development	structural_missing	207	eb_delta_0.25	target	0.7936971515777985	0.9076923076923077	0.0	7.637612865064741	7.555555555555555	112.0	0.772877867026995	0.7673112434333181	0.18881330085839995	True
development	structural_missing	207	eb_delta_0.25	reference	0.9114741214996016	0.9835390946502057	0.0	6.626937763529115	6.166666666666667	112.0	0.8482007099999648	0.7673112434333181	0.18881330085839995	True
development	structural_missing	207	eb_delta_0.5	target	0.8209990914185086	0.9	0.0	5.87381883886646	7.555555555555555	112.0	0.6648059618918642	0.7673112434333181	0.18881330085839995	True
development	structural_missing	207	eb_delta_0.5	reference	0.9064053220217057	0.9876543209876543	0.0	5.056428785510304	6.166666666666667	112.0	0.7859774918918592	0.7673112434333181	0.18881330085839995	True
development	structural_missing	208	hard_z1	target	0.645648618727953	0.845679012345679	0.8333333333333334	15.055555555555555	5.638888888888889	112.0	0.8042172374767509			
development	structural_missing	208	hard_z1	reference	0.8059342294023562	0.9691358024691358	0.75	15.61111111111111	5.666666666666667	112.0	0.8700926578762812			
development	structural_missing	208	wald_p05	target	0.7266798035800681	0.8395061728395062	0.9166666666666666	4.888888888888889	5.638888888888889	112.0	0.44957265212954417			
development	structural_missing	208	wald_p05	reference	0.900502021783255	0.9835390946502057	0.9166666666666666	5.388888888888889	5.666666666666667	112.0	0.7230886884595952			
development	structural_missing	208	continuous_sign	target	0.6102553000693285	0.8271604938271605	0.0	20.845417246476817	5.638888888888889	112.0	0.8907744908107738			
development	structural_missing	208	continuous_sign	reference	0.7583727983116735	0.9300411522633745	0.0	21.844071700732016	5.666666666666667	112.0	0.933348271621583			
development	structural_missing	208	eb_delta_0	target	0.7400058428410783	0.8806584362139918	0.0	7.326415468453245	5.638888888888889	112.0	0.8220014602702361	0.7956400716612924	0.1897644588990239	True
development	structural_missing	208	eb_delta_0	reference	0.8623922398930157	0.9670781893004115	0.0	8.011932446960301	5.666666666666667	112.0	0.8613003348648292	0.7956400716612924	0.1897644588990239	True
development	structural_missing	208	eb_delta_0.1	target	0.7571158045252651	0.8847736625514403	0.0	6.7152287520639975	5.638888888888889	112.0	0.8023520229729396	0.7956400716612924	0.1897644588990239	True
development	structural_missing	208	eb_delta_0.1	reference	0.8746678261665903	0.9670781893004115	0.0	7.400563431712903	5.666666666666667	112.0	0.851475616216181	0.7956400716612924	0.1897644588990239	True
development	structural_missing	208	eb_delta_0.25	target	0.7975575321424337	0.8971193415637859	0.0	5.808921200518058	5.638888888888889	112.0	0.733578992432402	0.7956400716612924	0.1897644588990239	True
development	structural_missing	208	eb_delta_0.25	reference	0.8906906966710454	0.9711934156378601	0.0	6.491875232195172	5.666666666666667	112.0	0.8089018354053719	0.7956400716612924	0.1897644588990239	True
development	structural_missing	208	eb_delta_0.5	target	0.825814893105712	0.9053497942386831	0.0	4.381734512406053	5.638888888888889	112.0	0.6222321810810553	0.7956400716612924	0.1897644588990239	True
development	structural_missing	208	eb_delta_0.5	reference	0.9010280324803713	0.962962962962963	0.0	5.045230558940679	5.666666666666667	112.0	0.7696029608107788	0.7956400716612924	0.1897644588990239	True
development	structural_missing	209	hard_z1	target	0.6426442279421904	0.8765432098765432	0.7777777777777778	15.555555555555555	5.388888888888889	112.0	0.8545991863171589			
development	structural_missing	209	hard_z1	reference	0.8045752225806811	0.8333333333333334	0.6944444444444444	15.416666666666666	6.0	112.0	0.8736020846445367			
development	structural_missing	209	wald_p05	target	0.805609794667197	0.977366255144033	0.8333333333333334	5.166666666666667	5.388888888888889	112.0	0.5961434827145143			
development	structural_missing	209	wald_p05	reference	0.7836915097250736	0.7921810699588476	0.8888888888888888	5.166666666666667	6.0	112.0	0.7225716104312262			
development	structural_missing	209	continuous_sign	target	0.6580922399790856	0.8806584362139918	0.0	21.177353099051228	5.388888888888889	112.0	0.9005992094594221			
development	structural_missing	209	continuous_sign	reference	0.834018669019938	0.8518518518518519	0.0	20.985890555846183	6.0	112.0	0.8940493970269899			
development	structural_missing	209	eb_delta_0	target	0.752697043799088	0.9382716049382716	0.0	8.037360651348074	5.388888888888889	112.0	0.854750522432397	0.7847101466505131	0.18151834505224615	True
development	structural_missing	209	eb_delta_0	reference	0.8358278201457946	0.8189300411522633	0.0	8.15722056827385	6.0	112.0	0.8678501472972613	0.7847101466505131	0.18151834505224615	True
development	structural_missing	209	eb_delta_0.1	target	0.7753452526479258	0.9465020576131686	0.0	7.390633946135683	5.388888888888889	112.0	0.8318261789188844	0.7847101466505131	0.18151834505224615	True
development	structural_missing	209	eb_delta_0.1	reference	0.834406344261193	0.8189300411522633	0.0	7.5140549090809605	6.0	112.0	0.8613003348648292	0.7847101466505131	0.18151834505224615	True
development	structural_missing	209	eb_delta_0.25	target	0.8020054299214145	0.9506172839506173	0.0	6.430417938082588	5.388888888888889	112.0	0.7532284297296985	0.7847101466505131	0.18151834505224615	True
development	structural_missing	209	eb_delta_0.25	reference	0.8434520998904764	0.823045267489712	0.0	6.56913635862895	6.0	112.0	0.8351010851351005	0.7847101466505131	0.18151834505224615	True
development	structural_missing	209	eb_delta_0.5	target	0.7978640431604843	0.9423868312757202	0.0	4.922173053542932	5.388888888888889	112.0	0.7008299302702411	0.7847101466505131	0.18151834505224615	True
development	structural_missing	209	eb_delta_0.5	reference	0.8288496658032046	0.8065843621399177	0.0	5.068128459692114	6.0	112.0	0.7630531483783467	0.7847101466505131	0.18151834505224615	True
development	structural_missing	210	hard_z1	target	0.7117358369806842	0.9012345679012346	0.6944444444444444	14.13888888888889	5.5	112.0	0.8480927310510046			
development	structural_missing	210	hard_z1	reference	0.7366340661623868	0.9192307692307693	0.6666666666666666	15.333333333333334	5.666666666666667	112.0	0.8725298682521063			
development	structural_missing	210	wald_p05	target	0.8225515362560156	0.9423868312757202	0.9722222222222222	4.555555555555555	5.5	112.0	0.6013971260081645			
development	structural_missing	210	wald_p05	reference	0.8316608382739739	0.8711538461538462	0.8611111111111112	5.0	5.666666666666667	112.0	0.6742458497214477			
development	structural_missing	210	continuous_sign	target	0.6971013177087614	0.9094650205761317	0.0	20.135509078612316	5.5	112.0	0.9169737405405026			
development	structural_missing	210	continuous_sign	reference	0.7466471094494651	0.9423076923076923	0.0	21.406312984282536	5.666666666666667	112.0	0.9300733654053668			
development	structural_missing	210	eb_delta_0	target	0.8291850370738094	0.934156378600823	0.0	6.448695770658471	5.5	112.0	0.8449258037837488	0.8259600082557541	0.1932457941706455	True
development	structural_missing	210	eb_delta_0	reference	0.8298956080407613	0.95	0.0	6.8025163007549905	5.666666666666667	112.0	0.858025428648613	0.8259600082557541	0.1932457941706455	True
development	structural_missing	210	eb_delta_0.1	target	0.8484985544294444	0.934156378600823	0.0	5.923596158419885	5.5	112.0	0.81872655405402	0.8259600082557541	0.1932457941706455	True
development	structural_missing	210	eb_delta_0.1	reference	0.8499632865503273	0.9538461538461538	0.0	6.272872762703821	5.666666666666667	112.0	0.8252763664864522	0.8259600082557541	0.1932457941706455	True
development	structural_missing	210	eb_delta_0.25	target	0.8755893270960735	0.9423868312757202	0.0	5.160874098272136	5.5	112.0	0.7630531483783467	0.8259600082557541	0.1932457941706455	True
development	structural_missing	210	eb_delta_0.25	reference	0.8599323913583053	0.9538461538461539	0.0	5.485999369145222	5.666666666666667	112.0	0.7958022105405077	0.8259600082557541	0.1932457941706455	True
development	structural_missing	210	eb_delta_0.5	target	0.8895883866558628	0.9300411522633745	0.0	4.0013663526072625	5.5	112.0	0.6713557743242964	0.8259600082557541	0.1932457941706455	True
development	structural_missing	210	eb_delta_0.5	reference	0.8497043487631071	0.9307692307692308	0.0	4.254500612009984	5.666666666666667	112.0	0.7401288048648341	0.8259600082557541	0.1932457941706455	True
development	structural_missing	211	hard_z1	target	0.7385163043023922	0.9238683127572016	0.6666666666666666	15.583333333333334	6.75	112.0	0.8692496807774742			
development	structural_missing	211	hard_z1	reference	0.7772179425671852	0.926923076923077	0.8055555555555556	14.305555555555555	5.0	112.0	0.8754141716612038			
development	structural_missing	211	wald_p05	target	0.807944032626202	0.8950617283950617	0.9722222222222222	5.888888888888889	6.75	112.0	0.6111636566039319			
development	structural_missing	211	wald_p05	reference	0.8760592977524342	0.9653846153846154	0.9444444444444444	4.555555555555555	5.0	112.0	0.7617567421524415			
development	structural_missing	211	continuous_sign	target	0.6656812463296495	0.9012345679012346	0.0	21.54767189935897	6.75	112.0	0.9398980840540151			
development	structural_missing	211	continuous_sign	reference	0.7772582687587156	0.9153846153846155	0.0	20.886636458221847	5.0	112.0	0.9300733654053668			
development	structural_missing	211	eb_delta_0	target	0.7505711102346534	0.9012345679012346	0.0	8.652881875810479	6.75	112.0	0.858025428648613	0.7832884790641345	0.1734530993208817	True
development	structural_missing	211	eb_delta_0	reference	0.8727814331790207	0.9615384615384616	0.0	7.678740726152761	5.0	112.0	0.9005992094594221	0.7832884790641345	0.1734530993208817	True
development	structural_missing	211	eb_delta_0.1	target	0.7694355244357655	0.9012345679012346	0.0	8.002851119778617	6.75	112.0	0.8318261789188844	0.7832884790641345	0.1734530993208817	True
development	structural_missing	211	eb_delta_0.1	reference	0.8774410997361087	0.9576923076923077	0.0	7.0284869923894675	5.0	112.0	0.8907744908107738	0.7832884790641345	0.1734530993208817	True
development	structural_missing	211	eb_delta_0.25	target	0.8022544368130424	0.9135802469135802	0.0	7.04368015845662	6.75	112.0	0.7892523981080753	0.7832884790641345	0.1734530993208817	True
development	structural_missing	211	eb_delta_0.25	reference	0.8923261456823623	0.9615384615384616	0.0	6.072253201460636	5.0	112.0	0.8776748659459096	0.7832884790641345	0.1734530993208817	True
development	structural_missing	211	eb_delta_0.5	target	0.8240906422924117	0.9012345679012346	0.0	5.520392438880496	6.75	112.0	0.6942801178378091	0.7832884790641345	0.1734530993208817	True
development	structural_missing	211	eb_delta_0.5	reference	0.9156244784678024	0.9692307692307692	0.0	4.597766109991597	5.0	112.0	0.8351010851351005	0.7832884790641345	0.1734530993208817	True
development	structural_missing	212	hard_z1	target	0.64453725476774	0.8292181069958847	0.8055555555555556	15.666666666666666	6.25	112.0	0.804685577167506			
development	structural_missing	212	hard_z1	reference	0.794388888373866	0.9320987654320988	0.7222222222222222	14.083333333333334	5.555555555555555	112.0	0.8619167203972973			
development	structural_missing	212	wald_p05	target	0.733322110793596	0.9403292181069959	0.8888888888888888	5.027777777777778	6.25	112.0	0.5992326336422261			
development	structural_missing	212	wald_p05	reference	0.8025443202317143	0.9917695473251029	0.9166666666666666	4.861111111111111	5.555555555555555	112.0	0.6039110637520327			
development	structural_missing	212	continuous_sign	target	0.5607797662170454	0.8106995884773662	0.0	21.50662150393904	6.25	112.0	0.933348271621583			
development	structural_missing	212	continuous_sign	reference	0.7999828067787619	0.9053497942386831	0.0	20.144824989753182	5.555555555555555	112.0	0.9267984591891507			
development	structural_missing	212	eb_delta_0	target	0.7103037611834202	0.9012345679012346	0.0	7.463599250236545	6.25	112.0	0.8776748659459096	0.8055190850293317	0.18641569716677145	True
development	structural_missing	212	eb_delta_0	reference	0.8520909482256411	0.9753086419753086	0.0	7.100859852186157	5.555555555555555	112.0	0.8613003348648292	0.8055190850293317	0.18641569716677145	True
development	structural_missing	212	eb_delta_0.1	target	0.7252043326055458	0.9135802469135801	0.0	6.880768171811686	6.25	112.0	0.8613003348648292	0.8055190850293317	0.18641569716677145	True
development	structural_missing	212	eb_delta_0.1	reference	0.8615298919616762	0.9835390946502057	0.0	6.523741985272573	5.555555555555555	112.0	0.8449258037837488	0.8055190850293317	0.18641569716677145	True
development	structural_missing	212	eb_delta_0.25	target	0.7426963077532587	0.9094650205761317	0.0	6.01085632699148	6.25	112.0	0.8285512727026683	0.8055190850293317	0.18641569716677145	True
development	structural_missing	212	eb_delta_0.25	reference	0.8732962464819392	0.9835390946502057	0.0	5.680172126037715	5.555555555555555	112.0	0.8252763664864522	0.8055190850293317	0.18641569716677145	True
development	structural_missing	212	eb_delta_0.5	target	0.772108740038672	0.9382716049382716	0.0	4.612446638937802	6.25	112.0	0.736853898648618	0.8055190850293317	0.18641569716677145	True
development	structural_missing	212	eb_delta_0.5	reference	0.8892002201741628	0.9876543209876544	0.0	4.361448174032733	5.555555555555555	112.0	0.7663280545945629	0.8055190850293317	0.18641569716677145	True
development	structural_missing	213	hard_z1	target	0.7169453387365672	0.9288461538461539	0.75	13.833333333333334	5.555555555555555	112.0	0.9088466532696559			
development	structural_missing	213	hard_z1	reference	0.8519505696001741	0.9382716049382716	0.6944444444444444	15.722222222222221	6.944444444444445	112.0	0.9216136933859521			
development	structural_missing	213	wald_p05	target	0.8518162812960132	0.9615384615384616	0.9444444444444444	4.861111111111111	5.555555555555555	112.0	0.8487981377105009			
development	structural_missing	213	wald_p05	reference	0.8623418766117983	0.9753086419753086	0.9166666666666666	6.638888888888889	6.944444444444445	112.0	0.792420252407915			
development	structural_missing	213	continuous_sign	target	0.7161234959524541	0.8961538461538462	0.0	20.337270876530052	5.555555555555555	112.0	0.943172990270231			
development	structural_missing	213	continuous_sign	reference	0.8541777815651984	0.934156378600823	0.0	21.493811068922113	6.944444444444445	112.0	0.943172990270231			
development	structural_missing	213	eb_delta_0	target	0.8062694371984105	0.95	0.0	8.040967739066708	5.555555555555555	112.0	0.943172990270231	0.7688746368841608	0.18132494395193513	True
development	structural_missing	213	eb_delta_0	reference	0.8979850838270141	0.9670781893004115	0.0	9.370475960022738	6.944444444444445	112.0	0.9169737405405026	0.7688746368841608	0.18132494395193513	True
development	structural_missing	213	eb_delta_0.1	target	0.8080801160756607	0.95	0.0	7.347334658917585	5.555555555555555	112.0	0.943172990270231	0.7688746368841608	0.18132494395193513	True
development	structural_missing	213	eb_delta_0.1	reference	0.902120286400401	0.97119341563786	0.0	8.677836584485279	6.944444444444445	112.0	0.9136988343242864	0.7688746368841608	0.18132494395193513	True
development	structural_missing	213	eb_delta_0.25	target	0.813770821118447	0.95	0.0	6.325809948907639	5.555555555555555	112.0	0.9398980840540151	0.7688746368841608	0.18132494395193513	True
development	structural_missing	213	eb_delta_0.25	reference	0.9017326111591458	0.9753086419753085	0.0	7.6579002647157965	6.944444444444445	112.0	0.8874995845945578	0.7688746368841608	0.18132494395193513	True
development	structural_missing	213	eb_delta_0.5	target	0.8251522312040197	0.9461538461538461	0.0	4.7428903793393395	5.555555555555555	112.0	0.8973243032432059	0.7688746368841608	0.18132494395193513	True
development	structural_missing	213	eb_delta_0.5	reference	0.9165934954072545	0.9794238683127572	0.0	6.041137596815725	6.944444444444445	112.0	0.8383759913513167	0.7688746368841608	0.18132494395193513	True
development	structural_missing	214	hard_z1	target	0.8676678752923702	0.9384615384615385	0.6666666666666666	15.166666666666666	7.083333333333333	112.0	0.8807303369386861			
development	structural_missing	214	hard_z1	reference	0.7131221742035732	0.8436213991769548	0.6666666666666666	14.777777777777779	5.861111111111111	112.0	0.9008768508661557			
development	structural_missing	214	wald_p05	target	0.8148303965983621	0.9249999999999999	0.8333333333333334	6.055555555555555	7.083333333333333	112.0	0.7949413836293712			
development	structural_missing	214	wald_p05	reference	0.8626458938706137	0.9238683127572016	0.9166666666666666	5.055555555555555	5.861111111111111	112.0	0.6391268355510565			
development	structural_missing	214	continuous_sign	target	0.836690274156943	0.9192307692307692	0.0	21.589200413448424	7.083333333333333	112.0	0.9366231778377989			
development	structural_missing	214	continuous_sign	reference	0.6966005171778716	0.8930041152263375	0.0	20.661314354595696	5.861111111111111	112.0	0.9366231778377989			
development	structural_missing	214	eb_delta_0	target	0.842398813785243	0.9307692307692308	0.0	8.993818013251522	7.083333333333333	112.0	0.9136988343242864	0.7676732697904222	0.1808443711057385	True
development	structural_missing	214	eb_delta_0	reference	0.8457519371047213	0.9341563786008231	0.0	8.243534777103113	5.861111111111111	112.0	0.9005992094594221	0.7676732697904222	0.1808443711057385	True
development	structural_missing	214	eb_delta_0.1	target	0.8491452697095973	0.9307692307692308	0.0	8.308094930190569	7.083333333333333	112.0	0.9038741156756381	0.7676732697904222	0.1808443711057385	True
development	structural_missing	214	eb_delta_0.1	reference	0.8722706197456617	0.9382716049382716	0.0	7.556493011334244	5.861111111111111	112.0	0.8743999597296934	0.7676732697904222	0.1808443711057385	True
development	structural_missing	214	eb_delta_0.25	target	0.8494047487836108	0.9346153846153846	0.0	7.29727444149826	7.083333333333333	112.0	0.8809497721621257	0.7676732697904222	0.1808443711057385	True
development	structural_missing	214	eb_delta_0.25	reference	0.8963314732637832	0.9423868312757202	0.0	6.540979474536715	5.861111111111111	112.0	0.8351010851351005	0.7676732697904222	0.1808443711057385	True
development	structural_missing	214	eb_delta_0.5	target	0.8342252229538137	0.9384615384615385	0.0	5.693653539649378	7.083333333333333	112.0	0.851475616216181	0.7676732697904222	0.1808443711057385	True
development	structural_missing	214	eb_delta_0.5	reference	0.8875350321926421	0.9382716049382716	0.0	4.946715981205493	5.861111111111111	112.0	0.772877867026995	0.7676732697904222	0.1808443711057385	True
development	structural_missing	215	hard_z1	target	0.6302487771709001	0.8236363636363636	0.7222222222222222	15.027777777777779	5.944444444444445	112.0	0.8859938714229304			
development	structural_missing	215	hard_z1	reference	0.6820239477054154	0.9163636363636364	0.7222222222222222	15.13888888888889	6.333333333333333	112.0	0.8605766054840432			
development	structural_missing	215	wald_p05	target	0.8331844351301761	0.9054545454545455	0.8888888888888888	4.888888888888889	5.944444444444445	112.0	0.5649165063209456			
development	structural_missing	215	wald_p05	reference	0.6559781474906833	0.9472727272727273	0.9444444444444444	5.333333333333333	6.333333333333333	112.0	0.5549400751467347			
development	structural_missing	215	continuous_sign	target	0.5745627735253852	0.7963636363636364	0.0	21.0756525163561	5.944444444444445	112.0	0.9169737405405026			
development	structural_missing	215	continuous_sign	reference	0.6727390500264784	0.8981818181818182	0.0	20.55788218895796	6.333333333333333	112.0	0.943172990270231			
development	structural_missing	215	eb_delta_0	target	0.8027569996405586	0.9054545454545455	0.0	7.4190184751558235	5.944444444444445	112.0	0.8351010851351005	0.8001356369384673	0.1948463655954033	True
development	structural_missing	215	eb_delta_0	reference	0.7477039952578847	0.9490909090909091	0.0	7.387600193374952	6.333333333333333	112.0	0.8907744908107738	0.8001356369384673	0.1948463655954033	True
development	structural_missing	215	eb_delta_0.1	target	0.8135001197582893	0.9127272727272727	0.0	6.8291814654126926	5.944444444444445	112.0	0.812176741621588	0.8001356369384673	0.1948463655954033	True
development	structural_missing	215	eb_delta_0.1	reference	0.7532809721522626	0.9527272727272726	0.0	6.798367028848443	6.333333333333333	112.0	0.8678501472972613	0.8001356369384673	0.1948463655954033	True
development	structural_missing	215	eb_delta_0.25	target	0.8321387859866415	0.9272727272727272	0.0	5.957608607028417	5.944444444444445	112.0	0.7827025856756432	0.8001356369384673	0.1948463655954033	True
development	structural_missing	215	eb_delta_0.25	reference	0.7707900856578679	0.9709090909090909	0.0	5.928805062100973	6.333333333333333	112.0	0.81872655405402	0.8001356369384673	0.1948463655954033	True
development	structural_missing	215	eb_delta_0.5	target	0.8621677482434313	0.9418181818181818	0.0	4.5917439466763	5.944444444444445	112.0	0.6844553991891609	0.8001356369384673	0.1948463655954033	True
development	structural_missing	215	eb_delta_0.5	reference	0.7723464513028105	0.9709090909090909	0.0	4.538980570626531	6.333333333333333	112.0	0.7106546489188894	0.8001356369384673	0.1948463655954033	True
development	structural_missing	216	hard_z1	target	0.7661188472454072	0.9818181818181818	0.8055555555555556	15.472222222222221	6.138888888888889	112.0	0.8826553880322685			
development	structural_missing	216	hard_z1	reference	0.5891234651856937	0.8403846153846154	0.7777777777777778	15.5	6.75	112.0	0.848476396635457			
development	structural_missing	216	wald_p05	target	0.8054906575971112	0.8999999999999999	0.9722222222222222	5.138888888888889	6.138888888888889	112.0	0.5460104979424275			
development	structural_missing	216	wald_p05	reference	0.7780689476641763	0.9365384615384614	0.9166666666666666	6.111111111111111	6.75	112.0	0.5783675237868686			
development	structural_missing	216	continuous_sign	target	0.7238965705294251	0.9636363636363636	0.0	21.782666216456605	6.138888888888889	112.0	0.9267984591891507			
development	structural_missing	216	continuous_sign	reference	0.6033637053510267	0.8769230769230769	0.0	20.895071429168947	6.75	112.0	0.9169737405405026			
development	structural_missing	216	eb_delta_0	target	0.8171688559233381	0.9781818181818182	0.0	8.084285035040741	6.138888888888889	112.0	0.8678501472972613	0.7826348997192352	0.19379952898964	True
development	structural_missing	216	eb_delta_0	reference	0.7776544202372226	0.9423076923076923	0.0	8.483765578814879	6.75	112.0	0.812176741621588	0.7826348997192352	0.19379952898964	True
development	structural_missing	216	eb_delta_0.1	target	0.8171688559233381	0.9781818181818182	0.0	7.4222620821035274	6.138888888888889	112.0	0.858025428648613	0.7826348997192352	0.19379952898964	True
development	structural_missing	216	eb_delta_0.1	reference	0.7956132114671568	0.9423076923076923	0.0	7.826082936180403	6.75	112.0	0.7663280545945629	0.7826348997192352	0.19379952898964	True
development	structural_missing	216	eb_delta_0.25	target	0.8331028713447982	0.9745454545454546	0.0	6.43786036207796	6.138888888888889	112.0	0.812176741621588	0.7826348997192352	0.19379952898964	True
development	structural_missing	216	eb_delta_0.25	reference	0.8242955974602891	0.95	0.0	6.859850602067567	6.75	112.0	0.6975550240540251	0.7826348997192352	0.19379952898964	True
development	structural_missing	216	eb_delta_0.5	target	0.853830045876779	0.9672727272727273	0.0	4.887238176445287	6.138888888888889	112.0	0.7532284297296985	0.7826348997192352	0.19379952898964	True
development	structural_missing	216	eb_delta_0.5	reference	0.8355359919711113	0.95	0.0	5.3347071400528305	6.75	112.0	0.5894831189188945	0.7826348997192352	0.19379952898964	True
development	structural_missing	217	hard_z1	target	0.6191165810482566	0.7777777777777778	0.8055555555555556	14.805555555555555	5.166666666666667	112.0	0.8878640823593468			
development	structural_missing	217	hard_z1	reference	0.8458739826766217	0.9288194444444444	0.6388888888888888	14.277777777777779	5.027777777777778	112.0	0.8845246002956015			
development	structural_missing	217	wald_p05	target	0.6992704117369543	0.779513888888889	0.8888888888888888	4.638888888888889	5.166666666666667	112.0	0.42226980051128304			
development	structural_missing	217	wald_p05	reference	0.8694030593085131	0.9479166666666666	0.8888888888888888	4.416666666666667	5.027777777777778	112.0	0.8036172334302408			
development	structural_missing	217	continuous_sign	target	0.6054865867303532	0.7847222222222222	0.0	20.809778459684605	5.166666666666667	112.0	0.9235235529729348			
development	structural_missing	217	continuous_sign	reference	0.8565085085934686	0.9444444444444444	0.0	20.23675760069183	5.027777777777778	112.0	0.9366231778377989			
development	structural_missing	217	eb_delta_0	target	0.7122914689310247	0.8333333333333334	0.0	6.371766314648837	5.166666666666667	112.0	0.851475616216181	0.8296795620608701	0.18139063107002074	True
development	structural_missing	217	eb_delta_0	reference	0.8957171621822013	0.9409722222222222	0.0	6.392803427045988	5.027777777777778	112.0	0.9071490218918543	0.8296795620608701	0.18139063107002074	True
development	structural_missing	217	eb_delta_0.1	target	0.7445271242861367	0.8541666666666666	0.0	5.861595743567407	5.166666666666667	112.0	0.8220014602702361	0.8296795620608701	0.18139063107002074	True
development	structural_missing	217	eb_delta_0.1	reference	0.9055516759536326	0.951388888888889	0.0	5.886372638392041	5.027777777777778	112.0	0.8907744908107738	0.8296795620608701	0.18139063107002074	True
development	structural_missing	217	eb_delta_0.25	target	0.7889320631889611	0.8819444444444444	0.0	5.102226342253306	5.166666666666667	112.0	0.7270291799999699	0.8296795620608701	0.18139063107002074	True
development	structural_missing	217	eb_delta_0.25	reference	0.9037400549957373	0.9479166666666666	0.0	5.144696352929279	5.027777777777778	112.0	0.8678501472972613	0.8296795620608701	0.18139063107002074	True
development	structural_missing	217	eb_delta_0.5	target	0.8373502764532658	0.8993055555555555	0.0	3.8966824164484026	5.166666666666667	112.0	0.6058576499999748	0.8296795620608701	0.18139063107002074	True
development	structural_missing	217	eb_delta_0.5	reference	0.9118923493062658	0.9583333333333333	0.0	3.985039513234467	5.027777777777778	112.0	0.8416508975675326	0.8296795620608701	0.18139063107002074	True
development	structural_missing	218	hard_z1	target	0.6945657111077248	0.8236363636363636	0.75	14.5	6.0	112.0	0.7775735858776177			
development	structural_missing	218	hard_z1	reference	0.5457172441120719	0.7269841269841271	0.6666666666666666	14.055555555555555	4.944444444444445	112.0	0.8797720609692247			
development	structural_missing	218	wald_p05	target	0.8468702933977975	0.889090909090909	0.9722222222222222	5.305555555555555	6.0	112.0	0.6261120763920617			
development	structural_missing	218	wald_p05	reference	0.7591255003429532	0.8587301587301588	0.9166666666666666	4.638888888888889	4.944444444444445	112.0	0.5035542490904782			
development	structural_missing	218	continuous_sign	target	0.7168633447726996	0.850909090909091	0.0	20.480586183929486	6.0	112.0	0.9235235529729348			
development	structural_missing	218	continuous_sign	reference	0.546427198161159	0.7079365079365079	0.0	20.070544012433604	4.944444444444445	112.0	0.9267984591891507			
development	structural_missing	218	eb_delta_0	target	0.8500948938733639	0.8945454545454545	0.0	7.925169036473682	6.0	112.0	0.8482007099999648	0.7904422809504914	0.17060305343020823	True
development	structural_missing	218	eb_delta_0	reference	0.6638338017546653	0.7714285714285715	0.0	7.355080160344149	4.944444444444445	112.0	0.8678501472972613	0.7904422809504914	0.17060305343020823	True
development	structural_missing	218	eb_delta_0.1	target	0.866005069154317	0.9054545454545455	0.0	7.317285876091743	6.0	112.0	0.8285512727026683	0.7904422809504914	0.17060305343020823	True
development	structural_missing	218	eb_delta_0.1	reference	0.6716176649763343	0.7777777777777778	0.0	6.746215931906462	4.944444444444445	112.0	0.854750522432397	0.7904422809504914	0.17060305343020823	True
development	structural_missing	218	eb_delta_0.25	target	0.871049758877546	0.9090909090909091	0.0	6.4212846149945895	6.0	112.0	0.8056269291891558	0.7904422809504914	0.17060305343020823	True
development	structural_missing	218	eb_delta_0.25	reference	0.7093694016014287	0.7968253968253968	0.0	5.848641884222671	4.944444444444445	112.0	0.812176741621588	0.7904422809504914	0.17060305343020823	True
development	structural_missing	218	eb_delta_0.5	target	0.8702736527662801	0.9054545454545455	0.0	5.003274583739579	6.0	112.0	0.7008299302702411	0.7904422809504914	0.17060305343020823	True
development	structural_missing	218	eb_delta_0.5	reference	0.7524401114279968	0.834920634920635	0.0	4.4611937889356685	4.944444444444445	112.0	0.7073797427026733	0.7904422809504914	0.17060305343020823	True
development	structural_missing	219	hard_z1	target	0.7451067404349442	0.7801857585139319	0.7222222222222222	14.5	6.111111111111111	112.0	0.8302090721111162			
development	structural_missing	219	hard_z1	reference	0.8147430656775198	0.9362139917695473	0.5833333333333334	14.527777777777779	6.777777777777778	112.0	0.8067178260046388			
development	structural_missing	219	wald_p05	target	0.8932625291949524	0.9613003095975232	0.9444444444444444	4.972222222222222	6.111111111111111	112.0	0.7240391469070819			
development	structural_missing	219	wald_p05	reference	0.9271061686086279	0.9506172839506173	0.9166666666666666	5.277777777777778	6.777777777777778	112.0	0.6065772919657473			
development	structural_missing	219	continuous_sign	target	0.7339361705558606	0.7956656346749226	0.0	20.376192843505986	6.111111111111111	112.0	0.9071490218918543			
development	structural_missing	219	continuous_sign	reference	0.7750074292271835	0.934156378600823	0.0	20.614947892143626	6.777777777777778	112.0	0.9202486467567186			
development	structural_missing	219	eb_delta_0	target	0.8597463729815862	0.9071207430340558	0.0	7.327745474753842	6.111111111111111	112.0	0.8842246783783417	0.7970087554076967	0.18331574694380887	True
development	structural_missing	219	eb_delta_0	reference	0.8980922764541458	0.9465020576131687	0.0	7.851488514721268	6.777777777777778	112.0	0.8285512727026683	0.7970087554076967	0.18331574694380887	True
development	structural_missing	219	eb_delta_0.1	target	0.8624757265466071	0.9102167182662538	0.0	6.722158549623822	6.111111111111111	112.0	0.8776748659459096	0.7970087554076967	0.18331574694380887	True
development	structural_missing	219	eb_delta_0.1	reference	0.9077992833332438	0.9547325102880658	0.0	7.248553977466555	6.777777777777778	112.0	0.7990771167567237	0.7970087554076967	0.18331574694380887	True
development	structural_missing	219	eb_delta_0.25	target	0.8896392929794342	0.934984520123839	0.0	5.824972096502651	6.111111111111111	112.0	0.8351010851351005	0.7970087554076967	0.18331574694380887	True
development	structural_missing	219	eb_delta_0.25	reference	0.9279898576417677	0.9711934156378601	0.0	6.36541965523617	6.777777777777778	112.0	0.772877867026995	0.7970087554076967	0.18331574694380887	True
development	structural_missing	219	eb_delta_0.5	target	0.8999068611526081	0.9473684210526316	0.0	4.40310967535948	6.111111111111111	112.0	0.7794276794594271	0.7970087554076967	0.18331574694380887	True
development	structural_missing	219	eb_delta_0.5	reference	0.9386028518295813	0.9753086419753086	0.0	5.003529577691754	6.777777777777778	112.0	0.736853898648618	0.7970087554076967	0.18331574694380887	True
development	structural_missing	220	hard_z1	target	0.6349126222943394	0.8826923076923077	0.8055555555555556	14.944444444444445	6.361111111111111	112.0	0.7988287979586494			
development	structural_missing	220	hard_z1	reference	0.6955170950929968	0.8662551440329218	0.6388888888888888	15.833333333333334	6.388888888888889	112.0	0.7971884924186934			
development	structural_missing	220	wald_p05	target	0.7344451208724183	0.8711538461538463	0.9722222222222222	5.694444444444445	6.361111111111111	112.0	0.7405211574961607			
development	structural_missing	220	wald_p05	reference	0.7934598047843225	0.9506172839506173	0.9166666666666666	5.833333333333333	6.388888888888889	112.0	0.6371198570271523			
development	structural_missing	220	continuous_sign	target	0.5960232951475324	0.8769230769230769	0.0	20.79804280246829	6.361111111111111	112.0	0.8842246783783417			
development	structural_missing	220	continuous_sign	reference	0.75419416217201	0.9012345679012346	0.0	21.361834964301774	6.388888888888889	112.0	0.9235235529729348			
development	structural_missing	220	eb_delta_0	target	0.665511899032514	0.8653846153846154	0.0	8.288574259491847	6.361111111111111	112.0	0.8383759913513167	0.7756597702200141	0.1858186828970482	True
development	structural_missing	220	eb_delta_0	reference	0.808695460883683	0.9382716049382716	0.0	8.393614549113302	6.388888888888889	112.0	0.8318261789188844	0.7756597702200141	0.1858186828970482	True
development	structural_missing	220	eb_delta_0.1	target	0.6709467619061996	0.8538461538461538	0.0	7.624696029209872	6.361111111111111	112.0	0.8056269291891558	0.7756597702200141	0.1858186828970482	True
development	structural_missing	220	eb_delta_0.1	reference	0.8137562957640528	0.9465020576131687	0.0	7.728486633004623	6.388888888888889	112.0	0.8220014602702361	0.7756597702200141	0.1858186828970482	True
development	structural_missing	220	eb_delta_0.25	target	0.6845339190904138	0.8538461538461539	0.0	6.6434810091384335	6.361111111111111	112.0	0.776152773243211	0.7756597702200141	0.1858186828970482	True
development	structural_missing	220	eb_delta_0.25	reference	0.8119395858069969	0.9506172839506173	0.0	6.741231059894471	6.388888888888889	112.0	0.7958022105405077	0.7756597702200141	0.1858186828970482	True
development	structural_missing	220	eb_delta_0.5	target	0.6956624478317702	0.8423076923076923	0.0	5.088055691408921	6.361111111111111	112.0	0.7073797427026733	0.7756597702200141	0.1858186828970482	True
development	structural_missing	220	eb_delta_0.5	reference	0.8140158257579178	0.9588477366255144	0.0	5.15840955598598	6.388888888888889	112.0	0.7172044613513217	0.7756597702200141	0.1858186828970482	True
development	structural_missing	221	hard_z1	target	0.6966916278625521	0.9027777777777778	0.75	15.472222222222221	5.972222222222222	112.0	0.8711147525021431			
development	structural_missing	221	hard_z1	reference	0.8626140531860084	0.98	0.6944444444444444	15.444444444444445	6.444444444444445	112.0	0.8785232710410036			
development	structural_missing	221	wald_p05	target	0.8731124475109001	0.9305555555555555	0.8888888888888888	5.333333333333333	5.972222222222222	112.0	0.8262660879085754			
development	structural_missing	221	wald_p05	reference	0.9162998140264239	0.9727272727272727	0.9444444444444444	5.055555555555555	6.444444444444445	112.0	0.7029113710809255			
development	structural_missing	221	continuous_sign	target	0.7675149079659135	0.9270833333333333	0.0	20.95461718723737	5.972222222222222	112.0	0.9267984591891507			
development	structural_missing	221	continuous_sign	reference	0.8064906096949735	0.9381818181818182	0.0	21.245338197825482	6.444444444444445	112.0	0.9267984591891507			
development	structural_missing	221	eb_delta_0	target	0.8441108739584592	0.9583333333333334	0.0	8.382312719103082	5.972222222222222	112.0	0.9235235529729348	0.7787826754671121	0.1853020799073142	True
development	structural_missing	221	eb_delta_0	reference	0.884000519324476	0.9709090909090909	0.0	8.43635015279914	6.444444444444445	112.0	0.8874995845945578	0.7787826754671121	0.1853020799073142	True
development	structural_missing	221	eb_delta_0.1	target	0.8479989940596037	0.9548611111111112	0.0	7.713052118214936	5.972222222222222	112.0	0.9136988343242864	0.7787826754671121	0.1853020799073142	True
development	structural_missing	221	eb_delta_0.1	reference	0.8927849757491529	0.9709090909090909	0.0	7.766209633010937	6.444444444444445	112.0	0.8776748659459096	0.7787826754671121	0.1853020799073142	True
development	structural_missing	221	eb_delta_0.25	target	0.8619962264237236	0.9618055555555555	0.0	6.725607692632866	5.972222222222222	112.0	0.8874995845945578	0.7787826754671121	0.1853020799073142	True
development	structural_missing	221	eb_delta_0.25	reference	0.9028612640009882	0.9745454545454545	0.0	6.777662838052412	6.444444444444445	112.0	0.8482007099999648	0.7787826754671121	0.1853020799073142	True
development	structural_missing	221	eb_delta_0.5	target	0.895174851286823	0.9618055555555555	0.0	5.169879284710962	5.972222222222222	112.0	0.8351010851351005	0.7787826754671121	0.1853020799073142	True
development	structural_missing	221	eb_delta_0.5	reference	0.9144877504454136	0.9781818181818182	0.0	5.237888359958306	6.444444444444445	112.0	0.7990771167567237	0.7787826754671121	0.1853020799073142	True
development	structural_missing	222	hard_z1	target	0.8580320801809249	0.9876543209876543	0.6388888888888888	14.694444444444445	6.166666666666667	112.0	0.8821995886793685			
development	structural_missing	222	hard_z1	reference	0.8345521631064003	0.9835390946502057	0.7222222222222222	15.222222222222221	6.472222222222222	112.0	0.8068219522168835			
development	structural_missing	222	wald_p05	target	0.9110881913560963	0.9629629629629629	0.8611111111111112	5.638888888888889	6.166666666666667	112.0	0.7442590735943034			
development	structural_missing	222	wald_p05	reference	0.861727841573555	0.9958847736625515	0.9444444444444444	5.833333333333333	6.472222222222222	112.0	0.6454636213472721			
development	structural_missing	222	continuous_sign	target	0.8262020723811037	0.9588477366255144	0.0	20.088856380534327	6.166666666666667	112.0	0.9235235529729348			
development	structural_missing	222	continuous_sign	reference	0.8144123779850326	0.9588477366255144	0.0	21.328589386971505	6.472222222222222	112.0	0.8842246783783417			
development	structural_missing	222	eb_delta_0	target	0.9180453609150256	0.9917695473251029	0.0	8.348563408185251	6.166666666666667	112.0	0.8940493970269899	0.7729278493589652	0.18265064018269048	True
development	structural_missing	222	eb_delta_0	reference	0.8835532698521242	0.9917695473251029	0.0	8.59984962527349	6.472222222222222	112.0	0.8252763664864522	0.7729278493589652	0.18265064018269048	True
development	structural_missing	222	eb_delta_0.1	target	0.9248916257424488	0.9917695473251029	0.0	7.6764041904106115	6.166666666666667	112.0	0.8809497721621257	0.7729278493589652	0.18265064018269048	True
development	structural_missing	222	eb_delta_0.1	reference	0.8913219093877526	0.9917695473251029	0.0	7.922787146229715	6.472222222222222	112.0	0.812176741621588	0.7729278493589652	0.18265064018269048	True
development	structural_missing	222	eb_delta_0.25	target	0.9353547851956804	0.9958847736625515	0.0	6.694541080110229	6.166666666666667	112.0	0.858025428648613	0.7729278493589652	0.18265064018269048	True
development	structural_missing	222	eb_delta_0.25	reference	0.8992200262489747	1.0	0.0	6.918562377340467	6.472222222222222	112.0	0.7925273043242915	0.7729278493589652	0.18265064018269048	True
development	structural_missing	222	eb_delta_0.5	target	0.9389716798214889	0.9794238683127572	0.0	5.165155653279026	6.166666666666667	112.0	0.8023520229729396	0.7729278493589652	0.18265064018269048	True
development	structural_missing	222	eb_delta_0.5	reference	0.8999968902025375	1.0	0.0	5.3314165166416405	6.472222222222222	112.0	0.733578992432402	0.7729278493589652	0.18265064018269048	True
development	structural_missing	223	hard_z1	target	0.6613910221362754	0.7692307692307692	0.8333333333333334	14.333333333333334	4.861111111111111	112.0	0.8515385542009275			
development	structural_missing	223	hard_z1	reference	0.7330431256243115	0.8461538461538463	0.7222222222222222	15.027777777777779	5.722222222222222	112.0	0.8740571149016236			
development	structural_missing	223	wald_p05	target	0.8086912160327263	0.9214046822742474	0.8611111111111112	4.388888888888889	4.861111111111111	112.0	0.5553349224442857			
development	structural_missing	223	wald_p05	reference	0.792671622619206	0.8730769230769232	0.8888888888888888	4.805555555555555	5.722222222222222	112.0	0.6108601786441775			
development	structural_missing	223	continuous_sign	target	0.6553908202684479	0.7591973244147158	0.0	19.51233684663297	4.861111111111111	112.0	0.8809497721621257			
development	structural_missing	223	continuous_sign	reference	0.7500559375979002	0.8576923076923078	0.0	20.92195021445839	5.722222222222222	112.0	0.943172990270231			
development	structural_missing	223	eb_delta_0	target	0.7771879639795813	0.8294314381270904	0.0	6.754088476497692	4.861111111111111	112.0	0.8056269291891558	0.8118266044590294	0.1785646797049634	True
development	structural_missing	223	eb_delta_0	reference	0.8536055422197406	0.9153846153846155	0.0	7.1916509694267985	5.722222222222222	112.0	0.851475616216181	0.8118266044590294	0.1785646797049634	True
development	structural_missing	223	eb_delta_0.1	target	0.7909665095861772	0.8461538461538463	0.0	6.200972478642374	4.861111111111111	112.0	0.7859774918918592	0.8118266044590294	0.1785646797049634	True
development	structural_missing	223	eb_delta_0.1	reference	0.8634304734947217	0.9230769230769231	0.0	6.6347064020461595	5.722222222222222	112.0	0.8351010851351005	0.8118266044590294	0.1785646797049634	True
development	structural_missing	223	eb_delta_0.25	target	0.8033152061203902	0.8662207357859533	0.0	5.391696315069584	4.861111111111111	112.0	0.7434037110810502	0.8118266044590294	0.1785646797049634	True
development	structural_missing	223	eb_delta_0.25	reference	0.8583887324457182	0.923076923076923	0.0	5.81003137271089	5.722222222222222	112.0	0.8023520229729396	0.8118266044590294	0.1785646797049634	True
development	structural_missing	223	eb_delta_0.5	target	0.8307423110542742	0.8963210702341138	0.0	4.110151815321541	4.861111111111111	112.0	0.6451565245945678	0.8118266044590294	0.1785646797049634	True
development	structural_missing	223	eb_delta_0.5	reference	0.8573545291536149	0.926923076923077	0.0	4.51673956486755	5.722222222222222	112.0	0.7303040862161859	0.8118266044590294	0.1785646797049634	True
development	structural_missing	224	hard_z1	target	0.8000788092155523	0.9392361111111112	0.6944444444444444	14.88888888888889	6.222222222222222	112.0	0.7971455196047975			
development	structural_missing	224	hard_z1	reference	0.7297908797393391	0.8559670781893005	0.8333333333333334	13.75	5.75	112.0	0.8583788065313076			
development	structural_missing	224	wald_p05	target	0.8285480169645287	0.9687500000000001	0.9166666666666666	5.111111111111111	6.222222222222222	112.0	0.6922893006130811			
development	structural_missing	224	wald_p05	reference	0.8336555439308577	0.9670781893004116	0.9166666666666666	4.75	5.75	112.0	0.6128785268535425			
development	structural_missing	224	continuous_sign	target	0.7600854709988117	0.8958333333333335	0.0	20.913994131394986	6.222222222222222	112.0	0.9300733654053668			
development	structural_missing	224	continuous_sign	reference	0.6206739450405979	0.8395061728395061	0.0	19.452457768836634	5.75	112.0	0.9267984591891507			
development	structural_missing	224	eb_delta_0	target	0.8782059875982867	0.9548611111111112	0.0	7.850034464156156	6.222222222222222	112.0	0.8678501472972613	0.7918616886959784	0.17504574228135672	True
development	structural_missing	224	eb_delta_0	reference	0.8120397621256484	0.9300411522633745	0.0	7.511730201617714	5.75	112.0	0.8613003348648292	0.7918616886959784	0.17504574228135672	True
development	structural_missing	224	eb_delta_0.1	target	0.8805347601051767	0.9583333333333334	0.0	7.2363416250202	6.222222222222222	112.0	0.8613003348648292	0.7918616886959784	0.17504574228135672	True
development	structural_missing	224	eb_delta_0.1	reference	0.8282572042515003	0.9382716049382716	0.0	6.902587943276323	5.75	112.0	0.8482007099999648	0.7918616886959784	0.17504574228135672	True
development	structural_missing	224	eb_delta_0.25	target	0.8972242964045548	0.9756944444444444	0.0	6.326860988680031	6.222222222222222	112.0	0.8220014602702361	0.7918616886959784	0.17504574228135672	True
development	structural_missing	224	eb_delta_0.25	reference	0.8523887581347677	0.9506172839506173	0.0	6.013655944427956	5.75	112.0	0.7990771167567237	0.7918616886959784	0.17504574228135672	True
development	structural_missing	224	eb_delta_0.5	target	0.9082212776870908	0.982638888888889	0.0	4.9030393884137045	6.222222222222222	112.0	0.7630531483783467	0.7918616886959784	0.17504574228135672	True
development	structural_missing	224	eb_delta_0.5	reference	0.8923485355328663	0.9711934156378601	0.0	4.625298270161563	5.75	112.0	0.7270291799999699	0.7918616886959784	0.17504574228135672	True
development	global_null_imbalanced_opportunity	201	hard_z1	target			0.5555555555555556	17.97222222222222	0.0	112.0	0.9151287286293973			
development	global_null_imbalanced_opportunity	201	hard_z1	reference			0.6666666666666666	16.583333333333332	0.0	112.0	0.9384365835584713			
development	global_null_imbalanced_opportunity	201	wald_p05	target			0.9444444444444444	2.5833333333333335	0.0	112.0	0.7525595334008318			
development	global_null_imbalanced_opportunity	201	wald_p05	reference			0.9722222222222222	2.8333333333333335	0.0	112.0	0.7896163262050383			
development	global_null_imbalanced_opportunity	201	continuous_sign	target			0.0	28.24915751894108	0.0	112.0	0.9398980840540151			
development	global_null_imbalanced_opportunity	201	continuous_sign	reference			0.0	27.124515323982504	0.0	112.0	0.943172990270231			
development	global_null_imbalanced_opportunity	201	eb_delta_0	target			0.0	0.004992030421073827	0.0	112.0	0.9104239281080704	0.9999	0.13097546552361547	True
development	global_null_imbalanced_opportunity	201	eb_delta_0	reference			0.0	0.004929762334664616	0.0	112.0	0.9398980840540151	0.9999	0.13097546552361547	True
development	global_null_imbalanced_opportunity	201	eb_delta_0.1	target			0.0	0.004545530058493191	0.0	112.0	0.8940493970269899	0.9999	0.13097546552361547	True
development	global_null_imbalanced_opportunity	201	eb_delta_0.1	reference			0.0	0.004484269990371153	0.0	112.0	0.9398980840540151	0.9999	0.13097546552361547	True
development	global_null_imbalanced_opportunity	201	eb_delta_0.25	target			0.0	0.003885271791098454	0.0	112.0	0.8743999597296934	0.9999	0.13097546552361547	True
development	global_null_imbalanced_opportunity	201	eb_delta_0.25	reference			0.0	0.0038282760536606114	0.0	112.0	0.933348271621583	0.9999	0.13097546552361547	True
development	global_null_imbalanced_opportunity	201	eb_delta_0.5	target			0.0	0.0028540618636795495	0.0	112.0	0.8252763664864522	0.9999	0.13097546552361547	True
development	global_null_imbalanced_opportunity	201	eb_delta_0.5	reference			0.0	0.0028056310333763102	0.0	112.0	0.9136988343242864	0.9999	0.13097546552361547	True
development	global_null_imbalanced_opportunity	202	hard_z1	target			0.6111111111111112	18.5	0.0	112.0	0.9326715930080066			
development	global_null_imbalanced_opportunity	202	hard_z1	reference			0.6388888888888888	18.333333333333332	0.0	112.0	0.9098996458408067			
development	global_null_imbalanced_opportunity	202	wald_p05	target			0.9444444444444444	2.861111111111111	0.0	112.0	0.7801560468156055			
development	global_null_imbalanced_opportunity	202	wald_p05	reference			0.9722222222222222	2.6666666666666665	0.0	112.0	0.6190103744689255			
development	global_null_imbalanced_opportunity	202	continuous_sign	target			0.0	28.1332148225706	0.0	112.0	0.943172990270231			
development	global_null_imbalanced_opportunity	202	continuous_sign	reference			0.0	28.185793051746742	0.0	112.0	0.943172990270231			
development	global_null_imbalanced_opportunity	202	eb_delta_0	target			0.0	0.005290356158418718	0.0	112.0	0.943172990270231	0.9999	0.13053566079611778	True
development	global_null_imbalanced_opportunity	202	eb_delta_0	reference			0.0	0.005236137395862482	0.0	112.0	0.854750522432397	0.9999	0.13053566079611778	True
development	global_null_imbalanced_opportunity	202	eb_delta_0.1	target			0.0	0.004844172977702217	0.0	112.0	0.943172990270231	0.9999	0.13053566079611778	True
development	global_null_imbalanced_opportunity	202	eb_delta_0.1	reference			0.0	0.004789880666111449	0.0	112.0	0.8318261789188844	0.9999	0.13053566079611778	True
development	global_null_imbalanced_opportunity	202	eb_delta_0.25	target			0.0	0.004182726092640573	0.0	112.0	0.9202486467567186	0.9999	0.13053566079611778	True
development	global_null_imbalanced_opportunity	202	eb_delta_0.25	reference			0.0	0.004128649792996663	0.0	112.0	0.776152773243211	0.9999	0.13053566079611778	True
development	global_null_imbalanced_opportunity	202	eb_delta_0.5	target			0.0	0.0031310379048545807	0.0	112.0	0.8940493970269899	0.9999	0.13053566079611778	True
development	global_null_imbalanced_opportunity	202	eb_delta_0.5	reference			0.0	0.0030852729349681255	0.0	112.0	0.7303040862161859	0.9999	0.13053566079611778	True
development	global_null_imbalanced_opportunity	203	hard_z1	target			0.6944444444444444	17.25	0.0	112.0	0.9169900128771985			
development	global_null_imbalanced_opportunity	203	hard_z1	reference			0.5555555555555556	17.416666666666668	0.0	112.0	0.9138272325910289			
development	global_null_imbalanced_opportunity	203	wald_p05	target			0.9722222222222222	2.4722222222222223	0.0	112.0	0.6833333333333332			
development	global_null_imbalanced_opportunity	203	wald_p05	reference			0.9166666666666666	2.3055555555555554	0.0	112.0	0.5138131162451045			
development	global_null_imbalanced_opportunity	203	continuous_sign	target			0.0	27.99829785707997	0.0	112.0	0.943172990270231			
development	global_null_imbalanced_opportunity	203	continuous_sign	reference			0.0	27.31232885963017	0.0	112.0	0.943172990270231			
development	global_null_imbalanced_opportunity	203	eb_delta_0	target			0.0	0.004717998952944272	0.0	112.0	0.943172990270231	0.9999	0.12761291769931987	True
development	global_null_imbalanced_opportunity	203	eb_delta_0	reference			0.0	0.004964096731663918	0.0	112.0	0.8678501472972613	0.9999	0.12761291769931987	True
development	global_null_imbalanced_opportunity	203	eb_delta_0.1	target			0.0	0.004271828493823151	0.0	112.0	0.9366231778377989	0.9999	0.12761291769931987	True
development	global_null_imbalanced_opportunity	203	eb_delta_0.1	reference			0.0	0.004518331169376475	0.0	112.0	0.8645752410810451	0.9999	0.12761291769931987	True
development	global_null_imbalanced_opportunity	203	eb_delta_0.25	target			0.0	0.0036132652205081387	0.0	112.0	0.9366231778377989	0.9999	0.12761291769931987	True
development	global_null_imbalanced_opportunity	203	eb_delta_0.25	reference			0.0	0.0038613878449099545	0.0	112.0	0.8416508975675326	0.9999	0.12761291769931987	True
development	global_null_imbalanced_opportunity	203	eb_delta_0.5	target			0.0	0.0025894469238711046	0.0	112.0	0.9071490218918543	0.9999	0.12761291769931987	True
development	global_null_imbalanced_opportunity	203	eb_delta_0.5	reference			0.0	0.0028367062736429577	0.0	112.0	0.7958022105405077	0.9999	0.12761291769931987	True
development	global_null_imbalanced_opportunity	204	hard_z1	target			0.5555555555555556	17.305555555555557	0.0	112.0	0.8812994680720319			
development	global_null_imbalanced_opportunity	204	hard_z1	reference			0.7222222222222222	17.52777777777778	0.0	112.0	0.9267127900344847			
development	global_null_imbalanced_opportunity	204	wald_p05	target			0.9444444444444444	2.5833333333333335	0.0	112.0	0.6466614261303246			
development	global_null_imbalanced_opportunity	204	wald_p05	reference			0.9166666666666666	2.4722222222222223	0.0	112.0	0.6574591129667291			
development	global_null_imbalanced_opportunity	204	continuous_sign	target			0.0	26.880798685570724	0.0	112.0	0.943172990270231			
development	global_null_imbalanced_opportunity	204	continuous_sign	reference			0.0	27.79220310248389	0.0	112.0	0.943172990270231			
development	global_null_imbalanced_opportunity	204	eb_delta_0	target			0.0	0.004988830349122887	0.0	112.0	0.9202486467567186	0.9999	0.13076914343784213	True
development	global_null_imbalanced_opportunity	204	eb_delta_0	reference			0.0	0.004951983708174798	0.0	112.0	0.8842246783783417	0.9999	0.13076914343784213	True
development	global_null_imbalanced_opportunity	204	eb_delta_0.1	target			0.0	0.0045433250483289484	0.0	112.0	0.9202486467567186	0.9999	0.13076914343784213	True
development	global_null_imbalanced_opportunity	204	eb_delta_0.1	reference			0.0	0.004505620529639762	0.0	112.0	0.8613003348648292	0.9999	0.13076914343784213	True
development	global_null_imbalanced_opportunity	204	eb_delta_0.25	target			0.0	0.003887744344073296	0.0	112.0	0.9136988343242864	0.9999	0.13076914343784213	True
development	global_null_imbalanced_opportunity	204	eb_delta_0.25	reference			0.0	0.0038461813736468944	0.0	112.0	0.7990771167567237	0.9999	0.13076914343784213	True
development	global_null_imbalanced_opportunity	204	eb_delta_0.5	target			0.0	0.002863661108942552	0.0	112.0	0.8842246783783417	0.9999	0.13076914343784213	True
development	global_null_imbalanced_opportunity	204	eb_delta_0.5	reference			0.0	0.0028158927057359583	0.0	112.0	0.7597782421621307	0.9999	0.13076914343784213	True
development	global_null_imbalanced_opportunity	205	hard_z1	target			0.6666666666666666	17.0	0.0	112.0	0.9412315314162779			
development	global_null_imbalanced_opportunity	205	hard_z1	reference			0.6111111111111112	17.38888888888889	0.0	112.0	0.9282331325853956			
development	global_null_imbalanced_opportunity	205	wald_p05	target			1.0	2.6944444444444446	0.0	112.0	0.7687346800712926			
development	global_null_imbalanced_opportunity	205	wald_p05	reference			1.0	2.9722222222222223	0.0	112.0	0.6260420388906931			
development	global_null_imbalanced_opportunity	205	continuous_sign	target			0.0	27.85049667545401	0.0	112.0	0.943172990270231			
development	global_null_imbalanced_opportunity	205	continuous_sign	reference			0.0	27.31183710091345	0.0	112.0	0.943172990270231			
development	global_null_imbalanced_opportunity	205	eb_delta_0	target			0.0	0.004927695959446607	0.0	112.0	0.9398980840540151	0.9999	0.12937331944999103	True
development	global_null_imbalanced_opportunity	205	eb_delta_0	reference			0.0	0.0051781162729504825	0.0	112.0	0.8809497721621257	0.9999	0.12937331944999103	True
development	global_null_imbalanced_opportunity	205	eb_delta_0.1	target			0.0	0.00448142462843144	0.0	112.0	0.9398980840540151	0.9999	0.12937331944999103	True
development	global_null_imbalanced_opportunity	205	eb_delta_0.1	reference			0.0	0.004732481895107273	0.0	112.0	0.8711250535134775	0.9999	0.12937331944999103	True
development	global_null_imbalanced_opportunity	205	eb_delta_0.25	target			0.0	0.003822357900941758	0.0	112.0	0.9398980840540151	0.9999	0.12937331944999103	True
development	global_null_imbalanced_opportunity	205	eb_delta_0.25	reference			0.0	0.004076092274647957	0.0	112.0	0.851475616216181	0.9999	0.12937331944999103	True
development	global_null_imbalanced_opportunity	205	eb_delta_0.5	target			0.0	0.0027932297415581126	0.0	112.0	0.9169737405405026	0.9999	0.12937331944999103	True
development	global_null_imbalanced_opportunity	205	eb_delta_0.5	reference			0.0	0.0030495033724607674	0.0	112.0	0.815451647837804	0.9999	0.12937331944999103	True
development	global_null_imbalanced_opportunity	206	hard_z1	target			0.6944444444444444	17.11111111111111	0.0	112.0	0.9317537161256685			
development	global_null_imbalanced_opportunity	206	hard_z1	reference			0.6944444444444444	18.11111111111111	0.0	112.0	0.9199738113692512			
development	global_null_imbalanced_opportunity	206	wald_p05	target			0.9166666666666666	2.888888888888889	0.0	112.0	0.5545266264870501			
development	global_null_imbalanced_opportunity	206	wald_p05	reference			0.9444444444444444	3.0	0.0	112.0	0.6843615603432777			
development	global_null_imbalanced_opportunity	206	continuous_sign	target			0.0	27.340069859893333	0.0	112.0	0.943172990270231			
development	global_null_imbalanced_opportunity	206	continuous_sign	reference			0.0	28.506916374474933	0.0	112.0	0.943172990270231			
development	global_null_imbalanced_opportunity	206	eb_delta_0	target			0.0	0.03760545167091456	0.0	112.0	0.8874995845945578	0.999324070333386	0.13225894212995143	True
development	global_null_imbalanced_opportunity	206	eb_delta_0	reference			0.0	0.038098453909103276	0.0	112.0	0.7892523981080753	0.999324070333386	0.13225894212995143	True
development	global_null_imbalanced_opportunity	206	eb_delta_0.1	target			0.0	0.03459283037860654	0.0	112.0	0.8874995845945578	0.999324070333386	0.13225894212995143	True
development	global_null_imbalanced_opportunity	206	eb_delta_0.1	reference			0.0	0.035080940236297965	0.0	112.0	0.7892523981080753	0.999324070333386	0.13225894212995143	True
development	global_null_imbalanced_opportunity	206	eb_delta_0.25	target			0.0	0.03014831520952391	0.0	112.0	0.8711250535134775	0.999324070333386	0.13225894212995143	True
development	global_null_imbalanced_opportunity	206	eb_delta_0.25	reference			0.0	0.03061225686463176	0.0	112.0	0.776152773243211	0.999324070333386	0.13225894212995143	True
development	global_null_imbalanced_opportunity	206	eb_delta_0.5	target			0.0	0.023162357755340778	0.0	112.0	0.812176741621588	0.999324070333386	0.13225894212995143	True
development	global_null_imbalanced_opportunity	206	eb_delta_0.5	reference			0.0	0.023558983897008258	0.0	112.0	0.7630531483783467	0.999324070333386	0.13225894212995143	True
development	global_null_imbalanced_opportunity	207	hard_z1	target			0.6388888888888888	18.305555555555557	0.0	112.0	0.919914440983505			
development	global_null_imbalanced_opportunity	207	hard_z1	reference			0.7222222222222222	17.86111111111111	0.0	112.0	0.9412922775863639			
development	global_null_imbalanced_opportunity	207	wald_p05	target			0.9722222222222222	2.5	0.0	112.0	0.6661607509874954			
development	global_null_imbalanced_opportunity	207	wald_p05	reference			0.9444444444444444	3.111111111111111	0.0	112.0	0.5066295602248594			
development	global_null_imbalanced_opportunity	207	continuous_sign	target			0.0	28.116928974687685	0.0	112.0	0.943172990270231			
development	global_null_imbalanced_opportunity	207	continuous_sign	reference			0.0	28.589291154517905	0.0	112.0	0.943172990270231			
development	global_null_imbalanced_opportunity	207	eb_delta_0	target			0.0	0.0050901310721733145	0.0	112.0	0.8645752410810451	0.9999	0.13361872392392632	True
development	global_null_imbalanced_opportunity	207	eb_delta_0	reference			0.0	0.005001137270240522	0.0	112.0	0.9300733654053668	0.9999	0.13361872392392632	True
development	global_null_imbalanced_opportunity	207	eb_delta_0.1	target			0.0	0.004644277495862801	0.0	112.0	0.854750522432397	0.9999	0.13361872392392632	True
development	global_null_imbalanced_opportunity	207	eb_delta_0.1	reference			0.0	0.0045546296294078255	0.0	112.0	0.9267984591891507	0.9999	0.13361872392392632	True
development	global_null_imbalanced_opportunity	207	eb_delta_0.25	target			0.0	0.003985242900072166	0.0	112.0	0.8416508975675326	0.9999	0.13361872392392632	True
development	global_null_imbalanced_opportunity	207	eb_delta_0.25	reference			0.0	0.0038922283783878533	0.0	112.0	0.9071490218918543	0.9999	0.13361872392392632	True
development	global_null_imbalanced_opportunity	207	eb_delta_0.5	target			0.0	0.0029479998493512523	0.0	112.0	0.7532284297296985	0.9999	0.13361872392392632	True
development	global_null_imbalanced_opportunity	207	eb_delta_0.5	reference			0.0	0.0028457833845566354	0.0	112.0	0.858025428648613	0.9999	0.13361872392392632	True
development	global_null_imbalanced_opportunity	208	hard_z1	target			0.6111111111111112	18.583333333333332	0.0	112.0	0.9408673012066708			
development	global_null_imbalanced_opportunity	208	hard_z1	reference			0.7222222222222222	17.166666666666668	0.0	112.0	0.9237306474279809			
development	global_null_imbalanced_opportunity	208	wald_p05	target			0.9166666666666666	2.6666666666666665	0.0	112.0	0.692488535310738			
development	global_null_imbalanced_opportunity	208	wald_p05	reference			0.9166666666666666	2.611111111111111	0.0	112.0	0.6654256958614665			
development	global_null_imbalanced_opportunity	208	continuous_sign	target			0.0	28.595193144656278	0.0	112.0	0.943172990270231			
development	global_null_imbalanced_opportunity	208	continuous_sign	reference			0.0	27.974236339359607	0.0	112.0	0.943172990270231			
development	global_null_imbalanced_opportunity	208	eb_delta_0	target			0.0	0.00481214289458164	0.0	112.0	0.943172990270231	0.9999	0.13129943288540946	True
development	global_null_imbalanced_opportunity	208	eb_delta_0	reference			0.0	0.004850251868075126	0.0	112.0	0.9136988343242864	0.9999	0.13129943288540946	True
development	global_null_imbalanced_opportunity	208	eb_delta_0.1	target			0.0	0.004365959149430302	0.0	112.0	0.9398980840540151	0.9999	0.13129943288540946	True
development	global_null_imbalanced_opportunity	208	eb_delta_0.1	reference			0.0	0.004404411557138763	0.0	112.0	0.9104239281080704	0.9999	0.13129943288540946	True
development	global_null_imbalanced_opportunity	208	eb_delta_0.25	target			0.0	0.003706949258866178	0.0	112.0	0.9366231778377989	0.9999	0.13129943288540946	True
development	global_null_imbalanced_opportunity	208	eb_delta_0.25	reference			0.0	0.003746738420577939	0.0	112.0	0.8776748659459096	0.9999	0.13129943288540946	True
development	global_null_imbalanced_opportunity	208	eb_delta_0.5	target			0.0	0.002677821958838199	0.0	112.0	0.9267984591891507	0.9999	0.13129943288540946	True
development	global_null_imbalanced_opportunity	208	eb_delta_0.5	reference			0.0	0.0027189895298688578	0.0	112.0	0.8285512727026683	0.9999	0.13129943288540946	True
development	global_null_imbalanced_opportunity	209	hard_z1	target			0.6944444444444444	17.25	0.0	112.0	0.9307145803674933			
development	global_null_imbalanced_opportunity	209	hard_z1	reference			0.6111111111111112	17.583333333333332	0.0	112.0	0.9234920189953173			
development	global_null_imbalanced_opportunity	209	wald_p05	target			1.0	2.75	0.0	112.0	0.47609569421178155			
development	global_null_imbalanced_opportunity	209	wald_p05	reference			0.9444444444444444	2.6944444444444446	0.0	112.0	0.6097967682768848			
development	global_null_imbalanced_opportunity	209	continuous_sign	target			0.0	27.55100568947853	0.0	112.0	0.943172990270231			
development	global_null_imbalanced_opportunity	209	continuous_sign	reference			0.0	27.929287484492022	0.0	112.0	0.943172990270231			
development	global_null_imbalanced_opportunity	209	eb_delta_0	target			0.0	0.005066760338794694	0.0	112.0	0.8809497721621257	0.9999	0.13214763510586053	True
development	global_null_imbalanced_opportunity	209	eb_delta_0	reference			0.0	0.004957575509306303	0.0	112.0	0.8874995845945578	0.9999	0.13214763510586053	True
development	global_null_imbalanced_opportunity	209	eb_delta_0.1	target			0.0	0.00462128861828528	0.0	112.0	0.8743999597296934	0.9999	0.13214763510586053	True
development	global_null_imbalanced_opportunity	209	eb_delta_0.1	reference			0.0	0.004511068758020015	0.0	112.0	0.8776748659459096	0.9999	0.13214763510586053	True
development	global_null_imbalanced_opportunity	209	eb_delta_0.25	target			0.0	0.003965612183692571	0.0	112.0	0.8449258037837488	0.9999	0.13214763510586053	True
development	global_null_imbalanced_opportunity	209	eb_delta_0.25	reference			0.0	0.0038503422414566915	0.0	112.0	0.851475616216181	0.9999	0.13214763510586053	True
development	global_null_imbalanced_opportunity	209	eb_delta_0.5	target			0.0	0.0029430213392800577	0.0	112.0	0.7892523981080753	0.9999	0.13214763510586053	True
development	global_null_imbalanced_opportunity	209	eb_delta_0.5	reference			0.0	0.0028104256478834713	0.0	112.0	0.812176741621588	0.9999	0.13214763510586053	True
development	global_null_imbalanced_opportunity	210	hard_z1	target			0.7777777777777778	17.833333333333332	0.0	112.0	0.9439684495827579			
development	global_null_imbalanced_opportunity	210	hard_z1	reference			0.6111111111111112	17.97222222222222	0.0	112.0	0.9307324183446699			
development	global_null_imbalanced_opportunity	210	wald_p05	target			0.9444444444444444	2.5555555555555554	0.0	112.0	0.6913441146577421			
development	global_null_imbalanced_opportunity	210	wald_p05	reference			0.8888888888888888	2.9166666666666665	0.0	112.0	0.7235859250075479			
development	global_null_imbalanced_opportunity	210	continuous_sign	target			0.0	27.937355079449535	0.0	112.0	0.943172990270231			
development	global_null_imbalanced_opportunity	210	continuous_sign	reference			0.0	28.35154063444145	0.0	112.0	0.943172990270231			
development	global_null_imbalanced_opportunity	210	eb_delta_0	target			0.0	0.004892059129956189	0.0	112.0	0.854750522432397	0.9999	0.1321577393839501	True
development	global_null_imbalanced_opportunity	210	eb_delta_0	reference			0.0	0.0055495412703462175	0.0	112.0	0.8874995845945578	0.9999	0.1321577393839501	True
development	global_null_imbalanced_opportunity	210	eb_delta_0.1	target			0.0	0.004446124576734956	0.0	112.0	0.8318261789188844	0.9999	0.1321577393839501	True
development	global_null_imbalanced_opportunity	210	eb_delta_0.1	reference			0.0	0.00510335506693543	0.0	112.0	0.8809497721621257	0.9999	0.1321577393839501	True
development	global_null_imbalanced_opportunity	210	eb_delta_0.25	target			0.0	0.0037876914050878428	0.0	112.0	0.8089018354053719	0.9999	0.1321577393839501	True
development	global_null_imbalanced_opportunity	210	eb_delta_0.25	reference			0.0	0.004443139020907277	0.0	112.0	0.8678501472972613	0.9999	0.1321577393839501	True
development	global_null_imbalanced_opportunity	210	eb_delta_0.5	target			0.0	0.0027542161414574415	0.0	112.0	0.776152773243211	0.9999	0.1321577393839501	True
development	global_null_imbalanced_opportunity	210	eb_delta_0.5	reference			0.0	0.003397532868257584	0.0	112.0	0.8482007099999648	0.9999	0.1321577393839501	True
development	global_null_imbalanced_opportunity	211	hard_z1	target			0.5833333333333334	17.305555555555557	0.0	112.0	0.9067377190661895			
development	global_null_imbalanced_opportunity	211	hard_z1	reference			0.5833333333333334	18.52777777777778	0.0	112.0	0.9414745866899011			
development	global_null_imbalanced_opportunity	211	wald_p05	target			1.0	2.7777777777777777	0.0	112.0	0.5341460489368954			
development	global_null_imbalanced_opportunity	211	wald_p05	reference			0.9444444444444444	2.361111111111111	0.0	112.0	0.5136416108108247			
development	global_null_imbalanced_opportunity	211	continuous_sign	target			0.0	28.04032402969644	0.0	112.0	0.943172990270231			
development	global_null_imbalanced_opportunity	211	continuous_sign	reference			0.0	28.315436992532664	0.0	112.0	0.943172990270231			
development	global_null_imbalanced_opportunity	211	eb_delta_0	target			0.0	0.0050875963742844504	0.0	112.0	0.8613003348648292	0.9999	0.13127956853108286	True
development	global_null_imbalanced_opportunity	211	eb_delta_0	reference			0.0	0.004657670600060023	0.0	112.0	0.943172990270231	0.9999	0.13127956853108286	True
development	global_null_imbalanced_opportunity	211	eb_delta_0.1	target			0.0	0.004641364446065092	0.0	112.0	0.851475616216181	0.9999	0.13127956853108286	True
development	global_null_imbalanced_opportunity	211	eb_delta_0.1	reference			0.0	0.004211678581804747	0.0	112.0	0.943172990270231	0.9999	0.13127956853108286	True
development	global_null_imbalanced_opportunity	211	eb_delta_0.25	target			0.0	0.003980563100473066	0.0	112.0	0.8252763664864522	0.9999	0.13127956853108286	True
development	global_null_imbalanced_opportunity	211	eb_delta_0.25	reference			0.0	0.0035528830644854354	0.0	112.0	0.933348271621583	0.9999	0.13127956853108286	True
development	global_null_imbalanced_opportunity	211	eb_delta_0.5	target			0.0	0.002931235538088529	0.0	112.0	0.776152773243211	0.9999	0.13127956853108286	True
development	global_null_imbalanced_opportunity	211	eb_delta_0.5	reference			0.0	0.002525440640611206	0.0	112.0	0.9104239281080704	0.9999	0.13127956853108286	True
development	global_null_imbalanced_opportunity	212	hard_z1	target			0.6388888888888888	18.25	0.0	112.0	0.9251323245352737			
development	global_null_imbalanced_opportunity	212	hard_z1	reference			0.6944444444444444	16.77777777777778	0.0	112.0	0.9483746325801504			
development	global_null_imbalanced_opportunity	212	wald_p05	target			0.9722222222222222	3.388888888888889	0.0	112.0	0.7078545174339474			
development	global_null_imbalanced_opportunity	212	wald_p05	reference			0.9444444444444444	2.5	0.0	112.0	0.6640158940746631			
development	global_null_imbalanced_opportunity	212	continuous_sign	target			0.0	28.013251052461484	0.0	112.0	0.943172990270231			
development	global_null_imbalanced_opportunity	212	continuous_sign	reference			0.0	27.697225244986573	0.0	112.0	0.943172990270231			
development	global_null_imbalanced_opportunity	212	eb_delta_0	target			0.0	0.005122251782149992	0.0	112.0	0.9235235529729348	0.9999	0.13180904551551198	True
development	global_null_imbalanced_opportunity	212	eb_delta_0	reference			0.0	0.005345564066248518	0.0	112.0	0.9366231778377989	0.9999	0.13180904551551198	True
development	global_null_imbalanced_opportunity	212	eb_delta_0.1	target			0.0	0.004675840194792975	0.0	112.0	0.9136988343242864	0.9999	0.13180904551551198	True
development	global_null_imbalanced_opportunity	212	eb_delta_0.1	reference			0.0	0.004899856432856379	0.0	112.0	0.9235235529729348	0.9999	0.13180904551551198	True
development	global_null_imbalanced_opportunity	212	eb_delta_0.25	target			0.0	0.0040146685310218306	0.0	112.0	0.8940493970269899	0.9999	0.13180904551551198	True
development	global_null_imbalanced_opportunity	212	eb_delta_0.25	reference			0.0	0.004241836838029649	0.0	112.0	0.9038741156756381	0.9999	0.13180904551551198	True
development	global_null_imbalanced_opportunity	212	eb_delta_0.5	target			0.0	0.0029686862364024834	0.0	112.0	0.858025428648613	0.9999	0.13180904551551198	True
development	global_null_imbalanced_opportunity	212	eb_delta_0.5	reference			0.0	0.003189445991726497	0.0	112.0	0.8383759913513167	0.9999	0.13180904551551198	True
development	global_null_imbalanced_opportunity	213	hard_z1	target			0.5	17.0	0.0	112.0	0.9203302752423771			
development	global_null_imbalanced_opportunity	213	hard_z1	reference			0.5277777777777778	18.27777777777778	0.0	112.0	0.8950290511769237			
development	global_null_imbalanced_opportunity	213	wald_p05	target			0.9166666666666666	3.0277777777777777	0.0	112.0	0.639213035203862			
development	global_null_imbalanced_opportunity	213	wald_p05	reference			0.9166666666666666	3.0277777777777777	0.0	112.0	0.6819995719905999			
development	global_null_imbalanced_opportunity	213	continuous_sign	target			0.0	27.614785486661354	0.0	112.0	0.943172990270231			
development	global_null_imbalanced_opportunity	213	continuous_sign	reference			0.0	28.768752750587566	0.0	112.0	0.9366231778377989			
development	global_null_imbalanced_opportunity	213	eb_delta_0	target			0.0	0.00514056027617416	0.0	112.0	0.9267984591891507	0.9999	0.1345059365636082	True
development	global_null_imbalanced_opportunity	213	eb_delta_0	reference			0.0	0.005631379749819075	0.0	112.0	0.8874995845945578	0.9999	0.1345059365636082	True
development	global_null_imbalanced_opportunity	213	eb_delta_0.1	target			0.0	0.004695151664770835	0.0	112.0	0.9267984591891507	0.9999	0.1345059365636082	True
development	global_null_imbalanced_opportunity	213	eb_delta_0.1	reference			0.0	0.005184563442648252	0.0	112.0	0.8809497721621257	0.9999	0.1345059365636082	True
development	global_null_imbalanced_opportunity	213	eb_delta_0.25	target			0.0	0.00403866500896518	0.0	112.0	0.9104239281080704	0.9999	0.1345059365636082	True
development	global_null_imbalanced_opportunity	213	eb_delta_0.25	reference			0.0	0.004521391745553576	0.0	112.0	0.8809497721621257	0.9999	0.1345059365636082	True
development	global_null_imbalanced_opportunity	213	eb_delta_0.5	target			0.0	0.0030092988958508194	0.0	112.0	0.8711250535134775	0.9999	0.1345059365636082	True
development	global_null_imbalanced_opportunity	213	eb_delta_0.5	reference			0.0	0.0034734736710781405	0.0	112.0	0.851475616216181	0.9999	0.1345059365636082	True
development	global_null_imbalanced_opportunity	214	hard_z1	target			0.6111111111111112	17.666666666666668	0.0	112.0	0.9050980486881313			
development	global_null_imbalanced_opportunity	214	hard_z1	reference			0.6111111111111112	19.333333333333332	0.0	112.0	0.9451211937203254			
development	global_null_imbalanced_opportunity	214	wald_p05	target			0.9166666666666666	2.861111111111111	0.0	112.0	0.6772514216765745			
development	global_null_imbalanced_opportunity	214	wald_p05	reference			1.0	2.9444444444444446	0.0	112.0	0.7995576750145817			
development	global_null_imbalanced_opportunity	214	continuous_sign	target			0.0	27.674774696698353	0.0	112.0	0.9366231778377989			
development	global_null_imbalanced_opportunity	214	continuous_sign	reference			0.0	28.757489004119293	0.0	112.0	0.943172990270231			
development	global_null_imbalanced_opportunity	214	eb_delta_0	target			0.0	0.005163661385313458	0.0	112.0	0.9005992094594221	0.9999	0.13210532267944441	True
development	global_null_imbalanced_opportunity	214	eb_delta_0	reference			0.0	0.005426477173888998	0.0	112.0	0.854750522432397	0.9999	0.13210532267944441	True
development	global_null_imbalanced_opportunity	214	eb_delta_0.1	target			0.0	0.0047183667661959226	0.0	112.0	0.8973243032432059	0.9999	0.13210532267944441	True
development	global_null_imbalanced_opportunity	214	eb_delta_0.1	reference			0.0	0.004979567483651998	0.0	112.0	0.8416508975675326	0.9999	0.13210532267944441	True
development	global_null_imbalanced_opportunity	214	eb_delta_0.25	target			0.0	0.004062612630550747	0.0	112.0	0.8874995845945578	0.9999	0.13210532267944441	True
development	global_null_imbalanced_opportunity	214	eb_delta_0.25	reference			0.0	0.004315820231580237	0.0	112.0	0.81872655405402	0.9999	0.13210532267944441	True
development	global_null_imbalanced_opportunity	214	eb_delta_0.5	target			0.0	0.0030375963522319732	0.0	112.0	0.8645752410810451	0.9999	0.13210532267944441	True
development	global_null_imbalanced_opportunity	214	eb_delta_0.5	reference			0.0	0.0032639930856247184	0.0	112.0	0.7597782421621307	0.9999	0.13210532267944441	True
development	global_null_imbalanced_opportunity	215	hard_z1	target			0.6666666666666666	18.083333333333332	0.0	112.0	0.9161783472529544			
development	global_null_imbalanced_opportunity	215	hard_z1	reference			0.6944444444444444	17.75	0.0	112.0	0.8941975183805502			
development	global_null_imbalanced_opportunity	215	wald_p05	target			0.9444444444444444	2.7777777777777777	0.0	112.0	0.6859718313066403			
development	global_null_imbalanced_opportunity	215	wald_p05	reference			1.0	3.0	0.0	112.0	0.7578787424242628			
development	global_null_imbalanced_opportunity	215	continuous_sign	target			0.0	28.02192684777436	0.0	112.0	0.943172990270231			
development	global_null_imbalanced_opportunity	215	continuous_sign	reference			0.0	27.956481496022825	0.0	112.0	0.9398980840540151			
development	global_null_imbalanced_opportunity	215	eb_delta_0	target			0.0	0.005067432801968313	0.0	112.0	0.9398980840540151	0.9999	0.13210294742855097	True
development	global_null_imbalanced_opportunity	215	eb_delta_0	reference			0.0	0.005848459145998314	0.0	112.0	0.9235235529729348	0.9999	0.13210294742855097	True
development	global_null_imbalanced_opportunity	215	eb_delta_0.1	target			0.0	0.004621239611039367	0.0	112.0	0.9366231778377989	0.9999	0.13210294742855097	True
development	global_null_imbalanced_opportunity	215	eb_delta_0.1	reference			0.0	0.005402392321364178	0.0	112.0	0.9136988343242864	0.9999	0.13210294742855097	True
development	global_null_imbalanced_opportunity	215	eb_delta_0.25	target			0.0	0.003960661776926966	0.0	112.0	0.933348271621583	0.9999	0.13210294742855097	True
development	global_null_imbalanced_opportunity	215	eb_delta_0.25	reference			0.0	0.004742578707172742	0.0	112.0	0.8973243032432059	0.9999	0.13210294742855097	True
development	global_null_imbalanced_opportunity	215	eb_delta_0.5	target			0.0	0.0029169367210612218	0.0	112.0	0.8874995845945578	0.9999	0.13210294742855097	True
development	global_null_imbalanced_opportunity	215	eb_delta_0.5	reference			0.0	0.0037016720761499137	0.0	112.0	0.8383759913513167	0.9999	0.13210294742855097	True
development	global_null_imbalanced_opportunity	216	hard_z1	target			0.6944444444444444	18.47222222222222	0.0	112.0	0.9354575359423802			
development	global_null_imbalanced_opportunity	216	hard_z1	reference			0.6944444444444444	18.88888888888889	0.0	112.0	0.9197957346869939			
development	global_null_imbalanced_opportunity	216	wald_p05	target			0.9166666666666666	2.8055555555555554	0.0	112.0	0.712569885739534			
development	global_null_imbalanced_opportunity	216	wald_p05	reference			0.9722222222222222	2.888888888888889	0.0	112.0	0.805537203930326			
development	global_null_imbalanced_opportunity	216	continuous_sign	target			0.0	28.49867788346084	0.0	112.0	0.943172990270231			
development	global_null_imbalanced_opportunity	216	continuous_sign	reference			0.0	28.441067659052365	0.0	112.0	0.943172990270231			
development	global_null_imbalanced_opportunity	216	eb_delta_0	target			0.0	0.0050942130093835	0.0	112.0	0.8351010851351005	0.9999	0.13569867062584273	True
development	global_null_imbalanced_opportunity	216	eb_delta_0	reference			0.0	0.005752856933838945	0.0	112.0	0.9038741156756381	0.9999	0.13569867062584273	True
development	global_null_imbalanced_opportunity	216	eb_delta_0.1	target			0.0	0.004648058994901029	0.0	112.0	0.8023520229729396	0.9999	0.13569867062584273	True
development	global_null_imbalanced_opportunity	216	eb_delta_0.1	reference			0.0	0.005306552487261751	0.0	112.0	0.9038741156756381	0.9999	0.13569867062584273	True
development	global_null_imbalanced_opportunity	216	eb_delta_0.25	target			0.0	0.003987486300445719	0.0	112.0	0.772877867026995	0.9999	0.13569867062584273	True
development	global_null_imbalanced_opportunity	216	eb_delta_0.25	reference			0.0	0.004644011789494579	0.0	112.0	0.9005992094594221	0.9999	0.13569867062584273	True
development	global_null_imbalanced_opportunity	216	eb_delta_0.5	target			0.0	0.0029429767711855737	0.0	112.0	0.7466786172972663	0.9999	0.13569867062584273	True
development	global_null_imbalanced_opportunity	216	eb_delta_0.5	reference			0.0	0.0035876452530551766	0.0	112.0	0.8907744908107738	0.9999	0.13569867062584273	True
development	global_null_imbalanced_opportunity	217	hard_z1	target			0.5833333333333334	16.944444444444443	0.0	112.0	0.933695679677309			
development	global_null_imbalanced_opportunity	217	hard_z1	reference			0.6111111111111112	17.5	0.0	112.0	0.8790334965826363			
development	global_null_imbalanced_opportunity	217	wald_p05	target			0.9166666666666666	2.7222222222222223	0.0	112.0	0.6815670889750356			
development	global_null_imbalanced_opportunity	217	wald_p05	reference			0.9444444444444444	2.5555555555555554	0.0	112.0	0.7075045514494777			
development	global_null_imbalanced_opportunity	217	continuous_sign	target			0.0	27.021074111149034	0.0	112.0	0.943172990270231			
development	global_null_imbalanced_opportunity	217	continuous_sign	reference			0.0	28.286985742893837	0.0	112.0	0.9398980840540151			
development	global_null_imbalanced_opportunity	217	eb_delta_0	target			0.0	0.0060251277189714925	0.0	112.0	0.8089018354053719	0.9999	0.1309224076260644	True
development	global_null_imbalanced_opportunity	217	eb_delta_0	reference			0.0	0.0050106660539146145	0.0	112.0	0.8973243032432059	0.9999	0.1309224076260644	True
development	global_null_imbalanced_opportunity	217	eb_delta_0.1	target			0.0	0.00557949366243456	0.0	112.0	0.8089018354053719	0.9999	0.1309224076260644	True
development	global_null_imbalanced_opportunity	217	eb_delta_0.1	reference			0.0	0.004564265436317401	0.0	112.0	0.8940493970269899	0.9999	0.1309224076260644	True
development	global_null_imbalanced_opportunity	217	eb_delta_0.25	target			0.0	0.004921688915911385	0.0	112.0	0.8089018354053719	0.9999	0.1309224076260644	True
development	global_null_imbalanced_opportunity	217	eb_delta_0.25	reference			0.0	0.003904126220174104	0.0	112.0	0.854750522432397	0.9999	0.1309224076260644	True
development	global_null_imbalanced_opportunity	217	eb_delta_0.5	target			0.0	0.0038705986786472077	0.0	112.0	0.8023520229729396	0.9999	0.1309224076260644	True
development	global_null_imbalanced_opportunity	217	eb_delta_0.5	reference			0.0	0.002869254966384463	0.0	112.0	0.772877867026995	0.9999	0.1309224076260644	True
development	global_null_imbalanced_opportunity	218	hard_z1	target			0.8055555555555556	17.694444444444443	0.0	112.0	0.8662491540539735			
development	global_null_imbalanced_opportunity	218	hard_z1	reference			0.6944444444444444	17.805555555555557	0.0	112.0	0.9312726868132131			
development	global_null_imbalanced_opportunity	218	wald_p05	target			1.0	2.638888888888889	0.0	112.0	0.6146313317682482			
development	global_null_imbalanced_opportunity	218	wald_p05	reference			0.9166666666666666	2.2777777777777777	0.0	112.0	0.7212995097307748			
development	global_null_imbalanced_opportunity	218	continuous_sign	target			0.0	27.867740635849568	0.0	112.0	0.9398980840540151			
development	global_null_imbalanced_opportunity	218	continuous_sign	reference			0.0	28.224079860473424	0.0	112.0	0.943172990270231			
development	global_null_imbalanced_opportunity	218	eb_delta_0	target			0.0	0.004644852008900285	0.0	112.0	0.9398980840540151	0.9999	0.1306921816095491	True
development	global_null_imbalanced_opportunity	218	eb_delta_0	reference			0.0	0.004819373479035694	0.0	112.0	0.9235235529729348	0.9999	0.1306921816095491	True
development	global_null_imbalanced_opportunity	218	eb_delta_0.1	target			0.0	0.004198860895688279	0.0	112.0	0.9398980840540151	0.9999	0.1306921816095491	True
development	global_null_imbalanced_opportunity	218	eb_delta_0.1	reference			0.0	0.004373461987982195	0.0	112.0	0.9202486467567186	0.9999	0.1306921816095491	True
development	global_null_imbalanced_opportunity	218	eb_delta_0.25	target			0.0	0.003541265637637134	0.0	112.0	0.9169737405405026	0.9999	0.1306921816095491	True
development	global_null_imbalanced_opportunity	218	eb_delta_0.25	reference			0.0	0.0037159652475318578	0.0	112.0	0.9136988343242864	0.9999	0.1306921816095491	True
development	global_null_imbalanced_opportunity	218	eb_delta_0.5	target			0.0	0.0025194214120554895	0.0	112.0	0.9071490218918543	0.9999	0.1306921816095491	True
development	global_null_imbalanced_opportunity	218	eb_delta_0.5	reference			0.0	0.00269091136697998	0.0	112.0	0.9038741156756381	0.9999	0.1306921816095491	True
development	global_null_imbalanced_opportunity	219	hard_z1	target			0.6111111111111112	18.97222222222222	0.0	112.0	0.8824274000682348			
development	global_null_imbalanced_opportunity	219	hard_z1	reference			0.5555555555555556	18.555555555555557	0.0	112.0	0.9178601339234366			
development	global_null_imbalanced_opportunity	219	wald_p05	target			0.9444444444444444	3.2222222222222223	0.0	112.0	0.5880984264390692			
development	global_null_imbalanced_opportunity	219	wald_p05	reference			1.0	2.4722222222222223	0.0	112.0	0.6997201678880782			
development	global_null_imbalanced_opportunity	219	continuous_sign	target			0.0	28.684694680999005	0.0	112.0	0.943172990270231			
development	global_null_imbalanced_opportunity	219	continuous_sign	reference			0.0	28.327153056849465	0.0	112.0	0.943172990270231			
development	global_null_imbalanced_opportunity	219	eb_delta_0	target			0.0	0.0057869175482333085	0.0	112.0	0.8023520229729396	0.9999	0.1368068715004307	True
development	global_null_imbalanced_opportunity	219	eb_delta_0	reference			0.0	0.004877228363841816	0.0	112.0	0.9169737405405026	0.9999	0.1368068715004307	True
development	global_null_imbalanced_opportunity	219	eb_delta_0.1	target			0.0	0.005340090034558484	0.0	112.0	0.7827025856756432	0.9999	0.1368068715004307	True
development	global_null_imbalanced_opportunity	219	eb_delta_0.1	reference			0.0	0.004431823278386732	0.0	112.0	0.9071490218918543	0.9999	0.1368068715004307	True
development	global_null_imbalanced_opportunity	219	eb_delta_0.25	target			0.0	0.004675908695881869	0.0	112.0	0.7499535235134823	0.9999	0.1368068715004307	True
development	global_null_imbalanced_opportunity	219	eb_delta_0.25	reference			0.0	0.003775919363892491	0.0	112.0	0.8973243032432059	0.9999	0.1368068715004307	True
development	global_null_imbalanced_opportunity	219	eb_delta_0.5	target			0.0	0.003613106098672804	0.0	112.0	0.654981243243216	0.9999	0.1368068715004307	True
development	global_null_imbalanced_opportunity	219	eb_delta_0.5	reference			0.0	0.0027532001214583984	0.0	112.0	0.8842246783783417	0.9999	0.1368068715004307	True
development	global_null_imbalanced_opportunity	220	hard_z1	target			0.75	17.38888888888889	0.0	112.0	0.9355784976724962			
development	global_null_imbalanced_opportunity	220	hard_z1	reference			0.5555555555555556	18.77777777777778	0.0	112.0	0.9140634552219853			
development	global_null_imbalanced_opportunity	220	wald_p05	target			0.9722222222222222	3.2222222222222223	0.0	112.0	0.7362385120826498			
development	global_null_imbalanced_opportunity	220	wald_p05	reference			1.0	2.75	0.0	112.0	0.6108542234729888			
development	global_null_imbalanced_opportunity	220	continuous_sign	target			0.0	28.085666238285608	0.0	112.0	0.943172990270231			
development	global_null_imbalanced_opportunity	220	continuous_sign	reference			0.0	28.46921598415768	0.0	112.0	0.943172990270231			
development	global_null_imbalanced_opportunity	220	eb_delta_0	target			0.0	0.041776463379023035	0.0	112.0	0.7990771167567237	0.9992594400730931	0.13329744809542987	True
development	global_null_imbalanced_opportunity	220	eb_delta_0	reference			0.0	0.041166830065361426	0.0	112.0	0.9136988343242864	0.9992594400730931	0.13329744809542987	True
development	global_null_imbalanced_opportunity	220	eb_delta_0.1	target			0.0	0.03847477675438139	0.0	112.0	0.7859774918918592	0.9992594400730931	0.13329744809542987	True
development	global_null_imbalanced_opportunity	220	eb_delta_0.1	reference			0.0	0.037859404489410005	0.0	112.0	0.9038741156756381	0.9992594400730931	0.13329744809542987	True
development	global_null_imbalanced_opportunity	220	eb_delta_0.25	target			0.0	0.03358547627657003	0.0	112.0	0.7466786172972663	0.9992594400730931	0.13329744809542987	True
development	global_null_imbalanced_opportunity	220	eb_delta_0.25	reference			0.0	0.032947421531870955	0.0	112.0	0.8678501472972613	0.9992594400730931	0.13329744809542987	True
development	global_null_imbalanced_opportunity	220	eb_delta_0.5	target			0.0	0.02571334831800529	0.0	112.0	0.7139295551351056	0.9992594400730931	0.13329744809542987	True
development	global_null_imbalanced_opportunity	220	eb_delta_0.5	reference			0.0	0.025136917163076367	0.0	112.0	0.8285512727026683	0.9992594400730931	0.13329744809542987	True
development	global_null_imbalanced_opportunity	221	hard_z1	target			0.5277777777777778	18.27777777777778	0.0	112.0	0.9361913805815928			
development	global_null_imbalanced_opportunity	221	hard_z1	reference			0.6388888888888888	17.88888888888889	0.0	112.0	0.9457324874869206			
development	global_null_imbalanced_opportunity	221	wald_p05	target			0.9444444444444444	2.9722222222222223	0.0	112.0	0.7604003870433821			
development	global_null_imbalanced_opportunity	221	wald_p05	reference			0.9166666666666666	2.361111111111111	0.0	112.0	0.7513536559695572			
development	global_null_imbalanced_opportunity	221	continuous_sign	target			0.0	27.791995931041633	0.0	112.0	0.943172990270231			
development	global_null_imbalanced_opportunity	221	continuous_sign	reference			0.0	28.25640293219106	0.0	112.0	0.943172990270231			
development	global_null_imbalanced_opportunity	221	eb_delta_0	target			0.0	0.004839813901855596	0.0	112.0	0.943172990270231	0.9999	0.13456666367277365	True
development	global_null_imbalanced_opportunity	221	eb_delta_0	reference			0.0	0.005035084163869666	0.0	112.0	0.8645752410810451	0.9999	0.13456666367277365	True
development	global_null_imbalanced_opportunity	221	eb_delta_0.1	target			0.0	0.004393999722878622	0.0	112.0	0.9366231778377989	0.9999	0.13456666367277365	True
development	global_null_imbalanced_opportunity	221	eb_delta_0.1	reference			0.0	0.004588835104780306	0.0	112.0	0.8449258037837488	0.9999	0.13456666367277365	True
development	global_null_imbalanced_opportunity	221	eb_delta_0.25	target			0.0	0.00373635413278584	0.0	112.0	0.9267984591891507	0.9999	0.13456666367277365	True
development	global_null_imbalanced_opportunity	221	eb_delta_0.25	reference			0.0	0.003929188465292252	0.0	112.0	0.8285512727026683	0.9999	0.13456666367277365	True
development	global_null_imbalanced_opportunity	221	eb_delta_0.5	target			0.0	0.002709243326518974	0.0	112.0	0.9005992094594221	0.9999	0.13456666367277365	True
development	global_null_imbalanced_opportunity	221	eb_delta_0.5	reference			0.0	0.002896732452163935	0.0	112.0	0.812176741621588	0.9999	0.13456666367277365	True
development	global_null_imbalanced_opportunity	222	hard_z1	target			0.6944444444444444	17.36111111111111	0.0	112.0	0.9007604359466458			
development	global_null_imbalanced_opportunity	222	hard_z1	reference			0.5555555555555556	17.11111111111111	0.0	112.0	0.93473274951956			
development	global_null_imbalanced_opportunity	222	wald_p05	target			0.9444444444444444	2.2222222222222223	0.0	112.0	0.6243343981072366			
development	global_null_imbalanced_opportunity	222	wald_p05	reference			0.9722222222222222	2.8055555555555554	0.0	112.0	0.7762827429415822			
development	global_null_imbalanced_opportunity	222	continuous_sign	target			0.0	27.67592173281989	0.0	112.0	0.943172990270231			
development	global_null_imbalanced_opportunity	222	continuous_sign	reference			0.0	27.38819328102875	0.0	112.0	0.943172990270231			
development	global_null_imbalanced_opportunity	222	eb_delta_0	target			0.0	0.004860871818508232	0.0	112.0	0.9398980840540151	0.9999	0.13185908218776715	True
development	global_null_imbalanced_opportunity	222	eb_delta_0	reference			0.0	0.004879973898394223	0.0	112.0	0.943172990270231	0.9999	0.13185908218776715	True
development	global_null_imbalanced_opportunity	222	eb_delta_0.1	target			0.0	0.00441493112837325	0.0	112.0	0.933348271621583	0.9999	0.13185908218776715	True
development	global_null_imbalanced_opportunity	222	eb_delta_0.1	reference			0.0	0.004434153738407521	0.0	112.0	0.943172990270231	0.9999	0.13185908218776715	True
development	global_null_imbalanced_opportunity	222	eb_delta_0.25	target			0.0	0.003758140217441463	0.0	112.0	0.933348271621583	0.9999	0.13185908218776715	True
development	global_null_imbalanced_opportunity	222	eb_delta_0.25	reference			0.0	0.003777763165368269	0.0	112.0	0.9398980840540151	0.9999	0.13185908218776715	True
development	global_null_imbalanced_opportunity	222	eb_delta_0.5	target			0.0	0.002740216057230935	0.0	112.0	0.9071490218918543	0.9999	0.13185908218776715	True
development	global_null_imbalanced_opportunity	222	eb_delta_0.5	reference			0.0	0.0027575123604374695	0.0	112.0	0.9300733654053668	0.9999	0.13185908218776715	True
development	global_null_imbalanced_opportunity	223	hard_z1	target			0.6111111111111112	18.0	0.0	112.0	0.9280319548161992			
development	global_null_imbalanced_opportunity	223	hard_z1	reference			0.6666666666666666	17.166666666666668	0.0	112.0	0.8941397518170752			
development	global_null_imbalanced_opportunity	223	wald_p05	target			0.9444444444444444	2.6666666666666665	0.0	112.0	0.5570381493017161			
development	global_null_imbalanced_opportunity	223	wald_p05	reference			0.9722222222222222	3.0833333333333335	0.0	112.0	0.7793321666796821			
development	global_null_imbalanced_opportunity	223	continuous_sign	target			0.0	28.099438587925036	0.0	112.0	0.943172990270231			
development	global_null_imbalanced_opportunity	223	continuous_sign	reference			0.0	28.06915920319795	0.0	112.0	0.943172990270231			
development	global_null_imbalanced_opportunity	223	eb_delta_0	target			0.0	0.0051756249830783325	0.0	112.0	0.9071490218918543	0.9999	0.13257418805145257	True
development	global_null_imbalanced_opportunity	223	eb_delta_0	reference			0.0	0.005038027776380637	0.0	112.0	0.943172990270231	0.9999	0.13257418805145257	True
development	global_null_imbalanced_opportunity	223	eb_delta_0.1	target			0.0	0.004729621433814845	0.0	112.0	0.9071490218918543	0.9999	0.13257418805145257	True
development	global_null_imbalanced_opportunity	223	eb_delta_0.1	reference			0.0	0.004592005010029955	0.0	112.0	0.9398980840540151	0.9999	0.13257418805145257	True
development	global_null_imbalanced_opportunity	223	eb_delta_0.25	target			0.0	0.00407127502082547	0.0	112.0	0.8973243032432059	0.9999	0.13257418805145257	True
development	global_null_imbalanced_opportunity	223	eb_delta_0.25	reference			0.0	0.003933362667726114	0.0	112.0	0.9398980840540151	0.9999	0.13257418805145257	True
development	global_null_imbalanced_opportunity	223	eb_delta_0.5	target			0.0	0.0030411903473598887	0.0	112.0	0.8842246783783417	0.9999	0.13257418805145257	True
development	global_null_imbalanced_opportunity	223	eb_delta_0.5	reference			0.0	0.0029007843434198715	0.0	112.0	0.9136988343242864	0.9999	0.13257418805145257	True
development	global_null_imbalanced_opportunity	224	hard_z1	target			0.6944444444444444	18.02777777777778	0.0	112.0	0.9256704529324236			
development	global_null_imbalanced_opportunity	224	hard_z1	reference			0.6666666666666666	17.944444444444443	0.0	112.0	0.9304137967961936			
development	global_null_imbalanced_opportunity	224	wald_p05	target			0.9444444444444444	2.5277777777777777	0.0	112.0	0.5888235282411518			
development	global_null_imbalanced_opportunity	224	wald_p05	reference			0.9722222222222222	3.0833333333333335	0.0	112.0	0.7572870659062649			
development	global_null_imbalanced_opportunity	224	continuous_sign	target			0.0	27.840314609007848	0.0	112.0	0.943172990270231			
development	global_null_imbalanced_opportunity	224	continuous_sign	reference			0.0	28.323579357708947	0.0	112.0	0.943172990270231			
development	global_null_imbalanced_opportunity	224	eb_delta_0	target			0.0	0.005021279771359886	0.0	112.0	0.9366231778377989	0.9999	0.13106723412735816	True
development	global_null_imbalanced_opportunity	224	eb_delta_0	reference			0.0	0.005358289876864347	0.0	112.0	0.9398980840540151	0.9999	0.13106723412735816	True
development	global_null_imbalanced_opportunity	224	eb_delta_0.1	target			0.0	0.004575630599989153	0.0	112.0	0.9169737405405026	0.9999	0.13106723412735816	True
development	global_null_imbalanced_opportunity	224	eb_delta_0.1	reference			0.0	0.004911663915443913	0.0	112.0	0.9300733654053668	0.9999	0.13106723412735816	True
development	global_null_imbalanced_opportunity	224	eb_delta_0.25	target			0.0	0.00391817989654388	0.0	112.0	0.9071490218918543	0.9999	0.13106723412735816	True
development	global_null_imbalanced_opportunity	224	eb_delta_0.25	reference			0.0	0.004248547458333245	0.0	112.0	0.9104239281080704	0.9999	0.13106723412735816	True
development	global_null_imbalanced_opportunity	224	eb_delta_0.5	target			0.0	0.002885889782359117	0.0	112.0	0.858025428648613	0.9999	0.13106723412735816	True
development	global_null_imbalanced_opportunity	224	eb_delta_0.5	reference			0.0	0.003194542257694249	0.0	112.0	0.8678501472972613	0.9999	0.13106723412735816	True
holdout	sparse_low_n	2001	hard_z1	target	0.5402803241275838	0.8541666666666666	0.5833333333333334	18.63888888888889	2.5833333333333335	112.0	0.9444501377615282			
holdout	sparse_low_n	2001	hard_z1	reference	0.5033617983202198	0.7451298701298702	0.75	20.305555555555557	2.5833333333333335	112.0	0.9234323907777252			
holdout	sparse_low_n	2001	wald_p05	target	0.7195616973191326	0.8871527777777778	0.9444444444444444	4.25	2.5833333333333335	112.0	0.7625700815926874			
holdout	sparse_low_n	2001	wald_p05	reference	0.5339946157957665	0.7548701298701299	0.9444444444444444	4.361111111111111	2.5833333333333335	112.0	0.7090914721347267			
holdout	sparse_low_n	2001	continuous_sign	target	0.4951192808667013	0.8229166666666666	0.0	28.062521201070254	2.5833333333333335	112.0	0.943172990270231			
holdout	sparse_low_n	2001	continuous_sign	reference	0.5234983091885639	0.7662337662337663	0.0	30.177016485586414	2.5833333333333335	112.0	0.943172990270231			
holdout	sparse_low_n	2001	eb_delta_0	target	0.6972061241888732	0.9270833333333333	0.0	3.6128007988992312	2.5833333333333335	112.0	0.858025428648613	0.9345704399269055	0.1828147073482337	True
holdout	sparse_low_n	2001	eb_delta_0	reference	0.712247071421124	0.8474025974025974	0.0	3.7153106117838925	2.5833333333333335	112.0	0.8809497721621257	0.9345704399269055	0.1828147073482337	True
holdout	sparse_low_n	2001	eb_delta_0.1	target	0.7123202917100673	0.9270833333333333	0.0	3.3220104251511917	2.5833333333333335	112.0	0.8351010851351005	0.9345704399269055	0.1828147073482337	True
holdout	sparse_low_n	2001	eb_delta_0.1	reference	0.7092218299358634	0.8441558441558442	0.0	3.4221770050798446	2.5833333333333335	112.0	0.8645752410810451	0.9345704399269055	0.1828147073482337	True
holdout	sparse_low_n	2001	eb_delta_0.25	target	0.7181835463519098	0.9270833333333334	0.0	2.895802222994129	2.5833333333333335	112.0	0.812176741621588	0.9345704399269055	0.1828147073482337	True
holdout	sparse_low_n	2001	eb_delta_0.25	reference	0.7292147301862809	0.8474025974025974	0.0	2.982727423104653	2.5833333333333335	112.0	0.8023520229729396	0.9345704399269055	0.1828147073482337	True
holdout	sparse_low_n	2001	eb_delta_0.5	target	0.7317341793019458	0.9166666666666667	0.0	2.23169941060327	2.5833333333333335	112.0	0.7172044613513217	0.9345704399269055	0.1828147073482337	True
holdout	sparse_low_n	2001	eb_delta_0.5	reference	0.7369751322571667	0.8474025974025974	0.0	2.2719523934163064	2.5833333333333335	112.0	0.7565033359459146	0.9345704399269055	0.1828147073482337	True
holdout	sparse_low_n	2002	hard_z1	target	0.5680949072006776	0.7983539094650206	0.5833333333333334	19.444444444444443	2.5277777777777777	112.0	0.939652395569663			
holdout	sparse_low_n	2002	hard_z1	reference	0.5691970476922533	0.8148148148148149	0.6666666666666666	18.916666666666668	2.4444444444444446	112.0	0.9048645352557909			
holdout	sparse_low_n	2002	wald_p05	target	0.41026514795487357	0.6975308641975309	0.9444444444444444	4.25	2.5277777777777777	112.0	0.7775159172581775			
holdout	sparse_low_n	2002	wald_p05	reference	0.7020618787347818	0.757201646090535	0.9722222222222222	4.305555555555555	2.4444444444444446	112.0	0.7258710241774875			
holdout	sparse_low_n	2002	continuous_sign	target	0.5366000326787872	0.7901234567901234	0.0	29.38430676382662	2.5277777777777777	112.0	0.943172990270231			
holdout	sparse_low_n	2002	continuous_sign	reference	0.5804865112918046	0.831275720164609	0.0	28.7905403210934	2.4444444444444446	112.0	0.943172990270231			
holdout	sparse_low_n	2002	eb_delta_0	target	0.6389100143394111	0.8518518518518517	0.0	3.6274281458354736	2.5277777777777777	112.0	0.9071490218918543	0.9347088654034431	0.18371938459380982	True
holdout	sparse_low_n	2002	eb_delta_0	reference	0.752394761574593	0.8477366255144033	0.0	3.6851795015393876	2.4444444444444446	112.0	0.851475616216181	0.9347088654034431	0.18371938459380982	True
holdout	sparse_low_n	2002	eb_delta_0.1	target	0.6290218073490157	0.8518518518518517	0.0	3.335705346145116	2.5277777777777777	112.0	0.8940493970269899	0.9347088654034431	0.18371938459380982	True
holdout	sparse_low_n	2002	eb_delta_0.1	reference	0.7639781658815495	0.8559670781893004	0.0	3.394378044271599	2.4444444444444446	112.0	0.8318261789188844	0.9347088654034431	0.18371938459380982	True
holdout	sparse_low_n	2002	eb_delta_0.25	target	0.6403602846980024	0.8641975308641975	0.0	2.903068453315141	2.5277777777777777	112.0	0.8645752410810451	0.9347088654034431	0.18371938459380982	True
holdout	sparse_low_n	2002	eb_delta_0.25	reference	0.7776676436988619	0.8600823045267489	0.0	2.965301218121615	2.4444444444444446	112.0	0.7892523981080753	0.9347088654034431	0.18371938459380982	True
holdout	sparse_low_n	2002	eb_delta_0.5	target	0.6526216613660926	0.8765432098765431	0.0	2.2201660322858627	2.5277777777777777	112.0	0.812176741621588	0.9347088654034431	0.18371938459380982	True
holdout	sparse_low_n	2002	eb_delta_0.5	reference	0.7963590461032692	0.8559670781893003	0.0	2.2853846054752758	2.4444444444444446	112.0	0.7237542737837538	0.9347088654034431	0.18371938459380982	True
holdout	sparse_low_n	2003	hard_z1	target	0.6159704861336175	0.8763636363636365	0.4722222222222222	20.22222222222222	3.111111111111111	112.0	0.9384972119516966			
holdout	sparse_low_n	2003	hard_z1	reference	0.6224777967071616	0.7761904761904763	0.5833333333333334	18.916666666666668	2.9722222222222223	112.0	0.9444501377615282			
holdout	sparse_low_n	2003	wald_p05	target	0.7746010334718993	0.88	0.8611111111111112	4.805555555555555	3.111111111111111	112.0	0.7511565157216643			
holdout	sparse_low_n	2003	wald_p05	reference	0.6436825913612221	0.7587301587301588	0.8888888888888888	4.333333333333333	2.9722222222222223	112.0	0.7706144723037422			
holdout	sparse_low_n	2003	continuous_sign	target	0.559937027585594	0.84	0.0	30.368190370470302	3.111111111111111	112.0	0.943172990270231			
holdout	sparse_low_n	2003	continuous_sign	reference	0.6333625511475559	0.8	0.0	27.982561117271715	2.9722222222222223	112.0	0.943172990270231			
holdout	sparse_low_n	2003	eb_delta_0	target	0.718069208466459	0.8909090909090909	0.0	4.117710034805208	3.111111111111111	112.0	0.8940493970269899	0.9271420758140071	0.19263448111703613	True
holdout	sparse_low_n	2003	eb_delta_0	reference	0.6840682415269734	0.8126984126984127	0.0	4.042376575980147	2.9722222222222223	112.0	0.8874995845945578	0.9271420758140071	0.19263448111703613	True
holdout	sparse_low_n	2003	eb_delta_0.1	target	0.728402080500858	0.8981818181818182	0.0	3.7907850080884375	3.111111111111111	112.0	0.8776748659459096	0.9271420758140071	0.19263448111703613	True
holdout	sparse_low_n	2003	eb_delta_0.1	reference	0.7020183179661988	0.8253968253968255	0.0	3.7190321942182587	2.9722222222222223	112.0	0.8678501472972613	0.9271420758140071	0.19263448111703613	True
holdout	sparse_low_n	2003	eb_delta_0.25	target	0.7372961982013533	0.9018181818181819	0.0	3.299076588119434	3.111111111111111	112.0	0.8645752410810451	0.9271420758140071	0.19263448111703613	True
holdout	sparse_low_n	2003	eb_delta_0.25	reference	0.6982186667491364	0.8222222222222223	0.0	3.2455697103800563	2.9722222222222223	112.0	0.8383759913513167	0.9271420758140071	0.19263448111703613	True
holdout	sparse_low_n	2003	eb_delta_0.5	target	0.7682948143045502	0.9054545454545454	0.0	2.499264257071165	3.111111111111111	112.0	0.8089018354053719	0.9271420758140071	0.19263448111703613	True
holdout	sparse_low_n	2003	eb_delta_0.5	reference	0.7021493404219594	0.819047619047619	0.0	2.506771545838885	2.9722222222222223	112.0	0.7434037110810502	0.9271420758140071	0.19263448111703613	True
holdout	sparse_low_n	2004	hard_z1	target	0.6862843322560537	0.8884615384615384	0.5833333333333334	19.666666666666668	3.0833333333333335	112.0	0.9377099581428551			
holdout	sparse_low_n	2004	hard_z1	reference	0.7680777853648239	0.851923076923077	0.6388888888888888	19.97222222222222	2.861111111111111	112.0	0.936433071919189			
holdout	sparse_low_n	2004	wald_p05	target	0.7462246361896316	0.8826923076923077	0.8888888888888888	4.0	3.0833333333333335	112.0	0.7263771488532921			
holdout	sparse_low_n	2004	wald_p05	reference	0.7641853041426028	0.8692307692307693	0.9166666666666666	4.361111111111111	2.861111111111111	112.0	0.7515991101914072			
holdout	sparse_low_n	2004	continuous_sign	target	0.6815167971439449	0.8923076923076922	0.0	29.039659921847083	3.0833333333333335	112.0	0.943172990270231			
holdout	sparse_low_n	2004	continuous_sign	reference	0.7932402235202294	0.8576923076923078	0.0	29.368278741107233	2.861111111111111	112.0	0.943172990270231			
holdout	sparse_low_n	2004	eb_delta_0	target	0.8349329613013245	0.95	0.0	3.914731339166373	3.0833333333333335	112.0	0.8874995845945578	0.9299228106614398	0.17927263654642814	True
holdout	sparse_low_n	2004	eb_delta_0	reference	0.8577376933552904	0.8884615384615385	0.0	3.9339143450711043	2.861111111111111	112.0	0.9202486467567186	0.9299228106614398	0.17927263654642814	True
holdout	sparse_low_n	2004	eb_delta_0.1	target	0.8473052326043389	0.95	0.0	3.6026417746130073	3.0833333333333335	112.0	0.8743999597296934	0.9299228106614398	0.17927263654642814	True
holdout	sparse_low_n	2004	eb_delta_0.1	reference	0.8527561814574605	0.8846153846153846	0.0	3.6209357625858782	2.861111111111111	112.0	0.9071490218918543	0.9299228106614398	0.17927263654642814	True
holdout	sparse_low_n	2004	eb_delta_0.25	target	0.8607193793855019	0.95	0.0	3.143413243257206	3.0833333333333335	112.0	0.8449258037837488	0.9299228106614398	0.17927263654642814	True
holdout	sparse_low_n	2004	eb_delta_0.25	reference	0.8502654255085454	0.8846153846153846	0.0	3.1576831124864375	2.861111111111111	112.0	0.8907744908107738	0.9299228106614398	0.17927263654642814	True
holdout	sparse_low_n	2004	eb_delta_0.5	target	0.8715288374712935	0.9346153846153846	0.0	2.425282577550026	3.0833333333333335	112.0	0.7958022105405077	0.9299228106614398	0.17927263654642814	True
holdout	sparse_low_n	2004	eb_delta_0.5	reference	0.8646855915285794	0.8923076923076922	0.0	2.4312107674218773	2.861111111111111	112.0	0.8318261789188844	0.9299228106614398	0.17927263654642814	True
holdout	sparse_low_n	2005	hard_z1	target	0.38033500360905637	0.6913580246913581	0.6944444444444444	19.13888888888889	2.5277777777777777	112.0	0.9450601295177923			
holdout	sparse_low_n	2005	hard_z1	reference	0.7931447807446117	0.9634615384615385	0.6388888888888888	18.77777777777778	2.4166666666666665	112.0	0.9443282810888372			
holdout	sparse_low_n	2005	wald_p05	target	0.5222631730788113	0.7674897119341563	0.8333333333333334	4.138888888888889	2.5277777777777777	112.0	0.7863423898145351			
holdout	sparse_low_n	2005	wald_p05	reference	0.7809274178426387	0.8923076923076924	0.9166666666666666	3.9444444444444446	2.4166666666666665	112.0	0.7802942741771849			
holdout	sparse_low_n	2005	continuous_sign	target	0.44735923572935116	0.7119341563786009	0.0	29.332047309368665	2.5277777777777777	112.0	0.943172990270231			
holdout	sparse_low_n	2005	continuous_sign	reference	0.7983975993758957	0.9653846153846154	0.0	28.658870340376236	2.4166666666666665	112.0	0.943172990270231			
holdout	sparse_low_n	2005	eb_delta_0	target	0.62239563188666	0.8600823045267489	0.0	3.30616063011397	2.5277777777777777	112.0	0.8613003348648292	0.9442118810298018	0.16951473326040206	True
holdout	sparse_low_n	2005	eb_delta_0	reference	0.8627253350656833	0.9769230769230769	0.0	2.9421071115166435	2.4166666666666665	112.0	0.9366231778377989	0.9442118810298018	0.16951473326040206	True
holdout	sparse_low_n	2005	eb_delta_0.1	target	0.6219996219406028	0.8600823045267489	0.0	3.057298780144359	2.5277777777777777	112.0	0.8449258037837488	0.9442118810298018	0.16951473326040206	True
holdout	sparse_low_n	2005	eb_delta_0.1	reference	0.8627253350656833	0.9769230769230769	0.0	2.693302669730187	2.4166666666666665	112.0	0.9366231778377989	0.9442118810298018	0.16951473326040206	True
holdout	sparse_low_n	2005	eb_delta_0.25	target	0.639028049621065	0.8724279835390946	0.0	2.689778573499932	2.5277777777777777	112.0	0.7958022105405077	0.9442118810298018	0.16951473326040206	True
holdout	sparse_low_n	2005	eb_delta_0.25	reference	0.8624633076290651	0.9653846153846154	0.0	2.325990890577523	2.4166666666666665	112.0	0.9235235529729348	0.9442118810298018	0.16951473326040206	True
holdout	sparse_low_n	2005	eb_delta_0.5	target	0.6287317910235762	0.888888888888889	0.0	2.1148081571405712	2.5277777777777777	112.0	0.6386067121621357	0.9442118810298018	0.16951473326040206	True
holdout	sparse_low_n	2005	eb_delta_0.5	reference	0.8612841841642828	0.9576923076923076	0.0	1.750108521707856	2.4166666666666665	112.0	0.8973243032432059	0.9442118810298018	0.16951473326040206	True
holdout	sparse_low_n	2006	hard_z1	target	0.7287038639767157	0.9074074074074073	0.7777777777777778	19.944444444444443	2.888888888888889	112.0	0.9103695746756681			
holdout	sparse_low_n	2006	hard_z1	reference	0.656220342317127	0.8251028806584363	0.4722222222222222	19.72222222222222	3.4166666666666665	112.0	0.9340096451698272			
holdout	sparse_low_n	2006	wald_p05	target	0.7360069571983515	0.9444444444444444	0.8611111111111112	4.611111111111111	2.888888888888889	112.0	0.7459599061852745			
holdout	sparse_low_n	2006	wald_p05	reference	0.8185725277769897	0.9403292181069959	1.0	4.222222222222222	3.4166666666666665	112.0	0.7642137145170248			
holdout	sparse_low_n	2006	continuous_sign	target	0.7081763733869548	0.8888888888888888	0.0	29.12903305589052	2.888888888888889	112.0	0.943172990270231			
holdout	sparse_low_n	2006	continuous_sign	reference	0.6493158531467077	0.8189300411522634	0.0	29.084406777157408	3.4166666666666665	112.0	0.943172990270231			
holdout	sparse_low_n	2006	eb_delta_0	target	0.7759149830152723	0.934156378600823	0.0	3.4907111518543044	2.888888888888889	112.0	0.9005992094594221	0.9371024518760352	0.1964189796156184	True
holdout	sparse_low_n	2006	eb_delta_0	reference	0.775900570660582	0.9218106995884774	0.0	3.553813097305276	3.4166666666666665	112.0	0.9169737405405026	0.9371024518760352	0.1964189796156184	True
holdout	sparse_low_n	2006	eb_delta_0.1	target	0.7799766791438562	0.9382716049382716	0.0	3.209897025743255	2.888888888888889	112.0	0.8907744908107738	0.9371024518760352	0.1964189796156184	True
holdout	sparse_low_n	2006	eb_delta_0.1	reference	0.7812345618405088	0.9218106995884774	0.0	3.273476423368253	3.4166666666666665	112.0	0.9104239281080704	0.9371024518760352	0.1964189796156184	True
holdout	sparse_low_n	2006	eb_delta_0.25	target	0.7925548348968898	0.9465020576131687	0.0	2.793260695556643	2.888888888888889	112.0	0.8678501472972613	0.9371024518760352	0.1964189796156184	True
holdout	sparse_low_n	2006	eb_delta_0.25	reference	0.8013996504475495	0.9300411522633746	0.0	2.860523859231721	3.4166666666666665	112.0	0.8907744908107738	0.9371024518760352	0.1964189796156184	True
holdout	sparse_low_n	2006	eb_delta_0.5	target	0.7544273002705062	0.9218106995884774	0.0	2.1328802778618883	2.888888888888889	112.0	0.7990771167567237	0.9371024518760352	0.1964189796156184	True
holdout	sparse_low_n	2006	eb_delta_0.5	reference	0.8442016772328165	0.9588477366255144	0.0	2.217436992698735	3.4166666666666665	112.0	0.8056269291891558	0.9371024518760352	0.1964189796156184	True
holdout	sparse_low_n	2007	hard_z1	target	0.8118915267778507	0.9045138888888888	0.6666666666666666	21.194444444444443	3.111111111111111	112.0	0.925012867846218			
holdout	sparse_low_n	2007	hard_z1	reference	0.5616276139440637	0.703125	0.5555555555555556	18.75	2.7777777777777777	112.0	0.9445720416197658			
holdout	sparse_low_n	2007	wald_p05	target	0.7929442535585214	0.8940972222222222	0.8611111111111112	5.027777777777778	3.111111111111111	112.0	0.8387152980271114			
holdout	sparse_low_n	2007	wald_p05	reference	0.6843668653358647	0.7864583333333334	0.9166666666666666	4.083333333333333	2.7777777777777777	112.0	0.7937164050922914			
holdout	sparse_low_n	2007	continuous_sign	target	0.8029404022999667	0.90625	0.0	29.910078709364274	3.111111111111111	112.0	0.943172990270231			
holdout	sparse_low_n	2007	continuous_sign	reference	0.5572621578909133	0.7013888888888888	0.0	28.813480441032677	2.7777777777777777	112.0	0.943172990270231			
holdout	sparse_low_n	2007	eb_delta_0	target	0.8349534858741721	0.9027777777777777	0.0	4.664407020629657	3.111111111111111	112.0	0.9366231778377989	0.9215320999135759	0.17144528297258932	True
holdout	sparse_low_n	2007	eb_delta_0	reference	0.7198078601221285	0.8055555555555556	0.0	4.123996676347235	2.7777777777777777	112.0	0.9104239281080704	0.9215320999135759	0.17144528297258932	True
holdout	sparse_low_n	2007	eb_delta_0.1	target	0.8271135470396729	0.8958333333333334	0.0	4.313599140476257	3.111111111111111	112.0	0.9235235529729348	0.9215320999135759	0.17144528297258932	True
holdout	sparse_low_n	2007	eb_delta_0.1	reference	0.724257581439247	0.8090277777777778	0.0	3.7746962929229477	2.7777777777777777	112.0	0.9071490218918543	0.9215320999135759	0.17144528297258932	True
holdout	sparse_low_n	2007	eb_delta_0.25	target	0.8307721851624392	0.8958333333333334	0.0	3.791286785981565	3.111111111111111	112.0	0.9169737405405026	0.9215320999135759	0.17144528297258932	True
holdout	sparse_low_n	2007	eb_delta_0.25	reference	0.738391990328918	0.8194444444444444	0.0	3.261676172765044	2.7777777777777777	112.0	0.8874995845945578	0.9215320999135759	0.17144528297258932	True
holdout	sparse_low_n	2007	eb_delta_0.5	target	0.8264602188034645	0.892361111111111	0.0	2.9550452866882497	3.111111111111111	112.0	0.8973243032432059	0.9215320999135759	0.17144528297258932	True
holdout	sparse_low_n	2007	eb_delta_0.5	reference	0.7525263992185889	0.8368055555555556	0.0	2.4682727453295237	2.7777777777777777	112.0	0.815451647837804	0.9215320999135759	0.17144528297258932	True
holdout	sparse_low_n	2008	hard_z1	target	0.4944838921058099	0.7366255144032923	0.6666666666666666	18.86111111111111	2.2777777777777777	112.0	0.9253115963758355			
holdout	sparse_low_n	2008	hard_z1	reference	0.7443017515574561	0.9197530864197531	0.6388888888888888	20.055555555555557	3.3333333333333335	112.0	0.9312126105181588			
holdout	sparse_low_n	2008	wald_p05	target	0.5594462554549163	0.8415637860082305	0.8888888888888888	4.611111111111111	2.2777777777777777	112.0	0.7602070114299347			
holdout	sparse_low_n	2008	wald_p05	reference	0.7985315739465233	0.9218106995884775	0.9166666666666666	5.111111111111111	3.3333333333333335	112.0	0.8259439359353545			
holdout	sparse_low_n	2008	continuous_sign	target	0.5330237357513292	0.7736625514403292	0.0	28.81249979570382	2.2777777777777777	112.0	0.943172990270231			
holdout	sparse_low_n	2008	continuous_sign	reference	0.7165263035512727	0.9135802469135803	0.0	29.67224971686043	3.3333333333333335	112.0	0.943172990270231			
holdout	sparse_low_n	2008	eb_delta_0	target	0.6834074291999717	0.8518518518518519	0.0	3.706194164314896	2.2777777777777777	112.0	0.8940493970269899	0.9315504938187034	0.19563312880583214	True
holdout	sparse_low_n	2008	eb_delta_0	reference	0.8287877149933758	0.9423868312757202	0.0	3.9601502208312676	3.3333333333333335	112.0	0.9169737405405026	0.9315504938187034	0.19563312880583214	True
holdout	sparse_low_n	2008	eb_delta_0.1	target	0.686944327913485	0.8641975308641976	0.0	3.401164604889513	2.2777777777777777	112.0	0.8776748659459096	0.9315504938187034	0.19563312880583214	True
holdout	sparse_low_n	2008	eb_delta_0.1	reference	0.8263218574010059	0.9382716049382717	0.0	3.654209492005216	3.3333333333333335	112.0	0.9104239281080704	0.9315504938187034	0.19563312880583214	True
holdout	sparse_low_n	2008	eb_delta_0.25	target	0.689564252886458	0.8641975308641976	0.0	2.950626122540758	2.2777777777777777	112.0	0.854750522432397	0.9315504938187034	0.19563312880583214	True
holdout	sparse_low_n	2008	eb_delta_0.25	reference	0.8391702732770384	0.9423868312757202	0.0	3.1983976552277795	3.3333333333333335	112.0	0.8940493970269899	0.9315504938187034	0.19563312880583214	True
holdout	sparse_low_n	2008	eb_delta_0.5	target	0.6936251365945658	0.8847736625514403	0.0	2.2365982056099494	2.2777777777777777	112.0	0.7696029608107788	0.9315504938187034	0.19563312880583214	True
holdout	sparse_low_n	2008	eb_delta_0.5	reference	0.8398191831697673	0.934156378600823	0.0	2.47320216331548	3.3333333333333335	112.0	0.854750522432397	0.9315504938187034	0.19563312880583214	True
holdout	sparse_low_n	2009	hard_z1	target	0.505514679522976	0.8211805555555555	0.6388888888888888	17.52777777777778	2.4444444444444446	112.0	0.9169307968354928			
holdout	sparse_low_n	2009	hard_z1	reference	0.6890118987576163	0.8903846153846154	0.5555555555555556	20.86111111111111	3.2222222222222223	112.0	0.9405034935107055			
holdout	sparse_low_n	2009	wald_p05	target	0.5458955911619917	0.8454861111111112	0.9444444444444444	3.7777777777777777	2.4444444444444446	112.0	0.7748287024540211			
holdout	sparse_low_n	2009	wald_p05	reference	0.7115828229319605	0.9076923076923077	0.9444444444444444	4.916666666666667	3.2222222222222223	112.0	0.8137336514490257			
holdout	sparse_low_n	2009	continuous_sign	target	0.46509350929968335	0.7847222222222221	0.0	27.004448664876353	2.4444444444444446	112.0	0.943172990270231			
holdout	sparse_low_n	2009	continuous_sign	reference	0.6977354183373123	0.9038461538461539	0.0	30.67816677221064	3.2222222222222223	112.0	0.943172990270231			
holdout	sparse_low_n	2009	eb_delta_0	target	0.7147642801716325	0.875	0.0	3.072506246005981	2.4444444444444446	112.0	0.8383759913513167	0.9420606555222742	0.1922402970866427	True
holdout	sparse_low_n	2009	eb_delta_0	reference	0.7790035205476776	0.9461538461538462	0.0	3.4166987878416175	3.2222222222222223	112.0	0.8776748659459096	0.9420606555222742	0.1922402970866427	True
holdout	sparse_low_n	2009	eb_delta_0.1	target	0.7278360482801116	0.875	0.0	2.8161813706891574	2.4444444444444446	112.0	0.8056269291891558	0.9420606555222742	0.1922402970866427	True
holdout	sparse_low_n	2009	eb_delta_0.1	reference	0.7829043894537749	0.9461538461538462	0.0	3.1561502619034987	3.2222222222222223	112.0	0.854750522432397	0.9420606555222742	0.1922402970866427	True
holdout	sparse_low_n	2009	eb_delta_0.25	target	0.763652692897344	0.8958333333333333	0.0	2.445101271102577	2.4444444444444446	112.0	0.7499535235134823	0.9420606555222742	0.1922402970866427	True
holdout	sparse_low_n	2009	eb_delta_0.25	reference	0.7921364458648726	0.9461538461538461	0.0	2.763187354192504	3.2222222222222223	112.0	0.815451647837804	0.9420606555222742	0.1922402970866427	True
holdout	sparse_low_n	2009	eb_delta_0.5	target	0.7895347937521325	0.9027777777777777	0.0	1.8709727571388504	2.4444444444444446	112.0	0.6811804929729447	0.9420606555222742	0.1922402970866427	True
holdout	sparse_low_n	2009	eb_delta_0.5	reference	0.7925265327554823	0.9346153846153846	0.0	2.133493655501362	3.2222222222222223	112.0	0.7565033359459146	0.9420606555222742	0.1922402970866427	True
holdout	sparse_low_n	2010	hard_z1	target	0.6654498034391103	0.8109090909090909	0.5277777777777778	19.083333333333332	3.0833333333333335	112.0	0.94420647157126			
holdout	sparse_low_n	2010	hard_z1	reference	0.7326396164504969	0.8587301587301588	0.6388888888888888	18.38888888888889	2.7222222222222223	112.0	0.9017023517341328			
holdout	sparse_low_n	2010	wald_p05	target	0.6936604370601919	0.9272727272727272	0.8888888888888888	4.444444444444445	3.0833333333333335	112.0	0.656583335506			
holdout	sparse_low_n	2010	wald_p05	reference	0.7452987328153933	0.8793650793650793	0.9166666666666666	4.416666666666667	2.7222222222222223	112.0	0.8337973834937159			
holdout	sparse_low_n	2010	continuous_sign	target	0.6406089910599678	0.8181818181818181	0.0	29.661657782423212	3.0833333333333335	112.0	0.943172990270231			
holdout	sparse_low_n	2010	continuous_sign	reference	0.6815635712120734	0.8317460317460318	0.0	27.957674174184277	2.7222222222222223	112.0	0.943172990270231			
holdout	sparse_low_n	2010	eb_delta_0	target	0.7498318465041699	0.9054545454545455	0.0	3.842835595027254	3.0833333333333335	112.0	0.8645752410810451	0.9333307146579541	0.17184130410808413	True
holdout	sparse_low_n	2010	eb_delta_0	reference	0.8054114259379015	0.9269841269841269	0.0	3.6241245222635703	2.7222222222222223	112.0	0.8711250535134775	0.9333307146579541	0.17184130410808413	True
holdout	sparse_low_n	2010	eb_delta_0.1	target	0.7536116350577282	0.9090909090909092	0.0	3.5449122844350645	3.0833333333333335	112.0	0.8482007099999648	0.9333307146579541	0.17184130410808413	True
holdout	sparse_low_n	2010	eb_delta_0.1	reference	0.8100824118381214	0.9301587301587301	0.0	3.3273963899163244	2.7222222222222223	112.0	0.8645752410810451	0.9333307146579541	0.17184130410808413	True
holdout	sparse_low_n	2010	eb_delta_0.25	target	0.766906063763347	0.92	0.0	3.102989370939002	3.0833333333333335	112.0	0.8220014602702361	0.9333307146579541	0.17184130410808413	True
holdout	sparse_low_n	2010	eb_delta_0.25	reference	0.8144864842583286	0.9365079365079365	0.0	2.891671703701218	2.7222222222222223	112.0	0.851475616216181	0.9333307146579541	0.17184130410808413	True
holdout	sparse_low_n	2010	eb_delta_0.5	target	0.7712072024622237	0.92	0.0	2.4007500064346936	3.0833333333333335	112.0	0.776152773243211	0.9333307146579541	0.17184130410808413	True
holdout	sparse_low_n	2010	eb_delta_0.5	reference	0.8311685767591136	0.9492063492063492	0.0	2.2126013443494212	2.7222222222222223	112.0	0.81872655405402	0.9333307146579541	0.17184130410808413	True
holdout	sparse_low_n	2011	hard_z1	target	0.7169102110937152	0.9629629629629629	0.5277777777777778	18.36111111111111	3.1666666666666665	112.0	0.94226343486432			
holdout	sparse_low_n	2011	hard_z1	reference	0.5937272790660452	0.7673076923076924	0.5	19.27777777777778	2.8055555555555554	112.0	0.9210788216181544			
holdout	sparse_low_n	2011	wald_p05	target	0.8043163574154494	0.9835390946502057	0.8611111111111112	4.361111111111111	3.1666666666666665	112.0	0.7732466365994836			
holdout	sparse_low_n	2011	wald_p05	reference	0.787200677953721	0.948076923076923	0.8888888888888888	4.416666666666667	2.8055555555555554	112.0	0.7229022095709146			
holdout	sparse_low_n	2011	continuous_sign	target	0.7561142112206629	0.9753086419753086	0.0	28.940836619264196	3.1666666666666665	112.0	0.943172990270231			
holdout	sparse_low_n	2011	continuous_sign	reference	0.59403928654561	0.7538461538461538	0.0	28.8318036324858	2.8055555555555554	112.0	0.943172990270231			
holdout	sparse_low_n	2011	eb_delta_0	target	0.7954165333873825	0.9794238683127572	0.0	4.041703510457383	3.1666666666666665	112.0	0.9038741156756381	0.9283840184456511	0.18486845479760727	True
holdout	sparse_low_n	2011	eb_delta_0	reference	0.7519979559824858	0.8730769230769231	0.0	3.979288420904135	2.8055555555555554	112.0	0.933348271621583	0.9283840184456511	0.18486845479760727	True
holdout	sparse_low_n	2011	eb_delta_0.1	target	0.7870875644513888	0.9835390946502058	0.0	3.7225811328960714	3.1666666666666665	112.0	0.8809497721621257	0.9283840184456511	0.18486845479760727	True
holdout	sparse_low_n	2011	eb_delta_0.1	reference	0.7592963763525064	0.8807692307692307	0.0	3.659418822291291	2.8055555555555554	112.0	0.9202486467567186	0.9283840184456511	0.18486845479760727	True
holdout	sparse_low_n	2011	eb_delta_0.25	target	0.7939849918515086	0.9794238683127573	0.0	3.2523107249530363	3.1666666666666665	112.0	0.8613003348648292	0.9283840184456511	0.18486845479760727	True
holdout	sparse_low_n	2011	eb_delta_0.25	reference	0.7553865082971382	0.8807692307692307	0.0	3.1843732845979003	2.8055555555555554	112.0	0.8842246783783417	0.9283840184456511	0.18486845479760727	True
holdout	sparse_low_n	2011	eb_delta_0.5	target	0.799971438274254	0.9711934156378601	0.0	2.5197229290380934	3.1666666666666665	112.0	0.7794276794594271	0.9283840184456511	0.18486845479760727	True
holdout	sparse_low_n	2011	eb_delta_0.5	reference	0.7367494705665497	0.8846153846153846	0.0	2.4283878554307052	2.8055555555555554	112.0	0.8318261789188844	0.9283840184456511	0.18486845479760727	True
holdout	sparse_low_n	2012	hard_z1	target	0.6434852014962036	0.8611111111111112	0.6666666666666666	19.055555555555557	2.5	112.0	0.9172862652717324			
holdout	sparse_low_n	2012	hard_z1	reference	0.8440141133465626	0.9634615384615385	0.4444444444444444	20.02777777777778	3.2777777777777777	112.0	0.9439629938798547			
holdout	sparse_low_n	2012	wald_p05	target	0.6474084080391641	0.8395061728395061	0.9444444444444444	3.9166666666666665	2.5	112.0	0.7045168743953306			
holdout	sparse_low_n	2012	wald_p05	reference	0.8616137545778165	0.9884615384615385	0.8611111111111112	5.083333333333333	3.2777777777777777	112.0	0.8949728114808116			
holdout	sparse_low_n	2012	continuous_sign	target	0.584225806837209	0.8302469135802468	0.0	28.653118454431038	2.5	112.0	0.943172990270231			
holdout	sparse_low_n	2012	continuous_sign	reference	0.8150397234187193	0.9615384615384615	0.0	29.67563228596028	3.2777777777777777	112.0	0.943172990270231			
holdout	sparse_low_n	2012	eb_delta_0	target	0.6593784901712683	0.8611111111111112	0.0	3.276254432968156	2.5	112.0	0.9005992094594221	0.9363950538110846	0.1960759769872928	True
holdout	sparse_low_n	2012	eb_delta_0	reference	0.8836718795123751	0.9961538461538462	0.0	3.8475035702986804	3.2777777777777777	112.0	0.9366231778377989	0.9363950538110846	0.1960759769872928	True
holdout	sparse_low_n	2012	eb_delta_0.1	target	0.6637601837225473	0.8611111111111112	0.0	2.9927602247426313	2.5	112.0	0.8743999597296934	0.9363950538110846	0.1960759769872928	True
holdout	sparse_low_n	2012	eb_delta_0.1	reference	0.8885366108829983	1.0	0.0	3.563419791506213	3.2777777777777777	112.0	0.9267984591891507	0.9363950538110846	0.1960759769872928	True
holdout	sparse_low_n	2012	eb_delta_0.25	target	0.6579179256541752	0.8580246913580247	0.0	2.5752450555007043	2.5	112.0	0.81872655405402	0.9363950538110846	0.1960759769872928	True
holdout	sparse_low_n	2012	eb_delta_0.25	reference	0.8911661954076593	1.0	0.0	3.140752152241637	3.2777777777777777	112.0	0.9169737405405026	0.9363950538110846	0.1960759769872928	True
holdout	sparse_low_n	2012	eb_delta_0.5	target	0.6467645238872831	0.8549382716049383	0.0	1.9315113932518304	2.5	112.0	0.7434037110810502	0.9363950538110846	0.1960759769872928	True
holdout	sparse_low_n	2012	eb_delta_0.5	reference	0.8856440679058709	0.9961538461538462	0.0	2.4605163228001796	3.2777777777777777	112.0	0.8874995845945578	0.9363950538110846	0.1960759769872928	True
holdout	sparse_low_n	2013	hard_z1	target	0.5236991513283707	0.8576923076923078	0.5833333333333334	19.416666666666668	2.6944444444444446	112.0	0.9283529896628642			
holdout	sparse_low_n	2013	hard_z1	reference	0.5976563978955894	0.7708978328173375	0.6666666666666666	19.055555555555557	2.7777777777777777	112.0	0.9109580108916412			
holdout	sparse_low_n	2013	wald_p05	target	0.6603779912458098	0.9230769230769231	0.9444444444444444	4.5	2.6944444444444446	112.0	0.8177740209488807			
holdout	sparse_low_n	2013	wald_p05	reference	0.6554638719057555	0.7894736842105263	0.9722222222222222	4.305555555555555	2.7777777777777777	112.0	0.6310655719237309			
holdout	sparse_low_n	2013	continuous_sign	target	0.5253643005107456	0.8692307692307693	0.0	29.108966160682865	2.6944444444444446	112.0	0.943172990270231			
holdout	sparse_low_n	2013	continuous_sign	reference	0.5776240374899748	0.7708978328173375	0.0	28.744869978380684	2.7777777777777777	112.0	0.943172990270231			
holdout	sparse_low_n	2013	eb_delta_0	target	0.7017459130643531	0.9538461538461539	0.0	3.8376231466604227	2.6944444444444446	112.0	0.9071490218918543	0.9308589741502676	0.17823205853970545	True
holdout	sparse_low_n	2013	eb_delta_0	reference	0.6941185405137016	0.8142414860681115	0.0	3.9061692497196217	2.7777777777777777	112.0	0.8711250535134775	0.9308589741502676	0.17823205853970545	True
holdout	sparse_low_n	2013	eb_delta_0.1	target	0.715434064814633	0.9615384615384616	0.0	3.5285951152135393	2.6944444444444446	112.0	0.8874995845945578	0.9308589741502676	0.17823205853970545	True
holdout	sparse_low_n	2013	eb_delta_0.1	reference	0.700539497373277	0.8204334365325078	0.0	3.598186567297204	2.7777777777777777	112.0	0.851475616216181	0.9308589741502676	0.17823205853970545	True
holdout	sparse_low_n	2013	eb_delta_0.25	target	0.7253416794148357	0.9692307692307692	0.0	3.0692917384387526	2.6944444444444446	112.0	0.8678501472972613	0.9308589741502676	0.17823205853970545	True
holdout	sparse_low_n	2013	eb_delta_0.25	reference	0.7108916523101437	0.826625386996904	0.0	3.1437473776856653	2.7777777777777777	112.0	0.8351010851351005	0.9308589741502676	0.17823205853970545	True
holdout	sparse_low_n	2013	eb_delta_0.5	target	0.7421585515651796	0.9769230769230769	0.0	2.3413205736346607	2.6944444444444446	112.0	0.81872655405402	0.9308589741502676	0.17823205853970545	True
holdout	sparse_low_n	2013	eb_delta_0.5	reference	0.7119399717974213	0.8297213622291022	0.0	2.425882516687894	2.7777777777777777	112.0	0.7859774918918592	0.9308589741502676	0.17823205853970545	True
holdout	sparse_low_n	2014	hard_z1	target	0.7567316001979406	0.9096989966555185	0.6944444444444444	19.055555555555557	3.111111111111111	112.0	0.914181635254184			
holdout	sparse_low_n	2014	hard_z1	reference	0.6456629382655688	0.95	0.5277777777777778	19.416666666666668	2.9166666666666665	112.0	0.928712839662681			
holdout	sparse_low_n	2014	wald_p05	target	0.7970135060757825	0.8612040133779264	0.9444444444444444	4.388888888888889	3.111111111111111	112.0	0.7509314271735591			
holdout	sparse_low_n	2014	wald_p05	reference	0.7132585495731779	0.9942307692307691	0.8611111111111112	4.666666666666667	2.9166666666666665	112.0	0.7084622183037839			
holdout	sparse_low_n	2014	continuous_sign	target	0.766782199083145	0.9331103678929766	0.0	29.30730187937506	3.111111111111111	112.0	0.943172990270231			
holdout	sparse_low_n	2014	continuous_sign	reference	0.6565113435859121	0.9576923076923077	0.0	28.78875429240028	2.9166666666666665	112.0	0.943172990270231			
holdout	sparse_low_n	2014	eb_delta_0	target	0.8686632636431886	0.9464882943143813	0.0	3.498819205030412	3.111111111111111	112.0	0.8645752410810451	0.9353518917826444	0.19660430913026605	True
holdout	sparse_low_n	2014	eb_delta_0	reference	0.7925029790429938	0.9961538461538462	0.0	3.7417703076961093	2.9166666666666665	112.0	0.8907744908107738	0.9353518917826444	0.19660430913026605	True
holdout	sparse_low_n	2014	eb_delta_0.1	target	0.8729680973569932	0.9464882943143813	0.0	3.209919172504036	3.111111111111111	112.0	0.8482007099999648	0.9353518917826444	0.19660430913026605	True
holdout	sparse_low_n	2014	eb_delta_0.1	reference	0.795889743910699	1.0	0.0	3.453791113253194	2.9166666666666665	112.0	0.8809497721621257	0.9353518917826444	0.19660430913026605	True
holdout	sparse_low_n	2014	eb_delta_0.25	target	0.8697068596950199	0.939799331103679	0.0	2.780399568296952	3.111111111111111	112.0	0.81872655405402	0.9353518917826444	0.19660430913026605	True
holdout	sparse_low_n	2014	eb_delta_0.25	reference	0.8027935338333286	1.0	0.0	3.0281384870247003	2.9166666666666665	112.0	0.8383759913513167	0.9353518917826444	0.19660430913026605	True
holdout	sparse_low_n	2014	eb_delta_0.5	target	0.8681414656172729	0.9364548494983278	0.0	2.096006738049719	3.111111111111111	112.0	0.7827025856756432	0.9353518917826444	0.19660430913026605	True
holdout	sparse_low_n	2014	eb_delta_0.5	reference	0.8302784333366278	1.0	0.0	2.3480776127062324	2.9166666666666665	112.0	0.7532284297296985	0.9353518917826444	0.19660430913026605	True
holdout	sparse_low_n	2015	hard_z1	target	0.6066962668400193	0.8744855967078189	0.6388888888888888	18.36111111111111	2.5833333333333335	112.0	0.8669214468630105			
holdout	sparse_low_n	2015	hard_z1	reference	0.7167180195701507	0.9279835390946501	0.6388888888888888	19.36111111111111	3.1944444444444446	112.0	0.9443282810888372			
holdout	sparse_low_n	2015	wald_p05	target	0.6863739116956641	0.8559670781893004	0.9444444444444444	3.861111111111111	2.5833333333333335	112.0	0.6761148999691039			
holdout	sparse_low_n	2015	wald_p05	reference	0.6884462360770093	0.8765432098765432	0.8888888888888888	4.222222222222222	3.1944444444444446	112.0	0.8730942211484333			
holdout	sparse_low_n	2015	continuous_sign	target	0.6235011035654979	0.8765432098765432	0.0	27.907132928403698	2.5833333333333335	112.0	0.943172990270231			
holdout	sparse_low_n	2015	continuous_sign	reference	0.6942879930763134	0.9135802469135802	0.0	29.65862819553667	3.1944444444444446	112.0	0.943172990270231			
holdout	sparse_low_n	2015	eb_delta_0	target	0.7698894649478455	0.9300411522633745	0.0	3.5324077508790297	2.5833333333333335	112.0	0.8940493970269899	0.935435115991521	0.18403043585532594	True
holdout	sparse_low_n	2015	eb_delta_0	reference	0.8088016194112252	0.9382716049382717	0.0	3.698859082860827	3.1944444444444446	112.0	0.9235235529729348	0.935435115991521	0.18403043585532594	True
holdout	sparse_low_n	2015	eb_delta_0.1	target	0.7851739383235	0.9382716049382717	0.0	3.2452840144795023	2.5833333333333335	112.0	0.8743999597296934	0.935435115991521	0.18403043585532594	True
holdout	sparse_low_n	2015	eb_delta_0.1	reference	0.8221659098988235	0.9465020576131687	0.0	3.4102815481019437	3.1944444444444446	112.0	0.9071490218918543	0.935435115991521	0.18403043585532594	True
holdout	sparse_low_n	2015	eb_delta_0.25	target	0.8001948862961261	0.9382716049382717	0.0	2.8254563577267726	2.5833333333333335	112.0	0.8252763664864522	0.935435115991521	0.18403043585532594	True
holdout	sparse_low_n	2015	eb_delta_0.25	reference	0.8156147871107852	0.934156378600823	0.0	2.9829050041745484	3.1944444444444446	112.0	0.8711250535134775	0.935435115991521	0.18403043585532594	True
holdout	sparse_low_n	2015	eb_delta_0.5	target	0.8141617326566383	0.9382716049382716	0.0	2.1785295834094884	2.5833333333333335	112.0	0.7794276794594271	0.935435115991521	0.18403043585532594	True
holdout	sparse_low_n	2015	eb_delta_0.5	reference	0.8146976299204598	0.9300411522633745	0.0	2.3056460025414456	3.1944444444444446	112.0	0.8089018354053719	0.935435115991521	0.18403043585532594	True
holdout	sparse_low_n	2016	hard_z1	target	0.7853424480262011	0.8442307692307693	0.6111111111111112	19.055555555555557	2.388888888888889	112.0	0.936433071919189			
holdout	sparse_low_n	2016	hard_z1	reference	0.5567664841296475	0.7673076923076922	0.4722222222222222	19.333333333333332	2.5833333333333335	112.0	0.9131785634834763			
holdout	sparse_low_n	2016	wald_p05	target	0.7696697818656106	0.85	0.9444444444444444	4.138888888888889	2.388888888888889	112.0	0.8012343706020425			
holdout	sparse_low_n	2016	wald_p05	reference	0.5242396802395631	0.6826923076923077	0.9444444444444444	3.861111111111111	2.5833333333333335	112.0	0.6107506790935668			
holdout	sparse_low_n	2016	continuous_sign	target	0.762418331027189	0.826923076923077	0.0	29.51675931127247	2.388888888888889	112.0	0.943172990270231			
holdout	sparse_low_n	2016	continuous_sign	reference	0.5029344573217972	0.7423076923076923	0.0	28.863448766271137	2.5833333333333335	112.0	0.943172990270231			
holdout	sparse_low_n	2016	eb_delta_0	target	0.7490379680256795	0.7846153846153846	0.0	3.4285365923422586	2.388888888888889	112.0	0.9202486467567186	0.9395155035701155	0.18344846181192506	True
holdout	sparse_low_n	2016	eb_delta_0	reference	0.7518457250971666	0.8615384615384615	0.0	3.345726028304734	2.5833333333333335	112.0	0.9005992094594221	0.9395155035701155	0.18344846181192506	True
holdout	sparse_low_n	2016	eb_delta_0.1	target	0.743790766848617	0.7769230769230769	0.0	3.1582127720055393	2.388888888888889	112.0	0.9136988343242864	0.9395155035701155	0.18344846181192506	True
holdout	sparse_low_n	2016	eb_delta_0.1	reference	0.7623317184736963	0.8538461538461538	0.0	3.0762718301632965	2.5833333333333335	112.0	0.8776748659459096	0.9395155035701155	0.18344846181192506	True
holdout	sparse_low_n	2016	eb_delta_0.25	target	0.7478573477608403	0.7769230769230768	0.0	2.755617730378008	2.388888888888889	112.0	0.8940493970269899	0.9395155035701155	0.18344846181192506	True
holdout	sparse_low_n	2016	eb_delta_0.25	reference	0.7640356923973822	0.85	0.0	2.678867876056754	2.5833333333333335	112.0	0.8613003348648292	0.9395155035701155	0.18344846181192506	True
holdout	sparse_low_n	2016	eb_delta_0.5	target	0.7289674235234153	0.7538461538461538	0.0	2.1094579232954875	2.388888888888889	112.0	0.8449258037837488	0.9395155035701155	0.18344846181192506	True
holdout	sparse_low_n	2016	eb_delta_0.5	reference	0.8032270926421613	0.8730769230769231	0.0	2.0548242476009917	2.5833333333333335	112.0	0.8056269291891558	0.9395155035701155	0.18344846181192506	True
holdout	sparse_low_n	2017	hard_z1	target	0.8457065272315413	0.9173076923076924	0.6111111111111112	19.555555555555557	3.361111111111111	112.0	0.9450601295177923			
holdout	sparse_low_n	2017	hard_z1	reference	0.691729303128537	0.9038461538461537	0.75	18.97222222222222	3.0555555555555554	112.0	0.9263294424332439			
holdout	sparse_low_n	2017	wald_p05	target	0.8391301335505159	0.8999999999999999	0.8888888888888888	5.138888888888889	3.361111111111111	112.0	0.8795535996643871			
holdout	sparse_low_n	2017	wald_p05	reference	0.7095391538109316	0.8538461538461538	0.9444444444444444	4.611111111111111	3.0555555555555554	112.0	0.8025967477310862			
holdout	sparse_low_n	2017	continuous_sign	target	0.8416165009103004	0.9076923076923077	0.0	29.77583414493616	3.361111111111111	112.0	0.943172990270231			
holdout	sparse_low_n	2017	continuous_sign	reference	0.6607279929489019	0.8769230769230769	0.0	28.89859726998673	3.0555555555555554	112.0	0.943172990270231			
holdout	sparse_low_n	2017	eb_delta_0	target	0.8708212684465153	0.9269230769230768	0.0	4.192530093646244	3.361111111111111	112.0	0.9169737405405026	0.929216843886034	0.20735843394898187	True
holdout	sparse_low_n	2017	eb_delta_0	reference	0.7990593523259187	0.9461538461538462	0.0	3.735183947647999	3.0555555555555554	112.0	0.8416508975675326	0.929216843886034	0.20735843394898187	True
holdout	sparse_low_n	2017	eb_delta_0.1	target	0.8654995108065829	0.923076923076923	0.0	3.875919073411132	3.361111111111111	112.0	0.9104239281080704	0.929216843886034	0.20735843394898187	True
holdout	sparse_low_n	2017	eb_delta_0.1	reference	0.808977449790686	0.9538461538461539	0.0	3.4198479631723044	3.0555555555555554	112.0	0.815451647837804	0.929216843886034	0.20735843394898187	True
holdout	sparse_low_n	2017	eb_delta_0.25	target	0.857581773830098	0.9269230769230768	0.0	3.402782429453	3.361111111111111	112.0	0.8940493970269899	0.929216843886034	0.20735843394898187	True
holdout	sparse_low_n	2017	eb_delta_0.25	reference	0.8170685293014172	0.9576923076923077	0.0	2.953056090934179	3.0555555555555554	112.0	0.7892523981080753	0.929216843886034	0.20735843394898187	True
holdout	sparse_low_n	2017	eb_delta_0.5	target	0.8224062538198124	0.9	0.0	2.6388690085653987	3.361111111111111	112.0	0.8318261789188844	0.929216843886034	0.20735843394898187	True
holdout	sparse_low_n	2017	eb_delta_0.5	reference	0.836252217818796	0.9615384615384616	0.0	2.2146399668064407	3.0555555555555554	112.0	0.7204793675675377	0.929216843886034	0.20735843394898187	True
holdout	sparse_low_n	2018	hard_z1	target	0.642067682958275	0.8395061728395061	0.5277777777777778	18.5	2.611111111111111	112.0	0.9230748638659136			
holdout	sparse_low_n	2018	hard_z1	reference	0.6374993518074917	0.8538461538461538	0.5555555555555556	17.916666666666668	2.5833333333333335	112.0	0.9367959601606419			
holdout	sparse_low_n	2018	wald_p05	target	0.8177802218247036	0.9074074074074074	0.8611111111111112	4.638888888888889	2.611111111111111	112.0	0.7135448651717631			
holdout	sparse_low_n	2018	wald_p05	reference	0.6571462064130567	0.9211538461538461	0.9722222222222222	3.7777777777777777	2.5833333333333335	112.0	0.7767626503982817			
holdout	sparse_low_n	2018	continuous_sign	target	0.6428163388291597	0.8312757201646089	0.0	29.40366945886239	2.611111111111111	112.0	0.943172990270231			
holdout	sparse_low_n	2018	continuous_sign	reference	0.6129822309444877	0.8307692307692307	0.0	28.194348127073738	2.5833333333333335	112.0	0.943172990270231			
holdout	sparse_low_n	2018	eb_delta_0	target	0.8808526995924905	0.9423868312757201	0.0	3.656216893430753	2.611111111111111	112.0	0.8318261789188844	0.9384112064636092	0.2074734365354984	True
holdout	sparse_low_n	2018	eb_delta_0	reference	0.7234729629321406	0.8846153846153847	0.0	3.2417275606169227	2.5833333333333335	112.0	0.8842246783783417	0.9384112064636092	0.2074734365354984	True
holdout	sparse_low_n	2018	eb_delta_0.1	target	0.88360987751639	0.9465020576131686	0.0	3.380799833863411	2.611111111111111	112.0	0.812176741621588	0.9384112064636092	0.2074734365354984	True
holdout	sparse_low_n	2018	eb_delta_0.1	reference	0.7280386956589031	0.8884615384615384	0.0	2.967828664072149	2.5833333333333335	112.0	0.8449258037837488	0.9384112064636092	0.2074734365354984	True
holdout	sparse_low_n	2018	eb_delta_0.25	target	0.8891242333641891	0.9465020576131686	0.0	2.9692838550672565	2.611111111111111	112.0	0.7859774918918592	0.9384112064636092	0.2074734365354984	True
holdout	sparse_low_n	2018	eb_delta_0.25	reference	0.7435621869298956	0.9038461538461539	0.0	2.56780497487656	2.5833333333333335	112.0	0.7990771167567237	0.9384112064636092	0.2074734365354984	True
holdout	sparse_low_n	2018	eb_delta_0.5	target	0.9008094159940492	0.9423868312757202	0.0	2.288226290422457	2.611111111111111	112.0	0.6844553991891609	0.9384112064636092	0.2074734365354984	True
holdout	sparse_low_n	2018	eb_delta_0.5	reference	0.7146023964915733	0.8653846153846154	0.0	1.95332004075914	2.5833333333333335	112.0	0.6975550240540251	0.9384112064636092	0.2074734365354984	True
holdout	sparse_low_n	2019	hard_z1	target	0.6179018434434076	0.794314381270903	0.5833333333333334	20.0	2.75	112.0	0.9357688706690922			
holdout	sparse_low_n	2019	hard_z1	reference	0.5882093768890999	0.7825396825396826	0.6388888888888888	19.583333333333332	2.388888888888889	112.0	0.9246547752328199			
holdout	sparse_low_n	2019	wald_p05	target	0.6521924596690681	0.8311036789297659	0.8888888888888888	3.9444444444444446	2.75	112.0	0.7460027559935775			
holdout	sparse_low_n	2019	wald_p05	reference	0.6360791128082466	0.811111111111111	0.8888888888888888	4.194444444444445	2.388888888888889	112.0	0.796878202260653			
holdout	sparse_low_n	2019	continuous_sign	target	0.6092989892986559	0.7859531772575251	0.0	29.017112810000455	2.75	112.0	0.943172990270231			
holdout	sparse_low_n	2019	continuous_sign	reference	0.6078882563626968	0.7968253968253969	0.0	29.111895724052108	2.388888888888889	112.0	0.943172990270231			
holdout	sparse_low_n	2019	eb_delta_0	target	0.7571896258279099	0.8628762541806021	0.0	3.822242439892539	2.75	112.0	0.9169737405405026	0.9331735616715015	0.17749544991115165	True
holdout	sparse_low_n	2019	eb_delta_0	reference	0.6621967885452943	0.8253968253968254	0.0	3.6623189201929325	2.388888888888889	112.0	0.933348271621583	0.9331735616715015	0.17749544991115165	True
holdout	sparse_low_n	2019	eb_delta_0.1	target	0.7629278868572638	0.8628762541806021	0.0	3.5239715892261043	2.75	112.0	0.9038741156756381	0.9331735616715015	0.17749544991115165	True
holdout	sparse_low_n	2019	eb_delta_0.1	reference	0.6783319321647615	0.8349206349206348	0.0	3.3644039948147886	2.388888888888889	112.0	0.9202486467567186	0.9331735616715015	0.17749544991115165	True
holdout	sparse_low_n	2019	eb_delta_0.25	target	0.7734915037522105	0.8662207357859533	0.0	3.0827789537962307	2.75	112.0	0.8776748659459096	0.9331735616715015	0.17749544991115165	True
holdout	sparse_low_n	2019	eb_delta_0.25	reference	0.6740029911936849	0.8317460317460317	0.0	2.92442397466881	2.388888888888889	112.0	0.9071490218918543	0.9331735616715015	0.17749544991115165	True
holdout	sparse_low_n	2019	eb_delta_0.5	target	0.770100713143956	0.8595317725752508	0.0	2.3922968749038636	2.75	112.0	0.8416508975675326	0.9331735616715015	0.17749544991115165	True
holdout	sparse_low_n	2019	eb_delta_0.5	reference	0.6801684525767334	0.8476190476190476	0.0	2.230966809868596	2.388888888888889	112.0	0.8613003348648292	0.9331735616715015	0.17749544991115165	True
holdout	sparse_low_n	2020	hard_z1	target	0.5358424707074179	0.8831168831168831	0.6666666666666666	18.5	2.888888888888889	112.0	0.9166348886092324			
holdout	sparse_low_n	2020	hard_z1	reference	0.7340991711544466	0.8236363636363636	0.5555555555555556	19.47222222222222	2.9444444444444446	112.0	0.8998307384356546			
holdout	sparse_low_n	2020	wald_p05	target	0.606066409290846	0.8961038961038961	0.9722222222222222	3.6666666666666665	2.888888888888889	112.0	0.775029826895356			
holdout	sparse_low_n	2020	wald_p05	reference	0.7735175236463898	0.8563636363636363	0.9444444444444444	3.9166666666666665	2.9444444444444446	112.0	0.7428048799786624			
holdout	sparse_low_n	2020	continuous_sign	target	0.5483325230030368	0.8831168831168831	0.0	28.866529409109262	2.888888888888889	112.0	0.943172990270231			
holdout	sparse_low_n	2020	continuous_sign	reference	0.7346977629555265	0.8690909090909091	0.0	28.893152315295644	2.9444444444444446	112.0	0.943172990270231			
holdout	sparse_low_n	2020	eb_delta_0	target	0.6648203891338255	0.9220779220779222	0.0	3.6806786948502332	2.888888888888889	112.0	0.9398980840540151	0.9322316199635569	0.1640824761238907	True
holdout	sparse_low_n	2020	eb_delta_0	reference	0.8416532301378757	0.8909090909090909	0.0	3.9093796316619867	2.9444444444444446	112.0	0.9169737405405026	0.9322316199635569	0.1640824761238907	True
holdout	sparse_low_n	2020	eb_delta_0.1	target	0.6742653512525381	0.9253246753246753	0.0	3.3784522870170104	2.888888888888889	112.0	0.9300733654053668	0.9322316199635569	0.1640824761238907	True
holdout	sparse_low_n	2020	eb_delta_0.1	reference	0.85682050910261	0.8981818181818182	0.0	3.607084203952512	2.9444444444444446	112.0	0.8973243032432059	0.9322316199635569	0.1640824761238907	True
holdout	sparse_low_n	2020	eb_delta_0.25	target	0.7020755174909696	0.9350649350649352	0.0	2.9318925786629766	2.888888888888889	112.0	0.9071490218918543	0.9322316199635569	0.1640824761238907	True
holdout	sparse_low_n	2020	eb_delta_0.25	reference	0.8713340260430021	0.9054545454545455	0.0	3.1609238157779513	2.9444444444444446	112.0	0.858025428648613	0.9322316199635569	0.1640824761238907	True
holdout	sparse_low_n	2020	eb_delta_0.5	target	0.7226707821109402	0.935064935064935	0.0	2.225941660437039	2.888888888888889	112.0	0.8613003348648292	0.9322316199635569	0.1640824761238907	True
holdout	sparse_low_n	2020	eb_delta_0.5	reference	0.8768256270474747	0.8981818181818182	0.0	2.46420422620586	2.9444444444444446	112.0	0.8056269291891558	0.9322316199635569	0.1640824761238907	True
holdout	sparse_low_n	2021	hard_z1	target	0.7353750246910434	0.873263888888889	0.75	19.555555555555557	2.4722222222222223	112.0	0.9228371786189208			
holdout	sparse_low_n	2021	hard_z1	reference	0.8266236951561164	0.9567901234567902	0.7222222222222222	19.36111111111111	2.9166666666666665	112.0	0.9426280173638841			
holdout	sparse_low_n	2021	wald_p05	target	0.7136186789715012	0.8107638888888888	0.9722222222222222	4.5	2.4722222222222223	112.0	0.8120802322729508			
holdout	sparse_low_n	2021	wald_p05	reference	0.8326083952738994	0.9567901234567902	0.8055555555555556	4.333333333333333	2.9166666666666665	112.0	0.6730592641672045			
holdout	sparse_low_n	2021	continuous_sign	target	0.7322052433988558	0.8680555555555555	0.0	29.627084686794895	2.4722222222222223	112.0	0.943172990270231			
holdout	sparse_low_n	2021	continuous_sign	reference	0.8227254887119162	0.9670781893004116	0.0	28.99355494546663	2.9166666666666665	112.0	0.943172990270231			
holdout	sparse_low_n	2021	eb_delta_0	target	0.7344464189728171	0.8333333333333334	0.0	4.297420794655526	2.4722222222222223	112.0	0.9366231778377989	0.923704278162506	0.17184867482315735	True
holdout	sparse_low_n	2021	eb_delta_0	reference	0.9029595182654608	0.97119341563786	0.0	4.247699700857741	2.9166666666666665	112.0	0.9202486467567186	0.923704278162506	0.17184867482315735	True
holdout	sparse_low_n	2021	eb_delta_0.1	target	0.7386651024061558	0.8368055555555556	0.0	3.9568959260237326	2.4722222222222223	112.0	0.9202486467567186	0.923704278162506	0.17184867482315735	True
holdout	sparse_low_n	2021	eb_delta_0.1	reference	0.905311655939669	0.9753086419753086	0.0	3.9076299746273415	2.9166666666666665	112.0	0.9038741156756381	0.923704278162506	0.17184867482315735	True
holdout	sparse_low_n	2021	eb_delta_0.25	target	0.7473661369874169	0.8368055555555556	0.0	3.453422805695349	2.4722222222222223	112.0	0.8940493970269899	0.923704278162506	0.17184867482315735	True
holdout	sparse_low_n	2021	eb_delta_0.25	reference	0.9070104220377082	0.9753086419753086	0.0	3.406470766734449	2.9166666666666665	112.0	0.8776748659459096	0.923704278162506	0.17184867482315735	True
holdout	sparse_low_n	2021	eb_delta_0.5	target	0.7482889739884598	0.8368055555555556	0.0	2.6623213829007657	2.4722222222222223	112.0	0.8809497721621257	0.923704278162506	0.17184867482315735	True
holdout	sparse_low_n	2021	eb_delta_0.5	reference	0.9060957018310716	0.9794238683127573	0.0	2.6269713025315427	2.9166666666666665	112.0	0.815451647837804	0.923704278162506	0.17184867482315735	True
holdout	sparse_low_n	2022	hard_z1	target	0.724144128869144	0.8578595317725752	0.6944444444444444	19.11111111111111	3.25	112.0	0.9357600282820382			
holdout	sparse_low_n	2022	hard_z1	reference	0.5835565981587404	0.8004115226337448	0.6111111111111112	18.083333333333332	2.4444444444444446	112.0	0.9134732417845678			
holdout	sparse_low_n	2022	wald_p05	target	0.897558252183884	0.9565217391304348	0.8333333333333334	4.388888888888889	3.25	112.0	0.8367840645033189			
holdout	sparse_low_n	2022	wald_p05	reference	0.6501497614954836	0.8477366255144032	1.0	3.3333333333333335	2.4444444444444446	112.0	0.7522397967398281			
holdout	sparse_low_n	2022	continuous_sign	target	0.7544223894055393	0.8862876254180603	0.0	28.88095937000184	3.25	112.0	0.943172990270231			
holdout	sparse_low_n	2022	continuous_sign	reference	0.5920258865295772	0.7942386831275721	0.0	27.87450462793049	2.4444444444444446	112.0	0.943172990270231			
holdout	sparse_low_n	2022	eb_delta_0	target	0.8711580946490735	0.9197324414715718	0.0	3.1880675518859345	3.25	112.0	0.8678501472972613	0.9467953594883876	0.19690803717963185	True
holdout	sparse_low_n	2022	eb_delta_0	reference	0.6882284547635178	0.8847736625514403	0.0	2.7708512712647524	2.4444444444444446	112.0	0.8874995845945578	0.9467953594883876	0.19690803717963185	True
holdout	sparse_low_n	2022	eb_delta_0.1	target	0.8692059925547001	0.9197324414715718	0.0	2.9503554899471474	3.25	112.0	0.854750522432397	0.9467953594883876	0.19690803717963185	True
holdout	sparse_low_n	2022	eb_delta_0.1	reference	0.6873109915787254	0.8847736625514403	0.0	2.5341842232620007	2.4444444444444446	112.0	0.8678501472972613	0.9467953594883876	0.19690803717963185	True
holdout	sparse_low_n	2022	eb_delta_0.25	target	0.857753660267709	0.9163879598662207	0.0	2.598588894327525	3.25	112.0	0.81872655405402	0.9467953594883876	0.19690803717963185	True
holdout	sparse_low_n	2022	eb_delta_0.25	reference	0.7081505124904375	0.9012345679012346	0.0	2.1881560535860727	2.4444444444444446	112.0	0.8285512727026683	0.9467953594883876	0.19690803717963185	True
holdout	sparse_low_n	2022	eb_delta_0.5	target	0.8525480546827131	0.9130434782608695	0.0	2.0413458674902167	3.25	112.0	0.7990771167567237	0.9467953594883876	0.19690803717963185	True
holdout	sparse_low_n	2022	eb_delta_0.5	reference	0.7072330493056451	0.9012345679012346	0.0	1.6551841512184393	2.4444444444444446	112.0	0.7859774918918592	0.9467953594883876	0.19690803717963185	True
holdout	sparse_low_n	2023	hard_z1	target	0.7551980620885185	0.9036363636363637	0.5833333333333334	18.555555555555557	2.1666666666666665	112.0	0.9324912213847872			
holdout	sparse_low_n	2023	hard_z1	reference	0.5254419481046292	0.7427983539094649	0.6666666666666666	18.916666666666668	2.75	112.0	0.900411461786478			
holdout	sparse_low_n	2023	wald_p05	target	0.7893847143992844	0.9072727272727273	0.9166666666666666	3.5555555555555554	2.1666666666666665	112.0	0.8132528183824329			
holdout	sparse_low_n	2023	wald_p05	reference	0.6084294464582822	0.8580246913580247	0.9166666666666666	4.388888888888889	2.75	112.0	0.7428140246980497			
holdout	sparse_low_n	2023	continuous_sign	target	0.7284732553893453	0.8981818181818182	0.0	28.871313083397425	2.1666666666666665	112.0	0.943172990270231			
holdout	sparse_low_n	2023	continuous_sign	reference	0.5443500737513193	0.7572016460905349	0.0	28.427729836645383	2.75	112.0	0.943172990270231			
holdout	sparse_low_n	2023	eb_delta_0	target	0.8066852035162727	0.9199999999999999	0.0	3.007859363936673	2.1666666666666665	112.0	0.933348271621583	0.9430772996961821	0.17749078894951928	True
holdout	sparse_low_n	2023	eb_delta_0	reference	0.7412370867279439	0.9053497942386832	0.0	3.3674834032806964	2.75	112.0	0.8449258037837488	0.9430772996961821	0.17749078894951928	True
holdout	sparse_low_n	2023	eb_delta_0.1	target	0.8066852035162727	0.9199999999999999	0.0	2.7535824342060966	2.1666666666666665	112.0	0.9300733654053668	0.9430772996961821	0.17749078894951928	True
holdout	sparse_low_n	2023	eb_delta_0.1	reference	0.757197362862926	0.9053497942386832	0.0	3.1139344248657337	2.75	112.0	0.8252763664864522	0.9430772996961821	0.17749078894951928	True
holdout	sparse_low_n	2023	eb_delta_0.25	target	0.8042950251354839	0.9163636363636364	0.0	2.376920236223815	2.1666666666666665	112.0	0.9136988343242864	0.9430772996961821	0.17749078894951928	True
holdout	sparse_low_n	2023	eb_delta_0.25	reference	0.7796987357745404	0.9218106995884774	0.0	2.739931377444771	2.75	112.0	0.7696029608107788	0.9430772996961821	0.17749078894951928	True
holdout	sparse_low_n	2023	eb_delta_0.5	target	0.7952654623636144	0.9127272727272727	0.0	1.7888995859055297	2.1666666666666665	112.0	0.8973243032432059	0.9430772996961821	0.17749078894951928	True
holdout	sparse_low_n	2023	eb_delta_0.5	reference	0.8090028493338519	0.9300411522633745	0.0	2.1478698903018403	2.75	112.0	0.6811804929729447	0.9430772996961821	0.17749078894951928	True
holdout	sparse_low_n	2024	hard_z1	target	0.6912051009282845	0.9272727272727272	0.7222222222222222	18.805555555555557	3.0277777777777777	112.0	0.9295131927744735			
holdout	sparse_low_n	2024	hard_z1	reference	0.6870243839903228	0.8403846153846154	0.5833333333333334	18.63888888888889	2.75	112.0	0.9403202151565485			
holdout	sparse_low_n	2024	wald_p05	target	0.6893617695723896	0.990909090909091	0.9166666666666666	4.583333333333333	3.0277777777777777	112.0	0.8019941328231175			
holdout	sparse_low_n	2024	wald_p05	reference	0.7564458480088869	0.8923076923076924	0.9166666666666666	4.305555555555555	2.75	112.0	0.8398105130379936			
holdout	sparse_low_n	2024	continuous_sign	target	0.7151241945174891	0.9381818181818181	0.0	29.143353059339418	3.0277777777777777	112.0	0.943172990270231			
holdout	sparse_low_n	2024	continuous_sign	reference	0.6995071092881725	0.8346153846153845	0.0	28.530225289541534	2.75	112.0	0.943172990270231			
holdout	sparse_low_n	2024	eb_delta_0	target	0.7543894959676467	0.9854545454545455	0.0	3.9719944580728406	3.0277777777777777	112.0	0.9300733654053668	0.9282511626648524	0.17380277216003465	True
holdout	sparse_low_n	2024	eb_delta_0	reference	0.7927572121035316	0.9076923076923077	0.0	4.063875073086702	2.75	112.0	0.9235235529729348	0.9282511626648524	0.17380277216003465	True
holdout	sparse_low_n	2024	eb_delta_0.1	target	0.7543894959676467	0.9854545454545455	0.0	3.651303846151124	3.0277777777777777	112.0	0.9300733654053668	0.9282511626648524	0.17380277216003465	True
holdout	sparse_low_n	2024	eb_delta_0.1	reference	0.7959093282550367	0.9076923076923077	0.0	3.744419304450193	2.75	112.0	0.9202486467567186	0.9282511626648524	0.17380277216003465	True
holdout	sparse_low_n	2024	eb_delta_0.25	target	0.7511282583056734	0.9818181818181818	0.0	3.175147719319884	3.0277777777777777	112.0	0.9104239281080704	0.9282511626648524	0.17380277216003465	True
holdout	sparse_low_n	2024	eb_delta_0.25	reference	0.8171861122776961	0.9076923076923077	0.0	3.274637871745878	2.75	112.0	0.9005992094594221	0.9282511626648524	0.17380277216003465	True
holdout	sparse_low_n	2024	eb_delta_0.5	target	0.7459102780465163	0.9781818181818182	0.0	2.424876998571184	3.0277777777777777	112.0	0.8940493970269899	0.9282511626648524	0.17380277216003465	True
holdout	sparse_low_n	2024	eb_delta_0.5	reference	0.8153473778559848	0.9115384615384616	0.0	2.5437465739939125	2.75	112.0	0.851475616216181	0.9282511626648524	0.17380277216003465	True
holdout	dense_low_n	2001	hard_z1	target	0.8721276151120836	0.9629629629629629	0.4444444444444444	25.166666666666668	16.166666666666668	112.0	0.9378914562492954			
holdout	dense_low_n	2001	hard_z1	reference	0.91350638196819	0.9672727272727273	0.5833333333333334	26.916666666666668	16.13888888888889	112.0	0.9150541653191482			
holdout	dense_low_n	2001	wald_p05	target	0.9204545531288967	0.9835390946502057	0.6666666666666666	11.666666666666666	16.166666666666668	112.0	0.8052860250221506			
holdout	dense_low_n	2001	wald_p05	reference	0.9216082772775974	0.9636363636363636	0.7222222222222222	11.722222222222221	16.13888888888889	112.0	0.8677776687156313			
holdout	dense_low_n	2001	continuous_sign	target	0.8707548803996604	0.962962962962963	0.0	32.67458423489997	16.166666666666668	112.0	0.943172990270231			
holdout	dense_low_n	2001	continuous_sign	reference	0.8914796709958033	0.9745454545454546	0.0	34.743902021146496	16.13888888888889	112.0	0.943172990270231			
holdout	dense_low_n	2001	eb_delta_0	target	0.891769545117627	0.9670781893004116	0.0	19.23497280166023	16.166666666666668	112.0	0.943172990270231	0.6527404211164406	0.20668456230879723	True
holdout	dense_low_n	2001	eb_delta_0	reference	0.926129003678634	0.9890909090909091	0.0	19.658100547293863	16.13888888888889	112.0	0.9366231778377989	0.6527404211164406	0.20668456230879723	True
holdout	dense_low_n	2001	eb_delta_0.1	target	0.8900935289131263	0.9670781893004116	0.0	17.694261412070894	16.166666666666668	112.0	0.943172990270231	0.6527404211164406	0.20668456230879723	True
holdout	dense_low_n	2001	eb_delta_0.1	reference	0.9279323146732794	0.9890909090909091	0.0	18.09933744129178	16.13888888888889	112.0	0.933348271621583	0.6527404211164406	0.20668456230879723	True
holdout	dense_low_n	2001	eb_delta_0.25	target	0.899247155876167	0.9753086419753085	0.0	15.443650730400812	16.166666666666668	112.0	0.933348271621583	0.6527404211164406	0.20668456230879723	True
holdout	dense_low_n	2001	eb_delta_0.25	reference	0.9350167507236723	0.9927272727272727	0.0	15.749459093948097	16.13888888888889	112.0	0.9235235529729348	0.6527404211164406	0.20668456230879723	True
holdout	dense_low_n	2001	eb_delta_0.5	target	0.9183279557427868	0.9835390946502057	0.0	11.917872977175342	16.166666666666668	112.0	0.8973243032432059	0.6527404211164406	0.20668456230879723	True
holdout	dense_low_n	2001	eb_delta_0.5	reference	0.946223040476112	0.989090909090909	0.0	11.916559706108405	16.13888888888889	112.0	0.8973243032432059	0.6527404211164406	0.20668456230879723	True
holdout	dense_low_n	2002	hard_z1	target	0.8482484877165898	0.9670781893004116	0.6944444444444444	27.083333333333332	18.333333333333332	112.0	0.9358895294112183			
holdout	dense_low_n	2002	hard_z1	reference	0.9073888848798954	0.9547325102880658	0.5833333333333334	26.444444444444443	17.61111111111111	112.0	0.9454266923848382			
holdout	dense_low_n	2002	wald_p05	target	0.8993670786242375	0.9876543209876544	0.7222222222222222	12.805555555555555	18.333333333333332	112.0	0.7437791958881512			
holdout	dense_low_n	2002	wald_p05	reference	0.9651057871838009	0.9835390946502058	0.5277777777777778	12.666666666666666	17.61111111111111	112.0	0.9114215246417026			
holdout	dense_low_n	2002	continuous_sign	target	0.8299612016365344	0.9670781893004116	0.0	34.968889716235985	18.333333333333332	112.0	0.943172990270231			
holdout	dense_low_n	2002	continuous_sign	reference	0.9324148472027736	0.9588477366255144	0.0	34.01974089148252	17.61111111111111	112.0	0.943172990270231			
holdout	dense_low_n	2002	eb_delta_0	target	0.8612877893963475	0.9794238683127572	0.0	21.199672494655932	18.333333333333332	112.0	0.943172990270231	0.6260041537782508	0.21683889173723614	True
holdout	dense_low_n	2002	eb_delta_0	reference	0.9723607569088073	0.9835390946502057	0.0	20.687862149451146	17.61111111111111	112.0	0.943172990270231	0.6260041537782508	0.21683889173723614	True
holdout	dense_low_n	2002	eb_delta_0.1	target	0.8691516653360539	0.9876543209876543	0.0	19.528982525464848	18.333333333333332	112.0	0.933348271621583	0.6260041537782508	0.21683889173723614	True
holdout	dense_low_n	2002	eb_delta_0.1	reference	0.9749379123737127	0.9835390946502057	0.0	19.019807814220066	17.61111111111111	112.0	0.943172990270231	0.6260041537782508	0.21683889173723614	True
holdout	dense_low_n	2002	eb_delta_0.25	target	0.8862974932045936	0.9917695473251029	0.0	17.038801135391434	18.333333333333332	112.0	0.9136988343242864	0.6260041537782508	0.21683889173723614	True
holdout	dense_low_n	2002	eb_delta_0.25	reference	0.9779016411583539	0.9876543209876543	0.0	16.539798365094907	17.61111111111111	112.0	0.9398980840540151	0.6260041537782508	0.21683889173723614	True
holdout	dense_low_n	2002	eb_delta_0.5	target	0.8982866811126704	0.9958847736625515	0.0	12.978478179302446	18.333333333333332	112.0	0.8743999597296934	0.6260041537782508	0.21683889173723614	True
holdout	dense_low_n	2002	eb_delta_0.5	reference	0.9788036455710708	0.9835390946502057	0.0	12.510210199926442	17.61111111111111	112.0	0.9300733654053668	0.6260041537782508	0.21683889173723614	True
holdout	dense_low_n	2003	hard_z1	target	0.9012194804075628	0.9836363636363635	0.4166666666666667	28.444444444444443	18.61111111111111	112.0	0.9442673704375604			
holdout	dense_low_n	2003	hard_z1	reference	0.8767275265574519	0.9670781893004116	0.4722222222222222	25.444444444444443	17.0	112.0	0.8832126293798893			
holdout	dense_low_n	2003	wald_p05	target	0.9455883321833494	0.9836363636363636	0.6111111111111112	12.972222222222221	18.61111111111111	112.0	0.8413137756471872			
holdout	dense_low_n	2003	wald_p05	reference	0.8840186264741982	0.9135802469135802	0.8888888888888888	11.944444444444445	17.0	112.0	0.7336905060694838			
holdout	dense_low_n	2003	continuous_sign	target	0.8951482411899729	0.9672727272727273	0.0	36.006171343438815	18.61111111111111	112.0	0.943172990270231			
holdout	dense_low_n	2003	continuous_sign	reference	0.8486316364956992	0.9465020576131687	0.0	32.64308000410756	17.0	112.0	0.9300733654053668			
holdout	dense_low_n	2003	eb_delta_0	target	0.9179619544643611	0.9781818181818183	0.0	21.310421471219033	18.61111111111111	112.0	0.943172990270231	0.6333764998671042	0.21582625970961283	True
holdout	dense_low_n	2003	eb_delta_0	reference	0.8682382649722681	0.9547325102880658	0.0	19.751410998297292	17.0	112.0	0.9267984591891507	0.6333764998671042	0.21582625970961283	True
holdout	dense_low_n	2003	eb_delta_0.1	target	0.9232464869177505	0.9781818181818183	0.0	19.663180344717208	18.61111111111111	112.0	0.9398980840540151	0.6333764998671042	0.21582625970961283	True
holdout	dense_low_n	2003	eb_delta_0.1	reference	0.8837171821906119	0.9588477366255145	0.0	18.125048155832726	17.0	112.0	0.9136988343242864	0.6333764998671042	0.21582625970961283	True
holdout	dense_low_n	2003	eb_delta_0.25	target	0.9375533918525363	0.9818181818181818	0.0	17.16762657475453	18.61111111111111	112.0	0.9267984591891507	0.6333764998671042	0.21582625970961283	True
holdout	dense_low_n	2003	eb_delta_0.25	reference	0.8917146227534228	0.9588477366255145	0.0	15.740373519079835	17.0	112.0	0.9038741156756381	0.6333764998671042	0.21582625970961283	True
holdout	dense_low_n	2003	eb_delta_0.5	target	0.9553403547444321	0.9854545454545454	0.0	13.010965227125311	18.61111111111111	112.0	0.8940493970269899	0.6333764998671042	0.21582625970961283	True
holdout	dense_low_n	2003	eb_delta_0.5	reference	0.9069355580181276	0.9506172839506173	0.0	11.942502403543253	17.0	112.0	0.854750522432397	0.6333764998671042	0.21582625970961283	True
holdout	dense_low_n	2004	hard_z1	target	0.905038808361256	0.9732510288065843	0.5277777777777778	27.305555555555557	17.77777777777778	112.0	0.9439021538814751			
holdout	dense_low_n	2004	hard_z1	reference	0.8544492084078998	0.9650205761316872	0.5	26.86111111111111	16.805555555555557	112.0	0.9350949320644473			
holdout	dense_low_n	2004	wald_p05	target	0.9288486701500698	0.9711934156378601	0.7222222222222222	12.194444444444445	17.77777777777778	112.0	0.8027316817535971			
holdout	dense_low_n	2004	wald_p05	reference	0.9219890457010699	0.9897119341563786	0.6111111111111112	11.75	16.805555555555557	112.0	0.8381268236165972			
holdout	dense_low_n	2004	continuous_sign	target	0.8929298640284348	0.962962962962963	0.0	34.49254882796572	17.77777777777778	112.0	0.943172990270231			
holdout	dense_low_n	2004	continuous_sign	reference	0.8553024316687213	0.9670781893004116	0.0	33.99952361659275	16.805555555555557	112.0	0.943172990270231			
holdout	dense_low_n	2004	eb_delta_0	target	0.9269658854121348	0.9794238683127572	0.0	19.864050347226303	17.77777777777778	112.0	0.943172990270231	0.6488673943872042	0.21832626383945847	True
holdout	dense_low_n	2004	eb_delta_0	reference	0.8823730436733078	0.9794238683127572	0.0	19.462801387307902	16.805555555555557	112.0	0.943172990270231	0.6488673943872042	0.21832626383945847	True
holdout	dense_low_n	2004	eb_delta_0.1	target	0.9287708259400584	0.9794238683127572	0.0	18.29817811481719	17.77777777777778	112.0	0.9398980840540151	0.6488673943872042	0.21832626383945847	True
holdout	dense_low_n	2004	eb_delta_0.1	reference	0.8823730436733078	0.9794238683127572	0.0	17.89474184286098	16.805555555555557	112.0	0.943172990270231	0.6488673943872042	0.21832626383945847	True
holdout	dense_low_n	2004	eb_delta_0.25	target	0.9340567232004059	0.9794238683127572	0.0	15.970129588714924	17.77777777777778	112.0	0.9300733654053668	0.6488673943872042	0.21832626383945847	True
holdout	dense_low_n	2004	eb_delta_0.25	reference	0.8962950727042381	0.9835390946502057	0.0	15.567904427115089	16.805555555555557	112.0	0.9267984591891507	0.6488673943872042	0.21832626383945847	True
holdout	dense_low_n	2004	eb_delta_0.5	target	0.9491408690409091	0.9753086419753086	0.0	12.160198585965356	17.77777777777778	112.0	0.8874995845945578	0.6488673943872042	0.21832626383945847	True
holdout	dense_low_n	2004	eb_delta_0.5	reference	0.9004201183430321	0.9835390946502057	0.0	11.853815050015458	16.805555555555557	112.0	0.9038741156756381	0.6488673943872042	0.21832626383945847	True
holdout	dense_low_n	2005	hard_z1	target	0.8140450543000957	0.8865384615384615	0.5555555555555556	26.194444444444443	16.555555555555557	112.0	0.9412922775863639			
holdout	dense_low_n	2005	hard_z1	reference	0.9185312511283881	1.0	0.6111111111111112	26.305555555555557	17.333333333333332	112.0	0.9326715930080066			
holdout	dense_low_n	2005	wald_p05	target	0.9047623296881634	0.9288461538461539	0.7777777777777778	12.166666666666666	16.555555555555557	112.0	0.7961653694284143			
holdout	dense_low_n	2005	wald_p05	reference	0.9606423706843342	0.98559670781893	0.75	11.88888888888889	17.333333333333332	112.0	0.8542682669683269			
holdout	dense_low_n	2005	continuous_sign	target	0.8132260308514911	0.8846153846153846	0.0	33.74245147420289	16.555555555555557	112.0	0.943172990270231			
holdout	dense_low_n	2005	continuous_sign	reference	0.8808609880781102	0.9958847736625515	0.0	34.251438035858484	17.333333333333332	112.0	0.943172990270231			
holdout	dense_low_n	2005	eb_delta_0	target	0.8311430411999389	0.9192307692307693	0.0	19.7795161307204	16.555555555555557	112.0	0.943172990270231	0.647715418041559	0.20884030086407865	True
holdout	dense_low_n	2005	eb_delta_0	reference	0.9326231885791832	1.0	0.0	19.676357360848453	17.333333333333332	112.0	0.9300733654053668	0.647715418041559	0.20884030086407865	True
holdout	dense_low_n	2005	eb_delta_0.1	target	0.837716908306204	0.923076923076923	0.0	18.208479987826916	16.555555555555557	112.0	0.9398980840540151	0.647715418041559	0.20884030086407865	True
holdout	dense_low_n	2005	eb_delta_0.1	reference	0.9416589841778743	1.0	0.0	18.102422634106677	17.333333333333332	112.0	0.9169737405405026	0.647715418041559	0.20884030086407865	True
holdout	dense_low_n	2005	eb_delta_0.25	target	0.845579768962717	0.9307692307692307	0.0	15.877561763093395	16.555555555555557	112.0	0.9366231778377989	0.647715418041559	0.20884030086407865	True
holdout	dense_low_n	2005	eb_delta_0.25	reference	0.9432079777090785	1.0	0.0	15.761546862396191	17.333333333333332	112.0	0.9136988343242864	0.647715418041559	0.20884030086407865	True
holdout	dense_low_n	2005	eb_delta_0.5	target	0.887729858055828	0.9538461538461539	0.0	12.161849279408461	16.555555555555557	112.0	0.8874995845945578	0.647715418041559	0.20884030086407865	True
holdout	dense_low_n	2005	eb_delta_0.5	reference	0.9606341549351256	1.0	0.0	12.027674217139712	17.333333333333332	112.0	0.8776748659459096	0.647715418041559	0.20884030086407865	True
holdout	dense_low_n	2006	hard_z1	target	0.9343461578353432	1.0	0.5	28.5	19.583333333333332	112.0	0.89549118057453			
holdout	dense_low_n	2006	hard_z1	reference	0.8795153224569795	0.9506172839506173	0.4722222222222222	27.02777777777778	18.583333333333332	112.0	0.9077918305685689			
holdout	dense_low_n	2006	wald_p05	target	0.9387809462705857	1.0	0.7222222222222222	13.916666666666666	19.583333333333332	112.0	0.8154425075874008			
holdout	dense_low_n	2006	wald_p05	reference	0.9270900921953835	0.9897119341563786	0.6944444444444444	12.333333333333334	18.583333333333332	112.0	0.681475310390005			
holdout	dense_low_n	2006	continuous_sign	target	0.9188417693013083	0.9917695473251029	0.0	35.433768548390525	19.583333333333332	112.0	0.943172990270231			
holdout	dense_low_n	2006	continuous_sign	reference	0.8478257864484071	0.9506172839506173	0.0	34.33582428410748	18.583333333333332	112.0	0.9366231778377989			
holdout	dense_low_n	2006	eb_delta_0	target	0.9290353516317117	1.0	0.0	21.776212102493346	19.583333333333332	112.0	0.9235235529729348	0.6210417823422756	0.2301458160777834	True
holdout	dense_low_n	2006	eb_delta_0	reference	0.8933301961513549	0.962962962962963	0.0	20.66710845165379	18.583333333333332	112.0	0.9235235529729348	0.6210417823422756	0.2301458160777834	True
holdout	dense_low_n	2006	eb_delta_0.1	target	0.9352289206425899	1.0	0.0	20.082663005111296	19.583333333333332	112.0	0.9104239281080704	0.6210417823422756	0.2301458160777834	True
holdout	dense_low_n	2006	eb_delta_0.1	reference	0.8978419648187859	0.962962962962963	0.0	18.97672806890976	18.583333333333332	112.0	0.9136988343242864	0.6210417823422756	0.2301458160777834	True
holdout	dense_low_n	2006	eb_delta_0.25	target	0.9433579799693673	1.0	0.0	17.548798180456835	19.583333333333332	112.0	0.8940493970269899	0.6210417823422756	0.2301458160777834	True
holdout	dense_low_n	2006	eb_delta_0.25	reference	0.923494592385037	0.97119341563786	0.0	16.465796417741053	18.583333333333332	112.0	0.8678501472972613	0.6210417823422756	0.2301458160777834	True
holdout	dense_low_n	2006	eb_delta_0.5	target	0.9543257584261307	1.0	0.0	13.405813445027881	19.583333333333332	112.0	0.8449258037837488	0.6210417823422756	0.2301458160777834	True
holdout	dense_low_n	2006	eb_delta_0.5	reference	0.9243969461185231	0.9711934156378601	0.0	12.389219931337571	18.583333333333332	112.0	0.8449258037837488	0.6210417823422756	0.2301458160777834	True
holdout	dense_low_n	2007	hard_z1	target	0.90122023770614	1.0	0.5277777777777778	27.444444444444443	17.22222222222222	112.0	0.9448159910147474			
holdout	dense_low_n	2007	hard_z1	reference	0.9315222597074062	0.925925925925926	0.4722222222222222	26.416666666666668	17.5	112.0	0.9408673012066708			
holdout	dense_low_n	2007	wald_p05	target	0.9602145909515459	0.9865384615384616	0.7222222222222222	12.5	17.22222222222222	112.0	0.8713399049361179			
holdout	dense_low_n	2007	wald_p05	reference	0.9257153949937627	0.9465020576131686	0.5833333333333334	12.11111111111111	17.5	112.0	0.8875199267488877			
holdout	dense_low_n	2007	continuous_sign	target	0.9109317419602929	1.0	0.0	34.42878174353296	17.22222222222222	112.0	0.943172990270231			
holdout	dense_low_n	2007	continuous_sign	reference	0.9454563140593111	0.9506172839506173	0.0	34.016307322354066	17.5	112.0	0.943172990270231			
holdout	dense_low_n	2007	eb_delta_0	target	0.9443166749117172	1.0	0.0	20.47610072498052	17.22222222222222	112.0	0.943172990270231	0.6372274528897088	0.2147204022198541	True
holdout	dense_low_n	2007	eb_delta_0	reference	0.9573196502422702	0.9423868312757201	0.0	20.154424128130888	17.5	112.0	0.943172990270231	0.6372274528897088	0.2147204022198541	True
holdout	dense_low_n	2007	eb_delta_0.1	target	0.9443166749117172	1.0	0.0	18.853576467102318	17.22222222222222	112.0	0.943172990270231	0.6372274528897088	0.2147204022198541	True
holdout	dense_low_n	2007	eb_delta_0.1	reference	0.9575775488549433	0.9423868312757201	0.0	18.5372900448356	17.5	112.0	0.943172990270231	0.6372274528897088	0.2147204022198541	True
holdout	dense_low_n	2007	eb_delta_0.25	target	0.9524373342782799	1.0	0.0	16.418666586874227	17.22222222222222	112.0	0.9267984591891507	0.6372274528897088	0.2147204022198541	True
holdout	dense_low_n	2007	eb_delta_0.25	reference	0.9538380189711845	0.9465020576131686	0.0	16.141396423039442	17.5	112.0	0.9398980840540151	0.6372274528897088	0.2147204022198541	True
holdout	dense_low_n	2007	eb_delta_0.5	target	0.9621047859051403	1.0	0.0	12.407778703050743	17.22222222222222	112.0	0.9005992094594221	0.6372274528897088	0.2147204022198541	True
holdout	dense_low_n	2007	eb_delta_0.5	reference	0.9495826918620797	0.9465020576131686	0.0	12.290693409898614	17.5	112.0	0.9202486467567186	0.6372274528897088	0.2147204022198541	True
holdout	dense_low_n	2008	hard_z1	target	0.8911767068363536	0.9876543209876543	0.5833333333333334	26.13888888888889	16.805555555555557	112.0	0.9116567302003642			
holdout	dense_low_n	2008	hard_z1	reference	0.9372623302997954	0.9884615384615385	0.5277777777777778	27.5	18.02777777777778	112.0	0.9439021538814751			
holdout	dense_low_n	2008	wald_p05	target	0.8748178599938503	0.9876543209876543	0.7222222222222222	12.083333333333334	16.805555555555557	112.0	0.8406970784241813			
holdout	dense_low_n	2008	wald_p05	reference	0.9538532315740349	1.0	0.6388888888888888	12.86111111111111	18.02777777777778	112.0	0.8808440749564572			
holdout	dense_low_n	2008	continuous_sign	target	0.863608277378556	0.9917695473251029	0.0	33.68443332356932	16.805555555555557	112.0	0.943172990270231			
holdout	dense_low_n	2008	continuous_sign	reference	0.942723469062395	0.9846153846153847	0.0	34.784516003340755	18.02777777777778	112.0	0.943172990270231			
holdout	dense_low_n	2008	eb_delta_0	target	0.8834613412263388	0.9958847736625515	0.0	19.974946138404725	16.805555555555557	112.0	0.943172990270231	0.6359871156033626	0.22101046696304286	True
holdout	dense_low_n	2008	eb_delta_0	reference	0.9459449133935268	0.9884615384615384	0.0	20.794497022056035	18.02777777777778	112.0	0.943172990270231	0.6359871156033626	0.22101046696304286	True
holdout	dense_low_n	2008	eb_delta_0.1	target	0.8900360571759293	0.9917695473251029	0.0	18.352680044898445	16.805555555555557	112.0	0.9398980840540151	0.6359871156033626	0.22101046696304286	True
holdout	dense_low_n	2008	eb_delta_0.1	reference	0.9459449133935268	0.9884615384615384	0.0	19.165757120930632	18.02777777777778	112.0	0.943172990270231	0.6359871156033626	0.22101046696304286	True
holdout	dense_low_n	2008	eb_delta_0.25	target	0.8933878731502304	0.9917695473251029	0.0	15.953060729017356	16.805555555555557	112.0	0.933348271621583	0.6359871156033626	0.22101046696304286	True
holdout	dense_low_n	2008	eb_delta_0.25	reference	0.9535475220149977	0.9961538461538462	0.0	16.71863095554055	18.02777777777778	112.0	0.9300733654053668	0.6359871156033626	0.22101046696304286	True
holdout	dense_low_n	2008	eb_delta_0.5	target	0.9285819408803909	0.9917695473251029	0.0	12.113309066177155	16.805555555555557	112.0	0.8743999597296934	0.6359871156033626	0.22101046696304286	True
holdout	dense_low_n	2008	eb_delta_0.5	reference	0.9557381041601675	1.0	0.0	12.738385645375908	18.02777777777778	112.0	0.9038741156756381	0.6359871156033626	0.22101046696304286	True
holdout	dense_low_n	2009	hard_z1	target	0.8972623125207781	0.9958847736625515	0.4444444444444444	26.11111111111111	17.833333333333332	112.0	0.8968996967978403			
holdout	dense_low_n	2009	hard_z1	reference	0.9337633507121665	0.9794238683127572	0.5555555555555556	28.02777777777778	17.86111111111111	112.0	0.9194991698768711			
holdout	dense_low_n	2009	wald_p05	target	0.9395995537827947	0.9609053497942387	0.6388888888888888	12.166666666666666	17.833333333333332	112.0	0.8332752142977288			
holdout	dense_low_n	2009	wald_p05	reference	0.9471055152193232	0.9814814814814815	0.75	13.166666666666666	17.86111111111111	112.0	0.8085458769007173			
holdout	dense_low_n	2009	continuous_sign	target	0.8692868074710833	0.9876543209876544	0.0	33.05424203011655	17.833333333333332	112.0	0.9267984591891507			
holdout	dense_low_n	2009	continuous_sign	reference	0.9261605628262728	0.9794238683127572	0.0	35.668631228756674	17.86111111111111	112.0	0.9398980840540151			
holdout	dense_low_n	2009	eb_delta_0	target	0.907721149997253	0.9917695473251029	0.0	20.190149041047018	17.833333333333332	112.0	0.9300733654053668	0.6302572317788252	0.2196130471683023	True
holdout	dense_low_n	2009	eb_delta_0	reference	0.9423976897103845	0.9753086419753086	0.0	21.221041127732107	17.86111111111111	112.0	0.9202486467567186	0.6302572317788252	0.2196130471683023	True
holdout	dense_low_n	2009	eb_delta_0.1	target	0.913267045059754	0.9917695473251029	0.0	18.550200981352546	17.833333333333332	112.0	0.9267984591891507	0.6302572317788252	0.2196130471683023	True
holdout	dense_low_n	2009	eb_delta_0.1	reference	0.947552333165658	0.9794238683127572	0.0	19.560188957384867	17.86111111111111	112.0	0.9104239281080704	0.6302572317788252	0.2196130471683023	True
holdout	dense_low_n	2009	eb_delta_0.25	target	0.9313234475888268	0.9917695473251029	0.0	16.14873922657819	17.833333333333332	112.0	0.9005992094594221	0.6302572317788252	0.2196130471683023	True
holdout	dense_low_n	2009	eb_delta_0.25	reference	0.9514183157571132	0.9794238683127572	0.0	17.052725723002048	17.86111111111111	112.0	0.9005992094594221	0.6302572317788252	0.2196130471683023	True
holdout	dense_low_n	2009	eb_delta_0.5	target	0.9460265182196433	0.9876543209876544	0.0	12.313516539343114	17.833333333333332	112.0	0.8678501472972613	0.6302572317788252	0.2196130471683023	True
holdout	dense_low_n	2009	eb_delta_0.5	reference	0.9516760479298769	0.9794238683127572	0.0	12.950797280836092	17.86111111111111	112.0	0.8711250535134775	0.6302572317788252	0.2196130471683023	True
holdout	dense_low_n	2010	hard_z1	target	0.9457404304678436	0.9732510288065843	0.4722222222222222	27.555555555555557	19.166666666666668	112.0	0.9323710317572487			
holdout	dense_low_n	2010	hard_z1	reference	0.9182053626204922	0.9781818181818182	0.5	26.47222222222222	18.11111111111111	112.0	0.8740007077436865			
holdout	dense_low_n	2010	wald_p05	target	0.9606433439301029	0.9835390946502057	0.6666666666666666	13.166666666666666	19.166666666666668	112.0	0.8416398030865311			
holdout	dense_low_n	2010	wald_p05	reference	0.9586661090121964	0.9927272727272728	0.8333333333333334	12.75	18.11111111111111	112.0	0.7607397722479526			
holdout	dense_low_n	2010	continuous_sign	target	0.9382448100549157	0.9753086419753086	0.0	35.37214839707477	19.166666666666668	112.0	0.943172990270231			
holdout	dense_low_n	2010	continuous_sign	reference	0.8968555095562865	0.9636363636363636	0.0	33.43958105882603	18.11111111111111	112.0	0.943172990270231			
holdout	dense_low_n	2010	eb_delta_0	target	0.9603969181303371	0.9794238683127572	0.0	21.573033820208355	19.166666666666668	112.0	0.9366231778377989	0.6215852552393097	0.22325854946478696	True
holdout	dense_low_n	2010	eb_delta_0	reference	0.9383718226783573	0.9854545454545455	0.0	20.809417489068405	18.11111111111111	112.0	0.9267984591891507	0.6215852552393097	0.22325854946478696	True
holdout	dense_low_n	2010	eb_delta_0.1	target	0.9605257094563571	0.9794238683127572	0.0	19.880860328247106	19.166666666666668	112.0	0.933348271621583	0.6215852552393097	0.22325854946478696	True
holdout	dense_low_n	2010	eb_delta_0.1	reference	0.9426266001101221	0.9890909090909091	0.0	19.125420366451475	18.11111111111111	112.0	0.9104239281080704	0.6215852552393097	0.22325854946478696	True
holdout	dense_low_n	2010	eb_delta_0.25	target	0.9633591186287948	0.9794238683127572	0.0	17.360615209008284	19.166666666666668	112.0	0.9235235529729348	0.6215852552393097	0.22325854946478696	True
holdout	dense_low_n	2010	eb_delta_0.25	reference	0.9578406527449183	0.9963636363636363	0.0	16.646267303511106	18.11111111111111	112.0	0.8678501472972613	0.6215852552393097	0.22325854946478696	True
holdout	dense_low_n	2010	eb_delta_0.5	target	0.9685107716695905	0.9876543209876543	0.0	13.25000163993937	19.166666666666668	112.0	0.8973243032432059	0.6215852552393097	0.22325854946478696	True
holdout	dense_low_n	2010	eb_delta_0.5	reference	0.9615796995788937	1.0	0.0	12.662032136203512	18.11111111111111	112.0	0.8285512727026683	0.6215852552393097	0.22325854946478696	True
holdout	dense_low_n	2011	hard_z1	target	0.8982537553283363	0.9876543209876544	0.4722222222222222	27.11111111111111	20.333333333333332	112.0	0.8946829232679397			
holdout	dense_low_n	2011	hard_z1	reference	0.9313189066456712	0.9788461538461538	0.3888888888888889	27.25	18.88888888888889	112.0	0.9435981302468676			
holdout	dense_low_n	2011	wald_p05	target	0.9378521403306235	1.0	0.8333333333333334	13.63888888888889	20.333333333333332	112.0	0.774624485903164			
holdout	dense_low_n	2011	wald_p05	reference	0.964361814821803	0.9923076923076923	0.5277777777777778	13.083333333333334	18.88888888888889	112.0	0.8520474449729007			
holdout	dense_low_n	2011	continuous_sign	target	0.8857696620606678	0.9835390946502057	0.0	35.00077067471075	20.333333333333332	112.0	0.9300733654053668			
holdout	dense_low_n	2011	continuous_sign	reference	0.9153789441277783	0.9615384615384616	0.0	34.10412413567307	18.88888888888889	112.0	0.943172990270231			
holdout	dense_low_n	2011	eb_delta_0	target	0.9092081730369749	0.9835390946502057	0.0	21.678258833819157	20.333333333333332	112.0	0.9136988343242864	0.6170618054070498	0.2237245549071401	True
holdout	dense_low_n	2011	eb_delta_0	reference	0.9393356746199362	0.9807692307692308	0.0	21.210819144541873	18.88888888888889	112.0	0.943172990270231	0.6170618054070498	0.2237245549071401	True
holdout	dense_low_n	2011	eb_delta_0.1	target	0.9223440418258945	0.9876543209876543	0.0	19.96782880377973	20.333333333333332	112.0	0.9005992094594221	0.6170618054070498	0.2237245549071401	True
holdout	dense_low_n	2011	eb_delta_0.1	reference	0.9457756559350324	0.9846153846153846	0.0	19.50094875246807	18.88888888888889	112.0	0.9366231778377989	0.6170618054070498	0.2237245549071401	True
holdout	dense_low_n	2011	eb_delta_0.25	target	0.9198971643063899	0.9876543209876543	0.0	17.413729315203025	20.333333333333332	112.0	0.8907744908107738	0.6170618054070498	0.2237245549071401	True
holdout	dense_low_n	2011	eb_delta_0.25	reference	0.9522156372501286	0.9846153846153846	0.0	16.951446165745214	18.88888888888889	112.0	0.9300733654053668	0.6170618054070498	0.2237245549071401	True
holdout	dense_low_n	2011	eb_delta_0.5	target	0.9347072124507598	0.9917695473251029	0.0	13.243212411702165	20.333333333333332	112.0	0.8482007099999648	0.6170618054070498	0.2237245549071401	True
holdout	dense_low_n	2011	eb_delta_0.5	reference	0.9562084256654884	0.9846153846153846	0.0	12.811059661329061	18.88888888888889	112.0	0.9235235529729348	0.6170618054070498	0.2237245549071401	True
holdout	dense_low_n	2012	hard_z1	target	0.9336149387059444	0.9773662551440329	0.5555555555555556	26.11111111111111	17.97222222222222	112.0	0.9121866091931995			
holdout	dense_low_n	2012	hard_z1	reference	0.9410288110625715	0.9557692307692308	0.3888888888888889	27.88888888888889	19.25	112.0	0.9337689830567961			
holdout	dense_low_n	2012	wald_p05	target	0.9479618968774642	0.9835390946502057	0.6666666666666666	12.222222222222221	17.97222222222222	112.0	0.862665788605577			
holdout	dense_low_n	2012	wald_p05	reference	0.9507711144544038	0.9730769230769231	0.6111111111111112	13.38888888888889	19.25	112.0	0.9282331325853956			
holdout	dense_low_n	2012	continuous_sign	target	0.9128891938577969	0.9753086419753086	0.0	33.68790131462574	17.97222222222222	112.0	0.943172990270231			
holdout	dense_low_n	2012	continuous_sign	reference	0.9395096789074222	0.9538461538461538	0.0	35.37851509017755	19.25	112.0	0.943172990270231			
holdout	dense_low_n	2012	eb_delta_0	target	0.9373000678871011	0.9794238683127572	0.0	20.12643067574389	17.97222222222222	112.0	0.943172990270231	0.6290915168523007	0.22209732383257894	True
holdout	dense_low_n	2012	eb_delta_0	reference	0.9512342237209955	0.9615384615384616	0.0	21.41531979192085	19.25	112.0	0.943172990270231	0.6290915168523007	0.22209732383257894	True
holdout	dense_low_n	2012	eb_delta_0.1	target	0.9361376453142772	0.9794238683127572	0.0	18.47225047301784	17.97222222222222	112.0	0.943172990270231	0.6290915168523007	0.22209732383257894	True
holdout	dense_low_n	2012	eb_delta_0.1	reference	0.9513630648727929	0.9576923076923077	0.0	19.757277532707583	19.25	112.0	0.943172990270231	0.6290915168523007	0.22209732383257894	True
holdout	dense_low_n	2012	eb_delta_0.25	target	0.9451787097695753	0.9876543209876543	0.0	16.013689870126317	17.97222222222222	112.0	0.9267984591891507	0.6290915168523007	0.22209732383257894	True
holdout	dense_low_n	2012	eb_delta_0.25	reference	0.9513630648727929	0.9576923076923077	0.0	17.276145802905624	19.25	112.0	0.943172990270231	0.6290915168523007	0.22209732383257894	True
holdout	dense_low_n	2012	eb_delta_0.5	target	0.9511199806973424	0.9917695473251029	0.0	12.063104509389314	17.97222222222222	112.0	0.9005992094594221	0.6290915168523007	0.22209732383257894	True
holdout	dense_low_n	2012	eb_delta_0.5	reference	0.9560013463375032	0.9653846153846154	0.0	13.201993803367891	19.25	112.0	0.933348271621583	0.6290915168523007	0.22209732383257894	True
holdout	dense_low_n	2013	hard_z1	target	0.9458543697895627	0.9958847736625515	0.5277777777777778	27.305555555555557	18.083333333333332	112.0	0.9373472778128538			
holdout	dense_low_n	2013	hard_z1	reference	0.9301830917954341	0.9917695473251028	0.4444444444444444	26.583333333333332	18.27777777777778	112.0	0.9308523967426345			
holdout	dense_low_n	2013	wald_p05	target	0.9698869164030512	1.0	0.6111111111111112	12.61111111111111	18.083333333333332	112.0	0.8860511191128053			
holdout	dense_low_n	2013	wald_p05	reference	0.9543917324318267	1.0	0.6944444444444444	12.722222222222221	18.27777777777778	112.0	0.8129492742645066			
holdout	dense_low_n	2013	continuous_sign	target	0.9388039572080141	1.0	0.0	34.66175158090629	18.083333333333332	112.0	0.943172990270231			
holdout	dense_low_n	2013	continuous_sign	reference	0.9256042967651581	0.9876543209876543	0.0	33.91362532665059	18.27777777777778	112.0	0.9366231778377989			
holdout	dense_low_n	2013	eb_delta_0	target	0.9679521498620891	1.0	0.0	20.94285787454122	18.083333333333332	112.0	0.943172990270231	0.625064006064457	0.21704540862564425	True
holdout	dense_low_n	2013	eb_delta_0	reference	0.9344931898029862	1.0	0.0	21.04997311925999	18.27777777777778	112.0	0.9398980840540151	0.625064006064457	0.21704540862564425	True
holdout	dense_low_n	2013	eb_delta_0.1	target	0.9670493297356354	1.0	0.0	19.262506780944623	18.083333333333332	112.0	0.9398980840540151	0.625064006064457	0.21704540862564425	True
holdout	dense_low_n	2013	eb_delta_0.1	reference	0.9377138032224893	1.0	0.0	19.380305463833366	18.27777777777778	112.0	0.9300733654053668	0.625064006064457	0.21704540862564425	True
holdout	dense_low_n	2013	eb_delta_0.25	target	0.9694998415074382	1.0	0.0	16.733871103741237	18.083333333333332	112.0	0.9366231778377989	0.625064006064457	0.21704540862564425	True
holdout	dense_low_n	2013	eb_delta_0.25	reference	0.9436397319143748	1.0	0.0	16.896168124815475	18.27777777777778	112.0	0.9136988343242864	0.625064006064457	0.21704540862564425	True
holdout	dense_low_n	2013	eb_delta_0.5	target	0.9691129185961009	0.9958847736625515	0.0	12.565743955351032	18.083333333333332	112.0	0.9136988343242864	0.625064006064457	0.21704540862564425	True
holdout	dense_low_n	2013	eb_delta_0.5	reference	0.93848675044317	1.0	0.0	12.834492735158214	18.27777777777778	112.0	0.8743999597296934	0.625064006064457	0.21704540862564425	True
holdout	dense_low_n	2014	hard_z1	target	0.9063064903238365	0.9732510288065843	0.4444444444444444	26.88888888888889	19.444444444444443	112.0	0.919380624247567			
holdout	dense_low_n	2014	hard_z1	reference	0.9370810941930473	1.0	0.5555555555555556	27.833333333333332	20.083333333333332	112.0	0.9192028917412993			
holdout	dense_low_n	2014	wald_p05	target	0.9519209069960737	0.9711934156378601	0.7777777777777778	12.722222222222221	19.444444444444443	112.0	0.8458504660516323			
holdout	dense_low_n	2014	wald_p05	reference	0.9625734995019526	0.9958847736625515	0.6666666666666666	13.666666666666666	20.083333333333332	112.0	0.8348077122938384			
holdout	dense_low_n	2014	continuous_sign	target	0.9031641326760972	0.9670781893004116	0.0	34.52807469444481	19.444444444444443	112.0	0.933348271621583			
holdout	dense_low_n	2014	continuous_sign	reference	0.9257833824390338	1.0	0.0	34.9908486447981	20.083333333333332	112.0	0.933348271621583			
holdout	dense_low_n	2014	eb_delta_0	target	0.9304819806040945	0.9711934156378601	0.0	20.874168962684347	19.444444444444443	112.0	0.9300733654053668	0.6182445753879857	0.22492115919481304	True
holdout	dense_low_n	2014	eb_delta_0	reference	0.9573515005597802	1.0	0.0	21.88243894038972	20.083333333333332	112.0	0.9300733654053668	0.6182445753879857	0.22492115919481304	True
holdout	dense_low_n	2014	eb_delta_0.1	target	0.934089998254962	0.9711934156378601	0.0	19.166722080233015	19.444444444444443	112.0	0.9202486467567186	0.6182445753879857	0.22492115919481304	True
holdout	dense_low_n	2014	eb_delta_0.1	reference	0.956063005942607	1.0	0.0	20.18032793187833	20.083333333333332	112.0	0.9235235529729348	0.6182445753879857	0.22492115919481304	True
holdout	dense_low_n	2014	eb_delta_0.25	target	0.9416926068764329	0.9670781893004116	0.0	16.611806496227246	19.444444444444443	112.0	0.9071490218918543	0.6182445753879857	0.22492115919481304	True
holdout	dense_low_n	2014	eb_delta_0.25	reference	0.9569649521746281	1.0	0.0	17.64358431871757	20.083333333333332	112.0	0.9038741156756381	0.6182445753879857	0.22492115919481304	True
holdout	dense_low_n	2014	eb_delta_0.5	target	0.9495529310443944	0.9670781893004116	0.0	12.489347272669203	19.444444444444443	112.0	0.8776748659459096	0.6182445753879857	0.22492115919481304	True
holdout	dense_low_n	2014	eb_delta_0.5	reference	0.9616035327964522	1.0	0.0	13.480101351553472	20.083333333333332	112.0	0.8678501472972613	0.6182445753879857	0.22492115919481304	True
holdout	dense_low_n	2015	hard_z1	target	0.8902098497640198	0.9547325102880658	0.6388888888888888	24.666666666666668	15.38888888888889	112.0	0.8967839752701284			
holdout	dense_low_n	2015	hard_z1	reference	0.9286176808096419	0.9490909090909091	0.4722222222222222	26.916666666666668	17.916666666666668	112.0	0.9389254854075632			
holdout	dense_low_n	2015	wald_p05	target	0.9151481124798179	0.9773662551440329	0.75	10.527777777777779	15.38888888888889	112.0	0.7234681842814408			
holdout	dense_low_n	2015	wald_p05	reference	0.9170433760150554	0.9763636363636363	0.7222222222222222	12.416666666666666	17.916666666666668	112.0	0.8858794093242133			
holdout	dense_low_n	2015	continuous_sign	target	0.8493864092623765	0.9506172839506173	0.0	32.52993030361288	15.38888888888889	112.0	0.9366231778377989			
holdout	dense_low_n	2015	continuous_sign	reference	0.9403965050277819	0.9418181818181819	0.0	34.60769375360024	17.916666666666668	112.0	0.943172990270231			
holdout	dense_low_n	2015	eb_delta_0	target	0.9107940536744196	0.9670781893004115	0.0	18.473765308210503	15.38888888888889	112.0	0.9071490218918543	0.6555509657008731	0.20652001609070025	True
holdout	dense_low_n	2015	eb_delta_0	reference	0.9264780697060058	0.9527272727272726	0.0	20.10452659134408	17.916666666666668	112.0	0.943172990270231	0.6555509657008731	0.20652001609070025	True
holdout	dense_low_n	2015	eb_delta_0.1	target	0.9225337504002514	0.9711934156378601	0.0	16.937591913247623	15.38888888888889	112.0	0.8973243032432059	0.6555509657008731	0.20652001609070025	True
holdout	dense_low_n	2015	eb_delta_0.1	reference	0.9278956881184087	0.9527272727272726	0.0	18.567254883918263	17.916666666666668	112.0	0.943172990270231	0.6555509657008731	0.20652001609070025	True
holdout	dense_low_n	2015	eb_delta_0.25	target	0.9247268805578243	0.9670781893004115	0.0	14.66810413121762	15.38888888888889	112.0	0.8743999597296934	0.6555509657008731	0.20652001609070025	True
holdout	dense_low_n	2015	eb_delta_0.25	reference	0.9348549057792969	0.9672727272727273	0.0	16.283059746420953	17.916666666666668	112.0	0.9300733654053668	0.6555509657008731	0.20652001609070025	True
holdout	dense_low_n	2015	eb_delta_0.5	target	0.9318223016558546	0.9629629629629629	0.0	11.071520470720502	15.38888888888889	112.0	0.81872655405402	0.6555509657008731	0.20652001609070025	True
holdout	dense_low_n	2015	eb_delta_0.5	reference	0.9339527849714041	0.9781818181818182	0.0	12.565256465445845	17.916666666666668	112.0	0.9136988343242864	0.6555509657008731	0.20652001609070025	True
holdout	dense_low_n	2016	hard_z1	target	0.9152586171838121	0.9917695473251028	0.4444444444444444	25.666666666666668	16.75	112.0	0.9277541680888078			
holdout	dense_low_n	2016	hard_z1	reference	0.8774668527408426	0.9290909090909092	0.5	27.13888888888889	18.27777777777778	112.0	0.924356682193308			
holdout	dense_low_n	2016	wald_p05	target	0.935531874801196	0.9835390946502057	0.7222222222222222	11.805555555555555	16.75	112.0	0.8036978179060131			
holdout	dense_low_n	2016	wald_p05	reference	0.8404738879370592	0.8836363636363636	0.7777777777777778	11.88888888888889	18.27777777777778	112.0	0.752037337520651			
holdout	dense_low_n	2016	continuous_sign	target	0.9056828664111299	0.9917695473251029	0.0	33.707363982774694	16.75	112.0	0.943172990270231			
holdout	dense_low_n	2016	continuous_sign	reference	0.854253286625207	0.9090909090909091	0.0	34.66496316479762	18.27777777777778	112.0	0.943172990270231			
holdout	dense_low_n	2016	eb_delta_0	target	0.9103214470329539	1.0	0.0	19.89983339481588	16.75	112.0	0.943172990270231	0.6400833495304562	0.21127632060313	True
holdout	dense_low_n	2016	eb_delta_0	reference	0.8824749595428295	0.9163636363636364	0.0	20.410831176602873	18.27777777777778	112.0	0.933348271621583	0.6400833495304562	0.21127632060313	True
holdout	dense_low_n	2016	eb_delta_0.1	target	0.916635070657103	1.0	0.0	18.29459416800308	16.75	112.0	0.9366231778377989	0.6400833495304562	0.21127632060313	True
holdout	dense_low_n	2016	eb_delta_0.1	reference	0.8890471299483034	0.92	0.0	18.803055623223038	18.27777777777778	112.0	0.9235235529729348	0.6400833495304562	0.21127632060313	True
holdout	dense_low_n	2016	eb_delta_0.25	target	0.9259122319007511	1.0	0.0	15.912266655307794	16.75	112.0	0.9235235529729348	0.6400833495304562	0.21127632060313	True
holdout	dense_low_n	2016	eb_delta_0.25	reference	0.9003873455499052	0.9309090909090909	0.0	16.410338148902987	18.27777777777778	112.0	0.9169737405405026	0.6400833495304562	0.21127632060313	True
holdout	dense_low_n	2016	eb_delta_0.5	target	0.9377663823787458	1.0	0.0	12.09744945688518	16.75	112.0	0.8907744908107738	0.6400833495304562	0.21127632060313	True
holdout	dense_low_n	2016	eb_delta_0.5	reference	0.8966502290448318	0.9236363636363636	0.0	12.544599325946715	18.27777777777778	112.0	0.8809497721621257	0.6400833495304562	0.21127632060313	True
holdout	dense_low_n	2017	hard_z1	target	0.9218420728224964	0.98559670781893	0.4166666666666667	28.055555555555557	19.055555555555557	112.0	0.935587970025458			
holdout	dense_low_n	2017	hard_z1	reference	0.9235982715196672	0.9814814814814814	0.5	26.555555555555557	17.75	112.0	0.9261747507600036			
holdout	dense_low_n	2017	wald_p05	target	0.952224208694437	0.98559670781893	0.6944444444444444	13.305555555555555	19.055555555555557	112.0	0.8825413719641015			
holdout	dense_low_n	2017	wald_p05	reference	0.941685519771224	0.9917695473251029	0.75	12.472222222222221	17.75	112.0	0.8218992297619091			
holdout	dense_low_n	2017	continuous_sign	target	0.8915392921974146	0.9835390946502057	0.0	35.65168955322045	19.055555555555557	112.0	0.9398980840540151			
holdout	dense_low_n	2017	continuous_sign	reference	0.9168505849703374	0.9794238683127572	0.0	33.75153531003891	17.75	112.0	0.943172990270231			
holdout	dense_low_n	2017	eb_delta_0	target	0.9189930827479493	0.9876543209876543	0.0	21.79238128412605	19.055555555555557	112.0	0.9398980840540151	0.6207573929712371	0.21921583197996844	True
holdout	dense_low_n	2017	eb_delta_0	reference	0.9311602608606225	0.9876543209876543	0.0	20.68279095918344	17.75	112.0	0.9398980840540151	0.6207573929712371	0.21921583197996844	True
holdout	dense_low_n	2017	eb_delta_0.1	target	0.9197664289606405	0.9876543209876543	0.0	20.09302487981133	19.055555555555557	112.0	0.9398980840540151	0.6207573929712371	0.21921583197996844	True
holdout	dense_low_n	2017	eb_delta_0.1	reference	0.9381217248072476	0.9917695473251029	0.0	18.99458271241114	17.75	112.0	0.9235235529729348	0.6207573929712371	0.21921583197996844	True
holdout	dense_low_n	2017	eb_delta_0.25	target	0.9339444428599776	0.9876543209876543	0.0	17.533744603876507	19.055555555555557	112.0	0.9235235529729348	0.6207573929712371	0.21921583197996844	True
holdout	dense_low_n	2017	eb_delta_0.25	reference	0.9510133247084055	0.9958847736625515	0.0	16.486289395145647	17.75	112.0	0.8940493970269899	0.6207573929712371	0.21921583197996844	True
holdout	dense_low_n	2017	eb_delta_0.5	target	0.9384556291006759	0.9917695473251029	0.0	13.305285984921893	19.055555555555557	112.0	0.9104239281080704	0.6207573929712371	0.21921583197996844	True
holdout	dense_low_n	2017	eb_delta_0.5	reference	0.9586193686500885	0.9917695473251029	0.0	12.365534239579269	17.75	112.0	0.8613003348648292	0.6207573929712371	0.21921583197996844	True
holdout	dense_low_n	2018	hard_z1	target	0.9444769255718739	0.9826923076923078	0.4722222222222222	26.86111111111111	17.77777777777778	112.0	0.9422027122327205			
holdout	dense_low_n	2018	hard_z1	reference	0.8950560739644844	0.9670781893004115	0.3888888888888889	24.333333333333332	16.194444444444443	112.0	0.9419599390485224			
holdout	dense_low_n	2018	wald_p05	target	0.9364752155081811	0.976923076923077	0.6944444444444444	13.194444444444445	17.77777777777778	112.0	0.857935199883318			
holdout	dense_low_n	2018	wald_p05	reference	0.9611413623364742	0.9979423868312758	0.6944444444444444	11.5	16.194444444444443	112.0	0.8825413719641015			
holdout	dense_low_n	2018	continuous_sign	target	0.9390394795807318	0.9807692307692308	0.0	35.28746751812688	17.77777777777778	112.0	0.943172990270231			
holdout	dense_low_n	2018	continuous_sign	reference	0.8814440308517748	0.9711934156378601	0.0	32.603192996499125	16.194444444444443	112.0	0.943172990270231			
holdout	dense_low_n	2018	eb_delta_0	target	0.9606917761178664	0.9884615384615385	0.0	21.186446932449563	17.77777777777778	112.0	0.943172990270231	0.6363293905733565	0.2155995937512612	True
holdout	dense_low_n	2018	eb_delta_0	reference	0.9280935541220005	0.9753086419753088	0.0	19.544662413212926	16.194444444444443	112.0	0.943172990270231	0.6363293905733565	0.2155995937512612	True
holdout	dense_low_n	2018	eb_delta_0.1	target	0.961851720575213	0.9884615384615385	0.0	19.55779781021169	17.77777777777778	112.0	0.943172990270231	0.6363293905733565	0.2155995937512612	True
holdout	dense_low_n	2018	eb_delta_0.1	reference	0.9291244828130553	0.9753086419753088	0.0	17.928735669086716	16.194444444444443	112.0	0.943172990270231	0.6363293905733565	0.2155995937512612	True
holdout	dense_low_n	2018	eb_delta_0.25	target	0.9596607143780028	0.9884615384615385	0.0	17.119712787436402	17.77777777777778	112.0	0.9398980840540151	0.6363293905733565	0.2155995937512612	True
holdout	dense_low_n	2018	eb_delta_0.25	reference	0.9341502601819467	0.9794238683127572	0.0	15.564416150390135	16.194444444444443	112.0	0.9398980840540151	0.6363293905733565	0.2155995937512612	True
holdout	dense_low_n	2018	eb_delta_0.5	target	0.9664914984045989	0.9884615384615385	0.0	13.126326102119236	17.77777777777778	112.0	0.9169737405405026	0.6363293905733565	0.2155995937512612	True
holdout	dense_low_n	2018	eb_delta_0.5	reference	0.9487121279430945	0.9876543209876543	0.0	11.864946499797796	16.194444444444443	112.0	0.9136988343242864	0.6363293905733565	0.2155995937512612	True
holdout	dense_low_n	2019	hard_z1	target	0.9293814741664062	0.9615384615384616	0.4444444444444444	26.583333333333332	16.61111111111111	112.0	0.9223610540951319			
holdout	dense_low_n	2019	hard_z1	reference	0.868635567408263	0.962962962962963	0.7222222222222222	26.75	16.61111111111111	112.0	0.9431147863182808			
holdout	dense_low_n	2019	wald_p05	target	0.9476548233774211	0.9634615384615385	0.7777777777777778	11.86111111111111	16.61111111111111	112.0	0.8419117823481421			
holdout	dense_low_n	2019	wald_p05	reference	0.9405942977103958	0.9670781893004116	0.75	11.916666666666666	16.61111111111111	112.0	0.8525305740813971			
holdout	dense_low_n	2019	continuous_sign	target	0.9171821388960052	0.95	0.0	33.765632004699086	16.61111111111111	112.0	0.9398980840540151			
holdout	dense_low_n	2019	continuous_sign	reference	0.8576983580859524	0.9465020576131687	0.0	34.068295628307744	16.61111111111111	112.0	0.943172990270231			
holdout	dense_low_n	2019	eb_delta_0	target	0.9528596353816383	0.9769230769230769	0.0	19.597808077379195	16.61111111111111	112.0	0.9366231778377989	0.6517966169896525	0.21620162431988918	True
holdout	dense_low_n	2019	eb_delta_0	reference	0.8909844857012014	0.9629629629629629	0.0	19.4009708932631	16.61111111111111	112.0	0.9398980840540151	0.6517966169896525	0.21620162431988918	True
holdout	dense_low_n	2019	eb_delta_0.1	target	0.9586556185652249	0.9769230769230769	0.0	18.045051047487213	16.61111111111111	112.0	0.9267984591891507	0.6517966169896525	0.21620162431988918	True
holdout	dense_low_n	2019	eb_delta_0.1	reference	0.891629565693745	0.9629629629629629	0.0	17.84629109554315	16.61111111111111	112.0	0.9398980840540151	0.6517966169896525	0.21620162431988918	True
holdout	dense_low_n	2019	eb_delta_0.25	target	0.9650955998803212	0.9769230769230769	0.0	15.746548773961345	16.61111111111111	112.0	0.9136988343242864	0.6517966169896525	0.21620162431988918	True
holdout	dense_low_n	2019	eb_delta_0.25	reference	0.8974352856266372	0.9629629629629629	0.0	15.537600292977446	16.61111111111111	112.0	0.9366231778377989	0.6517966169896525	0.21620162431988918	True
holdout	dense_low_n	2019	eb_delta_0.5	target	0.9644516017488116	0.9807692307692307	0.0	12.08500087468574	16.61111111111111	112.0	0.8973243032432059	0.6517966169896525	0.21620162431988918	True
holdout	dense_low_n	2019	eb_delta_0.5	reference	0.9166586694044361	0.9670781893004115	0.0	11.836530783328277	16.61111111111111	112.0	0.9202486467567186	0.6517966169896525	0.21620162431988918	True
holdout	dense_low_n	2020	hard_z1	target	0.9102870212313227	0.9634615384615385	0.4722222222222222	25.61111111111111	17.5	112.0	0.9082601870194719			
holdout	dense_low_n	2020	hard_z1	reference	0.9426141248004652	0.9876543209876543	0.4722222222222222	26.52777777777778	17.13888888888889	112.0	0.9274551915195126			
holdout	dense_low_n	2020	wald_p05	target	0.9562526187304338	0.9961538461538462	0.8611111111111112	10.916666666666666	17.5	112.0	0.8233802134465685			
holdout	dense_low_n	2020	wald_p05	reference	0.9484021240060305	0.9753086419753086	0.6388888888888888	11.527777777777779	17.13888888888889	112.0	0.8944286966466619			
holdout	dense_low_n	2020	continuous_sign	target	0.9000262445881351	0.9730769230769231	0.0	33.54644153579581	17.5	112.0	0.9398980840540151			
holdout	dense_low_n	2020	continuous_sign	reference	0.9259028306535091	0.9835390946502058	0.0	34.13468500409053	17.13888888888889	112.0	0.943172990270231			
holdout	dense_low_n	2020	eb_delta_0	target	0.9390625961641735	0.9730769230769231	0.0	19.082086962346565	17.5	112.0	0.9300733654053668	0.6561002832624867	0.2071652676046311	True
holdout	dense_low_n	2020	eb_delta_0	reference	0.9538667713983681	0.9794238683127572	0.0	19.434681357729136	17.13888888888889	112.0	0.943172990270231	0.6561002832624867	0.2071652676046311	True
holdout	dense_low_n	2020	eb_delta_0.1	target	0.943442912842673	0.9769230769230769	0.0	17.55075003972118	17.5	112.0	0.9267984591891507	0.6561002832624867	0.2071652676046311	True
holdout	dense_low_n	2020	eb_delta_0.1	reference	0.9525781105345497	0.9794238683127572	0.0	17.896616690906257	17.13888888888889	112.0	0.943172990270231	0.6561002832624867	0.2071652676046311	True
holdout	dense_low_n	2020	eb_delta_0.25	target	0.9551667015998331	0.9807692307692308	0.0	15.291358823265803	17.5	112.0	0.9071490218918543	0.6561002832624867	0.2071652676046311	True
holdout	dense_low_n	2020	eb_delta_0.25	reference	0.9572172896442959	0.9835390946502058	0.0	15.602557978540826	17.13888888888889	112.0	0.9366231778377989	0.6561002832624867	0.2071652676046311	True
holdout	dense_low_n	2020	eb_delta_0.5	target	0.9645714991742582	0.9923076923076923	0.0	11.713204633946326	17.5	112.0	0.858025428648613	0.6561002832624867	0.2071652676046311	True
holdout	dense_low_n	2020	eb_delta_0.5	reference	0.9639183261361515	0.9753086419753088	0.0	11.92336931494237	17.13888888888889	112.0	0.9202486467567186	0.6561002832624867	0.2071652676046311	True
holdout	dense_low_n	2021	hard_z1	target	0.9071781704212264	0.9961538461538462	0.4444444444444444	26.22222222222222	15.63888888888889	112.0	0.8950867782272708			
holdout	dense_low_n	2021	hard_z1	reference	0.9110380449429535	0.9938271604938271	0.5	27.166666666666668	17.75	112.0	0.9343709874923929			
holdout	dense_low_n	2021	wald_p05	target	0.9253946410331598	0.9980769230769231	0.8611111111111112	11.833333333333334	15.63888888888889	112.0	0.8078131663950782			
holdout	dense_low_n	2021	wald_p05	reference	0.9647291974865051	0.9794238683127571	0.6944444444444444	12.11111111111111	17.75	112.0	0.8322262649846898			
holdout	dense_low_n	2021	continuous_sign	target	0.8891054671902551	0.9846153846153847	0.0	34.0515006590924	15.63888888888889	112.0	0.9300733654053668			
holdout	dense_low_n	2021	continuous_sign	reference	0.9072054483624445	0.9876543209876543	0.0	34.58749555502606	17.75	112.0	0.9398980840540151			
holdout	dense_low_n	2021	eb_delta_0	target	0.897874020021138	0.9884615384615384	0.0	19.386329623342423	15.63888888888889	112.0	0.9235235529729348	0.6497838385331468	0.21487524084007503	True
holdout	dense_low_n	2021	eb_delta_0	reference	0.9396838931681466	0.9876543209876544	0.0	19.837880376074803	17.75	112.0	0.9398980840540151	0.6497838385331468	0.21487524084007503	True
holdout	dense_low_n	2021	eb_delta_0.1	target	0.9074162686900399	0.9884615384615384	0.0	17.82379126058794	15.63888888888889	112.0	0.9136988343242864	0.6497838385331468	0.21487524084007503	True
holdout	dense_low_n	2021	eb_delta_0.1	reference	0.9470302080646743	0.9876543209876544	0.0	18.27251841856196	17.75	112.0	0.9300733654053668	0.6497838385331468	0.21487524084007503	True
holdout	dense_low_n	2021	eb_delta_0.25	target	0.9168295680526053	0.9923076923076923	0.0	15.500923332666275	15.63888888888889	112.0	0.8907744908107738	0.6497838385331468	0.21487524084007503	True
holdout	dense_low_n	2021	eb_delta_0.25	reference	0.9541187575262363	0.9876543209876544	0.0	15.931811338075725	17.75	112.0	0.9169737405405026	0.6497838385331468	0.21487524084007503	True
holdout	dense_low_n	2021	eb_delta_0.5	target	0.9156690242955766	1.0	0.0	11.762721175176349	15.63888888888889	112.0	0.851475616216181	0.6497838385331468	0.21487524084007503	True
holdout	dense_low_n	2021	eb_delta_0.5	reference	0.961336189705281	0.9876543209876544	0.0	12.103326107497688	17.75	112.0	0.8874995845945578	0.6497838385331468	0.21487524084007503	True
holdout	dense_low_n	2022	hard_z1	target	0.9341675859027411	0.9979423868312758	0.3611111111111111	26.86111111111111	18.305555555555557	112.0	0.9076748546218727			
holdout	dense_low_n	2022	hard_z1	reference	0.8952356559682038	0.9917695473251028	0.4444444444444444	26.38888888888889	17.72222222222222	112.0	0.9374076953112447			
holdout	dense_low_n	2022	wald_p05	target	0.9533685463478533	0.9917695473251029	0.6666666666666666	12.5	18.305555555555557	112.0	0.8090887109115674			
holdout	dense_low_n	2022	wald_p05	reference	0.950401554981415	1.0	0.6666666666666666	11.666666666666666	17.72222222222222	112.0	0.8471090782342663			
holdout	dense_low_n	2022	continuous_sign	target	0.9246046152226419	0.9958847736625515	0.0	34.47719482712307	18.305555555555557	112.0	0.933348271621583			
holdout	dense_low_n	2022	continuous_sign	reference	0.8593150660467879	0.9506172839506173	0.0	33.618602210545234	17.72222222222222	112.0	0.943172990270231			
holdout	dense_low_n	2022	eb_delta_0	target	0.9542476402437192	0.9958847736625515	0.0	20.695631972044474	18.305555555555557	112.0	0.9038741156756381	0.635915829375374	0.21682318135521267	True
holdout	dense_low_n	2022	eb_delta_0	reference	0.928498302998381	1.0	0.0	20.08179560061315	17.72222222222222	112.0	0.9398980840540151	0.635915829375374	0.21682318135521267	True
holdout	dense_low_n	2022	eb_delta_0.1	target	0.9597895970954858	0.9958847736625515	0.0	19.069411658415635	18.305555555555557	112.0	0.8907744908107738	0.635915829375374	0.21682318135521267	True
holdout	dense_low_n	2022	eb_delta_0.1	reference	0.9308172941811159	1.0	0.0	18.459622553029213	17.72222222222222	112.0	0.9366231778377989	0.635915829375374	0.21682318135521267	True
holdout	dense_low_n	2022	eb_delta_0.25	target	0.9666203811220819	0.9958847736625515	0.0	16.657081585930907	18.305555555555557	112.0	0.8678501472972613	0.635915829375374	0.21682318135521267	True
holdout	dense_low_n	2022	eb_delta_0.25	reference	0.9345534466421889	1.0	0.0	16.065721597495887	17.72222222222222	112.0	0.9366231778377989	0.635915829375374	0.21682318135521267	True
holdout	dense_low_n	2022	eb_delta_0.5	target	0.9619806032926959	0.9917695473251029	0.0	12.777762647953452	18.305555555555557	112.0	0.8220014602702361	0.635915829375374	0.21682318135521267	True
holdout	dense_low_n	2022	eb_delta_0.5	reference	0.9385472647902324	1.0	0.0	12.269330707051349	17.72222222222222	112.0	0.9202486467567186	0.635915829375374	0.21682318135521267	True
holdout	dense_low_n	2023	hard_z1	target	0.9110183469088615	0.9135802469135803	0.3333333333333333	25.444444444444443	15.88888888888889	112.0	0.9241779646943554			
holdout	dense_low_n	2023	hard_z1	reference	0.803187728800973	0.9753086419753086	0.5555555555555556	25.86111111111111	17.22222222222222	112.0	0.9017605242029353			
holdout	dense_low_n	2023	wald_p05	target	0.9635693024459685	0.9835390946502057	0.7222222222222222	11.472222222222221	15.88888888888889	112.0	0.7700993696445094			
holdout	dense_low_n	2023	wald_p05	reference	0.9208357180897208	0.9958847736625515	0.6944444444444444	11.666666666666666	17.22222222222222	112.0	0.7553213433613527			
holdout	dense_low_n	2023	continuous_sign	target	0.8769473005026466	0.9218106995884774	0.0	33.6540632365124	15.88888888888889	112.0	0.943172990270231			
holdout	dense_low_n	2023	continuous_sign	reference	0.7849464058814883	0.9547325102880659	0.0	33.340794639018696	17.22222222222222	112.0	0.943172990270231			
holdout	dense_low_n	2023	eb_delta_0	target	0.9226337382330272	0.9465020576131687	0.0	19.446263444925627	15.88888888888889	112.0	0.9366231778377989	0.6526087328134038	0.2090768391025293	True
holdout	dense_low_n	2023	eb_delta_0	reference	0.8310893965720586	0.9753086419753085	0.0	19.46155829897191	17.22222222222222	112.0	0.9267984591891507	0.6526087328134038	0.2090768391025293	True
holdout	dense_low_n	2023	eb_delta_0.1	target	0.9289575671844076	0.9465020576131687	0.0	17.894221590225342	15.88888888888889	112.0	0.9300733654053668	0.6526087328134038	0.2090768391025293	True
holdout	dense_low_n	2023	eb_delta_0.1	reference	0.8501652698184395	0.9794238683127572	0.0	17.913567880435686	17.22222222222222	112.0	0.9136988343242864	0.6526087328134038	0.2090768391025293	True
holdout	dense_low_n	2023	eb_delta_0.25	target	0.9456060148319192	0.9547325102880658	0.0	15.58816067818289	15.88888888888889	112.0	0.9038741156756381	0.6526087328134038	0.2090768391025293	True
holdout	dense_low_n	2023	eb_delta_0.25	reference	0.8777479514044227	0.9876543209876543	0.0	15.623397022673137	17.22222222222222	112.0	0.8842246783783417	0.6526087328134038	0.2090768391025293	True
holdout	dense_low_n	2023	eb_delta_0.5	target	0.9667714831589883	0.9711934156378601	0.0	11.900050825627638	15.88888888888889	112.0	0.8645752410810451	0.6526087328134038	0.2090768391025293	True
holdout	dense_low_n	2023	eb_delta_0.5	reference	0.9030105943523329	0.9958847736625515	0.0	11.947140301873569	17.22222222222222	112.0	0.8416508975675326	0.6526087328134038	0.2090768391025293	True
holdout	dense_low_n	2024	hard_z1	target	0.9272903225806453	0.9794238683127572	0.5277777777777778	26.72222222222222	18.833333333333332	112.0	0.9394705097605125			
holdout	dense_low_n	2024	hard_z1	reference	0.9410247188633348	0.9923076923076923	0.5833333333333334	26.11111111111111	16.805555555555557	112.0	0.9114803089640341			
holdout	dense_low_n	2024	wald_p05	target	0.9427228442354977	0.9711934156378601	0.7222222222222222	13.055555555555555	18.833333333333332	112.0	0.9091403127342547			
holdout	dense_low_n	2024	wald_p05	reference	0.9596851063646571	0.9884615384615385	0.5833333333333334	12.194444444444445	16.805555555555557	112.0	0.8929607261374185			
holdout	dense_low_n	2024	continuous_sign	target	0.926804893258182	0.9794238683127572	0.0	34.68613306285514	18.833333333333332	112.0	0.943172990270231			
holdout	dense_low_n	2024	continuous_sign	reference	0.9276886581135175	0.9923076923076923	0.0	33.76300295145687	16.805555555555557	112.0	0.933348271621583			
holdout	dense_low_n	2024	eb_delta_0	target	0.9432997523150575	0.9876543209876543	0.0	20.98933230673699	18.833333333333332	112.0	0.943172990270231	0.6309820398291988	0.21903217395162683	True
holdout	dense_low_n	2024	eb_delta_0	reference	0.9421253858762956	0.9807692307692308	0.0	20.340679340969004	16.805555555555557	112.0	0.943172990270231	0.6309820398291988	0.21903217395162683	True
holdout	dense_low_n	2024	eb_delta_0.1	target	0.9439440827469665	0.9876543209876543	0.0	19.341714741349065	18.833333333333332	112.0	0.943172990270231	0.6309820398291988	0.21903217395162683	True
holdout	dense_low_n	2024	eb_delta_0.1	reference	0.9479258568524117	0.9807692307692308	0.0	18.694656783522845	16.805555555555557	112.0	0.9398980840540151	0.6309820398291988	0.21903217395162683	True
holdout	dense_low_n	2024	eb_delta_0.25	target	0.9442018149197302	0.9876543209876543	0.0	16.893436739126038	18.833333333333332	112.0	0.9398980840540151	0.6309820398291988	0.21903217395162683	True
holdout	dense_low_n	2024	eb_delta_0.25	reference	0.9541130258936024	0.9807692307692308	0.0	16.25762260377785	16.805555555555557	112.0	0.9267984591891507	0.6309820398291988	0.21903217395162683	True
holdout	dense_low_n	2024	eb_delta_0.5	target	0.9429131540559118	0.9794238683127572	0.0	12.920505793986583	18.833333333333332	112.0	0.9300733654053668	0.6309820398291988	0.21903217395162683	True
holdout	dense_low_n	2024	eb_delta_0.5	reference	0.9661006659109093	0.9807692307692308	0.0	12.36161849393673	16.805555555555557	112.0	0.9136988343242864	0.6309820398291988	0.21903217395162683	True
holdout	heteroskedastic	2001	hard_z1	target	0.7946713776680775	0.9526748971193416	0.5277777777777778	20.944444444444443	8.333333333333334	112.0	0.9345518159921329			
holdout	heteroskedastic	2001	hard_z1	reference	0.7351729984413786	0.7807692307692308	0.5555555555555556	22.333333333333332	7.416666666666667	112.0	0.914582062016567			
holdout	heteroskedastic	2001	wald_p05	target	0.907047974313773	0.9794238683127572	0.8611111111111112	7.527777777777778	8.333333333333334	112.0	0.7734951616680859			
holdout	heteroskedastic	2001	wald_p05	reference	0.838606777942291	0.85	0.8333333333333334	7.194444444444445	7.416666666666667	112.0	0.7181473079006458			
holdout	heteroskedastic	2001	continuous_sign	target	0.7858924579212011	0.9465020576131687	0.0	29.870262799866012	8.333333333333334	112.0	0.943172990270231			
holdout	heteroskedastic	2001	continuous_sign	reference	0.7356280216480756	0.7769230769230769	0.0	31.602809162035346	7.416666666666667	112.0	0.943172990270231			
holdout	heteroskedastic	2001	eb_delta_0	target	0.8858093773246694	0.9835390946502057	0.0	10.448076414774293	8.333333333333334	112.0	0.9071490218918543	0.8157324180699865	0.19129698951902968	True
holdout	heteroskedastic	2001	eb_delta_0	reference	0.8297335243294325	0.8307692307692308	0.0	10.189893984877294	7.416666666666667	112.0	0.9071490218918543	0.8157324180699865	0.19129698951902968	True
holdout	heteroskedastic	2001	eb_delta_0.1	target	0.8852923428128792	0.9835390946502057	0.0	9.634703155570811	8.333333333333334	112.0	0.9038741156756381	0.8157324180699865	0.19129698951902968	True
holdout	heteroskedastic	2001	eb_delta_0.1	reference	0.840089012932608	0.8346153846153846	0.0	9.365429693609778	7.416666666666667	112.0	0.8809497721621257	0.8157324180699865	0.19129698951902968	True
holdout	heteroskedastic	2001	eb_delta_0.25	target	0.9017081885622201	0.9876543209876543	0.0	8.489282095872106	8.333333333333334	112.0	0.8842246783783417	0.8157324180699865	0.19129698951902968	True
holdout	heteroskedastic	2001	eb_delta_0.25	reference	0.8453962008417354	0.8307692307692307	0.0	8.147316819752128	7.416666666666667	112.0	0.8482007099999648	0.8157324180699865	0.19129698951902968	True
holdout	heteroskedastic	2001	eb_delta_0.5	target	0.8965378434443175	0.9835390946502057	0.0	6.644088722605383	8.333333333333334	112.0	0.8449258037837488	0.8157324180699865	0.19129698951902968	True
holdout	heteroskedastic	2001	eb_delta_0.5	reference	0.8491500654603863	0.8423076923076924	0.0	6.200897861210102	7.416666666666667	112.0	0.7794276794594271	0.8157324180699865	0.19129698951902968	True
holdout	heteroskedastic	2002	hard_z1	target	0.7233312702594838	0.9423076923076923	0.6944444444444444	21.805555555555557	8.38888888888889	112.0	0.9249265705691745			
holdout	heteroskedastic	2002	hard_z1	reference	0.8236561698901126	0.9588477366255144	0.5555555555555556	21.916666666666668	9.13888888888889	112.0	0.93473274951956			
holdout	heteroskedastic	2002	wald_p05	target	0.8017138868057759	0.9461538461538461	0.8055555555555556	7.333333333333333	8.38888888888889	112.0	0.743678603670877			
holdout	heteroskedastic	2002	wald_p05	reference	0.9161054450449293	0.9588477366255145	0.75	8.027777777777779	9.13888888888889	112.0	0.8822695283195446			
holdout	heteroskedastic	2002	continuous_sign	target	0.7283820096201957	0.9307692307692308	0.0	31.16247483794731	8.38888888888889	112.0	0.943172990270231			
holdout	heteroskedastic	2002	continuous_sign	reference	0.8583911220221128	0.9588477366255144	0.0	30.99935091715453	9.13888888888889	112.0	0.943172990270231			
holdout	heteroskedastic	2002	eb_delta_0	target	0.823337805482353	0.95	0.0	10.629900864761595	8.38888888888889	112.0	0.9071490218918543	0.8047589155584696	0.189951800453746	True
holdout	heteroskedastic	2002	eb_delta_0	reference	0.9191781986155122	0.97119341563786	0.0	11.237100868508735	9.13888888888889	112.0	0.933348271621583	0.8047589155584696	0.189951800453746	True
holdout	heteroskedastic	2002	eb_delta_0.1	target	0.8268259775752487	0.95	0.0	9.761774071093763	8.38888888888889	112.0	0.8940493970269899	0.8047589155584696	0.189951800453746	True
holdout	heteroskedastic	2002	eb_delta_0.1	reference	0.9191781986155122	0.97119341563786	0.0	10.373135948756937	9.13888888888889	112.0	0.933348271621583	0.8047589155584696	0.189951800453746	True
holdout	heteroskedastic	2002	eb_delta_0.25	target	0.8415538153008078	0.9576923076923076	0.0	8.50183596618539	8.38888888888889	112.0	0.8613003348648292	0.8047589155584696	0.189951800453746	True
holdout	heteroskedastic	2002	eb_delta_0.25	reference	0.925515574685888	0.97119341563786	0.0	9.123365441859097	9.13888888888889	112.0	0.9300733654053668	0.8047589155584696	0.189951800453746	True
holdout	heteroskedastic	2002	eb_delta_0.5	target	0.8544729712004211	0.9653846153846154	0.0	6.481174628623192	8.38888888888889	112.0	0.81872655405402	0.8047589155584696	0.189951800453746	True
holdout	heteroskedastic	2002	eb_delta_0.5	reference	0.9286195956183169	0.9629629629629629	0.0	7.063336058917319	9.13888888888889	112.0	0.9136988343242864	0.8047589155584696	0.189951800453746	True
holdout	heteroskedastic	2003	hard_z1	target	0.8536202565630115	0.9618055555555556	0.3611111111111111	23.333333333333332	9.36111111111111	112.0	0.9420813021797415			
holdout	heteroskedastic	2003	hard_z1	reference	0.8417441479602727	0.962962962962963	0.4166666666666667	21.694444444444443	8.88888888888889	112.0	0.9409886642902078			
holdout	heteroskedastic	2003	wald_p05	target	0.9121250371455442	0.9305555555555555	0.8611111111111112	8.222222222222221	9.36111111111111	112.0	0.7885697226877509			
holdout	heteroskedastic	2003	wald_p05	reference	0.8575725254896661	0.9650205761316871	0.8888888888888888	7.444444444444445	8.88888888888889	112.0	0.7711566983824916			
holdout	heteroskedastic	2003	continuous_sign	target	0.8571304173195817	0.9618055555555556	0.0	32.46154374297126	9.36111111111111	112.0	0.943172990270231			
holdout	heteroskedastic	2003	continuous_sign	reference	0.8470347863557455	0.9547325102880658	0.0	29.949569788889164	8.88888888888889	112.0	0.943172990270231			
holdout	heteroskedastic	2003	eb_delta_0	target	0.912679185887392	0.9756944444444444	0.0	11.711900481714707	9.36111111111111	112.0	0.9267984591891507	0.7953855609824743	0.19408857427781315	True
holdout	heteroskedastic	2003	eb_delta_0	reference	0.8882495662287598	0.9794238683127572	0.0	11.20491651886063	8.88888888888889	112.0	0.9300733654053668	0.7953855609824743	0.19408857427781315	True
holdout	heteroskedastic	2003	eb_delta_0.1	target	0.9290854500923033	0.9826388888888888	0.0	10.796043575807703	9.36111111111111	112.0	0.9169737405405026	0.7953855609824743	0.19408857427781315	True
holdout	heteroskedastic	2003	eb_delta_0.1	reference	0.89535556275859	0.9835390946502057	0.0	10.29665588167295	8.88888888888889	112.0	0.9169737405405026	0.7953855609824743	0.19408857427781315	True
holdout	heteroskedastic	2003	eb_delta_0.25	target	0.9270185191688499	0.9826388888888888	0.0	9.436363494824558	9.36111111111111	112.0	0.9005992094594221	0.7953855609824743	0.19408857427781315	True
holdout	heteroskedastic	2003	eb_delta_0.25	reference	0.9093091559444381	0.9794238683127572	0.0	9.029442085722087	8.88888888888889	112.0	0.9005992094594221	0.7953855609824743	0.19408857427781315	True
holdout	heteroskedastic	2003	eb_delta_0.5	target	0.9427788674601821	0.9826388888888888	0.0	7.2159099781274705	9.36111111111111	112.0	0.8613003348648292	0.7953855609824743	0.19408857427781315	True
holdout	heteroskedastic	2003	eb_delta_0.5	reference	0.909438355881344	0.9794238683127572	0.0	7.074798795782951	8.88888888888889	112.0	0.8842246783783417	0.7953855609824743	0.19408857427781315	True
holdout	heteroskedastic	2004	hard_z1	target	0.8770195239339507	0.9465020576131687	0.5277777777777778	22.27777777777778	9.055555555555555	112.0	0.9319945104742099			
holdout	heteroskedastic	2004	hard_z1	reference	0.7963300138437831	0.9670781893004116	0.6666666666666666	22.75	9.055555555555555	112.0	0.9443892035288921			
holdout	heteroskedastic	2004	wald_p05	target	0.9163543672834363	0.9465020576131687	0.8611111111111112	7.5	9.055555555555555	112.0	0.8130545444849886			
holdout	heteroskedastic	2004	wald_p05	reference	0.8457086391855937	0.9691358024691358	0.8055555555555556	7.666666666666667	9.055555555555555	112.0	0.8022817362394998			
holdout	heteroskedastic	2004	continuous_sign	target	0.855670830383905	0.9382716049382716	0.0	30.972830798661537	9.055555555555555	112.0	0.943172990270231			
holdout	heteroskedastic	2004	continuous_sign	reference	0.7880744350429699	0.9382716049382717	0.0	31.478797836932447	9.055555555555555	112.0	0.943172990270231			
holdout	heteroskedastic	2004	eb_delta_0	target	0.932802448799578	0.9382716049382716	0.0	10.8981578115836	9.055555555555555	112.0	0.8940493970269899	0.8076171358692961	0.20049734640681213	True
holdout	heteroskedastic	2004	eb_delta_0	reference	0.8952339666756148	0.9794238683127572	0.0	10.648723057929796	9.055555555555555	112.0	0.9235235529729348	0.8076171358692961	0.20049734640681213	True
holdout	heteroskedastic	2004	eb_delta_0.1	target	0.930093813370265	0.9382716049382716	0.0	10.049725417996026	9.055555555555555	112.0	0.8809497721621257	0.8076171358692961	0.20049734640681213	True
holdout	heteroskedastic	2004	eb_delta_0.1	reference	0.8972996925866056	0.9794238683127572	0.0	9.790190155434766	9.055555555555555	112.0	0.9136988343242864	0.8076171358692961	0.20049734640681213	True
holdout	heteroskedastic	2004	eb_delta_0.25	target	0.9226128202797818	0.9382716049382716	0.0	8.847285505780913	9.055555555555555	112.0	0.8645752410810451	0.8076171358692961	0.20049734640681213	True
holdout	heteroskedastic	2004	eb_delta_0.25	reference	0.8940719958506826	0.9794238683127572	0.0	8.560484592765041	9.055555555555555	112.0	0.9005992094594221	0.8076171358692961	0.20049734640681213	True
holdout	heteroskedastic	2004	eb_delta_0.5	target	0.9195172369319955	0.9382716049382717	0.0	6.82461346493311	9.055555555555555	112.0	0.8285512727026683	0.8076171358692961	0.20049734640681213	True
holdout	heteroskedastic	2004	eb_delta_0.5	reference	0.8987198791504117	0.9835390946502057	0.0	6.66377212009534	9.055555555555555	112.0	0.8711250535134775	0.8076171358692961	0.20049734640681213	True
holdout	heteroskedastic	2005	hard_z1	target	0.7374493821169656	0.8559670781893004	0.5555555555555556	21.75	8.13888888888889	112.0	0.9440847091783917			
holdout	heteroskedastic	2005	hard_z1	reference	0.8579188812430768	0.9654545454545455	0.4722222222222222	21.444444444444443	8.555555555555555	112.0	0.9425064428464038			
holdout	heteroskedastic	2005	wald_p05	target	0.8544406457910079	0.9465020576131687	0.8888888888888888	7.277777777777778	8.13888888888889	112.0	0.8116748325928479			
holdout	heteroskedastic	2005	wald_p05	reference	0.8874143424957028	0.9	0.7777777777777778	7.277777777777778	8.555555555555555	112.0	0.7908275277909802			
holdout	heteroskedastic	2005	continuous_sign	target	0.7372536794370754	0.8724279835390947	0.0	31.035682975556394	8.13888888888889	112.0	0.943172990270231			
holdout	heteroskedastic	2005	continuous_sign	reference	0.8587125368207001	0.9781818181818182	0.0	30.68804477596376	8.555555555555555	112.0	0.943172990270231			
holdout	heteroskedastic	2005	eb_delta_0	target	0.822341275715365	0.934156378600823	0.0	10.358141020583435	8.13888888888889	112.0	0.9235235529729348	0.8181702489639733	0.18736233919328868	True
holdout	heteroskedastic	2005	eb_delta_0	reference	0.8891642511241842	0.9781818181818182	0.0	10.006790758386042	8.555555555555555	112.0	0.9366231778377989	0.8181702489639733	0.18736233919328868	True
holdout	heteroskedastic	2005	eb_delta_0.1	target	0.8400301993726117	0.9465020576131687	0.0	9.550034198507369	8.13888888888889	112.0	0.9136988343242864	0.8181702489639733	0.18736233919328868	True
holdout	heteroskedastic	2005	eb_delta_0.1	reference	0.8872287608082847	0.9781818181818182	0.0	9.197712553324287	8.555555555555555	112.0	0.933348271621583	0.8181702489639733	0.18736233919328868	True
holdout	heteroskedastic	2005	eb_delta_0.25	target	0.8520380088625676	0.9506172839506173	0.0	8.376979017056916	8.13888888888889	112.0	0.8973243032432059	0.8181702489639733	0.18736233919328868	True
holdout	heteroskedastic	2005	eb_delta_0.25	reference	0.9023255852723	0.9781818181818182	0.0	8.031001258131404	8.555555555555555	112.0	0.9169737405405026	0.8181702489639733	0.18736233919328868	True
holdout	heteroskedastic	2005	eb_delta_0.5	target	0.8761827440735541	0.9588477366255144	0.0	6.3908474723106945	8.13888888888889	112.0	0.8678501472972613	0.8181702489639733	0.18736233919328868	True
holdout	heteroskedastic	2005	eb_delta_0.5	reference	0.9221966191822004	0.9745454545454546	0.0	6.23575636702152	8.555555555555555	112.0	0.8842246783783417	0.8181702489639733	0.18736233919328868	True
holdout	heteroskedastic	2006	hard_z1	target	0.8237094623826297	0.9884615384615385	0.6666666666666666	23.444444444444443	9.416666666666666	112.0	0.8971312743118461			
holdout	heteroskedastic	2006	hard_z1	reference	0.8000329780120126	0.923076923076923	0.6388888888888888	22.555555555555557	9.472222222222221	112.0	0.9292734730560384			
holdout	heteroskedastic	2006	wald_p05	target	0.8905041225344034	0.9711538461538461	0.8055555555555556	8.583333333333334	9.416666666666666	112.0	0.7649681983619097			
holdout	heteroskedastic	2006	wald_p05	reference	0.9100282595015203	0.9634615384615384	0.8333333333333334	7.75	9.472222222222221	112.0	0.7400360469576933			
holdout	heteroskedastic	2006	continuous_sign	target	0.7933929014817862	0.9807692307692307	0.0	31.563407943456006	9.416666666666666	112.0	0.943172990270231			
holdout	heteroskedastic	2006	continuous_sign	reference	0.7797786290711626	0.9192307692307692	0.0	31.184082577218856	9.472222222222221	112.0	0.943172990270231			
holdout	heteroskedastic	2006	eb_delta_0	target	0.8511153342556076	0.9769230769230769	0.0	11.869573886164702	9.416666666666666	112.0	0.9300733654053668	0.7935661171411168	0.2019382398442749	True
holdout	heteroskedastic	2006	eb_delta_0	reference	0.8526079867631109	0.95	0.0	11.251020853021908	9.472222222222221	112.0	0.9235235529729348	0.7935661171411168	0.2019382398442749	True
holdout	heteroskedastic	2006	eb_delta_0.1	target	0.8673860871180269	0.9769230769230769	0.0	10.950888859476242	9.416666666666666	112.0	0.9104239281080704	0.7935661171411168	0.2019382398442749	True
holdout	heteroskedastic	2006	eb_delta_0.1	reference	0.8639916163845877	0.9576923076923076	0.0	10.33523178426445	9.472222222222221	112.0	0.9169737405405026	0.7935661171411168	0.2019382398442749	True
holdout	heteroskedastic	2006	eb_delta_0.25	target	0.8793954523260031	0.9769230769230769	0.0	9.625565401762003	9.416666666666666	112.0	0.8940493970269899	0.7935661171411168	0.2019382398442749	True
holdout	heteroskedastic	2006	eb_delta_0.25	reference	0.8674843209275408	0.9615384615384616	0.0	9.016312402336299	9.472222222222221	112.0	0.9104239281080704	0.7935661171411168	0.2019382398442749	True
holdout	heteroskedastic	2006	eb_delta_0.5	target	0.8833985740619953	0.9846153846153847	0.0	7.518708462586655	9.416666666666666	112.0	0.8645752410810451	0.7935661171411168	0.2019382398442749	True
holdout	heteroskedastic	2006	eb_delta_0.5	reference	0.8718825414631113	0.9653846153846154	0.0	6.979081537826365	9.472222222222221	112.0	0.8711250535134775	0.7935661171411168	0.2019382398442749	True
holdout	heteroskedastic	2007	hard_z1	target	0.859044657055612	0.9753086419753086	0.5833333333333334	22.97222222222222	8.555555555555555	112.0	0.9283529896628642			
holdout	heteroskedastic	2007	hard_z1	reference	0.826864157845738	0.9280936454849498	0.4722222222222222	21.833333333333332	8.916666666666666	112.0	0.9443282810888372			
holdout	heteroskedastic	2007	wald_p05	target	0.8609723701410924	0.9711934156378601	0.8333333333333334	7.888888888888889	8.555555555555555	112.0	0.8335004607959655			
holdout	heteroskedastic	2007	wald_p05	reference	0.8427645029308073	0.9247491638795987	0.8888888888888888	7.333333333333333	8.916666666666666	112.0	0.8588804100363675			
holdout	heteroskedastic	2007	continuous_sign	target	0.8430551398768276	0.9753086419753088	0.0	31.371160973584146	8.555555555555555	112.0	0.943172990270231			
holdout	heteroskedastic	2007	continuous_sign	reference	0.827404683920231	0.9331103678929765	0.0	31.036077837896787	8.916666666666666	112.0	0.943172990270231			
holdout	heteroskedastic	2007	eb_delta_0	target	0.8880663685784441	0.9958847736625515	0.0	11.086286628206166	8.555555555555555	112.0	0.9366231778377989	0.8044493990463087	0.20392775875915614	True
holdout	heteroskedastic	2007	eb_delta_0	reference	0.8578001975549432	0.9364548494983278	0.0	10.81538079583897	8.916666666666666	112.0	0.933348271621583	0.8044493990463087	0.20392775875915614	True
holdout	heteroskedastic	2007	eb_delta_0.1	target	0.8907825634138864	0.9958847736625515	0.0	10.217165356935993	8.555555555555555	112.0	0.9300733654053668	0.8044493990463087	0.20392775875915614	True
holdout	heteroskedastic	2007	eb_delta_0.1	reference	0.849392927826193	0.9331103678929766	0.0	9.94981339084449	8.916666666666666	112.0	0.9169737405405026	0.8044493990463087	0.20392775875915614	True
holdout	heteroskedastic	2007	eb_delta_0.25	target	0.8958269252511363	0.9958847736625515	0.0	8.957685272796475	8.555555555555555	112.0	0.9169737405405026	0.8044493990463087	0.20392775875915614	True
holdout	heteroskedastic	2007	eb_delta_0.25	reference	0.8413736859310774	0.9230769230769231	0.0	8.734682310126583	8.916666666666666	112.0	0.9071490218918543	0.8044493990463087	0.20392775875915614	True
holdout	heteroskedastic	2007	eb_delta_0.5	target	0.8991898331426367	0.9958847736625515	0.0	6.787969322546187	8.555555555555555	112.0	0.8940493970269899	0.8044493990463087	0.20392775875915614	True
holdout	heteroskedastic	2007	eb_delta_0.5	reference	0.8437018529328851	0.9230769230769231	0.0	6.861051596258657	8.916666666666666	112.0	0.858025428648613	0.8044493990463087	0.20392775875915614	True
holdout	heteroskedastic	2008	hard_z1	target	0.7015765247754805	0.8923076923076922	0.6388888888888888	21.27777777777778	7.611111111111111	112.0	0.9267726300752299			
holdout	heteroskedastic	2008	hard_z1	reference	0.876445544680254	0.9384615384615385	0.4444444444444444	22.833333333333332	9.166666666666666	112.0	0.9067377190661895			
holdout	heteroskedastic	2008	wald_p05	target	0.7534452770885662	0.8596153846153846	0.8333333333333334	7.388888888888889	7.611111111111111	112.0	0.8124521733809404			
holdout	heteroskedastic	2008	wald_p05	reference	0.9189783554739079	0.9884615384615384	0.7222222222222222	8.583333333333334	9.166666666666666	112.0	0.8404879776233983			
holdout	heteroskedastic	2008	continuous_sign	target	0.7413111437818489	0.8923076923076924	0.0	30.434155643062795	7.611111111111111	112.0	0.943172990270231			
holdout	heteroskedastic	2008	continuous_sign	reference	0.8608124340994043	0.9269230769230768	0.0	31.7373842985006	9.166666666666666	112.0	0.943172990270231			
holdout	heteroskedastic	2008	eb_delta_0	target	0.8105792983339375	0.9192307692307693	0.0	10.214936271931785	7.611111111111111	112.0	0.9366231778377989	0.8057504185960398	0.1995775713696873	True
holdout	heteroskedastic	2008	eb_delta_0	reference	0.9169271364571508	0.9730769230769231	0.0	11.541016728986948	9.166666666666666	112.0	0.9169737405405026	0.8057504185960398	0.1995775713696873	True
holdout	heteroskedastic	2008	eb_delta_0.1	target	0.8083864517280054	0.9153846153846155	0.0	9.348325076692678	7.611111111111111	112.0	0.933348271621583	0.8057504185960398	0.1995775713696873	True
holdout	heteroskedastic	2008	eb_delta_0.1	reference	0.9210551145616287	0.9846153846153847	0.0	10.675830468489124	9.166666666666666	112.0	0.9038741156756381	0.8057504185960398	0.1995775713696873	True
holdout	heteroskedastic	2008	eb_delta_0.25	target	0.8167708652212748	0.9153846153846155	0.0	8.092847367639845	7.611111111111111	112.0	0.9202486467567186	0.8057504185960398	0.1995775713696873	True
holdout	heteroskedastic	2008	eb_delta_0.25	reference	0.9215711118246883	0.9846153846153847	0.0	9.432083897106368	9.166666666666666	112.0	0.8907744908107738	0.8057504185960398	0.1995775713696873	True
holdout	heteroskedastic	2008	eb_delta_0.5	target	0.8228334411317929	0.9076923076923077	0.0	6.155395027692056	7.611111111111111	112.0	0.8809497721621257	0.8057504185960398	0.1995775713696873	True
holdout	heteroskedastic	2008	eb_delta_0.5	reference	0.9179591309832702	0.9923076923076923	0.0	7.334755963856477	9.166666666666666	112.0	0.8874995845945578	0.8057504185960398	0.1995775713696873	True
holdout	heteroskedastic	2009	hard_z1	target	0.7457837418611664	0.8963636363636364	0.5555555555555556	21.083333333333332	9.083333333333334	112.0	0.9034000887923952			
holdout	heteroskedastic	2009	hard_z1	reference	0.8578912639670963	0.9509090909090909	0.5555555555555556	23.694444444444443	9.36111111111111	112.0	0.9393493112165314			
holdout	heteroskedastic	2009	wald_p05	target	0.872787349768356	0.9363636363636364	0.7222222222222222	7.388888888888889	9.083333333333334	112.0	0.8120864173367806			
holdout	heteroskedastic	2009	wald_p05	reference	0.90691875561466	0.9763636363636363	0.8055555555555556	8.722222222222221	9.36111111111111	112.0	0.8137397991742511			
holdout	heteroskedastic	2009	continuous_sign	target	0.7049289671255924	0.8981818181818182	0.0	29.608979921646746	9.083333333333334	112.0	0.943172990270231			
holdout	heteroskedastic	2009	continuous_sign	reference	0.898125601962224	0.9745454545454546	0.0	32.62456422290491	9.36111111111111	112.0	0.943172990270231			
holdout	heteroskedastic	2009	eb_delta_0	target	0.8410086615121077	0.9454545454545454	0.0	11.36854410344618	9.083333333333334	112.0	0.9104239281080704	0.7925895588446492	0.1987430263429374	True
holdout	heteroskedastic	2009	eb_delta_0	reference	0.9217401113241618	0.9890909090909091	0.0	11.861425632818804	9.36111111111111	112.0	0.9366231778377989	0.7925895588446492	0.1987430263429374	True
holdout	heteroskedastic	2009	eb_delta_0.1	target	0.8521119382836829	0.9490909090909091	0.0	10.461896077584942	9.083333333333334	112.0	0.8907744908107738	0.7925895588446492	0.1987430263429374	True
holdout	heteroskedastic	2009	eb_delta_0.1	reference	0.9187721675245739	0.9854545454545455	0.0	10.924963062276747	9.36111111111111	112.0	0.9300733654053668	0.7925895588446492	0.1987430263429374	True
holdout	heteroskedastic	2009	eb_delta_0.25	target	0.8766424334766981	0.9527272727272728	0.0	9.200285830016902	9.083333333333334	112.0	0.854750522432397	0.7925895588446492	0.1987430263429374	True
holdout	heteroskedastic	2009	eb_delta_0.25	reference	0.9191592906288679	0.9781818181818182	0.0	9.557071639722832	9.36111111111111	112.0	0.9136988343242864	0.7925895588446492	0.1987430263429374	True
holdout	heteroskedastic	2009	eb_delta_0.5	target	0.8909734069841966	0.9527272727272728	0.0	7.176249446209888	9.083333333333334	112.0	0.8318261789188844	0.7925895588446492	0.1987430263429374	True
holdout	heteroskedastic	2009	eb_delta_0.5	reference	0.911287787508222	0.9636363636363636	0.0	7.298002376088872	9.36111111111111	112.0	0.8645752410810451	0.7925895588446492	0.1987430263429374	True
holdout	heteroskedastic	2010	hard_z1	target	0.9076187333582182	0.9472727272727273	0.5	22.72222222222222	9.63888888888889	112.0	0.9440238456442293			
holdout	heteroskedastic	2010	hard_z1	reference	0.8392620739353377	0.9012345679012346	0.75	21.38888888888889	8.61111111111111	112.0	0.8875199267488877			
holdout	heteroskedastic	2010	wald_p05	target	0.9322903518752553	0.9672727272727272	0.8333333333333334	8.13888888888889	9.63888888888889	112.0	0.8521027781187184			
holdout	heteroskedastic	2010	wald_p05	reference	0.9111492746756541	0.9670781893004115	0.8611111111111112	7.666666666666667	8.61111111111111	112.0	0.7951411370434823			
holdout	heteroskedastic	2010	continuous_sign	target	0.891127273304164	0.9672727272727273	0.0	32.188172892052776	9.63888888888889	112.0	0.943172990270231			
holdout	heteroskedastic	2010	continuous_sign	reference	0.7771249563489393	0.8724279835390947	0.0	30.033680649647277	8.61111111111111	112.0	0.943172990270231			
holdout	heteroskedastic	2010	eb_delta_0	target	0.9353740386115365	0.9709090909090908	0.0	11.794129274273836	9.63888888888889	112.0	0.9300733654053668	0.7969410416105236	0.19606866493531977	True
holdout	heteroskedastic	2010	eb_delta_0	reference	0.8713728507389535	0.962962962962963	0.0	10.948473872814446	8.61111111111111	112.0	0.9202486467567186	0.7969410416105236	0.19606866493531977	True
holdout	heteroskedastic	2010	eb_delta_0.1	target	0.9371800290322453	0.9709090909090908	0.0	10.891381713025096	9.63888888888889	112.0	0.9300733654053668	0.7969410416105236	0.19606866493531977	True
holdout	heteroskedastic	2010	eb_delta_0.1	reference	0.8826205418389965	0.9670781893004116	0.0	10.048552240001843	8.61111111111111	112.0	0.8940493970269899	0.7969410416105236	0.19606866493531977	True
holdout	heteroskedastic	2010	eb_delta_0.25	target	0.9410500085051934	0.9709090909090908	0.0	9.597896529180428	9.63888888888889	112.0	0.9235235529729348	0.7969410416105236	0.19606866493531977	True
holdout	heteroskedastic	2010	eb_delta_0.25	reference	0.893609665327544	0.9753086419753086	0.0	8.740952202070416	8.61111111111111	112.0	0.8743999597296934	0.7969410416105236	0.19606866493531977	True
holdout	heteroskedastic	2010	eb_delta_0.5	target	0.9490479660826193	0.9709090909090909	0.0	7.520480546534333	9.63888888888889	112.0	0.8809497721621257	0.7969410416105236	0.19606866493531977	True
holdout	heteroskedastic	2010	eb_delta_0.5	reference	0.9056330592620728	0.9876543209876543	0.0	6.622847995716405	8.61111111111111	112.0	0.8056269291891558	0.7969410416105236	0.19606866493531977	True
holdout	heteroskedastic	2011	hard_z1	target	0.8110093519017921	0.9691358024691359	0.5555555555555556	21.583333333333332	9.805555555555555	112.0	0.9309724215509141			
holdout	heteroskedastic	2011	hard_z1	reference	0.8826986328936185	0.9173076923076924	0.6111111111111112	22.194444444444443	9.527777777777779	112.0	0.9378914562492954			
holdout	heteroskedastic	2011	wald_p05	target	0.9165640932766811	0.9938271604938272	0.7222222222222222	8.027777777777779	9.805555555555555	112.0	0.754705586087333			
holdout	heteroskedastic	2011	wald_p05	reference	0.9283469946033303	0.9846153846153847	0.7777777777777778	8.194444444444445	9.527777777777779	112.0	0.8203686845467835			
holdout	heteroskedastic	2011	continuous_sign	target	0.8143645718111974	0.9547325102880658	0.0	31.28015018271631	9.805555555555555	112.0	0.943172990270231			
holdout	heteroskedastic	2011	continuous_sign	reference	0.8620993727906654	0.9	0.0	30.802217551611825	9.527777777777779	112.0	0.943172990270231			
holdout	heteroskedastic	2011	eb_delta_0	target	0.8420402933242347	0.9876543209876543	0.0	11.65196971477601	9.805555555555555	112.0	0.9366231778377989	0.7901020848220018	0.19616133771643174	True
holdout	heteroskedastic	2011	eb_delta_0	reference	0.9371430214541662	0.95	0.0	11.856596990061941	9.527777777777779	112.0	0.933348271621583	0.7901020848220018	0.19616133771643174	True
holdout	heteroskedastic	2011	eb_delta_0.1	target	0.85109309942663	0.9876543209876543	0.0	10.714425937645668	9.805555555555555	112.0	0.9202486467567186	0.7901020848220018	0.19616133771643174	True
holdout	heteroskedastic	2011	eb_delta_0.1	reference	0.9359825526604008	0.95	0.0	10.922019386782603	9.527777777777779	112.0	0.933348271621583	0.7901020848220018	0.19616133771643174	True
holdout	heteroskedastic	2011	eb_delta_0.25	target	0.8702333180431232	0.9876543209876543	0.0	9.34384852974644	9.805555555555555	112.0	0.8973243032432059	0.7901020848220018	0.19616133771643174	True
holdout	heteroskedastic	2011	eb_delta_0.25	reference	0.9413980736979731	0.95	0.0	9.564837781536184	9.527777777777779	112.0	0.9300733654053668	0.7901020848220018	0.19616133771643174	True
holdout	heteroskedastic	2011	eb_delta_0.5	target	0.8800620789542953	0.9835390946502057	0.0	7.165998929438473	9.805555555555555	112.0	0.8678501472972613	0.7901020848220018	0.19616133771643174	True
holdout	heteroskedastic	2011	eb_delta_0.5	reference	0.9323722053020193	0.9461538461538461	0.0	7.322164620537657	9.527777777777779	112.0	0.9136988343242864	0.7901020848220018	0.19616133771643174	True
holdout	heteroskedastic	2012	hard_z1	target	0.8636339834504262	0.9176954732510288	0.5277777777777778	22.083333333333332	9.444444444444445	112.0	0.9099583471502347			
holdout	heteroskedastic	2012	hard_z1	reference	0.8764556709860405	0.9362139917695472	0.6111111111111112	22.916666666666668	9.305555555555555	112.0	0.9446330112529822			
holdout	heteroskedastic	2012	wald_p05	target	0.9062330020899959	0.9753086419753086	0.8055555555555556	8.055555555555555	9.444444444444445	112.0	0.8159684567662995			
holdout	heteroskedastic	2012	wald_p05	reference	0.9342524072048101	0.9835390946502058	0.7222222222222222	8.38888888888889	9.305555555555555	112.0	0.9077926789565219			
holdout	heteroskedastic	2012	continuous_sign	target	0.8330028614874038	0.9176954732510288	0.0	30.942699677082587	9.444444444444445	112.0	0.943172990270231			
holdout	heteroskedastic	2012	continuous_sign	reference	0.8749073753620525	0.9218106995884774	0.0	31.594725486649583	9.305555555555555	112.0	0.943172990270231			
holdout	heteroskedastic	2012	eb_delta_0	target	0.8780580364637197	0.9423868312757202	0.0	11.71495938114752	9.444444444444445	112.0	0.9366231778377989	0.7864585391904202	0.19831549976599358	True
holdout	heteroskedastic	2012	eb_delta_0	reference	0.9364878413569913	0.9670781893004115	0.0	12.20168512779571	9.305555555555555	112.0	0.9398980840540151	0.7864585391904202	0.19831549976599358	True
holdout	heteroskedastic	2012	eb_delta_0.1	target	0.8903575813566795	0.9506172839506173	0.0	10.764812726184509	9.444444444444445	112.0	0.9169737405405026	0.7864585391904202	0.19831549976599358	True
holdout	heteroskedastic	2012	eb_delta_0.1	reference	0.9395862295831516	0.9753086419753085	0.0	11.254079695936777	9.305555555555555	112.0	0.9398980840540151	0.7864585391904202	0.19831549976599358	True
holdout	heteroskedastic	2012	eb_delta_0.25	target	0.8875092656972573	0.9506172839506173	0.0	9.38570877338506	9.444444444444445	112.0	0.8907744908107738	0.7864585391904202	0.19831549976599358	True
holdout	heteroskedastic	2012	eb_delta_0.25	reference	0.9433301153564287	0.9876543209876543	0.0	9.899753824481074	9.305555555555555	112.0	0.9267984591891507	0.7864585391904202	0.19831549976599358	True
holdout	heteroskedastic	2012	eb_delta_0.5	target	0.89100492582473	0.962962962962963	0.0	7.236596131473884	9.444444444444445	112.0	0.851475616216181	0.7864585391904202	0.19831549976599358	True
holdout	heteroskedastic	2012	eb_delta_0.5	reference	0.9416518217339254	0.9835390946502057	0.0	7.690116278062332	9.305555555555555	112.0	0.9202486467567186	0.7864585391904202	0.19831549976599358	True
holdout	heteroskedastic	2013	hard_z1	target	0.817917887622057	0.9012345679012346	0.5833333333333334	22.083333333333332	8.36111111111111	112.0	0.9349137881763826			
holdout	heteroskedastic	2013	hard_z1	reference	0.8359162601740199	0.95	0.5833333333333334	21.88888888888889	9.166666666666666	112.0	0.9217921911493457			
holdout	heteroskedastic	2013	wald_p05	target	0.9099976007589022	0.9917695473251029	0.8055555555555556	7.555555555555555	8.36111111111111	112.0	0.8576806935495276			
holdout	heteroskedastic	2013	wald_p05	reference	0.8948363455850191	0.9423076923076923	0.7777777777777778	7.888888888888889	9.166666666666666	112.0	0.818353150819135			
holdout	heteroskedastic	2013	continuous_sign	target	0.8153867615269641	0.9012345679012346	0.0	30.942851627131592	8.36111111111111	112.0	0.943172990270231			
holdout	heteroskedastic	2013	continuous_sign	reference	0.8297973499825841	0.9461538461538461	0.0	30.86739424531042	9.166666666666666	112.0	0.943172990270231			
holdout	heteroskedastic	2013	eb_delta_0	target	0.899016172965627	0.9711934156378601	0.0	10.746100087632525	8.36111111111111	112.0	0.943172990270231	0.8029051315333179	0.19705119164831406	True
holdout	heteroskedastic	2013	eb_delta_0	reference	0.885651581081443	0.9692307692307693	0.0	11.328525087511787	9.166666666666666	112.0	0.9235235529729348	0.8029051315333179	0.19705119164831406	True
holdout	heteroskedastic	2013	eb_delta_0.1	target	0.9023716740418698	0.9753086419753086	0.0	9.864231780692176	8.36111111111111	112.0	0.943172990270231	0.8029051315333179	0.19705119164831406	True
holdout	heteroskedastic	2013	eb_delta_0.1	reference	0.8894010549283572	0.9730769230769231	0.0	10.45471736531508	9.166666666666666	112.0	0.9169737405405026	0.8029051315333179	0.19705119164831406	True
holdout	heteroskedastic	2013	eb_delta_0.25	target	0.9019845008407649	0.9753086419753085	0.0	8.564659766553737	8.36111111111111	112.0	0.9267984591891507	0.8029051315333179	0.19705119164831406	True
holdout	heteroskedastic	2013	eb_delta_0.25	reference	0.8917283145574764	0.9769230769230769	0.0	9.198238614626897	9.166666666666666	112.0	0.8940493970269899	0.8029051315333179	0.19705119164831406	True
holdout	heteroskedastic	2013	eb_delta_0.5	target	0.9023716740418698	0.9753086419753086	0.0	6.484027562587327	8.36111111111111	112.0	0.9038741156756381	0.8029051315333179	0.19705119164831406	True
holdout	heteroskedastic	2013	eb_delta_0.5	reference	0.8919868989607117	0.9730769230769231	0.0	7.286687352464087	9.166666666666666	112.0	0.8711250535134775	0.8029051315333179	0.19705119164831406	True
holdout	heteroskedastic	2014	hard_z1	target	0.8500013904780763	0.9403846153846154	0.4722222222222222	21.666666666666668	9.11111111111111	112.0	0.9064453267722804			
holdout	heteroskedastic	2014	hard_z1	reference	0.9118886147279766	0.9938271604938271	0.6111111111111112	23.02777777777778	10.36111111111111	112.0	0.933454414639773			
holdout	heteroskedastic	2014	wald_p05	target	0.8957600968250715	0.951923076923077	0.8055555555555556	7.472222222222222	9.11111111111111	112.0	0.7110497011484154			
holdout	heteroskedastic	2014	wald_p05	reference	0.9380983496398789	0.9917695473251029	0.8055555555555556	8.944444444444445	10.36111111111111	112.0	0.825660377292503			
holdout	heteroskedastic	2014	continuous_sign	target	0.8304111947605742	0.9230769230769231	0.0	30.887130549412046	9.11111111111111	112.0	0.9398980840540151			
holdout	heteroskedastic	2014	continuous_sign	reference	0.8931507826695486	0.9835390946502057	0.0	31.71073135926151	10.36111111111111	112.0	0.943172990270231			
holdout	heteroskedastic	2014	eb_delta_0	target	0.9003650131566314	0.9538461538461538	0.0	11.057126211060819	9.11111111111111	112.0	0.9071490218918543	0.7896765477828559	0.20372050503854175	True
holdout	heteroskedastic	2014	eb_delta_0	reference	0.946448178023186	1.0	0.0	12.499100168963123	10.36111111111111	112.0	0.9300733654053668	0.7896765477828559	0.20372050503854175	True
holdout	heteroskedastic	2014	eb_delta_0.1	target	0.8997196827286236	0.9538461538461538	0.0	10.118264524936414	9.11111111111111	112.0	0.8940493970269899	0.7896765477828559	0.20372050503854175	True
holdout	heteroskedastic	2014	eb_delta_0.1	reference	0.946448178023186	1.0	0.0	11.563738023904987	10.36111111111111	112.0	0.9300733654053668	0.7896765477828559	0.20372050503854175	True
holdout	heteroskedastic	2014	eb_delta_0.25	target	0.9011394096702408	0.9576923076923077	0.0	8.750104323864548	9.11111111111111	112.0	0.8645752410810451	0.7896765477828559	0.20372050503854175	True
holdout	heteroskedastic	2014	eb_delta_0.25	reference	0.9485129681579516	1.0	0.0	10.20129103047116	10.36111111111111	112.0	0.9104239281080704	0.7896765477828559	0.20372050503854175	True
holdout	heteroskedastic	2014	eb_delta_0.5	target	0.9068183174367105	0.95	0.0	6.594979182127155	9.11111111111111	112.0	0.8252763664864522	0.7896765477828559	0.20372050503854175	True
holdout	heteroskedastic	2014	eb_delta_0.5	reference	0.9562559311633226	1.0	0.0	8.019906492327586	10.36111111111111	112.0	0.8809497721621257	0.7896765477828559	0.20372050503854175	True
holdout	heteroskedastic	2015	hard_z1	target	0.7577326512392862	0.9653846153846154	0.75	20.88888888888889	7.416666666666667	112.0	0.9079101241577322			
holdout	heteroskedastic	2015	hard_z1	reference	0.8833457150800835	0.9096153846153846	0.6666666666666666	22.444444444444443	8.916666666666666	112.0	0.9446939926940097			
holdout	heteroskedastic	2015	wald_p05	target	0.8685150206234028	0.923076923076923	0.8333333333333334	6.861111111111111	7.416666666666667	112.0	0.6392771262487378			
holdout	heteroskedastic	2015	wald_p05	reference	0.9273598565890239	0.9634615384615385	0.8888888888888888	7.5	8.916666666666666	112.0	0.8945819763590394			
holdout	heteroskedastic	2015	continuous_sign	target	0.7460502581320838	0.9576923076923076	0.0	29.75611763832132	7.416666666666667	112.0	0.943172990270231			
holdout	heteroskedastic	2015	continuous_sign	reference	0.8966351160219657	0.8961538461538461	0.0	31.77024636861827	8.916666666666666	112.0	0.943172990270231			
holdout	heteroskedastic	2015	eb_delta_0	target	0.8868704712154927	0.976923076923077	0.0	9.74687961978186	7.416666666666667	112.0	0.8809497721621257	0.8186870951091006	0.19602103363209344	True
holdout	heteroskedastic	2015	eb_delta_0	reference	0.9285103137274097	0.9307692307692308	0.0	10.56016591026675	8.916666666666666	112.0	0.943172990270231	0.8186870951091006	0.19602103363209344	True
holdout	heteroskedastic	2015	eb_delta_0.1	target	0.8928078954151597	0.976923076923077	0.0	8.944519519647118	7.416666666666667	112.0	0.8711250535134775	0.8186870951091006	0.19602103363209344	True
holdout	heteroskedastic	2015	eb_delta_0.1	reference	0.9285103137274097	0.9307692307692308	0.0	9.755378556233227	8.916666666666666	112.0	0.9398980840540151	0.8186870951091006	0.19602103363209344	True
holdout	heteroskedastic	2015	eb_delta_0.25	target	0.9055862648883564	0.9769230769230769	0.0	7.813136152948922	7.416666666666667	112.0	0.8351010851351005	0.8186870951091006	0.19602103363209344	True
holdout	heteroskedastic	2015	eb_delta_0.25	reference	0.928252214960564	0.926923076923077	0.0	8.57606344409329	8.916666666666666	112.0	0.9366231778377989	0.8186870951091006	0.19602103363209344	True
holdout	heteroskedastic	2015	eb_delta_0.5	target	0.8886775133632174	0.9692307692307692	0.0	6.034679848356837	7.416666666666667	112.0	0.772877867026995	0.8186870951091006	0.19602103363209344	True
holdout	heteroskedastic	2015	eb_delta_0.5	reference	0.9233483383904957	0.9346153846153846	0.0	6.640579082482578	8.916666666666666	112.0	0.9169737405405026	0.8186870951091006	0.19602103363209344	True
holdout	heteroskedastic	2016	hard_z1	target	0.9008664457570889	0.97119341563786	0.5833333333333334	21.444444444444443	7.666666666666667	112.0	0.9393493112165314			
holdout	heteroskedastic	2016	hard_z1	reference	0.8204494810433841	0.8189300411522633	0.5555555555555556	22.555555555555557	9.083333333333334	112.0	0.9326114575043489			
holdout	heteroskedastic	2016	wald_p05	target	0.8872604952324787	0.9753086419753086	0.8888888888888888	7.0	7.666666666666667	112.0	0.8563150839465972			
holdout	heteroskedastic	2016	wald_p05	reference	0.8612298384061234	0.8888888888888888	0.7777777777777778	7.5	9.083333333333334	112.0	0.8212672166515035			
holdout	heteroskedastic	2016	continuous_sign	target	0.865924282274913	0.9835390946502057	0.0	30.957723674453284	7.666666666666667	112.0	0.943172990270231			
holdout	heteroskedastic	2016	continuous_sign	reference	0.7930084611334166	0.8189300411522633	0.0	31.528463642596275	9.083333333333334	112.0	0.943172990270231			
holdout	heteroskedastic	2016	eb_delta_0	target	0.8931464528254718	0.9588477366255144	0.0	10.485152928760122	7.666666666666667	112.0	0.9398980840540151	0.8079396724136617	0.18956720910272246	True
holdout	heteroskedastic	2016	eb_delta_0	reference	0.8784391529593436	0.8683127572016461	0.0	11.02560326961243	9.083333333333334	112.0	0.933348271621583	0.8079396724136617	0.18956720910272246	True
holdout	heteroskedastic	2016	eb_delta_0.1	target	0.8918501589897307	0.9670781893004116	0.0	9.625925650426701	7.666666666666667	112.0	0.933348271621583	0.8079396724136617	0.18956720910272246	True
holdout	heteroskedastic	2016	eb_delta_0.1	reference	0.8828268319957207	0.8724279835390947	0.0	10.171507461054178	9.083333333333334	112.0	0.9267984591891507	0.8079396724136617	0.18956720910272246	True
holdout	heteroskedastic	2016	eb_delta_0.25	target	0.8943131172776385	0.9670781893004116	0.0	8.387985141571976	7.666666666666667	112.0	0.9300733654053668	0.8079396724136617	0.18956720910272246	True
holdout	heteroskedastic	2016	eb_delta_0.25	reference	0.8925055357524344	0.8765432098765433	0.0	8.954819438846778	9.083333333333334	112.0	0.9136988343242864	0.8079396724136617	0.18956720910272246	True
holdout	heteroskedastic	2016	eb_delta_0.5	target	0.8861464661124709	0.9711934156378601	0.0	6.453931816948796	7.666666666666667	112.0	0.9104239281080704	0.8079396724136617	0.18956720910272246	True
holdout	heteroskedastic	2016	eb_delta_0.5	reference	0.894699375270623	0.8765432098765432	0.0	7.0539102690249	9.083333333333334	112.0	0.8973243032432059	0.8079396724136617	0.18956720910272246	True
holdout	heteroskedastic	2017	hard_z1	target	0.8776664950085268	0.9653846153846154	0.5555555555555556	22.944444444444443	9.916666666666666	112.0	0.939652395569663			
holdout	heteroskedastic	2017	hard_z1	reference	0.867445154886408	0.9115226337448559	0.5833333333333334	21.38888888888889	8.75	112.0	0.934612115493179			
holdout	heteroskedastic	2017	wald_p05	target	0.9145759801547815	0.948076923076923	0.8333333333333334	8.583333333333334	9.916666666666666	112.0	0.8877493193416944			
holdout	heteroskedastic	2017	wald_p05	reference	0.8953899803855465	0.897119341563786	0.9166666666666666	7.638888888888889	8.75	112.0	0.8237101692791707			
holdout	heteroskedastic	2017	continuous_sign	target	0.8664936240728137	0.9730769230769231	0.0	32.11477992753452	9.916666666666666	112.0	0.943172990270231			
holdout	heteroskedastic	2017	continuous_sign	reference	0.8795297562384822	0.9300411522633745	0.0	30.394108667474143	8.75	112.0	0.943172990270231			
holdout	heteroskedastic	2017	eb_delta_0	target	0.9128253504717028	0.976923076923077	0.0	12.270988574672971	9.916666666666666	112.0	0.9398980840540151	0.78900483033071	0.20066984234046853	True
holdout	heteroskedastic	2017	eb_delta_0	reference	0.9171684561010408	0.9588477366255144	0.0	11.360470450691995	8.75	112.0	0.9267984591891507	0.78900483033071	0.20066984234046853	True
holdout	heteroskedastic	2017	eb_delta_0.1	target	0.9146321587435255	0.976923076923077	0.0	11.327627661777118	9.916666666666666	112.0	0.9398980840540151	0.78900483033071	0.20066984234046853	True
holdout	heteroskedastic	2017	eb_delta_0.1	reference	0.9263517814970603	0.962962962962963	0.0	10.426836920249492	8.75	112.0	0.9136988343242864	0.78900483033071	0.20066984234046853	True
holdout	heteroskedastic	2017	eb_delta_0.25	target	0.9154065051457354	0.9807692307692308	0.0	9.948341658754941	9.916666666666666	112.0	0.9366231778377989	0.78900483033071	0.20066984234046853	True
holdout	heteroskedastic	2017	eb_delta_0.25	reference	0.9328189120576373	0.97119341563786	0.0	9.086075425366513	8.75	112.0	0.8940493970269899	0.78900483033071	0.20066984234046853	True
holdout	heteroskedastic	2017	eb_delta_0.5	target	0.9333455301302634	0.9846153846153847	0.0	7.757354621629769	9.916666666666666	112.0	0.9202486467567186	0.78900483033071	0.20066984234046853	True
holdout	heteroskedastic	2017	eb_delta_0.5	reference	0.9404501261191182	0.9835390946502057	0.0	6.920667733727586	8.75	112.0	0.8416508975675326	0.78900483033071	0.20066984234046853	True
holdout	heteroskedastic	2018	hard_z1	target	0.8482923033024182	0.9788461538461538	0.5833333333333334	21.47222222222222	8.555555555555555	112.0	0.9442673704375604			
holdout	heteroskedastic	2018	hard_z1	reference	0.8406718493741789	0.977366255144033	0.6666666666666666	20.63888888888889	8.38888888888889	112.0	0.9310924927994371			
holdout	heteroskedastic	2018	wald_p05	target	0.920645529538577	1.0	0.8055555555555556	8.055555555555555	8.555555555555555	112.0	0.813581509699742			
holdout	heteroskedastic	2018	wald_p05	reference	0.9176384338540757	0.9876543209876543	0.8333333333333334	7.25	8.38888888888889	112.0	0.8751944068072025			
holdout	heteroskedastic	2018	continuous_sign	target	0.8286578991709305	0.9807692307692308	0.0	31.295857859269162	8.555555555555555	112.0	0.943172990270231			
holdout	heteroskedastic	2018	continuous_sign	reference	0.8363983600074147	0.9506172839506173	0.0	30.200517030390888	8.38888888888889	112.0	0.943172990270231			
holdout	heteroskedastic	2018	eb_delta_0	target	0.9245602074394664	0.9961538461538462	0.0	11.249550222021725	8.555555555555555	112.0	0.943172990270231	0.8048676006004013	0.19881575573028243	True
holdout	heteroskedastic	2018	eb_delta_0	reference	0.8860534669623653	0.9547325102880658	0.0	10.60527979838089	8.38888888888889	112.0	0.943172990270231	0.8048676006004013	0.19881575573028243	True
holdout	heteroskedastic	2018	eb_delta_0.1	target	0.9283033661740391	0.9961538461538462	0.0	10.377797772649938	8.555555555555555	112.0	0.9398980840540151	0.8048676006004013	0.19881575573028243	True
holdout	heteroskedastic	2018	eb_delta_0.1	reference	0.8892778245568427	0.9506172839506173	0.0	9.741169161431934	8.38888888888889	112.0	0.9366231778377989	0.8048676006004013	0.19881575573028243	True
holdout	heteroskedastic	2018	eb_delta_0.25	target	0.9289487383696552	0.9961538461538462	0.0	9.119045283838789	8.555555555555555	112.0	0.9300733654053668	0.8048676006004013	0.19881575573028243	True
holdout	heteroskedastic	2018	eb_delta_0.25	reference	0.8918573106324245	0.9506172839506173	0.0	8.527971417982407	8.38888888888889	112.0	0.9267984591891507	0.8048676006004013	0.19881575573028243	True
holdout	heteroskedastic	2018	eb_delta_0.5	target	0.9295941105652711	1.0	0.0	7.181752760259613	8.555555555555555	112.0	0.8940493970269899	0.8048676006004013	0.19881575573028243	True
holdout	heteroskedastic	2018	eb_delta_0.5	reference	0.8928891050626572	0.934156378600823	0.0	6.655459070278457	8.38888888888889	112.0	0.8907744908107738	0.8048676006004013	0.19881575573028243	True
holdout	heteroskedastic	2019	hard_z1	target	0.836574075967965	0.8806584362139918	0.3888888888888889	22.694444444444443	8.305555555555555	112.0	0.9373472778128538			
holdout	heteroskedastic	2019	hard_z1	reference	0.8118936234635737	0.9173076923076924	0.6388888888888888	22.13888888888889	8.166666666666666	112.0	0.9413530355194649			
holdout	heteroskedastic	2019	wald_p05	target	0.8670904940286088	0.9032921810699589	0.8055555555555556	7.222222222222222	8.305555555555555	112.0	0.8975214465859365			
holdout	heteroskedastic	2019	wald_p05	reference	0.8449860786432889	0.9615384615384616	0.8611111111111112	7.138888888888889	8.166666666666666	112.0	0.8352020859789581			
holdout	heteroskedastic	2019	continuous_sign	target	0.8488319266821135	0.8806584362139918	0.0	30.957761198993083	8.305555555555555	112.0	0.943172990270231			
holdout	heteroskedastic	2019	continuous_sign	reference	0.8149134650009704	0.9153846153846155	0.0	30.9875884172985	8.166666666666666	112.0	0.943172990270231			
holdout	heteroskedastic	2019	eb_delta_0	target	0.894770535058342	0.8888888888888888	0.0	10.590834416984121	8.305555555555555	112.0	0.943172990270231	0.8132917641309874	0.19744450337107528	True
holdout	heteroskedastic	2019	eb_delta_0	reference	0.8768318621191494	0.9576923076923077	0.0	10.3204876310691	8.166666666666666	112.0	0.9398980840540151	0.8132917641309874	0.19744450337107528	True
holdout	heteroskedastic	2019	eb_delta_0.1	target	0.896448068510283	0.8888888888888888	0.0	9.761166464577572	8.305555555555555	112.0	0.9398980840540151	0.8132917641309874	0.19744450337107528	True
holdout	heteroskedastic	2019	eb_delta_0.1	reference	0.8745002069975442	0.9615384615384615	0.0	9.49191529021048	8.166666666666666	112.0	0.9267984591891507	0.8132917641309874	0.19744450337107528	True
holdout	heteroskedastic	2019	eb_delta_0.25	target	0.9016097099008706	0.8888888888888888	0.0	8.579332228817261	8.305555555555555	112.0	0.933348271621583	0.8132917641309874	0.19744450337107528	True
holdout	heteroskedastic	2019	eb_delta_0.25	reference	0.8755364981627021	0.9692307692307693	0.0	8.296650169585952	8.166666666666666	112.0	0.9071490218918543	0.8132917641309874	0.19744450337107528	True
holdout	heteroskedastic	2019	eb_delta_0.5	target	0.899286971275106	0.8683127572016461	0.0	6.709804956640671	8.305555555555555	112.0	0.9169737405405026	0.8132917641309874	0.19744450337107528	True
holdout	heteroskedastic	2019	eb_delta_0.5	reference	0.8791635172407544	0.976923076923077	0.0	6.3573807571096	8.166666666666666	112.0	0.8842246783783417	0.8132917641309874	0.19744450337107528	True
holdout	heteroskedastic	2020	hard_z1	target	0.8298782557655164	0.9094650205761317	0.6111111111111112	21.194444444444443	8.805555555555555	112.0	0.9179193182504107			
holdout	heteroskedastic	2020	hard_z1	reference	0.8495414125991989	0.9444444444444444	0.5277777777777778	21.52777777777778	8.11111111111111	112.0	0.9114215246417026			
holdout	heteroskedastic	2020	wald_p05	target	0.896146580817132	0.9526748971193415	0.7777777777777778	6.694444444444445	8.805555555555555	112.0	0.7678611569364124			
holdout	heteroskedastic	2020	wald_p05	reference	0.9192135506990652	0.9794238683127572	0.8611111111111112	6.555555555555555	8.11111111111111	112.0	0.8435492136176397			
holdout	heteroskedastic	2020	continuous_sign	target	0.7946851257625813	0.888888888888889	0.0	30.8341095719862	8.805555555555555	112.0	0.943172990270231			
holdout	heteroskedastic	2020	continuous_sign	reference	0.8783998605975895	0.9588477366255144	0.0	30.521174451171298	8.11111111111111	112.0	0.943172990270231			
holdout	heteroskedastic	2020	eb_delta_0	target	0.8850489314860717	0.962962962962963	0.0	9.976436963922197	8.805555555555555	112.0	0.9235235529729348	0.8236675706795843	0.18985331337916822	True
holdout	heteroskedastic	2020	eb_delta_0	reference	0.9335825500893022	0.9958847736625515	0.0	9.772795264032265	8.11111111111111	112.0	0.933348271621583	0.8236675706795843	0.18985331337916822	True
holdout	heteroskedastic	2020	eb_delta_0.1	target	0.8964089527770248	0.9711934156378601	0.0	9.19150606187276	8.805555555555555	112.0	0.9104239281080704	0.8236675706795843	0.18985331337916822	True
holdout	heteroskedastic	2020	eb_delta_0.1	reference	0.9335825500893022	0.9958847736625515	0.0	8.989268730496423	8.11111111111111	112.0	0.933348271621583	0.8236675706795843	0.18985331337916822	True
holdout	heteroskedastic	2020	eb_delta_0.25	target	0.9152562608279242	0.9794238683127572	0.0	8.04495009702295	8.805555555555555	112.0	0.8743999597296934	0.8236675706795843	0.18985331337916822	True
holdout	heteroskedastic	2020	eb_delta_0.25	reference	0.9434042934180378	0.9958847736625515	0.0	7.868180403988997	8.11111111111111	112.0	0.9136988343242864	0.8236675706795843	0.18985331337916822	True
holdout	heteroskedastic	2020	eb_delta_0.5	target	0.9302308343478168	0.9917695473251029	0.0	6.285242883604993	8.805555555555555	112.0	0.8318261789188844	0.8236675706795843	0.18985331337916822	True
holdout	heteroskedastic	2020	eb_delta_0.5	reference	0.9540014375358843	0.9917695473251029	0.0	6.121935397122463	8.11111111111111	112.0	0.8743999597296934	0.8236675706795843	0.18985331337916822	True
holdout	heteroskedastic	2021	hard_z1	target	0.8291026498803657	0.9506172839506173	0.5833333333333334	21.916666666666668	7.694444444444445	112.0	0.9252518275164006			
holdout	heteroskedastic	2021	hard_z1	reference	0.8451900374385757	0.975	0.6944444444444444	22.22222222222222	8.666666666666666	112.0	0.9434194001262685			
holdout	heteroskedastic	2021	wald_p05	target	0.857302702747078	0.9650205761316872	0.8888888888888888	7.638888888888889	7.694444444444445	112.0	0.8341704691618024			
holdout	heteroskedastic	2021	wald_p05	reference	0.8308684896619546	0.951923076923077	0.8333333333333334	7.527777777777778	8.666666666666666	112.0	0.7296160621760963			
holdout	heteroskedastic	2021	continuous_sign	target	0.8004072473623881	0.9382716049382716	0.0	31.37054554903929	7.694444444444445	112.0	0.9366231778377989			
holdout	heteroskedastic	2021	continuous_sign	reference	0.8519063164592158	0.9807692307692307	0.0	31.043308932656412	8.666666666666666	112.0	0.943172990270231			
holdout	heteroskedastic	2021	eb_delta_0	target	0.8392808387835824	0.9711934156378601	0.0	10.795151403677359	7.694444444444445	112.0	0.9366231778377989	0.8075708356892688	0.2007326587516532	True
holdout	heteroskedastic	2021	eb_delta_0	reference	0.8996151388561578	0.9730769230769231	0.0	10.756915124820104	8.666666666666666	112.0	0.9300733654053668	0.8075708356892688	0.2007326587516532	True
holdout	heteroskedastic	2021	eb_delta_0.1	target	0.8405766251642888	0.9753086419753088	0.0	9.941201216443268	7.694444444444445	112.0	0.933348271621583	0.8075708356892688	0.2007326587516532	True
holdout	heteroskedastic	2021	eb_delta_0.1	reference	0.9036231971063075	0.9730769230769231	0.0	9.902343612837338	8.666666666666666	112.0	0.9202486467567186	0.8075708356892688	0.2007326587516532	True
holdout	heteroskedastic	2021	eb_delta_0.25	target	0.8535344889713536	0.9835390946502058	0.0	8.724045390192074	7.694444444444445	112.0	0.9202486467567186	0.8075708356892688	0.2007326587516532	True
holdout	heteroskedastic	2021	eb_delta_0.25	reference	0.9129322356227839	0.9730769230769231	0.0	8.681374742538024	8.666666666666666	112.0	0.9071490218918543	0.8075708356892688	0.2007326587516532	True
holdout	heteroskedastic	2021	eb_delta_0.5	target	0.8711571837489617	0.9835390946502058	0.0	6.797921213335218	7.694444444444445	112.0	0.8776748659459096	0.8075708356892688	0.2007326587516532	True
holdout	heteroskedastic	2021	eb_delta_0.5	reference	0.8795748476054098	0.9653846153846154	0.0	6.757189871702105	8.666666666666666	112.0	0.815451647837804	0.8075708356892688	0.2007326587516532	True
holdout	heteroskedastic	2022	hard_z1	target	0.8634148895453497	0.948076923076923	0.5555555555555556	21.97222222222222	9.5	112.0	0.9360706050691788			
holdout	heteroskedastic	2022	hard_z1	reference	0.830308329233181	0.9444444444444444	0.4722222222222222	21.555555555555557	9.11111111111111	112.0	0.921673181118361			
holdout	heteroskedastic	2022	wald_p05	target	0.9543413347484334	0.9846153846153847	0.75	8.055555555555555	9.5	112.0	0.8098474003627428			
holdout	heteroskedastic	2022	wald_p05	reference	0.9371937652803156	0.9979423868312758	0.8055555555555556	7.166666666666667	9.11111111111111	112.0	0.856481687615727			
holdout	heteroskedastic	2022	continuous_sign	target	0.875235811132602	0.95	0.0	31.17946037268392	9.5	112.0	0.943172990270231			
holdout	heteroskedastic	2022	continuous_sign	reference	0.8416661237474446	0.9053497942386831	0.0	30.18664710332823	9.11111111111111	112.0	0.943172990270231			
holdout	heteroskedastic	2022	eb_delta_0	target	0.921600774196448	0.9653846153846154	0.0	11.299246269023781	9.5	112.0	0.9104239281080704	0.8008360244914837	0.19495694722310622	True
holdout	heteroskedastic	2022	eb_delta_0	reference	0.9389253202693715	1.0	0.0	11.007119341880914	9.11111111111111	112.0	0.9235235529729348	0.8008360244914837	0.19495694722310622	True
holdout	heteroskedastic	2022	eb_delta_0.1	target	0.9339043258474684	0.9692307692307692	0.0	10.410491801573619	9.5	112.0	0.8874995845945578	0.8008360244914837	0.19495694722310622	True
holdout	heteroskedastic	2022	eb_delta_0.1	reference	0.9389253202693715	1.0	0.0	10.129253890489387	9.11111111111111	112.0	0.9169737405405026	0.8008360244914837	0.19495694722310622	True
holdout	heteroskedastic	2022	eb_delta_0.25	target	0.9415454789781024	0.9730769230769231	0.0	9.127540964142533	9.5	112.0	0.8711250535134775	0.8008360244914837	0.19495694722310622	True
holdout	heteroskedastic	2022	eb_delta_0.25	reference	0.9360875187793418	1.0	0.0	8.88334715620417	9.11111111111111	112.0	0.9104239281080704	0.8008360244914837	0.19495694722310622	True
holdout	heteroskedastic	2022	eb_delta_0.5	target	0.9335157926374363	0.976923076923077	0.0	7.003696943491032	9.5	112.0	0.8383759913513167	0.8008360244914837	0.19495694722310622	True
holdout	heteroskedastic	2022	eb_delta_0.5	reference	0.9332497172893122	1.0	0.0	6.94923004788154	9.11111111111111	112.0	0.9038741156756381	0.8008360244914837	0.19495694722310622	True
holdout	heteroskedastic	2023	hard_z1	target	0.8422952040972782	0.9509090909090909	0.5833333333333334	21.444444444444443	8.222222222222221	112.0	0.9344312519955025			
holdout	heteroskedastic	2023	hard_z1	reference	0.7468346668033399	0.9259259259259259	0.6111111111111112	21.444444444444443	8.5	112.0	0.9261150264490751			
holdout	heteroskedastic	2023	wald_p05	target	0.9056367475550882	0.9872727272727272	0.8333333333333334	6.833333333333333	8.222222222222221	112.0	0.7596718078540525			
holdout	heteroskedastic	2023	wald_p05	reference	0.8585910168787596	0.9176954732510288	0.7777777777777778	7.444444444444445	8.5	112.0	0.767111707081291			
holdout	heteroskedastic	2023	continuous_sign	target	0.8299375968081809	0.96	0.0	30.972629402852615	8.222222222222221	112.0	0.943172990270231			
holdout	heteroskedastic	2023	continuous_sign	reference	0.740898671400084	0.9218106995884774	0.0	30.05482856192467	8.5	112.0	0.943172990270231			
holdout	heteroskedastic	2023	eb_delta_0	target	0.8992607309657601	0.9854545454545454	0.0	10.249502931613932	8.222222222222221	112.0	0.9300733654053668	0.8165775136627974	0.19267853490625503	True
holdout	heteroskedastic	2023	eb_delta_0	reference	0.8057402217910956	0.9465020576131687	0.0	10.293815732431236	8.5	112.0	0.9136988343242864	0.8165775136627974	0.19267853490625503	True
holdout	heteroskedastic	2023	eb_delta_0.1	target	0.9040460965699213	0.9890909090909091	0.0	9.42936924091629	8.222222222222221	112.0	0.9169737405405026	0.8165775136627974	0.19267853490625503	True
holdout	heteroskedastic	2023	eb_delta_0.1	reference	0.8110360456278117	0.9465020576131687	0.0	9.480897071229476	8.5	112.0	0.8940493970269899	0.8165775136627974	0.19267853490625503	True
holdout	heteroskedastic	2023	eb_delta_0.25	target	0.9200835380541373	0.9963636363636363	0.0	8.248846493481464	8.222222222222221	112.0	0.8907744908107738	0.8165775136627974	0.19267853490625503	True
holdout	heteroskedastic	2023	eb_delta_0.25	reference	0.8527568041463311	0.9588477366255144	0.0	8.305829095262267	8.5	112.0	0.8449258037837488	0.8165775136627974	0.19267853490625503	True
holdout	heteroskedastic	2023	eb_delta_0.5	target	0.9209888774927625	1.0	0.0	6.403704904485102	8.222222222222221	112.0	0.8383759913513167	0.8165775136627974	0.19267853490625503	True
holdout	heteroskedastic	2023	eb_delta_0.5	reference	0.8514651397959124	0.9506172839506173	0.0	6.385403698803061	8.5	112.0	0.8056269291891558	0.8165775136627974	0.19267853490625503	True
holdout	heteroskedastic	2024	hard_z1	target	0.8763384080059963	0.9547325102880658	0.5833333333333334	21.916666666666668	9.694444444444445	112.0	0.9296931043590044			
holdout	heteroskedastic	2024	hard_z1	reference	0.8742262363079348	0.9320987654320987	0.6111111111111112	21.47222222222222	8.527777777777779	112.0	0.9326715930080066			
holdout	heteroskedastic	2024	wald_p05	target	0.8771807798812528	0.9897119341563787	0.8055555555555556	8.027777777777779	9.694444444444445	112.0	0.8511084276985733			
holdout	heteroskedastic	2024	wald_p05	reference	0.9363221091969463	0.9300411522633745	0.7222222222222222	7.944444444444445	8.527777777777779	112.0	0.8937325884264363			
holdout	heteroskedastic	2024	continuous_sign	target	0.8652010972946431	0.9588477366255144	0.0	31.124032078267355	9.694444444444445	112.0	0.943172990270231			
holdout	heteroskedastic	2024	continuous_sign	reference	0.8754552586355262	0.9259259259259259	0.0	30.593320339724674	8.527777777777779	112.0	0.943172990270231			
holdout	heteroskedastic	2024	eb_delta_0	target	0.9139284372528267	0.9958847736625515	0.0	11.903212831333645	9.694444444444445	112.0	0.9398980840540151	0.7874067664550182	0.1907922028004313	True
holdout	heteroskedastic	2024	eb_delta_0	reference	0.931599005872214	0.9465020576131686	0.0	11.907229108929702	8.527777777777779	112.0	0.9366231778377989	0.7874067664550182	0.1907922028004313	True
holdout	heteroskedastic	2024	eb_delta_0.1	target	0.9149624391617536	0.9958847736625515	0.0	10.957645978747315	9.694444444444445	112.0	0.9366231778377989	0.7874067664550182	0.1907922028004313	True
holdout	heteroskedastic	2024	eb_delta_0.1	reference	0.9372779136386835	0.9506172839506173	0.0	10.963082662837136	8.527777777777779	112.0	0.933348271621583	0.7874067664550182	0.1907922028004313	True
holdout	heteroskedastic	2024	eb_delta_0.25	target	0.9238807056262489	0.9958847736625515	0.0	9.617917178405685	9.694444444444445	112.0	0.9267984591891507	0.7874067664550182	0.1907922028004313	True
holdout	heteroskedastic	2024	eb_delta_0.25	reference	0.9487647952572245	0.9547325102880657	0.0	9.608539844854398	8.527777777777779	112.0	0.9202486467567186	0.7874067664550182	0.1907922028004313	True
holdout	heteroskedastic	2024	eb_delta_0.5	target	0.9229759539559378	0.9958847736625515	0.0	7.503747643022123	9.694444444444445	112.0	0.8973243032432059	0.7874067664550182	0.1907922028004313	True
holdout	heteroskedastic	2024	eb_delta_0.5	reference	0.93779417798109	0.9547325102880657	0.0	7.511818880766953	8.527777777777779	112.0	0.9104239281080704	0.7874067664550182	0.1907922028004313	True
holdout	opposite_signs	2001	hard_z1	target	0.8326255291043204	0.948559670781893	0.6666666666666666	22.47222222222222	10.222222222222221	112.0	0.925012867846218			
holdout	opposite_signs	2001	hard_z1	reference	0.8168263656142124	0.9596153846153845	0.5555555555555556	24.416666666666668	10.694444444444445	112.0	0.906562249743005			
holdout	opposite_signs	2001	wald_p05	target	0.8994024597360768	0.9794238683127572	0.75	8.75	10.222222222222221	112.0	0.7725340249668003			
holdout	opposite_signs	2001	wald_p05	reference	0.9013934135826539	0.9923076923076923	0.7222222222222222	8.944444444444445	10.694444444444445	112.0	0.7890810173810918			
holdout	opposite_signs	2001	continuous_sign	target	0.8314143048677887	0.9588477366255144	0.0	30.681490750905084	10.222222222222221	112.0	0.943172990270231			
holdout	opposite_signs	2001	continuous_sign	reference	0.8111718197594782	0.9769230769230769	0.0	33.24053447187637	10.694444444444445	112.0	0.943172990270231			
holdout	opposite_signs	2001	eb_delta_0	target	0.8762961909581936	0.9835390946502057	0.0	13.499100195597931	10.222222222222221	112.0	0.9300733654053668	0.7526358741606672	0.19097597439166752	True
holdout	opposite_signs	2001	eb_delta_0	reference	0.8679241811355585	0.9846153846153847	0.0	14.205682168585945	10.694444444444445	112.0	0.933348271621583	0.7526358741606672	0.19097597439166752	True
holdout	opposite_signs	2001	eb_delta_0.1	target	0.8854795163542131	0.9794238683127572	0.0	12.401323692795863	10.222222222222221	112.0	0.9104239281080704	0.7526358741606672	0.19097597439166752	True
holdout	opposite_signs	2001	eb_delta_0.1	reference	0.8719226429597824	0.9884615384615385	0.0	13.096505028467389	10.694444444444445	112.0	0.9267984591891507	0.7526358741606672	0.19097597439166752	True
holdout	opposite_signs	2001	eb_delta_0.25	target	0.8907825634138864	0.9711934156378601	0.0	10.800699014364161	10.222222222222221	112.0	0.8940493970269899	0.7526358741606672	0.19097597439166752	True
holdout	opposite_signs	2001	eb_delta_0.25	reference	0.8824992193980519	0.9884615384615385	0.0	11.433595412471579	10.694444444444445	112.0	0.9071490218918543	0.7526358741606672	0.19097597439166752	True
holdout	opposite_signs	2001	eb_delta_0.5	target	0.9033287967014059	0.9794238683127572	0.0	8.32554076541137	10.222222222222221	112.0	0.8613003348648292	0.7526358741606672	0.19097597439166752	True
holdout	opposite_signs	2001	eb_delta_0.5	reference	0.9115203132835478	0.9923076923076923	0.0	8.760622672963262	10.694444444444445	112.0	0.858025428648613	0.7526358741606672	0.19097597439166752	True
holdout	opposite_signs	2002	hard_z1	target	0.7873529626305016	0.9629629629629629	0.5	23.47222222222222	11.027777777777779	112.0	0.9328520693394938			
holdout	opposite_signs	2002	hard_z1	reference	0.8904889474213699	0.9884615384615385	0.6666666666666666	23.47222222222222	11.416666666666666	112.0	0.9346724266677324			
holdout	opposite_signs	2002	wald_p05	target	0.8593304938721622	0.9711934156378601	0.7777777777777778	9.222222222222221	11.027777777777779	112.0	0.7387426837350085			
holdout	opposite_signs	2002	wald_p05	reference	0.9333075147031469	0.95	0.7777777777777778	9.472222222222221	11.416666666666666	112.0	0.9157636930804354			
holdout	opposite_signs	2002	continuous_sign	target	0.7727767667947669	0.9547325102880658	0.0	32.38370658561402	11.027777777777779	112.0	0.943172990270231			
holdout	opposite_signs	2002	continuous_sign	reference	0.9256579198382867	0.9807692307692307	0.0	32.00711209958485	11.416666666666666	112.0	0.943172990270231			
holdout	opposite_signs	2002	eb_delta_0	target	0.8341963261526413	0.9753086419753086	0.0	14.619526543686257	11.027777777777779	112.0	0.943172990270231	0.7366596952864546	0.18690038761203348	True
holdout	opposite_signs	2002	eb_delta_0	reference	0.9594448207852957	0.9884615384615384	0.0	14.874587925263247	11.416666666666666	112.0	0.943172990270231	0.7366596952864546	0.18690038761203348	True
holdout	opposite_signs	2002	eb_delta_0.1	target	0.8341963261526413	0.9753086419753086	0.0	13.443152929037947	11.027777777777779	112.0	0.9398980840540151	0.7366596952864546	0.18690038761203348	True
holdout	opposite_signs	2002	eb_delta_0.1	reference	0.9582842020504749	0.9884615384615384	0.0	13.702028166750056	11.416666666666666	112.0	0.943172990270231	0.7366596952864546	0.18690038761203348	True
holdout	opposite_signs	2002	eb_delta_0.25	target	0.8465834641743974	0.9794238683127572	0.0	11.700038380831934	11.027777777777779	112.0	0.9202486467567186	0.7366596952864546	0.18690038761203348	True
holdout	opposite_signs	2002	eb_delta_0.25	reference	0.9618950158921399	0.9884615384615384	0.0	11.975056135663277	11.416666666666666	112.0	0.943172990270231	0.7366596952864546	0.18690038761203348	True
holdout	opposite_signs	2002	eb_delta_0.5	target	0.8618093213261392	0.9835390946502057	0.0	8.9423432068921	11.027777777777779	112.0	0.8940493970269899	0.7366596952864546	0.18690038761203348	True
holdout	opposite_signs	2002	eb_delta_0.5	reference	0.9607343971573191	0.9923076923076923	0.0	9.237043147393917	11.416666666666666	112.0	0.9398980840540151	0.7366596952864546	0.18690038761203348	True
holdout	opposite_signs	2003	hard_z1	target	0.9011361413063308	0.9442307692307692	0.3333333333333333	24.72222222222222	11.166666666666666	112.0	0.9435373607649016			
holdout	opposite_signs	2003	hard_z1	reference	0.8446793923350044	0.9526748971193415	0.6111111111111112	23.0	10.805555555555555	112.0	0.9293933097285407			
holdout	opposite_signs	2003	wald_p05	target	0.9494345263414837	0.9596153846153845	0.8333333333333334	9.61111111111111	11.166666666666666	112.0	0.8157060551549903			
holdout	opposite_signs	2003	wald_p05	reference	0.8744830361216134	0.9197530864197531	0.75	9.055555555555555	10.805555555555555	112.0	0.7993075099457817			
holdout	opposite_signs	2003	continuous_sign	target	0.9033073805009592	0.9384615384615385	0.0	33.33983208352745	11.166666666666666	112.0	0.943172990270231			
holdout	opposite_signs	2003	continuous_sign	reference	0.8585835041329736	0.9547325102880658	0.0	30.97766828263758	10.805555555555555	112.0	0.943172990270231			
holdout	opposite_signs	2003	eb_delta_0	target	0.9150638123696072	0.9500000000000001	0.0	15.316473597323588	11.166666666666666	112.0	0.943172990270231	0.7325402630803167	0.18432344812429985	True
holdout	opposite_signs	2003	eb_delta_0	reference	0.8673577268983842	0.9588477366255144	0.0	14.6390161348098	10.805555555555555	112.0	0.9398980840540151	0.7325402630803167	0.18432344812429985	True
holdout	opposite_signs	2003	eb_delta_0.1	target	0.9239780299403403	0.9500000000000001	0.0	14.117948855680716	11.166666666666666	112.0	0.9366231778377989	0.7325402630803167	0.18432344812429985	True
holdout	opposite_signs	2003	eb_delta_0.1	reference	0.8801319629833203	0.9547325102880658	0.0	13.451446670658044	10.805555555555555	112.0	0.9300733654053668	0.7325402630803167	0.18432344812429985	True
holdout	opposite_signs	2003	eb_delta_0.25	target	0.9372847605169421	0.9500000000000001	0.0	12.3250629048447	11.166666666666666	112.0	0.9202486467567186	0.7325402630803167	0.18432344812429985	True
holdout	opposite_signs	2003	eb_delta_0.25	reference	0.8793577668569605	0.9547325102880658	0.0	11.714527827809091	10.805555555555555	112.0	0.9300733654053668	0.7325402630803167	0.18432344812429985	True
holdout	opposite_signs	2003	eb_delta_0.5	target	0.9472325105596441	0.9538461538461539	0.0	9.439147739745188	11.166666666666666	112.0	0.8743999597296934	0.7325402630803167	0.18432344812429985	True
holdout	opposite_signs	2003	eb_delta_0.5	reference	0.8963900816368752	0.9506172839506173	0.0	9.006222131162968	10.805555555555555	112.0	0.9005992094594221	0.7325402630803167	0.18432344812429985	True
holdout	opposite_signs	2004	hard_z1	target	0.8878922056136407	0.9650205761316872	0.6388888888888888	24.333333333333332	11.694444444444445	112.0	0.9295731516968242			
holdout	opposite_signs	2004	hard_z1	reference	0.8138680898160556	0.976923076923077	0.6388888888888888	23.666666666666668	10.36111111111111	112.0	0.9382547688549228			
holdout	opposite_signs	2004	wald_p05	target	0.9088214059997716	0.9917695473251029	0.75	9.277777777777779	11.694444444444445	112.0	0.8081792725395903			
holdout	opposite_signs	2004	wald_p05	reference	0.8407168692787143	0.9807692307692308	0.8611111111111112	8.63888888888889	10.36111111111111	112.0	0.8718980060282676			
holdout	opposite_signs	2004	continuous_sign	target	0.8750093830726231	0.9753086419753086	0.0	32.67302504557094	11.694444444444445	112.0	0.943172990270231			
holdout	opposite_signs	2004	continuous_sign	reference	0.7914182164976834	0.9653846153846154	0.0	31.65791854595854	10.36111111111111	112.0	0.943172990270231			
holdout	opposite_signs	2004	eb_delta_0	target	0.9107214206608234	0.9794238683127572	0.0	15.533173959091897	11.694444444444445	112.0	0.9398980840540151	0.7275259667090817	0.17144469883318147	True
holdout	opposite_signs	2004	eb_delta_0	reference	0.8328401709103851	0.9653846153846153	0.0	14.983918068689073	10.36111111111111	112.0	0.943172990270231	0.7275259667090817	0.17144469883318147	True
holdout	opposite_signs	2004	eb_delta_0.1	target	0.907756161222092	0.9794238683127572	0.0	14.317240319505661	11.694444444444445	112.0	0.9366231778377989	0.7275259667090817	0.17144469883318147	True
holdout	opposite_signs	2004	eb_delta_0.1	reference	0.8343934942008615	0.9653846153846153	0.0	13.769884027025793	10.36111111111111	112.0	0.943172990270231	0.7275259667090817	0.17144469883318147	True
holdout	opposite_signs	2004	eb_delta_0.25	target	0.9118817395716315	0.9794238683127572	0.0	12.518906694267685	11.694444444444445	112.0	0.9169737405405026	0.7275259667090817	0.17144469883318147	True
holdout	opposite_signs	2004	eb_delta_0.25	reference	0.8389240204647507	0.9692307692307693	0.0	11.986298933486673	10.36111111111111	112.0	0.9398980840540151	0.7275259667090817	0.17144469883318147	True
holdout	opposite_signs	2004	eb_delta_0.5	target	0.9111081936310929	0.9794238683127572	0.0	9.670719556921156	11.694444444444445	112.0	0.8874995845945578	0.7275259667090817	0.17144469883318147	True
holdout	opposite_signs	2004	eb_delta_0.5	reference	0.8545866969770536	0.9730769230769232	0.0	9.229139203761033	10.36111111111111	112.0	0.9136988343242864	0.7275259667090817	0.17144469883318147	True
holdout	opposite_signs	2005	hard_z1	target	0.7389473893319057	0.8576923076923078	0.6111111111111112	22.97222222222222	10.166666666666666	112.0	0.9441455844861365			
holdout	opposite_signs	2005	hard_z1	reference	0.8920933747487633	0.9732510288065844	0.5	23.305555555555557	10.777777777777779	112.0	0.9374681244939221			
holdout	opposite_signs	2005	wald_p05	target	0.8624287485151589	0.923076923076923	0.9166666666666666	8.63888888888889	10.166666666666666	112.0	0.8083363276223762			
holdout	opposite_signs	2005	wald_p05	reference	0.94137935404178	0.9753086419753086	0.8055555555555556	8.805555555555555	10.777777777777779	112.0	0.8279445802584098			
holdout	opposite_signs	2005	continuous_sign	target	0.7412861707052096	0.8615384615384616	0.0	31.703174064299624	10.166666666666666	112.0	0.943172990270231			
holdout	opposite_signs	2005	continuous_sign	reference	0.8864414967440196	0.9835390946502058	0.0	32.01365132790301	10.777777777777779	112.0	0.943172990270231			
holdout	opposite_signs	2005	eb_delta_0	target	0.7815860984382685	0.8961538461538462	0.0	13.337225621970621	10.166666666666666	112.0	0.9398980840540151	0.7611778505248391	0.18247337254571966	True
holdout	opposite_signs	2005	eb_delta_0	reference	0.9059620838824689	0.9958847736625515	0.0	13.410855510140106	10.777777777777779	112.0	0.9398980840540151	0.7611778505248391	0.18247337254571966	True
holdout	opposite_signs	2005	eb_delta_0.1	target	0.781198599133143	0.8961538461538462	0.0	12.272270802004536	10.166666666666666	112.0	0.9398980840540151	0.7611778505248391	0.18247337254571966	True
holdout	opposite_signs	2005	eb_delta_0.1	reference	0.9089354183472658	0.9958847736625515	0.0	12.345014888659387	10.777777777777779	112.0	0.9366231778377989	0.7611778505248391	0.18247337254571966	True
holdout	opposite_signs	2005	eb_delta_0.25	target	0.7932110775920357	0.903846153846154	0.0	10.699174390662417	10.166666666666666	112.0	0.9267984591891507	0.7611778505248391	0.18247337254571966	True
holdout	opposite_signs	2005	eb_delta_0.25	reference	0.9209580316179663	0.9958847736625515	0.0	10.768154308651667	10.777777777777779	112.0	0.9169737405405026	0.7611778505248391	0.18247337254571966	True
holdout	opposite_signs	2005	eb_delta_0.5	target	0.8474609803096149	0.95	0.0	8.235024939173925	10.166666666666666	112.0	0.8743999597296934	0.7611778505248391	0.18247337254571966	True
holdout	opposite_signs	2005	eb_delta_0.5	reference	0.9328513694771541	0.9958847736625515	0.0	8.286335829481622	10.777777777777779	112.0	0.8776748659459096	0.7611778505248391	0.18247337254571966	True
holdout	opposite_signs	2006	hard_z1	target	0.8779950480859197	0.95	0.5	25.194444444444443	12.027777777777779	112.0	0.8760928944409505			
holdout	opposite_signs	2006	hard_z1	reference	0.8387234417494766	0.9269230769230768	0.3611111111111111	23.38888888888889	10.61111111111111	112.0	0.9158668659451747			
holdout	opposite_signs	2006	wald_p05	target	0.9227477204986462	0.9961538461538462	0.6944444444444444	10.194444444444445	12.027777777777779	112.0	0.7851314591188374			
holdout	opposite_signs	2006	wald_p05	reference	0.9230623691930356	0.9653846153846154	0.7777777777777778	8.527777777777779	10.61111111111111	112.0	0.7375934851905279			
holdout	opposite_signs	2006	continuous_sign	target	0.8547925919609471	0.9384615384615385	0.0	32.982118320597976	12.027777777777779	112.0	0.9398980840540151			
holdout	opposite_signs	2006	continuous_sign	reference	0.8112766968456698	0.9153846153846154	0.0	31.69801142759057	10.61111111111111	112.0	0.9398980840540151			
holdout	opposite_signs	2006	eb_delta_0	target	0.9041523945582679	0.9769230769230769	0.0	15.406858326443203	12.027777777777779	112.0	0.9202486467567186	0.7352146406761884	0.18909344655863192	True
holdout	opposite_signs	2006	eb_delta_0	reference	0.8467515086810266	0.9346153846153846	0.0	14.24910266810392	10.61111111111111	112.0	0.9300733654053668	0.7352146406761884	0.18909344655863192	True
holdout	opposite_signs	2006	eb_delta_0.1	target	0.907391226749693	0.9769230769230769	0.0	14.224548193619686	12.027777777777779	112.0	0.9136988343242864	0.7352146406761884	0.18909344655863192	True
holdout	opposite_signs	2006	eb_delta_0.1	reference	0.8702293841502446	0.9346153846153846	0.0	13.069483720399113	10.61111111111111	112.0	0.9071490218918543	0.7352146406761884	0.18909344655863192	True
holdout	opposite_signs	2006	eb_delta_0.25	target	0.9154235305844275	0.9807692307692307	0.0	12.471518032933012	12.027777777777779	112.0	0.8940493970269899	0.7352146406761884	0.18909344655863192	True
holdout	opposite_signs	2006	eb_delta_0.25	reference	0.8795173348853198	0.9423076923076923	0.0	11.334865167714979	10.61111111111111	112.0	0.8907744908107738	0.7352146406761884	0.18909344655863192	True
holdout	opposite_signs	2006	eb_delta_0.5	target	0.935633843458921	0.9846153846153847	0.0	9.694876575518505	12.027777777777779	112.0	0.854750522432397	0.7352146406761884	0.18909344655863192	True
holdout	opposite_signs	2006	eb_delta_0.5	reference	0.9113801658792586	0.9461538461538461	0.0	8.631883296638394	10.61111111111111	112.0	0.8482007099999648	0.7352146406761884	0.18909344655863192	True
holdout	opposite_signs	2007	hard_z1	target	0.9019290008086965	0.9846153846153846	0.5555555555555556	24.666666666666668	10.75	112.0	0.9360706050691788			
holdout	opposite_signs	2007	hard_z1	reference	0.8667713614940044	0.9403292181069959	0.5555555555555556	23.444444444444443	11.222222222222221	112.0	0.9421420013391215			
holdout	opposite_signs	2007	wald_p05	target	0.9038986482809301	0.9673076923076923	0.8333333333333334	9.222222222222221	10.75	112.0	0.8243388091946566			
holdout	opposite_signs	2007	wald_p05	reference	0.8911674039921063	0.9814814814814815	0.8333333333333334	8.916666666666666	11.222222222222221	112.0	0.840806323708045			
holdout	opposite_signs	2007	continuous_sign	target	0.8988818694036391	0.9807692307692308	0.0	32.35941207175828	10.75	112.0	0.943172990270231			
holdout	opposite_signs	2007	continuous_sign	reference	0.8816953338085736	0.9547325102880659	0.0	32.234273279712426	11.222222222222221	112.0	0.943172990270231			
holdout	opposite_signs	2007	eb_delta_0	target	0.9119259884855022	0.9884615384615385	0.0	15.109299024874154	10.75	112.0	0.943172990270231	0.730935127709954	0.18365012560730973	True
holdout	opposite_signs	2007	eb_delta_0	reference	0.8989834776087418	0.9753086419753086	0.0	15.025966250278556	11.222222222222221	112.0	0.943172990270231	0.730935127709954	0.18365012560730973	True
holdout	opposite_signs	2007	eb_delta_0.1	target	0.912055138179382	0.9884615384615385	0.0	13.907658952499956	10.75	112.0	0.9398980840540151	0.730935127709954	0.18365012560730973	True
holdout	opposite_signs	2007	eb_delta_0.1	reference	0.9020798615729511	0.9753086419753086	0.0	13.827350093867615	11.222222222222221	112.0	0.943172990270231	0.730935127709954	0.18365012560730973	True
holdout	opposite_signs	2007	eb_delta_0.25	target	0.9208373173632107	0.9884615384615385	0.0	12.124057282792332	10.75	112.0	0.9235235529729348	0.730935127709954	0.18365012560730973	True
holdout	opposite_signs	2007	eb_delta_0.25	reference	0.9038860855520732	0.9794238683127572	0.0	12.066614124424177	11.222222222222221	112.0	0.943172990270231	0.730935127709954	0.18365012560730973	True
holdout	opposite_signs	2007	eb_delta_0.5	target	0.9216122155264896	0.9923076923076923	0.0	9.285634403358161	10.75	112.0	0.9071490218918543	0.730935127709954	0.18365012560730973	True
holdout	opposite_signs	2007	eb_delta_0.5	reference	0.9152394934208401	0.9876543209876543	0.0	9.344589224334829	11.222222222222221	112.0	0.9366231778377989	0.730935127709954	0.18365012560730973	True
holdout	opposite_signs	2008	hard_z1	target	0.802247541501229	0.9732510288065844	0.5277777777777778	22.944444444444443	10.083333333333334	112.0	0.916812399159638			
holdout	opposite_signs	2008	hard_z1	reference	0.9271111151405679	0.9773662551440329	0.4444444444444444	24.38888888888889	11.5	112.0	0.9242970981740246			
holdout	opposite_signs	2008	wald_p05	target	0.7799158393903093	0.9711934156378601	0.7222222222222222	8.972222222222221	10.083333333333334	112.0	0.8102281588274616			
holdout	opposite_signs	2008	wald_p05	reference	0.9339150092888497	0.9567901234567902	0.6111111111111112	10.11111111111111	11.5	112.0	0.899410298239305			
holdout	opposite_signs	2008	continuous_sign	target	0.8257157510064851	0.9670781893004116	0.0	31.63632688932537	10.083333333333334	112.0	0.943172990270231			
holdout	opposite_signs	2008	continuous_sign	reference	0.9278175574685423	0.9917695473251029	0.0	32.69255259599936	11.5	112.0	0.943172990270231			
holdout	opposite_signs	2008	eb_delta_0	target	0.8315188446805896	0.9794238683127572	0.0	14.078368699828088	10.083333333333334	112.0	0.9398980840540151	0.7395507969774355	0.19158016598220756	True
holdout	opposite_signs	2008	eb_delta_0	reference	0.9434143794265436	1.0	0.0	15.091941530280016	11.5	112.0	0.943172990270231	0.7395507969774355	0.19158016598220756	True
holdout	opposite_signs	2008	eb_delta_0.1	target	0.8338400821502314	0.9794238683127572	0.0	12.916386678165738	10.083333333333334	112.0	0.9366231778377989	0.7395507969774355	0.19158016598220756	True
holdout	opposite_signs	2008	eb_delta_0.1	reference	0.9493437497576847	1.0	0.0	13.929253599854276	11.5	112.0	0.9366231778377989	0.7395507969774355	0.19158016598220756	True
holdout	opposite_signs	2008	eb_delta_0.25	target	0.8392563029127292	0.9835390946502057	0.0	11.199165375380064	10.083333333333334	112.0	0.9235235529729348	0.7395507969774355	0.19158016598220756	True
holdout	opposite_signs	2008	eb_delta_0.25	reference	0.957722207834297	0.9958847736625515	0.0	12.199434561097346	11.5	112.0	0.9267984591891507	0.7395507969774355	0.19158016598220756	True
holdout	opposite_signs	2008	eb_delta_0.5	target	0.8531837277305802	0.9835390946502057	0.0	8.51140909552213	10.083333333333334	112.0	0.9005992094594221	0.7395507969774355	0.19158016598220756	True
holdout	opposite_signs	2008	eb_delta_0.5	reference	0.9579800065443465	0.9835390946502057	0.0	9.427637011152308	11.5	112.0	0.8973243032432059	0.7395507969774355	0.19158016598220756	True
holdout	opposite_signs	2009	hard_z1	target	0.8248594283491986	0.9547325102880658	0.7222222222222222	22.13888888888889	11.277777777777779	112.0	0.9103107937506884			
holdout	opposite_signs	2009	hard_z1	reference	0.9083061461205975	0.9465020576131687	0.19444444444444445	25.5	12.0	112.0	0.9304326751987224			
holdout	opposite_signs	2009	wald_p05	target	0.904438195341333	0.9711934156378601	0.7777777777777778	8.916666666666666	11.277777777777779	112.0	0.8474928941410529			
holdout	opposite_signs	2009	wald_p05	reference	0.9132188959976885	0.9814814814814815	0.8055555555555556	9.88888888888889	12.0	112.0	0.8246590858923051			
holdout	opposite_signs	2009	continuous_sign	target	0.8071365256085525	0.9465020576131686	0.0	30.349591195338657	11.277777777777779	112.0	0.9366231778377989			
holdout	opposite_signs	2009	continuous_sign	reference	0.9239409649159741	0.9753086419753086	0.0	33.94171758220991	12.0	112.0	0.943172990270231			
holdout	opposite_signs	2009	eb_delta_0	target	0.8582930659640242	0.9670781893004116	0.0	14.55828207477024	11.277777777777779	112.0	0.933348271621583	0.7323766515406838	0.1885975525104827	True
holdout	opposite_signs	2009	eb_delta_0	reference	0.9261325368991709	0.9753086419753086	0.0	15.415533339330532	12.0	112.0	0.943172990270231	0.7323766515406838	0.1885975525104827	True
holdout	opposite_signs	2009	eb_delta_0.1	target	0.8703071019565971	0.9670781893004116	0.0	13.375876621997218	11.277777777777779	112.0	0.9235235529729348	0.7323766515406838	0.1885975525104827	True
holdout	opposite_signs	2009	eb_delta_0.1	reference	0.9337385808408541	0.9794238683127572	0.0	14.210765399447954	12.0	112.0	0.9300733654053668	0.7323766515406838	0.1885975525104827	True
holdout	opposite_signs	2009	eb_delta_0.25	target	0.896014555317049	0.9711934156378601	0.0	11.670152280263293	11.277777777777779	112.0	0.9038741156756381	0.7323766515406838	0.1885975525104827	True
holdout	opposite_signs	2009	eb_delta_0.25	reference	0.942891616770676	0.9835390946502057	0.0	12.391715389869335	12.0	112.0	0.9136988343242864	0.7323766515406838	0.1885975525104827	True
holdout	opposite_signs	2009	eb_delta_0.5	target	0.9232722068700906	0.9835390946502057	0.0	9.045571803101824	11.277777777777779	112.0	0.8645752410810451	0.7323766515406838	0.1885975525104827	True
holdout	opposite_signs	2009	eb_delta_0.5	reference	0.9426337847726528	0.9794238683127572	0.0	9.468292509823998	12.0	112.0	0.9038741156756381	0.7323766515406838	0.1885975525104827	True
holdout	opposite_signs	2010	hard_z1	target	0.9232174188922814	0.9650205761316872	0.5	24.055555555555557	11.722222222222221	112.0	0.939107054781499			
holdout	opposite_signs	2010	hard_z1	reference	0.7821238273398894	0.9300411522633745	0.6944444444444444	22.86111111111111	10.194444444444445	112.0	0.8874626063802582			
holdout	opposite_signs	2010	wald_p05	target	0.9465614304599329	0.9465020576131687	0.8055555555555556	9.416666666666666	11.722222222222221	112.0	0.8225902365120613			
holdout	opposite_signs	2010	wald_p05	reference	0.9067368288727959	0.95679012345679	0.8055555555555556	8.472222222222221	10.194444444444445	112.0	0.6743566993593422			
holdout	opposite_signs	2010	continuous_sign	target	0.9062551871523993	0.9711934156378601	0.0	33.155774229124376	11.722222222222221	112.0	0.943172990270231			
holdout	opposite_signs	2010	continuous_sign	reference	0.7263741770314645	0.9218106995884773	0.0	30.934137248586794	10.194444444444445	112.0	0.943172990270231			
holdout	opposite_signs	2010	eb_delta_0	target	0.9481935234509227	0.962962962962963	0.0	14.739399455426533	11.722222222222221	112.0	0.933348271621583	0.7472228269537369	0.19115282925691962	True
holdout	opposite_signs	2010	eb_delta_0	reference	0.8298834664465513	0.9506172839506173	0.0	13.571644152906362	10.194444444444445	112.0	0.9136988343242864	0.7472228269537369	0.19115282925691962	True
holdout	opposite_signs	2010	eb_delta_0.1	target	0.950129138972393	0.962962962962963	0.0	13.610919587472942	11.722222222222221	112.0	0.9267984591891507	0.7472228269537369	0.19115282925691962	True
holdout	opposite_signs	2010	eb_delta_0.1	reference	0.8650326883203385	0.9588477366255145	0.0	12.445964311285046	10.194444444444445	112.0	0.8776748659459096	0.7472228269537369	0.19115282925691962	True
holdout	opposite_signs	2010	eb_delta_0.25	target	0.9519357134590987	0.962962962962963	0.0	11.944762658564093	11.722222222222221	112.0	0.9169737405405026	0.7472228269537369	0.19115282925691962	True
holdout	opposite_signs	2010	eb_delta_0.25	reference	0.8846749005439256	0.9588477366255145	0.0	10.79203318730812	10.194444444444445	112.0	0.8482007099999648	0.7472228269537369	0.19115282925691962	True
holdout	opposite_signs	2010	eb_delta_0.5	target	0.9555488624325098	0.962962962962963	0.0	9.325869815781353	11.722222222222221	112.0	0.8907744908107738	0.7472228269537369	0.19115282925691962	True
holdout	opposite_signs	2010	eb_delta_0.5	reference	0.9119413925121944	0.962962962962963	0.0	8.203701683856613	10.194444444444445	112.0	0.7827025856756432	0.7472228269537369	0.19115282925691962	True
holdout	opposite_signs	2011	hard_z1	target	0.8585907725966622	0.9835390946502057	0.6111111111111112	23.36111111111111	12.38888888888889	112.0	0.9015279018530818			
holdout	opposite_signs	2011	hard_z1	reference	0.9218509230554657	0.9634615384615385	0.4444444444444444	23.25	10.944444444444445	112.0	0.9442673704375604			
holdout	opposite_signs	2011	wald_p05	target	0.9184702454759717	1.0	0.7222222222222222	9.972222222222221	12.38888888888889	112.0	0.7703539325712656			
holdout	opposite_signs	2011	wald_p05	reference	0.935896594691118	0.9807692307692307	0.7777777777777778	9.13888888888889	10.944444444444445	112.0	0.8709380922372321			
holdout	opposite_signs	2011	continuous_sign	target	0.8506785739019742	0.9794238683127572	0.0	32.58033743443814	12.38888888888889	112.0	0.9398980840540151			
holdout	opposite_signs	2011	continuous_sign	reference	0.9178819129624299	0.9730769230769232	0.0	31.276959152625963	10.944444444444445	112.0	0.943172990270231			
holdout	opposite_signs	2011	eb_delta_0	target	0.8879449234332264	0.9876543209876543	0.0	15.89275641193696	12.38888888888889	112.0	0.9136988343242864	0.720953131802855	0.17692777520546338	True
holdout	opposite_signs	2011	eb_delta_0	reference	0.9503687447133475	0.9807692307692308	0.0	15.360492417425377	10.944444444444445	112.0	0.9398980840540151	0.720953131802855	0.17692777520546338	True
holdout	opposite_signs	2011	eb_delta_0.1	target	0.8888475685775822	0.9876543209876543	0.0	14.6465635821429	12.38888888888889	112.0	0.9136988343242864	0.720953131802855	0.17692777520546338	True
holdout	opposite_signs	2011	eb_delta_0.1	reference	0.9503687447133475	0.9807692307692308	0.0	14.117190814941399	10.944444444444445	112.0	0.9398980840540151	0.720953131802855	0.17692777520546338	True
holdout	opposite_signs	2011	eb_delta_0.25	target	0.8898791630282742	0.9876543209876543	0.0	12.799681283098314	12.38888888888889	112.0	0.9038741156756381	0.720953131802855	0.17692777520546338	True
holdout	opposite_signs	2011	eb_delta_0.25	reference	0.9499819967163128	0.9846153846153846	0.0	12.284972398196402	10.944444444444445	112.0	0.9267984591891507	0.720953131802855	0.17692777520546338	True
holdout	opposite_signs	2011	eb_delta_0.5	target	0.91850590903498	0.9917695473251029	0.0	9.879916407876017	12.38888888888889	112.0	0.858025428648613	0.720953131802855	0.17692777520546338	True
holdout	opposite_signs	2011	eb_delta_0.5	reference	0.9528181486945676	0.9846153846153847	0.0	9.418933830757005	10.944444444444445	112.0	0.9136988343242864	0.720953131802855	0.17692777520546338	True
holdout	opposite_signs	2012	hard_z1	target	0.8853432864872429	0.9691358024691358	0.5555555555555556	23.61111111111111	11.694444444444445	112.0	0.914582062016567			
holdout	opposite_signs	2012	hard_z1	reference	0.9103477414368031	0.9382716049382716	0.3611111111111111	24.444444444444443	11.472222222222221	112.0	0.9437197044444018			
holdout	opposite_signs	2012	wald_p05	target	0.8994744259943096	0.9403292181069959	0.9166666666666666	9.277777777777779	11.694444444444445	112.0	0.8190966738559815			
holdout	opposite_signs	2012	wald_p05	reference	0.9308574144766684	0.9403292181069959	0.7222222222222222	9.583333333333334	11.472222222222221	112.0	0.9074406166283864			
holdout	opposite_signs	2012	continuous_sign	target	0.8548976714312543	0.9711934156378601	0.0	32.06351447993669	11.694444444444445	112.0	0.943172990270231			
holdout	opposite_signs	2012	continuous_sign	reference	0.9031661319573467	0.9465020576131686	0.0	32.65727517777347	11.472222222222221	112.0	0.943172990270231			
holdout	opposite_signs	2012	eb_delta_0	target	0.9105900681039978	0.9711934156378601	0.0	14.248509392079256	11.694444444444445	112.0	0.9202486467567186	0.7434356445362107	0.19699390803719036	True
holdout	opposite_signs	2012	eb_delta_0	reference	0.9261652122847299	0.9382716049382717	0.0	14.48669747709301	11.472222222222221	112.0	0.9398980840540151	0.7434356445362107	0.19699390803719036	True
holdout	opposite_signs	2012	eb_delta_0.1	target	0.9135620521491791	0.9753086419753086	0.0	13.10386312931032	11.694444444444445	112.0	0.9169737405405026	0.7434356445362107	0.19699390803719036	True
holdout	opposite_signs	2012	eb_delta_0.1	reference	0.9288785869300953	0.9423868312757202	0.0	13.341664175763622	11.472222222222221	112.0	0.9366231778377989	0.7434356445362107	0.19699390803719036	True
holdout	opposite_signs	2012	eb_delta_0.25	target	0.9218319207966397	0.9753086419753085	0.0	11.40997260838941	11.694444444444445	112.0	0.8973243032432059	0.7434356445362107	0.19699390803719036	True
holdout	opposite_signs	2012	eb_delta_0.25	reference	0.9328840447399205	0.9423868312757202	0.0	11.64318544213182	11.472222222222221	112.0	0.933348271621583	0.7434356445362107	0.19699390803719036	True
holdout	opposite_signs	2012	eb_delta_0.5	target	0.9332029901868982	0.97119341563786	0.0	8.753834599453235	11.694444444444445	112.0	0.8383759913513167	0.7434356445362107	0.19699390803719036	True
holdout	opposite_signs	2012	eb_delta_0.5	reference	0.9465801262831934	0.9506172839506173	0.0	8.940451912305356	11.472222222222221	112.0	0.9104239281080704	0.7434356445362107	0.19699390803719036	True
holdout	opposite_signs	2013	hard_z1	target	0.8793887855799244	0.9732510288065843	0.5277777777777778	23.666666666666668	11.055555555555555	112.0	0.9411100743499724			
holdout	opposite_signs	2013	hard_z1	reference	0.9325416330809433	0.9938271604938271	0.5277777777777778	23.61111111111111	11.305555555555555	112.0	0.9181561700975341			
holdout	opposite_signs	2013	wald_p05	target	0.9283647359379239	0.98559670781893	0.75	9.555555555555555	11.055555555555555	112.0	0.8674147974657753			
holdout	opposite_signs	2013	wald_p05	reference	0.9464366433687609	0.9670781893004116	0.8055555555555556	9.36111111111111	11.305555555555555	112.0	0.8346777630711878			
holdout	opposite_signs	2013	continuous_sign	target	0.8686377455716091	0.9670781893004116	0.0	32.222350181883066	11.055555555555555	112.0	0.943172990270231			
holdout	opposite_signs	2013	continuous_sign	reference	0.9247646876540011	0.9835390946502057	0.0	31.835138512667598	11.305555555555555	112.0	0.9398980840540151			
holdout	opposite_signs	2013	eb_delta_0	target	0.9138254998745317	0.9711934156378601	0.0	15.278550278863012	11.055555555555555	112.0	0.943172990270231	0.7251862087203713	0.18103973574265253	True
holdout	opposite_signs	2013	eb_delta_0	reference	0.9348220838666353	0.9876543209876543	0.0	15.500593699704025	11.305555555555555	112.0	0.9366231778377989	0.7251862087203713	0.18103973574265253	True
holdout	opposite_signs	2013	eb_delta_0.1	target	0.9155039021772116	0.9711934156378601	0.0	14.049729848916822	11.055555555555555	112.0	0.9398980840540151	0.7251862087203713	0.18103973574265253	True
holdout	opposite_signs	2013	eb_delta_0.1	reference	0.9321143233478493	0.9876543209876543	0.0	14.277339820502371	11.305555555555555	112.0	0.933348271621583	0.7251862087203713	0.18103973574265253	True
holdout	opposite_signs	2013	eb_delta_0.25	target	0.9207973248241255	0.9711934156378601	0.0	12.223031871605915	11.055555555555555	112.0	0.9300733654053668	0.7251862087203713	0.18103973574265253	True
holdout	opposite_signs	2013	eb_delta_0.25	reference	0.9371430214541662	0.9876543209876543	0.0	12.47556157491913	11.305555555555555	112.0	0.9202486467567186	0.7251862087203713	0.18103973574265253	True
holdout	opposite_signs	2013	eb_delta_0.5	target	0.9173114123493286	0.9670781893004116	0.0	9.313108550893991	11.055555555555555	112.0	0.9005992094594221	0.7251862087203713	0.18103973574265253	True
holdout	opposite_signs	2013	eb_delta_0.5	reference	0.9304380906457436	0.9835390946502057	0.0	9.632965958025686	11.305555555555555	112.0	0.8842246783783417	0.7251862087203713	0.18103973574265253	True
holdout	opposite_signs	2014	hard_z1	target	0.8712333036297207	0.9506172839506173	0.4722222222222222	23.36111111111111	11.5	112.0	0.9045146037434115			
holdout	opposite_signs	2014	hard_z1	reference	0.9094204366470865	0.9506172839506173	0.6388888888888888	23.833333333333332	11.527777777777779	112.0	0.9248337695449143			
holdout	opposite_signs	2014	wald_p05	target	0.9116664880468501	0.9711934156378601	0.6944444444444444	9.027777777777779	11.5	112.0	0.8035363449425224			
holdout	opposite_signs	2014	wald_p05	reference	0.9233505821474774	0.9897119341563787	0.7777777777777778	9.777777777777779	11.527777777777779	112.0	0.8339756041531149			
holdout	opposite_signs	2014	continuous_sign	target	0.8871282945154509	0.9423868312757202	0.0	32.14360044540567	11.5	112.0	0.9398980840540151			
holdout	opposite_signs	2014	continuous_sign	reference	0.8847771397414789	0.9711934156378601	0.0	32.146913936558725	11.527777777777779	112.0	0.9398980840540151			
holdout	opposite_signs	2014	eb_delta_0	target	0.9197651214039793	0.9506172839506173	0.0	13.948970704353693	11.5	112.0	0.9235235529729348	0.7454362755363957	0.1934467559434014	True
holdout	opposite_signs	2014	eb_delta_0	reference	0.9513580066084182	0.9917695473251029	0.0	14.562166637238997	11.527777777777779	112.0	0.9300733654053668	0.7454362755363957	0.1934467559434014	True
holdout	opposite_signs	2014	eb_delta_0.1	target	0.922216108403513	0.9547325102880658	0.0	12.811423191493908	11.5	112.0	0.9169737405405026	0.7454362755363957	0.1934467559434014	True
holdout	opposite_signs	2014	eb_delta_0.1	reference	0.9512289739206916	0.9958847736625515	0.0	13.428313387774528	11.527777777777779	112.0	0.9235235529729348	0.7454362755363957	0.1934467559434014	True
holdout	opposite_signs	2014	eb_delta_0.25	target	0.9275050803498752	0.9588477366255144	0.0	11.122726067451675	11.5	112.0	0.8874995845945578	0.7454362755363957	0.1934467559434014	True
holdout	opposite_signs	2014	eb_delta_0.25	reference	0.9565193141174831	0.9958847736625515	0.0	11.753920147869279	11.527777777777779	112.0	0.9071490218918543	0.7454362755363957	0.1934467559434014	True
holdout	opposite_signs	2014	eb_delta_0.5	target	0.9334390488750622	0.9629629629629629	0.0	8.459357067113366	11.5	112.0	0.8449258037837488	0.7454362755363957	0.1934467559434014	True
holdout	opposite_signs	2014	eb_delta_0.5	reference	0.9534225296120441	1.0	0.0	9.090047382450772	11.527777777777779	112.0	0.8711250535134775	0.7454362755363957	0.1934467559434014	True
holdout	opposite_signs	2015	hard_z1	target	0.8241663333259479	0.9650205761316872	0.6388888888888888	22.13888888888889	9.38888888888889	112.0	0.914818022304811			
holdout	opposite_signs	2015	hard_z1	reference	0.9183786556092639	0.9618055555555555	0.6666666666666666	24.77777777777778	12.25	112.0	0.94420647157126			
holdout	opposite_signs	2015	wald_p05	target	0.8626920035499163	0.9588477366255144	0.8333333333333334	7.666666666666667	9.38888888888889	112.0	0.6517908124604335			
holdout	opposite_signs	2015	wald_p05	reference	0.9114530157947986	0.9496527777777778	0.8611111111111112	9.63888888888889	12.25	112.0	0.8777902244653106			
holdout	opposite_signs	2015	continuous_sign	target	0.7815126692330354	0.962962962962963	0.0	30.40145310686809	9.38888888888889	112.0	0.943172990270231			
holdout	opposite_signs	2015	continuous_sign	reference	0.9189215360230724	0.9513888888888888	0.0	33.422044362891526	12.25	112.0	0.943172990270231			
holdout	opposite_signs	2015	eb_delta_0	target	0.8813324467143864	0.9670781893004116	0.0	13.32222843273199	9.38888888888889	112.0	0.8973243032432059	0.7464528049116445	0.18154127485471241	True
holdout	opposite_signs	2015	eb_delta_0	reference	0.9212436738369731	0.954861111111111	0.0	15.075057025945476	12.25	112.0	0.943172990270231	0.7464528049116445	0.18154127485471241	True
holdout	opposite_signs	2015	eb_delta_0.1	target	0.8902426209009494	0.9670781893004116	0.0	12.194701956651421	9.38888888888889	112.0	0.8809497721621257	0.7464528049116445	0.18154127485471241	True
holdout	opposite_signs	2015	eb_delta_0.1	reference	0.922920773369235	0.9583333333333333	0.0	13.941753900364942	12.25	112.0	0.9398980840540151	0.7464528049116445	0.18154127485471241	True
holdout	opposite_signs	2015	eb_delta_0.25	target	0.8988945291690613	0.97119341563786	0.0	10.546935107805606	9.38888888888889	112.0	0.8613003348648292	0.7464528049116445	0.18154127485471241	True
holdout	opposite_signs	2015	eb_delta_0.25	reference	0.9257589418084468	0.9652777777777777	0.0	12.26135086667958	12.25	112.0	0.933348271621583	0.7464528049116445	0.18154127485471241	True
holdout	opposite_signs	2015	eb_delta_0.5	target	0.9173605423383152	0.97119341563786	0.0	8.013802432558444	9.38888888888889	112.0	0.8023520229729396	0.7464528049116445	0.18154127485471241	True
holdout	opposite_signs	2015	eb_delta_0.5	reference	0.9260169571211027	0.9722222222222221	0.0	9.587048636202432	12.25	112.0	0.9038741156756381	0.7464528049116445	0.18154127485471241	True
holdout	opposite_signs	2016	hard_z1	target	0.919428075251162	0.962962962962963	0.5	22.63888888888889	9.777777777777779	112.0	0.9285928431714944			
holdout	opposite_signs	2016	hard_z1	reference	0.8927903835165862	0.9588477366255144	0.5277777777777778	24.444444444444443	11.916666666666666	112.0	0.9230748638659136			
holdout	opposite_signs	2016	wald_p05	target	0.9180188244871622	0.9938271604938271	0.8611111111111112	8.25	9.777777777777779	112.0	0.8454127118672854			
holdout	opposite_signs	2016	wald_p05	reference	0.8959762995665103	0.9958847736625515	0.7777777777777778	8.88888888888889	11.916666666666666	112.0	0.7498215232156797			
holdout	opposite_signs	2016	continuous_sign	target	0.9084070085661634	0.9670781893004116	0.0	31.50419653899018	9.777777777777779	112.0	0.943172990270231			
holdout	opposite_signs	2016	continuous_sign	reference	0.8693367128420063	0.9300411522633745	0.0	32.73772174608374	11.916666666666666	112.0	0.943172990270231			
holdout	opposite_signs	2016	eb_delta_0	target	0.903364612703072	0.9835390946502057	0.0	14.285683120868404	9.777777777777779	112.0	0.943172990270231	0.7376751528480758	0.1762801673140754	True
holdout	opposite_signs	2016	eb_delta_0	reference	0.9225824584157493	0.962962962962963	0.0	15.094699194917004	11.916666666666666	112.0	0.9300733654053668	0.7376751528480758	0.1762801673140754	True
holdout	opposite_signs	2016	eb_delta_0.1	target	0.9130615278244016	0.9876543209876543	0.0	13.116106508980193	9.777777777777779	112.0	0.933348271621583	0.7376751528480758	0.1762801673140754	True
holdout	opposite_signs	2016	eb_delta_0.1	reference	0.9238717016499802	0.9711934156378601	0.0	13.924040654146856	11.916666666666666	112.0	0.9235235529729348	0.7376751528480758	0.1762801673140754	True
holdout	opposite_signs	2016	eb_delta_0.25	target	0.9178453392842576	0.9958847736625515	0.0	11.390587389291163	9.777777777777779	112.0	0.9267984591891507	0.7376751528480758	0.1762801673140754	True
holdout	opposite_signs	2016	eb_delta_0.25	reference	0.9286419016166352	0.9753086419753088	0.0	12.192868952954509	11.916666666666666	112.0	0.8973243032432059	0.7376751528480758	0.1762801673140754	True
holdout	opposite_signs	2016	eb_delta_0.5	target	0.906596917743515	0.9958847736625515	0.0	8.69880642679704	9.777777777777779	112.0	0.9136988343242864	0.7376751528480758	0.1762801673140754	True
holdout	opposite_signs	2016	eb_delta_0.5	reference	0.9368930583157141	0.9835390946502057	0.0	9.471228126778511	11.916666666666666	112.0	0.8743999597296934	0.7376751528480758	0.1762801673140754	True
holdout	opposite_signs	2017	hard_z1	target	0.8971176743807658	0.9884615384615384	0.25	24.38888888888889	12.277777777777779	112.0	0.9370453654534865			
holdout	opposite_signs	2017	hard_z1	reference	0.8717654939898944	0.8865384615384615	0.5555555555555556	22.75	10.86111111111111	112.0	0.9342504934577835			
holdout	opposite_signs	2017	wald_p05	target	0.9291943943416681	0.9711538461538461	0.6944444444444444	10.38888888888889	12.277777777777779	112.0	0.8794309538568347			
holdout	opposite_signs	2017	wald_p05	reference	0.9345540149586141	0.9596153846153846	0.9444444444444444	8.833333333333334	10.86111111111111	112.0	0.8080746199949574			
holdout	opposite_signs	2017	continuous_sign	target	0.8919423519296583	0.9846153846153847	0.0	33.37104459709194	12.277777777777779	112.0	0.943172990270231			
holdout	opposite_signs	2017	continuous_sign	reference	0.8800790157466992	0.8923076923076924	0.0	31.271659235316108	10.86111111111111	112.0	0.943172990270231			
holdout	opposite_signs	2017	eb_delta_0	target	0.9130900381688465	0.9846153846153847	0.0	15.86592539142928	12.277777777777779	112.0	0.9398980840540151	0.7289007430522088	0.19256998200696074	True
holdout	opposite_signs	2017	eb_delta_0	reference	0.919795402098345	0.9384615384615385	0.0	14.49719168435524	10.86111111111111	112.0	0.9235235529729348	0.7289007430522088	0.19256998200696074	True
holdout	opposite_signs	2017	eb_delta_0.1	target	0.9216006923870562	0.9846153846153847	0.0	14.65288337434771	12.277777777777779	112.0	0.933348271621583	0.7289007430522088	0.19256998200696074	True
holdout	opposite_signs	2017	eb_delta_0.1	reference	0.9290797521545742	0.9461538461538461	0.0	13.291597185342905	10.86111111111111	112.0	0.9136988343242864	0.7289007430522088	0.19256998200696074	True
holdout	opposite_signs	2017	eb_delta_0.25	target	0.9249533743518056	0.9846153846153847	0.0	12.844863830131688	12.277777777777779	112.0	0.9235235529729348	0.7289007430522088	0.19256998200696074	True
holdout	opposite_signs	2017	eb_delta_0.25	reference	0.9400404431931776	0.9576923076923076	0.0	11.520108500895155	10.86111111111111	112.0	0.8842246783783417	0.7289007430522088	0.19256998200696074	True
holdout	opposite_signs	2017	eb_delta_0.5	target	0.9332061299573425	0.9846153846153847	0.0	9.93366498818596	12.277777777777779	112.0	0.9071490218918543	0.7289007430522088	0.19256998200696074	True
holdout	opposite_signs	2017	eb_delta_0.5	reference	0.9573196502422702	0.9807692307692307	0.0	8.729381078417909	10.86111111111111	112.0	0.8383759913513167	0.7289007430522088	0.19256998200696074	True
holdout	opposite_signs	2018	hard_z1	target	0.8715002356641259	0.9609053497942387	0.5555555555555556	22.63888888888889	10.555555555555555	112.0	0.9449990771497893			
holdout	opposite_signs	2018	hard_z1	reference	0.8508811727566677	0.9506172839506173	0.75	21.805555555555557	10.63888888888889	112.0	0.9349137881763826			
holdout	opposite_signs	2018	wald_p05	target	0.9187491907289915	0.9711934156378601	0.7777777777777778	9.194444444444445	10.555555555555555	112.0	0.8458504660516323			
holdout	opposite_signs	2018	wald_p05	reference	0.890715592324747	0.9465020576131687	0.8055555555555556	8.38888888888889	10.63888888888889	112.0	0.8593237600122662			
holdout	opposite_signs	2018	continuous_sign	target	0.8886634837150114	0.9670781893004115	0.0	32.00292412758368	10.555555555555555	112.0	0.943172990270231			
holdout	opposite_signs	2018	continuous_sign	reference	0.8577698409099022	0.9506172839506173	0.0	31.2059518964545	10.63888888888889	112.0	0.943172990270231			
holdout	opposite_signs	2018	eb_delta_0	target	0.9464963193780451	0.9835390946502058	0.0	13.614855175135695	10.555555555555555	112.0	0.943172990270231	0.7622212502782713	0.1970300956531984	True
holdout	opposite_signs	2018	eb_delta_0	reference	0.9026239212459873	0.9465020576131686	0.0	13.01636496636838	10.63888888888889	112.0	0.943172990270231	0.7622212502782713	0.1970300956531984	True
holdout	opposite_signs	2018	eb_delta_0.1	target	0.9472708662842466	0.9835390946502058	0.0	12.554193804205912	10.555555555555555	112.0	0.9366231778377989	0.7622212502782713	0.1970300956531984	True
holdout	opposite_signs	2018	eb_delta_0.1	reference	0.901077228820605	0.9423868312757201	0.0	11.957017248143982	10.63888888888889	112.0	0.943172990270231	0.7622212502782713	0.1970300956531984	True
holdout	opposite_signs	2018	eb_delta_0.25	target	0.9506272362111191	0.9835390946502058	0.0	10.986844398404626	10.555555555555555	112.0	0.9300733654053668	0.7622212502782713	0.1970300956531984	True
holdout	opposite_signs	2018	eb_delta_0.25	reference	0.9001749915724654	0.9382716049382716	0.0	10.40348569715793	10.63888888888889	112.0	0.943172990270231	0.7622212502782713	0.1970300956531984	True
holdout	opposite_signs	2018	eb_delta_0.5	target	0.9560490645545284	0.9917695473251029	0.0	8.478817135551227	10.555555555555555	112.0	0.9005992094594221	0.7622212502782713	0.1970300956531984	True
holdout	opposite_signs	2018	eb_delta_0.5	reference	0.9041706136713694	0.9423868312757202	0.0	7.9987313222291885	10.63888888888889	112.0	0.9169737405405026	0.7622212502782713	0.1970300956531984	True
holdout	opposite_signs	2019	hard_z1	target	0.8772352914160308	0.9259259259259259	0.4722222222222222	23.77777777777778	10.277777777777779	112.0	0.9343107346477394			
holdout	opposite_signs	2019	hard_z1	reference	0.8699273918850998	0.9199999999999999	0.5555555555555556	23.916666666666668	10.777777777777779	112.0	0.9298131034694571			
holdout	opposite_signs	2019	wald_p05	target	0.9163328763657081	0.9526748971193415	0.7777777777777778	8.583333333333334	10.277777777777779	112.0	0.858767527343451			
holdout	opposite_signs	2019	wald_p05	reference	0.9191125269549033	0.9581818181818182	0.8055555555555556	9.166666666666666	10.777777777777779	112.0	0.8898504291021535			
holdout	opposite_signs	2019	continuous_sign	target	0.8671111525484312	0.9012345679012346	0.0	31.66924643444882	10.277777777777779	112.0	0.943172990270231			
holdout	opposite_signs	2019	continuous_sign	reference	0.8948631832028243	0.9527272727272726	0.0	32.16853186868645	10.777777777777779	112.0	0.943172990270231			
holdout	opposite_signs	2019	eb_delta_0	target	0.9260447927498938	0.9465020576131687	0.0	13.21589396692138	10.277777777777779	112.0	0.933348271621583	0.76159172906487	0.19485515662448857	True
holdout	opposite_signs	2019	eb_delta_0	reference	0.9097559858176325	0.9563636363636363	0.0	13.485832734812156	10.777777777777779	112.0	0.943172990270231	0.76159172906487	0.19485515662448857	True
holdout	opposite_signs	2019	eb_delta_0.1	target	0.9282370725823331	0.9465020576131687	0.0	12.151793375486589	10.277777777777779	112.0	0.9300733654053668	0.76159172906487	0.19485515662448857	True
holdout	opposite_signs	2019	eb_delta_0.1	reference	0.9150655937063903	0.96	0.0	12.423166971161354	10.777777777777779	112.0	0.9398980840540151	0.76159172906487	0.19485515662448857	True
holdout	opposite_signs	2019	eb_delta_0.25	target	0.9319768440612006	0.9465020576131687	0.0	10.577179568760002	10.277777777777779	112.0	0.9202486467567186	0.76159172906487	0.19485515662448857	True
holdout	opposite_signs	2019	eb_delta_0.25	reference	0.9154541016006896	0.96	0.0	10.855887549627218	10.777777777777779	112.0	0.9398980840540151	0.76159172906487	0.19485515662448857	True
holdout	opposite_signs	2019	eb_delta_0.5	target	0.9413907515769702	0.9506172839506173	0.0	8.101026326510643	10.277777777777779	112.0	0.9104239281080704	0.76159172906487	0.19485515662448857	True
holdout	opposite_signs	2019	eb_delta_0.5	reference	0.9155836042321228	0.9563636363636363	0.0	8.389241307883912	10.777777777777779	112.0	0.933348271621583	0.76159172906487	0.19485515662448857	True
holdout	opposite_signs	2020	hard_z1	target	0.8960493008063913	0.9557692307692308	0.6111111111111112	22.944444444444443	11.083333333333334	112.0	0.913001893331212			
holdout	opposite_signs	2020	hard_z1	reference	0.9017716235580162	0.9835390946502057	0.5	23.25	10.63888888888889	112.0	0.9084360076735505			
holdout	opposite_signs	2020	wald_p05	target	0.947787552740688	0.9673076923076923	0.9166666666666666	8.277777777777779	11.083333333333334	112.0	0.7917015968520494			
holdout	opposite_signs	2020	wald_p05	reference	0.9610772685507614	0.9526748971193415	0.7777777777777778	8.583333333333334	10.63888888888889	112.0	0.8395428553893958			
holdout	opposite_signs	2020	continuous_sign	target	0.8593934416259902	0.9307692307692308	0.0	31.941416178602992	11.083333333333334	112.0	0.943172990270231			
holdout	opposite_signs	2020	continuous_sign	reference	0.9092705730631405	0.9711934156378601	0.0	31.76306351265627	10.63888888888889	112.0	0.943172990270231			
holdout	opposite_signs	2020	eb_delta_0	target	0.9198941207197442	0.9615384615384616	0.0	13.650034930539686	11.083333333333334	112.0	0.933348271621583	0.7548874383610316	0.17998484060103478	True
holdout	opposite_signs	2020	eb_delta_0	reference	0.9381813762378947	0.962962962962963	0.0	13.802572084703005	10.63888888888889	112.0	0.9398980840540151	0.7548874383610316	0.17998484060103478	True
holdout	opposite_signs	2020	eb_delta_0.1	target	0.9287950735075247	0.9615384615384616	0.0	12.556320034276997	11.083333333333334	112.0	0.9202486467567186	0.7548874383610316	0.17998484060103478	True
holdout	opposite_signs	2020	eb_delta_0.1	reference	0.9428277553195517	0.962962962962963	0.0	12.709436074991062	10.63888888888889	112.0	0.933348271621583	0.7548874383610316	0.17998484060103478	True
holdout	opposite_signs	2020	eb_delta_0.25	target	0.9409210091894284	0.9653846153846154	0.0	10.93823157073725	11.083333333333334	112.0	0.9071490218918543	0.7548874383610316	0.17998484060103478	True
holdout	opposite_signs	2020	eb_delta_0.25	reference	0.9474741344012085	0.962962962962963	0.0	11.093803621779289	10.63888888888889	112.0	0.9235235529729348	0.7548874383610316	0.17998484060103478	True
holdout	opposite_signs	2020	eb_delta_0.5	target	0.9598839086068738	0.9807692307692308	0.0	8.387671327452804	11.083333333333334	112.0	0.8711250535134775	0.7548874383610316	0.17998484060103478	True
holdout	opposite_signs	2020	eb_delta_0.5	reference	0.9594772803621557	0.9588477366255144	0.0	8.549062309613117	10.63888888888889	112.0	0.8776748659459096	0.7548874383610316	0.17998484060103478	True
holdout	opposite_signs	2021	hard_z1	target	0.8645809214878052	0.9609053497942387	0.6388888888888888	23.083333333333332	9.555555555555555	112.0	0.908729269135712			
holdout	opposite_signs	2021	hard_z1	reference	0.9427953726230066	0.9690909090909091	0.5555555555555556	24.75	12.194444444444445	112.0	0.9375285653646529			
holdout	opposite_signs	2021	wald_p05	target	0.8894285304004736	0.9567901234567902	0.8888888888888888	8.75	9.555555555555555	112.0	0.8451394603937566			
holdout	opposite_signs	2021	wald_p05	reference	0.9456997531369618	0.9618181818181818	0.7777777777777778	9.86111111111111	12.194444444444445	112.0	0.9085568885674268			
holdout	opposite_signs	2021	continuous_sign	target	0.8533291711733155	0.9547325102880658	0.0	31.702599610731138	9.555555555555555	112.0	0.9300733654053668			
holdout	opposite_signs	2021	continuous_sign	reference	0.9381436768159178	0.9636363636363636	0.0	33.10428949438975	12.194444444444445	112.0	0.943172990270231			
holdout	opposite_signs	2021	eb_delta_0	target	0.8537165198665398	0.9629629629629629	0.0	14.65153975230297	9.555555555555555	112.0	0.9300733654053668	0.7304957406206429	0.18230381327800388	True
holdout	opposite_signs	2021	eb_delta_0	reference	0.9593009324536805	0.9709090909090909	0.0	15.532937129204392	12.194444444444445	112.0	0.9366231778377989	0.7304957406206429	0.18230381327800388	True
holdout	opposite_signs	2021	eb_delta_0.1	target	0.8593976340338308	0.9629629629629629	0.0	13.451964739052828	9.555555555555555	112.0	0.9235235529729348	0.7304957406206429	0.18230381327800388	True
holdout	opposite_signs	2021	eb_delta_0.1	reference	0.9599459707353195	0.9709090909090909	0.0	14.328282381989425	12.194444444444445	112.0	0.933348271621583	0.7304957406206429	0.18230381327800388	True
holdout	opposite_signs	2021	eb_delta_0.25	target	0.8721801409102354	0.9670781893004115	0.0	11.69100149127704	9.555555555555555	112.0	0.9071490218918543	0.7304957406206429	0.18230381327800388	True
holdout	opposite_signs	2021	eb_delta_0.25	reference	0.9620100932365647	0.9709090909090909	0.0	12.540129401068736	12.194444444444445	112.0	0.9267984591891507	0.7304957406206429	0.18230381327800388	True
holdout	opposite_signs	2021	eb_delta_0.5	target	0.8790233011571996	0.97119341563786	0.0	8.957455567396671	9.555555555555555	112.0	0.8809497721621257	0.7304957406206429	0.18230381327800388	True
holdout	opposite_signs	2021	eb_delta_0.5	reference	0.9587849018283692	0.9709090909090909	0.0	9.708627574128736	12.194444444444445	112.0	0.9202486467567186	0.7304957406206429	0.18230381327800388	True
holdout	opposite_signs	2022	hard_z1	target	0.9214692257944602	0.9711538461538461	0.4444444444444444	23.52777777777778	11.75	112.0	0.919380624247567			
holdout	opposite_signs	2022	hard_z1	reference	0.8708048803152321	0.9384615384615385	0.5277777777777778	23.333333333333332	11.25	112.0	0.9148770409186143			
holdout	opposite_signs	2022	wald_p05	target	0.9496933015542708	0.9711538461538461	0.6666666666666666	9.555555555555555	11.75	112.0	0.8145388699491489			
holdout	opposite_signs	2022	wald_p05	reference	0.9029409037302948	0.9596153846153845	0.8333333333333334	8.75	11.25	112.0	0.8344074921179278			
holdout	opposite_signs	2022	continuous_sign	target	0.9206980472427008	0.9692307692307692	0.0	32.29209645022781	11.75	112.0	0.9398980840540151			
holdout	opposite_signs	2022	continuous_sign	reference	0.8787385911215009	0.9538461538461538	0.0	31.38476280025488	11.25	112.0	0.943172990270231			
holdout	opposite_signs	2022	eb_delta_0	target	0.9574485995486068	0.9615384615384616	0.0	14.76806370955192	11.75	112.0	0.9005992094594221	0.7386336061507575	0.18585950776865354	True
holdout	opposite_signs	2022	eb_delta_0	reference	0.8990480212416355	0.9692307692307693	0.0	14.504972263673315	11.25	112.0	0.9366231778377989	0.7386336061507575	0.18585950776865354	True
holdout	opposite_signs	2022	eb_delta_0.1	target	0.9623486731893943	0.9615384615384616	0.0	13.599529391369213	11.75	112.0	0.8842246783783417	0.7386336061507575	0.18585950776865354	True
holdout	opposite_signs	2022	eb_delta_0.1	reference	0.9016352097919712	0.9692307692307693	0.0	13.342651717495865	11.25	112.0	0.9300733654053668	0.7386336061507575	0.18585950776865354	True
holdout	opposite_signs	2022	eb_delta_0.25	target	0.9664750509921627	0.9653846153846154	0.0	11.867732614358836	11.75	112.0	0.8711250535134775	0.7386336061507575	0.18585950776865354	True
holdout	opposite_signs	2022	eb_delta_0.25	reference	0.8980131458215013	0.9692307692307693	0.0	11.639400406998918	11.25	112.0	0.9169737405405026	0.7386336061507575	0.18585950776865354	True
holdout	opposite_signs	2022	eb_delta_0.5	target	0.9681513919745374	0.9692307692307692	0.0	9.132532228778837	11.75	112.0	0.8482007099999648	0.7386336061507575	0.18585950776865354	True
holdout	opposite_signs	2022	eb_delta_0.5	reference	0.9084912594503606	0.9769230769230769	0.0	8.978157600630007	11.25	112.0	0.8874995845945578	0.7386336061507575	0.18585950776865354	True
holdout	opposite_signs	2023	hard_z1	target	0.8522761737317067	0.9279835390946501	0.5555555555555556	22.805555555555557	10.083333333333334	112.0	0.9279935576342934			
holdout	opposite_signs	2023	hard_z1	reference	0.7780519282869821	0.9038461538461539	0.5833333333333334	23.305555555555557	11.055555555555555	112.0	0.897478977163598			
holdout	opposite_signs	2023	wald_p05	target	0.9557745950969059	0.9814814814814815	0.8611111111111112	8.305555555555555	10.083333333333334	112.0	0.7282087927428019			
holdout	opposite_signs	2023	wald_p05	reference	0.9193361371796049	0.9519230769230769	0.8333333333333334	8.833333333333334	11.055555555555555	112.0	0.7168415844425516			
holdout	opposite_signs	2023	continuous_sign	target	0.8177825684455194	0.9259259259259258	0.0	31.939072189290457	10.083333333333334	112.0	0.943172990270231			
holdout	opposite_signs	2023	continuous_sign	reference	0.7496334014078456	0.8846153846153847	0.0	31.469196857343736	11.055555555555555	112.0	0.943172990270231			
holdout	opposite_signs	2023	eb_delta_0	target	0.8920677148682955	0.9423868312757202	0.0	13.579748976497271	10.083333333333334	112.0	0.9366231778377989	0.7555596677844091	0.18130976684267933	True
holdout	opposite_signs	2023	eb_delta_0	reference	0.8409481524063547	0.95	0.0	13.797567419854317	11.055555555555555	112.0	0.9300733654053668	0.7555596677844091	0.18130976684267933	True
holdout	opposite_signs	2023	eb_delta_0.1	target	0.896331036315168	0.9506172839506173	0.0	12.486836357222964	10.083333333333334	112.0	0.9300733654053668	0.7555596677844091	0.18130976684267933	True
holdout	opposite_signs	2023	eb_delta_0.1	reference	0.8463727910795336	0.95	0.0	12.709394193201595	11.055555555555555	112.0	0.9202486467567186	0.7555596677844091	0.18130976684267933	True
holdout	opposite_signs	2023	eb_delta_0.25	target	0.923719646822348	0.9588477366255144	0.0	10.862391390453647	10.083333333333334	112.0	0.8973243032432059	0.7555596677844091	0.18130976684267933	True
holdout	opposite_signs	2023	eb_delta_0.25	reference	0.8645840780537764	0.9576923076923077	0.0	11.104990119452204	11.055555555555555	112.0	0.9038741156756381	0.7555596677844091	0.18130976684267933	True
holdout	opposite_signs	2023	eb_delta_0.5	target	0.9507206826525397	0.962962962962963	0.0	8.29611901538801	10.083333333333334	112.0	0.8449258037837488	0.7555596677844091	0.18130976684267933	True
holdout	opposite_signs	2023	eb_delta_0.5	reference	0.9100477164575603	0.9692307692307692	0.0	8.56602638940748	11.055555555555555	112.0	0.8318261789188844	0.7555596677844091	0.18130976684267933	True
holdout	opposite_signs	2024	hard_z1	target	0.9024031592915245	0.9547325102880658	0.5	23.194444444444443	11.722222222222221	112.0	0.9346724266677324			
holdout	opposite_signs	2024	hard_z1	reference	0.9207518095723407	0.9903846153846154	0.3888888888888889	22.77777777777778	10.36111111111111	112.0	0.9152904912955366			
holdout	opposite_signs	2024	wald_p05	target	0.9362554952159299	0.9958847736625515	0.7222222222222222	9.63888888888889	11.722222222222221	112.0	0.8550962871946679			
holdout	opposite_signs	2024	wald_p05	reference	0.9142896503105731	0.975	0.8333333333333334	8.694444444444445	10.36111111111111	112.0	0.8730341315114563			
holdout	opposite_signs	2024	continuous_sign	target	0.8989962315658249	0.9629629629629629	0.0	32.0573342797562	11.722222222222221	112.0	0.943172990270231			
holdout	opposite_signs	2024	continuous_sign	reference	0.8900081123346107	0.9807692307692308	0.0	31.46693966396164	10.36111111111111	112.0	0.9398980840540151			
holdout	opposite_signs	2024	eb_delta_0	target	0.9431139975574323	0.9876543209876544	0.0	15.221528430708844	11.722222222222221	112.0	0.9366231778377989	0.73322785939715	0.1826180817660365	True
holdout	opposite_signs	2024	eb_delta_0	reference	0.9141216326195386	0.9846153846153847	0.0	14.65695148299203	10.36111111111111	112.0	0.933348271621583	0.73322785939715	0.1826180817660365	True
holdout	opposite_signs	2024	eb_delta_0.1	target	0.9437589941362569	0.9876543209876544	0.0	14.032116897612854	11.722222222222221	112.0	0.9267984591891507	0.73322785939715	0.1826180817660365	True
holdout	opposite_signs	2024	eb_delta_0.1	reference	0.9214717430807199	0.9846153846153847	0.0	13.467281855668809	10.36111111111111	112.0	0.9267984591891507	0.73322785939715	0.1826180817660365	True
holdout	opposite_signs	2024	eb_delta_0.25	target	0.9455649845569661	0.9876543209876544	0.0	12.280247917475064	11.722222222222221	112.0	0.9169737405405026	0.73322785939715	0.1826180817660365	True
holdout	opposite_signs	2024	eb_delta_0.25	reference	0.9267586646405167	0.9884615384615385	0.0	11.71665964255348	10.36111111111111	112.0	0.9202486467567186	0.73322785939715	0.1826180817660365	True
holdout	opposite_signs	2024	eb_delta_0.5	target	0.9469839770303804	0.9917695473251029	0.0	9.541735566950813	11.722222222222221	112.0	0.9169737405405026	0.73322785939715	0.1826180817660365	True
holdout	opposite_signs	2024	eb_delta_0.5	reference	0.9368167105347647	0.9884615384615385	0.0	9.011372847087475	10.36111111111111	112.0	0.9005992094594221	0.73322785939715	0.1826180817660365	True
holdout	structural_missing	2001	hard_z1	target	0.82435076019187	0.8991769547325102	0.7777777777777778	14.277777777777779	5.583333333333333	112.0	0.8372048214608069			
holdout	structural_missing	2001	hard_z1	reference	0.7462710429393975	0.90625	0.8055555555555556	14.944444444444445	6.0	112.0	0.8702052402223402			
holdout	structural_missing	2001	wald_p05	target	0.8237003174224163	0.8847736625514403	0.8888888888888888	5.027777777777778	5.583333333333333	112.0	0.6998872646910064			
holdout	structural_missing	2001	wald_p05	reference	0.6944987674707095	0.8298611111111112	0.8611111111111112	5.277777777777778	6.0	112.0	0.7415451486644764			
holdout	structural_missing	2001	continuous_sign	target	0.8126998731157362	0.868312757201646	0.0	20.15508766535535	5.583333333333333	112.0	0.9038741156756381			
holdout	structural_missing	2001	continuous_sign	reference	0.6694440926919433	0.8506944444444444	0.0	21.532445948944492	6.0	112.0	0.9235235529729348			
holdout	structural_missing	2001	eb_delta_0	target	0.8897238336929684	0.9135802469135802	0.0	7.268996139556214	5.583333333333333	112.0	0.8252763664864522	0.8041045123527164	0.19500755799768685	True
holdout	structural_missing	2001	eb_delta_0	reference	0.7514406311350547	0.8819444444444444	0.0	7.526555446762771	6.0	112.0	0.8776748659459096	0.8041045123527164	0.19500755799768685	True
holdout	structural_missing	2001	eb_delta_0.1	target	0.8906299979350535	0.9135802469135802	0.0	6.682594695097816	5.583333333333333	112.0	0.812176741621588	0.8041045123527164	0.19500755799768685	True
holdout	structural_missing	2001	eb_delta_0.1	reference	0.7498861943873181	0.8784722222222223	0.0	6.935262220985373	6.0	112.0	0.8678501472972613	0.8041045123527164	0.19500755799768685	True
holdout	structural_missing	2001	eb_delta_0.25	target	0.8937368467650594	0.9135802469135802	0.0	5.828423450834371	5.583333333333333	112.0	0.7794276794594271	0.8041045123527164	0.19500755799768685	True
holdout	structural_missing	2001	eb_delta_0.25	reference	0.7754048643293289	0.8784722222222223	0.0	6.05715776262956	6.0	112.0	0.8318261789188844	0.8041045123527164	0.19500755799768685	True
holdout	structural_missing	2001	eb_delta_0.5	target	0.8942546549033938	0.9094650205761317	0.0	4.49238362049696	5.583333333333333	112.0	0.7303040862161859	0.8041045123527164	0.19500755799768685	True
holdout	structural_missing	2001	eb_delta_0.5	reference	0.7979441971715113	0.8784722222222222	0.0	4.656399753935538	6.0	112.0	0.7925273043242915	0.8041045123527164	0.19500755799768685	True
holdout	structural_missing	2002	hard_z1	target	0.7803229620175957	0.9414715719063544	0.7777777777777778	14.416666666666666	6.472222222222222	112.0	0.8939440041076494			
holdout	structural_missing	2002	hard_z1	reference	0.687709268930818	0.8618181818181818	0.7777777777777778	14.805555555555555	5.833333333333333	112.0	0.8216339212460836			
holdout	structural_missing	2002	wald_p05	target	0.8129736749202553	0.9732441471571907	0.9166666666666666	5.611111111111111	6.472222222222222	112.0	0.5147757958111081			
holdout	structural_missing	2002	wald_p05	reference	0.8097704803518744	0.9109090909090909	0.9166666666666666	5.25	5.833333333333333	112.0	0.476022301360164			
holdout	structural_missing	2002	continuous_sign	target	0.7508735384165145	0.9331103678929766	0.0	20.869667431369074	6.472222222222222	112.0	0.9398980840540151			
holdout	structural_missing	2002	continuous_sign	reference	0.6607266282424797	0.8763636363636363	0.0	20.88008017753157	5.833333333333333	112.0	0.933348271621583			
holdout	structural_missing	2002	eb_delta_0	target	0.8472423347908263	0.9832775919732442	0.0	8.534191546961852	6.472222222222222	112.0	0.8482007099999648	0.772097944344566	0.17785716659639397	True
holdout	structural_missing	2002	eb_delta_0	reference	0.7910362430474925	0.9309090909090909	0.0	8.42552011881	5.833333333333333	112.0	0.858025428648613	0.772097944344566	0.17785716659639397	True
holdout	structural_missing	2002	eb_delta_0.1	target	0.8578636268643395	0.979933110367893	0.0	7.859484102220206	6.472222222222222	112.0	0.8220014602702361	0.772097944344566	0.17785716659639397	True
holdout	structural_missing	2002	eb_delta_0.1	reference	0.7954316070389313	0.9309090909090909	0.0	7.749969361313357	5.833333333333333	112.0	0.8416508975675326	0.772097944344566	0.17785716659639397	True
holdout	structural_missing	2002	eb_delta_0.25	target	0.8578636268643395	0.9732441471571907	0.0	6.867383696867679	6.472222222222222	112.0	0.7499535235134823	0.772097944344566	0.17785716659639397	True
holdout	structural_missing	2002	eb_delta_0.25	reference	0.8291724894438006	0.9309090909090909	0.0	6.752249339568044	5.833333333333333	112.0	0.7794276794594271	0.772097944344566	0.17785716659639397	True
holdout	structural_missing	2002	eb_delta_0.5	target	0.8690030307463164	0.9765886287625418	0.0	5.3153773016245704	6.472222222222222	112.0	0.654981243243216	0.772097944344566	0.17785716659639397	True
holdout	structural_missing	2002	eb_delta_0.5	reference	0.8576130799766408	0.9309090909090909	0.0	5.184907146637893	5.833333333333333	112.0	0.7008299302702411	0.772097944344566	0.17785716659639397	True
holdout	structural_missing	2003	hard_z1	target	0.744234869829507	0.9691358024691358	0.6666666666666666	14.916666666666666	6.583333333333333	112.0	0.9024594731704497			
holdout	structural_missing	2003	hard_z1	reference	0.4949045362645059	0.7709030100334447	0.8055555555555556	13.75	5.222222222222222	112.0	0.8211077318035774			
holdout	structural_missing	2003	wald_p05	target	0.8165571639738078	0.9711934156378601	0.8333333333333334	5.527777777777778	6.583333333333333	112.0	0.7522397967398281			
holdout	structural_missing	2003	wald_p05	reference	0.79626127243245	0.8996655518394648	0.8888888888888888	4.472222222222222	5.222222222222222	112.0	0.21469963062870442			
holdout	structural_missing	2003	continuous_sign	target	0.7309282854312142	0.9711934156378601	0.0	20.462745236054847	6.583333333333333	112.0	0.933348271621583			
holdout	structural_missing	2003	continuous_sign	reference	0.45772194918178405	0.7424749163879598	0.0	19.64211016114427	5.222222222222222	112.0	0.9300733654053668			
holdout	structural_missing	2003	eb_delta_0	target	0.7935423190858528	0.97119341563786	0.0	8.47611419153671	6.583333333333333	112.0	0.9202486467567186	0.7787783766127858	0.1758636648060673	True
holdout	structural_missing	2003	eb_delta_0	reference	0.6490222658035993	0.8461538461538461	0.0	7.746805343798044	5.222222222222222	112.0	0.8056269291891558	0.7787783766127858	0.1758636648060673	True
holdout	structural_missing	2003	eb_delta_0.1	target	0.7996226074779355	0.9753086419753086	0.0	7.830610921618588	6.583333333333333	112.0	0.9136988343242864	0.7787783766127858	0.1758636648060673	True
holdout	structural_missing	2003	eb_delta_0.1	reference	0.6757032849126676	0.862876254180602	0.0	7.100805507000574	5.222222222222222	112.0	0.7696029608107788	0.7787783766127858	0.1758636648060673	True
holdout	structural_missing	2003	eb_delta_0.25	target	0.8160523229203716	0.9753086419753086	0.0	6.8811017473098985	6.583333333333333	112.0	0.8874995845945578	0.7787783766127858	0.1758636648060673	True
holdout	structural_missing	2003	eb_delta_0.25	reference	0.7021252650012595	0.8762541806020068	0.0	6.150706960209922	5.222222222222222	112.0	0.7008299302702411	0.7787783766127858	0.1758636648060673	True
holdout	structural_missing	2003	eb_delta_0.5	target	0.8411496835174789	0.9794238683127572	0.0	5.395705265866491	6.583333333333333	112.0	0.851475616216181	0.7787783766127858	0.1758636648060673	True
holdout	structural_missing	2003	eb_delta_0.5	reference	0.7574300958729692	0.882943143812709	0.0	4.676142080870336	5.222222222222222	112.0	0.5207100883783568	0.7787783766127858	0.1758636648060673	True
holdout	structural_missing	2004	hard_z1	target	0.8504302674039134	0.9418181818181819	0.75	15.13888888888889	6.444444444444445	112.0	0.8697551728324097			
holdout	structural_missing	2004	hard_z1	reference	0.7217799292303021	0.8786008230452674	0.75	14.333333333333334	5.833333333333333	112.0	0.8593536421815323			
holdout	structural_missing	2004	wald_p05	target	0.7039102988144657	0.8872727272727273	0.8333333333333334	5.388888888888889	6.444444444444445	112.0	0.491404654035927			
holdout	structural_missing	2004	wald_p05	reference	0.8155071052457674	0.9259259259259259	1.0	5.25	5.833333333333333	112.0	0.6823586609042477			
holdout	structural_missing	2004	continuous_sign	target	0.8500561707131644	0.9381818181818181	0.0	20.636196852354495	6.444444444444445	112.0	0.9104239281080704			
holdout	structural_missing	2004	continuous_sign	reference	0.730053901650559	0.897119341563786	0.0	20.438086795470745	5.833333333333333	112.0	0.9169737405405026			
holdout	structural_missing	2004	eb_delta_0	target	0.889407027405231	0.9381818181818182	0.0	7.313312207775015	6.444444444444445	112.0	0.8416508975675326	0.8053510119951452	0.20430738415730917	True
holdout	structural_missing	2004	eb_delta_0	reference	0.8424695104198839	0.9423868312757202	0.0	7.182630262049877	5.833333333333333	112.0	0.8449258037837488	0.8053510119951452	0.20430738415730917	True
holdout	structural_missing	2004	eb_delta_0.1	target	0.8888892529750722	0.9236363636363636	0.0	6.735479212526051	6.444444444444445	112.0	0.7958022105405077	0.8053510119951452	0.20430738415730917	True
holdout	structural_missing	2004	eb_delta_0.1	reference	0.8552911063509476	0.9423868312757202	0.0	6.606221196583657	5.833333333333333	112.0	0.8318261789188844	0.8053510119951452	0.20430738415730917	True
holdout	structural_missing	2004	eb_delta_0.25	target	0.8837115086734845	0.9127272727272728	0.0	5.8794130419660595	6.444444444444445	112.0	0.7434037110810502	0.8053510119951452	0.20430738415730917	True
holdout	structural_missing	2004	eb_delta_0.25	reference	0.881193320353096	0.9588477366255145	0.0	5.759466941443588	5.833333333333333	112.0	0.7958022105405077	0.8053510119951452	0.20430738415730917	True
holdout	structural_missing	2004	eb_delta_0.5	target	0.856916681912768	0.8945454545454545	0.0	4.513148674472434	6.444444444444445	112.0	0.5862082127026784	0.8053510119951452	0.20430738415730917	True
holdout	structural_missing	2004	eb_delta_0.5	reference	0.8967346487543854	0.9670781893004115	0.0	4.43075166771504	5.833333333333333	112.0	0.733578992432402	0.8053510119951452	0.20430738415730917	True
holdout	structural_missing	2005	hard_z1	target	0.5118755885206546	0.7190635451505016	0.75	15.583333333333334	6.027777777777778	112.0	0.9097284866411152			
holdout	structural_missing	2005	hard_z1	reference	0.7121254255647805	0.9423868312757202	0.8055555555555556	16.055555555555557	6.25	112.0	0.914995112422096			
holdout	structural_missing	2005	wald_p05	target	0.8011425142735613	0.8795986622073578	0.8888888888888888	5.388888888888889	6.027777777777778	112.0	0.5222976399740292			
holdout	structural_missing	2005	wald_p05	reference	0.7841684425118715	0.9094650205761317	0.8888888888888888	5.666666666666667	6.25	112.0	0.6594834124988534			
holdout	structural_missing	2005	continuous_sign	target	0.5374044170099223	0.7725752508361203	0.0	21.37514731740711	6.027777777777778	112.0	0.9366231778377989			
holdout	structural_missing	2005	continuous_sign	reference	0.7217069603774898	0.9135802469135803	0.0	21.9234482906989	6.25	112.0	0.943172990270231			
holdout	structural_missing	2005	eb_delta_0	target	0.738623744833286	0.8528428093645486	0.0	8.269276782010122	6.027777777777778	112.0	0.8383759913513167	0.7806701625743849	0.1827804958535208	True
holdout	structural_missing	2005	eb_delta_0	reference	0.8391760083035342	0.9423868312757202	0.0	8.533826071833829	6.25	112.0	0.8940493970269899	0.7806701625743849	0.1827804958535208	True
holdout	structural_missing	2005	eb_delta_0.1	target	0.7580339693821634	0.8729096989966556	0.0	7.599321612298169	6.027777777777778	112.0	0.7990771167567237	0.7806701625743849	0.1827804958535208	True
holdout	structural_missing	2005	eb_delta_0.1	reference	0.8461929647061962	0.9423868312757202	0.0	7.865109510002749	6.25	112.0	0.8776748659459096	0.7806701625743849	0.1827804958535208	True
holdout	structural_missing	2005	eb_delta_0.25	target	0.7814556403378089	0.8829431438127091	0.0	6.604676151320965	6.027777777777778	112.0	0.7434037110810502	0.7806701625743849	0.1827804958535208	True
holdout	structural_missing	2005	eb_delta_0.25	reference	0.8736110721314123	0.9382716049382716	0.0	6.8764975942925	6.25	112.0	0.8285512727026683	0.7806701625743849	0.1827804958535208	True
holdout	structural_missing	2005	eb_delta_0.5	target	0.8272637702731599	0.8996655518394648	0.0	5.011778093050517	6.027777777777778	112.0	0.6484314308107839	0.7806701625743849	0.1827804958535208	True
holdout	structural_missing	2005	eb_delta_0.5	reference	0.9070065868625997	0.9465020576131687	0.0	5.296892355662063	6.25	112.0	0.7466786172972663	0.7806701625743849	0.1827804958535208	True
holdout	structural_missing	2006	hard_z1	target	0.6948495637649142	0.9218106995884774	0.8055555555555556	13.694444444444445	6.5	112.0	0.8100317661301093			
holdout	structural_missing	2006	hard_z1	reference	0.7956048175815453	0.9384615384615385	0.7222222222222222	16.47222222222222	6.722222222222222	112.0	0.889360063339939			
holdout	structural_missing	2006	wald_p05	target	0.8002923252814631	0.9156378600823045	0.9722222222222222	5.305555555555555	6.5	112.0	0.5871805998556751			
holdout	structural_missing	2006	wald_p05	reference	0.8697064746343288	0.9538461538461539	0.8055555555555556	5.861111111111111	6.722222222222222	112.0	0.6403155550645775			
holdout	structural_missing	2006	continuous_sign	target	0.6359669659633292	0.934156378600823	0.0	20.045665519500904	6.5	112.0	0.9005992094594221			
holdout	structural_missing	2006	continuous_sign	reference	0.8010345258656903	0.9307692307692308	0.0	21.755897424736965	6.722222222222222	112.0	0.9366231778377989			
holdout	structural_missing	2006	eb_delta_0	target	0.763160359155995	0.9588477366255144	0.0	8.336867887751811	6.5	112.0	0.8252763664864522	0.7672355947364918	0.18837715898807586	True
holdout	structural_missing	2006	eb_delta_0	reference	0.8757303145816754	0.9615384615384615	0.0	8.952355402181995	6.722222222222222	112.0	0.8940493970269899	0.7672355947364918	0.18837715898807586	True
holdout	structural_missing	2006	eb_delta_0.1	target	0.7679723791438566	0.9588477366255144	0.0	7.651850392008599	6.5	112.0	0.8056269291891558	0.7672355947364918	0.18837715898807586	True
holdout	structural_missing	2006	eb_delta_0.1	reference	0.8798800806214522	0.9615384615384615	0.0	8.260295280935114	6.722222222222222	112.0	0.8874995845945578	0.7672355947364918	0.18837715898807586	True
holdout	structural_missing	2006	eb_delta_0.25	target	0.7733046175087844	0.9506172839506172	0.0	6.6545773958146555	6.5	112.0	0.7532284297296985	0.7672355947364918	0.18837715898807586	True
holdout	structural_missing	2006	eb_delta_0.25	reference	0.8984243476117053	0.9730769230769232	0.0	7.227769238745578	6.722222222222222	112.0	0.8383759913513167	0.7672355947364918	0.18837715898807586	True
holdout	structural_missing	2006	eb_delta_0.5	target	0.8078991395836812	0.9423868312757201	0.0	5.1341965188406995	6.5	112.0	0.6746306805405127	0.7672355947364918	0.18837715898807586	True
holdout	structural_missing	2006	eb_delta_0.5	reference	0.8866234504360896	0.9807692307692308	0.0	5.604440899560206	6.722222222222222	112.0	0.7696029608107788	0.7672355947364918	0.18837715898807586	True
holdout	structural_missing	2007	hard_z1	target	0.6555921116105732	0.8786008230452674	0.6666666666666666	15.11111111111111	5.666666666666667	112.0	0.8577690246162624			
holdout	structural_missing	2007	hard_z1	reference	0.7208580590174664	0.8057692307692308	0.6944444444444444	16.02777777777778	6.083333333333333	112.0	0.915172305422322			
holdout	structural_missing	2007	wald_p05	target	0.8058474880576233	1.0	0.8611111111111112	5.25	5.666666666666667	112.0	0.6510391538396327			
holdout	structural_missing	2007	wald_p05	reference	0.7782908111927086	0.8730769230769231	0.9166666666666666	5.138888888888889	6.083333333333333	112.0	0.7604281526170554			
holdout	structural_missing	2007	continuous_sign	target	0.6648213201470815	0.8559670781893004	0.0	20.78700437256341	5.666666666666667	112.0	0.9300733654053668			
holdout	structural_missing	2007	continuous_sign	reference	0.7533474806326762	0.8153846153846154	0.0	21.49580994261691	6.083333333333333	112.0	0.943172990270231			
holdout	structural_missing	2007	eb_delta_0	target	0.7474873687117799	0.9465020576131687	0.0	8.5693597718405	5.666666666666667	112.0	0.8973243032432059	0.7733785854435178	0.1676680618794999	True
holdout	structural_missing	2007	eb_delta_0	reference	0.8096676969488366	0.846153846153846	0.0	8.52167143558705	6.083333333333333	112.0	0.9235235529729348	0.7733785854435178	0.1676680618794999	True
holdout	structural_missing	2007	eb_delta_0.1	target	0.767927487136228	0.9670781893004116	0.0	7.8906776832916465	5.666666666666667	112.0	0.8776748659459096	0.7733785854435178	0.1676680618794999	True
holdout	structural_missing	2007	eb_delta_0.1	reference	0.8153513885036784	0.846153846153846	0.0	7.839145011833718	6.083333333333333	112.0	0.9136988343242864	0.7733785854435178	0.1676680618794999	True
holdout	structural_missing	2007	eb_delta_0.25	target	0.7738784076901813	0.9794238683127572	0.0	6.894944156368694	5.666666666666667	112.0	0.854750522432397	0.7733785854435178	0.1676680618794999	True
holdout	structural_missing	2007	eb_delta_0.25	reference	0.8187099335133577	0.8538461538461539	0.0	6.825050324932053	6.083333333333333	112.0	0.8973243032432059	0.7733785854435178	0.1676680618794999	True
holdout	structural_missing	2007	eb_delta_0.5	target	0.7983289290966413	0.9958847736625515	0.0	5.3427101222743625	5.666666666666667	112.0	0.7990771167567237	0.7733785854435178	0.1676680618794999	True
holdout	structural_missing	2007	eb_delta_0.5	reference	0.8357610081778833	0.8576923076923078	0.0	5.219808746647988	6.083333333333333	112.0	0.851475616216181	0.7733785854435178	0.1676680618794999	True
holdout	structural_missing	2008	hard_z1	target	0.7301195418970275	0.8246527777777778	0.75	15.583333333333334	5.666666666666667	112.0	0.8873479989533737			
holdout	structural_missing	2008	hard_z1	reference	0.6325318473221923	0.890946502057613	0.7777777777777778	14.527777777777779	5.194444444444445	112.0	0.8349155198376847			
holdout	structural_missing	2008	wald_p05	target	0.8479284215657378	0.8940972222222222	0.9166666666666666	5.444444444444445	5.666666666666667	112.0	0.7302479995018732			
holdout	structural_missing	2008	wald_p05	reference	0.7748485417733929	0.9732510288065844	0.9444444444444444	4.888888888888889	5.194444444444445	112.0	0.7093276259581358			
holdout	structural_missing	2008	continuous_sign	target	0.6947238416655326	0.8159722222222223	0.0	21.34366020207254	5.666666666666667	112.0	0.9235235529729348			
holdout	structural_missing	2008	continuous_sign	reference	0.7107183233564933	0.9218106995884774	0.0	20.143773971210816	5.194444444444445	112.0	0.9038741156756381			
holdout	structural_missing	2008	eb_delta_0	target	0.8266268777484798	0.8749999999999999	0.0	8.2932960130755	5.666666666666667	112.0	0.9005992094594221	0.7811769944744278	0.17077194676551033	True
holdout	structural_missing	2008	eb_delta_0	reference	0.7978034141847397	0.9506172839506173	0.0	7.7962728860835036	5.194444444444445	112.0	0.8842246783783417	0.7811769944744278	0.17077194676551033	True
holdout	structural_missing	2008	eb_delta_0.1	target	0.8340051633782425	0.8784722222222221	0.0	7.6508935563984375	5.666666666666667	112.0	0.8907744908107738	0.7811769944744278	0.17077194676551033	True
holdout	structural_missing	2008	eb_delta_0.1	reference	0.7981933474272541	0.9506172839506173	0.0	7.156925076953172	5.194444444444445	112.0	0.8645752410810451	0.7811769944744278	0.17077194676551033	True
holdout	structural_missing	2008	eb_delta_0.25	target	0.8483734038151484	0.8888888888888888	0.0	6.694881083154892	5.666666666666667	112.0	0.8743999597296934	0.7811769944744278	0.17077194676551033	True
holdout	structural_missing	2008	eb_delta_0.25	reference	0.8222392307156505	0.9629629629629629	0.0	6.21724312003372	5.194444444444445	112.0	0.8416508975675326	0.7811769944744278	0.17077194676551033	True
holdout	structural_missing	2008	eb_delta_0.5	target	0.869602155451658	0.8958333333333333	0.0	5.1747345751582365	5.666666666666667	112.0	0.8482007099999648	0.7811769944744278	0.17077194676551033	True
holdout	structural_missing	2008	eb_delta_0.5	reference	0.8399162043763094	0.9670781893004116	0.0	4.746786506499527	5.194444444444445	112.0	0.7958022105405077	0.7811769944744278	0.17077194676551033	True
holdout	structural_missing	2009	hard_z1	target	0.6881551945708585	0.8730769230769231	0.8611111111111112	14.305555555555555	5.416666666666667	112.0	0.8519239280612505			
holdout	structural_missing	2009	hard_z1	reference	0.7649643943659279	0.923076923076923	0.6666666666666666	16.47222222222222	6.083333333333333	112.0	0.8846961583253956			
holdout	structural_missing	2009	wald_p05	target	0.8012413254020699	0.9288461538461538	0.8888888888888888	5.388888888888889	5.416666666666667	112.0	0.6438421032797799			
holdout	structural_missing	2009	wald_p05	reference	0.837450069933332	0.9211538461538461	0.9722222222222222	5.333333333333333	6.083333333333333	112.0	0.7345721586161436			
holdout	structural_missing	2009	continuous_sign	target	0.6805190770134042	0.8692307692307693	0.0	20.51178711428106	5.416666666666667	112.0	0.9169737405405026			
holdout	structural_missing	2009	continuous_sign	reference	0.7760776609383814	0.9115384615384616	0.0	22.227365486475495	6.083333333333333	112.0	0.9366231778377989			
holdout	structural_missing	2009	eb_delta_0	target	0.8073078023885252	0.9307692307692308	0.0	7.5819756510002385	5.416666666666667	112.0	0.8809497721621257	0.7948147801925339	0.1765909038787261	True
holdout	structural_missing	2009	eb_delta_0	reference	0.8472299719095614	0.9307692307692308	0.0	7.96650346880949	6.083333333333333	112.0	0.9136988343242864	0.7948147801925339	0.1765909038787261	True
holdout	structural_missing	2009	eb_delta_0.1	target	0.8086015648923529	0.9307692307692308	0.0	6.965176641821487	5.416666666666667	112.0	0.8645752410810451	0.7948147801925339	0.1765909038787261	True
holdout	structural_missing	2009	eb_delta_0.1	reference	0.8471006040714322	0.9307692307692308	0.0	7.344520272425765	6.083333333333333	112.0	0.9071490218918543	0.7948147801925339	0.1765909038787261	True
holdout	structural_missing	2009	eb_delta_0.25	target	0.8148116249107262	0.9269230769230768	0.0	6.060093158440173	5.416666666666667	112.0	0.8056269291891558	0.7948147801925339	0.1765909038787261	True
holdout	structural_missing	2009	eb_delta_0.25	reference	0.8508522713771851	0.9423076923076923	0.0	6.415567432251509	6.083333333333333	112.0	0.8973243032432059	0.7948147801925339	0.1765909038787261	True
holdout	structural_missing	2009	eb_delta_0.5	target	0.8422393899918749	0.9423076923076923	0.0	4.6436778609313345	5.416666666666667	112.0	0.7172044613513217	0.7948147801925339	0.1765909038787261	True
holdout	structural_missing	2009	eb_delta_0.5	reference	0.87426785007861	0.9538461538461538	0.0	4.9369092997720765	6.083333333333333	112.0	0.8449258037837488	0.7948147801925339	0.1765909038787261	True
holdout	structural_missing	2010	hard_z1	target	0.8640725984247875	0.9519230769230769	0.6666666666666666	15.472222222222221	6.944444444444445	112.0	0.8783010791770008			
holdout	structural_missing	2010	hard_z1	reference	0.6706920682653	0.8697916666666666	0.7222222222222222	14.694444444444445	5.888888888888889	112.0	0.8482570954178795			
holdout	structural_missing	2010	wald_p05	target	0.8254484027494096	0.9173076923076923	0.8333333333333334	5.916666666666667	6.944444444444445	112.0	0.7218647083114719			
holdout	structural_missing	2010	wald_p05	reference	0.8528773595799775	0.953125	0.8333333333333334	5.166666666666667	5.888888888888889	112.0	0.6339530581382565			
holdout	structural_missing	2010	continuous_sign	target	0.8876176484405195	0.9692307692307692	0.0	21.223217500070334	6.944444444444445	112.0	0.9398980840540151			
holdout	structural_missing	2010	continuous_sign	reference	0.6452800415446416	0.8611111111111112	0.0	20.519935820551424	5.888888888888889	112.0	0.9202486467567186			
holdout	structural_missing	2010	eb_delta_0	target	0.9354154260453793	0.9576923076923077	0.0	8.341564598417087	6.944444444444445	112.0	0.8940493970269899	0.7867011897119551	0.19417293475783828	True
holdout	structural_missing	2010	eb_delta_0	reference	0.8070229517362103	0.9513888888888888	0.0	7.55512157790726	5.888888888888889	112.0	0.8678501472972613	0.7867011897119551	0.19417293475783828	True
holdout	structural_missing	2010	eb_delta_0.1	target	0.9319274801120517	0.9576923076923077	0.0	7.707998807424823	6.944444444444445	112.0	0.8711250535134775	0.7867011897119551	0.19417293475783828	True
holdout	structural_missing	2010	eb_delta_0.1	reference	0.8166520549978163	0.9548611111111112	0.0	6.922463484862198	5.888888888888889	112.0	0.8482007099999648	0.7867011897119551	0.19417293475783828	True
holdout	structural_missing	2010	eb_delta_0.25	target	0.9325733960256308	0.9538461538461538	0.0	6.772075074906192	6.944444444444445	112.0	0.8482007099999648	0.7867011897119551	0.19417293475783828	True
holdout	structural_missing	2010	eb_delta_0.25	reference	0.83981395203249	0.9618055555555556	0.0	5.986740962728812	5.888888888888889	112.0	0.8089018354053719	0.7867011897119551	0.19417293475783828	True
holdout	structural_missing	2010	eb_delta_0.5	target	0.9174589636478778	0.9461538461538462	0.0	5.302794742302139	6.944444444444445	112.0	0.7958022105405077	0.7867011897119551	0.19417293475783828	True
holdout	structural_missing	2010	eb_delta_0.5	reference	0.8653180633740405	0.954861111111111	0.0	4.5106059758372625	5.888888888888889	112.0	0.7172044613513217	0.7867011897119551	0.19417293475783828	True
holdout	structural_missing	2011	hard_z1	target	0.7206052507545865	0.8942307692307693	0.75	15.055555555555555	6.027777777777778	112.0	0.8541732148792418			
holdout	structural_missing	2011	hard_z1	reference	0.8028861396609276	0.8779264214046822	0.6666666666666666	16.194444444444443	6.583333333333333	112.0	0.9367959601606419			
holdout	structural_missing	2011	wald_p05	target	0.8480623133789853	0.9826923076923078	0.9444444444444444	4.583333333333333	6.027777777777778	112.0	0.5356302059388774			
holdout	structural_missing	2011	wald_p05	reference	0.9239147545390345	0.9498327759197325	0.9166666666666666	5.472222222222222	6.583333333333333	112.0	0.7635649549206286			
holdout	structural_missing	2011	continuous_sign	target	0.6765007346155621	0.8884615384615384	0.0	20.568237255020843	6.027777777777778	112.0	0.9136988343242864			
holdout	structural_missing	2011	continuous_sign	reference	0.7339071880996608	0.8327759197324416	0.0	21.728261248020445	6.583333333333333	112.0	0.943172990270231			
holdout	structural_missing	2011	eb_delta_0	target	0.8025688187612373	0.9576923076923077	0.0	6.963879342999703	6.027777777777778	112.0	0.8416508975675326	0.8004267786750361	0.19462858727031512	True
holdout	structural_missing	2011	eb_delta_0	reference	0.8629158334852093	0.9096989966555185	0.0	7.932044939795966	6.583333333333333	112.0	0.9366231778377989	0.8004267786750361	0.19462858727031512	True
holdout	structural_missing	2011	eb_delta_0.1	target	0.8219639086298028	0.9653846153846154	0.0	6.371001246814696	6.027777777777778	112.0	0.8220014602702361	0.8004267786750361	0.19462858727031512	True
holdout	structural_missing	2011	eb_delta_0.1	reference	0.8674629660013163	0.9130434782608696	0.0	7.338306578464508	6.583333333333333	112.0	0.9300733654053668	0.8004267786750361	0.19462858727031512	True
holdout	structural_missing	2011	eb_delta_0.25	target	0.8474361266571853	0.9807692307692307	0.0	5.495667056649054	6.027777777777778	112.0	0.7597782421621307	0.8004267786750361	0.19462858727031512	True
holdout	structural_missing	2011	eb_delta_0.25	reference	0.8838326430593012	0.9163879598662208	0.0	6.4589518572612095	6.583333333333333	112.0	0.9071490218918543	0.8004267786750361	0.19462858727031512	True
holdout	structural_missing	2011	eb_delta_0.5	target	0.8473068260580616	0.9846153846153846	0.0	4.12624273189062	6.027777777777778	112.0	0.6877303054053769	0.8004267786750361	0.19462858727031512	True
holdout	structural_missing	2011	eb_delta_0.5	reference	0.8834428888436349	0.9264214046822743	0.0	5.068686724290668	6.583333333333333	112.0	0.8743999597296934	0.8004267786750361	0.19462858727031512	True
holdout	structural_missing	2012	hard_z1	target	0.7679242235942059	0.9307692307692308	0.6111111111111112	14.36111111111111	5.888888888888889	112.0	0.8571809928279099			
holdout	structural_missing	2012	hard_z1	reference	0.8242896195358853	0.9500000000000001	0.6388888888888888	15.972222222222221	6.5	112.0	0.881014764634439			
holdout	structural_missing	2012	wald_p05	target	0.821128248419546	1.0	0.8333333333333334	5.111111111111111	5.888888888888889	112.0	0.5944772000348344			
holdout	structural_missing	2012	wald_p05	reference	0.9047712162690652	0.9480769230769232	0.8333333333333334	5.555555555555555	6.5	112.0	0.6591942056978507			
holdout	structural_missing	2012	continuous_sign	target	0.71870885058878	0.926923076923077	0.0	20.05294661449965	5.888888888888889	112.0	0.933348271621583			
holdout	structural_missing	2012	continuous_sign	reference	0.7153828795367274	0.8730769230769231	0.0	22.27756934538202	6.5	112.0	0.9366231778377989			
holdout	structural_missing	2012	eb_delta_0	target	0.8272378287581277	0.9769230769230769	0.0	8.171244160032343	5.888888888888889	112.0	0.8711250535134775	0.7800000719009165	0.17348751142419025	True
holdout	structural_missing	2012	eb_delta_0	reference	0.8739250929267246	0.9653846153846154	0.0	8.463194925336502	6.5	112.0	0.8776748659459096	0.7800000719009165	0.17348751142419025	True
holdout	structural_missing	2012	eb_delta_0.1	target	0.8403769302314145	0.9884615384615384	0.0	7.513533464609509	5.888888888888889	112.0	0.854750522432397	0.7800000719009165	0.17348751142419025	True
holdout	structural_missing	2012	eb_delta_0.1	reference	0.8880436397073699	0.9692307692307692	0.0	7.795643491489489	6.5	112.0	0.8613003348648292	0.7800000719009165	0.17348751142419025	True
holdout	structural_missing	2012	eb_delta_0.25	target	0.8491801282185164	0.9923076923076923	0.0	6.558194767137008	5.888888888888889	112.0	0.8285512727026683	0.7800000719009165	0.17348751142419025	True
holdout	structural_missing	2012	eb_delta_0.25	reference	0.8933542857441262	0.9692307692307692	0.0	6.7902959919761985	6.5	112.0	0.8416508975675326	0.7800000719009165	0.17348751142419025	True
holdout	structural_missing	2012	eb_delta_0.5	target	0.8690201714431792	1.0	0.0	5.09634111328911	5.888888888888889	112.0	0.772877867026995	0.7800000719009165	0.17348751142419025	True
holdout	structural_missing	2012	eb_delta_0.5	reference	0.9145968698911521	0.9769230769230769	0.0	5.170726652954992	6.5	112.0	0.772877867026995	0.7800000719009165	0.17348751142419025	True
holdout	structural_missing	2013	hard_z1	target	0.7980834191418074	0.8999999999999999	0.75	15.13888888888889	5.722222222222222	112.0	0.8571809928279099			
holdout	structural_missing	2013	hard_z1	reference	0.7538056417481405	0.8903846153846154	0.75	15.027777777777779	5.333333333333333	112.0	0.8549857453692179			
holdout	structural_missing	2013	wald_p05	target	0.8448978769068056	0.9307692307692308	0.9444444444444444	4.805555555555555	5.722222222222222	112.0	0.5369620111633268			
holdout	structural_missing	2013	wald_p05	reference	0.8584372983998936	0.9134615384615384	0.9166666666666666	5.0	5.333333333333333	112.0	0.644227808735492			
holdout	structural_missing	2013	continuous_sign	target	0.7382725823133723	0.8538461538461538	0.0	20.78186265898974	5.722222222222222	112.0	0.933348271621583			
holdout	structural_missing	2013	continuous_sign	reference	0.7333523313740546	0.8307692307692308	0.0	20.476077666356094	5.333333333333333	112.0	0.8973243032432059			
holdout	structural_missing	2013	eb_delta_0	target	0.8949740486084685	0.9423076923076923	0.0	6.3797485894350645	5.722222222222222	112.0	0.7990771167567237	0.8273345309173338	0.19890479019114157	True
holdout	structural_missing	2013	eb_delta_0	reference	0.8645157879986652	0.9153846153846154	0.0	6.38310717626615	5.333333333333333	112.0	0.851475616216181	0.8273345309173338	0.19890479019114157	True
holdout	structural_missing	2013	eb_delta_0.1	target	0.8926410242963827	0.9346153846153846	0.0	5.870824697597945	5.722222222222222	112.0	0.7827025856756432	0.8273345309173338	0.19890479019114157	True
holdout	structural_missing	2013	eb_delta_0.1	reference	0.8815734986138856	0.9269230769230768	0.0	5.874583871920347	5.333333333333333	112.0	0.8351010851351005	0.8273345309173338	0.19890479019114157	True
holdout	structural_missing	2013	eb_delta_0.25	target	0.8963997856880765	0.9461538461538461	0.0	5.113551681454909	5.722222222222222	112.0	0.733578992432402	0.8273345309173338	0.19890479019114157	True
holdout	structural_missing	2013	eb_delta_0.25	reference	0.8951421320578108	0.9346153846153847	0.0	5.117617315608208	5.333333333333333	112.0	0.8089018354053719	0.8273345309173338	0.19890479019114157	True
holdout	structural_missing	2013	eb_delta_0.5	target	0.9053430455510719	0.9576923076923077	0.0	3.8911319603535057	5.722222222222222	112.0	0.6386067121621357	0.8273345309173338	0.19890479019114157	True
holdout	structural_missing	2013	eb_delta_0.5	reference	0.9040586626066759	0.9423076923076923	0.0	3.8967158818526	5.333333333333333	112.0	0.7827025856756432	0.8273345309173338	0.19890479019114157	True
holdout	structural_missing	2014	hard_z1	target	0.6927423046331653	0.8353909465020577	0.75	16.02777777777778	6.166666666666667	112.0	0.8379096079012436			
holdout	structural_missing	2014	hard_z1	reference	0.8176275058571704	0.9307692307692308	0.7222222222222222	14.694444444444445	5.666666666666667	112.0	0.8642178228014178			
holdout	structural_missing	2014	wald_p05	target	0.8312786426979932	0.8744855967078189	0.8888888888888888	5.722222222222222	6.166666666666667	112.0	0.7363801002870279			
holdout	structural_missing	2014	wald_p05	reference	0.8500332105672692	0.8826923076923077	0.9166666666666666	5.055555555555555	5.666666666666667	112.0	0.6280382643882234			
holdout	structural_missing	2014	continuous_sign	target	0.7002465639616198	0.8641975308641975	0.0	21.46147631986892	6.166666666666667	112.0	0.9169737405405026			
holdout	structural_missing	2014	continuous_sign	reference	0.7807959865431836	0.9076923076923078	0.0	20.63145589493965	5.666666666666667	112.0	0.933348271621583			
holdout	structural_missing	2014	eb_delta_0	target	0.8153166234013985	0.8724279835390947	0.0	8.697500551743254	6.166666666666667	112.0	0.8940493970269899	0.7740996904572571	0.1729142380906949	True
holdout	structural_missing	2014	eb_delta_0	reference	0.8831805691229697	0.95	0.0	8.219924199185773	5.666666666666667	112.0	0.8678501472972613	0.7740996904572571	0.1729142380906949	True
holdout	structural_missing	2014	eb_delta_0.1	target	0.8126014871674261	0.8683127572016461	0.0	8.022873857466928	6.166666666666667	112.0	0.8776748659459096	0.7740996904572571	0.1729142380906949	True
holdout	structural_missing	2014	eb_delta_0.1	reference	0.8866842240401486	0.95	0.0	7.547101655854643	5.666666666666667	112.0	0.851475616216181	0.7740996904572571	0.1729142380906949	True
holdout	structural_missing	2014	eb_delta_0.25	target	0.8312195642003792	0.8847736625514403	0.0	7.023536282951101	6.166666666666667	112.0	0.858025428648613	0.7740996904572571	0.1729142380906949	True
holdout	structural_missing	2014	eb_delta_0.25	reference	0.8952487138376972	0.95	0.0	6.5574835149272435	5.666666666666667	112.0	0.8252763664864522	0.7740996904572571	0.1729142380906949	True
holdout	structural_missing	2014	eb_delta_0.5	target	0.8442780765637697	0.8847736625514403	0.0	5.45328018246335	6.166666666666667	112.0	0.8023520229729396	0.7740996904572571	0.1729142380906949	True
holdout	structural_missing	2014	eb_delta_0.5	reference	0.8918748239174509	0.9153846153846154	0.0	5.032613264442954	5.666666666666667	112.0	0.7597782421621307	0.7740996904572571	0.1729142380906949	True
holdout	structural_missing	2015	hard_z1	target	0.6657254124678232	0.7923076923076923	0.75	14.333333333333334	5.555555555555555	112.0	0.8732065978276633			
holdout	structural_missing	2015	hard_z1	reference	0.7452461374022074	0.9197530864197532	0.75	15.305555555555555	6.277777777777778	112.0	0.847328337737934			
holdout	structural_missing	2015	wald_p05	target	0.7579944383998749	0.8250000000000001	0.8888888888888888	4.944444444444445	5.555555555555555	112.0	0.6614892511842152			
holdout	structural_missing	2015	wald_p05	reference	0.7395843662386616	0.8930041152263374	0.9444444444444444	5.611111111111111	6.277777777777778	112.0	0.588139183631361			
holdout	structural_missing	2015	continuous_sign	target	0.6662155158674558	0.8076923076923077	0.0	20.025285688620144	5.555555555555555	112.0	0.9366231778377989			
holdout	structural_missing	2015	continuous_sign	reference	0.6321199761134686	0.8600823045267489	0.0	21.416116557336803	6.277777777777778	112.0	0.9005992094594221			
holdout	structural_missing	2015	eb_delta_0	target	0.7856462007072957	0.8615384615384616	0.0	7.467881889296509	5.555555555555555	112.0	0.8907744908107738	0.7911344099397385	0.1753489081325395	True
holdout	structural_missing	2015	eb_delta_0	reference	0.7687315108322703	0.925925925925926	0.0	7.988171486741144	6.277777777777778	112.0	0.851475616216181	0.7911344099397385	0.1753489081325395	True
holdout	structural_missing	2015	eb_delta_0.1	target	0.7978489011148445	0.8692307692307693	0.0	6.854894562449277	5.555555555555555	112.0	0.8678501472972613	0.7911344099397385	0.1753489081325395	True
holdout	structural_missing	2015	eb_delta_0.1	reference	0.772231047300399	0.9300411522633745	0.0	7.369636662820761	6.277777777777778	112.0	0.8285512727026683	0.7911344099397385	0.1753489081325395	True
holdout	structural_missing	2015	eb_delta_0.25	target	0.8191387188471638	0.8807692307692307	0.0	5.955536282915507	5.555555555555555	112.0	0.8220014602702361	0.7911344099397385	0.1753489081325395	True
holdout	structural_missing	2015	eb_delta_0.25	reference	0.791024854258868	0.9465020576131686	0.0	6.443735461112919	6.277777777777778	112.0	0.7892523981080753	0.7911344099397385	0.1753489081325395	True
holdout	structural_missing	2015	eb_delta_0.5	target	0.8475684144775173	0.8846153846153846	0.0	4.538289094270373	5.555555555555555	112.0	0.7565033359459146	0.7911344099397385	0.1753489081325395	True
holdout	structural_missing	2015	eb_delta_0.5	reference	0.8098186612173368	0.9588477366255144	0.0	4.950016826438217	6.277777777777778	112.0	0.7303040862161859	0.7911344099397385	0.1753489081325395	True
holdout	structural_missing	2016	hard_z1	target	0.7741564452166936	0.9423076923076923	0.7222222222222222	14.277777777777779	5.583333333333333	112.0	0.8962436699835121			
holdout	structural_missing	2016	hard_z1	reference	0.6632131084796475	0.9057692307692308	0.7777777777777778	15.222222222222221	5.916666666666667	112.0	0.792882213265823			
holdout	structural_missing	2016	wald_p05	target	0.8703175519822591	0.9307692307692307	0.8888888888888888	5.305555555555555	5.583333333333333	112.0	0.7179921913418109			
holdout	structural_missing	2016	wald_p05	reference	0.8770244817116492	0.9288461538461539	0.8611111111111112	6.055555555555555	5.916666666666667	112.0	0.6485042561356974			
holdout	structural_missing	2016	continuous_sign	target	0.7580420821490567	0.923076923076923	0.0	20.239176981210754	5.583333333333333	112.0	0.933348271621583			
holdout	structural_missing	2016	continuous_sign	reference	0.6137395031183687	0.8384615384615384	0.0	20.668725117845824	5.916666666666667	112.0	0.9071490218918543			
holdout	structural_missing	2016	eb_delta_0	target	0.8506612317490965	0.9538461538461539	0.0	8.957833119506459	5.583333333333333	112.0	0.8907744908107738	0.7505109561704065	0.17175972979827075	True
holdout	structural_missing	2016	eb_delta_0	reference	0.8186638930016807	0.9269230769230768	0.0	9.441983770322786	5.916666666666667	112.0	0.851475616216181	0.7505109561704065	0.17175972979827075	True
holdout	structural_missing	2016	eb_delta_0.1	target	0.8506612317490965	0.9538461538461539	0.0	8.22603954931669	5.583333333333333	112.0	0.8874995845945578	0.7505109561704065	0.17175972979827075	True
holdout	structural_missing	2016	eb_delta_0.1	reference	0.8255119337733174	0.9269230769230768	0.0	8.708157488393613	5.916666666666667	112.0	0.8416508975675326	0.7505109561704065	0.17175972979827075	True
holdout	structural_missing	2016	eb_delta_0.25	target	0.8655324754876942	0.9615384615384616	0.0	7.149572404267889	5.583333333333333	112.0	0.851475616216181	0.7505109561704065	0.17175972979827075	True
holdout	structural_missing	2016	eb_delta_0.25	reference	0.8654373035551229	0.9346153846153846	0.0	7.619592958900892	5.916666666666667	112.0	0.7859774918918592	0.7505109561704065	0.17175972979827075	True
holdout	structural_missing	2016	eb_delta_0.5	target	0.8801428202133343	0.9576923076923077	0.0	5.472744080777328	5.583333333333333	112.0	0.7958022105405077	0.7505109561704065	0.17175972979827075	True
holdout	structural_missing	2016	eb_delta_0.5	reference	0.8942507581225746	0.9384615384615385	0.0	5.905425691827472	5.916666666666667	112.0	0.7041048364864573	0.7505109561704065	0.17175972979827075	True
holdout	structural_missing	2017	hard_z1	target	0.7200824053634249	0.9012345679012346	0.75	14.416666666666666	5.833333333333333	112.0	0.8426201642844426			
holdout	structural_missing	2017	hard_z1	reference	0.7607885226514791	0.8711538461538463	0.8055555555555556	15.722222222222221	6.0	112.0	0.8378010633567243			
holdout	structural_missing	2017	wald_p05	target	0.8141095998151981	0.8744855967078189	0.8333333333333334	5.138888888888889	5.833333333333333	112.0	0.709977066076087			
holdout	structural_missing	2017	wald_p05	reference	0.7551704660284314	0.8826923076923077	0.8611111111111112	5.222222222222222	6.0	112.0	0.6332871408765933			
holdout	structural_missing	2017	continuous_sign	target	0.7422107849870061	0.9218106995884773	0.0	20.824311432052234	5.833333333333333	112.0	0.8940493970269899			
holdout	structural_missing	2017	continuous_sign	reference	0.7523788349736795	0.8692307692307693	0.0	21.96658983480923	6.0	112.0	0.9300733654053668			
holdout	structural_missing	2017	eb_delta_0	target	0.8444283289483865	0.9259259259259259	0.0	7.6046213343299325	5.833333333333333	112.0	0.8056269291891558	0.7991893603550577	0.18741534109635336	True
holdout	structural_missing	2017	eb_delta_0	reference	0.8224488900125434	0.9038461538461539	0.0	7.874532472488247	6.0	112.0	0.9005992094594221	0.7991893603550577	0.18741534109635336	True
holdout	structural_missing	2017	eb_delta_0.1	target	0.8410599434693042	0.9218106995884773	0.0	6.988974412588757	5.833333333333333	112.0	0.7827025856756432	0.7991893603550577	0.18741534109635336	True
holdout	structural_missing	2017	eb_delta_0.1	reference	0.8399340238947	0.9076923076923077	0.0	7.256911890523804	6.0	112.0	0.8776748659459096	0.7991893603550577	0.18741534109635336	True
holdout	structural_missing	2017	eb_delta_0.25	target	0.8301774673061155	0.9176954732510288	0.0	6.08058716679179	5.833333333333333	112.0	0.7434037110810502	0.7991893603550577	0.18741534109635336	True
holdout	structural_missing	2017	eb_delta_0.25	reference	0.8484823115704209	0.9115384615384615	0.0	6.340012281490287	6.0	112.0	0.8482007099999648	0.7991893603550577	0.18741534109635336	True
holdout	structural_missing	2017	eb_delta_0.5	target	0.8291410410048594	0.9218106995884774	0.0	4.646974490826551	5.833333333333333	112.0	0.691005211621593	0.7991893603550577	0.18741534109635336	True
holdout	structural_missing	2017	eb_delta_0.5	reference	0.855864923653998	0.9192307692307693	0.0	4.888111234670811	6.0	112.0	0.7892523981080753	0.7991893603550577	0.18741534109635336	True
holdout	structural_missing	2018	hard_z1	target	0.8772916223704537	0.9897119341563786	0.6666666666666666	15.527777777777779	5.972222222222222	112.0	0.8820981084426015			
holdout	structural_missing	2018	hard_z1	reference	0.7919016791078047	0.9807692307692308	0.6111111111111112	14.666666666666666	6.194444444444445	112.0	0.8366638865839792			
holdout	structural_missing	2018	wald_p05	target	0.9141524763279155	0.9732510288065844	0.9166666666666666	5.111111111111111	5.972222222222222	112.0	0.7289324191682891			
holdout	structural_missing	2018	wald_p05	reference	0.822962912884031	0.9192307692307693	0.9166666666666666	5.305555555555555	6.194444444444445	112.0	0.5078444200953348			
holdout	structural_missing	2018	continuous_sign	target	0.8992447415782476	0.9876543209876543	0.0	21.272502256742424	5.972222222222222	112.0	0.9366231778377989			
holdout	structural_missing	2018	continuous_sign	reference	0.7502380954097856	0.95	0.0	21.119835611566653	6.194444444444445	112.0	0.9202486467567186			
holdout	structural_missing	2018	eb_delta_0	target	0.9437733425719022	1.0	0.0	7.237776775010486	5.972222222222222	112.0	0.8645752410810451	0.814407798199102	0.19083916947141932	True
holdout	structural_missing	2018	eb_delta_0	reference	0.8620555379549044	0.9884615384615385	0.0	7.14046353577322	6.194444444444445	112.0	0.858025428648613	0.814407798199102	0.19083916947141932	True
holdout	structural_missing	2018	eb_delta_0.1	target	0.9427377937115846	1.0	0.0	6.6653167476051305	5.972222222222222	112.0	0.8613003348648292	0.814407798199102	0.19083916947141932	True
holdout	structural_missing	2018	eb_delta_0.1	reference	0.8727972598660675	0.9884615384615385	0.0	6.567608983095713	6.194444444444445	112.0	0.81872655405402	0.814407798199102	0.19083916947141932	True
holdout	structural_missing	2018	eb_delta_0.25	target	0.9419611320663465	1.0	0.0	5.82088638170928	5.972222222222222	112.0	0.8449258037837488	0.814407798199102	0.19083916947141932	True
holdout	structural_missing	2018	eb_delta_0.25	reference	0.898551508785603	0.9846153846153847	0.0	5.718484640495315	6.194444444444445	112.0	0.7401288048648341	0.814407798199102	0.19083916947141932	True
holdout	structural_missing	2018	eb_delta_0.5	target	0.9385955982703145	1.0	0.0	4.50321650852719	5.972222222222222	112.0	0.7925273043242915	0.814407798199102	0.19083916947141932	True
holdout	structural_missing	2018	eb_delta_0.5	reference	0.9099403223781614	0.9692307692307692	0.0	4.359916937006529	6.194444444444445	112.0	0.6320568997297035	0.814407798199102	0.19083916947141932	True
holdout	structural_missing	2019	hard_z1	target	0.7724433256345461	0.9599999999999999	0.6666666666666666	15.166666666666666	6.333333333333333	112.0	0.8639731119173818			
holdout	structural_missing	2019	hard_z1	reference	0.6813045169979562	0.9038461538461539	0.6388888888888888	15.25	4.833333333333333	112.0	0.8790975179123498			
holdout	structural_missing	2019	wald_p05	target	0.905304924993811	0.9490909090909091	0.8333333333333334	5.833333333333333	6.333333333333333	112.0	0.6535828196120598			
holdout	structural_missing	2019	wald_p05	reference	0.771248672652985	0.9480769230769232	0.8611111111111112	4.805555555555555	4.833333333333333	112.0	0.7037041125370033			
holdout	structural_missing	2019	continuous_sign	target	0.7353071416557105	0.9418181818181818	0.0	20.9155713372375	6.333333333333333	112.0	0.9300733654053668			
holdout	structural_missing	2019	continuous_sign	reference	0.691526295602653	0.8884615384615384	0.0	20.996693144640236	4.833333333333333	112.0	0.9366231778377989			
holdout	structural_missing	2019	eb_delta_0	target	0.8635523682274827	0.9636363636363636	0.0	7.849213914391415	6.333333333333333	112.0	0.8645752410810451	0.7981961583582831	0.19680266287256556	True
holdout	structural_missing	2019	eb_delta_0	reference	0.8144585036527944	0.9538461538461538	0.0	7.291679689156887	4.833333333333333	112.0	0.9202486467567186	0.7981961583582831	0.19680266287256556	True
holdout	structural_missing	2019	eb_delta_0.1	target	0.8745522110716812	0.9672727272727273	0.0	7.246823438664537	6.333333333333333	112.0	0.8449258037837488	0.7981961583582831	0.19680266287256556	True
holdout	structural_missing	2019	eb_delta_0.1	reference	0.8195480536676091	0.9576923076923077	0.0	6.687748458203538	4.833333333333333	112.0	0.9038741156756381	0.7981961583582831	0.19680266287256556	True
holdout	structural_missing	2019	eb_delta_0.25	target	0.905740000782879	0.9745454545454546	0.0	6.357189943998562	6.333333333333333	112.0	0.7990771167567237	0.7981961583582831	0.19680266287256556	True
holdout	structural_missing	2019	eb_delta_0.25	reference	0.83103216652155	0.9615384615384616	0.0	5.789100111066871	4.833333333333333	112.0	0.8743999597296934	0.7981961583582831	0.19680266287256556	True
holdout	structural_missing	2019	eb_delta_0.5	target	0.9441747457796663	0.9781818181818182	0.0	4.9456127029338255	6.333333333333333	112.0	0.7172044613513217	0.7981961583582831	0.19680266287256556	True
holdout	structural_missing	2019	eb_delta_0.5	reference	0.8386012409025566	0.9692307692307691	0.0	4.364814996724691	4.833333333333333	112.0	0.812176741621588	0.7981961583582831	0.19680266287256556	True
holdout	structural_missing	2020	hard_z1	target	0.6741872544362885	0.9547325102880658	0.8333333333333334	15.583333333333334	6.388888888888889	112.0	0.8014011462402917			
holdout	structural_missing	2020	hard_z1	reference	0.7886988001707874	0.9547325102880657	0.6388888888888888	15.166666666666666	5.694444444444445	112.0	0.8977110037903193			
holdout	structural_missing	2020	wald_p05	target	0.8407763492533326	0.9691358024691358	0.8888888888888888	5.583333333333333	6.388888888888889	112.0	0.48837059735758087			
holdout	structural_missing	2020	wald_p05	reference	0.9119075512105629	0.9938271604938271	0.8888888888888888	4.916666666666667	5.694444444444445	112.0	0.8430552796298723			
holdout	structural_missing	2020	continuous_sign	target	0.6262100933685331	0.9094650205761317	0.0	21.529222590105565	6.388888888888889	112.0	0.8645752410810451			
holdout	structural_missing	2020	continuous_sign	reference	0.776055667269249	0.9423868312757202	0.0	20.473838031188148	5.694444444444445	112.0	0.9235235529729348			
holdout	structural_missing	2020	eb_delta_0	target	0.7703521772054268	0.9670781893004116	0.0	8.262534745276248	6.388888888888889	112.0	0.7565033359459146	0.7890869105075136	0.17703012977634214	True
holdout	structural_missing	2020	eb_delta_0	reference	0.8924640173596363	0.9917695473251029	0.0	7.561805284966577	5.694444444444445	112.0	0.9136988343242864	0.7890869105075136	0.17703012977634214	True
holdout	structural_missing	2020	eb_delta_0.1	target	0.7976292890346509	0.9753086419753085	0.0	7.631512801420728	6.388888888888889	112.0	0.7237542737837538	0.7890869105075136	0.17703012977634214	True
holdout	structural_missing	2020	eb_delta_0.1	reference	0.902423398422925	0.9917695473251029	0.0	6.932668818730807	5.694444444444445	112.0	0.9038741156756381	0.7890869105075136	0.17703012977634214	True
holdout	structural_missing	2020	eb_delta_0.25	target	0.8179255286421777	0.9794238683127572	0.0	6.698971955965256	6.388888888888889	112.0	0.6779055867567286	0.7890869105075136	0.17703012977634214	True
holdout	structural_missing	2020	eb_delta_0.25	reference	0.9095372420395599	0.9958847736625515	0.0	6.006500632909516	5.694444444444445	112.0	0.8973243032432059	0.7890869105075136	0.17703012977634214	True
holdout	structural_missing	2020	eb_delta_0.5	target	0.8696356932473414	0.9794238683127572	0.0	5.234003077456902	6.388888888888889	112.0	0.5698336816215981	0.7890869105075136	0.17703012977634214	True
holdout	structural_missing	2020	eb_delta_0.5	reference	0.9150989743216561	0.9958847736625515	0.0	4.554435577322424	5.694444444444445	112.0	0.8645752410810451	0.7890869105075136	0.17703012977634214	True
holdout	structural_missing	2021	hard_z1	target	0.7256753741364624	0.9153846153846155	0.6944444444444444	14.86111111111111	5.583333333333333	112.0	0.910252024210374			
holdout	structural_missing	2021	hard_z1	reference	0.6502899740313539	0.8423076923076923	0.75	14.555555555555555	5.722222222222222	112.0	0.8441579444624312			
holdout	structural_missing	2021	wald_p05	target	0.801368490045169	0.9538461538461538	0.9166666666666666	5.222222222222222	5.583333333333333	112.0	0.8204008543570162			
holdout	structural_missing	2021	wald_p05	reference	0.8224240243828798	0.9326923076923076	0.8611111111111112	4.972222222222222	5.722222222222222	112.0	0.5586967661466569			
holdout	structural_missing	2021	continuous_sign	target	0.6887991570379018	0.9153846153846154	0.0	20.711174564841226	5.583333333333333	112.0	0.943172990270231			
holdout	structural_missing	2021	continuous_sign	reference	0.7071567584032104	0.85	0.0	21.229135172490057	5.722222222222222	112.0	0.9202486467567186			
holdout	structural_missing	2021	eb_delta_0	target	0.7987689698632621	0.9730769230769231	0.0	7.235818957053414	5.583333333333333	112.0	0.9038741156756381	0.8108152366416703	0.1857993323315349	True
holdout	structural_missing	2021	eb_delta_0	reference	0.7871119938686274	0.8653846153846154	0.0	7.094926027065977	5.722222222222222	112.0	0.9071490218918543	0.8108152366416703	0.1857993323315349	True
holdout	structural_missing	2021	eb_delta_0.1	target	0.8131297336557501	0.9807692307692307	0.0	6.665018696636024	5.583333333333333	112.0	0.8809497721621257	0.8108152366416703	0.1857993323315349	True
holdout	structural_missing	2021	eb_delta_0.1	reference	0.7947576322680757	0.8692307692307693	0.0	6.524008215888958	5.722222222222222	112.0	0.8907744908107738	0.8108152366416703	0.1857993323315349	True
holdout	structural_missing	2021	eb_delta_0.25	target	0.8249029724405829	0.9884615384615384	0.0	5.82222581359655	5.583333333333333	112.0	0.8645752410810451	0.8108152366416703	0.1857993323315349	True
holdout	structural_missing	2021	eb_delta_0.25	reference	0.7911291937056256	0.8692307692307693	0.0	5.676945263816086	5.722222222222222	112.0	0.8482007099999648	0.8108152366416703	0.1857993323315349	True
holdout	structural_missing	2021	eb_delta_0.5	target	0.8529776187736453	0.9923076923076923	0.0	4.506888845182851	5.583333333333333	112.0	0.7892523981080753	0.8108152366416703	0.1857993323315349	True
holdout	structural_missing	2021	eb_delta_0.5	reference	0.8082346897857473	0.8769230769230769	0.0	4.323991389221934	5.722222222222222	112.0	0.7597782421621307	0.8108152366416703	0.1857993323315349	True
holdout	structural_missing	2022	hard_z1	target	0.813144380770096	0.9365384615384615	0.6111111111111112	15.36111111111111	6.722222222222222	112.0	0.8544336785812565			
holdout	structural_missing	2022	hard_z1	reference	0.8222453952990205	0.97119341563786	0.6666666666666666	14.833333333333334	5.805555555555555	112.0	0.8802274884934352			
holdout	structural_missing	2022	wald_p05	target	0.8826216247853965	0.8942307692307693	0.9166666666666666	5.861111111111111	6.722222222222222	112.0	0.7062036960040212			
holdout	structural_missing	2022	wald_p05	reference	0.895236255398455	0.9444444444444444	0.9444444444444444	5.138888888888889	5.805555555555555	112.0	0.7553920834162796			
holdout	structural_missing	2022	continuous_sign	target	0.7743025915644443	0.9346153846153846	0.0	21.48546740461282	6.722222222222222	112.0	0.9202486467567186			
holdout	structural_missing	2022	continuous_sign	reference	0.8036305302897857	0.9588477366255145	0.0	20.605093028565427	5.805555555555555	112.0	0.9398980840540151			
holdout	structural_missing	2022	eb_delta_0	target	0.8958403294563779	0.9538461538461538	0.0	8.360999010500574	6.722222222222222	112.0	0.8678501472972613	0.7871804152850784	0.18850219831062218	True
holdout	structural_missing	2022	eb_delta_0	reference	0.8569127604924557	0.9670781893004116	0.0	7.647762325661855	5.805555555555555	112.0	0.9202486467567186	0.7871804152850784	0.18850219831062218	True
holdout	structural_missing	2022	eb_delta_0.1	target	0.905010551975323	0.9576923076923077	0.0	7.72398828945774	6.722222222222222	112.0	0.854750522432397	0.7871804152850784	0.18850219831062218	True
holdout	structural_missing	2022	eb_delta_0.1	reference	0.8799327531528326	0.9753086419753086	0.0	7.009626447663705	5.805555555555555	112.0	0.8940493970269899	0.7871804152850784	0.18850219831062218	True
holdout	structural_missing	2022	eb_delta_0.25	target	0.915343197067092	0.9576923076923076	0.0	6.7812292124977125	6.722222222222222	112.0	0.8285512727026683	0.7871804152850784	0.18850219831062218	True
holdout	structural_missing	2022	eb_delta_0.25	reference	0.8799327531528326	0.9753086419753086	0.0	6.066853408822622	5.805555555555555	112.0	0.8874995845945578	0.7871804152850784	0.18850219831062218	True
holdout	structural_missing	2022	eb_delta_0.5	target	0.91766804221274	0.9346153846153846	0.0	5.255980149795767	6.722222222222222	112.0	0.7630531483783467	0.7871804152850784	0.18850219831062218	True
holdout	structural_missing	2022	eb_delta_0.5	reference	0.894546568718128	0.9794238683127572	0.0	4.583234996498681	5.805555555555555	112.0	0.8318261789188844	0.7871804152850784	0.18850219831062218	True
holdout	structural_missing	2023	hard_z1	target	0.6664327421711188	0.8436213991769548	0.6944444444444444	14.972222222222221	5.5	112.0	0.8304773921698693			
holdout	structural_missing	2023	hard_z1	reference	0.723278957304696	0.7999999999999999	0.8333333333333334	15.166666666666666	6.305555555555555	112.0	0.7565717966130479			
holdout	structural_missing	2023	wald_p05	target	0.8374154981359242	0.9156378600823044	0.9166666666666666	5.416666666666667	5.5	112.0	0.5257073790440359			
holdout	structural_missing	2023	wald_p05	reference	0.8626179032464297	0.8963636363636364	1.0	5.583333333333333	6.305555555555555	112.0	0.6216147609608482			
holdout	structural_missing	2023	continuous_sign	target	0.6747895261044199	0.8395061728395061	0.0	21.157363919309514	5.5	112.0	0.9300733654053668			
holdout	structural_missing	2023	continuous_sign	reference	0.5823667903210791	0.730909090909091	0.0	20.86258743821155	6.305555555555555	112.0	0.9136988343242864			
holdout	structural_missing	2023	eb_delta_0	target	0.848502847422688	0.9423868312757202	0.0	8.23977017043277	5.5	112.0	0.8351010851351005	0.7756239342065615	0.1812259290991959	True
holdout	structural_missing	2023	eb_delta_0	reference	0.7664356002425227	0.8363636363636364	0.0	8.544806987969986	6.305555555555555	112.0	0.8351010851351005	0.7756239342065615	0.1812259290991959	True
holdout	structural_missing	2023	eb_delta_0.1	target	0.8557516894449109	0.9465020576131687	0.0	7.569751406957593	5.5	112.0	0.81872655405402	0.7756239342065615	0.1812259290991959	True
holdout	structural_missing	2023	eb_delta_0.1	reference	0.7880526827016514	0.850909090909091	0.0	7.878111240206631	6.305555555555555	112.0	0.8089018354053719	0.7756239342065615	0.1812259290991959	True
holdout	structural_missing	2023	eb_delta_0.25	target	0.8698610426667372	0.9588477366255144	0.0	6.577020588773099	5.5	112.0	0.776152773243211	0.7756239342065615	0.1812259290991959	True
holdout	structural_missing	2023	eb_delta_0.25	reference	0.8249441108504639	0.8727272727272728	0.0	6.898640468718011	6.305555555555555	112.0	0.7663280545945629	0.7756239342065615	0.1812259290991959	True
holdout	structural_missing	2023	eb_delta_0.5	target	0.8808637493076114	0.9506172839506173	0.0	5.036732902606186	5.5	112.0	0.654981243243216	0.7756239342065615	0.1812259290991959	True
holdout	structural_missing	2023	eb_delta_0.5	reference	0.8609294337464983	0.8981818181818182	0.0	5.356382533667696	6.305555555555555	112.0	0.7008299302702411	0.7756239342065615	0.1812259290991959	True
holdout	structural_missing	2024	hard_z1	target	0.7920328009577841	0.9465020576131687	0.8055555555555556	15.972222222222221	6.277777777777778	112.0	0.8871189172407776			
holdout	structural_missing	2024	hard_z1	reference	0.8269340299500753	0.9115384615384615	0.7222222222222222	15.166666666666666	6.083333333333333	112.0	0.8762627292577908			
holdout	structural_missing	2024	wald_p05	target	0.9351267005751444	0.9465020576131687	0.8888888888888888	5.916666666666667	6.277777777777778	112.0	0.7424192701580735			
holdout	structural_missing	2024	wald_p05	reference	0.8197437388880424	0.9615384615384615	0.8611111111111112	4.888888888888889	6.083333333333333	112.0	0.734714261038689			
holdout	structural_missing	2024	continuous_sign	target	0.782254889721583	0.9465020576131687	0.0	21.666252531114296	6.277777777777778	112.0	0.9300733654053668			
holdout	structural_missing	2024	continuous_sign	reference	0.8063584880414814	0.9192307692307692	0.0	20.679012663407207	6.083333333333333	112.0	0.9300733654053668			
holdout	structural_missing	2024	eb_delta_0	target	0.8931012473402646	0.9835390946502057	0.0	8.311841808920336	6.277777777777778	112.0	0.9071490218918543	0.7888303628614804	0.1908739621613431	True
holdout	structural_missing	2024	eb_delta_0	reference	0.817557911486502	0.9423076923076923	0.0	7.731185009617557	6.083333333333333	112.0	0.9071490218918543	0.7888303628614804	0.1908739621613431	True
holdout	structural_missing	2024	eb_delta_0.1	target	0.9073123188298393	0.9835390946502057	0.0	7.672537639855392	6.277777777777778	112.0	0.8874995845945578	0.7888303628614804	0.1908739621613431	True
holdout	structural_missing	2024	eb_delta_0.1	reference	0.8257621402892497	0.9461538461538461	0.0	7.092395356752257	6.083333333333333	112.0	0.8842246783783417	0.7888303628614804	0.1908739621613431	True
holdout	structural_missing	2024	eb_delta_0.25	target	0.9184227929035067	0.9835390946502057	0.0	6.722407249225822	6.277777777777778	112.0	0.8482007099999648	0.7888303628614804	0.1908739621613431	True
holdout	structural_missing	2024	eb_delta_0.25	reference	0.8433426305808517	0.9538461538461539	0.0	6.149057802169093	6.083333333333333	112.0	0.854750522432397	0.7888303628614804	0.1908739621613431	True
holdout	structural_missing	2024	eb_delta_0.5	target	0.9365096111629653	0.9917695473251029	0.0	5.177432774316672	6.277777777777778	112.0	0.7958022105405077	0.7888303628614804	0.1908739621613431	True
holdout	structural_missing	2024	eb_delta_0.5	reference	0.8465982769311483	0.9653846153846153	0.0	4.67023755116575	6.083333333333333	112.0	0.8089018354053719	0.7888303628614804	0.1908739621613431	True
holdout	global_null_imbalanced_opportunity	2001	hard_z1	target			0.7222222222222222	17.38888888888889	0.0	112.0	0.9365539878047623			
holdout	global_null_imbalanced_opportunity	2001	hard_z1	reference			0.6111111111111112	18.944444444444443	0.0	112.0	0.9048061851325475			
holdout	global_null_imbalanced_opportunity	2001	wald_p05	target			0.9444444444444444	2.9166666666666665	0.0	112.0	0.7943713568509746			
holdout	global_null_imbalanced_opportunity	2001	wald_p05	reference			0.9722222222222222	2.9166666666666665	0.0	112.0	0.6707728982512403			
holdout	global_null_imbalanced_opportunity	2001	continuous_sign	target			0.0	27.06276562623468	0.0	112.0	0.943172990270231			
holdout	global_null_imbalanced_opportunity	2001	continuous_sign	reference			0.0	29.384849990015816	0.0	112.0	0.943172990270231			
holdout	global_null_imbalanced_opportunity	2001	eb_delta_0	target			0.0	0.21610182263973132	0.0	112.0	0.7663280545945629	0.9963295318254082	0.17621614174407124	True
holdout	global_null_imbalanced_opportunity	2001	eb_delta_0	reference			0.0	0.19499142309528775	0.0	112.0	0.8809497721621257	0.9963295318254082	0.17621614174407124	True
holdout	global_null_imbalanced_opportunity	2001	eb_delta_0.1	target			0.0	0.19978634814609333	0.0	112.0	0.7434037110810502	0.9963295318254082	0.17621614174407124	True
holdout	global_null_imbalanced_opportunity	2001	eb_delta_0.1	reference			0.0	0.17854938523812694	0.0	112.0	0.858025428648613	0.9963295318254082	0.17621614174407124	True
holdout	global_null_imbalanced_opportunity	2001	eb_delta_0.25	target			0.0	0.17585907429558287	0.0	112.0	0.7303040862161859	0.9963295318254082	0.17621614174407124	True
holdout	global_null_imbalanced_opportunity	2001	eb_delta_0.25	reference			0.0	0.15392144560319	0.0	112.0	0.8351010851351005	0.9963295318254082	0.17621614174407124	True
holdout	global_null_imbalanced_opportunity	2001	eb_delta_0.5	target			0.0	0.13866806155129802	0.0	112.0	0.6582561494594321	0.9963295318254082	0.17621614174407124	True
holdout	global_null_imbalanced_opportunity	2001	eb_delta_0.5	reference			0.0	0.11439891625684417	0.0	112.0	0.7925273043242915	0.9963295318254082	0.17621614174407124	True
holdout	global_null_imbalanced_opportunity	2002	hard_z1	target			0.5277777777777778	18.055555555555557	0.0	112.0	0.9360102348388708			
holdout	global_null_imbalanced_opportunity	2002	hard_z1	reference			0.5833333333333334	17.694444444444443	0.0	112.0	0.9070303944939291			
holdout	global_null_imbalanced_opportunity	2002	wald_p05	target			0.9444444444444444	2.9166666666666665	0.0	112.0	0.5948145089718762			
holdout	global_null_imbalanced_opportunity	2002	wald_p05	reference			0.9444444444444444	2.9722222222222223	0.0	112.0	0.6772169544782343			
holdout	global_null_imbalanced_opportunity	2002	continuous_sign	target			0.0	28.414515415883077	0.0	112.0	0.943172990270231			
holdout	global_null_imbalanced_opportunity	2002	continuous_sign	reference			0.0	27.86106390081409	0.0	112.0	0.943172990270231			
holdout	global_null_imbalanced_opportunity	2002	eb_delta_0	target			0.0	0.005332386777259098	0.0	112.0	0.8776748659459096	0.9999	0.13235621043786935	True
holdout	global_null_imbalanced_opportunity	2002	eb_delta_0	reference			0.0	0.005459102176268597	0.0	112.0	0.9038741156756381	0.9999	0.13235621043786935	True
holdout	global_null_imbalanced_opportunity	2002	eb_delta_0.1	target			0.0	0.004885786972988501	0.0	112.0	0.8776748659459096	0.9999	0.13235621043786935	True
holdout	global_null_imbalanced_opportunity	2002	eb_delta_0.1	reference			0.0	0.005013379592665397	0.0	112.0	0.8907744908107738	0.9999	0.13235621043786935	True
holdout	global_null_imbalanced_opportunity	2002	eb_delta_0.25	target			0.0	0.00422323029287061	0.0	112.0	0.8416508975675326	0.9999	0.13235621043786935	True
holdout	global_null_imbalanced_opportunity	2002	eb_delta_0.25	reference			0.0	0.0043544179047875315	0.0	112.0	0.8776748659459096	0.9999	0.13235621043786935	True
holdout	global_null_imbalanced_opportunity	2002	eb_delta_0.5	target			0.0	0.003171896189537691	0.0	112.0	0.776152773243211	0.9999	0.13235621043786935	True
holdout	global_null_imbalanced_opportunity	2002	eb_delta_0.5	reference			0.0	0.0033069798397624265	0.0	112.0	0.854750522432397	0.9999	0.13235621043786935	True
holdout	global_null_imbalanced_opportunity	2003	hard_z1	target			0.5833333333333334	18.694444444444443	0.0	112.0	0.9350949320644473			
holdout	global_null_imbalanced_opportunity	2003	hard_z1	reference			0.6944444444444444	17.694444444444443	0.0	112.0	0.9420830496156225			
holdout	global_null_imbalanced_opportunity	2003	wald_p05	target			0.9722222222222222	3.361111111111111	0.0	112.0	0.786552497005743			
holdout	global_null_imbalanced_opportunity	2003	wald_p05	reference			0.9444444444444444	2.6666666666666665	0.0	112.0	0.7541848200072091			
holdout	global_null_imbalanced_opportunity	2003	continuous_sign	target			0.0	29.19318594249512	0.0	112.0	0.943172990270231			
holdout	global_null_imbalanced_opportunity	2003	continuous_sign	reference			0.0	27.098353661620973	0.0	112.0	0.943172990270231			
holdout	global_null_imbalanced_opportunity	2003	eb_delta_0	target			0.0	0.005352053473162574	0.0	112.0	0.943172990270231	0.9999	0.13313413621811537	True
holdout	global_null_imbalanced_opportunity	2003	eb_delta_0	reference			0.0	0.005768486628672283	0.0	112.0	0.8678501472972613	0.9999	0.13313413621811537	True
holdout	global_null_imbalanced_opportunity	2003	eb_delta_0.1	target			0.0	0.004904482276173702	0.0	112.0	0.943172990270231	0.9999	0.13313413621811537	True
holdout	global_null_imbalanced_opportunity	2003	eb_delta_0.1	reference			0.0	0.005323601956508017	0.0	112.0	0.8678501472972613	0.9999	0.13313413621811537	True
holdout	global_null_imbalanced_opportunity	2003	eb_delta_0.25	target			0.0	0.0042360075548563405	0.0	112.0	0.9398980840540151	0.9999	0.13313413621811537	True
holdout	global_null_imbalanced_opportunity	2003	eb_delta_0.25	reference			0.0	0.004668444551406351	0.0	112.0	0.858025428648613	0.9999	0.13313413621811537	True
holdout	global_null_imbalanced_opportunity	2003	eb_delta_0.5	target			0.0	0.0031599900458261273	0.0	112.0	0.9235235529729348	0.9999	0.13313413621811537	True
holdout	global_null_imbalanced_opportunity	2003	eb_delta_0.5	reference			0.0	0.0036318795538245584	0.0	112.0	0.8023520229729396	0.9999	0.13313413621811537	True
holdout	global_null_imbalanced_opportunity	2004	hard_z1	target			0.6944444444444444	17.805555555555557	0.0	112.0	0.9361913805815928			
holdout	global_null_imbalanced_opportunity	2004	hard_z1	reference			0.6388888888888888	18.36111111111111	0.0	112.0	0.9349741577750106			
holdout	global_null_imbalanced_opportunity	2004	wald_p05	target			0.9444444444444444	2.3055555555555554	0.0	112.0	0.5445401621335599			
holdout	global_null_imbalanced_opportunity	2004	wald_p05	reference			0.9722222222222222	2.7777777777777777	0.0	112.0	0.5959542649320101			
holdout	global_null_imbalanced_opportunity	2004	continuous_sign	target			0.0	27.82690321635804	0.0	112.0	0.943172990270231			
holdout	global_null_imbalanced_opportunity	2004	continuous_sign	reference			0.0	28.196231231988953	0.0	112.0	0.943172990270231			
holdout	global_null_imbalanced_opportunity	2004	eb_delta_0	target			0.0	0.08303522951943992	0.0	112.0	0.8743999597296934	0.9987188758108467	0.13884288815754922	True
holdout	global_null_imbalanced_opportunity	2004	eb_delta_0	reference			0.0	0.06045069269887207	0.0	112.0	0.933348271621583	0.9987188758108467	0.13884288815754922	True
holdout	global_null_imbalanced_opportunity	2004	eb_delta_0.1	target			0.0	0.07733143851178614	0.0	112.0	0.8678501472972613	0.9987188758108467	0.13884288815754922	True
holdout	global_null_imbalanced_opportunity	2004	eb_delta_0.1	reference			0.0	0.05472963815111345	0.0	112.0	0.9267984591891507	0.9987188758108467	0.13884288815754922	True
holdout	global_null_imbalanced_opportunity	2004	eb_delta_0.25	target			0.0	0.06895975527275593	0.0	112.0	0.854750522432397	0.9987188758108467	0.13884288815754922	True
holdout	global_null_imbalanced_opportunity	2004	eb_delta_0.25	reference			0.0	0.046273838725412166	0.0	112.0	0.9104239281080704	0.9987188758108467	0.13884288815754922	True
holdout	global_null_imbalanced_opportunity	2004	eb_delta_0.5	target			0.0	0.056011417968941636	0.0	112.0	0.81872655405402	0.9987188758108467	0.13884288815754922	True
holdout	global_null_imbalanced_opportunity	2004	eb_delta_0.5	reference			0.0	0.0331311300404565	0.0	112.0	0.8842246783783417	0.9987188758108467	0.13884288815754922	True
holdout	global_null_imbalanced_opportunity	2005	hard_z1	target			0.5833333333333334	17.805555555555557	0.0	112.0	0.932972445115121			
holdout	global_null_imbalanced_opportunity	2005	hard_z1	reference			0.6666666666666666	17.666666666666668	0.0	112.0	0.9446939926940097			
holdout	global_null_imbalanced_opportunity	2005	wald_p05	target			0.9166666666666666	2.8333333333333335	0.0	112.0	0.7588891558966757			
holdout	global_null_imbalanced_opportunity	2005	wald_p05	reference			0.9166666666666666	2.9722222222222223	0.0	112.0	0.7013257396512358			
holdout	global_null_imbalanced_opportunity	2005	continuous_sign	target			0.0	28.43542004566155	0.0	112.0	0.943172990270231			
holdout	global_null_imbalanced_opportunity	2005	continuous_sign	reference			0.0	27.890252984028482	0.0	112.0	0.943172990270231			
holdout	global_null_imbalanced_opportunity	2005	eb_delta_0	target			0.0	0.1209089550831587	0.0	112.0	0.8252763664864522	0.9980644693890317	0.13106572176547115	True
holdout	global_null_imbalanced_opportunity	2005	eb_delta_0	reference			0.0	0.09587084554795115	0.0	112.0	0.9005992094594221	0.9980644693890317	0.13106572176547115	True
holdout	global_null_imbalanced_opportunity	2005	eb_delta_0.1	target			0.0	0.11227237775589329	0.0	112.0	0.8220014602702361	0.9980644693890317	0.13106572176547115	True
holdout	global_null_imbalanced_opportunity	2005	eb_delta_0.1	reference			0.0	0.08724078356196857	0.0	112.0	0.9005992094594221	0.9980644693890317	0.13106572176547115	True
holdout	global_null_imbalanced_opportunity	2005	eb_delta_0.25	target			0.0	0.09949771603264501	0.0	112.0	0.8089018354053719	0.9980644693890317	0.13106572176547115	True
holdout	global_null_imbalanced_opportunity	2005	eb_delta_0.25	reference			0.0	0.07450392642468415	0.0	112.0	0.8842246783783417	0.9980644693890317	0.13106572176547115	True
holdout	global_null_imbalanced_opportunity	2005	eb_delta_0.5	target			0.0	0.07925851626000066	0.0	112.0	0.7990771167567237	0.9980644693890317	0.13106572176547115	True
holdout	global_null_imbalanced_opportunity	2005	eb_delta_0.5	reference			0.0	0.05455859831539275	0.0	112.0	0.8678501472972613	0.9980644693890317	0.13106572176547115	True
holdout	global_null_imbalanced_opportunity	2006	hard_z1	target			0.7222222222222222	18.5	0.0	112.0	0.9126583892139795			
holdout	global_null_imbalanced_opportunity	2006	hard_z1	reference			0.5555555555555556	17.88888888888889	0.0	112.0	0.9272517680832367			
holdout	global_null_imbalanced_opportunity	2006	wald_p05	target			0.9444444444444444	3.0277777777777777	0.0	112.0	0.6898526823609256			
holdout	global_null_imbalanced_opportunity	2006	wald_p05	reference			1.0	2.5555555555555554	0.0	112.0	0.6795018811970962			
holdout	global_null_imbalanced_opportunity	2006	continuous_sign	target			0.0	28.115941126882987	0.0	112.0	0.943172990270231			
holdout	global_null_imbalanced_opportunity	2006	continuous_sign	reference			0.0	27.689028999297104	0.0	112.0	0.943172990270231			
holdout	global_null_imbalanced_opportunity	2006	eb_delta_0	target			0.0	0.00495277123790675	0.0	112.0	0.943172990270231	0.9999	0.13482395979389591	True
holdout	global_null_imbalanced_opportunity	2006	eb_delta_0	reference			0.0	0.004655078693960163	0.0	112.0	0.943172990270231	0.9999	0.13482395979389591	True
holdout	global_null_imbalanced_opportunity	2006	eb_delta_0.1	target			0.0	0.004506345582465997	0.0	112.0	0.943172990270231	0.9999	0.13482395979389591	True
holdout	global_null_imbalanced_opportunity	2006	eb_delta_0.1	reference			0.0	0.004209493341647013	0.0	112.0	0.943172990270231	0.9999	0.13482395979389591	True
holdout	global_null_imbalanced_opportunity	2006	eb_delta_0.25	target			0.0	0.0038454341300825138	0.0	112.0	0.9398980840540151	0.9999	0.13482395979389591	True
holdout	global_null_imbalanced_opportunity	2006	eb_delta_0.25	reference			0.0	0.003553712510738938	0.0	112.0	0.9398980840540151	0.9999	0.13482395979389591	True
holdout	global_null_imbalanced_opportunity	2006	eb_delta_0.5	target			0.0	0.002805411175598094	0.0	112.0	0.8973243032432059	0.9999	0.13482395979389591	True
holdout	global_null_imbalanced_opportunity	2006	eb_delta_0.5	reference			0.0	0.0025362966237850158	0.0	112.0	0.9005992094594221	0.9999	0.13482395979389591	True
holdout	global_null_imbalanced_opportunity	2007	hard_z1	target			0.6388888888888888	19.333333333333332	0.0	112.0	0.8927298377751525			
holdout	global_null_imbalanced_opportunity	2007	hard_z1	reference			0.5277777777777778	17.583333333333332	0.0	112.0	0.9448159910147474			
holdout	global_null_imbalanced_opportunity	2007	wald_p05	target			0.9722222222222222	3.0833333333333335	0.0	112.0	0.7350187515393356			
holdout	global_null_imbalanced_opportunity	2007	wald_p05	reference			0.8888888888888888	2.638888888888889	0.0	112.0	0.7645289741304654			
holdout	global_null_imbalanced_opportunity	2007	continuous_sign	target			0.0	28.51846649114622	0.0	112.0	0.943172990270231			
holdout	global_null_imbalanced_opportunity	2007	continuous_sign	reference			0.0	27.919670241880134	0.0	112.0	0.943172990270231			
holdout	global_null_imbalanced_opportunity	2007	eb_delta_0	target			0.0	0.11624940170158128	0.0	112.0	0.9005992094594221	0.9981944667908818	0.13964959197359442	True
holdout	global_null_imbalanced_opportunity	2007	eb_delta_0	reference			0.0	0.08597088447561294	0.0	112.0	0.9366231778377989	0.9981944667908818	0.13964959197359442	True
holdout	global_null_imbalanced_opportunity	2007	eb_delta_0.1	target			0.0	0.10818340757798842	0.0	112.0	0.8940493970269899	0.9981944667908818	0.13964959197359442	True
holdout	global_null_imbalanced_opportunity	2007	eb_delta_0.1	reference			0.0	0.07792938013271039	0.0	112.0	0.9300733654053668	0.9981944667908818	0.13964959197359442	True
holdout	global_null_imbalanced_opportunity	2007	eb_delta_0.25	target			0.0	0.0962122036871022	0.0	112.0	0.8776748659459096	0.9981944667908818	0.13964959197359442	True
holdout	global_null_imbalanced_opportunity	2007	eb_delta_0.25	reference			0.0	0.06610254596707969	0.0	112.0	0.9005992094594221	0.9981944667908818	0.13964959197359442	True
holdout	global_null_imbalanced_opportunity	2007	eb_delta_0.5	target			0.0	0.07725815440667694	0.0	112.0	0.8351010851351005	0.9981944667908818	0.13964959197359442	True
holdout	global_null_imbalanced_opportunity	2007	eb_delta_0.5	reference			0.0	0.04779841513017983	0.0	112.0	0.8351010851351005	0.9981944667908818	0.13964959197359442	True
holdout	global_null_imbalanced_opportunity	2008	hard_z1	target			0.5277777777777778	17.666666666666668	0.0	112.0	0.9179785140276141			
holdout	global_null_imbalanced_opportunity	2008	hard_z1	reference			0.6944444444444444	18.11111111111111	0.0	112.0	0.9169900128771985			
holdout	global_null_imbalanced_opportunity	2008	wald_p05	target			0.8888888888888888	3.25	0.0	112.0	0.6627895867505476			
holdout	global_null_imbalanced_opportunity	2008	wald_p05	reference			0.9722222222222222	3.0	0.0	112.0	0.6985070248938492			
holdout	global_null_imbalanced_opportunity	2008	continuous_sign	target			0.0	28.06425631657121	0.0	112.0	0.943172990270231			
holdout	global_null_imbalanced_opportunity	2008	continuous_sign	reference			0.0	28.376270334947666	0.0	112.0	0.943172990270231			
holdout	global_null_imbalanced_opportunity	2008	eb_delta_0	target			0.0	0.005242800663305947	0.0	112.0	0.8842246783783417	0.9999	0.13474970067821723	True
holdout	global_null_imbalanced_opportunity	2008	eb_delta_0	reference			0.0	0.005016079734027447	0.0	112.0	0.943172990270231	0.9999	0.13474970067821723	True
holdout	global_null_imbalanced_opportunity	2008	eb_delta_0.1	target			0.0	0.004796561308277729	0.0	112.0	0.8776748659459096	0.9999	0.13474970067821723	True
holdout	global_null_imbalanced_opportunity	2008	eb_delta_0.1	reference			0.0	0.00457001424837582	0.0	112.0	0.9366231778377989	0.9999	0.13474970067821723	True
holdout	global_null_imbalanced_opportunity	2008	eb_delta_0.25	target			0.0	0.004135376007206141	0.0	112.0	0.8613003348648292	0.9999	0.13474970067821723	True
holdout	global_null_imbalanced_opportunity	2008	eb_delta_0.25	reference			0.0	0.003910417046538466	0.0	112.0	0.9366231778377989	0.9999	0.13474970067821723	True
holdout	global_null_imbalanced_opportunity	2008	eb_delta_0.5	target			0.0	0.0030834112127772007	0.0	112.0	0.81872655405402	0.9999	0.13474970067821723	True
holdout	global_null_imbalanced_opportunity	2008	eb_delta_0.5	reference			0.0	0.0028777296870761463	0.0	112.0	0.9005992094594221	0.9999	0.13474970067821723	True
holdout	global_null_imbalanced_opportunity	2009	hard_z1	target			0.6111111111111112	16.333333333333332	0.0	112.0	0.9106636501992721			
holdout	global_null_imbalanced_opportunity	2009	hard_z1	reference			0.6111111111111112	19.055555555555557	0.0	112.0	0.9408673012066708			
holdout	global_null_imbalanced_opportunity	2009	wald_p05	target			1.0	2.1944444444444446	0.0	112.0	0.6625828311685139			
holdout	global_null_imbalanced_opportunity	2009	wald_p05	reference			0.9444444444444444	3.2777777777777777	0.0	112.0	0.7410558825294037			
holdout	global_null_imbalanced_opportunity	2009	continuous_sign	target			0.0	26.256330513887573	0.0	112.0	0.943172990270231			
holdout	global_null_imbalanced_opportunity	2009	continuous_sign	reference			0.0	29.405749896369684	0.0	112.0	0.943172990270231			
holdout	global_null_imbalanced_opportunity	2009	eb_delta_0	target			0.0	0.004858614933551406	0.0	112.0	0.8776748659459096	0.9999	0.13199839829627596	True
holdout	global_null_imbalanced_opportunity	2009	eb_delta_0	reference			0.0	0.005135335634702983	0.0	112.0	0.9038741156756381	0.9999	0.13199839829627596	True
holdout	global_null_imbalanced_opportunity	2009	eb_delta_0.1	target			0.0	0.00441496434652388	0.0	112.0	0.8711250535134775	0.9999	0.13199839829627596	True
holdout	global_null_imbalanced_opportunity	2009	eb_delta_0.1	reference			0.0	0.004687004223656527	0.0	112.0	0.9038741156756381	0.9999	0.13199839829627596	True
holdout	global_null_imbalanced_opportunity	2009	eb_delta_0.25	target			0.0	0.0037692109365009946	0.0	112.0	0.8613003348648292	0.9999	0.13199839829627596	True
holdout	global_null_imbalanced_opportunity	2009	eb_delta_0.25	reference			0.0	0.004016262762130061	0.0	112.0	0.8907744908107738	0.9999	0.13199839829627596	True
holdout	global_null_imbalanced_opportunity	2009	eb_delta_0.5	target			0.0	0.0027833826111339525	0.0	112.0	0.8351010851351005	0.9999	0.13199839829627596	True
holdout	global_null_imbalanced_opportunity	2009	eb_delta_0.5	reference			0.0	0.0029451052485028194	0.0	112.0	0.8220014602702361	0.9999	0.13199839829627596	True
holdout	global_null_imbalanced_opportunity	2010	hard_z1	target			0.6388888888888888	17.52777777777778	0.0	112.0	0.9344915281608285			
holdout	global_null_imbalanced_opportunity	2010	hard_z1	reference			0.75	17.25	0.0	112.0	0.9135911930074475			
holdout	global_null_imbalanced_opportunity	2010	wald_p05	target			0.8888888888888888	2.8055555555555554	0.0	112.0	0.6039255465165121			
holdout	global_null_imbalanced_opportunity	2010	wald_p05	reference			0.9444444444444444	3.0	0.0	112.0	0.8252818706935461			
holdout	global_null_imbalanced_opportunity	2010	continuous_sign	target			0.0	28.492829524773413	0.0	112.0	0.943172990270231			
holdout	global_null_imbalanced_opportunity	2010	continuous_sign	reference			0.0	27.301706654266244	0.0	112.0	0.943172990270231			
holdout	global_null_imbalanced_opportunity	2010	eb_delta_0	target			0.0	0.0048600314239778935	0.0	112.0	0.943172990270231	0.9999	0.13085668589857033	True
holdout	global_null_imbalanced_opportunity	2010	eb_delta_0	reference			0.0	0.005099387339027279	0.0	112.0	0.9136988343242864	0.9999	0.13085668589857033	True
holdout	global_null_imbalanced_opportunity	2010	eb_delta_0.1	target			0.0	0.004413697013342793	0.0	112.0	0.943172990270231	0.9999	0.13085668589857033	True
holdout	global_null_imbalanced_opportunity	2010	eb_delta_0.1	reference			0.0	0.004653659656747117	0.0	112.0	0.9005992094594221	0.9999	0.13085668589857033	True
holdout	global_null_imbalanced_opportunity	2010	eb_delta_0.25	target			0.0	0.0037537012581530128	0.0	112.0	0.9235235529729348	0.9999	0.13085668589857033	True
holdout	global_null_imbalanced_opportunity	2010	eb_delta_0.25	reference			0.0	0.003996132210432788	0.0	112.0	0.8842246783783417	0.9999	0.13085668589857033	True
holdout	global_null_imbalanced_opportunity	2010	eb_delta_0.5	target			0.0	0.0027208622127507832	0.0	112.0	0.8940493970269899	0.9999	0.13085668589857033	True
holdout	global_null_imbalanced_opportunity	2010	eb_delta_0.5	reference			0.0	0.0029622844197257875	0.0	112.0	0.858025428648613	0.9999	0.13085668589857033	True
holdout	global_null_imbalanced_opportunity	2011	hard_z1	target			0.7777777777777778	17.02777777777778	0.0	112.0	0.921673181118361			
holdout	global_null_imbalanced_opportunity	2011	hard_z1	reference			0.6944444444444444	17.916666666666668	0.0	112.0	0.8920958170853344			
holdout	global_null_imbalanced_opportunity	2011	wald_p05	target			0.9722222222222222	2.8333333333333335	0.0	112.0	0.7036409400064645			
holdout	global_null_imbalanced_opportunity	2011	wald_p05	reference			1.0	2.888888888888889	0.0	112.0	0.5843769966283735			
holdout	global_null_imbalanced_opportunity	2011	continuous_sign	target			0.0	28.04625865956798	0.0	112.0	0.943172990270231			
holdout	global_null_imbalanced_opportunity	2011	continuous_sign	reference			0.0	27.94364192524514	0.0	112.0	0.943172990270231			
holdout	global_null_imbalanced_opportunity	2011	eb_delta_0	target			0.0	0.005024455639507813	0.0	112.0	0.9104239281080704	0.9999	0.1310745302854611	True
holdout	global_null_imbalanced_opportunity	2011	eb_delta_0	reference			0.0	0.0055595389193399125	0.0	112.0	0.7958022105405077	0.9999	0.1310745302854611	True
holdout	global_null_imbalanced_opportunity	2011	eb_delta_0.1	target			0.0	0.004578651838336115	0.0	112.0	0.9071490218918543	0.9999	0.1310745302854611	True
holdout	global_null_imbalanced_opportunity	2011	eb_delta_0.1	reference			0.0	0.005113022076662838	0.0	112.0	0.7892523981080753	0.9999	0.1310745302854611	True
holdout	global_null_imbalanced_opportunity	2011	eb_delta_0.25	target			0.0	0.003920193641048845	0.0	112.0	0.9038741156756381	0.9999	0.1310745302854611	True
holdout	global_null_imbalanced_opportunity	2011	eb_delta_0.25	reference			0.0	0.004449971079005733	0.0	112.0	0.7696029608107788	0.9999	0.1310745302854611	True
holdout	global_null_imbalanced_opportunity	2011	eb_delta_0.5	target			0.0	0.0028834714904046794	0.0	112.0	0.8613003348648292	0.9999	0.1310745302854611	True
holdout	global_null_imbalanced_opportunity	2011	eb_delta_0.5	reference			0.0	0.0033873494739197485	0.0	112.0	0.7237542737837538	0.9999	0.1310745302854611	True
holdout	global_null_imbalanced_opportunity	2012	hard_z1	target			0.75	17.944444444444443	0.0	112.0	0.9076165965809045			
holdout	global_null_imbalanced_opportunity	2012	hard_z1	reference			0.7222222222222222	18.305555555555557	0.0	112.0	0.9442673704375604			
holdout	global_null_imbalanced_opportunity	2012	wald_p05	target			0.9444444444444444	2.6944444444444446	0.0	112.0	0.7367653332135125			
holdout	global_null_imbalanced_opportunity	2012	wald_p05	reference			0.9444444444444444	3.0833333333333335	0.0	112.0	0.8164156395068651			
holdout	global_null_imbalanced_opportunity	2012	continuous_sign	target			0.0	27.846924559711738	0.0	112.0	0.943172990270231			
holdout	global_null_imbalanced_opportunity	2012	continuous_sign	reference			0.0	28.399658137731446	0.0	112.0	0.943172990270231			
holdout	global_null_imbalanced_opportunity	2012	eb_delta_0	target			0.0	0.060382685376232405	0.0	112.0	0.7827025856756432	0.998942458607031	0.14435621144074756	True
holdout	global_null_imbalanced_opportunity	2012	eb_delta_0	reference			0.0	0.058061364007560984	0.0	112.0	0.8220014602702361	0.998942458607031	0.14435621144074756	True
holdout	global_null_imbalanced_opportunity	2012	eb_delta_0.1	target			0.0	0.05566627715629101	0.0	112.0	0.7794276794594271	0.998942458607031	0.14435621144074756	True
holdout	global_null_imbalanced_opportunity	2012	eb_delta_0.1	reference			0.0	0.05334287866881978	0.0	112.0	0.8220014602702361	0.998942458607031	0.14435621144074756	True
holdout	global_null_imbalanced_opportunity	2012	eb_delta_0.25	target			0.0	0.048703414984495465	0.0	112.0	0.776152773243211	0.998942458607031	0.14435621144074756	True
holdout	global_null_imbalanced_opportunity	2012	eb_delta_0.25	reference			0.0	0.04636129125536033	0.0	112.0	0.8089018354053719	0.998942458607031	0.14435621144074756	True
holdout	global_null_imbalanced_opportunity	2012	eb_delta_0.5	target			0.0	0.03784969960065453	0.0	112.0	0.7597782421621307	0.998942458607031	0.14435621144074756	True
holdout	global_null_imbalanced_opportunity	2012	eb_delta_0.5	reference			0.0	0.03534705886030208	0.0	112.0	0.7925273043242915	0.998942458607031	0.14435621144074756	True
holdout	global_null_imbalanced_opportunity	2013	hard_z1	target			0.6944444444444444	18.194444444444443	0.0	112.0	0.9148770409186143			
holdout	global_null_imbalanced_opportunity	2013	hard_z1	reference			0.7777777777777778	17.61111111111111	0.0	112.0	0.9123044856050365			
holdout	global_null_imbalanced_opportunity	2013	wald_p05	target			0.9444444444444444	2.9444444444444446	0.0	112.0	0.6609751766894439			
holdout	global_null_imbalanced_opportunity	2013	wald_p05	reference			0.9444444444444444	2.861111111111111	0.0	112.0	0.6309100283435848			
holdout	global_null_imbalanced_opportunity	2013	continuous_sign	target			0.0	28.190664418939438	0.0	112.0	0.943172990270231			
holdout	global_null_imbalanced_opportunity	2013	continuous_sign	reference			0.0	27.80506675277098	0.0	112.0	0.943172990270231			
holdout	global_null_imbalanced_opportunity	2013	eb_delta_0	target			0.0	0.005087313712343635	0.0	112.0	0.9300733654053668	0.9999	0.13469935881041556	True
holdout	global_null_imbalanced_opportunity	2013	eb_delta_0	reference			0.0	0.005152677104161659	0.0	112.0	0.8809497721621257	0.9999	0.13469935881041556	True
holdout	global_null_imbalanced_opportunity	2013	eb_delta_0.1	target			0.0	0.004640654819689973	0.0	112.0	0.9235235529729348	0.9999	0.13469935881041556	True
holdout	global_null_imbalanced_opportunity	2013	eb_delta_0.1	reference			0.0	0.00470699131388866	0.0	112.0	0.8711250535134775	0.9999	0.13469935881041556	True
holdout	global_null_imbalanced_opportunity	2013	eb_delta_0.25	target			0.0	0.003977694946487272	0.0	112.0	0.9169737405405026	0.9999	0.13469935881041556	True
holdout	global_null_imbalanced_opportunity	2013	eb_delta_0.25	reference			0.0	0.004048622758714936	0.0	112.0	0.854750522432397	0.9999	0.13469935881041556	True
holdout	global_null_imbalanced_opportunity	2013	eb_delta_0.5	target			0.0	0.002927267745924866	0.0	112.0	0.8940493970269899	0.9999	0.13469935881041556	True
holdout	global_null_imbalanced_opportunity	2013	eb_delta_0.5	reference			0.0	0.003009227168973071	0.0	112.0	0.8351010851351005	0.9999	0.13469935881041556	True
holdout	global_null_imbalanced_opportunity	2014	hard_z1	target			0.8055555555555556	17.75	0.0	112.0	0.9138272325910289			
holdout	global_null_imbalanced_opportunity	2014	hard_z1	reference			0.6666666666666666	17.694444444444443	0.0	112.0	0.9200925866342698			
holdout	global_null_imbalanced_opportunity	2014	wald_p05	target			0.9444444444444444	2.9444444444444446	0.0	112.0	0.645879514732696			
holdout	global_null_imbalanced_opportunity	2014	wald_p05	reference			0.9722222222222222	2.9444444444444446	0.0	112.0	0.5740700878995532			
holdout	global_null_imbalanced_opportunity	2014	continuous_sign	target			0.0	28.404246644497597	0.0	112.0	0.9366231778377989			
holdout	global_null_imbalanced_opportunity	2014	continuous_sign	reference			0.0	27.666984373990555	0.0	112.0	0.943172990270231			
holdout	global_null_imbalanced_opportunity	2014	eb_delta_0	target			0.0	0.005201937388681123	0.0	112.0	0.8973243032432059	0.9999	0.13519223931720792	True
holdout	global_null_imbalanced_opportunity	2014	eb_delta_0	reference			0.0	0.0049587508397455305	0.0	112.0	0.9202486467567186	0.9999	0.13519223931720792	True
holdout	global_null_imbalanced_opportunity	2014	eb_delta_0.1	target			0.0	0.004755412010399498	0.0	112.0	0.8973243032432059	0.9999	0.13519223931720792	True
holdout	global_null_imbalanced_opportunity	2014	eb_delta_0.1	reference			0.0	0.004513102424488003	0.0	112.0	0.9136988343242864	0.9999	0.13519223931720792	True
holdout	global_null_imbalanced_opportunity	2014	eb_delta_0.25	target			0.0	0.0040940154585753724	0.0	112.0	0.8907744908107738	0.9999	0.13519223931720792	True
holdout	global_null_imbalanced_opportunity	2014	eb_delta_0.25	reference			0.0	0.0038552823559552646	0.0	112.0	0.9005992094594221	0.9999	0.13519223931720792	True
holdout	global_null_imbalanced_opportunity	2014	eb_delta_0.5	target			0.0	0.0030539679617678692	0.0	112.0	0.8678501472972613	0.9999	0.13519223931720792	True
holdout	global_null_imbalanced_opportunity	2014	eb_delta_0.5	reference			0.0	0.0028170728205764474	0.0	112.0	0.8613003348648292	0.9999	0.13519223931720792	True
holdout	global_null_imbalanced_opportunity	2015	hard_z1	target			0.6944444444444444	17.25	0.0	112.0	0.8825413719641015			
holdout	global_null_imbalanced_opportunity	2015	hard_z1	reference			0.5833333333333334	17.75	0.0	112.0	0.9447549859466603			
holdout	global_null_imbalanced_opportunity	2015	wald_p05	target			1.0	2.4444444444444446	0.0	112.0	0.660958151646434			
holdout	global_null_imbalanced_opportunity	2015	wald_p05	reference			0.9722222222222222	2.4722222222222223	0.0	112.0	0.6787792949167295			
holdout	global_null_imbalanced_opportunity	2015	continuous_sign	target			0.0	27.126574745884977	0.0	112.0	0.943172990270231			
holdout	global_null_imbalanced_opportunity	2015	continuous_sign	reference			0.0	28.386942221215403	0.0	112.0	0.943172990270231			
holdout	global_null_imbalanced_opportunity	2015	eb_delta_0	target			0.0	0.005121217343511106	0.0	112.0	0.943172990270231	0.9999	0.13109517789163677	True
holdout	global_null_imbalanced_opportunity	2015	eb_delta_0	reference			0.0	0.0048339816902462605	0.0	112.0	0.9398980840540151	0.9999	0.13109517789163677	True
holdout	global_null_imbalanced_opportunity	2015	eb_delta_0.1	target			0.0	0.004675963549647666	0.0	112.0	0.943172990270231	0.9999	0.13109517789163677	True
holdout	global_null_imbalanced_opportunity	2015	eb_delta_0.1	reference			0.0	0.004387444518544841	0.0	112.0	0.9366231778377989	0.9999	0.13109517789163677	True
holdout	global_null_imbalanced_opportunity	2015	eb_delta_0.25	target			0.0	0.0040225422957048	0.0	112.0	0.943172990270231	0.9999	0.13109517789163677	True
holdout	global_null_imbalanced_opportunity	2015	eb_delta_0.25	reference			0.0	0.0037274498998809396	0.0	112.0	0.9267984591891507	0.9999	0.13109517789163677	True
holdout	global_null_imbalanced_opportunity	2015	eb_delta_0.5	target			0.0	0.003014830674554638	0.0	112.0	0.9267984591891507	0.9999	0.13109517789163677	True
holdout	global_null_imbalanced_opportunity	2015	eb_delta_0.5	reference			0.0	0.0026991004846935807	0.0	112.0	0.8907744908107738	0.9999	0.13109517789163677	True
holdout	global_null_imbalanced_opportunity	2016	hard_z1	target			0.6111111111111112	17.86111111111111	0.0	112.0	0.9378914562492954			
holdout	global_null_imbalanced_opportunity	2016	hard_z1	reference			0.5	17.833333333333332	0.0	112.0	0.9067962314864141			
holdout	global_null_imbalanced_opportunity	2016	wald_p05	target			0.9166666666666666	2.8333333333333335	0.0	112.0	0.8005873127897543			
holdout	global_null_imbalanced_opportunity	2016	wald_p05	reference			1.0	2.5277777777777777	0.0	112.0	0.45833333333333326			
holdout	global_null_imbalanced_opportunity	2016	continuous_sign	target			0.0	28.649377064319296	0.0	112.0	0.943172990270231			
holdout	global_null_imbalanced_opportunity	2016	continuous_sign	reference			0.0	27.93231680059165	0.0	112.0	0.943172990270231			
holdout	global_null_imbalanced_opportunity	2016	eb_delta_0	target			0.0	0.09398095767124172	0.0	112.0	0.9398980840540151	0.998320224462015	0.13305899297793106	True
holdout	global_null_imbalanced_opportunity	2016	eb_delta_0	reference			0.0	0.09415367464087464	0.0	112.0	0.9366231778377989	0.998320224462015	0.13305899297793106	True
holdout	global_null_imbalanced_opportunity	2016	eb_delta_0.1	target			0.0	0.08647609845128706	0.0	112.0	0.9267984591891507	0.998320224462015	0.13305899297793106	True
holdout	global_null_imbalanced_opportunity	2016	eb_delta_0.1	reference			0.0	0.08667051014706431	0.0	112.0	0.933348271621583	0.998320224462015	0.13305899297793106	True
holdout	global_null_imbalanced_opportunity	2016	eb_delta_0.25	target			0.0	0.07532297183349199	0.0	112.0	0.9235235529729348	0.998320224462015	0.13305899297793106	True
holdout	global_null_imbalanced_opportunity	2016	eb_delta_0.25	reference			0.0	0.0756450226004193	0.0	112.0	0.9136988343242864	0.998320224462015	0.13305899297793106	True
holdout	global_null_imbalanced_opportunity	2016	eb_delta_0.5	target			0.0	0.05753760268759321	0.0	112.0	0.9005992094594221	0.998320224462015	0.13305899297793106	True
holdout	global_null_imbalanced_opportunity	2016	eb_delta_0.5	reference			0.0	0.058460231990422065	0.0	112.0	0.8743999597296934	0.998320224462015	0.13305899297793106	True
holdout	global_null_imbalanced_opportunity	2017	hard_z1	target			0.6388888888888888	17.666666666666668	0.0	112.0	0.9446330112529822			
holdout	global_null_imbalanced_opportunity	2017	hard_z1	reference			0.6111111111111112	17.416666666666668	0.0	112.0	0.9310324513682735			
holdout	global_null_imbalanced_opportunity	2017	wald_p05	target			0.9166666666666666	3.3055555555555554	0.0	112.0	0.7151901312420101			
holdout	global_null_imbalanced_opportunity	2017	wald_p05	reference			0.9166666666666666	2.9722222222222223	0.0	112.0	0.7352451225680952			
holdout	global_null_imbalanced_opportunity	2017	continuous_sign	target			0.0	28.459716108430623	0.0	112.0	0.943172990270231			
holdout	global_null_imbalanced_opportunity	2017	continuous_sign	reference			0.0	27.86850184843371	0.0	112.0	0.943172990270231			
holdout	global_null_imbalanced_opportunity	2017	eb_delta_0	target			0.0	0.07706700446052205	0.0	112.0	0.8089018354053719	0.9987658009003909	0.13347356979744218	True
holdout	global_null_imbalanced_opportunity	2017	eb_delta_0	reference			0.0	0.06116334299234035	0.0	112.0	0.9267984591891507	0.9987658009003909	0.13347356979744218	True
holdout	global_null_imbalanced_opportunity	2017	eb_delta_0.1	target			0.0	0.07155079646848489	0.0	112.0	0.8023520229729396	0.9987658009003909	0.13347356979744218	True
holdout	global_null_imbalanced_opportunity	2017	eb_delta_0.1	reference			0.0	0.055666755032719006	0.0	112.0	0.9136988343242864	0.9987658009003909	0.13347356979744218	True
holdout	global_null_imbalanced_opportunity	2017	eb_delta_0.25	target			0.0	0.06334605522314407	0.0	112.0	0.7892523981080753	0.9987658009003909	0.13347356979744218	True
holdout	global_null_imbalanced_opportunity	2017	eb_delta_0.25	reference			0.0	0.04756576598805963	0.0	112.0	0.9071490218918543	0.9987658009003909	0.13347356979744218	True
holdout	global_null_imbalanced_opportunity	2017	eb_delta_0.5	target			0.0	0.05021601230512273	0.0	112.0	0.7597782421621307	0.9987658009003909	0.13347356979744218	True
holdout	global_null_imbalanced_opportunity	2017	eb_delta_0.5	reference			0.0	0.034857913103481936	0.0	112.0	0.8842246783783417	0.9987658009003909	0.13347356979744218	True
holdout	global_null_imbalanced_opportunity	2018	hard_z1	target			0.5277777777777778	17.083333333333332	0.0	112.0	0.919321368624145			
holdout	global_null_imbalanced_opportunity	2018	hard_z1	reference			0.5833333333333334	16.27777777777778	0.0	112.0	0.9149360709564806			
holdout	global_null_imbalanced_opportunity	2018	wald_p05	target			0.9722222222222222	2.9722222222222223	0.0	112.0	0.6018341534152877			
holdout	global_null_imbalanced_opportunity	2018	wald_p05	reference			0.9722222222222222	2.2777777777777777	0.0	112.0	0.6341659778632732			
holdout	global_null_imbalanced_opportunity	2018	continuous_sign	target			0.0	28.4101660613383	0.0	112.0	0.943172990270231			
holdout	global_null_imbalanced_opportunity	2018	continuous_sign	reference			0.0	27.136712495335605	0.0	112.0	0.9398980840540151			
holdout	global_null_imbalanced_opportunity	2018	eb_delta_0	target			0.0	0.005528546687744064	0.0	112.0	0.8940493970269899	0.9999	0.12929458832498392	True
holdout	global_null_imbalanced_opportunity	2018	eb_delta_0	reference			0.0	0.00516960913017888	0.0	112.0	0.8351010851351005	0.9999	0.12929458832498392	True
holdout	global_null_imbalanced_opportunity	2018	eb_delta_0.1	target			0.0	0.005081449438124189	0.0	112.0	0.8842246783783417	0.9999	0.12929458832498392	True
holdout	global_null_imbalanced_opportunity	2018	eb_delta_0.1	reference			0.0	0.004724655650498972	0.0	112.0	0.8285512727026683	0.9999	0.12929458832498392	True
holdout	global_null_imbalanced_opportunity	2018	eb_delta_0.25	target			0.0	0.0044161710710673655	0.0	112.0	0.8645752410810451	0.9999	0.12929458832498392	True
holdout	global_null_imbalanced_opportunity	2018	eb_delta_0.25	reference			0.0	0.004072122941977476	0.0	112.0	0.8220014602702361	0.9999	0.12929458832498392	True
holdout	global_null_imbalanced_opportunity	2018	eb_delta_0.5	target			0.0	0.0033465007225981997	0.0	112.0	0.8351010851351005	0.9999	0.12929458832498392	True
holdout	global_null_imbalanced_opportunity	2018	eb_delta_0.5	reference			0.0	0.0030650719089225695	0.0	112.0	0.7041048364864573	0.9999	0.12929458832498392	True
holdout	global_null_imbalanced_opportunity	2019	hard_z1	target			0.5555555555555556	18.666666666666668	0.0	112.0	0.9408066372715224			
holdout	global_null_imbalanced_opportunity	2019	hard_z1	reference			0.6944444444444444	18.52777777777778	0.0	112.0	0.905039653381855			
holdout	global_null_imbalanced_opportunity	2019	wald_p05	target			1.0	2.4722222222222223	0.0	112.0	0.6906222074201209			
holdout	global_null_imbalanced_opportunity	2019	wald_p05	reference			0.9166666666666666	2.9166666666666665	0.0	112.0	0.7854585792978723			
holdout	global_null_imbalanced_opportunity	2019	continuous_sign	target			0.0	28.065099534655634	0.0	112.0	0.943172990270231			
holdout	global_null_imbalanced_opportunity	2019	continuous_sign	reference			0.0	28.333180685377243	0.0	112.0	0.943172990270231			
holdout	global_null_imbalanced_opportunity	2019	eb_delta_0	target			0.0	0.005240764617106163	0.0	112.0	0.8842246783783417	0.9999	0.1363640532588597	True
holdout	global_null_imbalanced_opportunity	2019	eb_delta_0	reference			0.0	0.005610206974477996	0.0	112.0	0.8907744908107738	0.9999	0.1363640532588597	True
holdout	global_null_imbalanced_opportunity	2019	eb_delta_0.1	target			0.0	0.004794568770450209	0.0	112.0	0.858025428648613	0.9999	0.1363640532588597	True
holdout	global_null_imbalanced_opportunity	2019	eb_delta_0.1	reference			0.0	0.005164132599219486	0.0	112.0	0.8776748659459096	0.9999	0.1363640532588597	True
holdout	global_null_imbalanced_opportunity	2019	eb_delta_0.25	target			0.0	0.004134393603256889	0.0	112.0	0.8449258037837488	0.9999	0.1363640532588597	True
holdout	global_null_imbalanced_opportunity	2019	eb_delta_0.25	reference			0.0	0.0045037420856843275	0.0	112.0	0.8613003348648292	0.9999	0.1363640532588597	True
holdout	global_null_imbalanced_opportunity	2019	eb_delta_0.5	target			0.0	0.0030950230847021963	0.0	112.0	0.815451647837804	0.9999	0.1363640532588597	True
holdout	global_null_imbalanced_opportunity	2019	eb_delta_0.5	reference			0.0	0.0034556735874364942	0.0	112.0	0.7827025856756432	0.9999	0.1363640532588597	True
holdout	global_null_imbalanced_opportunity	2020	hard_z1	target			0.5833333333333334	17.166666666666668	0.0	112.0	0.919380624247567			
holdout	global_null_imbalanced_opportunity	2020	hard_z1	reference			0.75	17.944444444444443	0.0	112.0	0.8887013449075492			
holdout	global_null_imbalanced_opportunity	2020	wald_p05	target			0.9722222222222222	2.4444444444444446	0.0	112.0	0.645763230108041			
holdout	global_null_imbalanced_opportunity	2020	wald_p05	reference			0.9722222222222222	2.4166666666666665	0.0	112.0	0.72317028332842			
holdout	global_null_imbalanced_opportunity	2020	continuous_sign	target			0.0	27.970778988349046	0.0	112.0	0.943172990270231			
holdout	global_null_imbalanced_opportunity	2020	continuous_sign	reference			0.0	27.781766791285122	0.0	112.0	0.943172990270231			
holdout	global_null_imbalanced_opportunity	2020	eb_delta_0	target			0.0	0.02315087339234543	0.0	112.0	0.9366231778377989	0.9996492985721592	0.14562532965367161	True
holdout	global_null_imbalanced_opportunity	2020	eb_delta_0	reference			0.0	0.016128090929704644	0.0	112.0	0.9267984591891507	0.9996492985721592	0.14562532965367161	True
holdout	global_null_imbalanced_opportunity	2020	eb_delta_0.1	target			0.0	0.021586732099061277	0.0	112.0	0.9300733654053668	0.9996492985721592	0.14562532965367161	True
holdout	global_null_imbalanced_opportunity	2020	eb_delta_0.1	reference			0.0	0.014563888480084587	0.0	112.0	0.9267984591891507	0.9996492985721592	0.14562532965367161	True
holdout	global_null_imbalanced_opportunity	2020	eb_delta_0.25	target			0.0	0.019276099061237992	0.0	112.0	0.9169737405405026	0.9996492985721592	0.14562532965367161	True
holdout	global_null_imbalanced_opportunity	2020	eb_delta_0.25	reference			0.0	0.01225656323739498	0.0	112.0	0.9235235529729348	0.9996492985721592	0.14562532965367161	True
holdout	global_null_imbalanced_opportunity	2020	eb_delta_0.5	target			0.0	0.015643176230523286	0.0	112.0	0.8940493970269899	0.9996492985721592	0.14562532965367161	True
holdout	global_null_imbalanced_opportunity	2020	eb_delta_0.5	reference			0.0	0.008682436354267482	0.0	112.0	0.9202486467567186	0.9996492985721592	0.14562532965367161	True
holdout	global_null_imbalanced_opportunity	2021	hard_z1	target			0.75	18.333333333333332	0.0	112.0	0.9135911930074475			
holdout	global_null_imbalanced_opportunity	2021	hard_z1	reference			0.75	17.61111111111111	0.0	112.0	0.9447549859466603			
holdout	global_null_imbalanced_opportunity	2021	wald_p05	target			1.0	3.25	0.0	112.0	0.7299563933132405			
holdout	global_null_imbalanced_opportunity	2021	wald_p05	reference			0.8888888888888888	2.638888888888889	0.0	112.0	0.5915089519719637			
holdout	global_null_imbalanced_opportunity	2021	continuous_sign	target			0.0	28.935486389074608	0.0	112.0	0.943172990270231			
holdout	global_null_imbalanced_opportunity	2021	continuous_sign	reference			0.0	27.823056052784214	0.0	112.0	0.943172990270231			
holdout	global_null_imbalanced_opportunity	2021	eb_delta_0	target			0.0	0.005525421184597511	0.0	112.0	0.8678501472972613	0.9999	0.13495922805674948	True
holdout	global_null_imbalanced_opportunity	2021	eb_delta_0	reference			0.0	0.005326314661825334	0.0	112.0	0.943172990270231	0.9999	0.13495922805674948	True
holdout	global_null_imbalanced_opportunity	2021	eb_delta_0.1	target			0.0	0.005078560893154457	0.0	112.0	0.8613003348648292	0.9999	0.13495922805674948	True
holdout	global_null_imbalanced_opportunity	2021	eb_delta_0.1	reference			0.0	0.004880937596734105	0.0	112.0	0.943172990270231	0.9999	0.13495922805674948	True
holdout	global_null_imbalanced_opportunity	2021	eb_delta_0.25	target			0.0	0.004414415424675278	0.0	112.0	0.851475616216181	0.9999	0.13495922805674948	True
holdout	global_null_imbalanced_opportunity	2021	eb_delta_0.25	reference			0.0	0.004225153643634094	0.0	112.0	0.9398980840540151	0.9999	0.13495922805674948	True
holdout	global_null_imbalanced_opportunity	2021	eb_delta_0.5	target			0.0	0.003352698804163413	0.0	112.0	0.8023520229729396	0.9999	0.13495922805674948	True
holdout	global_null_imbalanced_opportunity	2021	eb_delta_0.5	reference			0.0	0.0032041889267696994	0.0	112.0	0.9136988343242864	0.9999	0.13495922805674948	True
holdout	global_null_imbalanced_opportunity	2022	hard_z1	target			0.6666666666666666	17.36111111111111	0.0	112.0	0.9320547382367512			
holdout	global_null_imbalanced_opportunity	2022	hard_z1	reference			0.75	16.86111111111111	0.0	112.0	0.9170492403930282			
holdout	global_null_imbalanced_opportunity	2022	wald_p05	target			0.9166666666666666	2.75	0.0	112.0	0.8668897191457378			
holdout	global_null_imbalanced_opportunity	2022	wald_p05	reference			0.9722222222222222	2.1944444444444446	0.0	112.0	0.7117101590411051			
holdout	global_null_imbalanced_opportunity	2022	continuous_sign	target			0.0	27.577221193322213	0.0	112.0	0.943172990270231			
holdout	global_null_imbalanced_opportunity	2022	continuous_sign	reference			0.0	27.144358698422774	0.0	112.0	0.943172990270231			
holdout	global_null_imbalanced_opportunity	2022	eb_delta_0	target			0.0	0.005118992426216585	0.0	112.0	0.9071490218918543	0.9999	0.12755572968467593	True
holdout	global_null_imbalanced_opportunity	2022	eb_delta_0	reference			0.0	0.004989377914370801	0.0	112.0	0.8220014602702361	0.9999	0.12755572968467593	True
holdout	global_null_imbalanced_opportunity	2022	eb_delta_0.1	target			0.0	0.004672612495132348	0.0	112.0	0.9071490218918543	0.9999	0.12755572968467593	True
holdout	global_null_imbalanced_opportunity	2022	eb_delta_0.1	reference			0.0	0.004543883669117595	0.0	112.0	0.7958022105405077	0.9999	0.12755572968467593	True
holdout	global_null_imbalanced_opportunity	2022	eb_delta_0.25	target			0.0	0.004012864393683914	0.0	112.0	0.9038741156756381	0.9999	0.12755572968467593	True
holdout	global_null_imbalanced_opportunity	2022	eb_delta_0.25	reference			0.0	0.003888795751951107	0.0	112.0	0.776152773243211	0.9999	0.12755572968467593	True
holdout	global_null_imbalanced_opportunity	2022	eb_delta_0.5	target			0.0	0.002979142088318959	0.0	112.0	0.8973243032432059	0.9999	0.12755572968467593	True
holdout	global_null_imbalanced_opportunity	2022	eb_delta_0.5	reference			0.0	0.0028717788659556602	0.0	112.0	0.7466786172972663	0.9999	0.12755572968467593	True
holdout	global_null_imbalanced_opportunity	2023	hard_z1	target			0.5833333333333334	17.63888888888889	0.0	112.0	0.9390465199533972			
holdout	global_null_imbalanced_opportunity	2023	hard_z1	reference			0.6944444444444444	17.416666666666668	0.0	112.0	0.897478977163598			
holdout	global_null_imbalanced_opportunity	2023	wald_p05	target			1.0	2.5	0.0	112.0	0.7145262935442714			
holdout	global_null_imbalanced_opportunity	2023	wald_p05	reference			0.9166666666666666	2.888888888888889	0.0	112.0	0.7007685422065583			
holdout	global_null_imbalanced_opportunity	2023	continuous_sign	target			0.0	28.301969529307115	0.0	112.0	0.943172990270231			
holdout	global_null_imbalanced_opportunity	2023	continuous_sign	reference			0.0	27.404563313560672	0.0	112.0	0.943172990270231			
holdout	global_null_imbalanced_opportunity	2023	eb_delta_0	target			0.0	0.005055490043477194	0.0	112.0	0.943172990270231	0.9999	0.1345563754840925	True
holdout	global_null_imbalanced_opportunity	2023	eb_delta_0	reference			0.0	0.00543721936850098	0.0	112.0	0.815451647837804	0.9999	0.1345563754840925	True
holdout	global_null_imbalanced_opportunity	2023	eb_delta_0.1	target			0.0	0.004608785593306559	0.0	112.0	0.943172990270231	0.9999	0.1345563754840925	True
holdout	global_null_imbalanced_opportunity	2023	eb_delta_0.1	reference			0.0	0.004991880197196884	0.0	112.0	0.815451647837804	0.9999	0.1345563754840925	True
holdout	global_null_imbalanced_opportunity	2023	eb_delta_0.25	target			0.0	0.003946816957149886	0.0	112.0	0.943172990270231	0.9999	0.1345563754840925	True
holdout	global_null_imbalanced_opportunity	2023	eb_delta_0.25	reference			0.0	0.004336610045253359	0.0	112.0	0.7925273043242915	0.9999	0.1345563754840925	True
holdout	global_null_imbalanced_opportunity	2023	eb_delta_0.5	target			0.0	0.0029068041198944488	0.0	112.0	0.9267984591891507	0.9999	0.1345563754840925	True
holdout	global_null_imbalanced_opportunity	2023	eb_delta_0.5	reference			0.0	0.003315433711520733	0.0	112.0	0.7499535235134823	0.9999	0.1345563754840925	True
holdout	global_null_imbalanced_opportunity	2024	hard_z1	target			0.6666666666666666	17.444444444444443	0.0	112.0	0.918452492896954			
holdout	global_null_imbalanced_opportunity	2024	hard_z1	reference			0.6388888888888888	17.36111111111111	0.0	112.0	0.9452433576442791			
holdout	global_null_imbalanced_opportunity	2024	wald_p05	target			0.9722222222222222	2.9722222222222223	0.0	112.0	0.5954769014416168			
holdout	global_null_imbalanced_opportunity	2024	wald_p05	reference			0.8888888888888888	2.8055555555555554	0.0	112.0	0.8373128188347071			
holdout	global_null_imbalanced_opportunity	2024	continuous_sign	target			0.0	28.088959958023317	0.0	112.0	0.943172990270231			
holdout	global_null_imbalanced_opportunity	2024	continuous_sign	reference			0.0	27.642491472698538	0.0	112.0	0.943172990270231			
holdout	global_null_imbalanced_opportunity	2024	eb_delta_0	target			0.0	0.0053616147707152735	0.0	112.0	0.9136988343242864	0.9999	0.12955493138868374	True
holdout	global_null_imbalanced_opportunity	2024	eb_delta_0	reference			0.0	0.005154379546759284	0.0	112.0	0.9038741156756381	0.9999	0.12955493138868374	True
holdout	global_null_imbalanced_opportunity	2024	eb_delta_0.1	target			0.0	0.004915017266352885	0.0	112.0	0.9104239281080704	0.9999	0.12955493138868374	True
holdout	global_null_imbalanced_opportunity	2024	eb_delta_0.1	reference			0.0	0.004708700332822547	0.0	112.0	0.8907744908107738	0.9999	0.12955493138868374	True
holdout	global_null_imbalanced_opportunity	2024	eb_delta_0.25	target			0.0	0.004252619782261012	0.0	112.0	0.9005992094594221	0.9999	0.12955493138868374	True
holdout	global_null_imbalanced_opportunity	2024	eb_delta_0.25	reference			0.0	0.00405094885854714	0.0	112.0	0.8645752410810451	0.9999	0.12955493138868374	True
holdout	global_null_imbalanced_opportunity	2024	eb_delta_0.5	target			0.0	0.0032083139859585886	0.0	112.0	0.8252763664864522	0.9999	0.12955493138868374	True
holdout	global_null_imbalanced_opportunity	2024	eb_delta_0.5	reference			0.0	0.0030198682692991054	0.0	112.0	0.851475616216181	0.9999	0.12955493138868374	True
