split	scenario	seed	candidate	direction	pair_rank_spearman	top_quartile_auroc	tie_fraction	program_sign_concordance	program_reliability	program_maximum_alpha	program_alpha_cap	program_effective_alpha	program_n_concordance_edges	program_fit_status	program_formal_release_allowed
development	helpful_program	601	program_max_alpha_0	target	0.7667658277033877	0.9722222222222222	0.5714285714285714	0.6175925925925926	0.23518518518518516	0.0	1.5	0.0	2160	candidate_unreleased	False
development	helpful_program	601	program_max_alpha_0	reference	0.8585433721501529	0.9744897959183674	0.8095238095238095	0.6175925925925926	0.23518518518518516	0.0	1.5	0.0	2160	candidate_unreleased	False
development	helpful_program	601	program_max_alpha_1	target	0.8010454458219632	0.9888888888888889	0.0	0.6175925925925926	0.23518518518518516	1.0	1.5	0.23518518518518516	2160	candidate_unreleased	False
development	helpful_program	601	program_max_alpha_1	reference	0.8704456598820518	0.9693877551020409	0.0	0.6175925925925926	0.23518518518518516	1.0	1.5	0.23518518518518516	2160	candidate_unreleased	False
development	helpful_program	601	program_max_alpha_2	target	0.8108142927222312	0.9777777777777777	0.0	0.6175925925925926	0.23518518518518516	2.0	1.5	0.4703703703703703	2160	candidate_unreleased	False
development	helpful_program	601	program_max_alpha_2	reference	0.9029978535949184	0.9795918367346939	0.0	0.6175925925925926	0.23518518518518516	2.0	1.5	0.4703703703703703	2160	candidate_unreleased	False
development	helpful_program	601	program_max_alpha_4	target	0.8101630362622133	0.9777777777777777	0.0	0.6175925925925926	0.23518518518518516	4.0	1.5	0.9407407407407407	2160	candidate_unreleased	False
development	helpful_program	601	program_max_alpha_4	reference	0.9166697749543223	0.9693877551020409	0.0	0.6175925925925926	0.23518518518518516	4.0	1.5	0.9407407407407407	2160	candidate_unreleased	False
development	helpful_program	601	program_max_alpha_6	target	0.825793191302642	0.9777777777777777	0.0	0.6175925925925926	0.23518518518518516	6.0	1.5	1.411111111111111	2160	candidate_unreleased	False
development	helpful_program	601	program_max_alpha_6	reference	0.9309927401879835	0.9693877551020409	0.0	0.6175925925925926	0.23518518518518516	6.0	1.5	1.411111111111111	2160	candidate_unreleased	False
development	helpful_program	602	program_max_alpha_0	target	0.6003257648296477	0.8222222222222223	0.6666666666666666	0.625462962962963	0.250925925925926	0.0	1.5	0.0	2160	candidate_unreleased	False
development	helpful_program	602	program_max_alpha_0	reference	0.8904156949910357	0.9387755102040816	0.6666666666666666	0.625462962962963	0.250925925925926	0.0	1.5	0.0	2160	candidate_unreleased	False
development	helpful_program	602	program_max_alpha_1	target	0.6300285608682816	0.8444444444444444	0.0	0.625462962962963	0.250925925925926	1.0	1.5	0.250925925925926	2160	candidate_unreleased	False
development	helpful_program	602	program_max_alpha_1	reference	0.9057831671712564	0.9489795918367347	0.0	0.625462962962963	0.250925925925926	1.0	1.5	0.250925925925926	2160	candidate_unreleased	False
development	helpful_program	602	program_max_alpha_2	target	0.6460123721376672	0.8555555555555556	0.0	0.625462962962963	0.250925925925926	2.0	1.5	0.501851851851852	2160	candidate_unreleased	False
development	helpful_program	602	program_max_alpha_2	reference	0.9200781669400996	0.9489795918367347	0.0	0.625462962962963	0.250925925925926	2.0	1.5	0.501851851851852	2160	candidate_unreleased	False
development	helpful_program	602	program_max_alpha_4	target	0.6646601519519504	0.9111111111111111	0.0	0.625462962962963	0.250925925925926	4.0	1.5	1.003703703703704	2160	candidate_unreleased	False
development	helpful_program	602	program_max_alpha_4	reference	0.927875439541287	0.9591836734693878	0.0	0.625462962962963	0.250925925925926	4.0	1.5	1.003703703703704	2160	candidate_unreleased	False
development	helpful_program	602	program_max_alpha_6	target	0.6646601519519504	0.9111111111111111	0.0	0.625462962962963	0.250925925925926	6.0	1.5	1.5	2160	candidate_unreleased	False
development	helpful_program	602	program_max_alpha_6	reference	0.9077324853215533	0.9591836734693878	0.0	0.625462962962963	0.250925925925926	6.0	1.5	1.5	2160	candidate_unreleased	False
development	helpful_program	603	program_max_alpha_0	target	0.5707725264611981	0.8166666666666668	0.6666666666666666	0.6259259259259259	0.25185185185185177	0.0	1.5	0.0	2160	candidate_unreleased	False
development	helpful_program	603	program_max_alpha_0	reference	0.9005581649735834	0.8666666666666667	0.5714285714285714	0.6259259259259259	0.25185185185185177	0.0	1.5	0.0	2160	candidate_unreleased	False
development	helpful_program	603	program_max_alpha_1	target	0.641443244418469	0.8555555555555556	0.0	0.6259259259259259	0.25185185185185177	1.0	1.5	0.25185185185185177	2160	candidate_unreleased	False
development	helpful_program	603	program_max_alpha_1	reference	0.9135804397724436	0.8777777777777778	0.0	0.6259259259259259	0.25185185185185177	1.0	1.5	0.25185185185185177	2160	candidate_unreleased	False
development	helpful_program	603	program_max_alpha_2	target	0.7086544897644529	0.8777777777777778	0.0	0.6259259259259259	0.25185185185185177	2.0	1.5	0.5037037037037035	2160	candidate_unreleased	False
development	helpful_program	603	program_max_alpha_2	reference	0.9018845308706628	0.8555555555555556	0.0	0.6259259259259259	0.25185185185185177	2.0	1.5	0.5037037037037035	2160	candidate_unreleased	False
development	helpful_program	603	program_max_alpha_4	target	0.7549845715078011	0.9333333333333333	0.0	0.6259259259259259	0.25185185185185177	4.0	1.5	1.007407407407407	2160	candidate_unreleased	False
development	helpful_program	603	program_max_alpha_4	reference	0.8895388492521162	0.8555555555555556	0.0	0.6259259259259259	0.25185185185185177	4.0	1.5	1.007407407407407	2160	candidate_unreleased	False
development	helpful_program	603	program_max_alpha_6	target	0.7889164623620842	0.9555555555555556	0.0	0.6259259259259259	0.25185185185185177	6.0	1.5	1.5	2160	candidate_unreleased	False
development	helpful_program	603	program_max_alpha_6	reference	0.879792258500632	0.8444444444444446	0.0	0.6259259259259259	0.25185185185185177	6.0	1.5	1.5	2160	candidate_unreleased	False
development	helpful_program	604	program_max_alpha_0	target	0.8525707485222984	0.9333333333333333	0.42857142857142855	0.6171296296296296	0.23425925925925917	0.0	1.5	0.0	2160	candidate_unreleased	False
development	helpful_program	604	program_max_alpha_0	reference	0.7329619921363042	0.9611111111111111	0.5714285714285714	0.6171296296296296	0.23425925925925917	0.0	1.5	0.0	2160	candidate_unreleased	False
development	helpful_program	604	program_max_alpha_1	target	0.8622108422514014	0.9333333333333333	0.0	0.6171296296296296	0.23425925925925917	1.0	1.5	0.23425925925925917	2160	candidate_unreleased	False
development	helpful_program	604	program_max_alpha_1	reference	0.7710452202901111	0.9777777777777777	0.0	0.6171296296296296	0.23425925925925917	1.0	1.5	0.23425925925925917	2160	candidate_unreleased	False
development	helpful_program	604	program_max_alpha_2	target	0.8840473409423424	0.9444444444444445	0.0	0.6171296296296296	0.23425925925925917	2.0	1.5	0.46851851851851833	2160	candidate_unreleased	False
development	helpful_program	604	program_max_alpha_2	reference	0.8062706364454969	0.9777777777777777	0.0	0.6171296296296296	0.23425925925925917	2.0	1.5	0.46851851851851833	2160	candidate_unreleased	False
development	helpful_program	604	program_max_alpha_4	target	0.8926495980024102	0.9	0.0	0.6171296296296296	0.23425925925925917	4.0	1.5	0.9370370370370367	2160	candidate_unreleased	False
development	helpful_program	604	program_max_alpha_4	reference	0.8317112147799421	0.9666666666666667	0.0	0.6171296296296296	0.23425925925925917	4.0	1.5	0.9370370370370367	2160	candidate_unreleased	False
development	helpful_program	604	program_max_alpha_6	target	0.8952964463285848	0.8888888888888888	0.0	0.6171296296296296	0.23425925925925917	6.0	1.5	1.405555555555555	2160	candidate_unreleased	False
development	helpful_program	604	program_max_alpha_6	reference	0.8323635373013383	0.9333333333333333	0.0	0.6171296296296296	0.23425925925925917	6.0	1.5	1.405555555555555	2160	candidate_unreleased	False
development	helpful_program	605	program_max_alpha_0	target	0.5255362034360027	0.7277777777777779	0.7619047619047619	0.6370370370370371	0.27407407407407414	0.0	1.5	0.0	2160	candidate_unreleased	False
development	helpful_program	605	program_max_alpha_0	reference	0.8197614852650899	0.8611111111111112	0.7619047619047619	0.6370370370370371	0.27407407407407414	0.0	1.5	0.0	2160	candidate_unreleased	False
development	helpful_program	605	program_max_alpha_1	target	0.540654752239465	0.7	0.0	0.6370370370370371	0.27407407407407414	1.0	1.5	0.27407407407407414	2160	candidate_unreleased	False
development	helpful_program	605	program_max_alpha_1	reference	0.836969304550817	0.8777777777777778	0.0	0.6370370370370371	0.27407407407407414	1.0	1.5	0.27407407407407414	2160	candidate_unreleased	False
development	helpful_program	605	program_max_alpha_2	target	0.5706911273638797	0.7	0.0	0.6370370370370371	0.27407407407407414	2.0	1.5	0.5481481481481483	2160	candidate_unreleased	False
development	helpful_program	605	program_max_alpha_2	reference	0.8096343816961247	0.8666666666666667	0.0	0.6370370370370371	0.27407407407407414	2.0	1.5	0.5481481481481483	2160	candidate_unreleased	False
development	helpful_program	605	program_max_alpha_4	target	0.5400017875628472	0.7111111111111111	0.0	0.6370370370370371	0.27407407407407414	4.0	1.5	1.0962962962962965	2160	candidate_unreleased	False
development	helpful_program	605	program_max_alpha_4	reference	0.7946652572756979	0.8555555555555556	0.0	0.6370370370370371	0.27407407407407414	4.0	1.5	1.0962962962962965	2160	candidate_unreleased	False
development	helpful_program	605	program_max_alpha_6	target	0.49755908358269596	0.6666666666666667	0.0	0.6370370370370371	0.27407407407407414	6.0	1.5	1.5	2160	candidate_unreleased	False
development	helpful_program	605	program_max_alpha_6	reference	0.7666795029244653	0.8444444444444446	0.0	0.6370370370370371	0.27407407407407414	6.0	1.5	1.5	2160	candidate_unreleased	False
development	helpful_program	606	program_max_alpha_0	target	0.8856309216615752	0.9948979591836735	0.42857142857142855	0.6259259259259259	0.25185185185185177	0.0	1.5	0.0	2160	candidate_unreleased	False
development	helpful_program	606	program_max_alpha_0	reference	0.16114958625100906	0.6224489795918368	0.7142857142857143	0.6259259259259259	0.25185185185185177	0.0	1.5	0.0	2160	candidate_unreleased	False
development	helpful_program	606	program_max_alpha_1	target	0.8764636799383545	0.979591836734694	0.0	0.6259259259259259	0.25185185185185177	1.0	1.5	0.25185185185185177	2160	candidate_unreleased	False
development	helpful_program	606	program_max_alpha_1	reference	0.1789655684460705	0.6224489795918366	0.0	0.6259259259259259	0.25185185185185177	1.0	1.5	0.25185185185185177	2160	candidate_unreleased	False
development	helpful_program	606	program_max_alpha_2	target	0.8829656360209832	0.979591836734694	0.0	0.6259259259259259	0.25185185185185177	2.0	1.5	0.5037037037037035	2160	candidate_unreleased	False
development	helpful_program	606	program_max_alpha_2	reference	0.22124089957506354	0.6326530612244898	0.0	0.6259259259259259	0.25185185185185177	2.0	1.5	0.5037037037037035	2160	candidate_unreleased	False
development	helpful_program	606	program_max_alpha_4	target	0.8914181789284006	0.979591836734694	0.0	0.6259259259259259	0.25185185185185177	4.0	1.5	1.007407407407407	2160	candidate_unreleased	False
development	helpful_program	606	program_max_alpha_4	reference	0.29592731790295124	0.673469387755102	0.0	0.6259259259259259	0.25185185185185177	4.0	1.5	1.007407407407407	2160	candidate_unreleased	False
development	helpful_program	606	program_max_alpha_6	target	0.8764636799383545	0.9489795918367346	0.0	0.6259259259259259	0.25185185185185177	6.0	1.5	1.5	2160	candidate_unreleased	False
development	helpful_program	606	program_max_alpha_6	reference	0.29874567331155083	0.6428571428571428	0.0	0.6259259259259259	0.25185185185185177	6.0	1.5	1.5	2160	candidate_unreleased	False
development	helpful_program	607	program_max_alpha_0	target	0.7748732584862923	0.938888888888889	0.6190476190476191	0.6060185185185185	0.21203703703703702	0.0	1.5	0.0	2160	candidate_unreleased	False
development	helpful_program	607	program_max_alpha_0	reference	0.76676484311787	0.8388888888888889	0.6666666666666666	0.6060185185185185	0.21203703703703702	0.0	1.5	0.0	2160	candidate_unreleased	False
development	helpful_program	607	program_max_alpha_1	target	0.7836011218345129	0.9333333333333333	0.0	0.6060185185185185	0.21203703703703702	1.0	1.5	0.21203703703703702	2160	candidate_unreleased	False
development	helpful_program	607	program_max_alpha_1	reference	0.7878838487488896	0.8777777777777778	0.0	0.6060185185185185	0.21203703703703702	1.0	1.5	0.21203703703703702	2160	candidate_unreleased	False
development	helpful_program	607	program_max_alpha_2	target	0.8324134840750349	0.9333333333333333	0.0	0.6060185185185185	0.21203703703703702	2.0	1.5	0.42407407407407405	2160	candidate_unreleased	False
development	helpful_program	607	program_max_alpha_2	reference	0.851097027680769	0.9222222222222223	0.0	0.6060185185185185	0.21203703703703702	2.0	1.5	0.42407407407407405	2160	candidate_unreleased	False
development	helpful_program	607	program_max_alpha_4	target	0.8428267880196796	0.9222222222222223	0.0	0.6060185185185185	0.21203703703703702	4.0	1.5	0.8481481481481481	2160	candidate_unreleased	False
development	helpful_program	607	program_max_alpha_4	reference	0.8817260937611644	0.9222222222222223	0.0	0.6060185185185185	0.21203703703703702	4.0	1.5	0.8481481481481481	2160	candidate_unreleased	False
development	helpful_program	607	program_max_alpha_6	target	0.8467317769989212	0.888888888888889	0.0	0.6060185185185185	0.21203703703703702	6.0	1.5	1.2722222222222221	2160	candidate_unreleased	False
development	helpful_program	607	program_max_alpha_6	reference	0.8960631034158174	0.9444444444444444	0.0	0.6060185185185185	0.21203703703703702	6.0	1.5	1.2722222222222221	2160	candidate_unreleased	False
development	helpful_program	608	program_max_alpha_0	target	0.7522303039486575	0.9888888888888889	0.6190476190476191	0.6217592592592592	0.24351851851851847	0.0	1.5	0.0	2160	candidate_unreleased	False
development	helpful_program	608	program_max_alpha_0	reference	0.7400523427096636	0.8166666666666667	0.5238095238095238	0.6217592592592592	0.24351851851851847	0.0	1.5	0.0	2160	candidate_unreleased	False
development	helpful_program	608	program_max_alpha_1	target	0.7725655212476431	1.0	0.0	0.6217592592592592	0.24351851851851847	1.0	1.5	0.24351851851851847	2160	candidate_unreleased	False
development	helpful_program	608	program_max_alpha_1	reference	0.7482122255067779	0.8222222222222223	0.0	0.6217592592592592	0.24351851851851847	1.0	1.5	0.24351851851851847	2160	candidate_unreleased	False
development	helpful_program	608	program_max_alpha_2	target	0.7947882181363233	1.0	0.0	0.6217592592592592	0.24351851851851847	2.0	1.5	0.48703703703703694	2160	candidate_unreleased	False
development	helpful_program	608	program_max_alpha_2	reference	0.7527665607924714	0.8111111111111111	0.0	0.6217592592592592	0.24351851851851847	2.0	1.5	0.48703703703703694	2160	candidate_unreleased	False
development	helpful_program	608	program_max_alpha_4	target	0.8457696992338836	1.0	0.0	0.6217592592592592	0.24351851851851847	4.0	1.5	0.9740740740740739	2160	candidate_unreleased	False
development	helpful_program	608	program_max_alpha_4	reference	0.8204309707513453	0.888888888888889	0.0	0.6217592592592592	0.24351851851851847	4.0	1.5	0.9740740740740739	2160	candidate_unreleased	False
development	helpful_program	608	program_max_alpha_6	target	0.8627635262664035	0.9888888888888889	0.0	0.6217592592592592	0.24351851851851847	6.0	1.5	1.4611111111111108	2160	candidate_unreleased	False
development	helpful_program	608	program_max_alpha_6	reference	0.8269371640166215	0.9111111111111112	0.0	0.6217592592592592	0.24351851851851847	6.0	1.5	1.4611111111111108	2160	candidate_unreleased	False
development	helpful_program	609	program_max_alpha_0	target	0.9029346617956931	0.8666666666666667	0.6190476190476191	0.6092592592592593	0.21851851851851856	0.0	1.5	0.0	2160	candidate_unreleased	False
development	helpful_program	609	program_max_alpha_0	reference	0.6918236978848064	0.9277777777777778	0.7619047619047619	0.6092592592592593	0.21851851851851856	0.0	1.5	0.0	2160	candidate_unreleased	False
development	helpful_program	609	program_max_alpha_1	target	0.9035401580793242	0.888888888888889	0.0	0.6092592592592593	0.21851851851851856	1.0	1.5	0.21851851851851856	2160	candidate_unreleased	False
development	helpful_program	609	program_max_alpha_1	reference	0.7362586658477579	0.9666666666666668	0.0	0.6092592592592593	0.21851851851851856	1.0	1.5	0.21851851851851856	2160	candidate_unreleased	False
development	helpful_program	609	program_max_alpha_2	target	0.899642788598033	0.888888888888889	0.0	0.6092592592592593	0.21851851851851856	2.0	1.5	0.4370370370370371	2160	candidate_unreleased	False
development	helpful_program	609	program_max_alpha_2	reference	0.7125738742074348	0.9555555555555556	0.0	0.6092592592592593	0.21851851851851856	2.0	1.5	0.4370370370370371	2160	candidate_unreleased	False
development	helpful_program	609	program_max_alpha_4	target	0.9204287591649191	0.9333333333333333	0.0	0.6092592592592593	0.21851851851851856	4.0	1.5	0.8740740740740742	2160	candidate_unreleased	False
development	helpful_program	609	program_max_alpha_4	reference	0.6787384575784018	0.888888888888889	0.0	0.6092592592592593	0.21851851851851856	4.0	1.5	0.8740740740740742	2160	candidate_unreleased	False
development	helpful_program	609	program_max_alpha_6	target	0.9204287591649191	0.9333333333333333	0.0	0.6092592592592593	0.21851851851851856	6.0	1.5	1.3111111111111113	2160	candidate_unreleased	False
development	helpful_program	609	program_max_alpha_6	reference	0.5413666660645278	0.8111111111111111	0.0	0.6092592592592593	0.21851851851851856	6.0	1.5	1.3111111111111113	2160	candidate_unreleased	False
development	helpful_program	610	program_max_alpha_0	target	0.8682338869107645	0.9055555555555556	0.47619047619047616	0.6236111111111111	0.24722222222222223	0.0	1.5	0.0	2160	candidate_unreleased	False
development	helpful_program	610	program_max_alpha_0	reference	0.22265500173112354		0.8095238095238095	0.6236111111111111	0.24722222222222223	0.0	1.5	0.0	2160	candidate_unreleased	False
development	helpful_program	610	program_max_alpha_1	target	0.8563076160822054	0.9222222222222223	0.0	0.6236111111111111	0.24722222222222223	1.0	1.5	0.24722222222222223	2160	candidate_unreleased	False
development	helpful_program	610	program_max_alpha_1	reference	0.19228829895749347		0.0	0.6236111111111111	0.24722222222222223	1.0	1.5	0.24722222222222223	2160	candidate_unreleased	False
development	helpful_program	610	program_max_alpha_2	target	0.8615091809483083	0.9333333333333333	0.0	0.6236111111111111	0.24722222222222223	2.0	1.5	0.49444444444444446	2160	candidate_unreleased	False
development	helpful_program	610	program_max_alpha_2	reference	0.24910075092220746		0.0	0.6236111111111111	0.24722222222222223	2.0	1.5	0.49444444444444446	2160	candidate_unreleased	False
development	helpful_program	610	program_max_alpha_4	target	0.8751632887218287	0.9555555555555556	0.0	0.6236111111111111	0.24722222222222223	4.0	1.5	0.9888888888888889	2160	candidate_unreleased	False
development	helpful_program	610	program_max_alpha_4	reference	0.26658150537288866		0.0	0.6236111111111111	0.24722222222222223	4.0	1.5	0.9888888888888889	2160	candidate_unreleased	False
development	helpful_program	610	program_max_alpha_6	target	0.8556574204739423	0.9444444444444445	0.0	0.6236111111111111	0.24722222222222223	6.0	1.5	1.4833333333333334	2160	candidate_unreleased	False
development	helpful_program	610	program_max_alpha_6	reference	0.22724980785885593		0.0	0.6236111111111111	0.24722222222222223	6.0	1.5	1.4833333333333334	2160	candidate_unreleased	False
development	helpful_program	611	program_max_alpha_0	target	0.6846247065330542	0.7666666666666666	0.6666666666666666	0.6111111111111112	0.22222222222222232	0.0	1.5	0.0	2160	candidate_unreleased	False
development	helpful_program	611	program_max_alpha_0	reference	0.7254986531028143	0.9277777777777778	0.5714285714285714	0.6111111111111112	0.22222222222222232	0.0	1.5	0.0	2160	candidate_unreleased	False
development	helpful_program	611	program_max_alpha_1	target	0.7239033959995698	0.8	0.0	0.6111111111111112	0.22222222222222232	1.0	1.5	0.22222222222222232	2160	candidate_unreleased	False
development	helpful_program	611	program_max_alpha_1	reference	0.7367216089949536	0.9444444444444445	0.0	0.6111111111111112	0.22222222222222232	1.0	1.5	0.22222222222222232	2160	candidate_unreleased	False
development	helpful_program	611	program_max_alpha_2	target	0.7544725421019773	0.8222222222222222	0.0	0.6111111111111112	0.22222222222222232	2.0	1.5	0.44444444444444464	2160	candidate_unreleased	False
development	helpful_program	611	program_max_alpha_2	reference	0.7662172876080364	0.9666666666666668	0.0	0.6111111111111112	0.22222222222222232	2.0	1.5	0.44444444444444464	2160	candidate_unreleased	False
development	helpful_program	611	program_max_alpha_4	target	0.8721962749644412	0.9111111111111112	0.0	0.6111111111111112	0.22222222222222232	4.0	1.5	0.8888888888888893	2160	candidate_unreleased	False
development	helpful_program	611	program_max_alpha_4	reference	0.7259959076811053	0.9666666666666668	0.0	0.6111111111111112	0.22222222222222232	4.0	1.5	0.8888888888888893	2160	candidate_unreleased	False
development	helpful_program	611	program_max_alpha_6	target	0.8702450528727982	0.9111111111111112	0.0	0.6111111111111112	0.22222222222222232	6.0	1.5	1.333333333333334	2160	candidate_unreleased	False
development	helpful_program	611	program_max_alpha_6	reference	0.7313587583380295	0.9666666666666667	0.0	0.6111111111111112	0.22222222222222232	6.0	1.5	1.333333333333334	2160	candidate_unreleased	False
development	helpful_program	612	program_max_alpha_0	target	0.7789768954639329	0.9693877551020408	0.6666666666666666	0.6277777777777778	0.25555555555555554	0.0	1.5	0.0	2160	candidate_unreleased	False
development	helpful_program	612	program_max_alpha_0	reference	0.6733181968126963	0.8111111111111111	0.7142857142857143	0.6277777777777778	0.25555555555555554	0.0	1.5	0.0	2160	candidate_unreleased	False
development	helpful_program	612	program_max_alpha_1	target	0.8130092048512688	0.9795918367346939	0.0	0.6277777777777778	0.25555555555555554	1.0	1.5	0.25555555555555554	2160	candidate_unreleased	False
development	helpful_program	612	program_max_alpha_1	reference	0.6247982366786814	0.7555555555555555	0.0	0.6277777777777778	0.25555555555555554	1.0	1.5	0.25555555555555554	2160	candidate_unreleased	False
development	helpful_program	612	program_max_alpha_2	target	0.8370742773148665	0.9897959183673469	0.0	0.6277777777777778	0.25555555555555554	2.0	1.5	0.5111111111111111	2160	candidate_unreleased	False
development	helpful_program	612	program_max_alpha_2	reference	0.6176390902167381	0.7444444444444445	0.0	0.6277777777777778	0.25555555555555554	2.0	1.5	0.5111111111111111	2160	candidate_unreleased	False
development	helpful_program	612	program_max_alpha_4	target	0.864391386597869	1.0	0.0	0.6277777777777778	0.25555555555555554	4.0	1.5	1.0222222222222221	2160	candidate_unreleased	False
development	helpful_program	612	program_max_alpha_4	reference	0.5466984570938462	0.6777777777777777	0.0	0.6277777777777778	0.25555555555555554	4.0	1.5	1.0222222222222221	2160	candidate_unreleased	False
development	helpful_program	612	program_max_alpha_6	target	0.8624401645062258	0.9897959183673469	0.0	0.6277777777777778	0.25555555555555554	6.0	1.5	1.5	2160	candidate_unreleased	False
development	helpful_program	612	program_max_alpha_6	reference	0.5564609295419506	0.6666666666666667	0.0	0.6277777777777778	0.25555555555555554	6.0	1.5	1.5	2160	candidate_unreleased	False
development	helpful_program	613	program_max_alpha_0	target	0.7028284545536807	0.8111111111111111	0.5714285714285714	0.6125	0.2250000000000001	0.0	1.5	0.0	2160	candidate_unreleased	False
development	helpful_program	613	program_max_alpha_0	reference	0.7016637951528214	0.8666666666666666	0.38095238095238093	0.6125	0.2250000000000001	0.0	1.5	0.0	2160	candidate_unreleased	False
development	helpful_program	613	program_max_alpha_1	target	0.7376079680548168	0.8222222222222222	0.0	0.6125	0.2250000000000001	1.0	1.5	0.2250000000000001	2160	candidate_unreleased	False
development	helpful_program	613	program_max_alpha_1	reference	0.7412229934196766	0.9111111111111112	0.0	0.6125	0.2250000000000001	1.0	1.5	0.2250000000000001	2160	candidate_unreleased	False
development	helpful_program	613	program_max_alpha_2	target	0.7402189697116479	0.8222222222222222	0.0	0.6125	0.2250000000000001	2.0	1.5	0.4500000000000002	2160	candidate_unreleased	False
development	helpful_program	613	program_max_alpha_2	reference	0.7516261231518826	0.9111111111111112	0.0	0.6125	0.2250000000000001	2.0	1.5	0.4500000000000002	2160	candidate_unreleased	False
development	helpful_program	613	program_max_alpha_4	target	0.7454409730253103	0.8111111111111111	0.0	0.6125	0.2250000000000001	4.0	1.5	0.9000000000000004	2160	candidate_unreleased	False
development	helpful_program	613	program_max_alpha_4	reference	0.7535767099766713	0.9333333333333333	0.0	0.6125	0.2250000000000001	4.0	1.5	0.9000000000000004	2160	candidate_unreleased	False
development	helpful_program	613	program_max_alpha_6	target	0.7245529597706607	0.7777777777777778	0.0	0.6125	0.2250000000000001	6.0	1.5	1.3500000000000005	2160	candidate_unreleased	False
development	helpful_program	613	program_max_alpha_6	reference	0.7230175163883161	0.9333333333333333	0.0	0.6125	0.2250000000000001	6.0	1.5	1.3500000000000005	2160	candidate_unreleased	False
development	helpful_program	614	program_max_alpha_0	target	0.8114889844679056	0.9166666666666667	0.7142857142857143	0.6388888888888888	0.2777777777777777	0.0	1.5	0.0	2160	candidate_unreleased	False
development	helpful_program	614	program_max_alpha_0	reference	0.807040588690396	0.9222222222222223	0.42857142857142855	0.6388888888888888	0.2777777777777777	0.0	1.5	0.0	2160	candidate_unreleased	False
development	helpful_program	614	program_max_alpha_1	target	0.793741928160724	0.9111111111111112	0.0	0.6388888888888888	0.2777777777777777	1.0	1.5	0.2777777777777777	2160	candidate_unreleased	False
development	helpful_program	614	program_max_alpha_1	reference	0.7967490207542434	0.9222222222222223	0.0	0.6388888888888888	0.2777777777777777	1.0	1.5	0.2777777777777777	2160	candidate_unreleased	False
development	helpful_program	614	program_max_alpha_2	target	0.793741928160724	0.9	0.0	0.6388888888888888	0.2777777777777777	2.0	1.5	0.5555555555555554	2160	candidate_unreleased	False
development	helpful_program	614	program_max_alpha_2	reference	0.8123587974873877	0.9222222222222223	0.0	0.6388888888888888	0.2777777777777777	2.0	1.5	0.5555555555555554	2160	candidate_unreleased	False
development	helpful_program	614	program_max_alpha_4	target	0.7439693320054311	0.8555555555555556	0.0	0.6388888888888888	0.2777777777777777	4.0	1.5	1.1111111111111107	2160	candidate_unreleased	False
development	helpful_program	614	program_max_alpha_4	reference	0.7908953544793142	0.9111111111111111	0.0	0.6388888888888888	0.2777777777777777	4.0	1.5	1.1111111111111107	2160	candidate_unreleased	False
development	helpful_program	614	program_max_alpha_6	target	0.7144987158608498	0.8444444444444444	0.0	0.6388888888888888	0.2777777777777777	6.0	1.5	1.5	2160	candidate_unreleased	False
development	helpful_program	614	program_max_alpha_6	reference	0.7473180610992863	0.8777777777777778	0.0	0.6388888888888888	0.2777777777777777	6.0	1.5	1.5	2160	candidate_unreleased	False
development	helpful_program	615	program_max_alpha_0	target	0.8571900633685571	0.9500000000000001	0.7142857142857143	0.6171296296296296	0.23425925925925917	0.0	1.5	0.0	2160	candidate_unreleased	False
development	helpful_program	615	program_max_alpha_0	reference	0.8242617816992104	0.8775510204081632	0.5714285714285714	0.6171296296296296	0.23425925925925917	0.0	1.5	0.0	2160	candidate_unreleased	False
development	helpful_program	615	program_max_alpha_1	target	0.8689766601278056	0.9555555555555556	0.0	0.6171296296296296	0.23425925925925917	1.0	1.5	0.23425925925925917	2160	candidate_unreleased	False
development	helpful_program	615	program_max_alpha_1	reference	0.8252113502923211	0.8979591836734694	0.0	0.6171296296296296	0.23425925925925917	1.0	1.5	0.23425925925925917	2160	candidate_unreleased	False
development	helpful_program	615	program_max_alpha_2	target	0.8637614963761008	0.9333333333333333	0.0	0.6171296296296296	0.23425925925925917	2.0	1.5	0.46851851851851833	2160	candidate_unreleased	False
development	helpful_program	615	program_max_alpha_2	reference	0.8135154413905402	0.8877551020408163	0.0	0.6171296296296296	0.23425925925925917	2.0	1.5	0.46851851851851833	2160	candidate_unreleased	False
development	helpful_program	615	program_max_alpha_4	target	0.8683247646588426	0.9222222222222223	0.0	0.6171296296296296	0.23425925925925917	4.0	1.5	0.9370370370370367	2160	candidate_unreleased	False
development	helpful_program	615	program_max_alpha_4	reference	0.8148149868240714	0.8775510204081632	0.0	0.6171296296296296	0.23425925925925917	4.0	1.5	0.9370370370370367	2160	candidate_unreleased	False
development	helpful_program	615	program_max_alpha_6	target	0.8546349598106174	0.9000000000000001	0.0	0.6171296296296296	0.23425925925925917	6.0	1.5	1.405555555555555	2160	candidate_unreleased	False
development	helpful_program	615	program_max_alpha_6	reference	0.7829761237025566	0.8571428571428571	0.0	0.6171296296296296	0.23425925925925917	6.0	1.5	1.405555555555555	2160	candidate_unreleased	False
development	helpful_program	616	program_max_alpha_0	target	0.6822063190859854	0.8877551020408163	0.7619047619047619	0.6226851851851852	0.24537037037037046	0.0	1.5	0.0	2160	candidate_unreleased	False
development	helpful_program	616	program_max_alpha_0	reference	0.9196310935441371	0.9388888888888889	0.42857142857142855	0.6226851851851852	0.24537037037037046	0.0	1.5	0.0	2160	candidate_unreleased	False
development	helpful_program	616	program_max_alpha_1	target	0.6871444659664985	0.8979591836734695	0.0	0.6226851851851852	0.24537037037037046	1.0	1.5	0.24537037037037046	2160	candidate_unreleased	False
development	helpful_program	616	program_max_alpha_1	reference	0.880990751993047	0.9333333333333333	0.0	0.6226851851851852	0.24537037037037046	1.0	1.5	0.24537037037037046	2160	candidate_unreleased	False
development	helpful_program	616	program_max_alpha_2	target	0.7002080489696639	0.9285714285714286	0.0	0.6226851851851852	0.24537037037037046	2.0	1.5	0.4907407407407409	2160	candidate_unreleased	False
development	helpful_program	616	program_max_alpha_2	reference	0.8731422820421065	0.9333333333333333	0.0	0.6226851851851852	0.24537037037037046	2.0	1.5	0.4907407407407409	2160	candidate_unreleased	False
development	helpful_program	616	program_max_alpha_4	target	0.6989016906693473	0.9489795918367347	0.0	0.6226851851851852	0.24537037037037046	4.0	1.5	0.9814814814814818	2160	candidate_unreleased	False
development	helpful_program	616	program_max_alpha_4	reference	0.8770665170175767	0.9444444444444444	0.0	0.6226851851851852	0.24537037037037046	4.0	1.5	0.9814814814814818	2160	candidate_unreleased	False
development	helpful_program	616	program_max_alpha_6	target	0.6975953323690309	0.9489795918367347	0.0	0.6226851851851852	0.24537037037037046	6.0	1.5	1.4722222222222228	2160	candidate_unreleased	False
development	helpful_program	616	program_max_alpha_6	reference	0.8594074596279612	0.9333333333333333	0.0	0.6226851851851852	0.24537037037037046	6.0	1.5	1.4722222222222228	2160	candidate_unreleased	False
development	helpful_program	617	program_max_alpha_0	target	0.7346016816898363	0.8666666666666667	0.6190476190476191	0.6356481481481482	0.27129629629629637	0.0	1.5	0.0	2160	candidate_unreleased	False
development	helpful_program	617	program_max_alpha_0	reference	0.8595645164542964	0.9833333333333334	0.5238095238095238	0.6356481481481482	0.27129629629629637	0.0	1.5	0.0	2160	candidate_unreleased	False
development	helpful_program	617	program_max_alpha_1	target	0.7579064649255242	0.8777777777777778	0.0	0.6356481481481482	0.27129629629629637	1.0	1.5	0.27129629629629637	2160	candidate_unreleased	False
development	helpful_program	617	program_max_alpha_1	reference	0.8781284641634963	0.9888888888888889	0.0	0.6356481481481482	0.27129629629629637	1.0	1.5	0.27129629629629637	2160	candidate_unreleased	False
development	helpful_program	617	program_max_alpha_2	target	0.7748502036082959	0.888888888888889	0.0	0.6356481481481482	0.27129629629629637	2.0	1.5	0.5425925925925927	2160	candidate_unreleased	False
development	helpful_program	617	program_max_alpha_2	reference	0.8891781931722154	0.9888888888888889	0.0	0.6356481481481482	0.27129629629629637	2.0	1.5	0.5425925925925927	2160	candidate_unreleased	False
development	helpful_program	617	program_max_alpha_4	target	0.7637716052387912	0.8777777777777778	0.0	0.6356481481481482	0.27129629629629637	4.0	1.5	1.0851851851851855	2160	candidate_unreleased	False
development	helpful_program	617	program_max_alpha_4	reference	0.9197274439610268	1.0	0.0	0.6356481481481482	0.27129629629629637	4.0	1.5	1.0851851851851855	2160	candidate_unreleased	False
development	helpful_program	617	program_max_alpha_6	target	0.7142437537045353	0.8555555555555556	0.0	0.6356481481481482	0.27129629629629637	6.0	1.5	1.5	2160	candidate_unreleased	False
development	helpful_program	617	program_max_alpha_6	reference	0.9099776830709807	1.0	0.0	0.6356481481481482	0.27129629629629637	6.0	1.5	1.5	2160	candidate_unreleased	False
development	helpful_program	618	program_max_alpha_0	target	0.8451486893339041	0.9444444444444444	0.47619047619047616	0.6259259259259259	0.25185185185185177	0.0	1.5	0.0	2160	candidate_unreleased	False
development	helpful_program	618	program_max_alpha_0	reference	0.7513090614183457	0.9222222222222223	0.5714285714285714	0.6259259259259259	0.25185185185185177	0.0	1.5	0.0	2160	candidate_unreleased	False
development	helpful_program	618	program_max_alpha_1	target	0.8336082688228562	0.9444444444444444	0.0	0.6259259259259259	0.25185185185185177	1.0	1.5	0.25185185185185177	2160	candidate_unreleased	False
development	helpful_program	618	program_max_alpha_1	reference	0.7603589660947058	0.9333333333333333	0.0	0.6259259259259259	0.25185185185185177	1.0	1.5	0.25185185185185177	2160	candidate_unreleased	False
development	helpful_program	618	program_max_alpha_2	target	0.834910781742892	0.9444444444444444	0.0	0.6259259259259259	0.25185185185185177	2.0	1.5	0.5037037037037035	2160	candidate_unreleased	False
development	helpful_program	618	program_max_alpha_2	reference	0.7303619571407122	0.9333333333333333	0.0	0.6259259259259259	0.25185185185185177	2.0	1.5	0.5037037037037035	2160	candidate_unreleased	False
development	helpful_program	618	program_max_alpha_4	target	0.8270957042226775	0.9333333333333333	0.0	0.6259259259259259	0.25185185185185177	4.0	1.5	1.007407407407407	2160	candidate_unreleased	False
development	helpful_program	618	program_max_alpha_4	reference	0.6925396415030682	0.9555555555555556	0.0	0.6259259259259259	0.25185185185185177	4.0	1.5	1.007407407407407	2160	candidate_unreleased	False
development	helpful_program	618	program_max_alpha_6	target	0.8270957042226775	0.9333333333333333	0.0	0.6259259259259259	0.25185185185185177	6.0	1.5	1.5	2160	candidate_unreleased	False
development	helpful_program	618	program_max_alpha_6	reference	0.6905833148321556	0.9555555555555556	0.0	0.6259259259259259	0.25185185185185177	6.0	1.5	1.5	2160	candidate_unreleased	False
development	helpful_program	619	program_max_alpha_0	target	0.7047902059178158	0.9833333333333334	0.5714285714285714	0.6050925925925926	0.21018518518518525	0.0	1.5	0.0	2160	candidate_unreleased	False
development	helpful_program	619	program_max_alpha_0	reference	0.8611306033389942	0.9166666666666666	0.5714285714285714	0.6050925925925926	0.21018518518518525	0.0	1.5	0.0	2160	candidate_unreleased	False
development	helpful_program	619	program_max_alpha_1	target	0.7792746083426182	1.0	0.0	0.6050925925925926	0.21018518518518525	1.0	1.5	0.21018518518518525	2160	candidate_unreleased	False
development	helpful_program	619	program_max_alpha_1	reference	0.8480095218256589	0.9	0.0	0.6050925925925926	0.21018518518518525	1.0	1.5	0.21018518518518525	2160	candidate_unreleased	False
development	helpful_program	619	program_max_alpha_2	target	0.8095504799505239	1.0	0.0	0.6050925925925926	0.21018518518518525	2.0	1.5	0.4203703703703705	2160	candidate_unreleased	False
development	helpful_program	619	program_max_alpha_2	reference	0.8257795112303834	0.8666666666666667	0.0	0.6050925925925926	0.21018518518518525	2.0	1.5	0.4203703703703705	2160	candidate_unreleased	False
development	helpful_program	619	program_max_alpha_4	target	0.8450917205337177	1.0	0.0	0.6050925925925926	0.21018518518518525	4.0	1.5	0.840740740740741	2160	candidate_unreleased	False
development	helpful_program	619	program_max_alpha_4	reference	0.8270871589124583	0.8666666666666667	0.0	0.6050925925925926	0.21018518518518525	4.0	1.5	0.840740740740741	2160	candidate_unreleased	False
development	helpful_program	619	program_max_alpha_6	target	0.8641786830691366	1.0	0.0	0.6050925925925926	0.21018518518518525	6.0	1.5	1.2611111111111115	2160	candidate_unreleased	False
development	helpful_program	619	program_max_alpha_6	reference	0.7957036145426575	0.8555555555555556	0.0	0.6050925925925926	0.21018518518518525	6.0	1.5	1.2611111111111115	2160	candidate_unreleased	False
development	helpful_program	620	program_max_alpha_0	target	0.7367945256354393	0.9333333333333333	0.38095238095238093	0.6097222222222223	0.21944444444444455	0.0	1.5	0.0	2160	candidate_unreleased	False
development	helpful_program	620	program_max_alpha_0	reference	0.7729439120021264	0.8888888888888888	0.7619047619047619	0.6097222222222223	0.21944444444444455	0.0	1.5	0.0	2160	candidate_unreleased	False
development	helpful_program	620	program_max_alpha_1	target	0.7816765782690254	0.9555555555555556	0.0	0.6097222222222223	0.21944444444444455	1.0	1.5	0.21944444444444455	2160	candidate_unreleased	False
development	helpful_program	620	program_max_alpha_1	reference	0.7953160887722382	0.8888888888888888	0.0	0.6097222222222223	0.21944444444444455	1.0	1.5	0.21944444444444455	2160	candidate_unreleased	False
development	helpful_program	620	program_max_alpha_2	target	0.8258611230090868	0.9666666666666667	0.0	0.6097222222222223	0.21944444444444455	2.0	1.5	0.4388888888888891	2160	candidate_unreleased	False
development	helpful_program	620	program_max_alpha_2	reference	0.8200476856407694	0.9	0.0	0.6097222222222223	0.21944444444444455	2.0	1.5	0.4388888888888891	2160	candidate_unreleased	False
development	helpful_program	620	program_max_alpha_4	target	0.8564004406970703	0.9777777777777779	0.0	0.6097222222222223	0.21944444444444455	4.0	1.5	0.8777777777777782	2160	candidate_unreleased	False
development	helpful_program	620	program_max_alpha_4	reference	0.8486842714885422	0.9111111111111112	0.0	0.6097222222222223	0.21944444444444455	4.0	1.5	0.8777777777777782	2160	candidate_unreleased	False
development	helpful_program	620	program_max_alpha_6	target	0.8693958950323823	0.9888888888888889	0.0	0.6097222222222223	0.21944444444444455	6.0	1.5	1.3166666666666673	2160	candidate_unreleased	False
development	helpful_program	620	program_max_alpha_6	reference	0.8610500699228079	0.9222222222222223	0.0	0.6097222222222223	0.21944444444444455	6.0	1.5	1.3166666666666673	2160	candidate_unreleased	False
development	weak_program	601	program_max_alpha_0	target	0.7667658277033877	0.9722222222222222	0.5714285714285714	0.5398148148148149	0.07962962962962972	0.0	1.5	0.0	2160	candidate_unreleased	False
development	weak_program	601	program_max_alpha_0	reference	0.8585433721501529	0.9744897959183674	0.8095238095238095	0.5398148148148149	0.07962962962962972	0.0	1.5	0.0	2160	candidate_unreleased	False
development	weak_program	601	program_max_alpha_1	target	0.7847640343215169	0.9666666666666668	0.0	0.5398148148148149	0.07962962962962972	1.0	1.5	0.07962962962962972	2160	candidate_unreleased	False
development	weak_program	601	program_max_alpha_1	reference	0.8528674752771038	0.9693877551020409	0.0	0.5398148148148149	0.07962962962962972	1.0	1.5	0.07962962962962972	2160	candidate_unreleased	False
development	weak_program	601	program_max_alpha_2	target	0.7847640343215169	0.9666666666666668	0.0	0.5398148148148149	0.07962962962962972	2.0	1.5	0.15925925925925943	2160	candidate_unreleased	False
development	weak_program	601	program_max_alpha_2	reference	0.8528674752771038	0.9693877551020409	0.0	0.5398148148148149	0.07962962962962972	2.0	1.5	0.15925925925925943	2160	candidate_unreleased	False
development	weak_program	601	program_max_alpha_4	target	0.7626213146809099	0.9444444444444444	0.0	0.5398148148148149	0.07962962962962972	4.0	1.5	0.31851851851851887	2160	candidate_unreleased	False
development	weak_program	601	program_max_alpha_4	reference	0.8567737385226477	0.9591836734693878	0.0	0.5398148148148149	0.07962962962962972	4.0	1.5	0.31851851851851887	2160	candidate_unreleased	False
development	weak_program	601	program_max_alpha_6	target	0.7613188017608741	0.9333333333333333	0.0	0.5398148148148149	0.07962962962962972	6.0	1.5	0.4777777777777783	2160	candidate_unreleased	False
development	weak_program	601	program_max_alpha_6	reference	0.8717477476305664	0.9591836734693878	0.0	0.5398148148148149	0.07962962962962972	6.0	1.5	0.4777777777777783	2160	candidate_unreleased	False
development	weak_program	602	program_max_alpha_0	target	0.6003257648296477	0.8222222222222223	0.6666666666666666	0.549537037037037	0.09907407407407409	0.0	1.5	0.0	2160	candidate_unreleased	False
development	weak_program	602	program_max_alpha_0	reference	0.8904156949910357	0.9387755102040816	0.6666666666666666	0.549537037037037	0.09907407407407409	0.0	1.5	0.0	2160	candidate_unreleased	False
development	weak_program	602	program_max_alpha_1	target	0.607384828236652	0.8333333333333334	0.0	0.549537037037037	0.09907407407407409	1.0	1.5	0.09907407407407409	2160	candidate_unreleased	False
development	weak_program	602	program_max_alpha_1	reference	0.9038338490209594	0.9387755102040817	0.0	0.549537037037037	0.09907407407407409	1.0	1.5	0.09907407407407409	2160	candidate_unreleased	False
development	weak_program	602	program_max_alpha_2	target	0.5953969697846129	0.8222222222222222	0.0	0.549537037037037	0.09907407407407409	2.0	1.5	0.19814814814814818	2160	candidate_unreleased	False
development	weak_program	602	program_max_alpha_2	reference	0.9018845308706628	0.9285714285714286	0.0	0.549537037037037	0.09907407407407409	2.0	1.5	0.19814814814814818	2160	candidate_unreleased	False
development	weak_program	602	program_max_alpha_4	target	0.5647613315182904	0.788888888888889	0.0	0.549537037037037	0.09907407407407409	4.0	1.5	0.39629629629629637	2160	candidate_unreleased	False
development	weak_program	602	program_max_alpha_4	reference	0.9148799852059749	0.9387755102040816	0.0	0.549537037037037	0.09907407407407409	4.0	1.5	0.39629629629629637	2160	candidate_unreleased	False
development	weak_program	602	program_max_alpha_6	target	0.5181418819825826	0.7555555555555555	0.0	0.549537037037037	0.09907407407407409	6.0	1.5	0.5944444444444446	2160	candidate_unreleased	False
development	weak_program	602	program_max_alpha_6	reference	0.9155297579227405	0.9387755102040816	0.0	0.549537037037037	0.09907407407407409	6.0	1.5	0.5944444444444446	2160	candidate_unreleased	False
development	weak_program	603	program_max_alpha_0	target	0.5707725264611981	0.8166666666666668	0.6666666666666666	0.5518518518518518	0.10370370370370363	0.0	1.5	0.0	2160	candidate_unreleased	False
development	weak_program	603	program_max_alpha_0	reference	0.9005581649735834	0.8666666666666667	0.5714285714285714	0.5518518518518518	0.10370370370370363	0.0	1.5	0.0	2160	candidate_unreleased	False
development	weak_program	603	program_max_alpha_1	target	0.606206280839021	0.8555555555555556	0.0	0.5518518518518518	0.10370370370370363	1.0	1.5	0.10370370370370363	2160	candidate_unreleased	False
development	weak_program	603	program_max_alpha_1	reference	0.9083822580383187	0.8777777777777778	0.0	0.5518518518518518	0.10370370370370363	1.0	1.5	0.10370370370370363	2160	candidate_unreleased	False
development	weak_program	603	program_max_alpha_2	target	0.625782371716492	0.8666666666666667	0.0	0.5518518518518518	0.10370370370370363	2.0	1.5	0.20740740740740726	2160	candidate_unreleased	False
development	weak_program	603	program_max_alpha_2	reference	0.8966863491365378	0.8666666666666667	0.0	0.5518518518518518	0.10370370370370363	2.0	1.5	0.20740740740740726	2160	candidate_unreleased	False
development	weak_program	603	program_max_alpha_4	target	0.6492736807694572	0.8777777777777778	0.0	0.5518518518518518	0.10370370370370363	4.0	1.5	0.4148148148148145	2160	candidate_unreleased	False
development	weak_program	603	program_max_alpha_4	reference	0.8901886219688817	0.8555555555555556	0.0	0.5518518518518518	0.10370370370370363	4.0	1.5	0.4148148148148145	2160	candidate_unreleased	False
development	weak_program	603	program_max_alpha_6	target	0.6564515807578634	0.888888888888889	0.0	0.5518518518518518	0.10370370370370363	6.0	1.5	0.6222222222222218	2160	candidate_unreleased	False
development	weak_program	603	program_max_alpha_6	reference	0.8713452131826791	0.8555555555555556	0.0	0.5518518518518518	0.10370370370370363	6.0	1.5	0.6222222222222218	2160	candidate_unreleased	False
development	weak_program	604	program_max_alpha_0	target	0.8525707485222984	0.9333333333333333	0.42857142857142855	0.5356481481481481	0.07129629629629619	0.0	1.5	0.0	2160	candidate_unreleased	False
development	weak_program	604	program_max_alpha_0	reference	0.7329619921363042	0.9611111111111111	0.5714285714285714	0.5356481481481481	0.07129629629629619	0.0	1.5	0.0	2160	candidate_unreleased	False
development	weak_program	604	program_max_alpha_1	target	0.8589022818436831	0.9333333333333333	0.0	0.5356481481481481	0.07129629629629619	1.0	1.5	0.07129629629629619	2160	candidate_unreleased	False
development	weak_program	604	program_max_alpha_1	reference	0.7566941248193984	0.9777777777777777	0.0	0.5356481481481481	0.07129629629629619	1.0	1.5	0.07129629629629619	2160	candidate_unreleased	False
development	weak_program	604	program_max_alpha_2	target	0.8615491301698577	0.9333333333333333	0.0	0.5356481481481481	0.07129629629629619	2.0	1.5	0.14259259259259238	2160	candidate_unreleased	False
development	weak_program	604	program_max_alpha_2	reference	0.7566941248193984	0.9777777777777777	0.0	0.5356481481481481	0.07129629629629619	2.0	1.5	0.14259259259259238	2160	candidate_unreleased	False
development	weak_program	604	program_max_alpha_4	target	0.8774302201269056	0.9444444444444445	0.0	0.5356481481481481	0.07129629629629619	4.0	1.5	0.28518518518518476	2160	candidate_unreleased	False
development	weak_program	604	program_max_alpha_4	reference	0.7664789626403389	0.9777777777777777	0.0	0.5356481481481481	0.07129629629629619	4.0	1.5	0.28518518518518476	2160	candidate_unreleased	False
development	weak_program	604	program_max_alpha_6	target	0.8880176134316045	0.9333333333333333	0.0	0.5356481481481481	0.07129629629629619	6.0	1.5	0.42777777777777715	2160	candidate_unreleased	False
development	weak_program	604	program_max_alpha_6	reference	0.7749591554184874	0.9777777777777777	0.0	0.5356481481481481	0.07129629629629619	6.0	1.5	0.42777777777777715	2160	candidate_unreleased	False
development	weak_program	605	program_max_alpha_0	target	0.5255362034360027	0.7277777777777779	0.7619047619047619	0.5537037037037037	0.1074074074074074	0.0	1.5	0.0	2160	candidate_unreleased	False
development	weak_program	605	program_max_alpha_0	reference	0.8197614852650899	0.8611111111111112	0.7619047619047619	0.5537037037037037	0.1074074074074074	0.0	1.5	0.0	2160	candidate_unreleased	False
development	weak_program	605	program_max_alpha_1	target	0.5733029860703506	0.7444444444444445	0.0	0.5537037037037037	0.1074074074074074	1.0	1.5	0.1074074074074074	2160	candidate_unreleased	False
development	weak_program	605	program_max_alpha_1	reference	0.7998719092480202	0.8555555555555556	0.0	0.5537037037037037	0.1074074074074074	1.0	1.5	0.1074074074074074	2160	candidate_unreleased	False
development	weak_program	605	program_max_alpha_2	target	0.5791796681599098	0.7333333333333334	0.0	0.5537037037037037	0.1074074074074074	2.0	1.5	0.2148148148148148	2160	candidate_unreleased	False
development	weak_program	605	program_max_alpha_2	reference	0.7998719092480202	0.8555555555555556	0.0	0.5537037037037037	0.1074074074074074	2.0	1.5	0.2148148148148148	2160	candidate_unreleased	False
development	weak_program	605	program_max_alpha_4	target	0.6183575487569726	0.7666666666666667	0.0	0.5537037037037037	0.1074074074074074	4.0	1.5	0.4296296296296296	2160	candidate_unreleased	False
development	weak_program	605	program_max_alpha_4	reference	0.7998719092480202	0.8555555555555556	0.0	0.5537037037037037	0.1074074074074074	4.0	1.5	0.4296296296296296	2160	candidate_unreleased	False
development	weak_program	605	program_max_alpha_6	target	0.6307638776127091	0.7777777777777778	0.0	0.5537037037037037	0.1074074074074074	6.0	1.5	0.6444444444444444	2160	candidate_unreleased	False
development	weak_program	605	program_max_alpha_6	reference	0.7862044478206741	0.8444444444444444	0.0	0.5537037037037037	0.1074074074074074	6.0	1.5	0.6444444444444444	2160	candidate_unreleased	False
development	weak_program	606	program_max_alpha_0	target	0.8856309216615752	0.9948979591836735	0.42857142857142855	0.5435185185185185	0.08703703703703702	0.0	1.5	0.0	2160	candidate_unreleased	False
development	weak_program	606	program_max_alpha_0	reference	0.16114958625100906	0.6224489795918368	0.7142857142857143	0.5435185185185185	0.08703703703703702	0.0	1.5	0.0	2160	candidate_unreleased	False
development	weak_program	606	program_max_alpha_1	target	0.8784142667631429	0.9897959183673469	0.0	0.5435185185185185	0.08703703703703702	1.0	1.5	0.08703703703703702	2160	candidate_unreleased	False
development	weak_program	606	program_max_alpha_1	reference	0.14514530354287608	0.6122448979591836	0.0	0.5435185185185185	0.08703703703703702	1.0	1.5	0.08703703703703702	2160	candidate_unreleased	False
development	weak_program	606	program_max_alpha_2	target	0.8816652448044574	0.9897959183673469	0.0	0.5435185185185185	0.08703703703703702	2.0	1.5	0.17407407407407405	2160	candidate_unreleased	False
development	weak_program	606	program_max_alpha_2	reference	0.14514530354287608	0.6122448979591836	0.0	0.5435185185185185	0.08703703703703702	2.0	1.5	0.17407407407407405	2160	candidate_unreleased	False
development	weak_program	606	program_max_alpha_4	target	0.8654103545978855	0.979591836734694	0.0	0.5435185185185185	0.08703703703703702	4.0	1.5	0.3481481481481481	2160	candidate_unreleased	False
development	weak_program	606	program_max_alpha_4	reference	0.14937283665577542	0.6122448979591836	0.0	0.5435185185185185	0.08703703703703702	4.0	1.5	0.3481481481481481	2160	candidate_unreleased	False
development	weak_program	606	program_max_alpha_6	target	0.87321270189704	0.9693877551020409	0.0	0.5435185185185185	0.08703703703703702	6.0	1.5	0.5222222222222221	2160	candidate_unreleased	False
development	weak_program	606	program_max_alpha_6	reference	0.14232694813427657	0.6122448979591836	0.0	0.5435185185185185	0.08703703703703702	6.0	1.5	0.5222222222222221	2160	candidate_unreleased	False
development	weak_program	607	program_max_alpha_0	target	0.7748732584862923	0.938888888888889	0.6190476190476191	0.5550925925925926	0.11018518518518516	0.0	1.5	0.0	2160	candidate_unreleased	False
development	weak_program	607	program_max_alpha_0	reference	0.76676484311787	0.8388888888888889	0.6666666666666666	0.5550925925925926	0.11018518518518516	0.0	1.5	0.0	2160	candidate_unreleased	False
development	weak_program	607	program_max_alpha_1	target	0.7751403123794891	0.9444444444444445	0.0	0.5550925925925926	0.11018518518518516	1.0	1.5	0.11018518518518516	2160	candidate_unreleased	False
development	weak_program	607	program_max_alpha_1	reference	0.7800636616645334	0.8555555555555556	0.0	0.5550925925925926	0.11018518518518516	1.0	1.5	0.11018518518518516	2160	candidate_unreleased	False
development	weak_program	607	program_max_alpha_2	target	0.7849027848275936	0.9444444444444445	0.0	0.5550925925925926	0.11018518518518516	2.0	1.5	0.22037037037037033	2160	candidate_unreleased	False
development	weak_program	607	program_max_alpha_2	reference	0.7878838487488896	0.8666666666666667	0.0	0.5550925925925926	0.11018518518518516	2.0	1.5	0.22037037037037033	2160	candidate_unreleased	False
development	weak_program	607	program_max_alpha_4	target	0.7940144257791576	0.9444444444444445	0.0	0.5550925925925926	0.11018518518518516	4.0	1.5	0.44074074074074066	2160	candidate_unreleased	False
development	weak_program	607	program_max_alpha_4	reference	0.8276364664277005	0.8777777777777778	0.0	0.5550925925925926	0.11018518518518516	4.0	1.5	0.44074074074074066	2160	candidate_unreleased	False
development	weak_program	607	program_max_alpha_6	target	0.8558434179504855	0.9444444444444445	0.0	0.5550925925925926	0.11018518518518516	6.0	1.5	0.661111111111111	2160	candidate_unreleased	False
development	weak_program	607	program_max_alpha_6	reference	0.8621756260502739	0.888888888888889	0.0	0.5550925925925926	0.11018518518518516	6.0	1.5	0.661111111111111	2160	candidate_unreleased	False
development	weak_program	608	program_max_alpha_0	target	0.7522303039486575	0.9888888888888889	0.6190476190476191	0.5430555555555555	0.08611111111111103	0.0	1.5	0.0	2160	candidate_unreleased	False
development	weak_program	608	program_max_alpha_0	reference	0.7400523427096636	0.8166666666666667	0.5238095238095238	0.5430555555555555	0.08611111111111103	0.0	1.5	0.0	2160	candidate_unreleased	False
development	weak_program	608	program_max_alpha_1	target	0.739885084646643	0.9777777777777779	0.0	0.5430555555555555	0.08611111111111103	1.0	1.5	0.08611111111111103	2160	candidate_unreleased	False
development	weak_program	608	program_max_alpha_1	reference	0.7469109868537228	0.8222222222222223	0.0	0.5430555555555555	0.08611111111111103	1.0	1.5	0.08611111111111103	2160	candidate_unreleased	False
development	weak_program	608	program_max_alpha_2	target	0.734656214790483	0.9666666666666668	0.0	0.5430555555555555	0.08611111111111103	2.0	1.5	0.17222222222222205	2160	candidate_unreleased	False
development	weak_program	608	program_max_alpha_2	reference	0.7469109868537228	0.8222222222222223	0.0	0.5430555555555555	0.08611111111111103	2.0	1.5	0.17222222222222205	2160	candidate_unreleased	False
development	weak_program	608	program_max_alpha_4	target	0.7470747806988631	0.9666666666666668	0.0	0.5430555555555555	0.08611111111111103	4.0	1.5	0.3444444444444441	2160	candidate_unreleased	False
development	weak_program	608	program_max_alpha_4	reference	0.7228380717722004	0.8	0.0	0.5430555555555555	0.08611111111111103	4.0	1.5	0.3444444444444441	2160	candidate_unreleased	False
development	weak_program	608	program_max_alpha_6	target	0.7601469553392631	0.9555555555555556	0.0	0.5430555555555555	0.08611111111111103	6.0	1.5	0.5166666666666662	2160	candidate_unreleased	False
development	weak_program	608	program_max_alpha_6	reference	0.7254405490783108	0.8111111111111111	0.0	0.5430555555555555	0.08611111111111103	6.0	1.5	0.5166666666666662	2160	candidate_unreleased	False
development	weak_program	609	program_max_alpha_0	target	0.9029346617956931	0.8666666666666667	0.6190476190476191	0.5472222222222223	0.09444444444444455	0.0	1.5	0.0	2160	candidate_unreleased	False
development	weak_program	609	program_max_alpha_0	reference	0.6918236978848064	0.9277777777777778	0.7619047619047619	0.5472222222222223	0.09444444444444455	0.0	1.5	0.0	2160	candidate_unreleased	False
development	weak_program	609	program_max_alpha_1	target	0.8976941038573876	0.8666666666666667	0.0	0.5472222222222223	0.09444444444444455	1.0	1.5	0.09444444444444455	2160	candidate_unreleased	False
development	weak_program	609	program_max_alpha_1	reference	0.6875356659019504	0.9444444444444444	0.0	0.5472222222222223	0.09444444444444455	1.0	1.5	0.09444444444444455	2160	candidate_unreleased	False
development	weak_program	609	program_max_alpha_2	target	0.9015914733386786	0.8777777777777778	0.0	0.5472222222222223	0.09444444444444455	2.0	1.5	0.1888888888888891	2160	candidate_unreleased	False
development	weak_program	609	program_max_alpha_2	reference	0.7037766658838861	0.9555555555555556	0.0	0.5472222222222223	0.09444444444444455	2.0	1.5	0.1888888888888891	2160	candidate_unreleased	False
development	weak_program	609	program_max_alpha_4	target	0.891848049635451	0.8777777777777778	0.0	0.5472222222222223	0.09444444444444455	4.0	1.5	0.3777777777777782	2160	candidate_unreleased	False
development	weak_program	609	program_max_alpha_4	reference	0.7240779158613059	0.9666666666666667	0.0	0.5472222222222223	0.09444444444444455	4.0	1.5	0.3777777777777782	2160	candidate_unreleased	False
development	weak_program	609	program_max_alpha_6	target	0.899642788598033	0.888888888888889	0.0	0.5472222222222223	0.09444444444444455	6.0	1.5	0.5666666666666673	2160	candidate_unreleased	False
development	weak_program	609	program_max_alpha_6	reference	0.7585900408229197	0.9777777777777777	0.0	0.5472222222222223	0.09444444444444455	6.0	1.5	0.5666666666666673	2160	candidate_unreleased	False
development	weak_program	610	program_max_alpha_0	target	0.8682338869107645	0.9055555555555556	0.47619047619047616	0.5634259259259259	0.12685185185185177	0.0	1.5	0.0	2160	candidate_unreleased	False
development	weak_program	610	program_max_alpha_0	reference	0.22265500173112354		0.8095238095238095	0.5634259259259259	0.12685185185185177	0.0	1.5	0.0	2160	candidate_unreleased	False
development	weak_program	610	program_max_alpha_1	target	0.879064462371406	0.9222222222222223	0.0	0.5634259259259259	0.12685185185185177	1.0	1.5	0.12685185185185177	2160	candidate_unreleased	False
development	weak_program	610	program_max_alpha_1	reference	0.23161999647152623		0.0	0.5634259259259259	0.12685185185185177	1.0	1.5	0.12685185185185177	2160	candidate_unreleased	False
development	weak_program	610	program_max_alpha_2	target	0.8875170052788234	0.9444444444444444	0.0	0.5634259259259259	0.12685185185185177	2.0	1.5	0.25370370370370354	2160	candidate_unreleased	False
development	weak_program	610	program_max_alpha_2	reference	0.24910075092220746		0.0	0.5634259259259259	0.12685185185185177	2.0	1.5	0.25370370370370354	2160	candidate_unreleased	False
development	weak_program	610	program_max_alpha_4	target	0.8901177877118749	0.9444444444444444	0.0	0.5634259259259259	0.12685185185185177	4.0	1.5	0.5074074074074071	2160	candidate_unreleased	False
development	weak_program	610	program_max_alpha_4	reference	0.24910075092220746		0.0	0.5634259259259259	0.12685185185185177	4.0	1.5	0.5074074074074071	2160	candidate_unreleased	False
development	weak_program	610	program_max_alpha_6	target	0.8810150491961944	0.9555555555555556	0.0	0.5634259259259259	0.12685185185185177	6.0	1.5	0.7611111111111106	2160	candidate_unreleased	False
development	weak_program	610	program_max_alpha_6	reference	0.3233939573376027		0.0	0.5634259259259259	0.12685185185185177	6.0	1.5	0.7611111111111106	2160	candidate_unreleased	False
development	weak_program	611	program_max_alpha_0	target	0.6846247065330542	0.7666666666666666	0.6666666666666666	0.5351851851851852	0.07037037037037042	0.0	1.5	0.0	2160	candidate_unreleased	False
development	weak_program	611	program_max_alpha_0	reference	0.7254986531028143	0.9277777777777778	0.5714285714285714	0.5351851851851852	0.07037037037037042	0.0	1.5	0.0	2160	candidate_unreleased	False
development	weak_program	611	program_max_alpha_1	target	0.688130990986114	0.7888888888888889	0.0	0.5351851851851852	0.07037037037037042	1.0	1.5	0.07037037037037042	2160	candidate_unreleased	False
development	weak_program	611	program_max_alpha_1	reference	0.7615247932832278	0.9444444444444445	0.0	0.5351851851851852	0.07037037037037042	1.0	1.5	0.07037037037037042	2160	candidate_unreleased	False
development	weak_program	611	program_max_alpha_2	target	0.688130990986114	0.7888888888888889	0.0	0.5351851851851852	0.07037037037037042	2.0	1.5	0.14074074074074083	2160	candidate_unreleased	False
development	weak_program	611	program_max_alpha_2	reference	0.7655469312759209	0.9444444444444445	0.0	0.5351851851851852	0.07037037037037042	2.0	1.5	0.14074074074074083	2160	candidate_unreleased	False
development	weak_program	611	program_max_alpha_4	target	0.6978871014443292	0.8	0.0	0.5351851851851852	0.07037037037037042	4.0	1.5	0.28148148148148167	2160	candidate_unreleased	False
development	weak_program	611	program_max_alpha_4	reference	0.7843169085751553	0.9555555555555556	0.0	0.5351851851851852	0.07037037037037042	4.0	1.5	0.28148148148148167	2160	candidate_unreleased	False
development	weak_program	611	program_max_alpha_6	target	0.6978871014443292	0.8	0.0	0.5351851851851852	0.07037037037037042	6.0	1.5	0.4222222222222225	2160	candidate_unreleased	False
development	weak_program	611	program_max_alpha_6	reference	0.7950426098890037	0.9666666666666668	0.0	0.5351851851851852	0.07037037037037042	6.0	1.5	0.4222222222222225	2160	candidate_unreleased	False
development	weak_program	612	program_max_alpha_0	target	0.7789768954639329	0.9693877551020408	0.6666666666666666	0.5583333333333333	0.1166666666666667	0.0	1.5	0.0	2160	candidate_unreleased	False
development	weak_program	612	program_max_alpha_0	reference	0.6733181968126963	0.8111111111111111	0.7142857142857143	0.5583333333333333	0.1166666666666667	0.0	1.5	0.0	2160	candidate_unreleased	False
development	weak_program	612	program_max_alpha_1	target	0.7869929102960281	0.9693877551020409	0.0	0.5583333333333333	0.1166666666666667	1.0	1.5	0.1166666666666667	2160	candidate_unreleased	False
development	weak_program	612	program_max_alpha_1	reference	0.6742614304157436	0.8	0.0	0.5583333333333333	0.1166666666666667	1.0	1.5	0.1166666666666667	2160	candidate_unreleased	False
development	weak_program	612	program_max_alpha_2	target	0.7843912808405041	0.9591836734693878	0.0	0.5583333333333333	0.1166666666666667	2.0	1.5	0.2333333333333334	2160	candidate_unreleased	False
development	weak_program	612	program_max_alpha_2	reference	0.6742614304157436	0.8	0.0	0.5583333333333333	0.1166666666666667	2.0	1.5	0.2333333333333334	2160	candidate_unreleased	False
development	weak_program	612	program_max_alpha_4	target	0.779838429293337	0.9387755102040817	0.0	0.5583333333333333	0.1166666666666667	4.0	1.5	0.4666666666666668	2160	candidate_unreleased	False
development	weak_program	612	program_max_alpha_4	reference	0.6931355438154121	0.8	0.0	0.5583333333333333	0.1166666666666667	4.0	1.5	0.4666666666666668	2160	candidate_unreleased	False
development	weak_program	612	program_max_alpha_6	target	0.7791880219294561	0.9489795918367347	0.0	0.5583333333333333	0.1166666666666667	6.0	1.5	0.7000000000000002	2160	candidate_unreleased	False
development	weak_program	612	program_max_alpha_6	reference	0.6963897012981136	0.8	0.0	0.5583333333333333	0.1166666666666667	6.0	1.5	0.7000000000000002	2160	candidate_unreleased	False
development	weak_program	613	program_max_alpha_0	target	0.7028284545536807	0.8111111111111111	0.5714285714285714	0.5458333333333333	0.09166666666666656	0.0	1.5	0.0	2160	candidate_unreleased	False
development	weak_program	613	program_max_alpha_0	reference	0.7016637951528214	0.8666666666666666	0.38095238095238093	0.5458333333333333	0.09166666666666656	0.0	1.5	0.0	2160	candidate_unreleased	False
development	weak_program	613	program_max_alpha_1	target	0.7284694622559076	0.8111111111111111	0.0	0.5458333333333333	0.09166666666666656	1.0	1.5	0.09166666666666656	2160	candidate_unreleased	False
development	weak_program	613	program_max_alpha_1	reference	0.6989602788825898	0.8777777777777778	0.0	0.5458333333333333	0.09166666666666656	1.0	1.5	0.09166666666666656	2160	candidate_unreleased	False
development	weak_program	613	program_max_alpha_2	target	0.7284694622559076	0.8111111111111111	0.0	0.5458333333333333	0.09166666666666656	2.0	1.5	0.18333333333333313	2160	candidate_unreleased	False
development	weak_program	613	program_max_alpha_2	reference	0.718466147130476	0.9	0.0	0.5458333333333333	0.09166666666666656	2.0	1.5	0.18333333333333313	2160	candidate_unreleased	False
development	weak_program	613	program_max_alpha_4	target	0.7428299713684792	0.8222222222222222	0.0	0.5458333333333333	0.09166666666666656	4.0	1.5	0.36666666666666625	2160	candidate_unreleased	False
development	weak_program	613	program_max_alpha_4	reference	0.7314700592957334	0.9111111111111112	0.0	0.5458333333333333	0.09166666666666656	4.0	1.5	0.36666666666666625	2160	candidate_unreleased	False
development	weak_program	613	program_max_alpha_6	target	0.7454409730253103	0.8222222222222222	0.0	0.5458333333333333	0.09166666666666656	6.0	1.5	0.5499999999999994	2160	candidate_unreleased	False
development	weak_program	613	program_max_alpha_6	reference	0.7262684944296305	0.9222222222222223	0.0	0.5458333333333333	0.09166666666666656	6.0	1.5	0.5499999999999994	2160	candidate_unreleased	False
development	weak_program	614	program_max_alpha_0	target	0.8114889844679056	0.9166666666666667	0.7142857142857143	0.5648148148148148	0.12962962962962954	0.0	1.5	0.0	2160	candidate_unreleased	False
development	weak_program	614	program_max_alpha_0	reference	0.807040588690396	0.9222222222222223	0.42857142857142855	0.5648148148148148	0.12962962962962954	0.0	1.5	0.0	2160	candidate_unreleased	False
development	weak_program	614	program_max_alpha_1	target	0.8133890055904449	0.9222222222222223	0.0	0.5648148148148148	0.12962962962962954	1.0	1.5	0.12962962962962954	2160	candidate_unreleased	False
development	weak_program	614	program_max_alpha_1	reference	0.8006514649375296	0.9222222222222223	0.0	0.5648148148148148	0.12962962962962954	1.0	1.5	0.12962962962962954	2160	candidate_unreleased	False
development	weak_program	614	program_max_alpha_2	target	0.8094595901045007	0.9222222222222223	0.0	0.5648148148148148	0.12962962962962954	2.0	1.5	0.2592592592592591	2160	candidate_unreleased	False
development	weak_program	614	program_max_alpha_2	reference	0.7947977986626004	0.9111111111111111	0.0	0.5648148148148148	0.12962962962962954	2.0	1.5	0.2592592592592591	2160	candidate_unreleased	False
development	weak_program	614	program_max_alpha_4	target	0.7793340713789286	0.9	0.0	0.5648148148148148	0.12962962962962954	4.0	1.5	0.5185185185185182	2160	candidate_unreleased	False
development	weak_program	614	program_max_alpha_4	reference	0.8084563533041017	0.9111111111111111	0.0	0.5648148148148148	0.12962962962962954	4.0	1.5	0.5185185185185182	2160	candidate_unreleased	False
development	weak_program	614	program_max_alpha_6	target	0.78064387654091	0.9	0.0	0.5648148148148148	0.12962962962962954	6.0	1.5	0.7777777777777772	2160	candidate_unreleased	False
development	weak_program	614	program_max_alpha_6	reference	0.7993506502097676	0.9111111111111112	0.0	0.5648148148148148	0.12962962962962954	6.0	1.5	0.7777777777777772	2160	candidate_unreleased	False
development	weak_program	615	program_max_alpha_0	target	0.8571900633685571	0.9500000000000001	0.7142857142857143	0.5347222222222222	0.06944444444444442	0.0	1.5	0.0	2160	candidate_unreleased	False
development	weak_program	615	program_max_alpha_0	reference	0.8242617816992104	0.8775510204081632	0.5714285714285714	0.5347222222222222	0.06944444444444442	0.0	1.5	0.0	2160	candidate_unreleased	False
development	weak_program	615	program_max_alpha_1	target	0.8520273779347651	0.9666666666666667	0.0	0.5347222222222222	0.06944444444444442	1.0	1.5	0.06944444444444442	2160	candidate_unreleased	False
development	weak_program	615	program_max_alpha_1	reference	0.8148149868240714	0.8673469387755102	0.0	0.5347222222222222	0.06944444444444442	1.0	1.5	0.06944444444444442	2160	candidate_unreleased	False
development	weak_program	615	program_max_alpha_2	target	0.8520273779347651	0.9666666666666667	0.0	0.5347222222222222	0.06944444444444442	2.0	1.5	0.13888888888888884	2160	candidate_unreleased	False
development	weak_program	615	program_max_alpha_2	reference	0.8148149868240714	0.8673469387755102	0.0	0.5347222222222222	0.06944444444444442	2.0	1.5	0.13888888888888884	2160	candidate_unreleased	False
development	weak_program	615	program_max_alpha_4	target	0.8572425416864697	0.9666666666666667	0.0	0.5347222222222222	0.06944444444444442	4.0	1.5	0.2777777777777777	2160	candidate_unreleased	False
development	weak_program	615	program_max_alpha_4	reference	0.7979208961881655	0.8571428571428572	0.0	0.5347222222222222	0.06944444444444442	4.0	1.5	0.2777777777777777	2160	candidate_unreleased	False
development	weak_program	615	program_max_alpha_6	target	0.8735399284105472	0.9777777777777777	0.0	0.5347222222222222	0.06944444444444442	6.0	1.5	0.4166666666666665	2160	candidate_unreleased	False
development	weak_program	615	program_max_alpha_6	reference	0.7914231690205095	0.8571428571428572	0.0	0.5347222222222222	0.06944444444444442	6.0	1.5	0.4166666666666665	2160	candidate_unreleased	False
development	weak_program	616	program_max_alpha_0	target	0.6822063190859854	0.8877551020408163	0.7619047619047619	0.5199074074074074	0.03981481481481475	0.0	1.5	0.0	2160	candidate_unreleased	False
development	weak_program	616	program_max_alpha_0	reference	0.9196310935441371	0.9388888888888889	0.42857142857142855	0.5199074074074074	0.03981481481481475	0.0	1.5	0.0	2160	candidate_unreleased	False
development	weak_program	616	program_max_alpha_1	target	0.683225391065549	0.8877551020408164	0.0	0.5199074074074074	0.03981481481481475	1.0	1.5	0.03981481481481475	2160	candidate_unreleased	False
development	weak_program	616	program_max_alpha_1	reference	0.8914553785943007	0.9444444444444444	0.0	0.5199074074074074	0.03981481481481475	1.0	1.5	0.03981481481481475	2160	candidate_unreleased	False
development	weak_program	616	program_max_alpha_2	target	0.683225391065549	0.8877551020408164	0.0	0.5199074074074074	0.03981481481481475	2.0	1.5	0.0796296296296295	2160	candidate_unreleased	False
development	weak_program	616	program_max_alpha_2	reference	0.8914553785943007	0.9444444444444444	0.0	0.5199074074074074	0.03981481481481475	2.0	1.5	0.0796296296296295	2160	candidate_unreleased	False
development	weak_program	616	program_max_alpha_4	target	0.683225391065549	0.8877551020408164	0.0	0.5199074074074074	0.03981481481481475	4.0	1.5	0.159259259259259	2160	candidate_unreleased	False
development	weak_program	616	program_max_alpha_4	reference	0.8914553785943007	0.9444444444444444	0.0	0.5199074074074074	0.03981481481481475	4.0	1.5	0.159259259259259	2160	candidate_unreleased	False
development	weak_program	616	program_max_alpha_6	target	0.6845317493658655	0.8877551020408164	0.0	0.5199074074074074	0.03981481481481475	6.0	1.5	0.23888888888888848	2160	candidate_unreleased	False
development	weak_program	616	program_max_alpha_6	reference	0.8914553785943007	0.9444444444444444	0.0	0.5199074074074074	0.03981481481481475	6.0	1.5	0.23888888888888848	2160	candidate_unreleased	False
development	weak_program	617	program_max_alpha_0	target	0.7346016816898363	0.8666666666666667	0.6190476190476191	0.5550925925925926	0.11018518518518516	0.0	1.5	0.0	2160	candidate_unreleased	False
development	weak_program	617	program_max_alpha_0	reference	0.8595645164542964	0.9833333333333334	0.5238095238095238	0.5550925925925926	0.11018518518518516	0.0	1.5	0.0	2160	candidate_unreleased	False
development	weak_program	617	program_max_alpha_1	target	0.7201088940178023	0.8444444444444444	0.0	0.5550925925925926	0.11018518518518516	1.0	1.5	0.11018518518518516	2160	candidate_unreleased	False
development	weak_program	617	program_max_alpha_1	reference	0.861878862680086	0.9777777777777779	0.0	0.5550925925925926	0.11018518518518516	1.0	1.5	0.11018518518518516	2160	candidate_unreleased	False
development	weak_program	617	program_max_alpha_2	target	0.7201088940178023	0.8444444444444444	0.0	0.5550925925925926	0.11018518518518516	2.0	1.5	0.22037037037037033	2160	candidate_unreleased	False
development	weak_program	617	program_max_alpha_2	reference	0.8703286554514593	0.9777777777777779	0.0	0.5550925925925926	0.11018518518518516	2.0	1.5	0.22037037037037033	2160	candidate_unreleased	False
development	weak_program	617	program_max_alpha_4	target	0.7083786133912681	0.8333333333333334	0.0	0.5550925925925926	0.11018518518518516	4.0	1.5	0.44074074074074066	2160	candidate_unreleased	False
development	weak_program	617	program_max_alpha_4	reference	0.8794284322821693	0.9777777777777779	0.0	0.5550925925925926	0.11018518518518516	4.0	1.5	0.44074074074074066	2160	candidate_unreleased	False
development	weak_program	617	program_max_alpha_6	target	0.6875247811663181	0.8222222222222222	0.0	0.5550925925925926	0.11018518518518516	6.0	1.5	0.661111111111111	2160	candidate_unreleased	False
development	weak_program	617	program_max_alpha_6	reference	0.8820283685195149	0.9777777777777779	0.0	0.5550925925925926	0.11018518518518516	6.0	1.5	0.661111111111111	2160	candidate_unreleased	False
development	weak_program	618	program_max_alpha_0	target	0.8451486893339041	0.9444444444444444	0.47619047619047616	0.5425925925925926	0.08518518518518525	0.0	1.5	0.0	2160	candidate_unreleased	False
development	weak_program	618	program_max_alpha_0	reference	0.7513090614183457	0.9222222222222223	0.5714285714285714	0.5425925925925926	0.08518518518518525	0.0	1.5	0.0	2160	candidate_unreleased	False
development	weak_program	618	program_max_alpha_1	target	0.8381670640429812	0.9444444444444444	0.0	0.5425925925925926	0.08518518518518525	1.0	1.5	0.08518518518518525	2160	candidate_unreleased	False
development	weak_program	618	program_max_alpha_1	reference	0.7570984216431849	0.9333333333333333	0.0	0.5425925925925926	0.08518518518518525	1.0	1.5	0.08518518518518525	2160	candidate_unreleased	False
development	weak_program	618	program_max_alpha_2	target	0.8381670640429812	0.9444444444444444	0.0	0.5425925925925926	0.08518518518518525	2.0	1.5	0.1703703703703705	2160	candidate_unreleased	False
development	weak_program	618	program_max_alpha_2	reference	0.7486210060692301	0.9222222222222223	0.0	0.5425925925925926	0.08518518518518525	2.0	1.5	0.1703703703703705	2160	candidate_unreleased	False
development	weak_program	618	program_max_alpha_4	target	0.8381670640429812	0.9444444444444444	0.0	0.5425925925925926	0.08518518518518525	4.0	1.5	0.340740740740741	2160	candidate_unreleased	False
development	weak_program	618	program_max_alpha_4	reference	0.7629674016559226	0.9333333333333333	0.0	0.5425925925925926	0.08518518518518525	4.0	1.5	0.340740740740741	2160	candidate_unreleased	False
development	weak_program	618	program_max_alpha_6	target	0.8381670640429812	0.9444444444444444	0.0	0.5425925925925926	0.08518518518518525	6.0	1.5	0.5111111111111115	2160	candidate_unreleased	False
development	weak_program	618	program_max_alpha_6	reference	0.7564463127528804	0.9222222222222223	0.0	0.5425925925925926	0.08518518518518525	6.0	1.5	0.5111111111111115	2160	candidate_unreleased	False
development	weak_program	619	program_max_alpha_0	target	0.7047902059178158	0.9833333333333334	0.5714285714285714	0.5532407407407407	0.1064814814814814	0.0	1.5	0.0	2160	candidate_unreleased	False
development	weak_program	619	program_max_alpha_0	reference	0.8611306033389942	0.9166666666666666	0.5714285714285714	0.5532407407407407	0.1064814814814814	0.0	1.5	0.0	2160	candidate_unreleased	False
development	weak_program	619	program_max_alpha_1	target	0.7200392073706287	0.9888888888888889	0.0	0.5532407407407407	0.1064814814814814	1.0	1.5	0.1064814814814814	2160	candidate_unreleased	False
development	weak_program	619	program_max_alpha_1	reference	0.8447404026204713	0.9111111111111112	0.0	0.5532407407407407	0.1064814814814814	1.0	1.5	0.1064814814814814	2160	candidate_unreleased	False
development	weak_program	619	program_max_alpha_2	target	0.7509732501004454	1.0	0.0	0.5532407407407407	0.1064814814814814	2.0	1.5	0.2129629629629628	2160	candidate_unreleased	False
development	weak_program	619	program_max_alpha_2	reference	0.8447404026204713	0.9111111111111112	0.0	0.5532407407407407	0.1064814814814814	2.0	1.5	0.2129629629629628	2160	candidate_unreleased	False
development	weak_program	619	program_max_alpha_4	target	0.7792746083426182	0.9888888888888889	0.0	0.5532407407407407	0.1064814814814814	4.0	1.5	0.4259259259259256	2160	candidate_unreleased	False
development	weak_program	619	program_max_alpha_4	reference	0.8401636357332086	0.9111111111111112	0.0	0.5532407407407407	0.1064814814814814	4.0	1.5	0.4259259259259256	2160	candidate_unreleased	False
development	weak_program	619	program_max_alpha_6	target	0.8062596243409689	0.9888888888888889	0.0	0.5532407407407407	0.1064814814814814	6.0	1.5	0.6388888888888884	2160	candidate_unreleased	False
development	weak_program	619	program_max_alpha_6	reference	0.8172798012968955	0.8888888888888888	0.0	0.5532407407407407	0.1064814814814814	6.0	1.5	0.6388888888888884	2160	candidate_unreleased	False
development	weak_program	620	program_max_alpha_0	target	0.7367945256354393	0.9333333333333333	0.38095238095238093	0.5402777777777777	0.08055555555555549	0.0	1.5	0.0	2160	candidate_unreleased	False
development	weak_program	620	program_max_alpha_0	reference	0.7729439120021264	0.8888888888888888	0.7619047619047619	0.5402777777777777	0.08055555555555549	0.0	1.5	0.0	2160	candidate_unreleased	False
development	weak_program	620	program_max_alpha_1	target	0.7433399879798546	0.9333333333333333	0.0	0.5402777777777777	0.08055555555555549	1.0	1.5	0.08055555555555549	2160	candidate_unreleased	False
development	weak_program	620	program_max_alpha_1	reference	0.7783944698621906	0.8888888888888888	0.0	0.5402777777777777	0.08055555555555549	1.0	1.5	0.08055555555555549	2160	candidate_unreleased	False
development	weak_program	620	program_max_alpha_2	target	0.7511372605810419	0.9444444444444445	0.0	0.5402777777777777	0.08055555555555549	2.0	1.5	0.16111111111111098	2160	candidate_unreleased	False
development	weak_program	620	program_max_alpha_2	reference	0.7783944698621906	0.8888888888888888	0.0	0.5402777777777777	0.08055555555555549	2.0	1.5	0.16111111111111098	2160	candidate_unreleased	False
development	weak_program	620	program_max_alpha_4	target	0.7732295329510724	0.9444444444444445	0.0	0.5402777777777777	0.08055555555555549	4.0	1.5	0.32222222222222197	2160	candidate_unreleased	False
development	weak_program	620	program_max_alpha_4	reference	0.79922107775148	0.9	0.0	0.5402777777777777	0.08055555555555549	4.0	1.5	0.32222222222222197	2160	candidate_unreleased	False
development	weak_program	620	program_max_alpha_6	target	0.7959715780378687	0.9555555555555556	0.0	0.5402777777777777	0.08055555555555549	6.0	1.5	0.48333333333333295	2160	candidate_unreleased	False
development	weak_program	620	program_max_alpha_6	reference	0.7959669202687786	0.9111111111111112	0.0	0.5402777777777777	0.08055555555555549	6.0	1.5	0.48333333333333295	2160	candidate_unreleased	False
development	missing_helpful_program	601	program_max_alpha_0	target	0.7667658277033877	0.9722222222222222	0.5714285714285714	0.6348039215686274	0.26960784313725483	0.0	1.5	0.0	1224	candidate_unreleased	False
development	missing_helpful_program	601	program_max_alpha_0	reference	0.8585433721501529	0.9744897959183674	0.8095238095238095	0.6348039215686274	0.26960784313725483	0.0	1.5	0.0	1224	candidate_unreleased	False
development	missing_helpful_program	601	program_max_alpha_1	target	0.7925791118417312	0.9777777777777777	0.0	0.6348039215686274	0.26960784313725483	1.0	1.5	0.26960784313725483	1224	candidate_unreleased	False
development	missing_helpful_program	601	program_max_alpha_1	reference	0.8769560986246251	1.0	0.0	0.6348039215686274	0.26960784313725483	1.0	1.5	0.26960784313725483	1224	candidate_unreleased	False
development	missing_helpful_program	601	program_max_alpha_2	target	0.8108142927222312	0.9777777777777777	0.0	0.6348039215686274	0.26960784313725483	2.0	1.5	0.5392156862745097	1224	candidate_unreleased	False
development	missing_helpful_program	601	program_max_alpha_2	reference	0.8867217567384851	1.0	0.0	0.6348039215686274	0.26960784313725483	2.0	1.5	0.5392156862745097	1224	candidate_unreleased	False
development	missing_helpful_program	601	program_max_alpha_4	target	0.8323057559028205	0.9666666666666667	0.0	0.6348039215686274	0.26960784313725483	4.0	1.5	1.0784313725490193	1224	candidate_unreleased	False
development	missing_helpful_program	601	program_max_alpha_4	reference	0.8906280199840291	1.0	0.0	0.6348039215686274	0.26960784313725483	4.0	1.5	1.0784313725490193	1224	candidate_unreleased	False
development	missing_helpful_program	601	program_max_alpha_6	target	0.8401208334230347	0.9666666666666667	0.0	0.6348039215686274	0.26960784313725483	6.0	1.5	1.5	1224	candidate_unreleased	False
development	missing_helpful_program	601	program_max_alpha_6	reference	0.9049509852176902	1.0	0.0	0.6348039215686274	0.26960784313725483	6.0	1.5	1.5	1224	candidate_unreleased	False
development	missing_helpful_program	602	program_max_alpha_0	target	0.6003257648296477	0.8222222222222223	0.6666666666666666	0.628595600676819	0.25719120135363793	0.0	1.5	0.0	1182	candidate_unreleased	False
development	missing_helpful_program	602	program_max_alpha_0	reference	0.8904156949910357	0.9387755102040816	0.6666666666666666	0.628595600676819	0.25719120135363793	0.0	1.5	0.0	1182	candidate_unreleased	False
development	missing_helpful_program	602	program_max_alpha_1	target	0.5914010169672665	0.8333333333333334	0.0	0.628595600676819	0.25719120135363793	1.0	1.5	0.25719120135363793	1182	candidate_unreleased	False
development	missing_helpful_program	602	program_max_alpha_1	reference	0.8992854400036003	0.9387755102040817	0.0	0.628595600676819	0.25719120135363793	1.0	1.5	0.25719120135363793	1182	candidate_unreleased	False
development	missing_helpful_program	602	program_max_alpha_2	target	0.6060528439642032	0.8444444444444444	0.0	0.628595600676819	0.25719120135363793	2.0	1.5	0.5143824027072759	1182	candidate_unreleased	False
development	missing_helpful_program	602	program_max_alpha_2	reference	0.8973361218533035	0.9489795918367347	0.0	0.628595600676819	0.25719120135363793	2.0	1.5	0.5143824027072759	1182	candidate_unreleased	False
development	missing_helpful_program	602	program_max_alpha_4	target	0.6260326080509351	0.8666666666666667	0.0	0.628595600676819	0.25719120135363793	4.0	1.5	1.0287648054145517	1182	candidate_unreleased	False
development	missing_helpful_program	602	program_max_alpha_4	reference	0.9038338490209594	0.9387755102040817	0.0	0.628595600676819	0.25719120135363793	4.0	1.5	1.0287648054145517	1182	candidate_unreleased	False
development	missing_helpful_program	602	program_max_alpha_6	target	0.5993929226019592	0.8666666666666667	0.0	0.628595600676819	0.25719120135363793	6.0	1.5	1.5	1182	candidate_unreleased	False
development	missing_helpful_program	602	program_max_alpha_6	reference	0.9103315761886155	0.9489795918367347	0.0	0.628595600676819	0.25719120135363793	6.0	1.5	1.5	1182	candidate_unreleased	False
development	missing_helpful_program	603	program_max_alpha_0	target	0.5707725264611981	0.8166666666666668	0.6666666666666666	0.6329787234042553	0.26595744680851063	0.0	1.5	0.0	1128	candidate_unreleased	False
development	missing_helpful_program	603	program_max_alpha_0	reference	0.9005581649735834	0.8666666666666667	0.5714285714285714	0.6329787234042553	0.26595744680851063	0.0	1.5	0.0	1128	candidate_unreleased	False
development	missing_helpful_program	603	program_max_alpha_1	target	0.6264349080790744	0.8444444444444444	0.0	0.6329787234042553	0.26595744680851063	1.0	1.5	0.26595744680851063	1128	candidate_unreleased	False
development	missing_helpful_program	603	program_max_alpha_1	reference	0.90968180347185	0.8777777777777778	0.0	0.6329787234042553	0.26595744680851063	1.0	1.5	0.26595744680851063	1128	candidate_unreleased	False
development	missing_helpful_program	603	program_max_alpha_2	target	0.6734175261850049	0.8555555555555556	0.0	0.6329787234042553	0.26595744680851063	2.0	1.5	0.5319148936170213	1128	candidate_unreleased	False
development	missing_helpful_program	603	program_max_alpha_2	reference	0.9044836217377253	0.8666666666666667	0.0	0.6329787234042553	0.26595744680851063	2.0	1.5	0.5319148936170213	1128	candidate_unreleased	False
development	missing_helpful_program	603	program_max_alpha_4	target	0.7699929078471957	0.9333333333333333	0.0	0.6329787234042553	0.26595744680851063	4.0	1.5	1.0638297872340425	1128	candidate_unreleased	False
development	missing_helpful_program	603	program_max_alpha_4	reference	0.9064329398880219	0.8777777777777778	0.0	0.6329787234042553	0.26595744680851063	4.0	1.5	1.0638297872340425	1128	candidate_unreleased	False
development	missing_helpful_program	603	program_max_alpha_6	target	0.7784758805607663	0.9333333333333333	0.0	0.6329787234042553	0.26595744680851063	6.0	1.5	1.5	1128	candidate_unreleased	False
development	missing_helpful_program	603	program_max_alpha_6	reference	0.8940872582694753	0.8666666666666667	0.0	0.6329787234042553	0.26595744680851063	6.0	1.5	1.5	1128	candidate_unreleased	False
development	missing_helpful_program	604	program_max_alpha_0	target	0.8525707485222984	0.9333333333333333	0.42857142857142855	0.6127694859038143	0.2255389718076286	0.0	1.5	0.0	1206	candidate_unreleased	False
development	missing_helpful_program	604	program_max_alpha_0	reference	0.7329619921363042	0.9611111111111111	0.5714285714285714	0.6127694859038143	0.2255389718076286	0.0	1.5	0.0	1206	candidate_unreleased	False
development	missing_helpful_program	604	program_max_alpha_1	target	0.8483148885389844	0.9222222222222223	0.0	0.6127694859038143	0.2255389718076286	1.0	1.5	0.2255389718076286	1206	candidate_unreleased	False
development	missing_helpful_program	604	program_max_alpha_1	reference	0.7638696725547547	0.9777777777777777	0.0	0.6127694859038143	0.2255389718076286	1.0	1.5	0.2255389718076286	1206	candidate_unreleased	False
development	missing_helpful_program	604	program_max_alpha_2	target	0.8436829039681785	0.9111111111111112	0.0	0.6127694859038143	0.2255389718076286	2.0	1.5	0.4510779436152572	1206	candidate_unreleased	False
development	missing_helpful_program	604	program_max_alpha_2	reference	0.7749591554184874	0.9777777777777777	0.0	0.6127694859038143	0.2255389718076286	2.0	1.5	0.4510779436152572	1206	candidate_unreleased	False
development	missing_helpful_program	604	program_max_alpha_4	target	0.8403743435604601	0.9	0.0	0.6127694859038143	0.2255389718076286	4.0	1.5	0.9021558872305144	1206	candidate_unreleased	False
development	missing_helpful_program	604	program_max_alpha_4	reference	0.8049659914027049	0.9777777777777777	0.0	0.6127694859038143	0.2255389718076286	4.0	1.5	0.9021558872305144	1206	candidate_unreleased	False
development	missing_helpful_program	604	program_max_alpha_6	target	0.8317720865003925	0.8666666666666667	0.0	0.6127694859038143	0.2255389718076286	6.0	1.5	1.3532338308457716	1206	candidate_unreleased	False
development	missing_helpful_program	604	program_max_alpha_6	reference	0.8095322490524771	0.9777777777777777	0.0	0.6127694859038143	0.2255389718076286	6.0	1.5	1.3532338308457716	1206	candidate_unreleased	False
development	missing_helpful_program	605	program_max_alpha_0	target	0.5255362034360027	0.7277777777777779	0.7619047619047619	0.6338514680483592	0.26770293609671847	0.0	1.5	0.0	1158	candidate_unreleased	False
development	missing_helpful_program	605	program_max_alpha_0	reference	0.8197614852650899	0.8611111111111112	0.7619047619047619	0.6338514680483592	0.26770293609671847	0.0	1.5	0.0	1158	candidate_unreleased	False
development	missing_helpful_program	605	program_max_alpha_1	target	0.5511021870653483	0.7444444444444445	0.0	0.6338514680483592	0.26770293609671847	1.0	1.5	0.26770293609671847	1158	candidate_unreleased	False
development	missing_helpful_program	605	program_max_alpha_1	reference	0.8447792825093006	0.8777777777777778	0.0	0.6338514680483592	0.26770293609671847	1.0	1.5	0.26770293609671847	1158	candidate_unreleased	False
development	missing_helpful_program	605	program_max_alpha_2	target	0.6157456900505018	0.788888888888889	0.0	0.6338514680483592	0.26770293609671847	2.0	1.5	0.5354058721934369	1158	candidate_unreleased	False
development	missing_helpful_program	605	program_max_alpha_2	reference	0.8499859344816227	0.888888888888889	0.0	0.6338514680483592	0.26770293609671847	2.0	1.5	0.5354058721934369	1158	candidate_unreleased	False
development	missing_helpful_program	605	program_max_alpha_4	target	0.6177045840803549	0.7777777777777778	0.0	0.6338514680483592	0.26770293609671847	4.0	1.5	1.0708117443868739	1158	candidate_unreleased	False
development	missing_helpful_program	605	program_max_alpha_4	reference	0.8428267880196796	0.9000000000000001	0.0	0.6338514680483592	0.26770293609671847	4.0	1.5	1.0708117443868739	1158	candidate_unreleased	False
development	missing_helpful_program	605	program_max_alpha_6	target	0.583750420896234	0.7555555555555555	0.0	0.6338514680483592	0.26770293609671847	6.0	1.5	1.5	1158	candidate_unreleased	False
development	missing_helpful_program	605	program_max_alpha_6	reference	0.8493351029850825	0.9111111111111112	0.0	0.6338514680483592	0.26770293609671847	6.0	1.5	1.5	1158	candidate_unreleased	False
development	missing_helpful_program	606	program_max_alpha_0	target	0.8856309216615752	0.9948979591836735	0.42857142857142855	0.6039603960396039	0.20792079207920788	0.0	1.5	0.0	1212	candidate_unreleased	False
development	missing_helpful_program	606	program_max_alpha_0	reference	0.16114958625100906	0.6224489795918368	0.7142857142857143	0.6039603960396039	0.20792079207920788	0.0	1.5	0.0	1212	candidate_unreleased	False
development	missing_helpful_program	606	program_max_alpha_1	target	0.8881672008870861	1.0	0.0	0.6039603960396039	0.20792079207920788	1.0	1.5	0.20792079207920788	1212	candidate_unreleased	False
development	missing_helpful_program	606	program_max_alpha_1	reference	0.1789655684460705	0.6224489795918366	0.0	0.6039603960396039	0.20792079207920788	1.0	1.5	0.20792079207920788	1212	candidate_unreleased	False
development	missing_helpful_program	606	program_max_alpha_2	target	0.9018213086606066	1.0	0.0	0.6039603960396039	0.20792079207920788	2.0	1.5	0.41584158415841577	1212	candidate_unreleased	False
development	missing_helpful_program	606	program_max_alpha_2	reference	0.1789655684460705	0.6224489795918366	0.0	0.6039603960396039	0.20792079207920788	2.0	1.5	0.41584158415841577	1212	candidate_unreleased	False
development	missing_helpful_program	606	program_max_alpha_4	target	0.87321270189704	0.9795918367346939	0.0	0.6039603960396039	0.20792079207920788	4.0	1.5	0.8316831683168315	1212	candidate_unreleased	False
development	missing_helpful_program	606	program_max_alpha_4	reference	0.22124089957506354	0.6326530612244898	0.0	0.6039603960396039	0.20792079207920788	4.0	1.5	0.8316831683168315	1212	candidate_unreleased	False
development	missing_helpful_program	606	program_max_alpha_6	target	0.87321270189704	0.9693877551020409	0.0	0.6039603960396039	0.20792079207920788	6.0	1.5	1.2475247524752473	1212	candidate_unreleased	False
development	missing_helpful_program	606	program_max_alpha_6	reference	0.27056211922555545	0.6326530612244898	0.0	0.6039603960396039	0.20792079207920788	6.0	1.5	1.2475247524752473	1212	candidate_unreleased	False
development	missing_helpful_program	607	program_max_alpha_0	target	0.7748732584862923	0.938888888888889	0.6190476190476191	0.6353046594982079	0.2706093189964158	0.0	1.5	0.0	1116	candidate_unreleased	False
development	missing_helpful_program	607	program_max_alpha_0	reference	0.76676484311787	0.8388888888888889	0.6666666666666666	0.6353046594982079	0.2706093189964158	0.0	1.5	0.0	1116	candidate_unreleased	False
development	missing_helpful_program	607	program_max_alpha_1	target	0.7666795029244653	0.9333333333333333	0.0	0.6353046594982079	0.2706093189964158	1.0	1.5	0.2706093189964158	1116	candidate_unreleased	False
development	missing_helpful_program	607	program_max_alpha_1	reference	0.8009174938894834	0.8777777777777778	0.0	0.6353046594982079	0.2706093189964158	1.0	1.5	0.2706093189964158	1116	candidate_unreleased	False
development	missing_helpful_program	607	program_max_alpha_2	target	0.77709280686911	0.9333333333333333	0.0	0.6353046594982079	0.2706093189964158	2.0	1.5	0.5412186379928317	1116	candidate_unreleased	False
development	missing_helpful_program	607	program_max_alpha_2	reference	0.8237263728855223	0.9000000000000001	0.0	0.6353046594982079	0.2706093189964158	2.0	1.5	0.5412186379928317	1116	candidate_unreleased	False
development	missing_helpful_program	607	program_max_alpha_4	target	0.8584467439366467	0.9333333333333333	0.0	0.6353046594982079	0.2706093189964158	4.0	1.5	1.0824372759856633	1116	candidate_unreleased	False
development	missing_helpful_program	607	program_max_alpha_4	reference	0.8550071212229474	0.9555555555555556	0.0	0.6353046594982079	0.2706093189964158	4.0	1.5	1.0824372759856633	1116	candidate_unreleased	False
development	missing_helpful_program	607	program_max_alpha_6	target	0.8486842714885422	0.9000000000000001	0.0	0.6353046594982079	0.2706093189964158	6.0	1.5	1.5	1116	candidate_unreleased	False
development	missing_helpful_program	607	program_max_alpha_6	reference	0.8204679616003739	0.9666666666666667	0.0	0.6353046594982079	0.2706093189964158	6.0	1.5	1.5	1116	candidate_unreleased	False
development	missing_helpful_program	608	program_max_alpha_0	target	0.7522303039486575	0.9888888888888889	0.6190476190476191	0.6328616352201258	0.2657232704402517	0.0	1.5	0.0	1272	candidate_unreleased	False
development	missing_helpful_program	608	program_max_alpha_0	reference	0.7400523427096636	0.8166666666666667	0.5238095238095238	0.6328616352201258	0.2657232704402517	0.0	1.5	0.0	1272	candidate_unreleased	False
development	missing_helpful_program	608	program_max_alpha_1	target	0.7908665657442032	1.0	0.0	0.6328616352201258	0.2657232704402517	1.0	1.5	0.2657232704402517	1272	candidate_unreleased	False
development	missing_helpful_program	608	program_max_alpha_1	reference	0.7391035549353911	0.8222222222222223	0.0	0.6328616352201258	0.2657232704402517	1.0	1.5	0.2657232704402517	1272	candidate_unreleased	False
development	missing_helpful_program	608	program_max_alpha_2	target	0.7856376958880432	1.0	0.0	0.6328616352201258	0.2657232704402517	2.0	1.5	0.5314465408805034	1272	candidate_unreleased	False
development	missing_helpful_program	608	program_max_alpha_2	reference	0.7527665607924714	0.8222222222222223	0.0	0.6328616352201258	0.2657232704402517	2.0	1.5	0.5314465408805034	1272	candidate_unreleased	False
development	missing_helpful_program	608	program_max_alpha_4	target	0.8130892626328833	1.0	0.0	0.6328616352201258	0.2657232704402517	4.0	1.5	1.0628930817610067	1272	candidate_unreleased	False
development	missing_helpful_program	608	program_max_alpha_4	reference	0.7826950498127426	0.8777777777777778	0.0	0.6328616352201258	0.2657232704402517	4.0	1.5	1.0628930817610067	1272	candidate_unreleased	False
development	missing_helpful_program	608	program_max_alpha_6	target	0.8320439158614634	1.0	0.0	0.6328616352201258	0.2657232704402517	6.0	1.5	1.5	1272	candidate_unreleased	False
development	missing_helpful_program	608	program_max_alpha_6	reference	0.7839962884657978	0.9000000000000001	0.0	0.6328616352201258	0.2657232704402517	6.0	1.5	1.5	1272	candidate_unreleased	False
development	missing_helpful_program	609	program_max_alpha_0	target	0.9029346617956931	0.8666666666666667	0.6190476190476191	0.5982286634460547	0.19645732689210949	0.0	1.5	0.0	1242	candidate_unreleased	False
development	missing_helpful_program	609	program_max_alpha_0	reference	0.6918236978848064	0.9277777777777778	0.7619047619047619	0.5982286634460547	0.19645732689210949	0.0	1.5	0.0	1242	candidate_unreleased	False
development	missing_helpful_program	609	program_max_alpha_1	target	0.8983436654376028	0.8777777777777778	0.0	0.5982286634460547	0.19645732689210949	1.0	1.5	0.19645732689210949	1242	candidate_unreleased	False
development	missing_helpful_program	609	program_max_alpha_1	reference	0.7080668450444012	0.9555555555555556	0.09523809523809523	0.5982286634460547	0.19645732689210949	1.0	1.5	0.19645732689210949	1242	candidate_unreleased	False
development	missing_helpful_program	609	program_max_alpha_2	target	0.8976941038573876	0.888888888888889	0.0	0.5982286634460547	0.19645732689210949	2.0	1.5	0.39291465378421897	1242	candidate_unreleased	False
development	missing_helpful_program	609	program_max_alpha_2	reference	0.7188976954466101	0.9555555555555556	0.09523809523809523	0.5982286634460547	0.19645732689210949	2.0	1.5	0.39291465378421897	1242	candidate_unreleased	False
development	missing_helpful_program	609	program_max_alpha_4	target	0.8931471727958812	0.9333333333333333	0.0	0.5982286634460547	0.19645732689210949	4.0	1.5	0.7858293075684379	1242	candidate_unreleased	False
development	missing_helpful_program	609	program_max_alpha_4	reference	0.704005276143573	0.9555555555555556	0.09523809523809523	0.5982286634460547	0.19645732689210949	4.0	1.5	0.7858293075684379	1242	candidate_unreleased	False
development	missing_helpful_program	609	program_max_alpha_6	target	0.8684638327477042	0.9444444444444444	0.0	0.5982286634460547	0.19645732689210949	6.0	1.5	1.178743961352657	1242	candidate_unreleased	False
development	missing_helpful_program	609	program_max_alpha_6	reference	0.6701588686366703	0.9111111111111111	0.09523809523809523	0.5982286634460547	0.19645732689210949	6.0	1.5	1.178743961352657	1242	candidate_unreleased	False
development	missing_helpful_program	610	program_max_alpha_0	target	0.8682338869107645	0.9055555555555556	0.47619047619047616	0.6329879101899827	0.26597582037996537	0.0	1.5	0.0	1158	candidate_unreleased	False
development	missing_helpful_program	610	program_max_alpha_0	reference	0.22265500173112354		0.8095238095238095	0.6329879101899827	0.26597582037996537	0.0	1.5	0.0	1158	candidate_unreleased	False
development	missing_helpful_program	610	program_max_alpha_1	target	0.8920683745366634	0.9111111111111112	0.0	0.6329879101899827	0.26597582037996537	1.0	1.5	0.26597582037996537	1158	candidate_unreleased	False
development	missing_helpful_program	610	program_max_alpha_1	reference	0.22724980785885593		0.0	0.6329879101899827	0.26597582037996537	1.0	1.5	0.26597582037996537	1158	candidate_unreleased	False
development	missing_helpful_program	610	program_max_alpha_2	target	0.9115742427845498	0.9333333333333333	0.0	0.6329879101899827	0.26597582037996537	2.0	1.5	0.5319516407599307	1158	candidate_unreleased	False
development	missing_helpful_program	610	program_max_alpha_2	reference	0.22724980785885593		0.0	0.6329879101899827	0.26597582037996537	2.0	1.5	0.5319516407599307	1158	candidate_unreleased	False
development	missing_helpful_program	610	program_max_alpha_4	target	0.9232777637332814	0.9333333333333333	0.0	0.6329879101899827	0.26597582037996537	4.0	1.5	1.0639032815198615	1158	candidate_unreleased	False
development	missing_helpful_program	610	program_max_alpha_4	reference	0.24473056230953713		0.0	0.6329879101899827	0.26597582037996537	4.0	1.5	1.0639032815198615	1158	candidate_unreleased	False
development	missing_helpful_program	610	program_max_alpha_6	target	0.9297797198159101	0.9	0.0	0.6329879101899827	0.26597582037996537	6.0	1.5	1.5	1158	candidate_unreleased	False
development	missing_helpful_program	610	program_max_alpha_6	reference	0.25784112814754806		0.0	0.6329879101899827	0.26597582037996537	6.0	1.5	1.5	1158	candidate_unreleased	False
development	missing_helpful_program	611	program_max_alpha_0	target	0.6846247065330542	0.7666666666666666	0.6666666666666666	0.6097560975609756	0.2195121951219512	0.0	1.5	0.0	1230	candidate_unreleased	False
development	missing_helpful_program	611	program_max_alpha_0	reference	0.7254986531028143	0.9277777777777778	0.5714285714285714	0.6097560975609756	0.2195121951219512	0.0	1.5	0.0	1230	candidate_unreleased	False
development	missing_helpful_program	611	program_max_alpha_1	target	0.7154481002691164	0.7888888888888889	0.0	0.6097560975609756	0.2195121951219512	1.0	1.5	0.2195121951219512	1230	candidate_unreleased	False
development	missing_helpful_program	611	program_max_alpha_1	reference	0.7266662640132209	0.9444444444444445	0.0	0.6097560975609756	0.2195121951219512	1.0	1.5	0.2195121951219512	1230	candidate_unreleased	False
development	missing_helpful_program	611	program_max_alpha_2	target	0.73691154327719	0.8	0.0	0.6097560975609756	0.2195121951219512	2.0	1.5	0.4390243902439024	1230	candidate_unreleased	False
development	missing_helpful_program	611	program_max_alpha_2	reference	0.7373919653270692	0.9555555555555556	0.0	0.6097560975609756	0.2195121951219512	2.0	1.5	0.4390243902439024	1230	candidate_unreleased	False
development	missing_helpful_program	611	program_max_alpha_4	target	0.7752855777461699	0.8222222222222222	0.0	0.6097560975609756	0.2195121951219512	4.0	1.5	0.8780487804878048	1230	candidate_unreleased	False
development	missing_helpful_program	611	program_max_alpha_4	reference	0.7353808963307226	0.9666666666666668	0.0	0.6097560975609756	0.2195121951219512	4.0	1.5	0.8780487804878048	1230	candidate_unreleased	False
development	missing_helpful_program	611	program_max_alpha_6	target	0.8123587974873877	0.8333333333333334	0.0	0.6097560975609756	0.2195121951219512	6.0	1.5	1.3170731707317072	1230	candidate_unreleased	False
development	missing_helpful_program	611	program_max_alpha_6	reference	0.7159405626993727	0.9666666666666668	0.0	0.6097560975609756	0.2195121951219512	6.0	1.5	1.3170731707317072	1230	candidate_unreleased	False
development	missing_helpful_program	612	program_max_alpha_0	target	0.7789768954639329	0.9693877551020408	0.6666666666666666	0.6052631578947368	0.21052631578947367	0.0	1.5	0.0	1140	candidate_unreleased	False
development	missing_helpful_program	612	program_max_alpha_0	reference	0.6733181968126963	0.8111111111111111	0.7142857142857143	0.6052631578947368	0.21052631578947367	0.0	1.5	0.0	1140	candidate_unreleased	False
development	missing_helpful_program	612	program_max_alpha_1	target	0.7707327261990028	0.9693877551020409	0.0	0.6052631578947368	0.21052631578947367	1.0	1.5	0.21052631578947367	1140	candidate_unreleased	False
development	missing_helpful_program	612	program_max_alpha_1	reference	0.6775155878984451	0.8111111111111111	0.0	0.6052631578947368	0.21052631578947367	1.0	1.5	0.21052631578947367	1140	candidate_unreleased	False
development	missing_helpful_program	612	program_max_alpha_2	target	0.8078059459402207	0.9795918367346939	0.0	0.6052631578947368	0.21052631578947367	2.0	1.5	0.42105263157894735	1140	candidate_unreleased	False
development	missing_helpful_program	612	program_max_alpha_2	reference	0.6391165296025678	0.788888888888889	0.0	0.6052631578947368	0.21052631578947367	2.0	1.5	0.42105263157894735	1140	candidate_unreleased	False
development	missing_helpful_program	612	program_max_alpha_4	target	0.8117083901235068	0.9795918367346939	0.0	0.6052631578947368	0.21052631578947367	4.0	1.5	0.8421052631578947	1140	candidate_unreleased	False
development	missing_helpful_program	612	program_max_alpha_4	reference	0.6280523941613828	0.7777777777777778	0.0	0.6052631578947368	0.21052631578947367	4.0	1.5	0.8421052631578947	1140	candidate_unreleased	False
development	missing_helpful_program	612	program_max_alpha_6	target	0.8058547238485777	0.9693877551020409	0.0	0.6052631578947368	0.21052631578947367	6.0	1.5	1.263157894736842	1140	candidate_unreleased	False
development	missing_helpful_program	612	program_max_alpha_6	reference	0.5942091563412877	0.7333333333333334	0.0	0.6052631578947368	0.21052631578947367	6.0	1.5	1.263157894736842	1140	candidate_unreleased	False
development	missing_helpful_program	613	program_max_alpha_0	target	0.7028284545536807	0.8111111111111111	0.5714285714285714	0.6146384479717814	0.2292768959435627	0.0	1.5	0.0	1134	candidate_unreleased	False
development	missing_helpful_program	613	program_max_alpha_0	reference	0.7016637951528214	0.8666666666666666	0.38095238095238093	0.6146384479717814	0.2292768959435627	0.0	1.5	0.0	1134	candidate_unreleased	False
development	missing_helpful_program	613	program_max_alpha_1	target	0.7049704473444265	0.8222222222222222	0.0	0.6146384479717814	0.2292768959435627	1.0	1.5	0.2292768959435627	1134	candidate_unreleased	False
development	missing_helpful_program	613	program_max_alpha_1	reference	0.7230175163883161	0.9	0.0	0.6146384479717814	0.2292768959435627	1.0	1.5	0.2292768959435627	1134	candidate_unreleased	False
development	missing_helpful_program	613	program_max_alpha_2	target	0.7114979514865045	0.8222222222222222	0.0	0.6146384479717814	0.2292768959435627	2.0	1.5	0.4585537918871254	1134	candidate_unreleased	False
development	missing_helpful_program	613	program_max_alpha_2	reference	0.7620292528840885	0.9111111111111112	0.0	0.6146384479717814	0.2292768959435627	2.0	1.5	0.4585537918871254	1134	candidate_unreleased	False
development	missing_helpful_program	613	program_max_alpha_4	target	0.7193309564569983	0.8222222222222222	0.0	0.6146384479717814	0.2292768959435627	4.0	1.5	0.9171075837742508	1134	candidate_unreleased	False
development	missing_helpful_program	613	program_max_alpha_4	reference	0.7932386420807065	0.9222222222222223	0.0	0.6146384479717814	0.2292768959435627	4.0	1.5	0.9171075837742508	1134	candidate_unreleased	False
development	missing_helpful_program	613	program_max_alpha_6	target	0.7219419581138296	0.8222222222222222	0.0	0.6146384479717814	0.2292768959435627	6.0	1.5	1.3756613756613763	1134	candidate_unreleased	False
development	missing_helpful_program	613	program_max_alpha_6	reference	0.7685312089667173	0.9222222222222223	0.0	0.6146384479717814	0.2292768959435627	6.0	1.5	1.3756613756613763	1134	candidate_unreleased	False
development	missing_helpful_program	614	program_max_alpha_0	target	0.8114889844679056	0.9166666666666667	0.7142857142857143	0.6539763113367174	0.3079526226734348	0.0	1.5	0.0	1182	candidate_unreleased	False
development	missing_helpful_program	614	program_max_alpha_0	reference	0.807040588690396	0.9222222222222223	0.42857142857142855	0.6539763113367174	0.3079526226734348	0.0	1.5	0.0	1182	candidate_unreleased	False
development	missing_helpful_program	614	program_max_alpha_1	target	0.7989811488086496	0.9111111111111112	0.0	0.6539763113367174	0.3079526226734348	1.0	1.5	0.3079526226734348	1182	candidate_unreleased	False
development	missing_helpful_program	614	program_max_alpha_1	reference	0.7915457618431954	0.9222222222222223	0.0	0.6539763113367174	0.3079526226734348	1.0	1.5	0.3079526226734348	1182	candidate_unreleased	False
development	missing_helpful_program	614	program_max_alpha_2	target	0.800290953970631	0.9	0.0	0.6539763113367174	0.3079526226734348	2.0	1.5	0.6159052453468696	1182	candidate_unreleased	False
development	missing_helpful_program	614	program_max_alpha_2	reference	0.7908953544793142	0.9222222222222223	0.0	0.6539763113367174	0.3079526226734348	2.0	1.5	0.6159052453468696	1182	candidate_unreleased	False
development	missing_helpful_program	614	program_max_alpha_4	target	0.7603418965301985	0.8777777777777778	0.0	0.6539763113367174	0.3079526226734348	4.0	1.5	1.2318104906937393	1182	candidate_unreleased	False
development	missing_helpful_program	614	program_max_alpha_4	reference	0.7291066549106179	0.8777777777777778	0.0	0.6539763113367174	0.3079526226734348	4.0	1.5	1.2318104906937393	1182	candidate_unreleased	False
development	missing_helpful_program	614	program_max_alpha_6	target	0.7518281629773195	0.8777777777777778	0.0	0.6539763113367174	0.3079526226734348	6.0	1.5	1.5	1182	candidate_unreleased	False
development	missing_helpful_program	614	program_max_alpha_6	reference	0.7245538033634508	0.8555555555555556	0.0	0.6539763113367174	0.3079526226734348	6.0	1.5	1.5	1182	candidate_unreleased	False
development	missing_helpful_program	615	program_max_alpha_0	target	0.8571900633685571	0.9500000000000001	0.7142857142857143	0.6211340206185567	0.24226804123711343	0.0	1.5	0.0	1164	candidate_unreleased	False
development	missing_helpful_program	615	program_max_alpha_0	reference	0.8242617816992104	0.8775510204081632	0.5714285714285714	0.6211340206185567	0.24226804123711343	0.0	1.5	0.0	1164	candidate_unreleased	False
development	missing_helpful_program	615	program_max_alpha_1	target	0.8461603187140971	0.9555555555555556	0.0	0.6211340206185567	0.24226804123711343	1.0	1.5	0.24226804123711343	1164	candidate_unreleased	False
development	missing_helpful_program	615	program_max_alpha_1	reference	0.8382068046276331	0.8877551020408163	0.0	0.6211340206185567	0.24226804123711343	1.0	1.5	0.24226804123711343	1164	candidate_unreleased	False
development	missing_helpful_program	615	program_max_alpha_2	target	0.8494197960589128	0.9444444444444444	0.0	0.6211340206185567	0.24226804123711343	2.0	1.5	0.48453608247422686	1164	candidate_unreleased	False
development	missing_helpful_program	615	program_max_alpha_2	reference	0.8557506679803046	0.9081632653061225	0.0	0.6211340206185567	0.24226804123711343	2.0	1.5	0.48453608247422686	1164	candidate_unreleased	False
development	missing_helpful_program	615	program_max_alpha_4	target	0.837685677617577	0.9333333333333333	0.0	0.6211340206185567	0.24226804123711343	4.0	1.5	0.9690721649484537	1164	candidate_unreleased	False
development	missing_helpful_program	615	program_max_alpha_4	reference	0.8447045317952893	0.8877551020408163	0.0	0.6211340206185567	0.24226804123711343	4.0	1.5	0.9690721649484537	1164	candidate_unreleased	False
development	missing_helpful_program	615	program_max_alpha_6	target	0.8122617543280163	0.9222222222222223	0.0	0.6211340206185567	0.24226804123711343	6.0	1.5	1.4536082474226806	1164	candidate_unreleased	False
development	missing_helpful_program	615	program_max_alpha_6	reference	0.8239118048587899	0.8775510204081632	0.0	0.6211340206185567	0.24226804123711343	6.0	1.5	1.4536082474226806	1164	candidate_unreleased	False
development	missing_helpful_program	616	program_max_alpha_0	target	0.6822063190859854	0.8877551020408163	0.7619047619047619	0.6052188552188552	0.21043771043771042	0.0	1.5	0.0	1188	candidate_unreleased	False
development	missing_helpful_program	616	program_max_alpha_0	reference	0.9196310935441371	0.9388888888888889	0.42857142857142855	0.6052188552188552	0.21043771043771042	0.0	1.5	0.0	1188	candidate_unreleased	False
development	missing_helpful_program	616	program_max_alpha_1	target	0.6969421532188725	0.8979591836734695	0.0	0.6052188552188552	0.21043771043771042	1.0	1.5	0.21043771043771042	1188	candidate_unreleased	False
development	missing_helpful_program	616	program_max_alpha_1	reference	0.8927634569194574	0.9333333333333333	0.0	0.6052188552188552	0.21043771043771042	1.0	1.5	0.21043771043771042	1188	candidate_unreleased	False
development	missing_helpful_program	616	program_max_alpha_2	target	0.6884508242668149	0.8979591836734695	0.0	0.6052188552188552	0.21043771043771042	2.0	1.5	0.42087542087542085	1188	candidate_unreleased	False
development	missing_helpful_program	616	program_max_alpha_2	reference	0.8953796135697708	0.9333333333333333	0.0	0.6052188552188552	0.21043771043771042	2.0	1.5	0.42087542087542085	1188	candidate_unreleased	False
development	missing_helpful_program	616	program_max_alpha_4	target	0.7230693192252032	0.9489795918367347	0.0	0.6052188552188552	0.21043771043771042	4.0	1.5	0.8417508417508417	1188	candidate_unreleased	False
development	missing_helpful_program	616	program_max_alpha_4	reference	0.8914553785943007	0.9333333333333333	0.0	0.6052188552188552	0.21043771043771042	4.0	1.5	0.8417508417508417	1188	candidate_unreleased	False
development	missing_helpful_program	616	program_max_alpha_6	target	0.6995548698195057	0.9387755102040817	0.0	0.6052188552188552	0.21043771043771042	6.0	1.5	1.2626262626262625	1188	candidate_unreleased	False
development	missing_helpful_program	616	program_max_alpha_6	reference	0.8842609478059389	0.9333333333333333	0.0	0.6052188552188552	0.21043771043771042	6.0	1.5	1.2626262626262625	1188	candidate_unreleased	False
development	missing_helpful_program	617	program_max_alpha_0	target	0.7346016816898363	0.8666666666666667	0.6190476190476191	0.6425	0.2849999999999999	0.0	1.5	0.0	1200	candidate_unreleased	False
development	missing_helpful_program	617	program_max_alpha_0	reference	0.8595645164542964	0.9833333333333334	0.5238095238095238	0.6425	0.2849999999999999	0.0	1.5	0.0	1200	candidate_unreleased	False
development	missing_helpful_program	617	program_max_alpha_1	target	0.743569455270871	0.8555555555555555	0.0	0.6425	0.2849999999999999	1.0	1.5	0.2849999999999999	1200	candidate_unreleased	False
development	missing_helpful_program	617	program_max_alpha_1	reference	0.8781284641634963	0.9888888888888889	0.0	0.6425	0.2849999999999999	1.0	1.5	0.2849999999999999	1200	candidate_unreleased	False
development	missing_helpful_program	617	program_max_alpha_2	target	0.7253223520740398	0.8444444444444444	0.0	0.6425	0.2849999999999999	2.0	1.5	0.5699999999999998	1200	candidate_unreleased	False
development	missing_helpful_program	617	program_max_alpha_2	reference	0.9008779062402708	1.0	0.0	0.6425	0.2849999999999999	2.0	1.5	0.5699999999999998	1200	candidate_unreleased	False
development	missing_helpful_program	617	program_max_alpha_4	target	0.7070752488772086	0.8222222222222222	0.0	0.6425	0.2849999999999999	4.0	1.5	1.1399999999999997	1200	candidate_unreleased	False
development	missing_helpful_program	617	program_max_alpha_4	reference	0.9216773961390362	1.0	0.0	0.6425	0.2849999999999999	4.0	1.5	1.1399999999999997	1200	candidate_unreleased	False
development	missing_helpful_program	617	program_max_alpha_6	target	0.6614574908851306	0.8	0.0	0.6425	0.2849999999999999	6.0	1.5	1.5	1200	candidate_unreleased	False
development	missing_helpful_program	617	program_max_alpha_6	reference	0.9203774280203632	1.0	0.0	0.6425	0.2849999999999999	6.0	1.5	1.5	1200	candidate_unreleased	False
development	missing_helpful_program	618	program_max_alpha_0	target	0.8451486893339041	0.9444444444444444	0.47619047619047616	0.63	0.26	0.0	1.5	0.0	1200	candidate_unreleased	False
development	missing_helpful_program	618	program_max_alpha_0	reference	0.7513090614183457	0.9222222222222223	0.5714285714285714	0.63	0.26	0.0	1.5	0.0	1200	candidate_unreleased	False
development	missing_helpful_program	618	program_max_alpha_1	target	0.8375158075829633	0.9444444444444444	0.0	0.63	0.26	1.0	1.5	0.26	1200	candidate_unreleased	False
development	missing_helpful_program	618	program_max_alpha_1	reference	0.7714448172298773	0.9333333333333333	0.0	0.63	0.26	1.0	1.5	0.26	1200	candidate_unreleased	False
development	missing_helpful_program	618	program_max_alpha_2	target	0.8153730879423562	0.9333333333333333	0.0	0.63	0.26	2.0	1.5	0.52	1200	candidate_unreleased	False
development	missing_helpful_program	618	program_max_alpha_2	reference	0.7688363816686604	0.9222222222222223	0.0	0.63	0.26	2.0	1.5	0.52	1200	candidate_unreleased	False
development	missing_helpful_program	618	program_max_alpha_4	target	0.7652263405209812	0.9000000000000001	0.0	0.63	0.26	4.0	1.5	1.04	1200	candidate_unreleased	False
development	missing_helpful_program	618	program_max_alpha_4	reference	0.7720969261201815	0.9555555555555556	0.0	0.63	0.26	4.0	1.5	1.04	1200	candidate_unreleased	False
development	missing_helpful_program	618	program_max_alpha_6	target	0.7424323644203563	0.8888888888888888	0.0	0.63	0.26	6.0	1.5	1.5	1200	candidate_unreleased	False
development	missing_helpful_program	618	program_max_alpha_6	reference	0.7688363816686604	0.9333333333333333	0.0	0.63	0.26	6.0	1.5	1.5	1200	candidate_unreleased	False
development	missing_helpful_program	619	program_max_alpha_0	target	0.7047902059178158	0.9833333333333334	0.5714285714285714	0.5988562091503268	0.19771241830065356	0.0	1.5	0.0	1224	candidate_unreleased	False
development	missing_helpful_program	619	program_max_alpha_0	reference	0.8611306033389942	0.9166666666666666	0.5714285714285714	0.5988562091503268	0.19771241830065356	0.0	1.5	0.0	1224	candidate_unreleased	False
development	missing_helpful_program	619	program_max_alpha_1	target	0.7437333677594244	1.0	0.0	0.5988562091503268	0.19771241830065356	1.0	1.5	0.19771241830065356	1224	candidate_unreleased	False
development	missing_helpful_program	619	program_max_alpha_1	reference	0.8656627655336718	0.9222222222222223	0.0	0.5988562091503268	0.19771241830065356	1.0	1.5	0.19771241830065356	1224	candidate_unreleased	False
development	missing_helpful_program	619	program_max_alpha_2	target	0.7773000949768851	1.0	0.0	0.5988562091503268	0.19771241830065356	2.0	1.5	0.3954248366013071	1224	candidate_unreleased	False
development	missing_helpful_program	619	program_max_alpha_2	reference	0.874816299308197	0.9222222222222223	0.0	0.5988562091503268	0.19771241830065356	2.0	1.5	0.3954248366013071	1224	candidate_unreleased	False
development	missing_helpful_program	619	program_max_alpha_4	target	0.7950707152684822	1.0	0.0	0.5988562091503268	0.19771241830065356	4.0	1.5	0.7908496732026142	1224	candidate_unreleased	False
development	missing_helpful_program	619	program_max_alpha_4	reference	0.8525862887129214	0.888888888888889	0.0	0.5988562091503268	0.19771241830065356	4.0	1.5	0.7908496732026142	1224	candidate_unreleased	False
development	missing_helpful_program	619	program_max_alpha_6	target	0.80033608424377	1.0	0.0	0.5988562091503268	0.19771241830065356	6.0	1.5	1.1862745098039214	1224	candidate_unreleased	False
development	missing_helpful_program	619	program_max_alpha_6	reference	0.8414712834152838	0.8777777777777778	0.0	0.5988562091503268	0.19771241830065356	6.0	1.5	1.1862745098039214	1224	candidate_unreleased	False
development	missing_helpful_program	620	program_max_alpha_0	target	0.7367945256354393	0.9333333333333333	0.38095238095238093	0.6137440758293838	0.22748815165876768	0.0	1.5	0.0	1266	candidate_unreleased	False
development	missing_helpful_program	620	program_max_alpha_0	reference	0.7729439120021264	0.8888888888888888	0.7619047619047619	0.6137440758293838	0.22748815165876768	0.0	1.5	0.0	1266	candidate_unreleased	False
development	missing_helpful_program	620	program_max_alpha_1	target	0.7816765782690254	0.9555555555555556	0.0	0.6137440758293838	0.22748815165876768	1.0	1.5	0.22748815165876768	1266	candidate_unreleased	False
development	missing_helpful_program	620	program_max_alpha_1	reference	0.797268583261859	0.8888888888888888	0.0	0.6137440758293838	0.22748815165876768	1.0	1.5	0.22748815165876768	1266	candidate_unreleased	False
development	missing_helpful_program	620	program_max_alpha_2	target	0.8083172596564153	0.9555555555555556	0.0	0.6137440758293838	0.22748815165876768	2.0	1.5	0.45497630331753536	1266	candidate_unreleased	False
development	missing_helpful_program	620	program_max_alpha_2	reference	0.8252543376130917	0.9	0.0	0.6137440758293838	0.22748815165876768	2.0	1.5	0.45497630331753536	1266	candidate_unreleased	False
development	missing_helpful_program	620	program_max_alpha_4	target	0.8693958950323823	0.9888888888888889	0.0	0.6137440758293838	0.22748815165876768	4.0	1.5	0.9099526066350707	1266	candidate_unreleased	False
development	missing_helpful_program	620	program_max_alpha_4	reference	0.8564942494470257	0.9333333333333333	0.0	0.6137440758293838	0.22748815165876768	4.0	1.5	0.9099526066350707	1266	candidate_unreleased	False
development	missing_helpful_program	620	program_max_alpha_6	target	0.9142302124892093	1.0	0.0	0.6137440758293838	0.22748815165876768	6.0	1.5	1.364928909952606	1266	candidate_unreleased	False
development	missing_helpful_program	620	program_max_alpha_6	reference	0.8799241833224765	0.9333333333333333	0.0	0.6137440758293838	0.22748815165876768	6.0	1.5	1.364928909952606	1266	candidate_unreleased	False
development	noisy_program	601	program_max_alpha_0	target	0.7667658277033877	0.9722222222222222	0.5714285714285714	0.5009259259259259	0.0018518518518517713	0.0	1.5	0.0	2160	candidate_unreleased	False
development	noisy_program	601	program_max_alpha_0	reference	0.8585433721501529	0.9744897959183674	0.8095238095238095	0.5009259259259259	0.0018518518518517713	0.0	1.5	0.0	2160	candidate_unreleased	False
development	noisy_program	601	program_max_alpha_1	target	0.7658775969809991	0.9666666666666668	0.0	0.5009259259259259	0.0018518518518517713	1.0	1.5	0.0018518518518517713	2160	candidate_unreleased	False
development	noisy_program	601	program_max_alpha_1	reference	0.8515653875285891	0.9693877551020409	0.0	0.5009259259259259	0.0018518518518517713	1.0	1.5	0.0018518518518517713	2160	candidate_unreleased	False
development	noisy_program	601	program_max_alpha_2	target	0.7658775969809991	0.9666666666666668	0.0	0.5009259259259259	0.0018518518518517713	2.0	1.5	0.0037037037037035425	2160	candidate_unreleased	False
development	noisy_program	601	program_max_alpha_2	reference	0.8515653875285891	0.9693877551020409	0.0	0.5009259259259259	0.0018518518518517713	2.0	1.5	0.0037037037037035425	2160	candidate_unreleased	False
development	noisy_program	601	program_max_alpha_4	target	0.7658775969809991	0.9666666666666668	0.0	0.5009259259259259	0.0018518518518517713	4.0	1.5	0.007407407407407085	2160	candidate_unreleased	False
development	noisy_program	601	program_max_alpha_4	reference	0.8515653875285891	0.9693877551020409	0.0	0.5009259259259259	0.0018518518518517713	4.0	1.5	0.007407407407407085	2160	candidate_unreleased	False
development	noisy_program	601	program_max_alpha_6	target	0.7658775969809991	0.9666666666666668	0.0	0.5009259259259259	0.0018518518518517713	6.0	1.5	0.011111111111110628	2160	candidate_unreleased	False
development	noisy_program	601	program_max_alpha_6	reference	0.8515653875285891	0.9693877551020409	0.0	0.5009259259259259	0.0018518518518517713	6.0	1.5	0.011111111111110628	2160	candidate_unreleased	False
development	noisy_program	602	program_max_alpha_0	target	0.6003257648296477	0.8222222222222223	0.6666666666666666	0.48564814814814816	0.0	0.0	1.5	0.0	2160	candidate_unreleased	False
development	noisy_program	602	program_max_alpha_0	reference	0.8904156949910357	0.9387755102040816	0.6666666666666666	0.48564814814814816	0.0	0.0	1.5	0.0	2160	candidate_unreleased	False
development	noisy_program	602	program_max_alpha_1	target	0.6003257648296477	0.8222222222222223	0.6666666666666666	0.48564814814814816	0.0	1.0	1.5	0.0	2160	candidate_unreleased	False
development	noisy_program	602	program_max_alpha_1	reference	0.8904156949910357	0.9387755102040816	0.6666666666666666	0.48564814814814816	0.0	1.0	1.5	0.0	2160	candidate_unreleased	False
development	noisy_program	602	program_max_alpha_2	target	0.6003257648296477	0.8222222222222223	0.6666666666666666	0.48564814814814816	0.0	2.0	1.5	0.0	2160	candidate_unreleased	False
development	noisy_program	602	program_max_alpha_2	reference	0.8904156949910357	0.9387755102040816	0.6666666666666666	0.48564814814814816	0.0	2.0	1.5	0.0	2160	candidate_unreleased	False
development	noisy_program	602	program_max_alpha_4	target	0.6003257648296477	0.8222222222222223	0.6666666666666666	0.48564814814814816	0.0	4.0	1.5	0.0	2160	candidate_unreleased	False
development	noisy_program	602	program_max_alpha_4	reference	0.8904156949910357	0.9387755102040816	0.6666666666666666	0.48564814814814816	0.0	4.0	1.5	0.0	2160	candidate_unreleased	False
development	noisy_program	602	program_max_alpha_6	target	0.6003257648296477	0.8222222222222223	0.6666666666666666	0.48564814814814816	0.0	6.0	1.5	0.0	2160	candidate_unreleased	False
development	noisy_program	602	program_max_alpha_6	reference	0.8904156949910357	0.9387755102040816	0.6666666666666666	0.48564814814814816	0.0	6.0	1.5	0.0	2160	candidate_unreleased	False
development	noisy_program	603	program_max_alpha_0	target	0.5707725264611981	0.8166666666666668	0.6666666666666666	0.49537037037037035	0.0	0.0	1.5	0.0	2160	candidate_unreleased	False
development	noisy_program	603	program_max_alpha_0	reference	0.9005581649735834	0.8666666666666667	0.5714285714285714	0.49537037037037035	0.0	0.0	1.5	0.0	2160	candidate_unreleased	False
development	noisy_program	603	program_max_alpha_1	target	0.5707725264611981	0.8166666666666668	0.6666666666666666	0.49537037037037035	0.0	1.0	1.5	0.0	2160	candidate_unreleased	False
development	noisy_program	603	program_max_alpha_1	reference	0.9005581649735834	0.8666666666666667	0.5714285714285714	0.49537037037037035	0.0	1.0	1.5	0.0	2160	candidate_unreleased	False
development	noisy_program	603	program_max_alpha_2	target	0.5707725264611981	0.8166666666666668	0.6666666666666666	0.49537037037037035	0.0	2.0	1.5	0.0	2160	candidate_unreleased	False
development	noisy_program	603	program_max_alpha_2	reference	0.9005581649735834	0.8666666666666667	0.5714285714285714	0.49537037037037035	0.0	2.0	1.5	0.0	2160	candidate_unreleased	False
development	noisy_program	603	program_max_alpha_4	target	0.5707725264611981	0.8166666666666668	0.6666666666666666	0.49537037037037035	0.0	4.0	1.5	0.0	2160	candidate_unreleased	False
development	noisy_program	603	program_max_alpha_4	reference	0.9005581649735834	0.8666666666666667	0.5714285714285714	0.49537037037037035	0.0	4.0	1.5	0.0	2160	candidate_unreleased	False
development	noisy_program	603	program_max_alpha_6	target	0.5707725264611981	0.8166666666666668	0.6666666666666666	0.49537037037037035	0.0	6.0	1.5	0.0	2160	candidate_unreleased	False
development	noisy_program	603	program_max_alpha_6	reference	0.9005581649735834	0.8666666666666667	0.5714285714285714	0.49537037037037035	0.0	6.0	1.5	0.0	2160	candidate_unreleased	False
development	noisy_program	604	program_max_alpha_0	target	0.8525707485222984	0.9333333333333333	0.42857142857142855	0.49398148148148147	0.0	0.0	1.5	0.0	2160	candidate_unreleased	False
development	noisy_program	604	program_max_alpha_0	reference	0.7329619921363042	0.9611111111111111	0.5714285714285714	0.49398148148148147	0.0	0.0	1.5	0.0	2160	candidate_unreleased	False
development	noisy_program	604	program_max_alpha_1	target	0.8525707485222984	0.9333333333333333	0.42857142857142855	0.49398148148148147	0.0	1.0	1.5	0.0	2160	candidate_unreleased	False
development	noisy_program	604	program_max_alpha_1	reference	0.7329619921363042	0.9611111111111111	0.5714285714285714	0.49398148148148147	0.0	1.0	1.5	0.0	2160	candidate_unreleased	False
development	noisy_program	604	program_max_alpha_2	target	0.8525707485222984	0.9333333333333333	0.42857142857142855	0.49398148148148147	0.0	2.0	1.5	0.0	2160	candidate_unreleased	False
development	noisy_program	604	program_max_alpha_2	reference	0.7329619921363042	0.9611111111111111	0.5714285714285714	0.49398148148148147	0.0	2.0	1.5	0.0	2160	candidate_unreleased	False
development	noisy_program	604	program_max_alpha_4	target	0.8525707485222984	0.9333333333333333	0.42857142857142855	0.49398148148148147	0.0	4.0	1.5	0.0	2160	candidate_unreleased	False
development	noisy_program	604	program_max_alpha_4	reference	0.7329619921363042	0.9611111111111111	0.5714285714285714	0.49398148148148147	0.0	4.0	1.5	0.0	2160	candidate_unreleased	False
development	noisy_program	604	program_max_alpha_6	target	0.8525707485222984	0.9333333333333333	0.42857142857142855	0.49398148148148147	0.0	6.0	1.5	0.0	2160	candidate_unreleased	False
development	noisy_program	604	program_max_alpha_6	reference	0.7329619921363042	0.9611111111111111	0.5714285714285714	0.49398148148148147	0.0	6.0	1.5	0.0	2160	candidate_unreleased	False
development	noisy_program	605	program_max_alpha_0	target	0.5255362034360027	0.7277777777777779	0.7619047619047619	0.5018518518518519	0.0037037037037037646	0.0	1.5	0.0	2160	candidate_unreleased	False
development	noisy_program	605	program_max_alpha_0	reference	0.8197614852650899	0.8611111111111112	0.7619047619047619	0.5018518518518519	0.0037037037037037646	0.0	1.5	0.0	2160	candidate_unreleased	False
development	noisy_program	605	program_max_alpha_1	target	0.5328191761200525	0.7222222222222222	0.0	0.5018518518518519	0.0037037037037037646	1.0	1.5	0.0037037037037037646	2160	candidate_unreleased	False
development	noisy_program	605	program_max_alpha_1	reference	0.8376201360473574	0.8777777777777778	0.0	0.5018518518518519	0.0037037037037037646	1.0	1.5	0.0037037037037037646	2160	candidate_unreleased	False
development	noisy_program	605	program_max_alpha_2	target	0.5328191761200525	0.7222222222222222	0.0	0.5018518518518519	0.0037037037037037646	2.0	1.5	0.007407407407407529	2160	candidate_unreleased	False
development	noisy_program	605	program_max_alpha_2	reference	0.8376201360473574	0.8777777777777778	0.0	0.5018518518518519	0.0037037037037037646	2.0	1.5	0.007407407407407529	2160	candidate_unreleased	False
development	noisy_program	605	program_max_alpha_4	target	0.5328191761200525	0.7222222222222222	0.0	0.5018518518518519	0.0037037037037037646	4.0	1.5	0.014814814814815058	2160	candidate_unreleased	False
development	noisy_program	605	program_max_alpha_4	reference	0.8376201360473574	0.8777777777777778	0.0	0.5018518518518519	0.0037037037037037646	4.0	1.5	0.014814814814815058	2160	candidate_unreleased	False
development	noisy_program	605	program_max_alpha_6	target	0.5328191761200525	0.7222222222222222	0.0	0.5018518518518519	0.0037037037037037646	6.0	1.5	0.022222222222222587	2160	candidate_unreleased	False
development	noisy_program	605	program_max_alpha_6	reference	0.8376201360473574	0.8777777777777778	0.0	0.5018518518518519	0.0037037037037037646	6.0	1.5	0.022222222222222587	2160	candidate_unreleased	False
development	noisy_program	606	program_max_alpha_0	target	0.8856309216615752	0.9948979591836735	0.42857142857142855	0.4861111111111111	0.0	0.0	1.5	0.0	2160	candidate_unreleased	False
development	noisy_program	606	program_max_alpha_0	reference	0.16114958625100906	0.6224489795918368	0.7142857142857143	0.4861111111111111	0.0	0.0	1.5	0.0	2160	candidate_unreleased	False
development	noisy_program	606	program_max_alpha_1	target	0.8856309216615752	0.9948979591836735	0.42857142857142855	0.4861111111111111	0.0	1.0	1.5	0.0	2160	candidate_unreleased	False
development	noisy_program	606	program_max_alpha_1	reference	0.16114958625100906	0.6224489795918368	0.7142857142857143	0.4861111111111111	0.0	1.0	1.5	0.0	2160	candidate_unreleased	False
development	noisy_program	606	program_max_alpha_2	target	0.8856309216615752	0.9948979591836735	0.42857142857142855	0.4861111111111111	0.0	2.0	1.5	0.0	2160	candidate_unreleased	False
development	noisy_program	606	program_max_alpha_2	reference	0.16114958625100906	0.6224489795918368	0.7142857142857143	0.4861111111111111	0.0	2.0	1.5	0.0	2160	candidate_unreleased	False
development	noisy_program	606	program_max_alpha_4	target	0.8856309216615752	0.9948979591836735	0.42857142857142855	0.4861111111111111	0.0	4.0	1.5	0.0	2160	candidate_unreleased	False
development	noisy_program	606	program_max_alpha_4	reference	0.16114958625100906	0.6224489795918368	0.7142857142857143	0.4861111111111111	0.0	4.0	1.5	0.0	2160	candidate_unreleased	False
development	noisy_program	606	program_max_alpha_6	target	0.8856309216615752	0.9948979591836735	0.42857142857142855	0.4861111111111111	0.0	6.0	1.5	0.0	2160	candidate_unreleased	False
development	noisy_program	606	program_max_alpha_6	reference	0.16114958625100906	0.6224489795918368	0.7142857142857143	0.4861111111111111	0.0	6.0	1.5	0.0	2160	candidate_unreleased	False
development	noisy_program	607	program_max_alpha_0	target	0.7748732584862923	0.938888888888889	0.6190476190476191	0.5060185185185185	0.012037037037037068	0.0	1.5	0.0	2160	candidate_unreleased	False
development	noisy_program	607	program_max_alpha_0	reference	0.76676484311787	0.8388888888888889	0.6666666666666666	0.5060185185185185	0.012037037037037068	0.0	1.5	0.0	2160	candidate_unreleased	False
development	noisy_program	607	program_max_alpha_1	target	0.7829502903379727	0.9444444444444445	0.0	0.5060185185185185	0.012037037037037068	1.0	1.5	0.012037037037037068	2160	candidate_unreleased	False
development	noisy_program	607	program_max_alpha_1	reference	0.7696367455520585	0.8444444444444444	0.0	0.5060185185185185	0.012037037037037068	1.0	1.5	0.012037037037037068	2160	candidate_unreleased	False
development	noisy_program	607	program_max_alpha_2	target	0.7829502903379727	0.9444444444444445	0.0	0.5060185185185185	0.012037037037037068	2.0	1.5	0.024074074074074137	2160	candidate_unreleased	False
development	noisy_program	607	program_max_alpha_2	reference	0.7696367455520585	0.8444444444444444	0.0	0.5060185185185185	0.012037037037037068	2.0	1.5	0.024074074074074137	2160	candidate_unreleased	False
development	noisy_program	607	program_max_alpha_4	target	0.7829502903379727	0.9444444444444445	0.0	0.5060185185185185	0.012037037037037068	4.0	1.5	0.04814814814814827	2160	candidate_unreleased	False
development	noisy_program	607	program_max_alpha_4	reference	0.7748502036082959	0.8444444444444444	0.0	0.5060185185185185	0.012037037037037068	4.0	1.5	0.04814814814814827	2160	candidate_unreleased	False
development	noisy_program	607	program_max_alpha_6	target	0.7829502903379727	0.9444444444444445	0.0	0.5060185185185185	0.012037037037037068	6.0	1.5	0.07222222222222241	2160	candidate_unreleased	False
development	noisy_program	607	program_max_alpha_6	reference	0.7748502036082959	0.8444444444444444	0.0	0.5060185185185185	0.012037037037037068	6.0	1.5	0.07222222222222241	2160	candidate_unreleased	False
development	noisy_program	608	program_max_alpha_0	target	0.7522303039486575	0.9888888888888889	0.6190476190476191	0.5097222222222222	0.019444444444444375	0.0	1.5	0.0	2160	candidate_unreleased	False
development	noisy_program	608	program_max_alpha_0	reference	0.7400523427096636	0.8166666666666667	0.5238095238095238	0.5097222222222222	0.019444444444444375	0.0	1.5	0.0	2160	candidate_unreleased	False
development	noisy_program	608	program_max_alpha_1	target	0.735309823522503	0.9777777777777779	0.0	0.5097222222222222	0.019444444444444375	1.0	1.5	0.019444444444444375	2160	candidate_unreleased	False
development	noisy_program	608	program_max_alpha_1	reference	0.7319467423435871	0.8111111111111111	0.0	0.5097222222222222	0.019444444444444375	1.0	1.5	0.019444444444444375	2160	candidate_unreleased	False
development	noisy_program	608	program_max_alpha_2	target	0.735309823522503	0.9777777777777779	0.0	0.5097222222222222	0.019444444444444375	2.0	1.5	0.03888888888888875	2160	candidate_unreleased	False
development	noisy_program	608	program_max_alpha_2	reference	0.7319467423435871	0.8111111111111111	0.0	0.5097222222222222	0.019444444444444375	2.0	1.5	0.03888888888888875	2160	candidate_unreleased	False
development	noisy_program	608	program_max_alpha_4	target	0.735309823522503	0.9777777777777779	0.0	0.5097222222222222	0.019444444444444375	4.0	1.5	0.0777777777777775	2160	candidate_unreleased	False
development	noisy_program	608	program_max_alpha_4	reference	0.7319467423435871	0.8111111111111111	0.0	0.5097222222222222	0.019444444444444375	4.0	1.5	0.0777777777777775	2160	candidate_unreleased	False
development	noisy_program	608	program_max_alpha_6	target	0.735309823522503	0.9777777777777779	0.0	0.5097222222222222	0.019444444444444375	6.0	1.5	0.11666666666666625	2160	candidate_unreleased	False
development	noisy_program	608	program_max_alpha_6	reference	0.7319467423435871	0.8111111111111111	0.0	0.5097222222222222	0.019444444444444375	6.0	1.5	0.11666666666666625	2160	candidate_unreleased	False
development	noisy_program	609	program_max_alpha_0	target	0.9029346617956931	0.8666666666666667	0.6190476190476191	0.4935185185185185	0.0	0.0	1.5	0.0	2160	candidate_unreleased	False
development	noisy_program	609	program_max_alpha_0	reference	0.6918236978848064	0.9277777777777778	0.7619047619047619	0.4935185185185185	0.0	0.0	1.5	0.0	2160	candidate_unreleased	False
development	noisy_program	609	program_max_alpha_1	target	0.9029346617956931	0.8666666666666667	0.6190476190476191	0.4935185185185185	0.0	1.0	1.5	0.0	2160	candidate_unreleased	False
development	noisy_program	609	program_max_alpha_1	reference	0.6918236978848064	0.9277777777777778	0.7619047619047619	0.4935185185185185	0.0	1.0	1.5	0.0	2160	candidate_unreleased	False
development	noisy_program	609	program_max_alpha_2	target	0.9029346617956931	0.8666666666666667	0.6190476190476191	0.4935185185185185	0.0	2.0	1.5	0.0	2160	candidate_unreleased	False
development	noisy_program	609	program_max_alpha_2	reference	0.6918236978848064	0.9277777777777778	0.7619047619047619	0.4935185185185185	0.0	2.0	1.5	0.0	2160	candidate_unreleased	False
development	noisy_program	609	program_max_alpha_4	target	0.9029346617956931	0.8666666666666667	0.6190476190476191	0.4935185185185185	0.0	4.0	1.5	0.0	2160	candidate_unreleased	False
development	noisy_program	609	program_max_alpha_4	reference	0.6918236978848064	0.9277777777777778	0.7619047619047619	0.4935185185185185	0.0	4.0	1.5	0.0	2160	candidate_unreleased	False
development	noisy_program	609	program_max_alpha_6	target	0.9029346617956931	0.8666666666666667	0.6190476190476191	0.4935185185185185	0.0	6.0	1.5	0.0	2160	candidate_unreleased	False
development	noisy_program	609	program_max_alpha_6	reference	0.6918236978848064	0.9277777777777778	0.7619047619047619	0.4935185185185185	0.0	6.0	1.5	0.0	2160	candidate_unreleased	False
development	noisy_program	610	program_max_alpha_0	target	0.8682338869107645	0.9055555555555556	0.47619047619047616	0.4949074074074074	0.0	0.0	1.5	0.0	2160	candidate_unreleased	False
development	noisy_program	610	program_max_alpha_0	reference	0.22265500173112354		0.8095238095238095	0.4949074074074074	0.0	0.0	1.5	0.0	2160	candidate_unreleased	False
development	noisy_program	610	program_max_alpha_1	target	0.8682338869107645	0.9055555555555556	0.47619047619047616	0.4949074074074074	0.0	1.0	1.5	0.0	2160	candidate_unreleased	False
development	noisy_program	610	program_max_alpha_1	reference	0.22265500173112354		0.8095238095238095	0.4949074074074074	0.0	1.0	1.5	0.0	2160	candidate_unreleased	False
development	noisy_program	610	program_max_alpha_2	target	0.8682338869107645	0.9055555555555556	0.47619047619047616	0.4949074074074074	0.0	2.0	1.5	0.0	2160	candidate_unreleased	False
development	noisy_program	610	program_max_alpha_2	reference	0.22265500173112354		0.8095238095238095	0.4949074074074074	0.0	2.0	1.5	0.0	2160	candidate_unreleased	False
development	noisy_program	610	program_max_alpha_4	target	0.8682338869107645	0.9055555555555556	0.47619047619047616	0.4949074074074074	0.0	4.0	1.5	0.0	2160	candidate_unreleased	False
development	noisy_program	610	program_max_alpha_4	reference	0.22265500173112354		0.8095238095238095	0.4949074074074074	0.0	4.0	1.5	0.0	2160	candidate_unreleased	False
development	noisy_program	610	program_max_alpha_6	target	0.8682338869107645	0.9055555555555556	0.47619047619047616	0.4949074074074074	0.0	6.0	1.5	0.0	2160	candidate_unreleased	False
development	noisy_program	610	program_max_alpha_6	reference	0.22265500173112354		0.8095238095238095	0.4949074074074074	0.0	6.0	1.5	0.0	2160	candidate_unreleased	False
development	noisy_program	611	program_max_alpha_0	target	0.6846247065330542	0.7666666666666666	0.6666666666666666	0.49722222222222223	0.0	0.0	1.5	0.0	2160	candidate_unreleased	False
development	noisy_program	611	program_max_alpha_0	reference	0.7254986531028143	0.9277777777777778	0.5714285714285714	0.49722222222222223	0.0	0.0	1.5	0.0	2160	candidate_unreleased	False
development	noisy_program	611	program_max_alpha_1	target	0.6846247065330542	0.7666666666666666	0.6666666666666666	0.49722222222222223	0.0	1.0	1.5	0.0	2160	candidate_unreleased	False
development	noisy_program	611	program_max_alpha_1	reference	0.7254986531028143	0.9277777777777778	0.5714285714285714	0.49722222222222223	0.0	1.0	1.5	0.0	2160	candidate_unreleased	False
development	noisy_program	611	program_max_alpha_2	target	0.6846247065330542	0.7666666666666666	0.6666666666666666	0.49722222222222223	0.0	2.0	1.5	0.0	2160	candidate_unreleased	False
development	noisy_program	611	program_max_alpha_2	reference	0.7254986531028143	0.9277777777777778	0.5714285714285714	0.49722222222222223	0.0	2.0	1.5	0.0	2160	candidate_unreleased	False
development	noisy_program	611	program_max_alpha_4	target	0.6846247065330542	0.7666666666666666	0.6666666666666666	0.49722222222222223	0.0	4.0	1.5	0.0	2160	candidate_unreleased	False
development	noisy_program	611	program_max_alpha_4	reference	0.7254986531028143	0.9277777777777778	0.5714285714285714	0.49722222222222223	0.0	4.0	1.5	0.0	2160	candidate_unreleased	False
development	noisy_program	611	program_max_alpha_6	target	0.6846247065330542	0.7666666666666666	0.6666666666666666	0.49722222222222223	0.0	6.0	1.5	0.0	2160	candidate_unreleased	False
development	noisy_program	611	program_max_alpha_6	reference	0.7254986531028143	0.9277777777777778	0.5714285714285714	0.49722222222222223	0.0	6.0	1.5	0.0	2160	candidate_unreleased	False
development	noisy_program	612	program_max_alpha_0	target	0.7789768954639329	0.9693877551020408	0.6666666666666666	0.5074074074074074	0.014814814814814836	0.0	1.5	0.0	2160	candidate_unreleased	False
development	noisy_program	612	program_max_alpha_0	reference	0.6733181968126963	0.8111111111111111	0.7142857142857143	0.5074074074074074	0.014814814814814836	0.0	1.5	0.0	2160	candidate_unreleased	False
development	noisy_program	612	program_max_alpha_1	target	0.7791880219294561	0.9693877551020409	0.0	0.5074074074074074	0.014814814814814836	1.0	1.5	0.014814814814814836	2160	candidate_unreleased	False
development	noisy_program	612	program_max_alpha_1	reference	0.6833730713673077	0.8222222222222222	0.0	0.5074074074074074	0.014814814814814836	1.0	1.5	0.014814814814814836	2160	candidate_unreleased	False
development	noisy_program	612	program_max_alpha_2	target	0.7791880219294561	0.9693877551020409	0.0	0.5074074074074074	0.014814814814814836	2.0	1.5	0.029629629629629672	2160	candidate_unreleased	False
development	noisy_program	612	program_max_alpha_2	reference	0.6833730713673077	0.8222222222222222	0.0	0.5074074074074074	0.014814814814814836	2.0	1.5	0.029629629629629672	2160	candidate_unreleased	False
development	noisy_program	612	program_max_alpha_4	target	0.7791880219294561	0.9693877551020409	0.0	0.5074074074074074	0.014814814814814836	4.0	1.5	0.059259259259259345	2160	candidate_unreleased	False
development	noisy_program	612	program_max_alpha_4	reference	0.6833730713673077	0.8222222222222222	0.0	0.5074074074074074	0.014814814814814836	4.0	1.5	0.059259259259259345	2160	candidate_unreleased	False
development	noisy_program	612	program_max_alpha_6	target	0.7791880219294561	0.9693877551020409	0.0	0.5074074074074074	0.014814814814814836	6.0	1.5	0.08888888888888902	2160	candidate_unreleased	False
development	noisy_program	612	program_max_alpha_6	reference	0.6833730713673077	0.8222222222222222	0.0	0.5074074074074074	0.014814814814814836	6.0	1.5	0.08888888888888902	2160	candidate_unreleased	False
development	noisy_program	613	program_max_alpha_0	target	0.7028284545536807	0.8111111111111111	0.5714285714285714	0.48935185185185187	0.0	0.0	1.5	0.0	2160	candidate_unreleased	False
development	noisy_program	613	program_max_alpha_0	reference	0.7016637951528214	0.8666666666666666	0.38095238095238093	0.48935185185185187	0.0	0.0	1.5	0.0	2160	candidate_unreleased	False
development	noisy_program	613	program_max_alpha_1	target	0.7028284545536807	0.8111111111111111	0.5714285714285714	0.48935185185185187	0.0	1.0	1.5	0.0	2160	candidate_unreleased	False
development	noisy_program	613	program_max_alpha_1	reference	0.7016637951528214	0.8666666666666666	0.38095238095238093	0.48935185185185187	0.0	1.0	1.5	0.0	2160	candidate_unreleased	False
development	noisy_program	613	program_max_alpha_2	target	0.7028284545536807	0.8111111111111111	0.5714285714285714	0.48935185185185187	0.0	2.0	1.5	0.0	2160	candidate_unreleased	False
development	noisy_program	613	program_max_alpha_2	reference	0.7016637951528214	0.8666666666666666	0.38095238095238093	0.48935185185185187	0.0	2.0	1.5	0.0	2160	candidate_unreleased	False
development	noisy_program	613	program_max_alpha_4	target	0.7028284545536807	0.8111111111111111	0.5714285714285714	0.48935185185185187	0.0	4.0	1.5	0.0	2160	candidate_unreleased	False
development	noisy_program	613	program_max_alpha_4	reference	0.7016637951528214	0.8666666666666666	0.38095238095238093	0.48935185185185187	0.0	4.0	1.5	0.0	2160	candidate_unreleased	False
development	noisy_program	613	program_max_alpha_6	target	0.7028284545536807	0.8111111111111111	0.5714285714285714	0.48935185185185187	0.0	6.0	1.5	0.0	2160	candidate_unreleased	False
development	noisy_program	613	program_max_alpha_6	reference	0.7016637951528214	0.8666666666666666	0.38095238095238093	0.48935185185185187	0.0	6.0	1.5	0.0	2160	candidate_unreleased	False
development	noisy_program	614	program_max_alpha_0	target	0.8114889844679056	0.9166666666666667	0.7142857142857143	0.5231481481481481	0.04629629629629628	0.0	1.5	0.0	2160	candidate_unreleased	False
development	noisy_program	614	program_max_alpha_0	reference	0.807040588690396	0.9222222222222223	0.42857142857142855	0.5231481481481481	0.04629629629629628	0.0	1.5	0.0	2160	candidate_unreleased	False
development	noisy_program	614	program_max_alpha_1	target	0.8186282262383704	0.9222222222222223	0.0	0.5231481481481481	0.04629629629629628	1.0	1.5	0.04629629629629628	2160	candidate_unreleased	False
development	noisy_program	614	program_max_alpha_1	reference	0.7993506502097676	0.9222222222222223	0.0	0.5231481481481481	0.04629629629629628	1.0	1.5	0.04629629629629628	2160	candidate_unreleased	False
development	noisy_program	614	program_max_alpha_2	target	0.8186282262383704	0.9222222222222223	0.0	0.5231481481481481	0.04629629629629628	2.0	1.5	0.09259259259259256	2160	candidate_unreleased	False
development	noisy_program	614	program_max_alpha_2	reference	0.7993506502097676	0.9222222222222223	0.0	0.5231481481481481	0.04629629629629628	2.0	1.5	0.09259259259259256	2160	candidate_unreleased	False
development	noisy_program	614	program_max_alpha_4	target	0.8225576417243148	0.9333333333333333	0.0	0.5231481481481481	0.04629629629629628	4.0	1.5	0.18518518518518512	2160	candidate_unreleased	False
development	noisy_program	614	program_max_alpha_4	reference	0.8039035017569346	0.9222222222222223	0.0	0.5231481481481481	0.04629629629629628	4.0	1.5	0.18518518518518512	2160	candidate_unreleased	False
development	noisy_program	614	program_max_alpha_6	target	0.8101144926854913	0.9222222222222223	0.0	0.5231481481481481	0.04629629629629628	6.0	1.5	0.2777777777777777	2160	candidate_unreleased	False
development	noisy_program	614	program_max_alpha_6	reference	0.8039035017569346	0.9222222222222223	0.0	0.5231481481481481	0.04629629629629628	6.0	1.5	0.2777777777777777	2160	candidate_unreleased	False
development	noisy_program	615	program_max_alpha_0	target	0.8571900633685571	0.9500000000000001	0.7142857142857143	0.48657407407407405	0.0	0.0	1.5	0.0	2160	candidate_unreleased	False
development	noisy_program	615	program_max_alpha_0	reference	0.8242617816992104	0.8775510204081632	0.5714285714285714	0.48657407407407405	0.0	0.0	1.5	0.0	2160	candidate_unreleased	False
development	noisy_program	615	program_max_alpha_1	target	0.8571900633685571	0.9500000000000001	0.7142857142857143	0.48657407407407405	0.0	1.0	1.5	0.0	2160	candidate_unreleased	False
development	noisy_program	615	program_max_alpha_1	reference	0.8242617816992104	0.8775510204081632	0.5714285714285714	0.48657407407407405	0.0	1.0	1.5	0.0	2160	candidate_unreleased	False
development	noisy_program	615	program_max_alpha_2	target	0.8571900633685571	0.9500000000000001	0.7142857142857143	0.48657407407407405	0.0	2.0	1.5	0.0	2160	candidate_unreleased	False
development	noisy_program	615	program_max_alpha_2	reference	0.8242617816992104	0.8775510204081632	0.5714285714285714	0.48657407407407405	0.0	2.0	1.5	0.0	2160	candidate_unreleased	False
development	noisy_program	615	program_max_alpha_4	target	0.8571900633685571	0.9500000000000001	0.7142857142857143	0.48657407407407405	0.0	4.0	1.5	0.0	2160	candidate_unreleased	False
development	noisy_program	615	program_max_alpha_4	reference	0.8242617816992104	0.8775510204081632	0.5714285714285714	0.48657407407407405	0.0	4.0	1.5	0.0	2160	candidate_unreleased	False
development	noisy_program	615	program_max_alpha_6	target	0.8571900633685571	0.9500000000000001	0.7142857142857143	0.48657407407407405	0.0	6.0	1.5	0.0	2160	candidate_unreleased	False
development	noisy_program	615	program_max_alpha_6	reference	0.8242617816992104	0.8775510204081632	0.5714285714285714	0.48657407407407405	0.0	6.0	1.5	0.0	2160	candidate_unreleased	False
development	noisy_program	616	program_max_alpha_0	target	0.6822063190859854	0.8877551020408163	0.7619047619047619	0.47824074074074074	0.0	0.0	1.5	0.0	2160	candidate_unreleased	False
development	noisy_program	616	program_max_alpha_0	reference	0.9196310935441371	0.9388888888888889	0.42857142857142855	0.47824074074074074	0.0	0.0	1.5	0.0	2160	candidate_unreleased	False
development	noisy_program	616	program_max_alpha_1	target	0.6822063190859854	0.8877551020408163	0.7619047619047619	0.47824074074074074	0.0	1.0	1.5	0.0	2160	candidate_unreleased	False
development	noisy_program	616	program_max_alpha_1	reference	0.9196310935441371	0.9388888888888889	0.42857142857142855	0.47824074074074074	0.0	1.0	1.5	0.0	2160	candidate_unreleased	False
development	noisy_program	616	program_max_alpha_2	target	0.6822063190859854	0.8877551020408163	0.7619047619047619	0.47824074074074074	0.0	2.0	1.5	0.0	2160	candidate_unreleased	False
development	noisy_program	616	program_max_alpha_2	reference	0.9196310935441371	0.9388888888888889	0.42857142857142855	0.47824074074074074	0.0	2.0	1.5	0.0	2160	candidate_unreleased	False
development	noisy_program	616	program_max_alpha_4	target	0.6822063190859854	0.8877551020408163	0.7619047619047619	0.47824074074074074	0.0	4.0	1.5	0.0	2160	candidate_unreleased	False
development	noisy_program	616	program_max_alpha_4	reference	0.9196310935441371	0.9388888888888889	0.42857142857142855	0.47824074074074074	0.0	4.0	1.5	0.0	2160	candidate_unreleased	False
development	noisy_program	616	program_max_alpha_6	target	0.6822063190859854	0.8877551020408163	0.7619047619047619	0.47824074074074074	0.0	6.0	1.5	0.0	2160	candidate_unreleased	False
development	noisy_program	616	program_max_alpha_6	reference	0.9196310935441371	0.9388888888888889	0.42857142857142855	0.47824074074074074	0.0	6.0	1.5	0.0	2160	candidate_unreleased	False
development	noisy_program	617	program_max_alpha_0	target	0.7346016816898363	0.8666666666666667	0.6190476190476191	0.5023148148148148	0.004629629629629539	0.0	1.5	0.0	2160	candidate_unreleased	False
development	noisy_program	617	program_max_alpha_0	reference	0.8595645164542964	0.9833333333333334	0.5238095238095238	0.5023148148148148	0.004629629629629539	0.0	1.5	0.0	2160	candidate_unreleased	False
development	noisy_program	617	program_max_alpha_1	target	0.7292324456162179	0.8555555555555556	0.0	0.5023148148148148	0.004629629629629539	1.0	1.5	0.004629629629629539	2160	candidate_unreleased	False
development	noisy_program	617	program_max_alpha_1	reference	0.8677287192141137	0.9777777777777779	0.0	0.5023148148148148	0.004629629629629539	1.0	1.5	0.004629629629629539	2160	candidate_unreleased	False
development	noisy_program	617	program_max_alpha_2	target	0.7292324456162179	0.8555555555555556	0.0	0.5023148148148148	0.004629629629629539	2.0	1.5	0.009259259259259078	2160	candidate_unreleased	False
development	noisy_program	617	program_max_alpha_2	reference	0.8677287192141137	0.9777777777777779	0.0	0.5023148148148148	0.004629629629629539	2.0	1.5	0.009259259259259078	2160	candidate_unreleased	False
development	noisy_program	617	program_max_alpha_4	target	0.7292324456162179	0.8555555555555556	0.0	0.5023148148148148	0.004629629629629539	4.0	1.5	0.018518518518518157	2160	candidate_unreleased	False
development	noisy_program	617	program_max_alpha_4	reference	0.8677287192141137	0.9777777777777779	0.0	0.5023148148148148	0.004629629629629539	4.0	1.5	0.018518518518518157	2160	candidate_unreleased	False
development	noisy_program	617	program_max_alpha_6	target	0.7292324456162179	0.8555555555555556	0.0	0.5023148148148148	0.004629629629629539	6.0	1.5	0.027777777777777235	2160	candidate_unreleased	False
development	noisy_program	617	program_max_alpha_6	reference	0.8677287192141137	0.9777777777777779	0.0	0.5023148148148148	0.004629629629629539	6.0	1.5	0.027777777777777235	2160	candidate_unreleased	False
development	noisy_program	618	program_max_alpha_0	target	0.8451486893339041	0.9444444444444444	0.47619047619047616	0.5120370370370371	0.024074074074074137	0.0	1.5	0.0	2160	candidate_unreleased	False
development	noisy_program	618	program_max_alpha_0	reference	0.7513090614183457	0.9222222222222223	0.5714285714285714	0.5120370370370371	0.024074074074074137	0.0	1.5	0.0	2160	candidate_unreleased	False
development	noisy_program	618	program_max_alpha_1	target	0.834259525282874	0.9444444444444444	0.0	0.5120370370370371	0.024074074074074137	1.0	1.5	0.024074074074074137	2160	candidate_unreleased	False
development	noisy_program	618	program_max_alpha_1	reference	0.7570984216431849	0.9333333333333333	0.0	0.5120370370370371	0.024074074074074137	1.0	1.5	0.024074074074074137	2160	candidate_unreleased	False
development	noisy_program	618	program_max_alpha_2	target	0.834259525282874	0.9444444444444444	0.0	0.5120370370370371	0.024074074074074137	2.0	1.5	0.04814814814814827	2160	candidate_unreleased	False
development	noisy_program	618	program_max_alpha_2	reference	0.7570984216431849	0.9333333333333333	0.0	0.5120370370370371	0.024074074074074137	2.0	1.5	0.04814814814814827	2160	candidate_unreleased	False
development	noisy_program	618	program_max_alpha_4	target	0.834259525282874	0.9444444444444444	0.0	0.5120370370370371	0.024074074074074137	4.0	1.5	0.09629629629629655	2160	candidate_unreleased	False
development	noisy_program	618	program_max_alpha_4	reference	0.7570984216431849	0.9333333333333333	0.0	0.5120370370370371	0.024074074074074137	4.0	1.5	0.09629629629629655	2160	candidate_unreleased	False
development	noisy_program	618	program_max_alpha_6	target	0.834259525282874	0.9444444444444444	0.0	0.5120370370370371	0.024074074074074137	6.0	1.5	0.14444444444444482	2160	candidate_unreleased	False
development	noisy_program	618	program_max_alpha_6	reference	0.7525336594110553	0.9333333333333333	0.0	0.5120370370370371	0.024074074074074137	6.0	1.5	0.14444444444444482	2160	candidate_unreleased	False
development	noisy_program	619	program_max_alpha_0	target	0.7047902059178158	0.9833333333333334	0.5714285714285714	0.513425925925926	0.026851851851851904	0.0	1.5	0.0	2160	candidate_unreleased	False
development	noisy_program	619	program_max_alpha_0	reference	0.8611306033389942	0.9166666666666666	0.5714285714285714	0.513425925925926	0.026851851851851904	0.0	1.5	0.0	2160	candidate_unreleased	False
development	noisy_program	619	program_max_alpha_1	target	0.7200392073706287	0.9888888888888889	0.0	0.513425925925926	0.026851851851851904	1.0	1.5	0.026851851851851904	2160	candidate_unreleased	False
development	noisy_program	619	program_max_alpha_1	reference	0.8571630556001839	0.9222222222222223	0.0	0.513425925925926	0.026851851851851904	1.0	1.5	0.026851851851851904	2160	candidate_unreleased	False
development	noisy_program	619	program_max_alpha_2	target	0.7200392073706287	0.9888888888888889	0.0	0.513425925925926	0.026851851851851904	2.0	1.5	0.05370370370370381	2160	candidate_unreleased	False
development	noisy_program	619	program_max_alpha_2	reference	0.8571630556001839	0.9222222222222223	0.0	0.513425925925926	0.026851851851851904	2.0	1.5	0.05370370370370381	2160	candidate_unreleased	False
development	noisy_program	619	program_max_alpha_4	target	0.7200392073706287	0.9888888888888889	0.0	0.513425925925926	0.026851851851851904	4.0	1.5	0.10740740740740762	2160	candidate_unreleased	False
development	noisy_program	619	program_max_alpha_4	reference	0.8571630556001839	0.9222222222222223	0.0	0.513425925925926	0.026851851851851904	4.0	1.5	0.10740740740740762	2160	candidate_unreleased	False
development	noisy_program	619	program_max_alpha_6	target	0.7200392073706287	0.9888888888888889	0.0	0.513425925925926	0.026851851851851904	6.0	1.5	0.16111111111111143	2160	candidate_unreleased	False
development	noisy_program	619	program_max_alpha_6	reference	0.8571630556001839	0.9222222222222223	0.0	0.513425925925926	0.026851851851851904	6.0	1.5	0.16111111111111143	2160	candidate_unreleased	False
development	noisy_program	620	program_max_alpha_0	target	0.7367945256354393	0.9333333333333333	0.38095238095238093	0.4930555555555556	0.0	0.0	1.5	0.0	2160	candidate_unreleased	False
development	noisy_program	620	program_max_alpha_0	reference	0.7729439120021264	0.8888888888888888	0.7619047619047619	0.4930555555555556	0.0	0.0	1.5	0.0	2160	candidate_unreleased	False
development	noisy_program	620	program_max_alpha_1	target	0.7367945256354393	0.9333333333333333	0.38095238095238093	0.4930555555555556	0.0	1.0	1.5	0.0	2160	candidate_unreleased	False
development	noisy_program	620	program_max_alpha_1	reference	0.7729439120021264	0.8888888888888888	0.7619047619047619	0.4930555555555556	0.0	1.0	1.5	0.0	2160	candidate_unreleased	False
development	noisy_program	620	program_max_alpha_2	target	0.7367945256354393	0.9333333333333333	0.38095238095238093	0.4930555555555556	0.0	2.0	1.5	0.0	2160	candidate_unreleased	False
development	noisy_program	620	program_max_alpha_2	reference	0.7729439120021264	0.8888888888888888	0.7619047619047619	0.4930555555555556	0.0	2.0	1.5	0.0	2160	candidate_unreleased	False
development	noisy_program	620	program_max_alpha_4	target	0.7367945256354393	0.9333333333333333	0.38095238095238093	0.4930555555555556	0.0	4.0	1.5	0.0	2160	candidate_unreleased	False
development	noisy_program	620	program_max_alpha_4	reference	0.7729439120021264	0.8888888888888888	0.7619047619047619	0.4930555555555556	0.0	4.0	1.5	0.0	2160	candidate_unreleased	False
development	noisy_program	620	program_max_alpha_6	target	0.7367945256354393	0.9333333333333333	0.38095238095238093	0.4930555555555556	0.0	6.0	1.5	0.0	2160	candidate_unreleased	False
development	noisy_program	620	program_max_alpha_6	reference	0.7729439120021264	0.8888888888888888	0.7619047619047619	0.4930555555555556	0.0	6.0	1.5	0.0	2160	candidate_unreleased	False
development	antagonistic_program	601	program_max_alpha_0	target	0.7667658277033877	0.9722222222222222	0.5714285714285714	0.3574074074074074	0.0	0.0	1.5	0.0	2160	candidate_unreleased	False
development	antagonistic_program	601	program_max_alpha_0	reference	0.8585433721501529	0.9744897959183674	0.8095238095238095	0.3574074074074074	0.0	0.0	1.5	0.0	2160	candidate_unreleased	False
development	antagonistic_program	601	program_max_alpha_1	target	0.7667658277033877	0.9722222222222222	0.5714285714285714	0.3574074074074074	0.0	1.0	1.5	0.0	2160	candidate_unreleased	False
development	antagonistic_program	601	program_max_alpha_1	reference	0.8585433721501529	0.9744897959183674	0.8095238095238095	0.3574074074074074	0.0	1.0	1.5	0.0	2160	candidate_unreleased	False
development	antagonistic_program	601	program_max_alpha_2	target	0.7667658277033877	0.9722222222222222	0.5714285714285714	0.3574074074074074	0.0	2.0	1.5	0.0	2160	candidate_unreleased	False
development	antagonistic_program	601	program_max_alpha_2	reference	0.8585433721501529	0.9744897959183674	0.8095238095238095	0.3574074074074074	0.0	2.0	1.5	0.0	2160	candidate_unreleased	False
development	antagonistic_program	601	program_max_alpha_4	target	0.7667658277033877	0.9722222222222222	0.5714285714285714	0.3574074074074074	0.0	4.0	1.5	0.0	2160	candidate_unreleased	False
development	antagonistic_program	601	program_max_alpha_4	reference	0.8585433721501529	0.9744897959183674	0.8095238095238095	0.3574074074074074	0.0	4.0	1.5	0.0	2160	candidate_unreleased	False
development	antagonistic_program	601	program_max_alpha_6	target	0.7667658277033877	0.9722222222222222	0.5714285714285714	0.3574074074074074	0.0	6.0	1.5	0.0	2160	candidate_unreleased	False
development	antagonistic_program	601	program_max_alpha_6	reference	0.8585433721501529	0.9744897959183674	0.8095238095238095	0.3574074074074074	0.0	6.0	1.5	0.0	2160	candidate_unreleased	False
development	antagonistic_program	602	program_max_alpha_0	target	0.6003257648296477	0.8222222222222223	0.6666666666666666	0.37175925925925923	0.0	0.0	1.5	0.0	2160	candidate_unreleased	False
development	antagonistic_program	602	program_max_alpha_0	reference	0.8904156949910357	0.9387755102040816	0.6666666666666666	0.37175925925925923	0.0	0.0	1.5	0.0	2160	candidate_unreleased	False
development	antagonistic_program	602	program_max_alpha_1	target	0.6003257648296477	0.8222222222222223	0.6666666666666666	0.37175925925925923	0.0	1.0	1.5	0.0	2160	candidate_unreleased	False
development	antagonistic_program	602	program_max_alpha_1	reference	0.8904156949910357	0.9387755102040816	0.6666666666666666	0.37175925925925923	0.0	1.0	1.5	0.0	2160	candidate_unreleased	False
development	antagonistic_program	602	program_max_alpha_2	target	0.6003257648296477	0.8222222222222223	0.6666666666666666	0.37175925925925923	0.0	2.0	1.5	0.0	2160	candidate_unreleased	False
development	antagonistic_program	602	program_max_alpha_2	reference	0.8904156949910357	0.9387755102040816	0.6666666666666666	0.37175925925925923	0.0	2.0	1.5	0.0	2160	candidate_unreleased	False
development	antagonistic_program	602	program_max_alpha_4	target	0.6003257648296477	0.8222222222222223	0.6666666666666666	0.37175925925925923	0.0	4.0	1.5	0.0	2160	candidate_unreleased	False
development	antagonistic_program	602	program_max_alpha_4	reference	0.8904156949910357	0.9387755102040816	0.6666666666666666	0.37175925925925923	0.0	4.0	1.5	0.0	2160	candidate_unreleased	False
development	antagonistic_program	602	program_max_alpha_6	target	0.6003257648296477	0.8222222222222223	0.6666666666666666	0.37175925925925923	0.0	6.0	1.5	0.0	2160	candidate_unreleased	False
development	antagonistic_program	602	program_max_alpha_6	reference	0.8904156949910357	0.9387755102040816	0.6666666666666666	0.37175925925925923	0.0	6.0	1.5	0.0	2160	candidate_unreleased	False
development	antagonistic_program	603	program_max_alpha_0	target	0.5707725264611981	0.8166666666666668	0.6666666666666666	0.37037037037037035	0.0	0.0	1.5	0.0	2160	candidate_unreleased	False
development	antagonistic_program	603	program_max_alpha_0	reference	0.9005581649735834	0.8666666666666667	0.5714285714285714	0.37037037037037035	0.0	0.0	1.5	0.0	2160	candidate_unreleased	False
development	antagonistic_program	603	program_max_alpha_1	target	0.5707725264611981	0.8166666666666668	0.6666666666666666	0.37037037037037035	0.0	1.0	1.5	0.0	2160	candidate_unreleased	False
development	antagonistic_program	603	program_max_alpha_1	reference	0.9005581649735834	0.8666666666666667	0.5714285714285714	0.37037037037037035	0.0	1.0	1.5	0.0	2160	candidate_unreleased	False
development	antagonistic_program	603	program_max_alpha_2	target	0.5707725264611981	0.8166666666666668	0.6666666666666666	0.37037037037037035	0.0	2.0	1.5	0.0	2160	candidate_unreleased	False
development	antagonistic_program	603	program_max_alpha_2	reference	0.9005581649735834	0.8666666666666667	0.5714285714285714	0.37037037037037035	0.0	2.0	1.5	0.0	2160	candidate_unreleased	False
development	antagonistic_program	603	program_max_alpha_4	target	0.5707725264611981	0.8166666666666668	0.6666666666666666	0.37037037037037035	0.0	4.0	1.5	0.0	2160	candidate_unreleased	False
development	antagonistic_program	603	program_max_alpha_4	reference	0.9005581649735834	0.8666666666666667	0.5714285714285714	0.37037037037037035	0.0	4.0	1.5	0.0	2160	candidate_unreleased	False
development	antagonistic_program	603	program_max_alpha_6	target	0.5707725264611981	0.8166666666666668	0.6666666666666666	0.37037037037037035	0.0	6.0	1.5	0.0	2160	candidate_unreleased	False
development	antagonistic_program	603	program_max_alpha_6	reference	0.9005581649735834	0.8666666666666667	0.5714285714285714	0.37037037037037035	0.0	6.0	1.5	0.0	2160	candidate_unreleased	False
development	antagonistic_program	604	program_max_alpha_0	target	0.8525707485222984	0.9333333333333333	0.42857142857142855	0.39305555555555555	0.0	0.0	1.5	0.0	2160	candidate_unreleased	False
development	antagonistic_program	604	program_max_alpha_0	reference	0.7329619921363042	0.9611111111111111	0.5714285714285714	0.39305555555555555	0.0	0.0	1.5	0.0	2160	candidate_unreleased	False
development	antagonistic_program	604	program_max_alpha_1	target	0.8525707485222984	0.9333333333333333	0.42857142857142855	0.39305555555555555	0.0	1.0	1.5	0.0	2160	candidate_unreleased	False
development	antagonistic_program	604	program_max_alpha_1	reference	0.7329619921363042	0.9611111111111111	0.5714285714285714	0.39305555555555555	0.0	1.0	1.5	0.0	2160	candidate_unreleased	False
development	antagonistic_program	604	program_max_alpha_2	target	0.8525707485222984	0.9333333333333333	0.42857142857142855	0.39305555555555555	0.0	2.0	1.5	0.0	2160	candidate_unreleased	False
development	antagonistic_program	604	program_max_alpha_2	reference	0.7329619921363042	0.9611111111111111	0.5714285714285714	0.39305555555555555	0.0	2.0	1.5	0.0	2160	candidate_unreleased	False
development	antagonistic_program	604	program_max_alpha_4	target	0.8525707485222984	0.9333333333333333	0.42857142857142855	0.39305555555555555	0.0	4.0	1.5	0.0	2160	candidate_unreleased	False
development	antagonistic_program	604	program_max_alpha_4	reference	0.7329619921363042	0.9611111111111111	0.5714285714285714	0.39305555555555555	0.0	4.0	1.5	0.0	2160	candidate_unreleased	False
development	antagonistic_program	604	program_max_alpha_6	target	0.8525707485222984	0.9333333333333333	0.42857142857142855	0.39305555555555555	0.0	6.0	1.5	0.0	2160	candidate_unreleased	False
development	antagonistic_program	604	program_max_alpha_6	reference	0.7329619921363042	0.9611111111111111	0.5714285714285714	0.39305555555555555	0.0	6.0	1.5	0.0	2160	candidate_unreleased	False
development	antagonistic_program	605	program_max_alpha_0	target	0.5255362034360027	0.7277777777777779	0.7619047619047619	0.37777777777777777	0.0	0.0	1.5	0.0	2160	candidate_unreleased	False
development	antagonistic_program	605	program_max_alpha_0	reference	0.8197614852650899	0.8611111111111112	0.7619047619047619	0.37777777777777777	0.0	0.0	1.5	0.0	2160	candidate_unreleased	False
development	antagonistic_program	605	program_max_alpha_1	target	0.5255362034360027	0.7277777777777779	0.7619047619047619	0.37777777777777777	0.0	1.0	1.5	0.0	2160	candidate_unreleased	False
development	antagonistic_program	605	program_max_alpha_1	reference	0.8197614852650899	0.8611111111111112	0.7619047619047619	0.37777777777777777	0.0	1.0	1.5	0.0	2160	candidate_unreleased	False
development	antagonistic_program	605	program_max_alpha_2	target	0.5255362034360027	0.7277777777777779	0.7619047619047619	0.37777777777777777	0.0	2.0	1.5	0.0	2160	candidate_unreleased	False
development	antagonistic_program	605	program_max_alpha_2	reference	0.8197614852650899	0.8611111111111112	0.7619047619047619	0.37777777777777777	0.0	2.0	1.5	0.0	2160	candidate_unreleased	False
development	antagonistic_program	605	program_max_alpha_4	target	0.5255362034360027	0.7277777777777779	0.7619047619047619	0.37777777777777777	0.0	4.0	1.5	0.0	2160	candidate_unreleased	False
development	antagonistic_program	605	program_max_alpha_4	reference	0.8197614852650899	0.8611111111111112	0.7619047619047619	0.37777777777777777	0.0	4.0	1.5	0.0	2160	candidate_unreleased	False
development	antagonistic_program	605	program_max_alpha_6	target	0.5255362034360027	0.7277777777777779	0.7619047619047619	0.37777777777777777	0.0	6.0	1.5	0.0	2160	candidate_unreleased	False
development	antagonistic_program	605	program_max_alpha_6	reference	0.8197614852650899	0.8611111111111112	0.7619047619047619	0.37777777777777777	0.0	6.0	1.5	0.0	2160	candidate_unreleased	False
development	antagonistic_program	606	program_max_alpha_0	target	0.8856309216615752	0.9948979591836735	0.42857142857142855	0.37407407407407406	0.0	0.0	1.5	0.0	2160	candidate_unreleased	False
development	antagonistic_program	606	program_max_alpha_0	reference	0.16114958625100906	0.6224489795918368	0.7142857142857143	0.37407407407407406	0.0	0.0	1.5	0.0	2160	candidate_unreleased	False
development	antagonistic_program	606	program_max_alpha_1	target	0.8856309216615752	0.9948979591836735	0.42857142857142855	0.37407407407407406	0.0	1.0	1.5	0.0	2160	candidate_unreleased	False
development	antagonistic_program	606	program_max_alpha_1	reference	0.16114958625100906	0.6224489795918368	0.7142857142857143	0.37407407407407406	0.0	1.0	1.5	0.0	2160	candidate_unreleased	False
development	antagonistic_program	606	program_max_alpha_2	target	0.8856309216615752	0.9948979591836735	0.42857142857142855	0.37407407407407406	0.0	2.0	1.5	0.0	2160	candidate_unreleased	False
development	antagonistic_program	606	program_max_alpha_2	reference	0.16114958625100906	0.6224489795918368	0.7142857142857143	0.37407407407407406	0.0	2.0	1.5	0.0	2160	candidate_unreleased	False
development	antagonistic_program	606	program_max_alpha_4	target	0.8856309216615752	0.9948979591836735	0.42857142857142855	0.37407407407407406	0.0	4.0	1.5	0.0	2160	candidate_unreleased	False
development	antagonistic_program	606	program_max_alpha_4	reference	0.16114958625100906	0.6224489795918368	0.7142857142857143	0.37407407407407406	0.0	4.0	1.5	0.0	2160	candidate_unreleased	False
development	antagonistic_program	606	program_max_alpha_6	target	0.8856309216615752	0.9948979591836735	0.42857142857142855	0.37407407407407406	0.0	6.0	1.5	0.0	2160	candidate_unreleased	False
development	antagonistic_program	606	program_max_alpha_6	reference	0.16114958625100906	0.6224489795918368	0.7142857142857143	0.37407407407407406	0.0	6.0	1.5	0.0	2160	candidate_unreleased	False
development	antagonistic_program	607	program_max_alpha_0	target	0.7748732584862923	0.938888888888889	0.6190476190476191	0.399537037037037	0.0	0.0	1.5	0.0	2160	candidate_unreleased	False
development	antagonistic_program	607	program_max_alpha_0	reference	0.76676484311787	0.8388888888888889	0.6666666666666666	0.399537037037037	0.0	0.0	1.5	0.0	2160	candidate_unreleased	False
development	antagonistic_program	607	program_max_alpha_1	target	0.7748732584862923	0.938888888888889	0.6190476190476191	0.399537037037037	0.0	1.0	1.5	0.0	2160	candidate_unreleased	False
development	antagonistic_program	607	program_max_alpha_1	reference	0.76676484311787	0.8388888888888889	0.6666666666666666	0.399537037037037	0.0	1.0	1.5	0.0	2160	candidate_unreleased	False
development	antagonistic_program	607	program_max_alpha_2	target	0.7748732584862923	0.938888888888889	0.6190476190476191	0.399537037037037	0.0	2.0	1.5	0.0	2160	candidate_unreleased	False
development	antagonistic_program	607	program_max_alpha_2	reference	0.76676484311787	0.8388888888888889	0.6666666666666666	0.399537037037037	0.0	2.0	1.5	0.0	2160	candidate_unreleased	False
development	antagonistic_program	607	program_max_alpha_4	target	0.7748732584862923	0.938888888888889	0.6190476190476191	0.399537037037037	0.0	4.0	1.5	0.0	2160	candidate_unreleased	False
development	antagonistic_program	607	program_max_alpha_4	reference	0.76676484311787	0.8388888888888889	0.6666666666666666	0.399537037037037	0.0	4.0	1.5	0.0	2160	candidate_unreleased	False
development	antagonistic_program	607	program_max_alpha_6	target	0.7748732584862923	0.938888888888889	0.6190476190476191	0.399537037037037	0.0	6.0	1.5	0.0	2160	candidate_unreleased	False
development	antagonistic_program	607	program_max_alpha_6	reference	0.76676484311787	0.8388888888888889	0.6666666666666666	0.399537037037037	0.0	6.0	1.5	0.0	2160	candidate_unreleased	False
development	antagonistic_program	608	program_max_alpha_0	target	0.7522303039486575	0.9888888888888889	0.6190476190476191	0.3800925925925926	0.0	0.0	1.5	0.0	2160	candidate_unreleased	False
development	antagonistic_program	608	program_max_alpha_0	reference	0.7400523427096636	0.8166666666666667	0.5238095238095238	0.3800925925925926	0.0	0.0	1.5	0.0	2160	candidate_unreleased	False
development	antagonistic_program	608	program_max_alpha_1	target	0.7522303039486575	0.9888888888888889	0.6190476190476191	0.3800925925925926	0.0	1.0	1.5	0.0	2160	candidate_unreleased	False
development	antagonistic_program	608	program_max_alpha_1	reference	0.7400523427096636	0.8166666666666667	0.5238095238095238	0.3800925925925926	0.0	1.0	1.5	0.0	2160	candidate_unreleased	False
development	antagonistic_program	608	program_max_alpha_2	target	0.7522303039486575	0.9888888888888889	0.6190476190476191	0.3800925925925926	0.0	2.0	1.5	0.0	2160	candidate_unreleased	False
development	antagonistic_program	608	program_max_alpha_2	reference	0.7400523427096636	0.8166666666666667	0.5238095238095238	0.3800925925925926	0.0	2.0	1.5	0.0	2160	candidate_unreleased	False
development	antagonistic_program	608	program_max_alpha_4	target	0.7522303039486575	0.9888888888888889	0.6190476190476191	0.3800925925925926	0.0	4.0	1.5	0.0	2160	candidate_unreleased	False
development	antagonistic_program	608	program_max_alpha_4	reference	0.7400523427096636	0.8166666666666667	0.5238095238095238	0.3800925925925926	0.0	4.0	1.5	0.0	2160	candidate_unreleased	False
development	antagonistic_program	608	program_max_alpha_6	target	0.7522303039486575	0.9888888888888889	0.6190476190476191	0.3800925925925926	0.0	6.0	1.5	0.0	2160	candidate_unreleased	False
development	antagonistic_program	608	program_max_alpha_6	reference	0.7400523427096636	0.8166666666666667	0.5238095238095238	0.3800925925925926	0.0	6.0	1.5	0.0	2160	candidate_unreleased	False
development	antagonistic_program	609	program_max_alpha_0	target	0.9029346617956931	0.8666666666666667	0.6190476190476191	0.3648148148148148	0.0	0.0	1.5	0.0	2160	candidate_unreleased	False
development	antagonistic_program	609	program_max_alpha_0	reference	0.6918236978848064	0.9277777777777778	0.7619047619047619	0.3648148148148148	0.0	0.0	1.5	0.0	2160	candidate_unreleased	False
development	antagonistic_program	609	program_max_alpha_1	target	0.9029346617956931	0.8666666666666667	0.6190476190476191	0.3648148148148148	0.0	1.0	1.5	0.0	2160	candidate_unreleased	False
development	antagonistic_program	609	program_max_alpha_1	reference	0.6918236978848064	0.9277777777777778	0.7619047619047619	0.3648148148148148	0.0	1.0	1.5	0.0	2160	candidate_unreleased	False
development	antagonistic_program	609	program_max_alpha_2	target	0.9029346617956931	0.8666666666666667	0.6190476190476191	0.3648148148148148	0.0	2.0	1.5	0.0	2160	candidate_unreleased	False
development	antagonistic_program	609	program_max_alpha_2	reference	0.6918236978848064	0.9277777777777778	0.7619047619047619	0.3648148148148148	0.0	2.0	1.5	0.0	2160	candidate_unreleased	False
development	antagonistic_program	609	program_max_alpha_4	target	0.9029346617956931	0.8666666666666667	0.6190476190476191	0.3648148148148148	0.0	4.0	1.5	0.0	2160	candidate_unreleased	False
development	antagonistic_program	609	program_max_alpha_4	reference	0.6918236978848064	0.9277777777777778	0.7619047619047619	0.3648148148148148	0.0	4.0	1.5	0.0	2160	candidate_unreleased	False
development	antagonistic_program	609	program_max_alpha_6	target	0.9029346617956931	0.8666666666666667	0.6190476190476191	0.3648148148148148	0.0	6.0	1.5	0.0	2160	candidate_unreleased	False
development	antagonistic_program	609	program_max_alpha_6	reference	0.6918236978848064	0.9277777777777778	0.7619047619047619	0.3648148148148148	0.0	6.0	1.5	0.0	2160	candidate_unreleased	False
development	antagonistic_program	610	program_max_alpha_0	target	0.8682338869107645	0.9055555555555556	0.47619047619047616	0.3763888888888889	0.0	0.0	1.5	0.0	2160	candidate_unreleased	False
development	antagonistic_program	610	program_max_alpha_0	reference	0.22265500173112354		0.8095238095238095	0.3763888888888889	0.0	0.0	1.5	0.0	2160	candidate_unreleased	False
development	antagonistic_program	610	program_max_alpha_1	target	0.8682338869107645	0.9055555555555556	0.47619047619047616	0.3763888888888889	0.0	1.0	1.5	0.0	2160	candidate_unreleased	False
development	antagonistic_program	610	program_max_alpha_1	reference	0.22265500173112354		0.8095238095238095	0.3763888888888889	0.0	1.0	1.5	0.0	2160	candidate_unreleased	False
development	antagonistic_program	610	program_max_alpha_2	target	0.8682338869107645	0.9055555555555556	0.47619047619047616	0.3763888888888889	0.0	2.0	1.5	0.0	2160	candidate_unreleased	False
development	antagonistic_program	610	program_max_alpha_2	reference	0.22265500173112354		0.8095238095238095	0.3763888888888889	0.0	2.0	1.5	0.0	2160	candidate_unreleased	False
development	antagonistic_program	610	program_max_alpha_4	target	0.8682338869107645	0.9055555555555556	0.47619047619047616	0.3763888888888889	0.0	4.0	1.5	0.0	2160	candidate_unreleased	False
development	antagonistic_program	610	program_max_alpha_4	reference	0.22265500173112354		0.8095238095238095	0.3763888888888889	0.0	4.0	1.5	0.0	2160	candidate_unreleased	False
development	antagonistic_program	610	program_max_alpha_6	target	0.8682338869107645	0.9055555555555556	0.47619047619047616	0.3763888888888889	0.0	6.0	1.5	0.0	2160	candidate_unreleased	False
development	antagonistic_program	610	program_max_alpha_6	reference	0.22265500173112354		0.8095238095238095	0.3763888888888889	0.0	6.0	1.5	0.0	2160	candidate_unreleased	False
development	antagonistic_program	611	program_max_alpha_0	target	0.6846247065330542	0.7666666666666666	0.6666666666666666	0.3824074074074074	0.0	0.0	1.5	0.0	2160	candidate_unreleased	False
development	antagonistic_program	611	program_max_alpha_0	reference	0.7254986531028143	0.9277777777777778	0.5714285714285714	0.3824074074074074	0.0	0.0	1.5	0.0	2160	candidate_unreleased	False
development	antagonistic_program	611	program_max_alpha_1	target	0.6846247065330542	0.7666666666666666	0.6666666666666666	0.3824074074074074	0.0	1.0	1.5	0.0	2160	candidate_unreleased	False
development	antagonistic_program	611	program_max_alpha_1	reference	0.7254986531028143	0.9277777777777778	0.5714285714285714	0.3824074074074074	0.0	1.0	1.5	0.0	2160	candidate_unreleased	False
development	antagonistic_program	611	program_max_alpha_2	target	0.6846247065330542	0.7666666666666666	0.6666666666666666	0.3824074074074074	0.0	2.0	1.5	0.0	2160	candidate_unreleased	False
development	antagonistic_program	611	program_max_alpha_2	reference	0.7254986531028143	0.9277777777777778	0.5714285714285714	0.3824074074074074	0.0	2.0	1.5	0.0	2160	candidate_unreleased	False
development	antagonistic_program	611	program_max_alpha_4	target	0.6846247065330542	0.7666666666666666	0.6666666666666666	0.3824074074074074	0.0	4.0	1.5	0.0	2160	candidate_unreleased	False
development	antagonistic_program	611	program_max_alpha_4	reference	0.7254986531028143	0.9277777777777778	0.5714285714285714	0.3824074074074074	0.0	4.0	1.5	0.0	2160	candidate_unreleased	False
development	antagonistic_program	611	program_max_alpha_6	target	0.6846247065330542	0.7666666666666666	0.6666666666666666	0.3824074074074074	0.0	6.0	1.5	0.0	2160	candidate_unreleased	False
development	antagonistic_program	611	program_max_alpha_6	reference	0.7254986531028143	0.9277777777777778	0.5714285714285714	0.3824074074074074	0.0	6.0	1.5	0.0	2160	candidate_unreleased	False
development	antagonistic_program	612	program_max_alpha_0	target	0.7789768954639329	0.9693877551020408	0.6666666666666666	0.3888888888888889	0.0	0.0	1.5	0.0	2160	candidate_unreleased	False
development	antagonistic_program	612	program_max_alpha_0	reference	0.6733181968126963	0.8111111111111111	0.7142857142857143	0.3888888888888889	0.0	0.0	1.5	0.0	2160	candidate_unreleased	False
development	antagonistic_program	612	program_max_alpha_1	target	0.7789768954639329	0.9693877551020408	0.6666666666666666	0.3888888888888889	0.0	1.0	1.5	0.0	2160	candidate_unreleased	False
development	antagonistic_program	612	program_max_alpha_1	reference	0.6733181968126963	0.8111111111111111	0.7142857142857143	0.3888888888888889	0.0	1.0	1.5	0.0	2160	candidate_unreleased	False
development	antagonistic_program	612	program_max_alpha_2	target	0.7789768954639329	0.9693877551020408	0.6666666666666666	0.3888888888888889	0.0	2.0	1.5	0.0	2160	candidate_unreleased	False
development	antagonistic_program	612	program_max_alpha_2	reference	0.6733181968126963	0.8111111111111111	0.7142857142857143	0.3888888888888889	0.0	2.0	1.5	0.0	2160	candidate_unreleased	False
development	antagonistic_program	612	program_max_alpha_4	target	0.7789768954639329	0.9693877551020408	0.6666666666666666	0.3888888888888889	0.0	4.0	1.5	0.0	2160	candidate_unreleased	False
development	antagonistic_program	612	program_max_alpha_4	reference	0.6733181968126963	0.8111111111111111	0.7142857142857143	0.3888888888888889	0.0	4.0	1.5	0.0	2160	candidate_unreleased	False
development	antagonistic_program	612	program_max_alpha_6	target	0.7789768954639329	0.9693877551020408	0.6666666666666666	0.3888888888888889	0.0	6.0	1.5	0.0	2160	candidate_unreleased	False
development	antagonistic_program	612	program_max_alpha_6	reference	0.6733181968126963	0.8111111111111111	0.7142857142857143	0.3888888888888889	0.0	6.0	1.5	0.0	2160	candidate_unreleased	False
development	antagonistic_program	613	program_max_alpha_0	target	0.7028284545536807	0.8111111111111111	0.5714285714285714	0.38287037037037036	0.0	0.0	1.5	0.0	2160	candidate_unreleased	False
development	antagonistic_program	613	program_max_alpha_0	reference	0.7016637951528214	0.8666666666666666	0.38095238095238093	0.38287037037037036	0.0	0.0	1.5	0.0	2160	candidate_unreleased	False
development	antagonistic_program	613	program_max_alpha_1	target	0.7028284545536807	0.8111111111111111	0.5714285714285714	0.38287037037037036	0.0	1.0	1.5	0.0	2160	candidate_unreleased	False
development	antagonistic_program	613	program_max_alpha_1	reference	0.7016637951528214	0.8666666666666666	0.38095238095238093	0.38287037037037036	0.0	1.0	1.5	0.0	2160	candidate_unreleased	False
development	antagonistic_program	613	program_max_alpha_2	target	0.7028284545536807	0.8111111111111111	0.5714285714285714	0.38287037037037036	0.0	2.0	1.5	0.0	2160	candidate_unreleased	False
development	antagonistic_program	613	program_max_alpha_2	reference	0.7016637951528214	0.8666666666666666	0.38095238095238093	0.38287037037037036	0.0	2.0	1.5	0.0	2160	candidate_unreleased	False
development	antagonistic_program	613	program_max_alpha_4	target	0.7028284545536807	0.8111111111111111	0.5714285714285714	0.38287037037037036	0.0	4.0	1.5	0.0	2160	candidate_unreleased	False
development	antagonistic_program	613	program_max_alpha_4	reference	0.7016637951528214	0.8666666666666666	0.38095238095238093	0.38287037037037036	0.0	4.0	1.5	0.0	2160	candidate_unreleased	False
development	antagonistic_program	613	program_max_alpha_6	target	0.7028284545536807	0.8111111111111111	0.5714285714285714	0.38287037037037036	0.0	6.0	1.5	0.0	2160	candidate_unreleased	False
development	antagonistic_program	613	program_max_alpha_6	reference	0.7016637951528214	0.8666666666666666	0.38095238095238093	0.38287037037037036	0.0	6.0	1.5	0.0	2160	candidate_unreleased	False
development	antagonistic_program	614	program_max_alpha_0	target	0.8114889844679056	0.9166666666666667	0.7142857142857143	0.38055555555555554	0.0	0.0	1.5	0.0	2160	candidate_unreleased	False
development	antagonistic_program	614	program_max_alpha_0	reference	0.807040588690396	0.9222222222222223	0.42857142857142855	0.38055555555555554	0.0	0.0	1.5	0.0	2160	candidate_unreleased	False
development	antagonistic_program	614	program_max_alpha_1	target	0.8114889844679056	0.9166666666666667	0.7142857142857143	0.38055555555555554	0.0	1.0	1.5	0.0	2160	candidate_unreleased	False
development	antagonistic_program	614	program_max_alpha_1	reference	0.807040588690396	0.9222222222222223	0.42857142857142855	0.38055555555555554	0.0	1.0	1.5	0.0	2160	candidate_unreleased	False
development	antagonistic_program	614	program_max_alpha_2	target	0.8114889844679056	0.9166666666666667	0.7142857142857143	0.38055555555555554	0.0	2.0	1.5	0.0	2160	candidate_unreleased	False
development	antagonistic_program	614	program_max_alpha_2	reference	0.807040588690396	0.9222222222222223	0.42857142857142855	0.38055555555555554	0.0	2.0	1.5	0.0	2160	candidate_unreleased	False
development	antagonistic_program	614	program_max_alpha_4	target	0.8114889844679056	0.9166666666666667	0.7142857142857143	0.38055555555555554	0.0	4.0	1.5	0.0	2160	candidate_unreleased	False
development	antagonistic_program	614	program_max_alpha_4	reference	0.807040588690396	0.9222222222222223	0.42857142857142855	0.38055555555555554	0.0	4.0	1.5	0.0	2160	candidate_unreleased	False
development	antagonistic_program	614	program_max_alpha_6	target	0.8114889844679056	0.9166666666666667	0.7142857142857143	0.38055555555555554	0.0	6.0	1.5	0.0	2160	candidate_unreleased	False
development	antagonistic_program	614	program_max_alpha_6	reference	0.807040588690396	0.9222222222222223	0.42857142857142855	0.38055555555555554	0.0	6.0	1.5	0.0	2160	candidate_unreleased	False
development	antagonistic_program	615	program_max_alpha_0	target	0.8571900633685571	0.9500000000000001	0.7142857142857143	0.37453703703703706	0.0	0.0	1.5	0.0	2160	candidate_unreleased	False
development	antagonistic_program	615	program_max_alpha_0	reference	0.8242617816992104	0.8775510204081632	0.5714285714285714	0.37453703703703706	0.0	0.0	1.5	0.0	2160	candidate_unreleased	False
development	antagonistic_program	615	program_max_alpha_1	target	0.8571900633685571	0.9500000000000001	0.7142857142857143	0.37453703703703706	0.0	1.0	1.5	0.0	2160	candidate_unreleased	False
development	antagonistic_program	615	program_max_alpha_1	reference	0.8242617816992104	0.8775510204081632	0.5714285714285714	0.37453703703703706	0.0	1.0	1.5	0.0	2160	candidate_unreleased	False
development	antagonistic_program	615	program_max_alpha_2	target	0.8571900633685571	0.9500000000000001	0.7142857142857143	0.37453703703703706	0.0	2.0	1.5	0.0	2160	candidate_unreleased	False
development	antagonistic_program	615	program_max_alpha_2	reference	0.8242617816992104	0.8775510204081632	0.5714285714285714	0.37453703703703706	0.0	2.0	1.5	0.0	2160	candidate_unreleased	False
development	antagonistic_program	615	program_max_alpha_4	target	0.8571900633685571	0.9500000000000001	0.7142857142857143	0.37453703703703706	0.0	4.0	1.5	0.0	2160	candidate_unreleased	False
development	antagonistic_program	615	program_max_alpha_4	reference	0.8242617816992104	0.8775510204081632	0.5714285714285714	0.37453703703703706	0.0	4.0	1.5	0.0	2160	candidate_unreleased	False
development	antagonistic_program	615	program_max_alpha_6	target	0.8571900633685571	0.9500000000000001	0.7142857142857143	0.37453703703703706	0.0	6.0	1.5	0.0	2160	candidate_unreleased	False
development	antagonistic_program	615	program_max_alpha_6	reference	0.8242617816992104	0.8775510204081632	0.5714285714285714	0.37453703703703706	0.0	6.0	1.5	0.0	2160	candidate_unreleased	False
development	antagonistic_program	616	program_max_alpha_0	target	0.6822063190859854	0.8877551020408163	0.7619047619047619	0.3763888888888889	0.0	0.0	1.5	0.0	2160	candidate_unreleased	False
development	antagonistic_program	616	program_max_alpha_0	reference	0.9196310935441371	0.9388888888888889	0.42857142857142855	0.3763888888888889	0.0	0.0	1.5	0.0	2160	candidate_unreleased	False
development	antagonistic_program	616	program_max_alpha_1	target	0.6822063190859854	0.8877551020408163	0.7619047619047619	0.3763888888888889	0.0	1.0	1.5	0.0	2160	candidate_unreleased	False
development	antagonistic_program	616	program_max_alpha_1	reference	0.9196310935441371	0.9388888888888889	0.42857142857142855	0.3763888888888889	0.0	1.0	1.5	0.0	2160	candidate_unreleased	False
development	antagonistic_program	616	program_max_alpha_2	target	0.6822063190859854	0.8877551020408163	0.7619047619047619	0.3763888888888889	0.0	2.0	1.5	0.0	2160	candidate_unreleased	False
development	antagonistic_program	616	program_max_alpha_2	reference	0.9196310935441371	0.9388888888888889	0.42857142857142855	0.3763888888888889	0.0	2.0	1.5	0.0	2160	candidate_unreleased	False
development	antagonistic_program	616	program_max_alpha_4	target	0.6822063190859854	0.8877551020408163	0.7619047619047619	0.3763888888888889	0.0	4.0	1.5	0.0	2160	candidate_unreleased	False
development	antagonistic_program	616	program_max_alpha_4	reference	0.9196310935441371	0.9388888888888889	0.42857142857142855	0.3763888888888889	0.0	4.0	1.5	0.0	2160	candidate_unreleased	False
development	antagonistic_program	616	program_max_alpha_6	target	0.6822063190859854	0.8877551020408163	0.7619047619047619	0.3763888888888889	0.0	6.0	1.5	0.0	2160	candidate_unreleased	False
development	antagonistic_program	616	program_max_alpha_6	reference	0.9196310935441371	0.9388888888888889	0.42857142857142855	0.3763888888888889	0.0	6.0	1.5	0.0	2160	candidate_unreleased	False
development	antagonistic_program	617	program_max_alpha_0	target	0.7346016816898363	0.8666666666666667	0.6190476190476191	0.3523148148148148	0.0	0.0	1.5	0.0	2160	candidate_unreleased	False
development	antagonistic_program	617	program_max_alpha_0	reference	0.8595645164542964	0.9833333333333334	0.5238095238095238	0.3523148148148148	0.0	0.0	1.5	0.0	2160	candidate_unreleased	False
development	antagonistic_program	617	program_max_alpha_1	target	0.7346016816898363	0.8666666666666667	0.6190476190476191	0.3523148148148148	0.0	1.0	1.5	0.0	2160	candidate_unreleased	False
development	antagonistic_program	617	program_max_alpha_1	reference	0.8595645164542964	0.9833333333333334	0.5238095238095238	0.3523148148148148	0.0	1.0	1.5	0.0	2160	candidate_unreleased	False
development	antagonistic_program	617	program_max_alpha_2	target	0.7346016816898363	0.8666666666666667	0.6190476190476191	0.3523148148148148	0.0	2.0	1.5	0.0	2160	candidate_unreleased	False
development	antagonistic_program	617	program_max_alpha_2	reference	0.8595645164542964	0.9833333333333334	0.5238095238095238	0.3523148148148148	0.0	2.0	1.5	0.0	2160	candidate_unreleased	False
development	antagonistic_program	617	program_max_alpha_4	target	0.7346016816898363	0.8666666666666667	0.6190476190476191	0.3523148148148148	0.0	4.0	1.5	0.0	2160	candidate_unreleased	False
development	antagonistic_program	617	program_max_alpha_4	reference	0.8595645164542964	0.9833333333333334	0.5238095238095238	0.3523148148148148	0.0	4.0	1.5	0.0	2160	candidate_unreleased	False
development	antagonistic_program	617	program_max_alpha_6	target	0.7346016816898363	0.8666666666666667	0.6190476190476191	0.3523148148148148	0.0	6.0	1.5	0.0	2160	candidate_unreleased	False
development	antagonistic_program	617	program_max_alpha_6	reference	0.8595645164542964	0.9833333333333334	0.5238095238095238	0.3523148148148148	0.0	6.0	1.5	0.0	2160	candidate_unreleased	False
development	antagonistic_program	618	program_max_alpha_0	target	0.8451486893339041	0.9444444444444444	0.47619047619047616	0.3925925925925926	0.0	0.0	1.5	0.0	2160	candidate_unreleased	False
development	antagonistic_program	618	program_max_alpha_0	reference	0.7513090614183457	0.9222222222222223	0.5714285714285714	0.3925925925925926	0.0	0.0	1.5	0.0	2160	candidate_unreleased	False
development	antagonistic_program	618	program_max_alpha_1	target	0.8451486893339041	0.9444444444444444	0.47619047619047616	0.3925925925925926	0.0	1.0	1.5	0.0	2160	candidate_unreleased	False
development	antagonistic_program	618	program_max_alpha_1	reference	0.7513090614183457	0.9222222222222223	0.5714285714285714	0.3925925925925926	0.0	1.0	1.5	0.0	2160	candidate_unreleased	False
development	antagonistic_program	618	program_max_alpha_2	target	0.8451486893339041	0.9444444444444444	0.47619047619047616	0.3925925925925926	0.0	2.0	1.5	0.0	2160	candidate_unreleased	False
development	antagonistic_program	618	program_max_alpha_2	reference	0.7513090614183457	0.9222222222222223	0.5714285714285714	0.3925925925925926	0.0	2.0	1.5	0.0	2160	candidate_unreleased	False
development	antagonistic_program	618	program_max_alpha_4	target	0.8451486893339041	0.9444444444444444	0.47619047619047616	0.3925925925925926	0.0	4.0	1.5	0.0	2160	candidate_unreleased	False
development	antagonistic_program	618	program_max_alpha_4	reference	0.7513090614183457	0.9222222222222223	0.5714285714285714	0.3925925925925926	0.0	4.0	1.5	0.0	2160	candidate_unreleased	False
development	antagonistic_program	618	program_max_alpha_6	target	0.8451486893339041	0.9444444444444444	0.47619047619047616	0.3925925925925926	0.0	6.0	1.5	0.0	2160	candidate_unreleased	False
development	antagonistic_program	618	program_max_alpha_6	reference	0.7513090614183457	0.9222222222222223	0.5714285714285714	0.3925925925925926	0.0	6.0	1.5	0.0	2160	candidate_unreleased	False
development	antagonistic_program	619	program_max_alpha_0	target	0.7047902059178158	0.9833333333333334	0.5714285714285714	0.3921296296296296	0.0	0.0	1.5	0.0	2160	candidate_unreleased	False
development	antagonistic_program	619	program_max_alpha_0	reference	0.8611306033389942	0.9166666666666666	0.5714285714285714	0.3921296296296296	0.0	0.0	1.5	0.0	2160	candidate_unreleased	False
development	antagonistic_program	619	program_max_alpha_1	target	0.7047902059178158	0.9833333333333334	0.5714285714285714	0.3921296296296296	0.0	1.0	1.5	0.0	2160	candidate_unreleased	False
development	antagonistic_program	619	program_max_alpha_1	reference	0.8611306033389942	0.9166666666666666	0.5714285714285714	0.3921296296296296	0.0	1.0	1.5	0.0	2160	candidate_unreleased	False
development	antagonistic_program	619	program_max_alpha_2	target	0.7047902059178158	0.9833333333333334	0.5714285714285714	0.3921296296296296	0.0	2.0	1.5	0.0	2160	candidate_unreleased	False
development	antagonistic_program	619	program_max_alpha_2	reference	0.8611306033389942	0.9166666666666666	0.5714285714285714	0.3921296296296296	0.0	2.0	1.5	0.0	2160	candidate_unreleased	False
development	antagonistic_program	619	program_max_alpha_4	target	0.7047902059178158	0.9833333333333334	0.5714285714285714	0.3921296296296296	0.0	4.0	1.5	0.0	2160	candidate_unreleased	False
development	antagonistic_program	619	program_max_alpha_4	reference	0.8611306033389942	0.9166666666666666	0.5714285714285714	0.3921296296296296	0.0	4.0	1.5	0.0	2160	candidate_unreleased	False
development	antagonistic_program	619	program_max_alpha_6	target	0.7047902059178158	0.9833333333333334	0.5714285714285714	0.3921296296296296	0.0	6.0	1.5	0.0	2160	candidate_unreleased	False
development	antagonistic_program	619	program_max_alpha_6	reference	0.8611306033389942	0.9166666666666666	0.5714285714285714	0.3921296296296296	0.0	6.0	1.5	0.0	2160	candidate_unreleased	False
development	antagonistic_program	620	program_max_alpha_0	target	0.7367945256354393	0.9333333333333333	0.38095238095238093	0.3736111111111111	0.0	0.0	1.5	0.0	2160	candidate_unreleased	False
development	antagonistic_program	620	program_max_alpha_0	reference	0.7729439120021264	0.8888888888888888	0.7619047619047619	0.3736111111111111	0.0	0.0	1.5	0.0	2160	candidate_unreleased	False
development	antagonistic_program	620	program_max_alpha_1	target	0.7367945256354393	0.9333333333333333	0.38095238095238093	0.3736111111111111	0.0	1.0	1.5	0.0	2160	candidate_unreleased	False
development	antagonistic_program	620	program_max_alpha_1	reference	0.7729439120021264	0.8888888888888888	0.7619047619047619	0.3736111111111111	0.0	1.0	1.5	0.0	2160	candidate_unreleased	False
development	antagonistic_program	620	program_max_alpha_2	target	0.7367945256354393	0.9333333333333333	0.38095238095238093	0.3736111111111111	0.0	2.0	1.5	0.0	2160	candidate_unreleased	False
development	antagonistic_program	620	program_max_alpha_2	reference	0.7729439120021264	0.8888888888888888	0.7619047619047619	0.3736111111111111	0.0	2.0	1.5	0.0	2160	candidate_unreleased	False
development	antagonistic_program	620	program_max_alpha_4	target	0.7367945256354393	0.9333333333333333	0.38095238095238093	0.3736111111111111	0.0	4.0	1.5	0.0	2160	candidate_unreleased	False
development	antagonistic_program	620	program_max_alpha_4	reference	0.7729439120021264	0.8888888888888888	0.7619047619047619	0.3736111111111111	0.0	4.0	1.5	0.0	2160	candidate_unreleased	False
development	antagonistic_program	620	program_max_alpha_6	target	0.7367945256354393	0.9333333333333333	0.38095238095238093	0.3736111111111111	0.0	6.0	1.5	0.0	2160	candidate_unreleased	False
development	antagonistic_program	620	program_max_alpha_6	reference	0.7729439120021264	0.8888888888888888	0.7619047619047619	0.3736111111111111	0.0	6.0	1.5	0.0	2160	candidate_unreleased	False
development	global_null	601	program_max_alpha_0	target			0.9047619047619048	0.5115740740740741	0.02314814814814814	0.0	1.5	0.0	2160	candidate_unreleased	False
development	global_null	601	program_max_alpha_0	reference			0.9523809523809523	0.5115740740740741	0.02314814814814814	0.0	1.5	0.0	2160	candidate_unreleased	False
development	global_null	601	program_max_alpha_1	target			0.0	0.5115740740740741	0.02314814814814814	1.0	1.5	0.02314814814814814	2160	candidate_unreleased	False
development	global_null	601	program_max_alpha_1	reference			0.0	0.5115740740740741	0.02314814814814814	1.0	1.5	0.02314814814814814	2160	candidate_unreleased	False
development	global_null	601	program_max_alpha_2	target			0.0	0.5115740740740741	0.02314814814814814	2.0	1.5	0.04629629629629628	2160	candidate_unreleased	False
development	global_null	601	program_max_alpha_2	reference			0.0	0.5115740740740741	0.02314814814814814	2.0	1.5	0.04629629629629628	2160	candidate_unreleased	False
development	global_null	601	program_max_alpha_4	target			0.0	0.5115740740740741	0.02314814814814814	4.0	1.5	0.09259259259259256	2160	candidate_unreleased	False
development	global_null	601	program_max_alpha_4	reference			0.0	0.5115740740740741	0.02314814814814814	4.0	1.5	0.09259259259259256	2160	candidate_unreleased	False
development	global_null	601	program_max_alpha_6	target			0.0	0.5115740740740741	0.02314814814814814	6.0	1.5	0.13888888888888884	2160	candidate_unreleased	False
development	global_null	601	program_max_alpha_6	reference			0.0	0.5115740740740741	0.02314814814814814	6.0	1.5	0.13888888888888884	2160	candidate_unreleased	False
development	global_null	602	program_max_alpha_0	target			0.9047619047619048	0.49722222222222223	0.0	0.0	1.5	0.0	2160	candidate_unreleased	False
development	global_null	602	program_max_alpha_0	reference			0.9523809523809523	0.49722222222222223	0.0	0.0	1.5	0.0	2160	candidate_unreleased	False
development	global_null	602	program_max_alpha_1	target			0.9047619047619048	0.49722222222222223	0.0	1.0	1.5	0.0	2160	candidate_unreleased	False
development	global_null	602	program_max_alpha_1	reference			0.9523809523809523	0.49722222222222223	0.0	1.0	1.5	0.0	2160	candidate_unreleased	False
development	global_null	602	program_max_alpha_2	target			0.9047619047619048	0.49722222222222223	0.0	2.0	1.5	0.0	2160	candidate_unreleased	False
development	global_null	602	program_max_alpha_2	reference			0.9523809523809523	0.49722222222222223	0.0	2.0	1.5	0.0	2160	candidate_unreleased	False
development	global_null	602	program_max_alpha_4	target			0.9047619047619048	0.49722222222222223	0.0	4.0	1.5	0.0	2160	candidate_unreleased	False
development	global_null	602	program_max_alpha_4	reference			0.9523809523809523	0.49722222222222223	0.0	4.0	1.5	0.0	2160	candidate_unreleased	False
development	global_null	602	program_max_alpha_6	target			0.9047619047619048	0.49722222222222223	0.0	6.0	1.5	0.0	2160	candidate_unreleased	False
development	global_null	602	program_max_alpha_6	reference			0.9523809523809523	0.49722222222222223	0.0	6.0	1.5	0.0	2160	candidate_unreleased	False
development	global_null	603	program_max_alpha_0	target			0.9523809523809523	0.4930555555555556	0.0	0.0	1.5	0.0	2160	candidate_unreleased	False
development	global_null	603	program_max_alpha_0	reference			0.9523809523809523	0.4930555555555556	0.0	0.0	1.5	0.0	2160	candidate_unreleased	False
development	global_null	603	program_max_alpha_1	target			0.9523809523809523	0.4930555555555556	0.0	1.0	1.5	0.0	2160	candidate_unreleased	False
development	global_null	603	program_max_alpha_1	reference			0.9523809523809523	0.4930555555555556	0.0	1.0	1.5	0.0	2160	candidate_unreleased	False
development	global_null	603	program_max_alpha_2	target			0.9523809523809523	0.4930555555555556	0.0	2.0	1.5	0.0	2160	candidate_unreleased	False
development	global_null	603	program_max_alpha_2	reference			0.9523809523809523	0.4930555555555556	0.0	2.0	1.5	0.0	2160	candidate_unreleased	False
development	global_null	603	program_max_alpha_4	target			0.9523809523809523	0.4930555555555556	0.0	4.0	1.5	0.0	2160	candidate_unreleased	False
development	global_null	603	program_max_alpha_4	reference			0.9523809523809523	0.4930555555555556	0.0	4.0	1.5	0.0	2160	candidate_unreleased	False
development	global_null	603	program_max_alpha_6	target			0.9523809523809523	0.4930555555555556	0.0	6.0	1.5	0.0	2160	candidate_unreleased	False
development	global_null	603	program_max_alpha_6	reference			0.9523809523809523	0.4930555555555556	0.0	6.0	1.5	0.0	2160	candidate_unreleased	False
development	global_null	604	program_max_alpha_0	target			0.9523809523809523	0.4976851851851852	0.0	0.0	1.5	0.0	2160	candidate_unreleased	False
development	global_null	604	program_max_alpha_0	reference			0.9047619047619048	0.4976851851851852	0.0	0.0	1.5	0.0	2160	candidate_unreleased	False
development	global_null	604	program_max_alpha_1	target			0.9523809523809523	0.4976851851851852	0.0	1.0	1.5	0.0	2160	candidate_unreleased	False
development	global_null	604	program_max_alpha_1	reference			0.9047619047619048	0.4976851851851852	0.0	1.0	1.5	0.0	2160	candidate_unreleased	False
development	global_null	604	program_max_alpha_2	target			0.9523809523809523	0.4976851851851852	0.0	2.0	1.5	0.0	2160	candidate_unreleased	False
development	global_null	604	program_max_alpha_2	reference			0.9047619047619048	0.4976851851851852	0.0	2.0	1.5	0.0	2160	candidate_unreleased	False
development	global_null	604	program_max_alpha_4	target			0.9523809523809523	0.4976851851851852	0.0	4.0	1.5	0.0	2160	candidate_unreleased	False
development	global_null	604	program_max_alpha_4	reference			0.9047619047619048	0.4976851851851852	0.0	4.0	1.5	0.0	2160	candidate_unreleased	False
development	global_null	604	program_max_alpha_6	target			0.9523809523809523	0.4976851851851852	0.0	6.0	1.5	0.0	2160	candidate_unreleased	False
development	global_null	604	program_max_alpha_6	reference			0.9047619047619048	0.4976851851851852	0.0	6.0	1.5	0.0	2160	candidate_unreleased	False
development	global_null	605	program_max_alpha_0	target			0.9523809523809523	0.5009259259259259	0.0018518518518517713	0.0	1.5	0.0	2160	candidate_unreleased	False
development	global_null	605	program_max_alpha_0	reference			0.9047619047619048	0.5009259259259259	0.0018518518518517713	0.0	1.5	0.0	2160	candidate_unreleased	False
development	global_null	605	program_max_alpha_1	target			0.14285714285714285	0.5009259259259259	0.0018518518518517713	1.0	1.5	0.0018518518518517713	2160	candidate_unreleased	False
development	global_null	605	program_max_alpha_1	reference			0.09523809523809523	0.5009259259259259	0.0018518518518517713	1.0	1.5	0.0018518518518517713	2160	candidate_unreleased	False
development	global_null	605	program_max_alpha_2	target			0.14285714285714285	0.5009259259259259	0.0018518518518517713	2.0	1.5	0.0037037037037035425	2160	candidate_unreleased	False
development	global_null	605	program_max_alpha_2	reference			0.09523809523809523	0.5009259259259259	0.0018518518518517713	2.0	1.5	0.0037037037037035425	2160	candidate_unreleased	False
development	global_null	605	program_max_alpha_4	target			0.14285714285714285	0.5009259259259259	0.0018518518518517713	4.0	1.5	0.007407407407407085	2160	candidate_unreleased	False
development	global_null	605	program_max_alpha_4	reference			0.09523809523809523	0.5009259259259259	0.0018518518518517713	4.0	1.5	0.007407407407407085	2160	candidate_unreleased	False
development	global_null	605	program_max_alpha_6	target			0.14285714285714285	0.5009259259259259	0.0018518518518517713	6.0	1.5	0.011111111111110628	2160	candidate_unreleased	False
development	global_null	605	program_max_alpha_6	reference			0.09523809523809523	0.5009259259259259	0.0018518518518517713	6.0	1.5	0.011111111111110628	2160	candidate_unreleased	False
development	global_null	606	program_max_alpha_0	target			0.9523809523809523	0.48842592592592593	0.0	0.0	1.5	0.0	2160	candidate_unreleased	False
development	global_null	606	program_max_alpha_0	reference			0.9523809523809523	0.48842592592592593	0.0	0.0	1.5	0.0	2160	candidate_unreleased	False
development	global_null	606	program_max_alpha_1	target			0.9523809523809523	0.48842592592592593	0.0	1.0	1.5	0.0	2160	candidate_unreleased	False
development	global_null	606	program_max_alpha_1	reference			0.9523809523809523	0.48842592592592593	0.0	1.0	1.5	0.0	2160	candidate_unreleased	False
development	global_null	606	program_max_alpha_2	target			0.9523809523809523	0.48842592592592593	0.0	2.0	1.5	0.0	2160	candidate_unreleased	False
development	global_null	606	program_max_alpha_2	reference			0.9523809523809523	0.48842592592592593	0.0	2.0	1.5	0.0	2160	candidate_unreleased	False
development	global_null	606	program_max_alpha_4	target			0.9523809523809523	0.48842592592592593	0.0	4.0	1.5	0.0	2160	candidate_unreleased	False
development	global_null	606	program_max_alpha_4	reference			0.9523809523809523	0.48842592592592593	0.0	4.0	1.5	0.0	2160	candidate_unreleased	False
development	global_null	606	program_max_alpha_6	target			0.9523809523809523	0.48842592592592593	0.0	6.0	1.5	0.0	2160	candidate_unreleased	False
development	global_null	606	program_max_alpha_6	reference			0.9523809523809523	0.48842592592592593	0.0	6.0	1.5	0.0	2160	candidate_unreleased	False
development	global_null	607	program_max_alpha_0	target			0.9047619047619048	0.4935185185185185	0.0	0.0	1.5	0.0	2160	candidate_unreleased	False
development	global_null	607	program_max_alpha_0	reference			0.9523809523809523	0.4935185185185185	0.0	0.0	1.5	0.0	2160	candidate_unreleased	False
development	global_null	607	program_max_alpha_1	target			0.9047619047619048	0.4935185185185185	0.0	1.0	1.5	0.0	2160	candidate_unreleased	False
development	global_null	607	program_max_alpha_1	reference			0.9523809523809523	0.4935185185185185	0.0	1.0	1.5	0.0	2160	candidate_unreleased	False
development	global_null	607	program_max_alpha_2	target			0.9047619047619048	0.4935185185185185	0.0	2.0	1.5	0.0	2160	candidate_unreleased	False
development	global_null	607	program_max_alpha_2	reference			0.9523809523809523	0.4935185185185185	0.0	2.0	1.5	0.0	2160	candidate_unreleased	False
development	global_null	607	program_max_alpha_4	target			0.9047619047619048	0.4935185185185185	0.0	4.0	1.5	0.0	2160	candidate_unreleased	False
development	global_null	607	program_max_alpha_4	reference			0.9523809523809523	0.4935185185185185	0.0	4.0	1.5	0.0	2160	candidate_unreleased	False
development	global_null	607	program_max_alpha_6	target			0.9047619047619048	0.4935185185185185	0.0	6.0	1.5	0.0	2160	candidate_unreleased	False
development	global_null	607	program_max_alpha_6	reference			0.9523809523809523	0.4935185185185185	0.0	6.0	1.5	0.0	2160	candidate_unreleased	False
development	global_null	608	program_max_alpha_0	target			0.9047619047619048	0.5212962962962963	0.042592592592592515	0.0	1.5	0.0	2160	candidate_unreleased	False
development	global_null	608	program_max_alpha_0	reference			0.8571428571428571	0.5212962962962963	0.042592592592592515	0.0	1.5	0.0	2160	candidate_unreleased	False
development	global_null	608	program_max_alpha_1	target			0.09523809523809523	0.5212962962962963	0.042592592592592515	1.0	1.5	0.042592592592592515	2160	candidate_unreleased	False
development	global_null	608	program_max_alpha_1	reference			0.14285714285714285	0.5212962962962963	0.042592592592592515	1.0	1.5	0.042592592592592515	2160	candidate_unreleased	False
development	global_null	608	program_max_alpha_2	target			0.09523809523809523	0.5212962962962963	0.042592592592592515	2.0	1.5	0.08518518518518503	2160	candidate_unreleased	False
development	global_null	608	program_max_alpha_2	reference			0.14285714285714285	0.5212962962962963	0.042592592592592515	2.0	1.5	0.08518518518518503	2160	candidate_unreleased	False
development	global_null	608	program_max_alpha_4	target			0.09523809523809523	0.5212962962962963	0.042592592592592515	4.0	1.5	0.17037037037037006	2160	candidate_unreleased	False
development	global_null	608	program_max_alpha_4	reference			0.14285714285714285	0.5212962962962963	0.042592592592592515	4.0	1.5	0.17037037037037006	2160	candidate_unreleased	False
development	global_null	608	program_max_alpha_6	target			0.09523809523809523	0.5212962962962963	0.042592592592592515	6.0	1.5	0.2555555555555551	2160	candidate_unreleased	False
development	global_null	608	program_max_alpha_6	reference			0.14285714285714285	0.5212962962962963	0.042592592592592515	6.0	1.5	0.2555555555555551	2160	candidate_unreleased	False
development	global_null	609	program_max_alpha_0	target			0.9523809523809523	0.5291666666666667	0.05833333333333335	0.0	1.5	0.0	2160	candidate_unreleased	False
development	global_null	609	program_max_alpha_0	reference			0.9523809523809523	0.5291666666666667	0.05833333333333335	0.0	1.5	0.0	2160	candidate_unreleased	False
development	global_null	609	program_max_alpha_1	target			0.19047619047619047	0.5291666666666667	0.05833333333333335	1.0	1.5	0.05833333333333335	2160	candidate_unreleased	False
development	global_null	609	program_max_alpha_1	reference			0.19047619047619047	0.5291666666666667	0.05833333333333335	1.0	1.5	0.05833333333333335	2160	candidate_unreleased	False
development	global_null	609	program_max_alpha_2	target			0.19047619047619047	0.5291666666666667	0.05833333333333335	2.0	1.5	0.1166666666666667	2160	candidate_unreleased	False
development	global_null	609	program_max_alpha_2	reference			0.19047619047619047	0.5291666666666667	0.05833333333333335	2.0	1.5	0.1166666666666667	2160	candidate_unreleased	False
development	global_null	609	program_max_alpha_4	target			0.19047619047619047	0.5291666666666667	0.05833333333333335	4.0	1.5	0.2333333333333334	2160	candidate_unreleased	False
development	global_null	609	program_max_alpha_4	reference			0.19047619047619047	0.5291666666666667	0.05833333333333335	4.0	1.5	0.2333333333333334	2160	candidate_unreleased	False
development	global_null	609	program_max_alpha_6	target			0.19047619047619047	0.5291666666666667	0.05833333333333335	6.0	1.5	0.3500000000000001	2160	candidate_unreleased	False
development	global_null	609	program_max_alpha_6	reference			0.19047619047619047	0.5291666666666667	0.05833333333333335	6.0	1.5	0.3500000000000001	2160	candidate_unreleased	False
development	global_null	610	program_max_alpha_0	target			0.9523809523809523	0.4949074074074074	0.0	0.0	1.5	0.0	2160	candidate_unreleased	False
development	global_null	610	program_max_alpha_0	reference			0.9047619047619048	0.4949074074074074	0.0	0.0	1.5	0.0	2160	candidate_unreleased	False
development	global_null	610	program_max_alpha_1	target			0.9523809523809523	0.4949074074074074	0.0	1.0	1.5	0.0	2160	candidate_unreleased	False
development	global_null	610	program_max_alpha_1	reference			0.9047619047619048	0.4949074074074074	0.0	1.0	1.5	0.0	2160	candidate_unreleased	False
development	global_null	610	program_max_alpha_2	target			0.9523809523809523	0.4949074074074074	0.0	2.0	1.5	0.0	2160	candidate_unreleased	False
development	global_null	610	program_max_alpha_2	reference			0.9047619047619048	0.4949074074074074	0.0	2.0	1.5	0.0	2160	candidate_unreleased	False
development	global_null	610	program_max_alpha_4	target			0.9523809523809523	0.4949074074074074	0.0	4.0	1.5	0.0	2160	candidate_unreleased	False
development	global_null	610	program_max_alpha_4	reference			0.9047619047619048	0.4949074074074074	0.0	4.0	1.5	0.0	2160	candidate_unreleased	False
development	global_null	610	program_max_alpha_6	target			0.9523809523809523	0.4949074074074074	0.0	6.0	1.5	0.0	2160	candidate_unreleased	False
development	global_null	610	program_max_alpha_6	reference			0.9047619047619048	0.4949074074074074	0.0	6.0	1.5	0.0	2160	candidate_unreleased	False
development	global_null	611	program_max_alpha_0	target			0.9047619047619048	0.48148148148148145	0.0	0.0	1.5	0.0	2160	candidate_unreleased	False
development	global_null	611	program_max_alpha_0	reference			0.9047619047619048	0.48148148148148145	0.0	0.0	1.5	0.0	2160	candidate_unreleased	False
development	global_null	611	program_max_alpha_1	target			0.9047619047619048	0.48148148148148145	0.0	1.0	1.5	0.0	2160	candidate_unreleased	False
development	global_null	611	program_max_alpha_1	reference			0.9047619047619048	0.48148148148148145	0.0	1.0	1.5	0.0	2160	candidate_unreleased	False
development	global_null	611	program_max_alpha_2	target			0.9047619047619048	0.48148148148148145	0.0	2.0	1.5	0.0	2160	candidate_unreleased	False
development	global_null	611	program_max_alpha_2	reference			0.9047619047619048	0.48148148148148145	0.0	2.0	1.5	0.0	2160	candidate_unreleased	False
development	global_null	611	program_max_alpha_4	target			0.9047619047619048	0.48148148148148145	0.0	4.0	1.5	0.0	2160	candidate_unreleased	False
development	global_null	611	program_max_alpha_4	reference			0.9047619047619048	0.48148148148148145	0.0	4.0	1.5	0.0	2160	candidate_unreleased	False
development	global_null	611	program_max_alpha_6	target			0.9047619047619048	0.48148148148148145	0.0	6.0	1.5	0.0	2160	candidate_unreleased	False
development	global_null	611	program_max_alpha_6	reference			0.9047619047619048	0.48148148148148145	0.0	6.0	1.5	0.0	2160	candidate_unreleased	False
development	global_null	612	program_max_alpha_0	target			0.9047619047619048	0.4962962962962963	0.0	0.0	1.5	0.0	2160	candidate_unreleased	False
development	global_null	612	program_max_alpha_0	reference			0.8095238095238095	0.4962962962962963	0.0	0.0	1.5	0.0	2160	candidate_unreleased	False
development	global_null	612	program_max_alpha_1	target			0.9047619047619048	0.4962962962962963	0.0	1.0	1.5	0.0	2160	candidate_unreleased	False
development	global_null	612	program_max_alpha_1	reference			0.8095238095238095	0.4962962962962963	0.0	1.0	1.5	0.0	2160	candidate_unreleased	False
development	global_null	612	program_max_alpha_2	target			0.9047619047619048	0.4962962962962963	0.0	2.0	1.5	0.0	2160	candidate_unreleased	False
development	global_null	612	program_max_alpha_2	reference			0.8095238095238095	0.4962962962962963	0.0	2.0	1.5	0.0	2160	candidate_unreleased	False
development	global_null	612	program_max_alpha_4	target			0.9047619047619048	0.4962962962962963	0.0	4.0	1.5	0.0	2160	candidate_unreleased	False
development	global_null	612	program_max_alpha_4	reference			0.8095238095238095	0.4962962962962963	0.0	4.0	1.5	0.0	2160	candidate_unreleased	False
development	global_null	612	program_max_alpha_6	target			0.9047619047619048	0.4962962962962963	0.0	6.0	1.5	0.0	2160	candidate_unreleased	False
development	global_null	612	program_max_alpha_6	reference			0.8095238095238095	0.4962962962962963	0.0	6.0	1.5	0.0	2160	candidate_unreleased	False
development	global_null	613	program_max_alpha_0	target			0.9047619047619048	0.49166666666666664	0.0	0.0	1.5	0.0	2160	candidate_unreleased	False
development	global_null	613	program_max_alpha_0	reference			0.9047619047619048	0.49166666666666664	0.0	0.0	1.5	0.0	2160	candidate_unreleased	False
development	global_null	613	program_max_alpha_1	target			0.9047619047619048	0.49166666666666664	0.0	1.0	1.5	0.0	2160	candidate_unreleased	False
development	global_null	613	program_max_alpha_1	reference			0.9047619047619048	0.49166666666666664	0.0	1.0	1.5	0.0	2160	candidate_unreleased	False
development	global_null	613	program_max_alpha_2	target			0.9047619047619048	0.49166666666666664	0.0	2.0	1.5	0.0	2160	candidate_unreleased	False
development	global_null	613	program_max_alpha_2	reference			0.9047619047619048	0.49166666666666664	0.0	2.0	1.5	0.0	2160	candidate_unreleased	False
development	global_null	613	program_max_alpha_4	target			0.9047619047619048	0.49166666666666664	0.0	4.0	1.5	0.0	2160	candidate_unreleased	False
development	global_null	613	program_max_alpha_4	reference			0.9047619047619048	0.49166666666666664	0.0	4.0	1.5	0.0	2160	candidate_unreleased	False
development	global_null	613	program_max_alpha_6	target			0.9047619047619048	0.49166666666666664	0.0	6.0	1.5	0.0	2160	candidate_unreleased	False
development	global_null	613	program_max_alpha_6	reference			0.9047619047619048	0.49166666666666664	0.0	6.0	1.5	0.0	2160	candidate_unreleased	False
development	global_null	614	program_max_alpha_0	target			0.9523809523809523	0.5074074074074074	0.014814814814814836	0.0	1.5	0.0	2160	candidate_unreleased	False
development	global_null	614	program_max_alpha_0	reference			0.9523809523809523	0.5074074074074074	0.014814814814814836	0.0	1.5	0.0	2160	candidate_unreleased	False
development	global_null	614	program_max_alpha_1	target			0.23809523809523808	0.5074074074074074	0.014814814814814836	1.0	1.5	0.014814814814814836	2160	candidate_unreleased	False
development	global_null	614	program_max_alpha_1	reference			0.14285714285714285	0.5074074074074074	0.014814814814814836	1.0	1.5	0.014814814814814836	2160	candidate_unreleased	False
development	global_null	614	program_max_alpha_2	target			0.23809523809523808	0.5074074074074074	0.014814814814814836	2.0	1.5	0.029629629629629672	2160	candidate_unreleased	False
development	global_null	614	program_max_alpha_2	reference			0.14285714285714285	0.5074074074074074	0.014814814814814836	2.0	1.5	0.029629629629629672	2160	candidate_unreleased	False
development	global_null	614	program_max_alpha_4	target			0.23809523809523808	0.5074074074074074	0.014814814814814836	4.0	1.5	0.059259259259259345	2160	candidate_unreleased	False
development	global_null	614	program_max_alpha_4	reference			0.14285714285714285	0.5074074074074074	0.014814814814814836	4.0	1.5	0.059259259259259345	2160	candidate_unreleased	False
development	global_null	614	program_max_alpha_6	target			0.23809523809523808	0.5074074074074074	0.014814814814814836	6.0	1.5	0.08888888888888902	2160	candidate_unreleased	False
development	global_null	614	program_max_alpha_6	reference			0.14285714285714285	0.5074074074074074	0.014814814814814836	6.0	1.5	0.08888888888888902	2160	candidate_unreleased	False
development	global_null	615	program_max_alpha_0	target			1.0	0.5254629629629629	0.05092592592592582	0.0	1.5	0.0	2160	candidate_unreleased	False
development	global_null	615	program_max_alpha_0	reference			1.0	0.5254629629629629	0.05092592592592582	0.0	1.5	0.0	2160	candidate_unreleased	False
development	global_null	615	program_max_alpha_1	target			0.0	0.5254629629629629	0.05092592592592582	1.0	1.5	0.05092592592592582	2160	candidate_unreleased	False
development	global_null	615	program_max_alpha_1	reference			0.09523809523809523	0.5254629629629629	0.05092592592592582	1.0	1.5	0.05092592592592582	2160	candidate_unreleased	False
development	global_null	615	program_max_alpha_2	target			0.0	0.5254629629629629	0.05092592592592582	2.0	1.5	0.10185185185185164	2160	candidate_unreleased	False
development	global_null	615	program_max_alpha_2	reference			0.09523809523809523	0.5254629629629629	0.05092592592592582	2.0	1.5	0.10185185185185164	2160	candidate_unreleased	False
development	global_null	615	program_max_alpha_4	target			0.0	0.5254629629629629	0.05092592592592582	4.0	1.5	0.20370370370370328	2160	candidate_unreleased	False
development	global_null	615	program_max_alpha_4	reference			0.09523809523809523	0.5254629629629629	0.05092592592592582	4.0	1.5	0.20370370370370328	2160	candidate_unreleased	False
development	global_null	615	program_max_alpha_6	target			0.0	0.5254629629629629	0.05092592592592582	6.0	1.5	0.3055555555555549	2160	candidate_unreleased	False
development	global_null	615	program_max_alpha_6	reference			0.09523809523809523	0.5254629629629629	0.05092592592592582	6.0	1.5	0.3055555555555549	2160	candidate_unreleased	False
development	global_null	616	program_max_alpha_0	target			0.9523809523809523	0.5120370370370371	0.024074074074074137	0.0	1.5	0.0	2160	candidate_unreleased	False
development	global_null	616	program_max_alpha_0	reference			1.0	0.5120370370370371	0.024074074074074137	0.0	1.5	0.0	2160	candidate_unreleased	False
development	global_null	616	program_max_alpha_1	target			0.09523809523809523	0.5120370370370371	0.024074074074074137	1.0	1.5	0.024074074074074137	2160	candidate_unreleased	False
development	global_null	616	program_max_alpha_1	reference			0.14285714285714285	0.5120370370370371	0.024074074074074137	1.0	1.5	0.024074074074074137	2160	candidate_unreleased	False
development	global_null	616	program_max_alpha_2	target			0.09523809523809523	0.5120370370370371	0.024074074074074137	2.0	1.5	0.04814814814814827	2160	candidate_unreleased	False
development	global_null	616	program_max_alpha_2	reference			0.14285714285714285	0.5120370370370371	0.024074074074074137	2.0	1.5	0.04814814814814827	2160	candidate_unreleased	False
development	global_null	616	program_max_alpha_4	target			0.09523809523809523	0.5120370370370371	0.024074074074074137	4.0	1.5	0.09629629629629655	2160	candidate_unreleased	False
development	global_null	616	program_max_alpha_4	reference			0.14285714285714285	0.5120370370370371	0.024074074074074137	4.0	1.5	0.09629629629629655	2160	candidate_unreleased	False
development	global_null	616	program_max_alpha_6	target			0.09523809523809523	0.5120370370370371	0.024074074074074137	6.0	1.5	0.14444444444444482	2160	candidate_unreleased	False
development	global_null	616	program_max_alpha_6	reference			0.14285714285714285	0.5120370370370371	0.024074074074074137	6.0	1.5	0.14444444444444482	2160	candidate_unreleased	False
development	global_null	617	program_max_alpha_0	target			0.9047619047619048	0.5092592592592593	0.0185185185185186	0.0	1.5	0.0	2160	candidate_unreleased	False
development	global_null	617	program_max_alpha_0	reference			0.9047619047619048	0.5092592592592593	0.0185185185185186	0.0	1.5	0.0	2160	candidate_unreleased	False
development	global_null	617	program_max_alpha_1	target			0.14285714285714285	0.5092592592592593	0.0185185185185186	1.0	1.5	0.0185185185185186	2160	candidate_unreleased	False
development	global_null	617	program_max_alpha_1	reference			0.0	0.5092592592592593	0.0185185185185186	1.0	1.5	0.0185185185185186	2160	candidate_unreleased	False
development	global_null	617	program_max_alpha_2	target			0.14285714285714285	0.5092592592592593	0.0185185185185186	2.0	1.5	0.0370370370370372	2160	candidate_unreleased	False
development	global_null	617	program_max_alpha_2	reference			0.0	0.5092592592592593	0.0185185185185186	2.0	1.5	0.0370370370370372	2160	candidate_unreleased	False
development	global_null	617	program_max_alpha_4	target			0.14285714285714285	0.5092592592592593	0.0185185185185186	4.0	1.5	0.0740740740740744	2160	candidate_unreleased	False
development	global_null	617	program_max_alpha_4	reference			0.0	0.5092592592592593	0.0185185185185186	4.0	1.5	0.0740740740740744	2160	candidate_unreleased	False
development	global_null	617	program_max_alpha_6	target			0.14285714285714285	0.5092592592592593	0.0185185185185186	6.0	1.5	0.1111111111111116	2160	candidate_unreleased	False
development	global_null	617	program_max_alpha_6	reference			0.0	0.5092592592592593	0.0185185185185186	6.0	1.5	0.1111111111111116	2160	candidate_unreleased	False
development	global_null	618	program_max_alpha_0	target			0.9047619047619048	0.47638888888888886	0.0	0.0	1.5	0.0	2160	candidate_unreleased	False
development	global_null	618	program_max_alpha_0	reference			0.9047619047619048	0.47638888888888886	0.0	0.0	1.5	0.0	2160	candidate_unreleased	False
development	global_null	618	program_max_alpha_1	target			0.9047619047619048	0.47638888888888886	0.0	1.0	1.5	0.0	2160	candidate_unreleased	False
development	global_null	618	program_max_alpha_1	reference			0.9047619047619048	0.47638888888888886	0.0	1.0	1.5	0.0	2160	candidate_unreleased	False
development	global_null	618	program_max_alpha_2	target			0.9047619047619048	0.47638888888888886	0.0	2.0	1.5	0.0	2160	candidate_unreleased	False
development	global_null	618	program_max_alpha_2	reference			0.9047619047619048	0.47638888888888886	0.0	2.0	1.5	0.0	2160	candidate_unreleased	False
development	global_null	618	program_max_alpha_4	target			0.9047619047619048	0.47638888888888886	0.0	4.0	1.5	0.0	2160	candidate_unreleased	False
development	global_null	618	program_max_alpha_4	reference			0.9047619047619048	0.47638888888888886	0.0	4.0	1.5	0.0	2160	candidate_unreleased	False
development	global_null	618	program_max_alpha_6	target			0.9047619047619048	0.47638888888888886	0.0	6.0	1.5	0.0	2160	candidate_unreleased	False
development	global_null	618	program_max_alpha_6	reference			0.9047619047619048	0.47638888888888886	0.0	6.0	1.5	0.0	2160	candidate_unreleased	False
development	global_null	619	program_max_alpha_0	target			0.9047619047619048	0.5138888888888888	0.02777777777777768	0.0	1.5	0.0	2160	candidate_unreleased	False
development	global_null	619	program_max_alpha_0	reference			0.8571428571428571	0.5138888888888888	0.02777777777777768	0.0	1.5	0.0	2160	candidate_unreleased	False
development	global_null	619	program_max_alpha_1	target			0.0	0.5138888888888888	0.02777777777777768	1.0	1.5	0.02777777777777768	2160	candidate_unreleased	False
development	global_null	619	program_max_alpha_1	reference			0.14285714285714285	0.5138888888888888	0.02777777777777768	1.0	1.5	0.02777777777777768	2160	candidate_unreleased	False
development	global_null	619	program_max_alpha_2	target			0.0	0.5138888888888888	0.02777777777777768	2.0	1.5	0.05555555555555536	2160	candidate_unreleased	False
development	global_null	619	program_max_alpha_2	reference			0.14285714285714285	0.5138888888888888	0.02777777777777768	2.0	1.5	0.05555555555555536	2160	candidate_unreleased	False
development	global_null	619	program_max_alpha_4	target			0.0	0.5138888888888888	0.02777777777777768	4.0	1.5	0.11111111111111072	2160	candidate_unreleased	False
development	global_null	619	program_max_alpha_4	reference			0.14285714285714285	0.5138888888888888	0.02777777777777768	4.0	1.5	0.11111111111111072	2160	candidate_unreleased	False
development	global_null	619	program_max_alpha_6	target			0.0	0.5138888888888888	0.02777777777777768	6.0	1.5	0.16666666666666607	2160	candidate_unreleased	False
development	global_null	619	program_max_alpha_6	reference			0.14285714285714285	0.5138888888888888	0.02777777777777768	6.0	1.5	0.16666666666666607	2160	candidate_unreleased	False
development	global_null	620	program_max_alpha_0	target			0.9047619047619048	0.4962962962962963	0.0	0.0	1.5	0.0	2160	candidate_unreleased	False
development	global_null	620	program_max_alpha_0	reference			1.0	0.4962962962962963	0.0	0.0	1.5	0.0	2160	candidate_unreleased	False
development	global_null	620	program_max_alpha_1	target			0.9047619047619048	0.4962962962962963	0.0	1.0	1.5	0.0	2160	candidate_unreleased	False
development	global_null	620	program_max_alpha_1	reference			1.0	0.4962962962962963	0.0	1.0	1.5	0.0	2160	candidate_unreleased	False
development	global_null	620	program_max_alpha_2	target			0.9047619047619048	0.4962962962962963	0.0	2.0	1.5	0.0	2160	candidate_unreleased	False
development	global_null	620	program_max_alpha_2	reference			1.0	0.4962962962962963	0.0	2.0	1.5	0.0	2160	candidate_unreleased	False
development	global_null	620	program_max_alpha_4	target			0.9047619047619048	0.4962962962962963	0.0	4.0	1.5	0.0	2160	candidate_unreleased	False
development	global_null	620	program_max_alpha_4	reference			1.0	0.4962962962962963	0.0	4.0	1.5	0.0	2160	candidate_unreleased	False
development	global_null	620	program_max_alpha_6	target			0.9047619047619048	0.4962962962962963	0.0	6.0	1.5	0.0	2160	candidate_unreleased	False
development	global_null	620	program_max_alpha_6	reference			1.0	0.4962962962962963	0.0	6.0	1.5	0.0	2160	candidate_unreleased	False
holdout	helpful_program	6001	program_max_alpha_0	target	0.704276925447741	0.8777777777777778	0.7142857142857143	0.6143518518518518	0.22870370370370363	0.0	1.5	0.0	2160	candidate_unreleased	False
holdout	helpful_program	6001	program_max_alpha_0	reference	0.8248429438378709	0.9285714285714286	0.5238095238095238	0.6143518518518518	0.22870370370370363	0.0	1.5	0.0	2160	candidate_unreleased	False
holdout	helpful_program	6001	program_max_alpha_1	target	0.7325238620877598	0.888888888888889	0.0	0.6143518518518518	0.22870370370370363	1.0	1.5	0.22870370370370363	2160	candidate_unreleased	False
holdout	helpful_program	6001	program_max_alpha_1	reference	0.8563076160822054	0.9489795918367347	0.0	0.6143518518518518	0.22870370370370363	1.0	1.5	0.22870370370370363	2160	candidate_unreleased	False
holdout	helpful_program	6001	program_max_alpha_2	target	0.7214051963239279	0.888888888888889	0.0	0.6143518518518518	0.22870370370370363	2.0	1.5	0.45740740740740726	2160	candidate_unreleased	False
holdout	helpful_program	6001	program_max_alpha_2	reference	0.8771138755466172	0.9489795918367347	0.0	0.6143518518518518	0.22870370370370363	2.0	1.5	0.45740740740740726	2160	candidate_unreleased	False
holdout	helpful_program	6001	program_max_alpha_4	target	0.7338319404129167	0.888888888888889	0.0	0.6143518518518518	0.22870370370370363	4.0	1.5	0.9148148148148145	2160	candidate_unreleased	False
holdout	helpful_program	6001	program_max_alpha_4	reference	0.8914181789284006	0.9693877551020409	0.0	0.6143518518518518	0.22870370370370363	4.0	1.5	0.9148148148148145	2160	candidate_unreleased	False
holdout	helpful_program	6001	program_max_alpha_6	target	0.7187890396736144	0.8777777777777778	0.0	0.6143518518518518	0.22870370370370363	6.0	1.5	1.3722222222222218	2160	candidate_unreleased	False
holdout	helpful_program	6001	program_max_alpha_6	reference	0.8940189613614521	0.9693877551020409	0.0	0.6143518518518518	0.22870370370370363	6.0	1.5	1.3722222222222218	2160	candidate_unreleased	False
holdout	helpful_program	6002	program_max_alpha_0	target	0.7396023371234273	0.9111111111111111	0.6190476190476191	0.6180555555555556	0.23611111111111116	0.0	1.5	0.0	2160	candidate_unreleased	False
holdout	helpful_program	6002	program_max_alpha_0	reference	0.8119917365259577	0.9388888888888889	0.7142857142857143	0.6180555555555556	0.23611111111111116	0.0	1.5	0.0	2160	candidate_unreleased	False
holdout	helpful_program	6002	program_max_alpha_1	target	0.7622190273692516	0.9222222222222223	0.0	0.6180555555555556	0.23611111111111116	1.0	1.5	0.23611111111111116	2160	candidate_unreleased	False
holdout	helpful_program	6002	program_max_alpha_1	reference	0.8511921932433384	0.9555555555555556	0.0	0.6180555555555556	0.23611111111111116	1.0	1.5	0.23611111111111116	2160	candidate_unreleased	False
holdout	helpful_program	6002	program_max_alpha_2	target	0.769385189165031	0.9444444444444444	0.0	0.6180555555555556	0.23611111111111116	2.0	1.5	0.4722222222222223	2160	candidate_unreleased	False
holdout	helpful_program	6002	program_max_alpha_2	reference	0.875288682263999	0.9666666666666668	0.0	0.6180555555555556	0.23611111111111116	2.0	1.5	0.4722222222222223	2160	candidate_unreleased	False
holdout	helpful_program	6002	program_max_alpha_4	target	0.7348573186944581	0.9333333333333333	0.0	0.6180555555555556	0.23611111111111116	4.0	1.5	0.9444444444444446	2160	candidate_unreleased	False
holdout	helpful_program	6002	program_max_alpha_4	reference	0.8557509884634633	0.9777777777777779	0.0	0.6180555555555556	0.23611111111111116	4.0	1.5	0.9444444444444446	2160	candidate_unreleased	False
holdout	helpful_program	6002	program_max_alpha_6	target	0.7263882183903553	0.9333333333333333	0.0	0.6180555555555556	0.23611111111111116	6.0	1.5	1.416666666666667	2160	candidate_unreleased	False
holdout	helpful_program	6002	program_max_alpha_6	reference	0.8192806267024635	0.9777777777777779	0.0	0.6180555555555556	0.23611111111111116	6.0	1.5	1.416666666666667	2160	candidate_unreleased	False
holdout	helpful_program	6003	program_max_alpha_0	target	0.5309404714726024	0.7	0.7619047619047619	0.6282407407407408	0.25648148148148153	0.0	1.5	0.0	2160	candidate_unreleased	False
holdout	helpful_program	6003	program_max_alpha_0	reference	0.8184200320913029	0.8894230769230769	0.5714285714285714	0.6282407407407408	0.25648148148148153	0.0	1.5	0.0	2160	candidate_unreleased	False
holdout	helpful_program	6003	program_max_alpha_1	target	0.5714300539623774	0.7333333333333333	0.0	0.6282407407407408	0.25648148148148153	1.0	1.5	0.25648148148148153	2160	candidate_unreleased	False
holdout	helpful_program	6003	program_max_alpha_1	reference	0.8669075533916705	0.923076923076923	0.0	0.6282407407407408	0.25648148148148153	1.0	1.5	0.25648148148148153	2160	candidate_unreleased	False
holdout	helpful_program	6003	program_max_alpha_2	target	0.6078766177686338	0.7666666666666666	0.0	0.6282407407407408	0.25648148148148153	2.0	1.5	0.5129629629629631	2160	candidate_unreleased	False
holdout	helpful_program	6003	program_max_alpha_2	reference	0.8929408132532822	0.9423076923076923	0.0	0.6282407407407408	0.25648148148148153	2.0	1.5	0.5129629629629631	2160	candidate_unreleased	False
holdout	helpful_program	6003	program_max_alpha_4	target	0.6625464634780185	0.8	0.0	0.6282407407407408	0.25648148148148153	4.0	1.5	1.0259259259259261	2160	candidate_unreleased	False
holdout	helpful_program	6003	program_max_alpha_4	reference	0.9040049486944671	0.9423076923076923	0.0	0.6282407407407408	0.25648148148148153	4.0	1.5	1.0259259259259261	2160	candidate_unreleased	False
holdout	helpful_program	6003	program_max_alpha_6	target	0.6807697453811467	0.8222222222222222	0.0	0.6282407407407408	0.25648148148148153	6.0	1.5	1.5	2160	candidate_unreleased	False
holdout	helpful_program	6003	program_max_alpha_6	reference	0.9020524542048461	0.9326923076923077	0.0	0.6282407407407408	0.25648148148148153	6.0	1.5	1.5	2160	candidate_unreleased	False
holdout	helpful_program	6004	program_max_alpha_0	target	0.8698771190084931	0.9111111111111111	0.47619047619047616	0.6199074074074075	0.23981481481481493	0.0	1.5	0.0	2160	candidate_unreleased	False
holdout	helpful_program	6004	program_max_alpha_0	reference	0.5144000097442311	0.7884615384615384	0.9523809523809523	0.6199074074074075	0.23981481481481493	0.0	1.5	0.0	2160	candidate_unreleased	False
holdout	helpful_program	6004	program_max_alpha_1	target	0.8730107638092105	0.9111111111111112	0.0	0.6199074074074075	0.23981481481481493	1.0	1.5	0.23981481481481493	2160	candidate_unreleased	False
holdout	helpful_program	6004	program_max_alpha_1	reference	0.537878154708768	0.8076923076923077	0.0	0.6199074074074075	0.23981481481481493	1.0	1.5	0.23981481481481493	2160	candidate_unreleased	False
holdout	helpful_program	6004	program_max_alpha_2	target	0.8678142711674889	0.9111111111111112	0.0	0.6199074074074075	0.23981481481481493	2.0	1.5	0.47962962962962985	2160	candidate_unreleased	False
holdout	helpful_program	6004	program_max_alpha_2	reference	0.5617176297097106	0.8269230769230769	0.0	0.6199074074074075	0.23981481481481493	2.0	1.5	0.47962962962962985	2160	candidate_unreleased	False
holdout	helpful_program	6004	program_max_alpha_4	target	0.8963949806969571	0.9444444444444444	0.0	0.6199074074074075	0.23981481481481493	4.0	1.5	0.9592592592592597	2160	candidate_unreleased	False
holdout	helpful_program	6004	program_max_alpha_4	reference	0.6377059562752152	0.875	0.0	0.6199074074074075	0.23981481481481493	4.0	1.5	0.9592592592592597	2160	candidate_unreleased	False
holdout	helpful_program	6004	program_max_alpha_6	target	0.8970445422771722	0.9444444444444444	0.0	0.6199074074074075	0.23981481481481493	6.0	1.5	1.4388888888888896	2160	candidate_unreleased	False
holdout	helpful_program	6004	program_max_alpha_6	reference	0.5781072687728587	0.8461538461538461	0.0	0.6199074074074075	0.23981481481481493	6.0	1.5	1.4388888888888896	2160	candidate_unreleased	False
holdout	helpful_program	6005	program_max_alpha_0	target	0.6630693050166813	0.8777777777777778	0.6666666666666666	0.6175925925925926	0.23518518518518516	0.0	1.5	0.0	2160	candidate_unreleased	False
holdout	helpful_program	6005	program_max_alpha_0	reference	0.7720711916294127	0.9611111111111112	0.7142857142857143	0.6175925925925926	0.23518518518518516	0.0	1.5	0.0	2160	candidate_unreleased	False
holdout	helpful_program	6005	program_max_alpha_1	target	0.6618876325292973	0.888888888888889	0.0	0.6175925925925926	0.23518518518518516	1.0	1.5	0.23518518518518516	2160	candidate_unreleased	False
holdout	helpful_program	6005	program_max_alpha_1	reference	0.7832634868648729	0.9555555555555556	0.0	0.6175925925925926	0.23518518518518516	1.0	1.5	0.23518518518518516	2160	candidate_unreleased	False
holdout	helpful_program	6005	program_max_alpha_2	target	0.7194430788361927	0.9444444444444445	0.0	0.6175925925925926	0.23518518518518516	2.0	1.5	0.4703703703703703	2160	candidate_unreleased	False
holdout	helpful_program	6005	program_max_alpha_2	reference	0.7970164410656775	0.9555555555555556	0.0	0.6175925925925926	0.23518518518518516	2.0	1.5	0.4703703703703703	2160	candidate_unreleased	False
holdout	helpful_program	6005	program_max_alpha_4	target	0.7436425278515919	0.9777777777777777	0.0	0.6175925925925926	0.23518518518518516	4.0	1.5	0.9407407407407407	2160	candidate_unreleased	False
holdout	helpful_program	6005	program_max_alpha_4	reference	0.830416472696203	0.9555555555555556	0.0	0.6175925925925926	0.23518518518518516	4.0	1.5	0.9407407407407407	2160	candidate_unreleased	False
holdout	helpful_program	6005	program_max_alpha_6	target	0.7279455879497115	0.9777777777777777	0.0	0.6175925925925926	0.23518518518518516	6.0	1.5	1.411111111111111	2160	candidate_unreleased	False
holdout	helpful_program	6005	program_max_alpha_6	reference	0.8271419597912496	0.9555555555555556	0.0	0.6175925925925926	0.23518518518518516	6.0	1.5	1.411111111111111	2160	candidate_unreleased	False
holdout	helpful_program	6006	program_max_alpha_0	target	0.7711779716633905	0.8444444444444443	0.47619047619047616	0.6287037037037037	0.2574074074074073	0.0	1.5	0.0	2160	candidate_unreleased	False
holdout	helpful_program	6006	program_max_alpha_0	reference	0.8548918454763743	0.9777777777777779	0.8095238095238095	0.6287037037037037	0.2574074074074073	0.0	1.5	0.0	2160	candidate_unreleased	False
holdout	helpful_program	6006	program_max_alpha_1	target	0.8007897172935667	0.8666666666666667	0.0	0.6287037037037037	0.2574074074074073	1.0	1.5	0.2574074074074073	2160	candidate_unreleased	False
holdout	helpful_program	6006	program_max_alpha_1	reference	0.8432542828543246	1.0	0.0	0.6287037037037037	0.2574074074074073	1.0	1.5	0.2574074074074073	2160	candidate_unreleased	False
holdout	helpful_program	6006	program_max_alpha_2	target	0.8327430529184727	0.9	0.0	0.6287037037037037	0.2574074074074073	2.0	1.5	0.5148148148148146	2160	candidate_unreleased	False
holdout	helpful_program	6006	program_max_alpha_2	reference	0.8216993708991018	1.0	0.0	0.6287037037037037	0.2574074074074073	2.0	1.5	0.5148148148148146	2160	candidate_unreleased	False
holdout	helpful_program	6006	program_max_alpha_4	target	0.8542626462985117	0.9333333333333333	0.0	0.6287037037037037	0.2574074074074073	4.0	1.5	1.0296296296296292	2160	candidate_unreleased	False
holdout	helpful_program	6006	program_max_alpha_4	reference	0.7694450388864403	0.9666666666666668	0.0	0.6287037037037037	0.2574074074074073	4.0	1.5	1.0296296296296292	2160	candidate_unreleased	False
holdout	helpful_program	6006	program_max_alpha_6	target	0.8640442796530747	0.9444444444444445	0.0	0.6287037037037037	0.2574074074074073	6.0	1.5	1.5	2160	candidate_unreleased	False
holdout	helpful_program	6006	program_max_alpha_6	reference	0.756381455883275	0.9555555555555556	0.0	0.6287037037037037	0.2574074074074073	6.0	1.5	1.5	2160	candidate_unreleased	False
holdout	helpful_program	6007	program_max_alpha_0	target	0.783343959508178	0.9611111111111111	0.6666666666666666	0.600925925925926	0.20185185185185195	0.0	1.5	0.0	2160	candidate_unreleased	False
holdout	helpful_program	6007	program_max_alpha_0	reference	0.7319866264489236	0.8055555555555556	0.6190476190476191	0.600925925925926	0.20185185185185195	0.0	1.5	0.0	2160	candidate_unreleased	False
holdout	helpful_program	6007	program_max_alpha_1	target	0.7650234854515444	0.9777777777777779	0.0	0.600925925925926	0.20185185185185195	1.0	1.5	0.20185185185185195	2160	candidate_unreleased	False
holdout	helpful_program	6007	program_max_alpha_1	reference	0.7477249495023053	0.8111111111111111	0.0	0.600925925925926	0.20185185185185195	1.0	1.5	0.20185185185185195	2160	candidate_unreleased	False
holdout	helpful_program	6007	program_max_alpha_2	target	0.76632898627996	0.9666666666666668	0.0	0.600925925925926	0.20185185185185195	2.0	1.5	0.4037037037037039	2160	candidate_unreleased	False
holdout	helpful_program	6007	program_max_alpha_2	reference	0.7587782748427742	0.8222222222222222	0.0	0.600925925925926	0.20185185185185195	2.0	1.5	0.4037037037037039	2160	candidate_unreleased	False
holdout	helpful_program	6007	program_max_alpha_4	target	0.7656762358657522	0.9444444444444445	0.0	0.600925925925926	0.20185185185185195	4.0	1.5	0.8074074074074078	2160	candidate_unreleased	False
holdout	helpful_program	6007	program_max_alpha_4	reference	0.7509759275436197	0.8222222222222222	0.0	0.600925925925926	0.20185185185185195	4.0	1.5	0.8074074074074078	2160	candidate_unreleased	False
holdout	helpful_program	6007	program_max_alpha_6	target	0.7049704473444265	0.9111111111111111	0.0	0.600925925925926	0.20185185185185195	6.0	1.5	1.2111111111111117	2160	candidate_unreleased	False
holdout	helpful_program	6007	program_max_alpha_6	reference	0.7282190812544191	0.8111111111111111	0.0	0.600925925925926	0.20185185185185195	6.0	1.5	1.2111111111111117	2160	candidate_unreleased	False
holdout	helpful_program	6008	program_max_alpha_0	target	0.8111328160966383	0.8777777777777778	0.6666666666666666	0.5958333333333333	0.19166666666666665	0.0	1.5	0.0	2160	candidate_unreleased	False
holdout	helpful_program	6008	program_max_alpha_0	reference	0.8252794538657718	0.8622448979591836	0.42857142857142855	0.5958333333333333	0.19166666666666665	0.0	1.5	0.0	2160	candidate_unreleased	False
holdout	helpful_program	6008	program_max_alpha_1	target	0.825523632558296	0.9111111111111112	0.0	0.5958333333333333	0.19166666666666665	1.0	1.5	0.19166666666666665	2160	candidate_unreleased	False
holdout	helpful_program	6008	program_max_alpha_1	reference	0.8213127139917274	0.8571428571428571	0.0	0.5958333333333333	0.19166666666666665	1.0	1.5	0.19166666666666665	2160	candidate_unreleased	False
holdout	helpful_program	6008	program_max_alpha_2	target	0.8333361590493839	0.9333333333333333	0.0	0.5958333333333333	0.19166666666666665	2.0	1.5	0.3833333333333333	2160	candidate_unreleased	False
holdout	helpful_program	6008	program_max_alpha_2	reference	0.8057181687893528	0.8265306122448979	0.0	0.5958333333333333	0.19166666666666665	2.0	1.5	0.3833333333333333	2160	candidate_unreleased	False
holdout	helpful_program	6008	program_max_alpha_4	target	0.8424507732889865	0.9333333333333333	0.0	0.5958333333333333	0.19166666666666665	4.0	1.5	0.7666666666666666	2160	candidate_unreleased	False
holdout	helpful_program	6008	program_max_alpha_4	reference	0.7901236235869783	0.8061224489795917	0.0	0.5958333333333333	0.19166666666666665	4.0	1.5	0.7666666666666666	2160	candidate_unreleased	False
holdout	helpful_program	6008	program_max_alpha_6	target	0.8431018171632438	0.9333333333333333	0.0	0.5958333333333333	0.19166666666666665	6.0	1.5	1.15	2160	candidate_unreleased	False
holdout	helpful_program	6008	program_max_alpha_6	reference	0.7751788511013693	0.7755102040816326	0.0	0.5958333333333333	0.19166666666666665	6.0	1.5	1.15	2160	candidate_unreleased	False
holdout	helpful_program	6009	program_max_alpha_0	target	0.7932867543014948	0.9777777777777779	0.5714285714285714	0.6189814814814815	0.23796296296296293	0.0	1.5	0.0	2160	candidate_unreleased	False
holdout	helpful_program	6009	program_max_alpha_0	reference	0.8351865749609714	1.0	0.6666666666666666	0.6189814814814815	0.23796296296296293	0.0	1.5	0.0	2160	candidate_unreleased	False
holdout	helpful_program	6009	program_max_alpha_1	target	0.8395063500611645	0.9777777777777779	0.0	0.6189814814814815	0.23796296296296293	1.0	1.5	0.23796296296296293	2160	candidate_unreleased	False
holdout	helpful_program	6009	program_max_alpha_1	reference	0.8566820692227061	1.0	0.0	0.6189814814814815	0.23796296296296293	1.0	1.5	0.23796296296296293	2160	candidate_unreleased	False
holdout	helpful_program	6009	program_max_alpha_2	target	0.7927227144540407	0.9888888888888889	0.0	0.6189814814814815	0.23796296296296293	2.0	1.5	0.47592592592592586	2160	candidate_unreleased	False
holdout	helpful_program	6009	program_max_alpha_2	reference	0.8788320238642057	1.0	0.0	0.6189814814814815	0.23796296296296293	2.0	1.5	0.47592592592592586	2160	candidate_unreleased	False
holdout	helpful_program	6009	program_max_alpha_4	target	0.7329436245116049	0.9888888888888889	0.0	0.6189814814814815	0.23796296296296293	4.0	1.5	0.9518518518518517	2160	candidate_unreleased	False
holdout	helpful_program	6009	program_max_alpha_4	reference	0.8456070919019563	1.0	0.0	0.6189814814814815	0.23796296296296293	4.0	1.5	0.9518518518518517	2160	candidate_unreleased	False
holdout	helpful_program	6009	program_max_alpha_6	target	0.7498377151475106	1.0	0.0	0.6189814814814815	0.23796296296296293	6.0	1.5	1.4277777777777776	2160	candidate_unreleased	False
holdout	helpful_program	6009	program_max_alpha_6	reference	0.828017422039589	0.9903846153846154	0.0	0.6189814814814815	0.23796296296296293	6.0	1.5	1.4277777777777776	2160	candidate_unreleased	False
holdout	helpful_program	6010	program_max_alpha_0	target	0.7656903631744603	0.8722222222222221	0.42857142857142855	0.6203703703703703	0.2407407407407407	0.0	1.5	0.0	2160	candidate_unreleased	False
holdout	helpful_program	6010	program_max_alpha_0	reference	0.7132194524168254	0.9777777777777777	0.6190476190476191	0.6203703703703703	0.2407407407407407	0.0	1.5	0.0	2160	candidate_unreleased	False
holdout	helpful_program	6010	program_max_alpha_1	target	0.8000010575736485	0.9111111111111112	0.0	0.6203703703703703	0.2407407407407407	1.0	1.5	0.2407407407407407	2160	candidate_unreleased	False
holdout	helpful_program	6010	program_max_alpha_1	reference	0.7599342076785331	0.9888888888888889	0.0	0.6203703703703703	0.2407407407407407	1.0	1.5	0.2407407407407407	2160	candidate_unreleased	False
holdout	helpful_program	6010	program_max_alpha_2	target	0.8117083901235068	0.9222222222222223	0.0	0.6203703703703703	0.2407407407407407	2.0	1.5	0.4814814814814814	2160	candidate_unreleased	False
holdout	helpful_program	6010	program_max_alpha_2	reference	0.7526967390339757	0.9666666666666668	0.0	0.6203703703703703	0.2407407407407407	2.0	1.5	0.4814814814814814	2160	candidate_unreleased	False
holdout	helpful_program	6010	program_max_alpha_4	target	0.8292693889482942	0.9333333333333333	0.0	0.6203703703703703	0.2407407407407407	4.0	1.5	0.9629629629629628	2160	candidate_unreleased	False
holdout	helpful_program	6010	program_max_alpha_4	reference	0.7724352898827689	0.9555555555555556	0.0	0.6203703703703703	0.2407407407407407	4.0	1.5	0.9629629629629628	2160	candidate_unreleased	False
holdout	helpful_program	6010	program_max_alpha_6	target	0.8149604269429119	0.9333333333333333	0.0	0.6203703703703703	0.2407407407407407	6.0	1.5	1.4444444444444442	2160	candidate_unreleased	False
holdout	helpful_program	6010	program_max_alpha_6	reference	0.7823045653071653	0.9222222222222223	0.0	0.6203703703703703	0.2407407407407407	6.0	1.5	1.4444444444444442	2160	candidate_unreleased	False
holdout	helpful_program	6011	program_max_alpha_0	target	0.8234362271118846	0.8622448979591836	0.38095238095238093	0.6199074074074075	0.23981481481481493	0.0	1.5	0.0	2160	candidate_unreleased	False
holdout	helpful_program	6011	program_max_alpha_0	reference	0.6356822109141241	0.7222222222222222	0.6190476190476191	0.6199074074074075	0.23981481481481493	0.0	1.5	0.0	2160	candidate_unreleased	False
holdout	helpful_program	6011	program_max_alpha_1	target	0.8302997917516903	0.8877551020408163	0.0	0.6199074074074075	0.23981481481481493	1.0	1.5	0.23981481481481493	2160	candidate_unreleased	False
holdout	helpful_program	6011	program_max_alpha_1	reference	0.6406512534227998	0.7333333333333334	0.0	0.6199074074074075	0.23981481481481493	1.0	1.5	0.23981481481481493	2160	candidate_unreleased	False
holdout	helpful_program	6011	program_max_alpha_2	target	0.8537068336491539	0.9183673469387755	0.0	0.6199074074074075	0.23981481481481493	2.0	1.5	0.47962962962962985	2160	candidate_unreleased	False
holdout	helpful_program	6011	program_max_alpha_2	reference	0.6458545123338479	0.7444444444444445	0.0	0.6199074074074075	0.23981481481481493	2.0	1.5	0.47962962962962985	2160	candidate_unreleased	False
holdout	helpful_program	6011	program_max_alpha_4	target	0.8634597677730971	0.9387755102040817	0.0	0.6199074074074075	0.23981481481481493	4.0	1.5	0.9592592592592597	2160	candidate_unreleased	False
holdout	helpful_program	6011	program_max_alpha_4	reference	0.7095944339941874	0.7777777777777778	0.0	0.6199074074074075	0.23981481481481493	4.0	1.5	0.9592592592592597	2160	candidate_unreleased	False
holdout	helpful_program	6011	program_max_alpha_6	target	0.8485052687830509	0.9489795918367347	0.0	0.6199074074074075	0.23981481481481493	6.0	1.5	1.4388888888888896	2160	candidate_unreleased	False
holdout	helpful_program	6011	program_max_alpha_6	reference	0.7694319114712408	0.8111111111111111	0.0	0.6199074074074075	0.23981481481481493	6.0	1.5	1.4388888888888896	2160	candidate_unreleased	False
holdout	helpful_program	6012	program_max_alpha_0	target	0.9392812773843643	0.9666666666666667	0.6190476190476191	0.6194444444444445	0.23888888888888893	0.0	1.5	0.0	2160	candidate_unreleased	False
holdout	helpful_program	6012	program_max_alpha_0	reference	0.5142207234261775	0.6944444444444444	0.5714285714285714	0.6194444444444445	0.23888888888888893	0.0	1.5	0.0	2160	candidate_unreleased	False
holdout	helpful_program	6012	program_max_alpha_1	target	0.9424768860378013	0.9777777777777779	0.0	0.6194444444444445	0.23888888888888893	1.0	1.5	0.23888888888888893	2160	candidate_unreleased	False
holdout	helpful_program	6012	program_max_alpha_1	reference	0.5624552693121191	0.7444444444444445	0.0	0.6194444444444445	0.23888888888888893	1.0	1.5	0.23888888888888893	2160	candidate_unreleased	False
holdout	helpful_program	6012	program_max_alpha_2	target	0.8846283047568605	0.9777777777777779	0.0	0.6194444444444445	0.23888888888888893	2.0	1.5	0.47777777777777786	2160	candidate_unreleased	False
holdout	helpful_program	6012	program_max_alpha_2	reference	0.5915706009000405	0.8	0.0	0.6194444444444445	0.23888888888888893	2.0	1.5	0.47777777777777786	2160	candidate_unreleased	False
holdout	helpful_program	6012	program_max_alpha_4	target	0.86837870327345	0.9666666666666667	0.0	0.6194444444444445	0.23888888888888893	4.0	1.5	0.9555555555555557	2160	candidate_unreleased	False
holdout	helpful_program	6012	program_max_alpha_4	reference	0.602819706286283	0.8333333333333333	0.0	0.6194444444444445	0.23888888888888893	4.0	1.5	0.9555555555555557	2160	candidate_unreleased	False
holdout	helpful_program	6012	program_max_alpha_6	target	0.8397794046626479	0.9777777777777777	0.0	0.6194444444444445	0.23888888888888893	6.0	1.5	1.4333333333333336	2160	candidate_unreleased	False
holdout	helpful_program	6012	program_max_alpha_6	reference	0.6160539479171563	0.8555555555555556	0.0	0.6194444444444445	0.23888888888888893	6.0	1.5	1.4333333333333336	2160	candidate_unreleased	False
holdout	helpful_program	6013	program_max_alpha_0	target	0.8390346093994814	0.9888888888888889	0.6190476190476191	0.6166666666666667	0.2333333333333334	0.0	1.5	0.0	2160	candidate_unreleased	False
holdout	helpful_program	6013	program_max_alpha_0	reference	0.8733312087886816	0.9277777777777777	0.38095238095238093	0.6166666666666667	0.2333333333333334	0.0	1.5	0.0	2160	candidate_unreleased	False
holdout	helpful_program	6013	program_max_alpha_1	target	0.8363571702753233	0.9777777777777779	0.0	0.6166666666666667	0.2333333333333334	1.0	1.5	0.2333333333333334	2160	candidate_unreleased	False
holdout	helpful_program	6013	program_max_alpha_1	reference	0.8767491265116083	0.9444444444444444	0.0	0.6166666666666667	0.2333333333333334	1.0	1.5	0.2333333333333334	2160	candidate_unreleased	False
holdout	helpful_program	6013	program_max_alpha_2	target	0.8093991168309143	0.9666666666666667	0.0	0.6166666666666667	0.2333333333333334	2.0	1.5	0.4666666666666668	2160	candidate_unreleased	False
holdout	helpful_program	6013	program_max_alpha_2	reference	0.8728466823283223	0.9666666666666667	0.0	0.6166666666666667	0.2333333333333334	2.0	1.5	0.4666666666666668	2160	candidate_unreleased	False
holdout	helpful_program	6013	program_max_alpha_4	target	0.791646252367523	0.9555555555555556	0.0	0.6166666666666667	0.2333333333333334	4.0	1.5	0.9333333333333336	2160	candidate_unreleased	False
holdout	helpful_program	6013	program_max_alpha_4	reference	0.822114907945603	0.9777777777777777	0.0	0.6166666666666667	0.2333333333333334	4.0	1.5	0.9333333333333336	2160	candidate_unreleased	False
holdout	helpful_program	6013	program_max_alpha_6	target	0.7784959823946406	0.9555555555555556	0.0	0.6166666666666667	0.2333333333333334	6.0	1.5	1.4000000000000004	2160	candidate_unreleased	False
holdout	helpful_program	6013	program_max_alpha_6	reference	0.8396759067703904	0.9888888888888889	0.0	0.6166666666666667	0.2333333333333334	6.0	1.5	1.4000000000000004	2160	candidate_unreleased	False
holdout	helpful_program	6014	program_max_alpha_0	target	0.8479157430750657	0.8500000000000001	0.5238095238095238	0.6217592592592592	0.24351851851851847	0.0	1.5	0.0	2160	candidate_unreleased	False
holdout	helpful_program	6014	program_max_alpha_0	reference	0.6489057377008981	0.7555555555555555	0.7619047619047619	0.6217592592592592	0.24351851851851847	0.0	1.5	0.0	2160	candidate_unreleased	False
holdout	helpful_program	6014	program_max_alpha_1	target	0.8755285279261508	0.9000000000000001	0.0	0.6217592592592592	0.24351851851851847	1.0	1.5	0.24351851851851847	2160	candidate_unreleased	False
holdout	helpful_program	6014	program_max_alpha_1	reference	0.6347677774008978	0.7444444444444445	0.0	0.6217592592592592	0.24351851851851847	1.0	1.5	0.24351851851851847	2160	candidate_unreleased	False
holdout	helpful_program	6014	program_max_alpha_2	target	0.9125776193083264	0.9222222222222223	0.0	0.6217592592592592	0.24351851851851847	2.0	1.5	0.48703703703703694	2160	candidate_unreleased	False
holdout	helpful_program	6014	program_max_alpha_2	reference	0.6516949181315885	0.7555555555555555	0.0	0.6217592592592592	0.24351851851851847	2.0	1.5	0.48703703703703694	2160	candidate_unreleased	False
holdout	helpful_program	6014	program_max_alpha_4	target	0.9086777149523079	0.9444444444444444	0.0	0.6217592592592592	0.24351851851851847	4.0	1.5	0.9740740740740739	2160	candidate_unreleased	False
holdout	helpful_program	6014	program_max_alpha_4	reference	0.6464865671375298	0.7555555555555555	0.0	0.6217592592592592	0.24351851851851847	4.0	1.5	0.9740740740740739	2160	candidate_unreleased	False
holdout	helpful_program	6014	program_max_alpha_6	target	0.8937280815875702	0.9555555555555556	0.0	0.6217592592592592	0.24351851851851847	6.0	1.5	1.4611111111111108	2160	candidate_unreleased	False
holdout	helpful_program	6014	program_max_alpha_6	reference	0.6393250845206991	0.7555555555555555	0.0	0.6217592592592592	0.24351851851851847	6.0	1.5	1.4611111111111108	2160	candidate_unreleased	False
holdout	helpful_program	6015	program_max_alpha_0	target	0.6417177185062484	0.8555555555555556	0.6190476190476191	0.6106481481481482	0.22129629629629632	0.0	1.5	0.0	2160	candidate_unreleased	False
holdout	helpful_program	6015	program_max_alpha_0	reference	0.7552165680804018	0.9888888888888889	0.38095238095238093	0.6106481481481482	0.22129629629629632	0.0	1.5	0.0	2160	candidate_unreleased	False
holdout	helpful_program	6015	program_max_alpha_1	target	0.694851638431129	0.9000000000000001	0.0	0.6106481481481482	0.22129629629629632	1.0	1.5	0.22129629629629632	2160	candidate_unreleased	False
holdout	helpful_program	6015	program_max_alpha_1	reference	0.7617813175422781	1.0	0.0	0.6106481481481482	0.22129629629629632	1.0	1.5	0.22129629629629632	2160	candidate_unreleased	False
holdout	helpful_program	6015	program_max_alpha_2	target	0.7688556300830776	0.9444444444444444	0.0	0.6106481481481482	0.22129629629629632	2.0	1.5	0.44259259259259265	2160	candidate_unreleased	False
holdout	helpful_program	6015	program_max_alpha_2	reference	0.7728310465509971	1.0	0.0	0.6106481481481482	0.22129629629629632	2.0	1.5	0.44259259259259265	2160	candidate_unreleased	False
holdout	helpful_program	6015	program_max_alpha_4	target	0.8376204010871007	0.9777777777777779	0.0	0.6106481481481482	0.22129629629629632	4.0	1.5	0.8851851851851853	2160	candidate_unreleased	False
holdout	helpful_program	6015	program_max_alpha_4	reference	0.8079301857551636	1.0	0.0	0.6106481481481482	0.22129629629629632	4.0	1.5	0.8851851851851853	2160	candidate_unreleased	False
holdout	helpful_program	6015	program_max_alpha_6	target	0.8317262778581844	0.9777777777777779	0.0	0.6106481481481482	0.22129629629629632	6.0	1.5	1.327777777777778	2160	candidate_unreleased	False
holdout	helpful_program	6015	program_max_alpha_6	reference	0.8079301857551636	1.0	0.0	0.6106481481481482	0.22129629629629632	6.0	1.5	1.327777777777778	2160	candidate_unreleased	False
holdout	helpful_program	6016	program_max_alpha_0	target	0.7930021316681111	0.8833333333333333	0.6666666666666666	0.6194444444444445	0.23888888888888893	0.0	1.5	0.0	2160	candidate_unreleased	False
holdout	helpful_program	6016	program_max_alpha_0	reference	0.7369282619779445	0.9888888888888888	0.6190476190476191	0.6194444444444445	0.23888888888888893	0.0	1.5	0.0	2160	candidate_unreleased	False
holdout	helpful_program	6016	program_max_alpha_1	target	0.7752484124524868	0.9	0.0	0.6194444444444445	0.23888888888888893	1.0	1.5	0.23888888888888893	2160	candidate_unreleased	False
holdout	helpful_program	6016	program_max_alpha_1	reference	0.7455245020419601	1.0	0.0	0.6194444444444445	0.23888888888888893	1.0	1.5	0.23888888888888893	2160	candidate_unreleased	False
holdout	helpful_program	6016	program_max_alpha_2	target	0.780460166485781	0.9111111111111112	0.0	0.6194444444444445	0.23888888888888893	2.0	1.5	0.47777777777777786	2160	candidate_unreleased	False
holdout	helpful_program	6016	program_max_alpha_2	reference	0.7442211375279006	1.0	0.0	0.6194444444444445	0.23888888888888893	2.0	1.5	0.47777777777777786	2160	candidate_unreleased	False
holdout	helpful_program	6016	program_max_alpha_4	target	0.7713395969275163	0.9111111111111112	0.0	0.6194444444444445	0.23888888888888893	4.0	1.5	0.9555555555555557	2160	candidate_unreleased	False
holdout	helpful_program	6016	program_max_alpha_4	reference	0.764423287495821	1.0	0.0	0.6194444444444445	0.23888888888888893	4.0	1.5	0.9555555555555557	2160	candidate_unreleased	False
holdout	helpful_program	6016	program_max_alpha_6	target	0.7022838559863704	0.8888888888888888	0.0	0.6194444444444445	0.23888888888888893	6.0	1.5	1.4333333333333336	2160	candidate_unreleased	False
holdout	helpful_program	6016	program_max_alpha_6	reference	0.7455245020419601	1.0	0.0	0.6194444444444445	0.23888888888888893	6.0	1.5	1.4333333333333336	2160	candidate_unreleased	False
holdout	helpful_program	6017	program_max_alpha_0	target	0.7285484729681175	0.9336734693877551	0.6190476190476191	0.6143518518518518	0.22870370370370363	0.0	1.5	0.0	2160	candidate_unreleased	False
holdout	helpful_program	6017	program_max_alpha_0	reference	0.8695173569631643	1.0	0.5238095238095238	0.6143518518518518	0.22870370370370363	0.0	1.5	0.0	2160	candidate_unreleased	False
holdout	helpful_program	6017	program_max_alpha_1	target	0.8015630102820439	0.9795918367346939	0.0	0.6143518518518518	0.22870370370370363	1.0	1.5	0.22870370370370363	2160	candidate_unreleased	False
holdout	helpful_program	6017	program_max_alpha_1	reference	0.8894932611065656	1.0	0.0	0.6143518518518518	0.22870370370370363	1.0	1.5	0.22870370370370363	2160	candidate_unreleased	False
holdout	helpful_program	6017	program_max_alpha_2	target	0.7833456691392702	0.9795918367346939	0.0	0.6143518518518518	0.22870370370370363	2.0	1.5	0.45740740740740726	2160	candidate_unreleased	False
holdout	helpful_program	6017	program_max_alpha_2	reference	0.9071523184961814	1.0	0.0	0.6143518518518518	0.22870370370370363	2.0	1.5	0.45740740740740726	2160	candidate_unreleased	False
holdout	helpful_program	6017	program_max_alpha_4	target	0.8269371640166215	0.9897959183673469	0.0	0.6143518518518518	0.22870370370370363	4.0	1.5	0.9148148148148145	2160	candidate_unreleased	False
holdout	helpful_program	6017	program_max_alpha_4	reference	0.9248113758857969	1.0	0.0	0.6143518518518518	0.22870370370370363	4.0	1.5	0.9148148148148145	2160	candidate_unreleased	False
holdout	helpful_program	6017	program_max_alpha_6	target	0.7989605329759335	0.9795918367346939	0.0	0.6143518518518518	0.22870370370370363	6.0	1.5	1.3722222222222218	2160	candidate_unreleased	False
holdout	helpful_program	6017	program_max_alpha_6	reference	0.9215411800729051	0.9897959183673469	0.0	0.6143518518518518	0.22870370370370363	6.0	1.5	1.3722222222222218	2160	candidate_unreleased	False
holdout	helpful_program	6018	program_max_alpha_0	target	0.7374454327361658	0.8877551020408164	0.5714285714285714	0.6203703703703703	0.2407407407407407	0.0	1.5	0.0	2160	candidate_unreleased	False
holdout	helpful_program	6018	program_max_alpha_0	reference	0.5895969743600804	0.7055555555555556	0.5714285714285714	0.6203703703703703	0.2407407407407407	0.0	1.5	0.0	2160	candidate_unreleased	False
holdout	helpful_program	6018	program_max_alpha_1	target	0.7838807755597161	0.9183673469387755	0.0	0.6203703703703703	0.2407407407407407	1.0	1.5	0.2407407407407407	2160	candidate_unreleased	False
holdout	helpful_program	6018	program_max_alpha_1	reference	0.6229781463245303	0.7444444444444445	0.0	0.6203703703703703	0.2407407407407407	1.0	1.5	0.2407407407407407	2160	candidate_unreleased	False
holdout	helpful_program	6018	program_max_alpha_2	target	0.8092301538738363	0.9285714285714286	0.0	0.6203703703703703	0.2407407407407407	2.0	1.5	0.4814814814814814	2160	candidate_unreleased	False
holdout	helpful_program	6018	program_max_alpha_2	reference	0.6341970324341881	0.7333333333333334	0.0	0.6203703703703703	0.2407407407407407	2.0	1.5	0.4814814814814814	2160	candidate_unreleased	False
holdout	helpful_program	6018	program_max_alpha_4	target	0.8150800104078642	0.9387755102040817	0.0	0.6203703703703703	0.2407407407407407	4.0	1.5	0.9629629629629628	2160	candidate_unreleased	False
holdout	helpful_program	6018	program_max_alpha_4	reference	0.6625742149468521	0.7333333333333334	0.0	0.6203703703703703	0.2407407407407407	4.0	1.5	0.9629629629629628	2160	candidate_unreleased	False
holdout	helpful_program	6018	program_max_alpha_6	target	0.8436793090186664	0.9489795918367347	0.0	0.6203703703703703	0.2407407407407407	6.0	1.5	1.4444444444444442	2160	candidate_unreleased	False
holdout	helpful_program	6018	program_max_alpha_6	reference	0.6579546736075812	0.7222222222222222	0.0	0.6203703703703703	0.2407407407407407	6.0	1.5	1.4444444444444442	2160	candidate_unreleased	False
holdout	helpful_program	6019	program_max_alpha_0	target	0.5737857821642911	0.8166666666666667	0.5238095238095238	0.6032407407407407	0.2064814814814815	0.0	1.5	0.0	2160	candidate_unreleased	False
holdout	helpful_program	6019	program_max_alpha_0	reference	0.8780250406304652	1.0	0.47619047619047616	0.6032407407407407	0.2064814814814815	0.0	1.5	0.0	2160	candidate_unreleased	False
holdout	helpful_program	6019	program_max_alpha_1	target	0.6176169685353641	0.8555555555555555	0.0	0.6032407407407407	0.2064814814814815	1.0	1.5	0.2064814814814815	2160	candidate_unreleased	False
holdout	helpful_program	6019	program_max_alpha_1	reference	0.8878816287277354	1.0	0.0	0.6032407407407407	0.2064814814814815	1.0	1.5	0.2064814814814815	2160	candidate_unreleased	False
holdout	helpful_program	6019	program_max_alpha_2	target	0.633852244816688	0.8666666666666667	0.0	0.6032407407407407	0.2064814814814815	2.0	1.5	0.412962962962963	2160	candidate_unreleased	False
holdout	helpful_program	6019	program_max_alpha_2	reference	0.8878816287277354	1.0	0.0	0.6032407407407407	0.2064814814814815	2.0	1.5	0.412962962962963	2160	candidate_unreleased	False
holdout	helpful_program	6019	program_max_alpha_4	target	0.6987933499419837	0.8666666666666667	0.0	0.6032407407407407	0.2064814814814815	4.0	1.5	0.825925925925926	2160	candidate_unreleased	False
holdout	helpful_program	6019	program_max_alpha_4	reference	0.8898373151346245	1.0	0.0	0.6032407407407407	0.2064814814814815	4.0	1.5	0.825925925925926	2160	candidate_unreleased	False
holdout	helpful_program	6019	program_max_alpha_6	target	0.7434403597156245	0.9222222222222223	0.0	0.6032407407407407	0.2064814814814815	6.0	1.5	1.238888888888889	2160	candidate_unreleased	False
holdout	helpful_program	6019	program_max_alpha_6	reference	0.9028752245138865	1.0	0.0	0.6032407407407407	0.2064814814814815	6.0	1.5	1.238888888888889	2160	candidate_unreleased	False
holdout	helpful_program	6020	program_max_alpha_0	target	0.6506109865996211	0.9166666666666667	0.6666666666666666	0.6305555555555555	0.26111111111111107	0.0	1.5	0.0	2160	candidate_unreleased	False
holdout	helpful_program	6020	program_max_alpha_0	reference	0.8833714943791561	0.9540816326530611	0.6190476190476191	0.6305555555555555	0.26111111111111107	0.0	1.5	0.0	2160	candidate_unreleased	False
holdout	helpful_program	6020	program_max_alpha_1	target	0.664594106329634	0.9333333333333333	0.0	0.6305555555555555	0.26111111111111107	1.0	1.5	0.26111111111111107	2160	candidate_unreleased	False
holdout	helpful_program	6020	program_max_alpha_1	reference	0.8944672859640878	0.9489795918367347	0.0	0.6305555555555555	0.26111111111111107	1.0	1.5	0.26111111111111107	2160	candidate_unreleased	False
holdout	helpful_program	6020	program_max_alpha_2	target	0.6566428308800271	0.9333333333333333	0.0	0.6305555555555555	0.26111111111111107	2.0	1.5	0.5222222222222221	2160	candidate_unreleased	False
holdout	helpful_program	6020	program_max_alpha_2	reference	0.8768776161017202	0.9387755102040816	0.0	0.6305555555555555	0.26111111111111107	2.0	1.5	0.5222222222222221	2160	candidate_unreleased	False
holdout	helpful_program	6020	program_max_alpha_4	target	0.721578247051816	0.9555555555555556	0.0	0.6305555555555555	0.26111111111111107	4.0	1.5	1.0444444444444443	2160	candidate_unreleased	False
holdout	helpful_program	6020	program_max_alpha_4	reference	0.8560305999685444	0.9387755102040817	0.0	0.6305555555555555	0.26111111111111107	4.0	1.5	1.0444444444444443	2160	candidate_unreleased	False
holdout	helpful_program	6020	program_max_alpha_6	target	0.7169400030395453	0.9777777777777777	0.0	0.6305555555555555	0.26111111111111107	6.0	1.5	1.5	2160	candidate_unreleased	False
holdout	helpful_program	6020	program_max_alpha_6	reference	0.8573335384768677	0.9285714285714286	0.0	0.6305555555555555	0.26111111111111107	6.0	1.5	1.5	2160	candidate_unreleased	False
holdout	weak_program	6001	program_max_alpha_0	target	0.704276925447741	0.8777777777777778	0.7142857142857143	0.5162037037037037	0.03240740740740744	0.0	1.5	0.0	2160	candidate_unreleased	False
holdout	weak_program	6001	program_max_alpha_0	reference	0.8248429438378709	0.9285714285714286	0.5238095238095238	0.5162037037037037	0.03240740740740744	0.0	1.5	0.0	2160	candidate_unreleased	False
holdout	weak_program	6001	program_max_alpha_1	target	0.6965517081459502	0.8777777777777778	0.0	0.5162037037037037	0.03240740740740744	1.0	1.5	0.03240740740740744	2160	candidate_unreleased	False
holdout	weak_program	6001	program_max_alpha_1	reference	0.8465546819582622	0.9489795918367347	0.0	0.5162037037037037	0.03240740740740744	1.0	1.5	0.03240740740740744	2160	candidate_unreleased	False
holdout	weak_program	6001	program_max_alpha_2	target	0.6965517081459502	0.8777777777777778	0.0	0.5162037037037037	0.03240740740740744	2.0	1.5	0.06481481481481488	2160	candidate_unreleased	False
holdout	weak_program	6001	program_max_alpha_2	reference	0.8465546819582622	0.9489795918367347	0.0	0.5162037037037037	0.03240740740740744	2.0	1.5	0.06481481481481488	2160	candidate_unreleased	False
holdout	weak_program	6001	program_max_alpha_4	target	0.6965517081459502	0.8777777777777778	0.0	0.5162037037037037	0.03240740740740744	4.0	1.5	0.12962962962962976	2160	candidate_unreleased	False
holdout	weak_program	6001	program_max_alpha_4	reference	0.8465546819582622	0.9489795918367347	0.0	0.5162037037037037	0.03240740740740744	4.0	1.5	0.12962962962962976	2160	candidate_unreleased	False
holdout	weak_program	6001	program_max_alpha_6	target	0.6952436298207936	0.8777777777777778	0.0	0.5162037037037037	0.03240740740740744	6.0	1.5	0.19444444444444464	2160	candidate_unreleased	False
holdout	weak_program	6001	program_max_alpha_6	reference	0.8465546819582622	0.9489795918367347	0.0	0.5162037037037037	0.03240740740740744	6.0	1.5	0.19444444444444464	2160	candidate_unreleased	False
holdout	weak_program	6002	program_max_alpha_0	target	0.7396023371234273	0.9111111111111111	0.6190476190476191	0.5300925925925926	0.06018518518518512	0.0	1.5	0.0	2160	candidate_unreleased	False
holdout	weak_program	6002	program_max_alpha_0	reference	0.8119917365259577	0.9388888888888889	0.7142857142857143	0.5300925925925926	0.06018518518518512	0.0	1.5	0.0	2160	candidate_unreleased	False
holdout	weak_program	6002	program_max_alpha_1	target	0.7153132410696055	0.9	0.0	0.5300925925925926	0.06018518518518512	1.0	1.5	0.06018518518518512	2160	candidate_unreleased	False
holdout	weak_program	6002	program_max_alpha_1	reference	0.8290494736027313	0.9555555555555556	0.0	0.5300925925925926	0.06018518518518512	1.0	1.5	0.06018518518518512	2160	candidate_unreleased	False
holdout	weak_program	6002	program_max_alpha_2	target	0.7153132410696055	0.9	0.0	0.5300925925925926	0.06018518518518512	2.0	1.5	0.12037037037037024	2160	candidate_unreleased	False
holdout	weak_program	6002	program_max_alpha_2	reference	0.8290494736027313	0.9555555555555556	0.0	0.5300925925925926	0.06018518518518512	2.0	1.5	0.12037037037037024	2160	candidate_unreleased	False
holdout	weak_program	6002	program_max_alpha_4	target	0.7153132410696055	0.9	0.0	0.5300925925925926	0.06018518518518512	4.0	1.5	0.24074074074074048	2160	candidate_unreleased	False
holdout	weak_program	6002	program_max_alpha_4	reference	0.8283982171427133	0.9555555555555556	0.0	0.5300925925925926	0.06018518518518512	4.0	1.5	0.24074074074074048	2160	candidate_unreleased	False
holdout	weak_program	6002	program_max_alpha_6	target	0.7192220565945759	0.9111111111111112	0.0	0.5300925925925926	0.06018518518518512	6.0	1.5	0.3611111111111107	2160	candidate_unreleased	False
holdout	weak_program	6002	program_max_alpha_6	reference	0.892872606684481	0.9555555555555556	0.0	0.5300925925925926	0.06018518518518512	6.0	1.5	0.3611111111111107	2160	candidate_unreleased	False
holdout	weak_program	6003	program_max_alpha_0	target	0.5309404714726024	0.7	0.7619047619047619	0.5310185185185186	0.06203703703703711	0.0	1.5	0.0	2160	candidate_unreleased	False
holdout	weak_program	6003	program_max_alpha_0	reference	0.8184200320913029	0.8894230769230769	0.5714285714285714	0.5310185185185186	0.06203703703703711	0.0	1.5	0.0	2160	candidate_unreleased	False
holdout	weak_program	6003	program_max_alpha_1	target	0.5642709075004341	0.7333333333333333	0.0	0.5310185185185186	0.06203703703703711	1.0	1.5	0.06203703703703711	2160	candidate_unreleased	False
holdout	weak_program	6003	program_max_alpha_1	reference	0.8343659785646559	0.8942307692307693	0.0	0.5310185185185186	0.06203703703703711	1.0	1.5	0.06203703703703711	2160	candidate_unreleased	False
holdout	weak_program	6003	program_max_alpha_2	target	0.5427934681146045	0.7222222222222222	0.0	0.5310185185185186	0.06203703703703711	2.0	1.5	0.12407407407407423	2160	candidate_unreleased	False
holdout	weak_program	6003	program_max_alpha_2	reference	0.8343659785646559	0.8942307692307693	0.0	0.5310185185185186	0.06203703703703711	2.0	1.5	0.12407407407407423	2160	candidate_unreleased	False
holdout	weak_program	6003	program_max_alpha_4	target	0.5271735121976374	0.7222222222222222	0.0	0.5310185185185186	0.06203703703703711	4.0	1.5	0.24814814814814845	2160	candidate_unreleased	False
holdout	weak_program	6003	program_max_alpha_4	reference	0.8630025644124286	0.9230769230769231	0.0	0.5310185185185186	0.06203703703703711	4.0	1.5	0.24814814814814845	2160	candidate_unreleased	False
holdout	weak_program	6003	program_max_alpha_6	target	0.5310785011768793	0.7333333333333333	0.0	0.5310185185185186	0.06203703703703711	6.0	1.5	0.3722222222222227	2160	candidate_unreleased	False
holdout	weak_program	6003	program_max_alpha_6	reference	0.8617009014193482	0.9230769230769231	0.0	0.5310185185185186	0.06203703703703711	6.0	1.5	0.3722222222222227	2160	candidate_unreleased	False
holdout	weak_program	6004	program_max_alpha_0	target	0.8698771190084931	0.9111111111111111	0.47619047619047616	0.5375	0.07499999999999996	0.0	1.5	0.0	2160	candidate_unreleased	False
holdout	weak_program	6004	program_max_alpha_0	reference	0.5144000097442311	0.7884615384615384	0.9523809523809523	0.5375	0.07499999999999996	0.0	1.5	0.0	2160	candidate_unreleased	False
holdout	weak_program	6004	program_max_alpha_1	target	0.8684638327477042	0.9111111111111112	0.0	0.5375	0.07499999999999996	1.0	1.5	0.07499999999999996	2160	candidate_unreleased	False
holdout	weak_program	6004	program_max_alpha_1	reference	0.49243415548822106	0.7788461538461539	0.0	0.5375	0.07499999999999996	1.0	1.5	0.07499999999999996	2160	candidate_unreleased	False
holdout	weak_program	6004	program_max_alpha_2	target	0.8684638327477042	0.9111111111111112	0.0	0.5375	0.07499999999999996	2.0	1.5	0.1499999999999999	2160	candidate_unreleased	False
holdout	weak_program	6004	program_max_alpha_2	reference	0.49243415548822106	0.7788461538461539	0.0	0.5375	0.07499999999999996	2.0	1.5	0.1499999999999999	2160	candidate_unreleased	False
holdout	weak_program	6004	program_max_alpha_4	target	0.8730107638092105	0.9222222222222223	0.0	0.5375	0.07499999999999996	4.0	1.5	0.2999999999999998	2160	candidate_unreleased	False
holdout	weak_program	6004	program_max_alpha_4	reference	0.4894542211131032	0.7788461538461539	0.0	0.5375	0.07499999999999996	4.0	1.5	0.2999999999999998	2160	candidate_unreleased	False
holdout	weak_program	6004	program_max_alpha_6	target	0.8911984880552358	0.9333333333333333	0.0	0.5375	0.07499999999999996	6.0	1.5	0.44999999999999973	2160	candidate_unreleased	False
holdout	weak_program	6004	program_max_alpha_6	reference	0.5132936961140458	0.7980769230769231	0.0	0.5375	0.07499999999999996	6.0	1.5	0.44999999999999973	2160	candidate_unreleased	False
holdout	weak_program	6005	program_max_alpha_0	target	0.6630693050166813	0.8777777777777778	0.6666666666666666	0.5185185185185185	0.03703703703703698	0.0	1.5	0.0	2160	candidate_unreleased	False
holdout	weak_program	6005	program_max_alpha_0	reference	0.7720711916294127	0.9611111111111112	0.7142857142857143	0.5185185185185185	0.03703703703703698	0.0	1.5	0.0	2160	candidate_unreleased	False
holdout	weak_program	6005	program_max_alpha_1	target	0.661233593366719	0.888888888888889	0.0	0.5185185185185185	0.03703703703703698	1.0	1.5	0.03703703703703698	2160	candidate_unreleased	False
holdout	weak_program	6005	program_max_alpha_1	reference	0.7596869939492077	0.9444444444444444	0.0	0.5185185185185185	0.03703703703703698	1.0	1.5	0.03703703703703698	2160	candidate_unreleased	False
holdout	weak_program	6005	program_max_alpha_2	target	0.661233593366719	0.888888888888889	0.0	0.5185185185185185	0.03703703703703698	2.0	1.5	0.07407407407407396	2160	candidate_unreleased	False
holdout	weak_program	6005	program_max_alpha_2	reference	0.7596869939492077	0.9444444444444444	0.0	0.5185185185185185	0.03703703703703698	2.0	1.5	0.07407407407407396	2160	candidate_unreleased	False
holdout	weak_program	6005	program_max_alpha_4	target	0.661233593366719	0.888888888888889	0.0	0.5185185185185185	0.03703703703703698	4.0	1.5	0.14814814814814792	2160	candidate_unreleased	False
holdout	weak_program	6005	program_max_alpha_4	reference	0.7596869939492077	0.9444444444444444	0.0	0.5185185185185185	0.03703703703703698	4.0	1.5	0.14814814814814792	2160	candidate_unreleased	False
holdout	weak_program	6005	program_max_alpha_6	target	0.6821628465692264	0.9000000000000001	0.0	0.5185185185185185	0.03703703703703698	6.0	1.5	0.22222222222222188	2160	candidate_unreleased	False
holdout	weak_program	6005	program_max_alpha_6	reference	0.7596869939492077	0.9444444444444444	0.0	0.5185185185185185	0.03703703703703698	6.0	1.5	0.22222222222222188	2160	candidate_unreleased	False
holdout	weak_program	6006	program_max_alpha_0	target	0.7711779716633905	0.8444444444444443	0.47619047619047616	0.5527777777777778	0.10555555555555562	0.0	1.5	0.0	2160	candidate_unreleased	False
holdout	weak_program	6006	program_max_alpha_0	reference	0.8548918454763743	0.9777777777777779	0.8095238095238095	0.5527777777777778	0.10555555555555562	0.0	1.5	0.0	2160	candidate_unreleased	False
holdout	weak_program	6006	program_max_alpha_1	target	0.8060065884160004	0.8666666666666667	0.0	0.5527777777777778	0.10555555555555562	1.0	1.5	0.10555555555555562	2160	candidate_unreleased	False
holdout	weak_program	6006	program_max_alpha_1	reference	0.8399883871035332	0.9777777777777777	0.0	0.5527777777777778	0.10555555555555562	1.0	1.5	0.10555555555555562	2160	candidate_unreleased	False
holdout	weak_program	6006	program_max_alpha_2	target	0.8060065884160004	0.8666666666666667	0.0	0.5527777777777778	0.10555555555555562	2.0	1.5	0.21111111111111125	2160	candidate_unreleased	False
holdout	weak_program	6006	program_max_alpha_2	reference	0.8399883871035332	0.9777777777777777	0.0	0.5527777777777778	0.10555555555555562	2.0	1.5	0.21111111111111125	2160	candidate_unreleased	False
holdout	weak_program	6006	program_max_alpha_4	target	0.8086150239772171	0.8666666666666667	0.0	0.5527777777777778	0.10555555555555562	4.0	1.5	0.4222222222222225	2160	candidate_unreleased	False
holdout	weak_program	6006	program_max_alpha_4	reference	0.8445606411546412	0.9888888888888889	0.0	0.5527777777777778	0.10555555555555562	4.0	1.5	0.4222222222222225	2160	candidate_unreleased	False
holdout	weak_program	6006	program_max_alpha_6	target	0.7962249550614372	0.8555555555555556	0.0	0.5527777777777778	0.10555555555555562	6.0	1.5	0.6333333333333337	2160	candidate_unreleased	False
holdout	weak_program	6006	program_max_alpha_6	reference	0.8158207585476774	0.9888888888888889	0.0	0.5527777777777778	0.10555555555555562	6.0	1.5	0.6333333333333337	2160	candidate_unreleased	False
holdout	weak_program	6007	program_max_alpha_0	target	0.783343959508178	0.9611111111111111	0.6666666666666666	0.5370370370370371	0.07407407407407418	0.0	1.5	0.0	2160	candidate_unreleased	False
holdout	weak_program	6007	program_max_alpha_0	reference	0.7319866264489236	0.8055555555555556	0.6190476190476191	0.5370370370370371	0.07407407407407418	0.0	1.5	0.0	2160	candidate_unreleased	False
holdout	weak_program	6007	program_max_alpha_1	target	0.7983137565761425	0.9777777777777777	0.0	0.5370370370370371	0.07407407407407418	1.0	1.5	0.07407407407407418	2160	candidate_unreleased	False
holdout	weak_program	6007	program_max_alpha_1	reference	0.7360214285535736	0.8111111111111111	0.0	0.5370370370370371	0.07407407407407418	1.0	1.5	0.07407407407407418	2160	candidate_unreleased	False
holdout	weak_program	6007	program_max_alpha_2	target	0.8035357598898047	0.9888888888888889	0.0	0.5370370370370371	0.07407407407407418	2.0	1.5	0.14814814814814836	2160	candidate_unreleased	False
holdout	weak_program	6007	program_max_alpha_2	reference	0.7360214285535736	0.8111111111111111	0.0	0.5370370370370371	0.07407407407407418	2.0	1.5	0.14814814814814836	2160	candidate_unreleased	False
holdout	weak_program	6007	program_max_alpha_4	target	0.8178962690023764	1.0	0.0	0.5370370370370371	0.07407407407407418	4.0	1.5	0.2962962962962967	2160	candidate_unreleased	False
holdout	weak_program	6007	program_max_alpha_4	reference	0.7418731890279395	0.8	0.0	0.5370370370370371	0.07407407407407418	4.0	1.5	0.2962962962962967	2160	candidate_unreleased	False
holdout	weak_program	6007	program_max_alpha_6	target	0.8178962690023764	1.0	0.0	0.5370370370370371	0.07407407407407418	6.0	1.5	0.4444444444444451	2160	candidate_unreleased	False
holdout	weak_program	6007	program_max_alpha_6	reference	0.7464245582857796	0.8	0.0	0.5370370370370371	0.07407407407407418	6.0	1.5	0.4444444444444451	2160	candidate_unreleased	False
holdout	weak_program	6008	program_max_alpha_0	target	0.8111328160966383	0.8777777777777778	0.6666666666666666	0.5347222222222222	0.06944444444444442	0.0	1.5	0.0	2160	candidate_unreleased	False
holdout	weak_program	6008	program_max_alpha_0	reference	0.8252794538657718	0.8622448979591836	0.42857142857142855	0.5347222222222222	0.06944444444444442	0.0	1.5	0.0	2160	candidate_unreleased	False
holdout	weak_program	6008	program_max_alpha_1	target	0.8177111060672079	0.888888888888889	0.0	0.5347222222222222	0.06944444444444442	1.0	1.5	0.06944444444444442	2160	candidate_unreleased	False
holdout	weak_program	6008	program_max_alpha_1	reference	0.8122158959570088	0.8571428571428571	0.0	0.5347222222222222	0.06944444444444442	1.0	1.5	0.06944444444444442	2160	candidate_unreleased	False
holdout	weak_program	6008	program_max_alpha_2	target	0.8177111060672079	0.888888888888889	0.0	0.5347222222222222	0.06944444444444442	2.0	1.5	0.13888888888888884	2160	candidate_unreleased	False
holdout	weak_program	6008	program_max_alpha_2	reference	0.8122158959570088	0.8571428571428571	0.0	0.5347222222222222	0.06944444444444442	2.0	1.5	0.13888888888888884	2160	candidate_unreleased	False
holdout	weak_program	6008	program_max_alpha_4	target	0.8274767641810679	0.9000000000000001	0.0	0.5347222222222222	0.06944444444444442	4.0	1.5	0.2777777777777777	2160	candidate_unreleased	False
holdout	weak_program	6008	program_max_alpha_4	reference	0.7732295329510724	0.8163265306122448	0.0	0.5347222222222222	0.06944444444444442	4.0	1.5	0.2777777777777777	2160	candidate_unreleased	False
holdout	weak_program	6008	program_max_alpha_6	target	0.8398465977919571	0.9111111111111112	0.0	0.5347222222222222	0.06944444444444442	6.0	1.5	0.4166666666666665	2160	candidate_unreleased	False
holdout	weak_program	6008	program_max_alpha_6	reference	0.74398976069662	0.7857142857142857	0.0	0.5347222222222222	0.06944444444444442	6.0	1.5	0.4166666666666665	2160	candidate_unreleased	False
holdout	weak_program	6009	program_max_alpha_0	target	0.7932867543014948	0.9777777777777779	0.5714285714285714	0.5356481481481481	0.07129629629629619	0.0	1.5	0.0	2160	candidate_unreleased	False
holdout	weak_program	6009	program_max_alpha_0	reference	0.8351865749609714	1.0	0.6666666666666666	0.5356481481481481	0.07129629629629619	0.0	1.5	0.0	2160	candidate_unreleased	False
holdout	weak_program	6009	program_max_alpha_1	target	0.800519987055228	0.9777777777777779	0.0	0.5356481481481481	0.07129629629629619	1.0	1.5	0.07129629629629619	2160	candidate_unreleased	False
holdout	weak_program	6009	program_max_alpha_1	reference	0.848864438172765	1.0	0.0	0.5356481481481481	0.07129629629629619	1.0	1.5	0.07129629629629619	2160	candidate_unreleased	False
holdout	weak_program	6009	program_max_alpha_2	target	0.800519987055228	0.9777777777777779	0.0	0.5356481481481481	0.07129629629629619	2.0	1.5	0.14259259259259238	2160	candidate_unreleased	False
holdout	weak_program	6009	program_max_alpha_2	reference	0.848864438172765	1.0	0.0	0.5356481481481481	0.07129629629629619	2.0	1.5	0.14259259259259238	2160	candidate_unreleased	False
holdout	weak_program	6009	program_max_alpha_4	target	0.7842756691360878	0.9777777777777779	0.0	0.5356481481481481	0.07129629629629619	4.0	1.5	0.28518518518518476	2160	candidate_unreleased	False
holdout	weak_program	6009	program_max_alpha_4	reference	0.8501673766810885	1.0	0.0	0.5356481481481481	0.07129629629629619	4.0	1.5	0.28518518518518476	2160	candidate_unreleased	False
holdout	weak_program	6009	program_max_alpha_6	target	0.764132714916354	0.9777777777777779	0.0	0.5356481481481481	0.07129629629629619	6.0	1.5	0.42777777777777715	2160	candidate_unreleased	False
holdout	weak_program	6009	program_max_alpha_6	reference	0.8514703151894121	1.0	0.0	0.5356481481481481	0.07129629629629619	6.0	1.5	0.42777777777777715	2160	candidate_unreleased	False
holdout	weak_program	6010	program_max_alpha_0	target	0.7656903631744603	0.8722222222222221	0.42857142857142855	0.5453703703703704	0.09074074074074079	0.0	1.5	0.0	2160	candidate_unreleased	False
holdout	weak_program	6010	program_max_alpha_0	reference	0.7132194524168254	0.9777777777777777	0.6190476190476191	0.5453703703703704	0.09074074074074079	0.0	1.5	0.0	2160	candidate_unreleased	False
holdout	weak_program	6010	program_max_alpha_1	target	0.775935985110051	0.9	0.0	0.5453703703703704	0.09074074074074079	1.0	1.5	0.09074074074074079	2160	candidate_unreleased	False
holdout	weak_program	6010	program_max_alpha_1	reference	0.7046662653019126	0.9666666666666667	0.0	0.5453703703703704	0.09074074074074079	1.0	1.5	0.09074074074074079	2160	candidate_unreleased	False
holdout	weak_program	6010	program_max_alpha_2	target	0.775935985110051	0.9	0.0	0.5453703703703704	0.09074074074074079	2.0	1.5	0.18148148148148158	2160	candidate_unreleased	False
holdout	weak_program	6010	program_max_alpha_2	reference	0.7132196373363896	0.9666666666666667	0.0	0.5453703703703704	0.09074074074074079	2.0	1.5	0.18148148148148158	2160	candidate_unreleased	False
holdout	weak_program	6010	program_max_alpha_4	target	0.8032530943930535	0.9111111111111112	0.0	0.5453703703703704	0.09074074074074079	4.0	1.5	0.36296296296296315	2160	candidate_unreleased	False
holdout	weak_program	6010	program_max_alpha_4	reference	0.7244048161507056	0.9666666666666667	0.0	0.5453703703703704	0.09074074074074079	4.0	1.5	0.36296296296296315	2160	candidate_unreleased	False
holdout	weak_program	6010	program_max_alpha_6	target	0.7967490207542434	0.9222222222222223	0.0	0.5453703703703704	0.09074074074074079	6.0	1.5	0.5444444444444447	2160	candidate_unreleased	False
holdout	weak_program	6010	program_max_alpha_6	reference	0.7053242169968723	0.9666666666666667	0.0	0.5453703703703704	0.09074074074074079	6.0	1.5	0.5444444444444447	2160	candidate_unreleased	False
holdout	weak_program	6011	program_max_alpha_0	target	0.8234362271118846	0.8622448979591836	0.38095238095238093	0.5625	0.125	0.0	1.5	0.0	2160	candidate_unreleased	False
holdout	weak_program	6011	program_max_alpha_0	reference	0.6356822109141241	0.7222222222222222	0.6190476190476191	0.5625	0.125	0.0	1.5	0.0	2160	candidate_unreleased	False
holdout	weak_program	6011	program_max_alpha_1	target	0.8302997917516903	0.8775510204081631	0.0	0.5625	0.125	1.0	1.5	0.125	2160	candidate_unreleased	False
holdout	weak_program	6011	program_max_alpha_1	reference	0.6445536976060859	0.7333333333333334	0.0	0.5625	0.125	1.0	1.5	0.125	2160	candidate_unreleased	False
holdout	weak_program	6011	program_max_alpha_2	target	0.8237978356690616	0.8877551020408163	0.0	0.5625	0.125	2.0	1.5	0.25	2160	candidate_unreleased	False
holdout	weak_program	6011	program_max_alpha_2	reference	0.6406512534227998	0.7333333333333334	0.0	0.5625	0.125	2.0	1.5	0.25	2160	candidate_unreleased	False
holdout	weak_program	6011	program_max_alpha_4	target	0.8081931410707527	0.8775510204081632	0.0	0.5625	0.125	4.0	1.5	0.5	2160	candidate_unreleased	False
holdout	weak_program	6011	program_max_alpha_4	reference	0.648456141789372	0.7333333333333334	0.0	0.5625	0.125	4.0	1.5	0.5	2160	candidate_unreleased	False
holdout	weak_program	6011	program_max_alpha_6	target	0.832250378576479	0.9183673469387754	0.0	0.5625	0.125	6.0	1.5	0.75	2160	candidate_unreleased	False
holdout	weak_program	6011	program_max_alpha_6	reference	0.6458545123338479	0.7333333333333334	0.0	0.5625	0.125	6.0	1.5	0.75	2160	candidate_unreleased	False
holdout	weak_program	6012	program_max_alpha_0	target	0.9392812773843643	0.9666666666666667	0.6190476190476191	0.5305555555555556	0.061111111111111116	0.0	1.5	0.0	2160	candidate_unreleased	False
holdout	weak_program	6012	program_max_alpha_0	reference	0.5142207234261775	0.6944444444444444	0.5714285714285714	0.5305555555555556	0.061111111111111116	0.0	1.5	0.0	2160	candidate_unreleased	False
holdout	weak_program	6012	program_max_alpha_1	target	0.9496267106905019	0.9666666666666667	0.0	0.5305555555555556	0.061111111111111116	1.0	1.5	0.061111111111111116	2160	candidate_unreleased	False
holdout	weak_program	6012	program_max_alpha_1	reference	0.5551764364151387	0.7222222222222222	0.0	0.5305555555555556	0.061111111111111116	1.0	1.5	0.061111111111111116	2160	candidate_unreleased	False
holdout	weak_program	6012	program_max_alpha_2	target	0.9496267106905019	0.9666666666666667	0.0	0.5305555555555556	0.061111111111111116	2.0	1.5	0.12222222222222223	2160	candidate_unreleased	False
holdout	weak_program	6012	program_max_alpha_2	reference	0.5551764364151387	0.7222222222222222	0.0	0.5305555555555556	0.061111111111111116	2.0	1.5	0.12222222222222223	2160	candidate_unreleased	False
holdout	weak_program	6012	program_max_alpha_4	target	0.9463767903938198	0.9666666666666667	0.0	0.5305555555555556	0.061111111111111116	4.0	1.5	0.24444444444444446	2160	candidate_unreleased	False
holdout	weak_program	6012	program_max_alpha_4	reference	0.5551764364151387	0.7222222222222222	0.0	0.5305555555555556	0.061111111111111116	4.0	1.5	0.24444444444444446	2160	candidate_unreleased	False
holdout	weak_program	6012	program_max_alpha_6	target	0.9346770773257644	0.9666666666666667	0.0	0.5305555555555556	0.061111111111111116	6.0	1.5	0.3666666666666667	2160	candidate_unreleased	False
holdout	weak_program	6012	program_max_alpha_6	reference	0.5379719222950033	0.7222222222222222	0.0	0.5305555555555556	0.061111111111111116	6.0	1.5	0.3666666666666667	2160	candidate_unreleased	False
holdout	weak_program	6013	program_max_alpha_0	target	0.8390346093994814	0.9888888888888889	0.6190476190476191	0.5472222222222223	0.09444444444444455	0.0	1.5	0.0	2160	candidate_unreleased	False
holdout	weak_program	6013	program_max_alpha_0	reference	0.8733312087886816	0.9277777777777777	0.38095238095238093	0.5472222222222223	0.09444444444444455	0.0	1.5	0.0	2160	candidate_unreleased	False
holdout	weak_program	6013	program_max_alpha_1	target	0.8633152237197323	0.9777777777777779	0.0	0.5472222222222223	0.09444444444444455	1.0	1.5	0.09444444444444455	2160	candidate_unreleased	False
holdout	weak_program	6013	program_max_alpha_1	reference	0.8754483117838462	0.9333333333333333	0.0	0.5472222222222223	0.09444444444444455	1.0	1.5	0.09444444444444455	2160	candidate_unreleased	False
holdout	weak_program	6013	program_max_alpha_2	target	0.8633152237197323	0.9777777777777779	0.0	0.5472222222222223	0.09444444444444455	2.0	1.5	0.1888888888888891	2160	candidate_unreleased	False
holdout	weak_program	6013	program_max_alpha_2	reference	0.8773995338754893	0.9333333333333333	0.0	0.5472222222222223	0.09444444444444455	2.0	1.5	0.1888888888888891	2160	candidate_unreleased	False
holdout	weak_program	6013	program_max_alpha_4	target	0.8738354396980382	0.9777777777777779	0.0	0.5472222222222223	0.09444444444444455	4.0	1.5	0.3777777777777782	2160	candidate_unreleased	False
holdout	weak_program	6013	program_max_alpha_4	reference	0.8747979044199652	0.9555555555555556	0.0	0.5472222222222223	0.09444444444444455	4.0	1.5	0.3777777777777782	2160	candidate_unreleased	False
holdout	weak_program	6013	program_max_alpha_6	target	0.8521374942427821	0.9666666666666667	0.0	0.5472222222222223	0.09444444444444455	6.0	1.5	0.5666666666666673	2160	candidate_unreleased	False
holdout	weak_program	6013	program_max_alpha_6	reference	0.8819523854226563	0.9666666666666667	0.0	0.5472222222222223	0.09444444444444455	6.0	1.5	0.5666666666666673	2160	candidate_unreleased	False
holdout	weak_program	6014	program_max_alpha_0	target	0.8479157430750657	0.8500000000000001	0.5238095238095238	0.5421296296296296	0.08425925925925926	0.0	1.5	0.0	2160	candidate_unreleased	False
holdout	weak_program	6014	program_max_alpha_0	reference	0.6489057377008981	0.7555555555555555	0.7619047619047619	0.5421296296296296	0.08425925925925926	0.0	1.5	0.0	2160	candidate_unreleased	False
holdout	weak_program	6014	program_max_alpha_1	target	0.8501791496120306	0.8666666666666667	0.0	0.5421296296296296	0.08425925925925926	1.0	1.5	0.08425925925925926	2160	candidate_unreleased	False
holdout	weak_program	6014	program_max_alpha_1	reference	0.6347677774008978	0.7555555555555555	0.0	0.5421296296296296	0.08425925925925926	1.0	1.5	0.08425925925925926	2160	candidate_unreleased	False
holdout	weak_program	6014	program_max_alpha_2	target	0.8501791496120306	0.8666666666666667	0.0	0.5421296296296296	0.08425925925925926	2.0	1.5	0.1685185185185185	2160	candidate_unreleased	False
holdout	weak_program	6014	program_max_alpha_2	reference	0.6315125580296111	0.7555555555555555	0.0	0.5421296296296296	0.08425925925925926	2.0	1.5	0.1685185185185185	2160	candidate_unreleased	False
holdout	weak_program	6014	program_max_alpha_4	target	0.86837870327345	0.8777777777777779	0.0	0.5421296296296296	0.08425925925925926	4.0	1.5	0.337037037037037	2160	candidate_unreleased	False
holdout	weak_program	6014	program_max_alpha_4	reference	0.5989603643167446	0.7444444444444445	0.0	0.5421296296296296	0.08425925925925926	4.0	1.5	0.337037037037037	2160	candidate_unreleased	False
holdout	weak_program	6014	program_max_alpha_6	target	0.8859282728755333	0.9111111111111112	0.0	0.5421296296296296	0.08425925925925926	6.0	1.5	0.5055555555555555	2160	candidate_unreleased	False
holdout	weak_program	6014	program_max_alpha_6	reference	0.5768248725919954	0.7333333333333334	0.0	0.5421296296296296	0.08425925925925926	6.0	1.5	0.5055555555555555	2160	candidate_unreleased	False
holdout	weak_program	6015	program_max_alpha_0	target	0.6417177185062484	0.8555555555555556	0.6190476190476191	0.5587962962962963	0.11759259259259269	0.0	1.5	0.0	2160	candidate_unreleased	False
holdout	weak_program	6015	program_max_alpha_0	reference	0.7552165680804018	0.9888888888888889	0.38095238095238093	0.5587962962962963	0.11759259259259269	0.0	1.5	0.0	2160	candidate_unreleased	False
holdout	weak_program	6015	program_max_alpha_1	target	0.6594868990576312	0.8777777777777779	0.0	0.5587962962962963	0.11759259259259269	1.0	1.5	0.11759259259259269	2160	candidate_unreleased	False
holdout	weak_program	6015	program_max_alpha_1	reference	0.7715310784323244	1.0	0.0	0.5587962962962963	0.11759259259259269	1.0	1.5	0.11759259259259269	2160	candidate_unreleased	False
holdout	weak_program	6015	program_max_alpha_2	target	0.6745496584204173	0.888888888888889	0.0	0.5587962962962963	0.11759259259259269	2.0	1.5	0.23518518518518539	2160	candidate_unreleased	False
holdout	weak_program	6015	program_max_alpha_2	reference	0.7708810943729879	1.0	0.0	0.5587962962962963	0.11759259259259269	2.0	1.5	0.23518518518518539	2160	candidate_unreleased	False
holdout	weak_program	6015	program_max_alpha_4	target	0.692232028107166	0.9	0.0	0.5587962962962963	0.11759259259259269	4.0	1.5	0.47037037037037077	2160	candidate_unreleased	False
holdout	weak_program	6015	program_max_alpha_4	reference	0.7981804248651174	1.0	0.0	0.5587962962962963	0.11759259259259269	4.0	1.5	0.47037037037037077	2160	candidate_unreleased	False
holdout	weak_program	6015	program_max_alpha_6	target	0.7158085210228312	0.9	0.0	0.5587962962962963	0.11759259259259269	6.0	1.5	0.7055555555555562	2160	candidate_unreleased	False
holdout	weak_program	6015	program_max_alpha_6	reference	0.792980552390426	1.0	0.0	0.5587962962962963	0.11759259259259269	6.0	1.5	0.7055555555555562	2160	candidate_unreleased	False
holdout	weak_program	6016	program_max_alpha_0	target	0.7930021316681111	0.8833333333333333	0.6666666666666666	0.5342592592592592	0.06851851851851842	0.0	1.5	0.0	2160	candidate_unreleased	False
holdout	weak_program	6016	program_max_alpha_0	reference	0.7369282619779445	0.9888888888888888	0.6190476190476191	0.5342592592592592	0.06851851851851842	0.0	1.5	0.0	2160	candidate_unreleased	False
holdout	weak_program	6016	program_max_alpha_1	target	0.7980498363481481	0.8888888888888888	0.0	0.5342592592592592	0.06851851851851842	1.0	1.5	0.06851851851851842	2160	candidate_unreleased	False
holdout	weak_program	6016	program_max_alpha_1	reference	0.7403110439857227	1.0	0.0	0.5342592592592592	0.06851851851851842	1.0	1.5	0.06851851851851842	2160	candidate_unreleased	False
holdout	weak_program	6016	program_max_alpha_2	target	0.7980498363481481	0.8888888888888888	0.0	0.5342592592592592	0.06851851851851842	2.0	1.5	0.13703703703703685	2160	candidate_unreleased	False
holdout	weak_program	6016	program_max_alpha_2	reference	0.741614408499782	1.0	0.0	0.5342592592592592	0.06851851851851842	2.0	1.5	0.13703703703703685	2160	candidate_unreleased	False
holdout	weak_program	6016	program_max_alpha_4	target	0.7993527748564716	0.8888888888888888	0.0	0.5342592592592592	0.06851851851851842	4.0	1.5	0.2740740740740737	2160	candidate_unreleased	False
holdout	weak_program	6016	program_max_alpha_4	reference	0.7442211375279006	1.0	0.0	0.5342592592592592	0.06851851851851842	4.0	1.5	0.2740740740740737	2160	candidate_unreleased	False
holdout	weak_program	6016	program_max_alpha_6	target	0.7915351438065306	0.8777777777777778	0.0	0.5342592592592592	0.06851851851851842	6.0	1.5	0.41111111111111054	2160	candidate_unreleased	False
holdout	weak_program	6016	program_max_alpha_6	reference	0.7442211375279006	1.0	0.0	0.5342592592592592	0.06851851851851842	6.0	1.5	0.41111111111111054	2160	candidate_unreleased	False
holdout	weak_program	6017	program_max_alpha_0	target	0.7285484729681175	0.9336734693877551	0.6190476190476191	0.5208333333333334	0.04166666666666674	0.0	1.5	0.0	2160	candidate_unreleased	False
holdout	weak_program	6017	program_max_alpha_0	reference	0.8695173569631643	1.0	0.5238095238095238	0.5208333333333334	0.04166666666666674	0.0	1.5	0.0	2160	candidate_unreleased	False
holdout	weak_program	6017	program_max_alpha_1	target	0.7260911684048386	0.9387755102040817	0.0	0.5208333333333334	0.04166666666666674	1.0	1.5	0.04166666666666674	2160	candidate_unreleased	False
holdout	weak_program	6017	program_max_alpha_1	reference	0.8751043995298418	1.0	0.0	0.5208333333333334	0.04166666666666674	1.0	1.5	0.04166666666666674	2160	candidate_unreleased	False
holdout	weak_program	6017	program_max_alpha_2	target	0.7260911684048386	0.9387755102040817	0.0	0.5208333333333334	0.04166666666666674	2.0	1.5	0.08333333333333348	2160	candidate_unreleased	False
holdout	weak_program	6017	program_max_alpha_2	reference	0.8751043995298418	1.0	0.0	0.5208333333333334	0.04166666666666674	2.0	1.5	0.08333333333333348	2160	candidate_unreleased	False
holdout	weak_program	6017	program_max_alpha_4	target	0.7260911684048386	0.9387755102040817	0.0	0.5208333333333334	0.04166666666666674	4.0	1.5	0.16666666666666696	2160	candidate_unreleased	False
holdout	weak_program	6017	program_max_alpha_4	reference	0.87183420371695	1.0	0.0	0.5208333333333334	0.04166666666666674	4.0	1.5	0.16666666666666696	2160	candidate_unreleased	False
holdout	weak_program	6017	program_max_alpha_6	target	0.7410554129149741	0.9489795918367347	0.0	0.5208333333333334	0.04166666666666674	6.0	1.5	0.25000000000000044	2160	candidate_unreleased	False
holdout	weak_program	6017	program_max_alpha_6	reference	0.8751043995298418	1.0	0.0	0.5208333333333334	0.04166666666666674	6.0	1.5	0.25000000000000044	2160	candidate_unreleased	False
holdout	weak_program	6018	program_max_alpha_0	target	0.7374454327361658	0.8877551020408164	0.5714285714285714	0.5361111111111111	0.07222222222222219	0.0	1.5	0.0	2160	candidate_unreleased	False
holdout	weak_program	6018	program_max_alpha_0	reference	0.5895969743600804	0.7055555555555556	0.5714285714285714	0.5361111111111111	0.07222222222222219	0.0	1.5	0.0	2160	candidate_unreleased	False
holdout	weak_program	6018	program_max_alpha_1	target	0.7773809349663521	0.9081632653061225	0.0	0.5361111111111111	0.07222222222222219	1.0	1.5	0.07222222222222219	2160	candidate_unreleased	False
holdout	weak_program	6018	program_max_alpha_1	reference	0.5946009638118663	0.7222222222222222	0.0	0.5361111111111111	0.07222222222222219	1.0	1.5	0.07222222222222219	2160	candidate_unreleased	False
holdout	weak_program	6018	program_max_alpha_2	target	0.7858307277377254	0.9081632653061225	0.0	0.5361111111111111	0.07222222222222219	2.0	1.5	0.14444444444444438	2160	candidate_unreleased	False
holdout	weak_program	6018	program_max_alpha_2	reference	0.6058198499215242	0.7222222222222222	0.0	0.5361111111111111	0.07222222222222219	2.0	1.5	0.14444444444444438	2160	candidate_unreleased	False
holdout	weak_program	6018	program_max_alpha_4	target	0.7942805205090989	0.9183673469387755	0.0	0.5361111111111111	0.07222222222222219	4.0	1.5	0.28888888888888875	2160	candidate_unreleased	False
holdout	weak_program	6018	program_max_alpha_4	reference	0.6229781463245303	0.7444444444444445	0.0	0.5361111111111111	0.07222222222222219	4.0	1.5	0.28888888888888875	2160	candidate_unreleased	False
holdout	weak_program	6018	program_max_alpha_6	target	0.7851807436783891	0.9183673469387755	0.0	0.5361111111111111	0.07222222222222219	6.0	1.5	0.4333333333333331	2160	candidate_unreleased	False
holdout	weak_program	6018	program_max_alpha_6	reference	0.6176986705082207	0.7333333333333334	0.0	0.5361111111111111	0.07222222222222219	6.0	1.5	0.4333333333333331	2160	candidate_unreleased	False
holdout	weak_program	6019	program_max_alpha_0	target	0.5737857821642911	0.8166666666666667	0.5238095238095238	0.5328703703703703	0.06574074074074066	0.0	1.5	0.0	2160	candidate_unreleased	False
holdout	weak_program	6019	program_max_alpha_0	reference	0.8780250406304652	1.0	0.47619047619047616	0.5328703703703703	0.06574074074074066	0.0	1.5	0.0	2160	candidate_unreleased	False
holdout	weak_program	6019	program_max_alpha_1	target	0.5858228858177714	0.8222222222222222	0.0	0.5328703703703703	0.06574074074074066	1.0	1.5	0.06574074074074066	2160	candidate_unreleased	False
holdout	weak_program	6019	program_max_alpha_1	reference	0.878103196693289	1.0	0.0	0.5328703703703703	0.06574074074074066	1.0	1.5	0.06574074074074066	2160	candidate_unreleased	False
holdout	weak_program	6019	program_max_alpha_2	target	0.5858228858177714	0.8222222222222222	0.0	0.5328703703703703	0.06574074074074066	2.0	1.5	0.1314814814814813	2160	candidate_unreleased	False
holdout	weak_program	6019	program_max_alpha_2	reference	0.878103196693289	1.0	0.0	0.5328703703703703	0.06574074074074066	2.0	1.5	0.1314814814814813	2160	candidate_unreleased	False
holdout	weak_program	6019	program_max_alpha_4	target	0.5905581747331576	0.8333333333333334	0.0	0.5328703703703703	0.06574074074074066	4.0	1.5	0.2629629629629626	2160	candidate_unreleased	False
holdout	weak_program	6019	program_max_alpha_4	reference	0.8878816287277354	1.0	0.0	0.5328703703703703	0.06574074074074066	4.0	1.5	0.2629629629629626	2160	candidate_unreleased	False
holdout	weak_program	6019	program_max_alpha_6	target	0.6406169432672396	0.8555555555555555	0.0	0.5328703703703703	0.06574074074074066	6.0	1.5	0.39444444444444393	2160	candidate_unreleased	False
holdout	weak_program	6019	program_max_alpha_6	reference	0.891793001541514	1.0	0.0	0.5328703703703703	0.06574074074074066	6.0	1.5	0.39444444444444393	2160	candidate_unreleased	False
holdout	weak_program	6020	program_max_alpha_0	target	0.6506109865996211	0.9166666666666667	0.6666666666666666	0.5444444444444444	0.0888888888888888	0.0	1.5	0.0	2160	candidate_unreleased	False
holdout	weak_program	6020	program_max_alpha_0	reference	0.8833714943791561	0.9540816326530611	0.6190476190476191	0.5444444444444444	0.0888888888888888	0.0	1.5	0.0	2160	candidate_unreleased	False
holdout	weak_program	6020	program_max_alpha_1	target	0.6294759730938706	0.9111111111111112	0.0	0.5444444444444444	0.0888888888888888	1.0	1.5	0.0888888888888888	2160	candidate_unreleased	False
holdout	weak_program	6020	program_max_alpha_1	reference	0.8788320238642057	0.9489795918367346	0.0	0.5444444444444444	0.0888888888888888	1.0	1.5	0.0888888888888888	2160	candidate_unreleased	False
holdout	weak_program	6020	program_max_alpha_2	target	0.6294759730938706	0.9111111111111112	0.0	0.5444444444444444	0.0888888888888888	2.0	1.5	0.1777777777777776	2160	candidate_unreleased	False
holdout	weak_program	6020	program_max_alpha_2	reference	0.8788320238642057	0.9489795918367346	0.0	0.5444444444444444	0.0888888888888888	2.0	1.5	0.1777777777777776	2160	candidate_unreleased	False
holdout	weak_program	6020	program_max_alpha_4	target	0.6520045868677566	0.9222222222222223	0.0	0.5444444444444444	0.0888888888888888	4.0	1.5	0.3555555555555552	2160	candidate_unreleased	False
holdout	weak_program	6020	program_max_alpha_4	reference	0.8710143928142647	0.9489795918367346	0.0	0.5444444444444444	0.0888888888888888	4.0	1.5	0.3555555555555552	2160	candidate_unreleased	False
holdout	weak_program	6020	program_max_alpha_6	target	0.664594106329634	0.9222222222222223	0.0	0.5444444444444444	0.0888888888888888	6.0	1.5	0.5333333333333328	2160	candidate_unreleased	False
holdout	weak_program	6020	program_max_alpha_6	reference	0.8605908847476764	0.9489795918367346	0.0	0.5444444444444444	0.0888888888888888	6.0	1.5	0.5333333333333328	2160	candidate_unreleased	False
holdout	missing_helpful_program	6001	program_max_alpha_0	target	0.704276925447741	0.8777777777777778	0.7142857142857143	0.6145339652448657	0.2290679304897314	0.0	1.5	0.0	1266	candidate_unreleased	False
holdout	missing_helpful_program	6001	program_max_alpha_0	reference	0.8248429438378709	0.9285714285714286	0.5238095238095238	0.6145339652448657	0.2290679304897314	0.0	1.5	0.0	1266	candidate_unreleased	False
holdout	missing_helpful_program	6001	program_max_alpha_1	target	0.7240213529742412	0.888888888888889	0.0	0.6145339652448657	0.2290679304897314	1.0	1.5	0.2290679304897314	1266	candidate_unreleased	False
holdout	missing_helpful_program	6001	program_max_alpha_1	reference	0.8485052687830509	0.9387755102040817	0.0	0.6145339652448657	0.2290679304897314	1.0	1.5	0.2290679304897314	1266	candidate_unreleased	False
holdout	missing_helpful_program	6001	program_max_alpha_2	target	0.7318698229251815	0.888888888888889	0.0	0.6145339652448657	0.2290679304897314	2.0	1.5	0.4581358609794628	1266	candidate_unreleased	False
holdout	missing_helpful_program	6001	program_max_alpha_2	reference	0.862159376556571	0.9387755102040817	0.0	0.6145339652448657	0.2290679304897314	2.0	1.5	0.4581358609794628	1266	candidate_unreleased	False
holdout	missing_helpful_program	6001	program_max_alpha_4	target	0.7155188438607226	0.8666666666666667	0.0	0.6145339652448657	0.2290679304897314	4.0	1.5	0.9162717219589256	1266	candidate_unreleased	False
holdout	missing_helpful_program	6001	program_max_alpha_4	reference	0.8894675921036119	0.979591836734694	0.0	0.6145339652448657	0.2290679304897314	4.0	1.5	0.9162717219589256	1266	candidate_unreleased	False
holdout	missing_helpful_program	6001	program_max_alpha_6	target	0.6893572773575883	0.8111111111111111	0.0	0.6145339652448657	0.2290679304897314	6.0	1.5	1.3744075829383884	1266	candidate_unreleased	False
holdout	missing_helpful_program	6001	program_max_alpha_6	reference	0.8927185701449264	0.979591836734694	0.0	0.6145339652448657	0.2290679304897314	6.0	1.5	1.3744075829383884	1266	candidate_unreleased	False
holdout	missing_helpful_program	6002	program_max_alpha_0	target	0.7396023371234273	0.9111111111111111	0.6190476190476191	0.6119528619528619	0.22390572390572383	0.0	1.5	0.0	1188	candidate_unreleased	False
holdout	missing_helpful_program	6002	program_max_alpha_0	reference	0.8119917365259577	0.9388888888888889	0.7142857142857143	0.6119528619528619	0.22390572390572383	0.0	1.5	0.0	1188	candidate_unreleased	False
holdout	missing_helpful_program	6002	program_max_alpha_1	target	0.7231308721195465	0.9	0.0	0.6119528619528619	0.22390572390572383	1.0	1.5	0.22390572390572383	1188	candidate_unreleased	False
holdout	missing_helpful_program	6002	program_max_alpha_1	reference	0.8511921932433384	0.9555555555555556	0.0	0.6119528619528619	0.22390572390572383	1.0	1.5	0.22390572390572383	1188	candidate_unreleased	False
holdout	missing_helpful_program	6002	program_max_alpha_2	target	0.764173435131737	0.9333333333333333	0.0	0.6119528619528619	0.22390572390572383	2.0	1.5	0.44781144781144766	1188	candidate_unreleased	False
holdout	missing_helpful_program	6002	program_max_alpha_2	reference	0.8759399387240169	0.9555555555555556	0.0	0.6119528619528619	0.22390572390572383	2.0	1.5	0.44781144781144766	1188	candidate_unreleased	False
holdout	missing_helpful_program	6002	program_max_alpha_4	target	0.7583102118442812	0.9333333333333333	0.0	0.6119528619528619	0.22390572390572383	4.0	1.5	0.8956228956228953	1188	candidate_unreleased	False
holdout	missing_helpful_program	6002	program_max_alpha_4	reference	0.8746374258039811	0.9777777777777779	0.0	0.6119528619528619	0.22390572390572383	4.0	1.5	0.8956228956228953	1188	candidate_unreleased	False
holdout	missing_helpful_program	6002	program_max_alpha_6	target	0.7472352345235314	0.9333333333333333	0.0	0.6119528619528619	0.22390572390572383	6.0	1.5	1.343434343434343	1188	candidate_unreleased	False
holdout	missing_helpful_program	6002	program_max_alpha_6	reference	0.8108142927222312	0.9777777777777779	0.0	0.6119528619528619	0.22390572390572383	6.0	1.5	1.343434343434343	1188	candidate_unreleased	False
holdout	missing_helpful_program	6003	program_max_alpha_0	target	0.5309404714726024	0.7	0.7619047619047619	0.6492063492063492	0.29841269841269846	0.0	1.5	0.0	1260	candidate_unreleased	False
holdout	missing_helpful_program	6003	program_max_alpha_0	reference	0.8184200320913029	0.8894230769230769	0.5714285714285714	0.6492063492063492	0.29841269841269846	0.0	1.5	0.0	1260	candidate_unreleased	False
holdout	missing_helpful_program	6003	program_max_alpha_1	target	0.5369359846457418	0.7	0.0	0.6492063492063492	0.29841269841269846	1.0	1.5	0.29841269841269846	1260	candidate_unreleased	False
holdout	missing_helpful_program	6003	program_max_alpha_1	reference	0.8499859344816227	0.9038461538461539	0.0	0.6492063492063492	0.29841269841269846	1.0	1.5	0.29841269841269846	1260	candidate_unreleased	False
holdout	missing_helpful_program	6003	program_max_alpha_2	target	0.534983490156121	0.7111111111111111	0.0	0.6492063492063492	0.29841269841269846	2.0	1.5	0.5968253968253969	1260	candidate_unreleased	False
holdout	missing_helpful_program	6003	program_max_alpha_2	reference	0.8786225203293958	0.9134615384615384	0.0	0.6492063492063492	0.29841269841269846	2.0	1.5	0.5968253968253969	1260	candidate_unreleased	False
holdout	missing_helpful_program	6003	program_max_alpha_4	target	0.5434442996111448	0.7333333333333333	0.0	0.6492063492063492	0.29841269841269846	4.0	1.5	1.1936507936507939	1260	candidate_unreleased	False
holdout	missing_helpful_program	6003	program_max_alpha_4	reference	0.8896866557705807	0.9326923076923076	0.0	0.6492063492063492	0.29841269841269846	4.0	1.5	1.1936507936507939	1260	candidate_unreleased	False
holdout	missing_helpful_program	6003	program_max_alpha_6	target	0.5480001200869269	0.7333333333333333	0.0	0.6492063492063492	0.29841269841269846	6.0	1.5	1.5	1260	candidate_unreleased	False
holdout	missing_helpful_program	6003	program_max_alpha_6	reference	0.9098624321633298	0.9519230769230769	0.0	0.6492063492063492	0.29841269841269846	6.0	1.5	1.5	1260	candidate_unreleased	False
holdout	missing_helpful_program	6004	program_max_alpha_0	target	0.8698771190084931	0.9111111111111111	0.47619047619047616	0.6150793650793651	0.23015873015873023	0.0	1.5	0.0	1260	candidate_unreleased	False
holdout	missing_helpful_program	6004	program_max_alpha_0	reference	0.5144000097442311	0.7884615384615384	0.9523809523809523	0.6150793650793651	0.23015873015873023	0.0	1.5	0.0	1260	candidate_unreleased	False
holdout	missing_helpful_program	6004	program_max_alpha_1	target	0.8678142711674889	0.9111111111111112	0.0	0.6150793650793651	0.23015873015873023	1.0	1.5	0.23015873015873023	1260	candidate_unreleased	False
holdout	missing_helpful_program	6004	program_max_alpha_1	reference	0.5296833351771939	0.7980769230769231	0.0	0.6150793650793651	0.23015873015873023	1.0	1.5	0.23015873015873023	1260	candidate_unreleased	False
holdout	missing_helpful_program	6004	program_max_alpha_2	target	0.8678142711674889	0.9111111111111112	0.0	0.6150793650793651	0.23015873015873023	2.0	1.5	0.46031746031746046	1260	candidate_unreleased	False
holdout	missing_helpful_program	6004	program_max_alpha_2	reference	0.5475629414279009	0.8173076923076923	0.0	0.6150793650793651	0.23015873015873023	2.0	1.5	0.46031746031746046	1260	candidate_unreleased	False
holdout	missing_helpful_program	6004	program_max_alpha_4	target	0.8593699706246916	0.9111111111111112	0.0	0.6150793650793651	0.23015873015873023	4.0	1.5	0.9206349206349209	1260	candidate_unreleased	False
holdout	missing_helpful_program	6004	program_max_alpha_4	reference	0.5110587453327076	0.8076923076923078	0.0	0.6150793650793651	0.23015873015873023	4.0	1.5	0.9206349206349209	1260	candidate_unreleased	False
holdout	missing_helpful_program	6004	program_max_alpha_6	target	0.8333875074160841	0.9000000000000001	0.0	0.6150793650793651	0.23015873015873023	6.0	1.5	1.3809523809523814	1260	candidate_unreleased	False
holdout	missing_helpful_program	6004	program_max_alpha_6	reference	0.4738095656437346	0.7884615384615385	0.0	0.6150793650793651	0.23015873015873023	6.0	1.5	1.3809523809523814	1260	candidate_unreleased	False
holdout	missing_helpful_program	6005	program_max_alpha_0	target	0.6630693050166813	0.8777777777777778	0.6666666666666666	0.6254480286738351	0.2508960573476702	0.0	1.5	0.0	1116	candidate_unreleased	False
holdout	missing_helpful_program	6005	program_max_alpha_0	reference	0.7720711916294127	0.9611111111111112	0.7142857142857143	0.6254480286738351	0.2508960573476702	0.0	1.5	0.0	1116	candidate_unreleased	False
holdout	missing_helpful_program	6005	program_max_alpha_1	target	0.661233593366719	0.888888888888889	0.0	0.6254480286738351	0.2508960573476702	1.0	1.5	0.2508960573476702	1116	candidate_unreleased	False
holdout	missing_helpful_program	6005	program_max_alpha_1	reference	0.7760595584739752	0.9555555555555556	0.0	0.6254480286738351	0.2508960573476702	1.0	1.5	0.2508960573476702	1116	candidate_unreleased	False
holdout	missing_helpful_program	6005	program_max_alpha_2	target	0.6808547682440698	0.9111111111111112	0.0	0.6254480286738351	0.2508960573476702	2.0	1.5	0.5017921146953404	1116	candidate_unreleased	False
holdout	missing_helpful_program	6005	program_max_alpha_2	reference	0.7570673836252451	0.9555555555555556	0.0	0.6254480286738351	0.2508960573476702	2.0	1.5	0.5017921146953404	1116	candidate_unreleased	False
holdout	missing_helpful_program	6005	program_max_alpha_4	target	0.7547611936154242	0.9888888888888889	0.0	0.6254480286738351	0.2508960573476702	4.0	1.5	1.0035842293906807	1116	candidate_unreleased	False
holdout	missing_helpful_program	6005	program_max_alpha_4	reference	0.750518357815338	0.9555555555555556	0.0	0.6254480286738351	0.2508960573476702	4.0	1.5	1.0035842293906807	1116	candidate_unreleased	False
holdout	missing_helpful_program	6005	program_max_alpha_6	target	0.7573773502657375	1.0	0.0	0.6254480286738351	0.2508960573476702	6.0	1.5	1.5	1116	candidate_unreleased	False
holdout	missing_helpful_program	6005	program_max_alpha_6	reference	0.7000908590790544	0.9222222222222223	0.0	0.6254480286738351	0.2508960573476702	6.0	1.5	1.5	1116	candidate_unreleased	False
holdout	missing_helpful_program	6006	program_max_alpha_0	target	0.7711779716633905	0.8444444444444443	0.47619047619047616	0.6306089743589743	0.2612179487179487	0.0	1.5	0.0	1248	candidate_unreleased	False
holdout	missing_helpful_program	6006	program_max_alpha_0	reference	0.8548918454763743	0.9777777777777779	0.8095238095238095	0.6306089743589743	0.2612179487179487	0.0	1.5	0.0	1248	candidate_unreleased	False
holdout	missing_helpful_program	6006	program_max_alpha_1	target	0.8007897172935667	0.8666666666666667	0.0	0.6306089743589743	0.2612179487179487	1.0	1.5	0.2612179487179487	1248	candidate_unreleased	False
holdout	missing_helpful_program	6006	program_max_alpha_1	reference	0.8347629539022673	0.9888888888888889	0.0	0.6306089743589743	0.2612179487179487	1.0	1.5	0.2612179487179487	1248	candidate_unreleased	False
holdout	missing_helpful_program	6006	program_max_alpha_2	target	0.8040502617450878	0.8666666666666667	0.0	0.6306089743589743	0.2612179487179487	2.0	1.5	0.5224358974358974	1248	candidate_unreleased	False
holdout	missing_helpful_program	6006	program_max_alpha_2	reference	0.8262716249502097	1.0	0.0	0.6306089743589743	0.2612179487179487	2.0	1.5	0.5224358974358974	1248	candidate_unreleased	False
holdout	missing_helpful_program	6006	program_max_alpha_4	target	0.8575231907500326	0.9222222222222223	0.0	0.6306089743589743	0.2612179487179487	4.0	1.5	1.0448717948717947	1248	candidate_unreleased	False
holdout	missing_helpful_program	6006	program_max_alpha_4	reference	0.7909999508416632	0.9888888888888889	0.0	0.6306089743589743	0.2612179487179487	4.0	1.5	1.0448717948717947	1248	candidate_unreleased	False
holdout	missing_helpful_program	6006	program_max_alpha_6	target	0.8529584285179033	0.9333333333333333	0.0	0.6306089743589743	0.2612179487179487	6.0	1.5	1.5	1248	candidate_unreleased	False
holdout	missing_helpful_program	6006	program_max_alpha_6	reference	0.7472369477810592	0.9666666666666667	0.0	0.6306089743589743	0.2612179487179487	6.0	1.5	1.5	1248	candidate_unreleased	False
holdout	missing_helpful_program	6007	program_max_alpha_0	target	0.783343959508178	0.9611111111111111	0.6666666666666666	0.6158645276292335	0.231729055258467	0.0	1.5	0.0	1122	candidate_unreleased	False
holdout	missing_helpful_program	6007	program_max_alpha_0	reference	0.7319866264489236	0.8055555555555556	0.6190476190476191	0.6158645276292335	0.231729055258467	0.0	1.5	0.0	1122	candidate_unreleased	False
holdout	missing_helpful_program	6007	program_max_alpha_1	target	0.7702454887652068	0.9666666666666667	0.0	0.6158645276292335	0.231729055258467	1.0	1.5	0.231729055258467	1122	candidate_unreleased	False
holdout	missing_helpful_program	6007	program_max_alpha_1	reference	0.749675536327094	0.8111111111111111	0.0	0.6158645276292335	0.231729055258467	1.0	1.5	0.231729055258467	1122	candidate_unreleased	False
holdout	missing_helpful_program	6007	program_max_alpha_2	target	0.7728564904220381	0.9777777777777779	0.0	0.6158645276292335	0.231729055258467	2.0	1.5	0.463458110516934	1122	candidate_unreleased	False
holdout	missing_helpful_program	6007	program_max_alpha_2	reference	0.775033165049346	0.8222222222222222	0.0	0.6158645276292335	0.231729055258467	2.0	1.5	0.463458110516934	1122	candidate_unreleased	False
holdout	missing_helpful_program	6007	program_max_alpha_4	target	0.7297749630843231	0.9444444444444445	0.0	0.6158645276292335	0.231729055258467	4.0	1.5	0.926916221033868	1122	candidate_unreleased	False
holdout	missing_helpful_program	6007	program_max_alpha_4	reference	0.7646300353171401	0.8111111111111111	0.0	0.6158645276292335	0.231729055258467	4.0	1.5	0.926916221033868	1122	candidate_unreleased	False
holdout	missing_helpful_program	6007	program_max_alpha_6	target	0.7049704473444265	0.9222222222222223	0.0	0.6158645276292335	0.231729055258467	6.0	1.5	1.390374331550802	1122	candidate_unreleased	False
holdout	missing_helpful_program	6007	program_max_alpha_6	reference	0.7275688856461562	0.7777777777777778	0.0	0.6158645276292335	0.231729055258467	6.0	1.5	1.390374331550802	1122	candidate_unreleased	False
holdout	missing_helpful_program	6008	program_max_alpha_0	target	0.8111328160966383	0.8777777777777778	0.6666666666666666	0.6145299145299146	0.22905982905982913	0.0	1.5	0.0	1170	candidate_unreleased	False
holdout	missing_helpful_program	6008	program_max_alpha_0	reference	0.8252794538657718	0.8622448979591836	0.42857142857142855	0.6145299145299146	0.22905982905982913	0.0	1.5	0.0	1170	candidate_unreleased	False
holdout	missing_helpful_program	6008	program_max_alpha_1	target	0.802086053085032	0.888888888888889	0.0	0.6145299145299146	0.22905982905982913	1.0	1.5	0.22905982905982913	1170	candidate_unreleased	False
holdout	missing_helpful_program	6008	program_max_alpha_1	reference	0.8362574864773366	0.8571428571428571	0.0	0.6145299145299146	0.22905982905982913	1.0	1.5	0.22905982905982913	1170	candidate_unreleased	False
holdout	missing_helpful_program	6008	program_max_alpha_2	target	0.821617369312752	0.9111111111111111	0.0	0.6145299145299146	0.22905982905982913	2.0	1.5	0.45811965811965827	1170	candidate_unreleased	False
holdout	missing_helpful_program	6008	program_max_alpha_2	reference	0.7992204416216968	0.8163265306122448	0.0	0.6145299145299146	0.22905982905982913	2.0	1.5	0.45811965811965827	1170	candidate_unreleased	False
holdout	missing_helpful_program	6008	program_max_alpha_4	target	0.80989857957612	0.9111111111111111	0.0	0.6145299145299146	0.22905982905982913	4.0	1.5	0.9162393162393165	1170	candidate_unreleased	False
holdout	missing_helpful_program	6008	program_max_alpha_4	reference	0.7894738508702126	0.7857142857142857	0.0	0.6145299145299146	0.22905982905982913	4.0	1.5	0.9162393162393165	1170	candidate_unreleased	False
holdout	missing_helpful_program	6008	program_max_alpha_6	target	0.8053412724563187	0.9222222222222223	0.0	0.6145299145299146	0.22905982905982913	6.0	1.5	1.3743589743589748	1170	candidate_unreleased	False
holdout	missing_helpful_program	6008	program_max_alpha_6	reference	0.7673815785001821	0.7755102040816326	0.0	0.6145299145299146	0.22905982905982913	6.0	1.5	1.3743589743589748	1170	candidate_unreleased	False
holdout	missing_helpful_program	6009	program_max_alpha_0	target	0.7932867543014948	0.9777777777777779	0.5714285714285714	0.6279926335174953	0.2559852670349907	0.0	1.5	0.0	1086	candidate_unreleased	False
holdout	missing_helpful_program	6009	program_max_alpha_0	reference	0.8351865749609714	1.0	0.6666666666666666	0.6279926335174953	0.2559852670349907	0.0	1.5	0.0	1086	candidate_unreleased	False
holdout	missing_helpful_program	6009	program_max_alpha_1	target	0.7959715780378687	0.9777777777777779	0.0	0.6279926335174953	0.2559852670349907	1.0	1.5	0.2559852670349907	1086	candidate_unreleased	False
holdout	missing_helpful_program	6009	program_max_alpha_1	reference	0.840395337868662	1.0	0.0	0.6279926335174953	0.2559852670349907	1.0	1.5	0.2559852670349907	1086	candidate_unreleased	False
holdout	missing_helpful_program	6009	program_max_alpha_2	target	0.7569852150319323	0.9888888888888889	0.0	0.6279926335174953	0.2559852670349907	2.0	1.5	0.5119705340699814	1086	candidate_unreleased	False
holdout	missing_helpful_program	6009	program_max_alpha_2	reference	0.8475614996644415	1.0	0.0	0.6279926335174953	0.2559852670349907	2.0	1.5	0.5119705340699814	1086	candidate_unreleased	False
holdout	missing_helpful_program	6009	program_max_alpha_4	target	0.7465888515636826	1.0	0.0	0.6279926335174953	0.2559852670349907	4.0	1.5	1.0239410681399628	1086	candidate_unreleased	False
holdout	missing_helpful_program	6009	program_max_alpha_4	reference	0.8371379915978533	1.0	0.0	0.6279926335174953	0.2559852670349907	4.0	1.5	1.0239410681399628	1086	candidate_unreleased	False
holdout	missing_helpful_program	6009	program_max_alpha_6	target	0.7037038522571525	1.0	0.0	0.6279926335174953	0.2559852670349907	6.0	1.5	1.5	1086	candidate_unreleased	False
holdout	missing_helpful_program	6009	program_max_alpha_6	reference	0.827365952785427	1.0	0.0	0.6279926335174953	0.2559852670349907	6.0	1.5	1.5	1086	candidate_unreleased	False
holdout	missing_helpful_program	6010	program_max_alpha_0	target	0.7656903631744603	0.8722222222222221	0.42857142857142855	0.6151515151515151	0.23030303030303023	0.0	1.5	0.0	1320	candidate_unreleased	False
holdout	missing_helpful_program	6010	program_max_alpha_0	reference	0.7132194524168254	0.9777777777777777	0.6190476190476191	0.6151515151515151	0.23030303030303023	0.0	1.5	0.0	1320	candidate_unreleased	False
holdout	missing_helpful_program	6010	program_max_alpha_1	target	0.783740873476623	0.8777777777777778	0.0	0.6151515151515151	0.23030303030303023	1.0	1.5	0.23030303030303023	1320	candidate_unreleased	False
holdout	missing_helpful_program	6010	program_max_alpha_1	reference	0.7619080627634125	0.9888888888888889	0.0	0.6151515151515151	0.23030303030303023	1.0	1.5	0.23030303030303023	1320	candidate_unreleased	False
holdout	missing_helpful_program	6010	program_max_alpha_2	target	0.7954482060264815	0.8777777777777778	0.0	0.6151515151515151	0.23030303030303023	2.0	1.5	0.46060606060606046	1320	candidate_unreleased	False
holdout	missing_helpful_program	6010	program_max_alpha_2	reference	0.7448013186944584	0.9777777777777779	0.0	0.6151515151515151	0.23030303030303023	2.0	1.5	0.46060606060606046	1320	candidate_unreleased	False
holdout	missing_helpful_program	6010	program_max_alpha_4	target	0.7895945397515522	0.8666666666666667	0.0	0.6151515151515151	0.23030303030303023	4.0	1.5	0.9212121212121209	1320	candidate_unreleased	False
holdout	missing_helpful_program	6010	program_max_alpha_4	reference	0.7401956568297402	0.9555555555555556	0.0	0.6151515151515151	0.23030303030303023	4.0	1.5	0.9212121212121209	1320	candidate_unreleased	False
holdout	missing_helpful_program	6010	program_max_alpha_6	target	0.7518709126464534	0.8333333333333334	0.0	0.6151515151515151	0.23030303030303023	6.0	1.5	1.3818181818181814	1320	candidate_unreleased	False
holdout	missing_helpful_program	6010	program_max_alpha_6	reference	0.7362479466599815	0.9222222222222223	0.0	0.6151515151515151	0.23030303030303023	6.0	1.5	1.3818181818181814	1320	candidate_unreleased	False
holdout	missing_helpful_program	6011	program_max_alpha_0	target	0.8234362271118846	0.8622448979591836	0.38095238095238093	0.6145833333333334	0.22916666666666674	0.0	1.5	0.0	1152	candidate_unreleased	False
holdout	missing_helpful_program	6011	program_max_alpha_0	reference	0.6356822109141241	0.7222222222222222	0.6190476190476191	0.6145833333333334	0.22916666666666674	0.0	1.5	0.0	1152	candidate_unreleased	False
holdout	missing_helpful_program	6011	program_max_alpha_1	target	0.8276990093186388	0.8775510204081631	0.0	0.6145833333333334	0.22916666666666674	1.0	1.5	0.22916666666666674	1152	candidate_unreleased	False
holdout	missing_helpful_program	6011	program_max_alpha_1	reference	0.6549602154281822	0.7333333333333334	0.0	0.6145833333333334	0.22916666666666674	1.0	1.5	0.22916666666666674	1152	candidate_unreleased	False
holdout	missing_helpful_program	6011	program_max_alpha_2	target	0.8368017478343193	0.9081632653061225	0.0	0.6145833333333334	0.22916666666666674	2.0	1.5	0.4583333333333335	1152	candidate_unreleased	False
holdout	missing_helpful_program	6011	program_max_alpha_2	reference	0.6523585859726582	0.7222222222222222	0.0	0.6145833333333334	0.22916666666666674	2.0	1.5	0.4583333333333335	1152	candidate_unreleased	False
holdout	missing_helpful_program	6011	program_max_alpha_4	target	0.8563076160822054	0.9489795918367347	0.0	0.6145833333333334	0.22916666666666674	4.0	1.5	0.916666666666667	1152	candidate_unreleased	False
holdout	missing_helpful_program	6011	program_max_alpha_4	reference	0.7239033959995698	0.7444444444444445	0.0	0.6145833333333334	0.22916666666666674	4.0	1.5	0.916666666666667	1152	candidate_unreleased	False
holdout	missing_helpful_program	6011	program_max_alpha_6	target	0.8478550731747879	0.9591836734693878	0.0	0.6145833333333334	0.22916666666666674	6.0	1.5	1.3750000000000004	1152	candidate_unreleased	False
holdout	missing_helpful_program	6011	program_max_alpha_6	reference	0.8175620563984358	0.8555555555555555	0.0	0.6145833333333334	0.22916666666666674	6.0	1.5	1.3750000000000004	1152	candidate_unreleased	False
holdout	missing_helpful_program	6012	program_max_alpha_0	target	0.9392812773843643	0.9666666666666667	0.6190476190476191	0.6028911564625851	0.20578231292517013	0.0	1.5	0.0	1176	candidate_unreleased	False
holdout	missing_helpful_program	6012	program_max_alpha_0	reference	0.5142207234261775	0.6944444444444444	0.5714285714285714	0.6028911564625851	0.20578231292517013	0.0	1.5	0.0	1176	candidate_unreleased	False
holdout	missing_helpful_program	6012	program_max_alpha_1	target	0.952876630987184	0.9777777777777777	0.0	0.6028911564625851	0.20578231292517013	1.0	1.5	0.20578231292517013	1176	candidate_unreleased	False
holdout	missing_helpful_program	6012	program_max_alpha_1	reference	0.540618770621178	0.7333333333333333	0.0	0.6028911564625851	0.20578231292517013	1.0	1.5	0.20578231292517013	1176	candidate_unreleased	False
holdout	missing_helpful_program	6012	program_max_alpha_2	target	0.9470267744531564	0.9777777777777779	0.0	0.6028911564625851	0.20578231292517013	2.0	1.5	0.41156462585034026	1176	candidate_unreleased	False
holdout	missing_helpful_program	6012	program_max_alpha_2	reference	0.5644404055567501	0.7555555555555555	0.0	0.6028911564625851	0.20578231292517013	2.0	1.5	0.41156462585034026	1176	candidate_unreleased	False
holdout	missing_helpful_program	6012	program_max_alpha_4	target	0.9158275396050084	0.9777777777777779	0.0	0.6028911564625851	0.20578231292517013	4.0	1.5	0.8231292517006805	1176	candidate_unreleased	False
holdout	missing_helpful_program	6012	program_max_alpha_4	reference	0.48238810744533506	0.7555555555555555	0.0	0.6028911564625851	0.20578231292517013	4.0	1.5	0.8231292517006805	1176	candidate_unreleased	False
holdout	missing_helpful_program	6012	program_max_alpha_6	target	0.8768284960448236	0.9444444444444445	0.0	0.6028911564625851	0.20578231292517013	6.0	1.5	1.2346938775510208	1176	candidate_unreleased	False
holdout	missing_helpful_program	6012	program_max_alpha_6	reference	0.4956223490762085	0.7777777777777778	0.0	0.6028911564625851	0.20578231292517013	6.0	1.5	1.2346938775510208	1176	candidate_unreleased	False
holdout	missing_helpful_program	6013	program_max_alpha_0	target	0.8390346093994814	0.9888888888888889	0.6190476190476191	0.5927750410509032	0.18555008210180635	0.0	1.5	0.0	1218	candidate_unreleased	False
holdout	missing_helpful_program	6013	program_max_alpha_0	reference	0.8733312087886816	0.9277777777777777	0.38095238095238093	0.5927750410509032	0.18555008210180635	0.0	1.5	0.0	1218	candidate_unreleased	False
holdout	missing_helpful_program	6013	program_max_alpha_1	target	0.8488499267495614	0.9777777777777779	0.0	0.5927750410509032	0.18555008210180635	1.0	1.5	0.18555008210180635	1218	candidate_unreleased	False
holdout	missing_helpful_program	6013	program_max_alpha_1	reference	0.8695946455089172	0.9333333333333333	0.0	0.5927750410509032	0.18555008210180635	1.0	1.5	0.18555008210180635	1218	candidate_unreleased	False
holdout	missing_helpful_program	6013	program_max_alpha_2	target	0.8337271162807468	0.9777777777777779	0.0	0.5927750410509032	0.18555008210180635	2.0	1.5	0.3711001642036127	1218	candidate_unreleased	False
holdout	missing_helpful_program	6013	program_max_alpha_2	reference	0.861789757142345	0.9444444444444444	0.0	0.5927750410509032	0.18555008210180635	2.0	1.5	0.3711001642036127	1218	candidate_unreleased	False
holdout	missing_helpful_program	6013	program_max_alpha_4	target	0.8061115493376936	0.9555555555555556	0.0	0.5927750410509032	0.18555008210180635	4.0	1.5	0.7422003284072254	1218	candidate_unreleased	False
holdout	missing_helpful_program	6013	program_max_alpha_4	reference	0.8773995338754893	0.9777777777777777	0.0	0.5927750410509032	0.18555008210180635	4.0	1.5	0.7422003284072254	1218	candidate_unreleased	False
holdout	missing_helpful_program	6013	program_max_alpha_6	target	0.8001939278498966	0.9555555555555556	0.0	0.5927750410509032	0.18555008210180635	6.0	1.5	1.113300492610838	1218	candidate_unreleased	False
holdout	missing_helpful_program	6013	program_max_alpha_6	reference	0.8780499412393702	0.9888888888888889	0.0	0.5927750410509032	0.18555008210180635	6.0	1.5	1.113300492610838	1218	candidate_unreleased	False
holdout	missing_helpful_program	6014	program_max_alpha_0	target	0.8479157430750657	0.8500000000000001	0.5238095238095238	0.6204710144927537	0.24094202898550732	0.0	1.5	0.0	1104	candidate_unreleased	False
holdout	missing_helpful_program	6014	program_max_alpha_0	reference	0.6489057377008981	0.7555555555555555	0.7619047619047619	0.6204710144927537	0.24094202898550732	0.0	1.5	0.0	1104	candidate_unreleased	False
holdout	missing_helpful_program	6014	program_max_alpha_1	target	0.861878862680086	0.8666666666666667	0.0	0.6204710144927537	0.24094202898550732	1.0	1.5	0.24094202898550732	1104	candidate_unreleased	False
holdout	missing_helpful_program	6014	program_max_alpha_1	reference	0.6347677774008978	0.7555555555555555	0.0	0.6204710144927537	0.24094202898550732	1.0	1.5	0.24094202898550732	1104	candidate_unreleased	False
holdout	missing_helpful_program	6014	program_max_alpha_2	target	0.86837870327345	0.8666666666666667	0.0	0.6204710144927537	0.24094202898550732	2.0	1.5	0.48188405797101463	1104	candidate_unreleased	False
holdout	missing_helpful_program	6014	program_max_alpha_2	reference	0.6302104702810967	0.7555555555555555	0.0	0.6204710144927537	0.24094202898550732	2.0	1.5	0.48188405797101463	1104	candidate_unreleased	False
holdout	missing_helpful_program	6014	program_max_alpha_4	target	0.8755285279261508	0.888888888888889	0.0	0.6204710144927537	0.24094202898550732	4.0	1.5	0.9637681159420293	1104	candidate_unreleased	False
holdout	missing_helpful_program	6014	program_max_alpha_4	reference	0.6321636019038686	0.7666666666666667	0.0	0.6204710144927537	0.24094202898550732	4.0	1.5	0.9637681159420293	1104	candidate_unreleased	False
holdout	missing_helpful_program	6014	program_max_alpha_6	target	0.8079301857551636	0.8555555555555556	0.0	0.6204710144927537	0.24094202898550732	6.0	1.5	1.445652173913044	1104	candidate_unreleased	False
holdout	missing_helpful_program	6014	program_max_alpha_6	reference	0.6210958560414939	0.7444444444444445	0.0	0.6204710144927537	0.24094202898550732	6.0	1.5	1.445652173913044	1104	candidate_unreleased	False
holdout	missing_helpful_program	6015	program_max_alpha_0	target	0.6417177185062484	0.8555555555555556	0.6190476190476191	0.6235772357723577	0.24715447154471537	0.0	1.5	0.0	1230	candidate_unreleased	False
holdout	missing_helpful_program	6015	program_max_alpha_0	reference	0.7552165680804018	0.9888888888888889	0.38095238095238093	0.6235772357723577	0.24715447154471537	0.0	1.5	0.0	1230	candidate_unreleased	False
holdout	missing_helpful_program	6015	program_max_alpha_1	target	0.6712751455154637	0.8777777777777779	0.0	0.6235772357723577	0.24715447154471537	1.0	1.5	0.24715447154471537	1230	candidate_unreleased	False
holdout	missing_helpful_program	6015	program_max_alpha_1	reference	0.7656812218982966	1.0	0.0	0.6235772357723577	0.24715447154471537	1.0	1.5	0.24715447154471537	1230	candidate_unreleased	False
holdout	missing_helpful_program	6015	program_max_alpha_2	target	0.696816346174101	0.888888888888889	0.0	0.6235772357723577	0.24715447154471537	2.0	1.5	0.49430894308943074	1230	candidate_unreleased	False
holdout	missing_helpful_program	6015	program_max_alpha_2	reference	0.7806308552630341	1.0	0.0	0.6235772357723577	0.24715447154471537	2.0	1.5	0.49430894308943074	1230	candidate_unreleased	False
holdout	missing_helpful_program	6015	program_max_alpha_4	target	0.7603418965301985	0.9222222222222223	0.0	0.6235772357723577	0.24715447154471537	4.0	1.5	0.9886178861788615	1230	candidate_unreleased	False
holdout	missing_helpful_program	6015	program_max_alpha_4	reference	0.8033802973398086	1.0	0.0	0.6235772357723577	0.24715447154471537	4.0	1.5	0.9886178861788615	1230	candidate_unreleased	False
holdout	missing_helpful_program	6015	program_max_alpha_6	target	0.763616409435152	0.9111111111111112	0.0	0.6235772357723577	0.24715447154471537	6.0	1.5	1.4829268292682922	1230	candidate_unreleased	False
holdout	missing_helpful_program	6015	program_max_alpha_6	reference	0.8228798191199012	0.9888888888888889	0.0	0.6235772357723577	0.24715447154471537	6.0	1.5	1.4829268292682922	1230	candidate_unreleased	False
holdout	missing_helpful_program	6016	program_max_alpha_0	target	0.7930021316681111	0.8833333333333333	0.6666666666666666	0.625438596491228	0.25087719298245603	0.0	1.5	0.0	1140	candidate_unreleased	False
holdout	missing_helpful_program	6016	program_max_alpha_0	reference	0.7369282619779445	0.9888888888888888	0.6190476190476191	0.625438596491228	0.25087719298245603	0.0	1.5	0.0	1140	candidate_unreleased	False
holdout	missing_helpful_program	6016	program_max_alpha_1	target	0.8000042441106334	0.9111111111111112	0.0	0.625438596491228	0.25087719298245603	1.0	1.5	0.25087719298245603	1140	candidate_unreleased	False
holdout	missing_helpful_program	6016	program_max_alpha_1	reference	0.741614408499782	1.0	0.0	0.625438596491228	0.25087719298245603	1.0	1.5	0.25087719298245603	1140	candidate_unreleased	False
holdout	missing_helpful_program	6016	program_max_alpha_2	target	0.8039130596356039	0.9111111111111112	0.0	0.625438596491228	0.25087719298245603	2.0	1.5	0.5017543859649121	1140	candidate_unreleased	False
holdout	missing_helpful_program	6016	program_max_alpha_2	reference	0.7474795488130492	0.9888888888888889	0.0	0.625438596491228	0.25087719298245603	2.0	1.5	0.5017543859649121	1140	candidate_unreleased	False
holdout	missing_helpful_program	6016	program_max_alpha_4	target	0.8345321145812062	0.9222222222222223	0.0	0.625438596491228	0.25087719298245603	4.0	1.5	1.0035087719298241	1140	candidate_unreleased	False
holdout	missing_helpful_program	6016	program_max_alpha_4	reference	0.7709401100661178	0.9888888888888889	0.0	0.625438596491228	0.25087719298245603	4.0	1.5	1.0035087719298241	1140	candidate_unreleased	False
holdout	missing_helpful_program	6016	program_max_alpha_6	target	0.8299718298020742	0.9111111111111112	0.0	0.625438596491228	0.25087719298245603	6.0	1.5	1.5	1140	candidate_unreleased	False
holdout	missing_helpful_program	6016	program_max_alpha_6	reference	0.78723216649186	0.9888888888888889	0.0	0.625438596491228	0.25087719298245603	6.0	1.5	1.5	1140	candidate_unreleased	False
holdout	missing_helpful_program	6017	program_max_alpha_0	target	0.7285484729681175	0.9336734693877551	0.6190476190476191	0.606951871657754	0.213903743315508	0.0	1.5	0.0	1122	candidate_unreleased	False
holdout	missing_helpful_program	6017	program_max_alpha_0	reference	0.8695173569631643	1.0	0.5238095238095238	0.606951871657754	0.213903743315508	0.0	1.5	0.0	1122	candidate_unreleased	False
holdout	missing_helpful_program	6017	program_max_alpha_1	target	0.7664295666495518	0.9489795918367347	0.0	0.606951871657754	0.213903743315508	1.0	1.5	0.213903743315508	1122	candidate_unreleased	False
holdout	missing_helpful_program	6017	program_max_alpha_1	reference	0.8816447911556253	1.0	0.0	0.606951871657754	0.213903743315508	1.0	1.5	0.213903743315508	1122	candidate_unreleased	False
holdout	missing_helpful_program	6017	program_max_alpha_2	target	0.8093704422003755	0.9795918367346939	0.0	0.606951871657754	0.213903743315508	2.0	1.5	0.427807486631016	1122	candidate_unreleased	False
holdout	missing_helpful_program	6017	program_max_alpha_2	reference	0.8993038485452408	1.0	0.0	0.606951871657754	0.213903743315508	2.0	1.5	0.427807486631016	1122	candidate_unreleased	False
holdout	missing_helpful_program	6017	program_max_alpha_4	target	0.8353952152614809	1.0	0.0	0.606951871657754	0.213903743315508	4.0	1.5	0.855614973262032	1122	candidate_unreleased	False
holdout	missing_helpful_program	6017	program_max_alpha_4	reference	0.9019200051955544	0.9897959183673469	0.0	0.606951871657754	0.213903743315508	4.0	1.5	0.855614973262032	1122	candidate_unreleased	False
holdout	missing_helpful_program	6017	program_max_alpha_6	target	0.8256359253635663	0.9897959183673469	0.0	0.606951871657754	0.213903743315508	6.0	1.5	1.283422459893048	1122	candidate_unreleased	False
holdout	missing_helpful_program	6017	program_max_alpha_6	reference	0.9104225143090732	0.979591836734694	0.0	0.606951871657754	0.213903743315508	6.0	1.5	1.283422459893048	1122	candidate_unreleased	False
holdout	missing_helpful_program	6018	program_max_alpha_0	target	0.7374454327361658	0.8877551020408164	0.5714285714285714	0.6175972927241963	0.23519458544839256	0.0	1.5	0.0	1182	candidate_unreleased	False
holdout	missing_helpful_program	6018	program_max_alpha_0	reference	0.5895969743600804	0.7055555555555556	0.5714285714285714	0.6175972927241963	0.23519458544839256	0.0	1.5	0.0	1182	candidate_unreleased	False
holdout	missing_helpful_program	6018	program_max_alpha_1	target	0.7617813175422781	0.9081632653061225	0.0	0.6175972927241963	0.23519458544839256	1.0	1.5	0.23519458544839256	1182	candidate_unreleased	False
holdout	missing_helpful_program	6018	program_max_alpha_1	reference	0.6190185394622981	0.7444444444444445	0.0	0.6175972927241963	0.23519458544839256	1.0	1.5	0.23519458544839256	1182	candidate_unreleased	False
holdout	missing_helpful_program	6018	program_max_alpha_2	target	0.7682811581356422	0.9183673469387755	0.0	0.6175972927241963	0.23519458544839256	2.0	1.5	0.4703891708967851	1182	candidate_unreleased	False
holdout	missing_helpful_program	6018	program_max_alpha_2	reference	0.6064797843985629	0.7222222222222223	0.0	0.6175972927241963	0.23519458544839256	2.0	1.5	0.4703891708967851	1182	candidate_unreleased	False
holdout	missing_helpful_program	6018	program_max_alpha_4	target	0.778680903085025	0.9285714285714286	0.0	0.6175972927241963	0.23519458544839256	4.0	1.5	0.9407783417935702	1182	candidate_unreleased	False
holdout	missing_helpful_program	6018	program_max_alpha_4	reference	0.6421162461586526	0.7	0.0	0.6175972927241963	0.23519458544839256	4.0	1.5	0.9407783417935702	1182	candidate_unreleased	False
holdout	missing_helpful_program	6018	program_max_alpha_6	target	0.7325320348721394	0.9285714285714286	0.0	0.6175972927241963	0.23519458544839256	6.0	1.5	1.4111675126903553	1182	candidate_unreleased	False
holdout	missing_helpful_program	6018	program_max_alpha_6	reference	0.6005403741052145	0.6666666666666667	0.0	0.6175972927241963	0.23519458544839256	6.0	1.5	1.4111675126903553	1182	candidate_unreleased	False
holdout	missing_helpful_program	6019	program_max_alpha_0	target	0.5737857821642911	0.8166666666666667	0.5238095238095238	0.6075	0.21500000000000008	0.0	1.5	0.0	1200	candidate_unreleased	False
holdout	missing_helpful_program	6019	program_max_alpha_0	reference	0.8780250406304652	1.0	0.47619047619047616	0.6075	0.21500000000000008	0.0	1.5	0.0	1200	candidate_unreleased	False
holdout	missing_helpful_program	6019	program_max_alpha_1	target	0.5892052350430472	0.8333333333333334	0.0	0.6075	0.21500000000000008	1.0	1.5	0.21500000000000008	1200	candidate_unreleased	False
holdout	missing_helpful_program	6019	program_max_alpha_1	reference	0.8957043743552924	1.0	0.0	0.6075	0.21500000000000008	1.0	1.5	0.21500000000000008	1200	candidate_unreleased	False
holdout	missing_helpful_program	6019	program_max_alpha_2	target	0.5871758255078818	0.8333333333333334	0.0	0.6075	0.21500000000000008	2.0	1.5	0.43000000000000016	1200	candidate_unreleased	False
holdout	missing_helpful_program	6019	program_max_alpha_2	reference	0.8957043743552924	1.0	0.0	0.6075	0.21500000000000008	2.0	1.5	0.43000000000000016	1200	candidate_unreleased	False
holdout	missing_helpful_program	6019	program_max_alpha_4	target	0.6142346193100884	0.8444444444444444	0.0	0.6075	0.21500000000000008	4.0	1.5	0.8600000000000003	1200	candidate_unreleased	False
holdout	missing_helpful_program	6019	program_max_alpha_4	reference	0.8767994057553626	1.0	0.0	0.6075	0.21500000000000008	4.0	1.5	0.8600000000000003	1200	candidate_unreleased	False
holdout	missing_helpful_program	6019	program_max_alpha_6	target	0.6176169685353641	0.8666666666666667	0.0	0.6075	0.21500000000000008	6.0	1.5	1.2900000000000005	1200	candidate_unreleased	False
holdout	missing_helpful_program	6019	program_max_alpha_6	reference	0.8624577054381747	1.0	0.0	0.6075	0.21500000000000008	6.0	1.5	1.2900000000000005	1200	candidate_unreleased	False
holdout	missing_helpful_program	6020	program_max_alpha_0	target	0.6506109865996211	0.9166666666666667	0.6666666666666666	0.6312056737588653	0.26241134751773054	0.0	1.5	0.0	1128	candidate_unreleased	False
holdout	missing_helpful_program	6020	program_max_alpha_0	reference	0.8833714943791561	0.9540816326530611	0.6190476190476191	0.6312056737588653	0.26241134751773054	0.0	1.5	0.0	1128	candidate_unreleased	False
holdout	missing_helpful_program	6020	program_max_alpha_1	target	0.6195368787818621	0.9111111111111112	0.0	0.6312056737588653	0.26241134751773054	1.0	1.5	0.26241134751773054	1128	candidate_unreleased	False
holdout	missing_helpful_program	6020	program_max_alpha_1	reference	0.891209939693279	0.9591836734693877	0.0	0.6312056737588653	0.26241134751773054	1.0	1.5	0.26241134751773054	1128	candidate_unreleased	False
holdout	missing_helpful_program	6020	program_max_alpha_2	target	0.6201994850693294	0.9222222222222223	0.0	0.6312056737588653	0.26241134751773054	2.0	1.5	0.5248226950354611	1128	candidate_unreleased	False
holdout	missing_helpful_program	6020	program_max_alpha_2	reference	0.888604062676632	0.9693877551020408	0.0	0.6312056737588653	0.26241134751773054	2.0	1.5	0.5248226950354611	1128	candidate_unreleased	False
holdout	missing_helpful_program	6020	program_max_alpha_4	target	0.5864065644085005	0.9	0.0	0.6312056737588653	0.26241134751773054	4.0	1.5	1.0496453900709222	1128	candidate_unreleased	False
holdout	missing_helpful_program	6020	program_max_alpha_4	reference	0.896421693726573	0.9693877551020409	0.0	0.6312056737588653	0.26241134751773054	4.0	1.5	1.0496453900709222	1128	candidate_unreleased	False
holdout	missing_helpful_program	6020	program_max_alpha_6	target	0.5744796512340903	0.8777777777777778	0.0	0.6312056737588653	0.26241134751773054	6.0	1.5	1.5	1128	candidate_unreleased	False
holdout	missing_helpful_program	6020	program_max_alpha_6	reference	0.896421693726573	0.9693877551020409	0.0	0.6312056737588653	0.26241134751773054	6.0	1.5	1.5	1128	candidate_unreleased	False
holdout	noisy_program	6001	program_max_alpha_0	target	0.704276925447741	0.8777777777777778	0.7142857142857143	0.47824074074074074	0.0	0.0	1.5	0.0	2160	candidate_unreleased	False
holdout	noisy_program	6001	program_max_alpha_0	reference	0.8248429438378709	0.9285714285714286	0.5238095238095238	0.47824074074074074	0.0	0.0	1.5	0.0	2160	candidate_unreleased	False
holdout	noisy_program	6001	program_max_alpha_1	target	0.704276925447741	0.8777777777777778	0.7142857142857143	0.47824074074074074	0.0	1.0	1.5	0.0	2160	candidate_unreleased	False
holdout	noisy_program	6001	program_max_alpha_1	reference	0.8248429438378709	0.9285714285714286	0.5238095238095238	0.47824074074074074	0.0	1.0	1.5	0.0	2160	candidate_unreleased	False
holdout	noisy_program	6001	program_max_alpha_2	target	0.704276925447741	0.8777777777777778	0.7142857142857143	0.47824074074074074	0.0	2.0	1.5	0.0	2160	candidate_unreleased	False
holdout	noisy_program	6001	program_max_alpha_2	reference	0.8248429438378709	0.9285714285714286	0.5238095238095238	0.47824074074074074	0.0	2.0	1.5	0.0	2160	candidate_unreleased	False
holdout	noisy_program	6001	program_max_alpha_4	target	0.704276925447741	0.8777777777777778	0.7142857142857143	0.47824074074074074	0.0	4.0	1.5	0.0	2160	candidate_unreleased	False
holdout	noisy_program	6001	program_max_alpha_4	reference	0.8248429438378709	0.9285714285714286	0.5238095238095238	0.47824074074074074	0.0	4.0	1.5	0.0	2160	candidate_unreleased	False
holdout	noisy_program	6001	program_max_alpha_6	target	0.704276925447741	0.8777777777777778	0.7142857142857143	0.47824074074074074	0.0	6.0	1.5	0.0	2160	candidate_unreleased	False
holdout	noisy_program	6001	program_max_alpha_6	reference	0.8248429438378709	0.9285714285714286	0.5238095238095238	0.47824074074074074	0.0	6.0	1.5	0.0	2160	candidate_unreleased	False
holdout	noisy_program	6002	program_max_alpha_0	target	0.7396023371234273	0.9111111111111111	0.6190476190476191	0.49953703703703706	0.0	0.0	1.5	0.0	2160	candidate_unreleased	False
holdout	noisy_program	6002	program_max_alpha_0	reference	0.8119917365259577	0.9388888888888889	0.7142857142857143	0.49953703703703706	0.0	0.0	1.5	0.0	2160	candidate_unreleased	False
holdout	noisy_program	6002	program_max_alpha_1	target	0.7396023371234273	0.9111111111111111	0.6190476190476191	0.49953703703703706	0.0	1.0	1.5	0.0	2160	candidate_unreleased	False
holdout	noisy_program	6002	program_max_alpha_1	reference	0.8119917365259577	0.9388888888888889	0.7142857142857143	0.49953703703703706	0.0	1.0	1.5	0.0	2160	candidate_unreleased	False
holdout	noisy_program	6002	program_max_alpha_2	target	0.7396023371234273	0.9111111111111111	0.6190476190476191	0.49953703703703706	0.0	2.0	1.5	0.0	2160	candidate_unreleased	False
holdout	noisy_program	6002	program_max_alpha_2	reference	0.8119917365259577	0.9388888888888889	0.7142857142857143	0.49953703703703706	0.0	2.0	1.5	0.0	2160	candidate_unreleased	False
holdout	noisy_program	6002	program_max_alpha_4	target	0.7396023371234273	0.9111111111111111	0.6190476190476191	0.49953703703703706	0.0	4.0	1.5	0.0	2160	candidate_unreleased	False
holdout	noisy_program	6002	program_max_alpha_4	reference	0.8119917365259577	0.9388888888888889	0.7142857142857143	0.49953703703703706	0.0	4.0	1.5	0.0	2160	candidate_unreleased	False
holdout	noisy_program	6002	program_max_alpha_6	target	0.7396023371234273	0.9111111111111111	0.6190476190476191	0.49953703703703706	0.0	6.0	1.5	0.0	2160	candidate_unreleased	False
holdout	noisy_program	6002	program_max_alpha_6	reference	0.8119917365259577	0.9388888888888889	0.7142857142857143	0.49953703703703706	0.0	6.0	1.5	0.0	2160	candidate_unreleased	False
holdout	noisy_program	6003	program_max_alpha_0	target	0.5309404714726024	0.7	0.7619047619047619	0.4847222222222222	0.0	0.0	1.5	0.0	2160	candidate_unreleased	False
holdout	noisy_program	6003	program_max_alpha_0	reference	0.8184200320913029	0.8894230769230769	0.5714285714285714	0.4847222222222222	0.0	0.0	1.5	0.0	2160	candidate_unreleased	False
holdout	noisy_program	6003	program_max_alpha_1	target	0.5309404714726024	0.7	0.7619047619047619	0.4847222222222222	0.0	1.0	1.5	0.0	2160	candidate_unreleased	False
holdout	noisy_program	6003	program_max_alpha_1	reference	0.8184200320913029	0.8894230769230769	0.5714285714285714	0.4847222222222222	0.0	1.0	1.5	0.0	2160	candidate_unreleased	False
holdout	noisy_program	6003	program_max_alpha_2	target	0.5309404714726024	0.7	0.7619047619047619	0.4847222222222222	0.0	2.0	1.5	0.0	2160	candidate_unreleased	False
holdout	noisy_program	6003	program_max_alpha_2	reference	0.8184200320913029	0.8894230769230769	0.5714285714285714	0.4847222222222222	0.0	2.0	1.5	0.0	2160	candidate_unreleased	False
holdout	noisy_program	6003	program_max_alpha_4	target	0.5309404714726024	0.7	0.7619047619047619	0.4847222222222222	0.0	4.0	1.5	0.0	2160	candidate_unreleased	False
holdout	noisy_program	6003	program_max_alpha_4	reference	0.8184200320913029	0.8894230769230769	0.5714285714285714	0.4847222222222222	0.0	4.0	1.5	0.0	2160	candidate_unreleased	False
holdout	noisy_program	6003	program_max_alpha_6	target	0.5309404714726024	0.7	0.7619047619047619	0.4847222222222222	0.0	6.0	1.5	0.0	2160	candidate_unreleased	False
holdout	noisy_program	6003	program_max_alpha_6	reference	0.8184200320913029	0.8894230769230769	0.5714285714285714	0.4847222222222222	0.0	6.0	1.5	0.0	2160	candidate_unreleased	False
holdout	noisy_program	6004	program_max_alpha_0	target	0.8698771190084931	0.9111111111111111	0.47619047619047616	0.49583333333333335	0.0	0.0	1.5	0.0	2160	candidate_unreleased	False
holdout	noisy_program	6004	program_max_alpha_0	reference	0.5144000097442311	0.7884615384615384	0.9523809523809523	0.49583333333333335	0.0	0.0	1.5	0.0	2160	candidate_unreleased	False
holdout	noisy_program	6004	program_max_alpha_1	target	0.8698771190084931	0.9111111111111111	0.47619047619047616	0.49583333333333335	0.0	1.0	1.5	0.0	2160	candidate_unreleased	False
holdout	noisy_program	6004	program_max_alpha_1	reference	0.5144000097442311	0.7884615384615384	0.9523809523809523	0.49583333333333335	0.0	1.0	1.5	0.0	2160	candidate_unreleased	False
holdout	noisy_program	6004	program_max_alpha_2	target	0.8698771190084931	0.9111111111111111	0.47619047619047616	0.49583333333333335	0.0	2.0	1.5	0.0	2160	candidate_unreleased	False
holdout	noisy_program	6004	program_max_alpha_2	reference	0.5144000097442311	0.7884615384615384	0.9523809523809523	0.49583333333333335	0.0	2.0	1.5	0.0	2160	candidate_unreleased	False
holdout	noisy_program	6004	program_max_alpha_4	target	0.8698771190084931	0.9111111111111111	0.47619047619047616	0.49583333333333335	0.0	4.0	1.5	0.0	2160	candidate_unreleased	False
holdout	noisy_program	6004	program_max_alpha_4	reference	0.5144000097442311	0.7884615384615384	0.9523809523809523	0.49583333333333335	0.0	4.0	1.5	0.0	2160	candidate_unreleased	False
holdout	noisy_program	6004	program_max_alpha_6	target	0.8698771190084931	0.9111111111111111	0.47619047619047616	0.49583333333333335	0.0	6.0	1.5	0.0	2160	candidate_unreleased	False
holdout	noisy_program	6004	program_max_alpha_6	reference	0.5144000097442311	0.7884615384615384	0.9523809523809523	0.49583333333333335	0.0	6.0	1.5	0.0	2160	candidate_unreleased	False
holdout	noisy_program	6005	program_max_alpha_0	target	0.6630693050166813	0.8777777777777778	0.6666666666666666	0.4888888888888889	0.0	0.0	1.5	0.0	2160	candidate_unreleased	False
holdout	noisy_program	6005	program_max_alpha_0	reference	0.7720711916294127	0.9611111111111112	0.7142857142857143	0.4888888888888889	0.0	0.0	1.5	0.0	2160	candidate_unreleased	False
holdout	noisy_program	6005	program_max_alpha_1	target	0.6630693050166813	0.8777777777777778	0.6666666666666666	0.4888888888888889	0.0	1.0	1.5	0.0	2160	candidate_unreleased	False
holdout	noisy_program	6005	program_max_alpha_1	reference	0.7720711916294127	0.9611111111111112	0.7142857142857143	0.4888888888888889	0.0	1.0	1.5	0.0	2160	candidate_unreleased	False
holdout	noisy_program	6005	program_max_alpha_2	target	0.6630693050166813	0.8777777777777778	0.6666666666666666	0.4888888888888889	0.0	2.0	1.5	0.0	2160	candidate_unreleased	False
holdout	noisy_program	6005	program_max_alpha_2	reference	0.7720711916294127	0.9611111111111112	0.7142857142857143	0.4888888888888889	0.0	2.0	1.5	0.0	2160	candidate_unreleased	False
holdout	noisy_program	6005	program_max_alpha_4	target	0.6630693050166813	0.8777777777777778	0.6666666666666666	0.4888888888888889	0.0	4.0	1.5	0.0	2160	candidate_unreleased	False
holdout	noisy_program	6005	program_max_alpha_4	reference	0.7720711916294127	0.9611111111111112	0.7142857142857143	0.4888888888888889	0.0	4.0	1.5	0.0	2160	candidate_unreleased	False
holdout	noisy_program	6005	program_max_alpha_6	target	0.6630693050166813	0.8777777777777778	0.6666666666666666	0.4888888888888889	0.0	6.0	1.5	0.0	2160	candidate_unreleased	False
holdout	noisy_program	6005	program_max_alpha_6	reference	0.7720711916294127	0.9611111111111112	0.7142857142857143	0.4888888888888889	0.0	6.0	1.5	0.0	2160	candidate_unreleased	False
holdout	noisy_program	6006	program_max_alpha_0	target	0.7711779716633905	0.8444444444444443	0.47619047619047616	0.5009259259259259	0.0018518518518517713	0.0	1.5	0.0	2160	candidate_unreleased	False
holdout	noisy_program	6006	program_max_alpha_0	reference	0.8548918454763743	0.9777777777777779	0.8095238095238095	0.5009259259259259	0.0018518518518517713	0.0	1.5	0.0	2160	candidate_unreleased	False
holdout	noisy_program	6006	program_max_alpha_1	target	0.7786180150232235	0.8555555555555556	0.0	0.5009259259259259	0.0018518518518517713	1.0	1.5	0.0018518518518517713	2160	candidate_unreleased	False
holdout	noisy_program	6006	program_max_alpha_1	reference	0.8628496573590727	0.9777777777777777	0.0	0.5009259259259259	0.0018518518518517713	1.0	1.5	0.0018518518518517713	2160	candidate_unreleased	False
holdout	noisy_program	6006	program_max_alpha_2	target	0.7786180150232235	0.8555555555555556	0.0	0.5009259259259259	0.0018518518518517713	2.0	1.5	0.0037037037037035425	2160	candidate_unreleased	False
holdout	noisy_program	6006	program_max_alpha_2	reference	0.8628496573590727	0.9777777777777777	0.0	0.5009259259259259	0.0018518518518517713	2.0	1.5	0.0037037037037035425	2160	candidate_unreleased	False
holdout	noisy_program	6006	program_max_alpha_4	target	0.7786180150232235	0.8555555555555556	0.0	0.5009259259259259	0.0018518518518517713	4.0	1.5	0.007407407407407085	2160	candidate_unreleased	False
holdout	noisy_program	6006	program_max_alpha_4	reference	0.8628496573590727	0.9777777777777777	0.0	0.5009259259259259	0.0018518518518517713	4.0	1.5	0.007407407407407085	2160	candidate_unreleased	False
holdout	noisy_program	6006	program_max_alpha_6	target	0.7786180150232235	0.8555555555555556	0.0	0.5009259259259259	0.0018518518518517713	6.0	1.5	0.011111111111110628	2160	candidate_unreleased	False
holdout	noisy_program	6006	program_max_alpha_6	reference	0.8628496573590727	0.9777777777777777	0.0	0.5009259259259259	0.0018518518518517713	6.0	1.5	0.011111111111110628	2160	candidate_unreleased	False
holdout	noisy_program	6007	program_max_alpha_0	target	0.783343959508178	0.9611111111111111	0.6666666666666666	0.512962962962963	0.025925925925925908	0.0	1.5	0.0	2160	candidate_unreleased	False
holdout	noisy_program	6007	program_max_alpha_0	reference	0.7319866264489236	0.8055555555555556	0.6190476190476191	0.512962962962963	0.025925925925925908	0.0	1.5	0.0	2160	candidate_unreleased	False
holdout	noisy_program	6007	program_max_alpha_1	target	0.8126742656887139	0.9777777777777777	0.0	0.512962962962963	0.025925925925925908	1.0	1.5	0.025925925925925908	2160	candidate_unreleased	False
holdout	noisy_program	6007	program_max_alpha_1	reference	0.7412229934196766	0.8111111111111111	0.0	0.512962962962963	0.025925925925925908	1.0	1.5	0.025925925925925908	2160	candidate_unreleased	False
holdout	noisy_program	6007	program_max_alpha_2	target	0.8126742656887139	0.9777777777777777	0.0	0.512962962962963	0.025925925925925908	2.0	1.5	0.051851851851851816	2160	candidate_unreleased	False
holdout	noisy_program	6007	program_max_alpha_2	reference	0.7412229934196766	0.8111111111111111	0.0	0.512962962962963	0.025925925925925908	2.0	1.5	0.051851851851851816	2160	candidate_unreleased	False
holdout	noisy_program	6007	program_max_alpha_4	target	0.8126742656887139	0.9777777777777777	0.0	0.512962962962963	0.025925925925925908	4.0	1.5	0.10370370370370363	2160	candidate_unreleased	False
holdout	noisy_program	6007	program_max_alpha_4	reference	0.7412229934196766	0.8111111111111111	0.0	0.512962962962963	0.025925925925925908	4.0	1.5	0.10370370370370363	2160	candidate_unreleased	False
holdout	noisy_program	6007	program_max_alpha_6	target	0.8244237731444545	1.0	0.0	0.512962962962963	0.025925925925925908	6.0	1.5	0.15555555555555545	2160	candidate_unreleased	False
holdout	noisy_program	6007	program_max_alpha_6	reference	0.7412229934196766	0.8111111111111111	0.0	0.512962962962963	0.025925925925925908	6.0	1.5	0.15555555555555545	2160	candidate_unreleased	False
holdout	noisy_program	6008	program_max_alpha_0	target	0.8111328160966383	0.8777777777777778	0.6666666666666666	0.48657407407407405	0.0	0.0	1.5	0.0	2160	candidate_unreleased	False
holdout	noisy_program	6008	program_max_alpha_0	reference	0.8252794538657718	0.8622448979591836	0.42857142857142855	0.48657407407407405	0.0	0.0	1.5	0.0	2160	candidate_unreleased	False
holdout	noisy_program	6008	program_max_alpha_1	target	0.8111328160966383	0.8777777777777778	0.6666666666666666	0.48657407407407405	0.0	1.0	1.5	0.0	2160	candidate_unreleased	False
holdout	noisy_program	6008	program_max_alpha_1	reference	0.8252794538657718	0.8622448979591836	0.42857142857142855	0.48657407407407405	0.0	1.0	1.5	0.0	2160	candidate_unreleased	False
holdout	noisy_program	6008	program_max_alpha_2	target	0.8111328160966383	0.8777777777777778	0.6666666666666666	0.48657407407407405	0.0	2.0	1.5	0.0	2160	candidate_unreleased	False
holdout	noisy_program	6008	program_max_alpha_2	reference	0.8252794538657718	0.8622448979591836	0.42857142857142855	0.48657407407407405	0.0	2.0	1.5	0.0	2160	candidate_unreleased	False
holdout	noisy_program	6008	program_max_alpha_4	target	0.8111328160966383	0.8777777777777778	0.6666666666666666	0.48657407407407405	0.0	4.0	1.5	0.0	2160	candidate_unreleased	False
holdout	noisy_program	6008	program_max_alpha_4	reference	0.8252794538657718	0.8622448979591836	0.42857142857142855	0.48657407407407405	0.0	4.0	1.5	0.0	2160	candidate_unreleased	False
holdout	noisy_program	6008	program_max_alpha_6	target	0.8111328160966383	0.8777777777777778	0.6666666666666666	0.48657407407407405	0.0	6.0	1.5	0.0	2160	candidate_unreleased	False
holdout	noisy_program	6008	program_max_alpha_6	reference	0.8252794538657718	0.8622448979591836	0.42857142857142855	0.48657407407407405	0.0	6.0	1.5	0.0	2160	candidate_unreleased	False
holdout	noisy_program	6009	program_max_alpha_0	target	0.7932867543014948	0.9777777777777779	0.5714285714285714	0.4791666666666667	0.0	0.0	1.5	0.0	2160	candidate_unreleased	False
holdout	noisy_program	6009	program_max_alpha_0	reference	0.8351865749609714	1.0	0.6666666666666666	0.4791666666666667	0.0	0.0	1.5	0.0	2160	candidate_unreleased	False
holdout	noisy_program	6009	program_max_alpha_1	target	0.7932867543014948	0.9777777777777779	0.5714285714285714	0.4791666666666667	0.0	1.0	1.5	0.0	2160	candidate_unreleased	False
holdout	noisy_program	6009	program_max_alpha_1	reference	0.8351865749609714	1.0	0.6666666666666666	0.4791666666666667	0.0	1.0	1.5	0.0	2160	candidate_unreleased	False
holdout	noisy_program	6009	program_max_alpha_2	target	0.7932867543014948	0.9777777777777779	0.5714285714285714	0.4791666666666667	0.0	2.0	1.5	0.0	2160	candidate_unreleased	False
holdout	noisy_program	6009	program_max_alpha_2	reference	0.8351865749609714	1.0	0.6666666666666666	0.4791666666666667	0.0	2.0	1.5	0.0	2160	candidate_unreleased	False
holdout	noisy_program	6009	program_max_alpha_4	target	0.7932867543014948	0.9777777777777779	0.5714285714285714	0.4791666666666667	0.0	4.0	1.5	0.0	2160	candidate_unreleased	False
holdout	noisy_program	6009	program_max_alpha_4	reference	0.8351865749609714	1.0	0.6666666666666666	0.4791666666666667	0.0	4.0	1.5	0.0	2160	candidate_unreleased	False
holdout	noisy_program	6009	program_max_alpha_6	target	0.7932867543014948	0.9777777777777779	0.5714285714285714	0.4791666666666667	0.0	6.0	1.5	0.0	2160	candidate_unreleased	False
holdout	noisy_program	6009	program_max_alpha_6	reference	0.8351865749609714	1.0	0.6666666666666666	0.4791666666666667	0.0	6.0	1.5	0.0	2160	candidate_unreleased	False
holdout	noisy_program	6010	program_max_alpha_0	target	0.7656903631744603	0.8722222222222221	0.42857142857142855	0.4962962962962963	0.0	0.0	1.5	0.0	2160	candidate_unreleased	False
holdout	noisy_program	6010	program_max_alpha_0	reference	0.7132194524168254	0.9777777777777777	0.6190476190476191	0.4962962962962963	0.0	0.0	1.5	0.0	2160	candidate_unreleased	False
holdout	noisy_program	6010	program_max_alpha_1	target	0.7656903631744603	0.8722222222222221	0.42857142857142855	0.4962962962962963	0.0	1.0	1.5	0.0	2160	candidate_unreleased	False
holdout	noisy_program	6010	program_max_alpha_1	reference	0.7132194524168254	0.9777777777777777	0.6190476190476191	0.4962962962962963	0.0	1.0	1.5	0.0	2160	candidate_unreleased	False
holdout	noisy_program	6010	program_max_alpha_2	target	0.7656903631744603	0.8722222222222221	0.42857142857142855	0.4962962962962963	0.0	2.0	1.5	0.0	2160	candidate_unreleased	False
holdout	noisy_program	6010	program_max_alpha_2	reference	0.7132194524168254	0.9777777777777777	0.6190476190476191	0.4962962962962963	0.0	2.0	1.5	0.0	2160	candidate_unreleased	False
holdout	noisy_program	6010	program_max_alpha_4	target	0.7656903631744603	0.8722222222222221	0.42857142857142855	0.4962962962962963	0.0	4.0	1.5	0.0	2160	candidate_unreleased	False
holdout	noisy_program	6010	program_max_alpha_4	reference	0.7132194524168254	0.9777777777777777	0.6190476190476191	0.4962962962962963	0.0	4.0	1.5	0.0	2160	candidate_unreleased	False
holdout	noisy_program	6010	program_max_alpha_6	target	0.7656903631744603	0.8722222222222221	0.42857142857142855	0.4962962962962963	0.0	6.0	1.5	0.0	2160	candidate_unreleased	False
holdout	noisy_program	6010	program_max_alpha_6	reference	0.7132194524168254	0.9777777777777777	0.6190476190476191	0.4962962962962963	0.0	6.0	1.5	0.0	2160	candidate_unreleased	False
holdout	noisy_program	6011	program_max_alpha_0	target	0.8234362271118846	0.8622448979591836	0.38095238095238093	0.5263888888888889	0.05277777777777781	0.0	1.5	0.0	2160	candidate_unreleased	False
holdout	noisy_program	6011	program_max_alpha_0	reference	0.6356822109141241	0.7222222222222222	0.6190476190476191	0.5263888888888889	0.05277777777777781	0.0	1.5	0.0	2160	candidate_unreleased	False
holdout	noisy_program	6011	program_max_alpha_1	target	0.8283492049269018	0.8775510204081631	0.0	0.5263888888888889	0.05277777777777781	1.0	1.5	0.05277777777777781	2160	candidate_unreleased	False
holdout	noisy_program	6011	program_max_alpha_1	reference	0.6445536976060859	0.7333333333333334	0.0	0.5263888888888889	0.05277777777777781	1.0	1.5	0.05277777777777781	2160	candidate_unreleased	False
holdout	noisy_program	6011	program_max_alpha_2	target	0.8283492049269018	0.8775510204081631	0.0	0.5263888888888889	0.05277777777777781	2.0	1.5	0.10555555555555562	2160	candidate_unreleased	False
holdout	noisy_program	6011	program_max_alpha_2	reference	0.6445536976060859	0.7333333333333334	0.0	0.5263888888888889	0.05277777777777781	2.0	1.5	0.10555555555555562	2160	candidate_unreleased	False
holdout	noisy_program	6011	program_max_alpha_4	target	0.8094935322872784	0.8775510204081631	0.0	0.5263888888888889	0.05277777777777781	4.0	1.5	0.21111111111111125	2160	candidate_unreleased	False
holdout	noisy_program	6011	program_max_alpha_4	reference	0.6367488092395137	0.7333333333333334	0.0	0.5263888888888889	0.05277777777777781	4.0	1.5	0.21111111111111125	2160	candidate_unreleased	False
holdout	noisy_program	6011	program_max_alpha_6	target	0.7984402069468095	0.8673469387755102	0.0	0.5263888888888889	0.05277777777777781	6.0	1.5	0.3166666666666669	2160	candidate_unreleased	False
holdout	noisy_program	6011	program_max_alpha_6	reference	0.6406512534227998	0.7333333333333334	0.0	0.5263888888888889	0.05277777777777781	6.0	1.5	0.3166666666666669	2160	candidate_unreleased	False
holdout	noisy_program	6012	program_max_alpha_0	target	0.9392812773843643	0.9666666666666667	0.6190476190476191	0.4740740740740741	0.0	0.0	1.5	0.0	2160	candidate_unreleased	False
holdout	noisy_program	6012	program_max_alpha_0	reference	0.5142207234261775	0.6944444444444444	0.5714285714285714	0.4740740740740741	0.0	0.0	1.5	0.0	2160	candidate_unreleased	False
holdout	noisy_program	6012	program_max_alpha_1	target	0.9392812773843643	0.9666666666666667	0.6190476190476191	0.4740740740740741	0.0	1.0	1.5	0.0	2160	candidate_unreleased	False
holdout	noisy_program	6012	program_max_alpha_1	reference	0.5142207234261775	0.6944444444444444	0.5714285714285714	0.4740740740740741	0.0	1.0	1.5	0.0	2160	candidate_unreleased	False
holdout	noisy_program	6012	program_max_alpha_2	target	0.9392812773843643	0.9666666666666667	0.6190476190476191	0.4740740740740741	0.0	2.0	1.5	0.0	2160	candidate_unreleased	False
holdout	noisy_program	6012	program_max_alpha_2	reference	0.5142207234261775	0.6944444444444444	0.5714285714285714	0.4740740740740741	0.0	2.0	1.5	0.0	2160	candidate_unreleased	False
holdout	noisy_program	6012	program_max_alpha_4	target	0.9392812773843643	0.9666666666666667	0.6190476190476191	0.4740740740740741	0.0	4.0	1.5	0.0	2160	candidate_unreleased	False
holdout	noisy_program	6012	program_max_alpha_4	reference	0.5142207234261775	0.6944444444444444	0.5714285714285714	0.4740740740740741	0.0	4.0	1.5	0.0	2160	candidate_unreleased	False
holdout	noisy_program	6012	program_max_alpha_6	target	0.9392812773843643	0.9666666666666667	0.6190476190476191	0.4740740740740741	0.0	6.0	1.5	0.0	2160	candidate_unreleased	False
holdout	noisy_program	6012	program_max_alpha_6	reference	0.5142207234261775	0.6944444444444444	0.5714285714285714	0.4740740740740741	0.0	6.0	1.5	0.0	2160	candidate_unreleased	False
holdout	noisy_program	6013	program_max_alpha_0	target	0.8390346093994814	0.9888888888888889	0.6190476190476191	0.5074074074074074	0.014814814814814836	0.0	1.5	0.0	2160	candidate_unreleased	False
holdout	noisy_program	6013	program_max_alpha_0	reference	0.8733312087886816	0.9277777777777777	0.38095238095238093	0.5074074074074074	0.014814814814814836	0.0	1.5	0.0	2160	candidate_unreleased	False
holdout	noisy_program	6013	program_max_alpha_1	target	0.8751504666953264	0.9888888888888889	0.0	0.5074074074074074	0.014814814814814836	1.0	1.5	0.014814814814814836	2160	candidate_unreleased	False
holdout	noisy_program	6013	program_max_alpha_1	reference	0.8787003486032512	0.9333333333333333	0.0	0.5074074074074074	0.014814814814814836	1.0	1.5	0.014814814814814836	2160	candidate_unreleased	False
holdout	noisy_program	6013	program_max_alpha_2	target	0.8751504666953264	0.9888888888888889	0.0	0.5074074074074074	0.014814814814814836	2.0	1.5	0.029629629629629672	2160	candidate_unreleased	False
holdout	noisy_program	6013	program_max_alpha_2	reference	0.8787003486032512	0.9333333333333333	0.0	0.5074074074074074	0.014814814814814836	2.0	1.5	0.029629629629629672	2160	candidate_unreleased	False
holdout	noisy_program	6013	program_max_alpha_4	target	0.8751504666953264	0.9888888888888889	0.0	0.5074074074074074	0.014814814814814836	4.0	1.5	0.059259259259259345	2160	candidate_unreleased	False
holdout	noisy_program	6013	program_max_alpha_4	reference	0.8787003486032512	0.9333333333333333	0.0	0.5074074074074074	0.014814814814814836	4.0	1.5	0.059259259259259345	2160	candidate_unreleased	False
holdout	noisy_program	6013	program_max_alpha_6	target	0.8751504666953264	0.9888888888888889	0.0	0.5074074074074074	0.014814814814814836	6.0	1.5	0.08888888888888902	2160	candidate_unreleased	False
holdout	noisy_program	6013	program_max_alpha_6	reference	0.8787003486032512	0.9333333333333333	0.0	0.5074074074074074	0.014814814814814836	6.0	1.5	0.08888888888888902	2160	candidate_unreleased	False
holdout	noisy_program	6014	program_max_alpha_0	target	0.8479157430750657	0.8500000000000001	0.5238095238095238	0.49583333333333335	0.0	0.0	1.5	0.0	2160	candidate_unreleased	False
holdout	noisy_program	6014	program_max_alpha_0	reference	0.6489057377008981	0.7555555555555555	0.7619047619047619	0.49583333333333335	0.0	0.0	1.5	0.0	2160	candidate_unreleased	False
holdout	noisy_program	6014	program_max_alpha_1	target	0.8479157430750657	0.8500000000000001	0.5238095238095238	0.49583333333333335	0.0	1.0	1.5	0.0	2160	candidate_unreleased	False
holdout	noisy_program	6014	program_max_alpha_1	reference	0.6489057377008981	0.7555555555555555	0.7619047619047619	0.49583333333333335	0.0	1.0	1.5	0.0	2160	candidate_unreleased	False
holdout	noisy_program	6014	program_max_alpha_2	target	0.8479157430750657	0.8500000000000001	0.5238095238095238	0.49583333333333335	0.0	2.0	1.5	0.0	2160	candidate_unreleased	False
holdout	noisy_program	6014	program_max_alpha_2	reference	0.6489057377008981	0.7555555555555555	0.7619047619047619	0.49583333333333335	0.0	2.0	1.5	0.0	2160	candidate_unreleased	False
holdout	noisy_program	6014	program_max_alpha_4	target	0.8479157430750657	0.8500000000000001	0.5238095238095238	0.49583333333333335	0.0	4.0	1.5	0.0	2160	candidate_unreleased	False
holdout	noisy_program	6014	program_max_alpha_4	reference	0.6489057377008981	0.7555555555555555	0.7619047619047619	0.49583333333333335	0.0	4.0	1.5	0.0	2160	candidate_unreleased	False
holdout	noisy_program	6014	program_max_alpha_6	target	0.8479157430750657	0.8500000000000001	0.5238095238095238	0.49583333333333335	0.0	6.0	1.5	0.0	2160	candidate_unreleased	False
holdout	noisy_program	6014	program_max_alpha_6	reference	0.6489057377008981	0.7555555555555555	0.7619047619047619	0.49583333333333335	0.0	6.0	1.5	0.0	2160	candidate_unreleased	False
holdout	noisy_program	6015	program_max_alpha_0	target	0.6417177185062484	0.8555555555555556	0.6190476190476191	0.5106481481481482	0.02129629629629637	0.0	1.5	0.0	2160	candidate_unreleased	False
holdout	noisy_program	6015	program_max_alpha_0	reference	0.7552165680804018	0.9888888888888889	0.38095238095238093	0.5106481481481482	0.02129629629629637	0.0	1.5	0.0	2160	candidate_unreleased	False
holdout	noisy_program	6015	program_max_alpha_1	target	0.6476986525997988	0.8666666666666667	0.0	0.5106481481481482	0.02129629629629637	1.0	1.5	0.02129629629629637	2160	candidate_unreleased	False
holdout	noisy_program	6015	program_max_alpha_1	reference	0.7715310784323244	1.0	0.0	0.5106481481481482	0.02129629629629637	1.0	1.5	0.02129629629629637	2160	candidate_unreleased	False
holdout	noisy_program	6015	program_max_alpha_2	target	0.6476986525997988	0.8666666666666667	0.0	0.5106481481481482	0.02129629629629637	2.0	1.5	0.04259259259259274	2160	candidate_unreleased	False
holdout	noisy_program	6015	program_max_alpha_2	reference	0.7715310784323244	1.0	0.0	0.5106481481481482	0.02129629629629637	2.0	1.5	0.04259259259259274	2160	candidate_unreleased	False
holdout	noisy_program	6015	program_max_alpha_4	target	0.6476986525997988	0.8666666666666667	0.0	0.5106481481481482	0.02129629629629637	4.0	1.5	0.08518518518518547	2160	candidate_unreleased	False
holdout	noisy_program	6015	program_max_alpha_4	reference	0.7715310784323244	1.0	0.0	0.5106481481481482	0.02129629629629637	4.0	1.5	0.08518518518518547	2160	candidate_unreleased	False
holdout	noisy_program	6015	program_max_alpha_6	target	0.6476986525997988	0.8666666666666667	0.0	0.5106481481481482	0.02129629629629637	6.0	1.5	0.1277777777777782	2160	candidate_unreleased	False
holdout	noisy_program	6015	program_max_alpha_6	reference	0.7715310784323244	1.0	0.0	0.5106481481481482	0.02129629629629637	6.0	1.5	0.1277777777777782	2160	candidate_unreleased	False
holdout	noisy_program	6016	program_max_alpha_0	target	0.7930021316681111	0.8833333333333333	0.6666666666666666	0.5018518518518519	0.0037037037037037646	0.0	1.5	0.0	2160	candidate_unreleased	False
holdout	noisy_program	6016	program_max_alpha_0	reference	0.7369282619779445	0.9888888888888888	0.6190476190476191	0.5018518518518519	0.0037037037037037646	0.0	1.5	0.0	2160	candidate_unreleased	False
holdout	noisy_program	6016	program_max_alpha_1	target	0.779808697231619	0.8777777777777778	0.0	0.5018518518518519	0.0037037037037037646	1.0	1.5	0.0037037037037037646	2160	candidate_unreleased	False
holdout	noisy_program	6016	program_max_alpha_1	reference	0.748131231070079	1.0	0.0	0.5018518518518519	0.0037037037037037646	1.0	1.5	0.0037037037037037646	2160	candidate_unreleased	False
holdout	noisy_program	6016	program_max_alpha_2	target	0.779808697231619	0.8777777777777778	0.0	0.5018518518518519	0.0037037037037037646	2.0	1.5	0.007407407407407529	2160	candidate_unreleased	False
holdout	noisy_program	6016	program_max_alpha_2	reference	0.748131231070079	1.0	0.0	0.5018518518518519	0.0037037037037037646	2.0	1.5	0.007407407407407529	2160	candidate_unreleased	False
holdout	noisy_program	6016	program_max_alpha_4	target	0.779808697231619	0.8777777777777778	0.0	0.5018518518518519	0.0037037037037037646	4.0	1.5	0.014814814814815058	2160	candidate_unreleased	False
holdout	noisy_program	6016	program_max_alpha_4	reference	0.748131231070079	1.0	0.0	0.5018518518518519	0.0037037037037037646	4.0	1.5	0.014814814814815058	2160	candidate_unreleased	False
holdout	noisy_program	6016	program_max_alpha_6	target	0.779808697231619	0.8777777777777778	0.0	0.5018518518518519	0.0037037037037037646	6.0	1.5	0.022222222222222587	2160	candidate_unreleased	False
holdout	noisy_program	6016	program_max_alpha_6	reference	0.748131231070079	1.0	0.0	0.5018518518518519	0.0037037037037037646	6.0	1.5	0.022222222222222587	2160	candidate_unreleased	False
holdout	noisy_program	6017	program_max_alpha_0	target	0.7285484729681175	0.9336734693877551	0.6190476190476191	0.4847222222222222	0.0	0.0	1.5	0.0	2160	candidate_unreleased	False
holdout	noisy_program	6017	program_max_alpha_0	reference	0.8695173569631643	1.0	0.5238095238095238	0.4847222222222222	0.0	0.0	1.5	0.0	2160	candidate_unreleased	False
holdout	noisy_program	6017	program_max_alpha_1	target	0.7285484729681175	0.9336734693877551	0.6190476190476191	0.4847222222222222	0.0	1.0	1.5	0.0	2160	candidate_unreleased	False
holdout	noisy_program	6017	program_max_alpha_1	reference	0.8695173569631643	1.0	0.5238095238095238	0.4847222222222222	0.0	1.0	1.5	0.0	2160	candidate_unreleased	False
holdout	noisy_program	6017	program_max_alpha_2	target	0.7285484729681175	0.9336734693877551	0.6190476190476191	0.4847222222222222	0.0	2.0	1.5	0.0	2160	candidate_unreleased	False
holdout	noisy_program	6017	program_max_alpha_2	reference	0.8695173569631643	1.0	0.5238095238095238	0.4847222222222222	0.0	2.0	1.5	0.0	2160	candidate_unreleased	False
holdout	noisy_program	6017	program_max_alpha_4	target	0.7285484729681175	0.9336734693877551	0.6190476190476191	0.4847222222222222	0.0	4.0	1.5	0.0	2160	candidate_unreleased	False
holdout	noisy_program	6017	program_max_alpha_4	reference	0.8695173569631643	1.0	0.5238095238095238	0.4847222222222222	0.0	4.0	1.5	0.0	2160	candidate_unreleased	False
holdout	noisy_program	6017	program_max_alpha_6	target	0.7285484729681175	0.9336734693877551	0.6190476190476191	0.4847222222222222	0.0	6.0	1.5	0.0	2160	candidate_unreleased	False
holdout	noisy_program	6017	program_max_alpha_6	reference	0.8695173569631643	1.0	0.5238095238095238	0.4847222222222222	0.0	6.0	1.5	0.0	2160	candidate_unreleased	False
holdout	noisy_program	6018	program_max_alpha_0	target	0.7374454327361658	0.8877551020408164	0.5714285714285714	0.4925925925925926	0.0	0.0	1.5	0.0	2160	candidate_unreleased	False
holdout	noisy_program	6018	program_max_alpha_0	reference	0.5895969743600804	0.7055555555555556	0.5714285714285714	0.4925925925925926	0.0	0.0	1.5	0.0	2160	candidate_unreleased	False
holdout	noisy_program	6018	program_max_alpha_1	target	0.7374454327361658	0.8877551020408164	0.5714285714285714	0.4925925925925926	0.0	1.0	1.5	0.0	2160	candidate_unreleased	False
holdout	noisy_program	6018	program_max_alpha_1	reference	0.5895969743600804	0.7055555555555556	0.5714285714285714	0.4925925925925926	0.0	1.0	1.5	0.0	2160	candidate_unreleased	False
holdout	noisy_program	6018	program_max_alpha_2	target	0.7374454327361658	0.8877551020408164	0.5714285714285714	0.4925925925925926	0.0	2.0	1.5	0.0	2160	candidate_unreleased	False
holdout	noisy_program	6018	program_max_alpha_2	reference	0.5895969743600804	0.7055555555555556	0.5714285714285714	0.4925925925925926	0.0	2.0	1.5	0.0	2160	candidate_unreleased	False
holdout	noisy_program	6018	program_max_alpha_4	target	0.7374454327361658	0.8877551020408164	0.5714285714285714	0.4925925925925926	0.0	4.0	1.5	0.0	2160	candidate_unreleased	False
holdout	noisy_program	6018	program_max_alpha_4	reference	0.5895969743600804	0.7055555555555556	0.5714285714285714	0.4925925925925926	0.0	4.0	1.5	0.0	2160	candidate_unreleased	False
holdout	noisy_program	6018	program_max_alpha_6	target	0.7374454327361658	0.8877551020408164	0.5714285714285714	0.4925925925925926	0.0	6.0	1.5	0.0	2160	candidate_unreleased	False
holdout	noisy_program	6018	program_max_alpha_6	reference	0.5895969743600804	0.7055555555555556	0.5714285714285714	0.4925925925925926	0.0	6.0	1.5	0.0	2160	candidate_unreleased	False
holdout	noisy_program	6019	program_max_alpha_0	target	0.5737857821642911	0.8166666666666667	0.5238095238095238	0.48009259259259257	0.0	0.0	1.5	0.0	2160	candidate_unreleased	False
holdout	noisy_program	6019	program_max_alpha_0	reference	0.8780250406304652	1.0	0.47619047619047616	0.48009259259259257	0.0	0.0	1.5	0.0	2160	candidate_unreleased	False
holdout	noisy_program	6019	program_max_alpha_1	target	0.5737857821642911	0.8166666666666667	0.5238095238095238	0.48009259259259257	0.0	1.0	1.5	0.0	2160	candidate_unreleased	False
holdout	noisy_program	6019	program_max_alpha_1	reference	0.8780250406304652	1.0	0.47619047619047616	0.48009259259259257	0.0	1.0	1.5	0.0	2160	candidate_unreleased	False
holdout	noisy_program	6019	program_max_alpha_2	target	0.5737857821642911	0.8166666666666667	0.5238095238095238	0.48009259259259257	0.0	2.0	1.5	0.0	2160	candidate_unreleased	False
holdout	noisy_program	6019	program_max_alpha_2	reference	0.8780250406304652	1.0	0.47619047619047616	0.48009259259259257	0.0	2.0	1.5	0.0	2160	candidate_unreleased	False
holdout	noisy_program	6019	program_max_alpha_4	target	0.5737857821642911	0.8166666666666667	0.5238095238095238	0.48009259259259257	0.0	4.0	1.5	0.0	2160	candidate_unreleased	False
holdout	noisy_program	6019	program_max_alpha_4	reference	0.8780250406304652	1.0	0.47619047619047616	0.48009259259259257	0.0	4.0	1.5	0.0	2160	candidate_unreleased	False
holdout	noisy_program	6019	program_max_alpha_6	target	0.5737857821642911	0.8166666666666667	0.5238095238095238	0.48009259259259257	0.0	6.0	1.5	0.0	2160	candidate_unreleased	False
holdout	noisy_program	6019	program_max_alpha_6	reference	0.8780250406304652	1.0	0.47619047619047616	0.48009259259259257	0.0	6.0	1.5	0.0	2160	candidate_unreleased	False
holdout	noisy_program	6020	program_max_alpha_0	target	0.6506109865996211	0.9166666666666667	0.6666666666666666	0.4888888888888889	0.0	0.0	1.5	0.0	2160	candidate_unreleased	False
holdout	noisy_program	6020	program_max_alpha_0	reference	0.8833714943791561	0.9540816326530611	0.6190476190476191	0.4888888888888889	0.0	0.0	1.5	0.0	2160	candidate_unreleased	False
holdout	noisy_program	6020	program_max_alpha_1	target	0.6506109865996211	0.9166666666666667	0.6666666666666666	0.4888888888888889	0.0	1.0	1.5	0.0	2160	candidate_unreleased	False
holdout	noisy_program	6020	program_max_alpha_1	reference	0.8833714943791561	0.9540816326530611	0.6190476190476191	0.4888888888888889	0.0	1.0	1.5	0.0	2160	candidate_unreleased	False
holdout	noisy_program	6020	program_max_alpha_2	target	0.6506109865996211	0.9166666666666667	0.6666666666666666	0.4888888888888889	0.0	2.0	1.5	0.0	2160	candidate_unreleased	False
holdout	noisy_program	6020	program_max_alpha_2	reference	0.8833714943791561	0.9540816326530611	0.6190476190476191	0.4888888888888889	0.0	2.0	1.5	0.0	2160	candidate_unreleased	False
holdout	noisy_program	6020	program_max_alpha_4	target	0.6506109865996211	0.9166666666666667	0.6666666666666666	0.4888888888888889	0.0	4.0	1.5	0.0	2160	candidate_unreleased	False
holdout	noisy_program	6020	program_max_alpha_4	reference	0.8833714943791561	0.9540816326530611	0.6190476190476191	0.4888888888888889	0.0	4.0	1.5	0.0	2160	candidate_unreleased	False
holdout	noisy_program	6020	program_max_alpha_6	target	0.6506109865996211	0.9166666666666667	0.6666666666666666	0.4888888888888889	0.0	6.0	1.5	0.0	2160	candidate_unreleased	False
holdout	noisy_program	6020	program_max_alpha_6	reference	0.8833714943791561	0.9540816326530611	0.6190476190476191	0.4888888888888889	0.0	6.0	1.5	0.0	2160	candidate_unreleased	False
holdout	antagonistic_program	6001	program_max_alpha_0	target	0.704276925447741	0.8777777777777778	0.7142857142857143	0.36435185185185187	0.0	0.0	1.5	0.0	2160	candidate_unreleased	False
holdout	antagonistic_program	6001	program_max_alpha_0	reference	0.8248429438378709	0.9285714285714286	0.5238095238095238	0.36435185185185187	0.0	0.0	1.5	0.0	2160	candidate_unreleased	False
holdout	antagonistic_program	6001	program_max_alpha_1	target	0.704276925447741	0.8777777777777778	0.7142857142857143	0.36435185185185187	0.0	1.0	1.5	0.0	2160	candidate_unreleased	False
holdout	antagonistic_program	6001	program_max_alpha_1	reference	0.8248429438378709	0.9285714285714286	0.5238095238095238	0.36435185185185187	0.0	1.0	1.5	0.0	2160	candidate_unreleased	False
holdout	antagonistic_program	6001	program_max_alpha_2	target	0.704276925447741	0.8777777777777778	0.7142857142857143	0.36435185185185187	0.0	2.0	1.5	0.0	2160	candidate_unreleased	False
holdout	antagonistic_program	6001	program_max_alpha_2	reference	0.8248429438378709	0.9285714285714286	0.5238095238095238	0.36435185185185187	0.0	2.0	1.5	0.0	2160	candidate_unreleased	False
holdout	antagonistic_program	6001	program_max_alpha_4	target	0.704276925447741	0.8777777777777778	0.7142857142857143	0.36435185185185187	0.0	4.0	1.5	0.0	2160	candidate_unreleased	False
holdout	antagonistic_program	6001	program_max_alpha_4	reference	0.8248429438378709	0.9285714285714286	0.5238095238095238	0.36435185185185187	0.0	4.0	1.5	0.0	2160	candidate_unreleased	False
holdout	antagonistic_program	6001	program_max_alpha_6	target	0.704276925447741	0.8777777777777778	0.7142857142857143	0.36435185185185187	0.0	6.0	1.5	0.0	2160	candidate_unreleased	False
holdout	antagonistic_program	6001	program_max_alpha_6	reference	0.8248429438378709	0.9285714285714286	0.5238095238095238	0.36435185185185187	0.0	6.0	1.5	0.0	2160	candidate_unreleased	False
holdout	antagonistic_program	6002	program_max_alpha_0	target	0.7396023371234273	0.9111111111111111	0.6190476190476191	0.3625	0.0	0.0	1.5	0.0	2160	candidate_unreleased	False
holdout	antagonistic_program	6002	program_max_alpha_0	reference	0.8119917365259577	0.9388888888888889	0.7142857142857143	0.3625	0.0	0.0	1.5	0.0	2160	candidate_unreleased	False
holdout	antagonistic_program	6002	program_max_alpha_1	target	0.7396023371234273	0.9111111111111111	0.6190476190476191	0.3625	0.0	1.0	1.5	0.0	2160	candidate_unreleased	False
holdout	antagonistic_program	6002	program_max_alpha_1	reference	0.8119917365259577	0.9388888888888889	0.7142857142857143	0.3625	0.0	1.0	1.5	0.0	2160	candidate_unreleased	False
holdout	antagonistic_program	6002	program_max_alpha_2	target	0.7396023371234273	0.9111111111111111	0.6190476190476191	0.3625	0.0	2.0	1.5	0.0	2160	candidate_unreleased	False
holdout	antagonistic_program	6002	program_max_alpha_2	reference	0.8119917365259577	0.9388888888888889	0.7142857142857143	0.3625	0.0	2.0	1.5	0.0	2160	candidate_unreleased	False
holdout	antagonistic_program	6002	program_max_alpha_4	target	0.7396023371234273	0.9111111111111111	0.6190476190476191	0.3625	0.0	4.0	1.5	0.0	2160	candidate_unreleased	False
holdout	antagonistic_program	6002	program_max_alpha_4	reference	0.8119917365259577	0.9388888888888889	0.7142857142857143	0.3625	0.0	4.0	1.5	0.0	2160	candidate_unreleased	False
holdout	antagonistic_program	6002	program_max_alpha_6	target	0.7396023371234273	0.9111111111111111	0.6190476190476191	0.3625	0.0	6.0	1.5	0.0	2160	candidate_unreleased	False
holdout	antagonistic_program	6002	program_max_alpha_6	reference	0.8119917365259577	0.9388888888888889	0.7142857142857143	0.3625	0.0	6.0	1.5	0.0	2160	candidate_unreleased	False
holdout	antagonistic_program	6003	program_max_alpha_0	target	0.5309404714726024	0.7	0.7619047619047619	0.37083333333333335	0.0	0.0	1.5	0.0	2160	candidate_unreleased	False
holdout	antagonistic_program	6003	program_max_alpha_0	reference	0.8184200320913029	0.8894230769230769	0.5714285714285714	0.37083333333333335	0.0	0.0	1.5	0.0	2160	candidate_unreleased	False
holdout	antagonistic_program	6003	program_max_alpha_1	target	0.5309404714726024	0.7	0.7619047619047619	0.37083333333333335	0.0	1.0	1.5	0.0	2160	candidate_unreleased	False
holdout	antagonistic_program	6003	program_max_alpha_1	reference	0.8184200320913029	0.8894230769230769	0.5714285714285714	0.37083333333333335	0.0	1.0	1.5	0.0	2160	candidate_unreleased	False
holdout	antagonistic_program	6003	program_max_alpha_2	target	0.5309404714726024	0.7	0.7619047619047619	0.37083333333333335	0.0	2.0	1.5	0.0	2160	candidate_unreleased	False
holdout	antagonistic_program	6003	program_max_alpha_2	reference	0.8184200320913029	0.8894230769230769	0.5714285714285714	0.37083333333333335	0.0	2.0	1.5	0.0	2160	candidate_unreleased	False
holdout	antagonistic_program	6003	program_max_alpha_4	target	0.5309404714726024	0.7	0.7619047619047619	0.37083333333333335	0.0	4.0	1.5	0.0	2160	candidate_unreleased	False
holdout	antagonistic_program	6003	program_max_alpha_4	reference	0.8184200320913029	0.8894230769230769	0.5714285714285714	0.37083333333333335	0.0	4.0	1.5	0.0	2160	candidate_unreleased	False
holdout	antagonistic_program	6003	program_max_alpha_6	target	0.5309404714726024	0.7	0.7619047619047619	0.37083333333333335	0.0	6.0	1.5	0.0	2160	candidate_unreleased	False
holdout	antagonistic_program	6003	program_max_alpha_6	reference	0.8184200320913029	0.8894230769230769	0.5714285714285714	0.37083333333333335	0.0	6.0	1.5	0.0	2160	candidate_unreleased	False
holdout	antagonistic_program	6004	program_max_alpha_0	target	0.8698771190084931	0.9111111111111111	0.47619047619047616	0.3625	0.0	0.0	1.5	0.0	2160	candidate_unreleased	False
holdout	antagonistic_program	6004	program_max_alpha_0	reference	0.5144000097442311	0.7884615384615384	0.9523809523809523	0.3625	0.0	0.0	1.5	0.0	2160	candidate_unreleased	False
holdout	antagonistic_program	6004	program_max_alpha_1	target	0.8698771190084931	0.9111111111111111	0.47619047619047616	0.3625	0.0	1.0	1.5	0.0	2160	candidate_unreleased	False
holdout	antagonistic_program	6004	program_max_alpha_1	reference	0.5144000097442311	0.7884615384615384	0.9523809523809523	0.3625	0.0	1.0	1.5	0.0	2160	candidate_unreleased	False
holdout	antagonistic_program	6004	program_max_alpha_2	target	0.8698771190084931	0.9111111111111111	0.47619047619047616	0.3625	0.0	2.0	1.5	0.0	2160	candidate_unreleased	False
holdout	antagonistic_program	6004	program_max_alpha_2	reference	0.5144000097442311	0.7884615384615384	0.9523809523809523	0.3625	0.0	2.0	1.5	0.0	2160	candidate_unreleased	False
holdout	antagonistic_program	6004	program_max_alpha_4	target	0.8698771190084931	0.9111111111111111	0.47619047619047616	0.3625	0.0	4.0	1.5	0.0	2160	candidate_unreleased	False
holdout	antagonistic_program	6004	program_max_alpha_4	reference	0.5144000097442311	0.7884615384615384	0.9523809523809523	0.3625	0.0	4.0	1.5	0.0	2160	candidate_unreleased	False
holdout	antagonistic_program	6004	program_max_alpha_6	target	0.8698771190084931	0.9111111111111111	0.47619047619047616	0.3625	0.0	6.0	1.5	0.0	2160	candidate_unreleased	False
holdout	antagonistic_program	6004	program_max_alpha_6	reference	0.5144000097442311	0.7884615384615384	0.9523809523809523	0.3625	0.0	6.0	1.5	0.0	2160	candidate_unreleased	False
holdout	antagonistic_program	6005	program_max_alpha_0	target	0.6630693050166813	0.8777777777777778	0.6666666666666666	0.38981481481481484	0.0	0.0	1.5	0.0	2160	candidate_unreleased	False
holdout	antagonistic_program	6005	program_max_alpha_0	reference	0.7720711916294127	0.9611111111111112	0.7142857142857143	0.38981481481481484	0.0	0.0	1.5	0.0	2160	candidate_unreleased	False
holdout	antagonistic_program	6005	program_max_alpha_1	target	0.6630693050166813	0.8777777777777778	0.6666666666666666	0.38981481481481484	0.0	1.0	1.5	0.0	2160	candidate_unreleased	False
holdout	antagonistic_program	6005	program_max_alpha_1	reference	0.7720711916294127	0.9611111111111112	0.7142857142857143	0.38981481481481484	0.0	1.0	1.5	0.0	2160	candidate_unreleased	False
holdout	antagonistic_program	6005	program_max_alpha_2	target	0.6630693050166813	0.8777777777777778	0.6666666666666666	0.38981481481481484	0.0	2.0	1.5	0.0	2160	candidate_unreleased	False
holdout	antagonistic_program	6005	program_max_alpha_2	reference	0.7720711916294127	0.9611111111111112	0.7142857142857143	0.38981481481481484	0.0	2.0	1.5	0.0	2160	candidate_unreleased	False
holdout	antagonistic_program	6005	program_max_alpha_4	target	0.6630693050166813	0.8777777777777778	0.6666666666666666	0.38981481481481484	0.0	4.0	1.5	0.0	2160	candidate_unreleased	False
holdout	antagonistic_program	6005	program_max_alpha_4	reference	0.7720711916294127	0.9611111111111112	0.7142857142857143	0.38981481481481484	0.0	4.0	1.5	0.0	2160	candidate_unreleased	False
holdout	antagonistic_program	6005	program_max_alpha_6	target	0.6630693050166813	0.8777777777777778	0.6666666666666666	0.38981481481481484	0.0	6.0	1.5	0.0	2160	candidate_unreleased	False
holdout	antagonistic_program	6005	program_max_alpha_6	reference	0.7720711916294127	0.9611111111111112	0.7142857142857143	0.38981481481481484	0.0	6.0	1.5	0.0	2160	candidate_unreleased	False
holdout	antagonistic_program	6006	program_max_alpha_0	target	0.7711779716633905	0.8444444444444443	0.47619047619047616	0.37222222222222223	0.0	0.0	1.5	0.0	2160	candidate_unreleased	False
holdout	antagonistic_program	6006	program_max_alpha_0	reference	0.8548918454763743	0.9777777777777779	0.8095238095238095	0.37222222222222223	0.0	0.0	1.5	0.0	2160	candidate_unreleased	False
holdout	antagonistic_program	6006	program_max_alpha_1	target	0.7711779716633905	0.8444444444444443	0.47619047619047616	0.37222222222222223	0.0	1.0	1.5	0.0	2160	candidate_unreleased	False
holdout	antagonistic_program	6006	program_max_alpha_1	reference	0.8548918454763743	0.9777777777777779	0.8095238095238095	0.37222222222222223	0.0	1.0	1.5	0.0	2160	candidate_unreleased	False
holdout	antagonistic_program	6006	program_max_alpha_2	target	0.7711779716633905	0.8444444444444443	0.47619047619047616	0.37222222222222223	0.0	2.0	1.5	0.0	2160	candidate_unreleased	False
holdout	antagonistic_program	6006	program_max_alpha_2	reference	0.8548918454763743	0.9777777777777779	0.8095238095238095	0.37222222222222223	0.0	2.0	1.5	0.0	2160	candidate_unreleased	False
holdout	antagonistic_program	6006	program_max_alpha_4	target	0.7711779716633905	0.8444444444444443	0.47619047619047616	0.37222222222222223	0.0	4.0	1.5	0.0	2160	candidate_unreleased	False
holdout	antagonistic_program	6006	program_max_alpha_4	reference	0.8548918454763743	0.9777777777777779	0.8095238095238095	0.37222222222222223	0.0	4.0	1.5	0.0	2160	candidate_unreleased	False
holdout	antagonistic_program	6006	program_max_alpha_6	target	0.7711779716633905	0.8444444444444443	0.47619047619047616	0.37222222222222223	0.0	6.0	1.5	0.0	2160	candidate_unreleased	False
holdout	antagonistic_program	6006	program_max_alpha_6	reference	0.8548918454763743	0.9777777777777779	0.8095238095238095	0.37222222222222223	0.0	6.0	1.5	0.0	2160	candidate_unreleased	False
holdout	antagonistic_program	6007	program_max_alpha_0	target	0.783343959508178	0.9611111111111111	0.6666666666666666	0.39537037037037037	0.0	0.0	1.5	0.0	2160	candidate_unreleased	False
holdout	antagonistic_program	6007	program_max_alpha_0	reference	0.7319866264489236	0.8055555555555556	0.6190476190476191	0.39537037037037037	0.0	0.0	1.5	0.0	2160	candidate_unreleased	False
holdout	antagonistic_program	6007	program_max_alpha_1	target	0.783343959508178	0.9611111111111111	0.6666666666666666	0.39537037037037037	0.0	1.0	1.5	0.0	2160	candidate_unreleased	False
holdout	antagonistic_program	6007	program_max_alpha_1	reference	0.7319866264489236	0.8055555555555556	0.6190476190476191	0.39537037037037037	0.0	1.0	1.5	0.0	2160	candidate_unreleased	False
holdout	antagonistic_program	6007	program_max_alpha_2	target	0.783343959508178	0.9611111111111111	0.6666666666666666	0.39537037037037037	0.0	2.0	1.5	0.0	2160	candidate_unreleased	False
holdout	antagonistic_program	6007	program_max_alpha_2	reference	0.7319866264489236	0.8055555555555556	0.6190476190476191	0.39537037037037037	0.0	2.0	1.5	0.0	2160	candidate_unreleased	False
holdout	antagonistic_program	6007	program_max_alpha_4	target	0.783343959508178	0.9611111111111111	0.6666666666666666	0.39537037037037037	0.0	4.0	1.5	0.0	2160	candidate_unreleased	False
holdout	antagonistic_program	6007	program_max_alpha_4	reference	0.7319866264489236	0.8055555555555556	0.6190476190476191	0.39537037037037037	0.0	4.0	1.5	0.0	2160	candidate_unreleased	False
holdout	antagonistic_program	6007	program_max_alpha_6	target	0.783343959508178	0.9611111111111111	0.6666666666666666	0.39537037037037037	0.0	6.0	1.5	0.0	2160	candidate_unreleased	False
holdout	antagonistic_program	6007	program_max_alpha_6	reference	0.7319866264489236	0.8055555555555556	0.6190476190476191	0.39537037037037037	0.0	6.0	1.5	0.0	2160	candidate_unreleased	False
holdout	antagonistic_program	6008	program_max_alpha_0	target	0.8111328160966383	0.8777777777777778	0.6666666666666666	0.3699074074074074	0.0	0.0	1.5	0.0	2160	candidate_unreleased	False
holdout	antagonistic_program	6008	program_max_alpha_0	reference	0.8252794538657718	0.8622448979591836	0.42857142857142855	0.3699074074074074	0.0	0.0	1.5	0.0	2160	candidate_unreleased	False
holdout	antagonistic_program	6008	program_max_alpha_1	target	0.8111328160966383	0.8777777777777778	0.6666666666666666	0.3699074074074074	0.0	1.0	1.5	0.0	2160	candidate_unreleased	False
holdout	antagonistic_program	6008	program_max_alpha_1	reference	0.8252794538657718	0.8622448979591836	0.42857142857142855	0.3699074074074074	0.0	1.0	1.5	0.0	2160	candidate_unreleased	False
holdout	antagonistic_program	6008	program_max_alpha_2	target	0.8111328160966383	0.8777777777777778	0.6666666666666666	0.3699074074074074	0.0	2.0	1.5	0.0	2160	candidate_unreleased	False
holdout	antagonistic_program	6008	program_max_alpha_2	reference	0.8252794538657718	0.8622448979591836	0.42857142857142855	0.3699074074074074	0.0	2.0	1.5	0.0	2160	candidate_unreleased	False
holdout	antagonistic_program	6008	program_max_alpha_4	target	0.8111328160966383	0.8777777777777778	0.6666666666666666	0.3699074074074074	0.0	4.0	1.5	0.0	2160	candidate_unreleased	False
holdout	antagonistic_program	6008	program_max_alpha_4	reference	0.8252794538657718	0.8622448979591836	0.42857142857142855	0.3699074074074074	0.0	4.0	1.5	0.0	2160	candidate_unreleased	False
holdout	antagonistic_program	6008	program_max_alpha_6	target	0.8111328160966383	0.8777777777777778	0.6666666666666666	0.3699074074074074	0.0	6.0	1.5	0.0	2160	candidate_unreleased	False
holdout	antagonistic_program	6008	program_max_alpha_6	reference	0.8252794538657718	0.8622448979591836	0.42857142857142855	0.3699074074074074	0.0	6.0	1.5	0.0	2160	candidate_unreleased	False
holdout	antagonistic_program	6009	program_max_alpha_0	target	0.7932867543014948	0.9777777777777779	0.5714285714285714	0.38101851851851853	0.0	0.0	1.5	0.0	2160	candidate_unreleased	False
holdout	antagonistic_program	6009	program_max_alpha_0	reference	0.8351865749609714	1.0	0.6666666666666666	0.38101851851851853	0.0	0.0	1.5	0.0	2160	candidate_unreleased	False
holdout	antagonistic_program	6009	program_max_alpha_1	target	0.7932867543014948	0.9777777777777779	0.5714285714285714	0.38101851851851853	0.0	1.0	1.5	0.0	2160	candidate_unreleased	False
holdout	antagonistic_program	6009	program_max_alpha_1	reference	0.8351865749609714	1.0	0.6666666666666666	0.38101851851851853	0.0	1.0	1.5	0.0	2160	candidate_unreleased	False
holdout	antagonistic_program	6009	program_max_alpha_2	target	0.7932867543014948	0.9777777777777779	0.5714285714285714	0.38101851851851853	0.0	2.0	1.5	0.0	2160	candidate_unreleased	False
holdout	antagonistic_program	6009	program_max_alpha_2	reference	0.8351865749609714	1.0	0.6666666666666666	0.38101851851851853	0.0	2.0	1.5	0.0	2160	candidate_unreleased	False
holdout	antagonistic_program	6009	program_max_alpha_4	target	0.7932867543014948	0.9777777777777779	0.5714285714285714	0.38101851851851853	0.0	4.0	1.5	0.0	2160	candidate_unreleased	False
holdout	antagonistic_program	6009	program_max_alpha_4	reference	0.8351865749609714	1.0	0.6666666666666666	0.38101851851851853	0.0	4.0	1.5	0.0	2160	candidate_unreleased	False
holdout	antagonistic_program	6009	program_max_alpha_6	target	0.7932867543014948	0.9777777777777779	0.5714285714285714	0.38101851851851853	0.0	6.0	1.5	0.0	2160	candidate_unreleased	False
holdout	antagonistic_program	6009	program_max_alpha_6	reference	0.8351865749609714	1.0	0.6666666666666666	0.38101851851851853	0.0	6.0	1.5	0.0	2160	candidate_unreleased	False
holdout	antagonistic_program	6010	program_max_alpha_0	target	0.7656903631744603	0.8722222222222221	0.42857142857142855	0.38055555555555554	0.0	0.0	1.5	0.0	2160	candidate_unreleased	False
holdout	antagonistic_program	6010	program_max_alpha_0	reference	0.7132194524168254	0.9777777777777777	0.6190476190476191	0.38055555555555554	0.0	0.0	1.5	0.0	2160	candidate_unreleased	False
holdout	antagonistic_program	6010	program_max_alpha_1	target	0.7656903631744603	0.8722222222222221	0.42857142857142855	0.38055555555555554	0.0	1.0	1.5	0.0	2160	candidate_unreleased	False
holdout	antagonistic_program	6010	program_max_alpha_1	reference	0.7132194524168254	0.9777777777777777	0.6190476190476191	0.38055555555555554	0.0	1.0	1.5	0.0	2160	candidate_unreleased	False
holdout	antagonistic_program	6010	program_max_alpha_2	target	0.7656903631744603	0.8722222222222221	0.42857142857142855	0.38055555555555554	0.0	2.0	1.5	0.0	2160	candidate_unreleased	False
holdout	antagonistic_program	6010	program_max_alpha_2	reference	0.7132194524168254	0.9777777777777777	0.6190476190476191	0.38055555555555554	0.0	2.0	1.5	0.0	2160	candidate_unreleased	False
holdout	antagonistic_program	6010	program_max_alpha_4	target	0.7656903631744603	0.8722222222222221	0.42857142857142855	0.38055555555555554	0.0	4.0	1.5	0.0	2160	candidate_unreleased	False
holdout	antagonistic_program	6010	program_max_alpha_4	reference	0.7132194524168254	0.9777777777777777	0.6190476190476191	0.38055555555555554	0.0	4.0	1.5	0.0	2160	candidate_unreleased	False
holdout	antagonistic_program	6010	program_max_alpha_6	target	0.7656903631744603	0.8722222222222221	0.42857142857142855	0.38055555555555554	0.0	6.0	1.5	0.0	2160	candidate_unreleased	False
holdout	antagonistic_program	6010	program_max_alpha_6	reference	0.7132194524168254	0.9777777777777777	0.6190476190476191	0.38055555555555554	0.0	6.0	1.5	0.0	2160	candidate_unreleased	False
holdout	antagonistic_program	6011	program_max_alpha_0	target	0.8234362271118846	0.8622448979591836	0.38095238095238093	0.37546296296296294	0.0	0.0	1.5	0.0	2160	candidate_unreleased	False
holdout	antagonistic_program	6011	program_max_alpha_0	reference	0.6356822109141241	0.7222222222222222	0.6190476190476191	0.37546296296296294	0.0	0.0	1.5	0.0	2160	candidate_unreleased	False
holdout	antagonistic_program	6011	program_max_alpha_1	target	0.8234362271118846	0.8622448979591836	0.38095238095238093	0.37546296296296294	0.0	1.0	1.5	0.0	2160	candidate_unreleased	False
holdout	antagonistic_program	6011	program_max_alpha_1	reference	0.6356822109141241	0.7222222222222222	0.6190476190476191	0.37546296296296294	0.0	1.0	1.5	0.0	2160	candidate_unreleased	False
holdout	antagonistic_program	6011	program_max_alpha_2	target	0.8234362271118846	0.8622448979591836	0.38095238095238093	0.37546296296296294	0.0	2.0	1.5	0.0	2160	candidate_unreleased	False
holdout	antagonistic_program	6011	program_max_alpha_2	reference	0.6356822109141241	0.7222222222222222	0.6190476190476191	0.37546296296296294	0.0	2.0	1.5	0.0	2160	candidate_unreleased	False
holdout	antagonistic_program	6011	program_max_alpha_4	target	0.8234362271118846	0.8622448979591836	0.38095238095238093	0.37546296296296294	0.0	4.0	1.5	0.0	2160	candidate_unreleased	False
holdout	antagonistic_program	6011	program_max_alpha_4	reference	0.6356822109141241	0.7222222222222222	0.6190476190476191	0.37546296296296294	0.0	4.0	1.5	0.0	2160	candidate_unreleased	False
holdout	antagonistic_program	6011	program_max_alpha_6	target	0.8234362271118846	0.8622448979591836	0.38095238095238093	0.37546296296296294	0.0	6.0	1.5	0.0	2160	candidate_unreleased	False
holdout	antagonistic_program	6011	program_max_alpha_6	reference	0.6356822109141241	0.7222222222222222	0.6190476190476191	0.37546296296296294	0.0	6.0	1.5	0.0	2160	candidate_unreleased	False
holdout	antagonistic_program	6012	program_max_alpha_0	target	0.9392812773843643	0.9666666666666667	0.6190476190476191	0.36203703703703705	0.0	0.0	1.5	0.0	2160	candidate_unreleased	False
holdout	antagonistic_program	6012	program_max_alpha_0	reference	0.5142207234261775	0.6944444444444444	0.5714285714285714	0.36203703703703705	0.0	0.0	1.5	0.0	2160	candidate_unreleased	False
holdout	antagonistic_program	6012	program_max_alpha_1	target	0.9392812773843643	0.9666666666666667	0.6190476190476191	0.36203703703703705	0.0	1.0	1.5	0.0	2160	candidate_unreleased	False
holdout	antagonistic_program	6012	program_max_alpha_1	reference	0.5142207234261775	0.6944444444444444	0.5714285714285714	0.36203703703703705	0.0	1.0	1.5	0.0	2160	candidate_unreleased	False
holdout	antagonistic_program	6012	program_max_alpha_2	target	0.9392812773843643	0.9666666666666667	0.6190476190476191	0.36203703703703705	0.0	2.0	1.5	0.0	2160	candidate_unreleased	False
holdout	antagonistic_program	6012	program_max_alpha_2	reference	0.5142207234261775	0.6944444444444444	0.5714285714285714	0.36203703703703705	0.0	2.0	1.5	0.0	2160	candidate_unreleased	False
holdout	antagonistic_program	6012	program_max_alpha_4	target	0.9392812773843643	0.9666666666666667	0.6190476190476191	0.36203703703703705	0.0	4.0	1.5	0.0	2160	candidate_unreleased	False
holdout	antagonistic_program	6012	program_max_alpha_4	reference	0.5142207234261775	0.6944444444444444	0.5714285714285714	0.36203703703703705	0.0	4.0	1.5	0.0	2160	candidate_unreleased	False
holdout	antagonistic_program	6012	program_max_alpha_6	target	0.9392812773843643	0.9666666666666667	0.6190476190476191	0.36203703703703705	0.0	6.0	1.5	0.0	2160	candidate_unreleased	False
holdout	antagonistic_program	6012	program_max_alpha_6	reference	0.5142207234261775	0.6944444444444444	0.5714285714285714	0.36203703703703705	0.0	6.0	1.5	0.0	2160	candidate_unreleased	False
holdout	antagonistic_program	6013	program_max_alpha_0	target	0.8390346093994814	0.9888888888888889	0.6190476190476191	0.37222222222222223	0.0	0.0	1.5	0.0	2160	candidate_unreleased	False
holdout	antagonistic_program	6013	program_max_alpha_0	reference	0.8733312087886816	0.9277777777777777	0.38095238095238093	0.37222222222222223	0.0	0.0	1.5	0.0	2160	candidate_unreleased	False
holdout	antagonistic_program	6013	program_max_alpha_1	target	0.8390346093994814	0.9888888888888889	0.6190476190476191	0.37222222222222223	0.0	1.0	1.5	0.0	2160	candidate_unreleased	False
holdout	antagonistic_program	6013	program_max_alpha_1	reference	0.8733312087886816	0.9277777777777777	0.38095238095238093	0.37222222222222223	0.0	1.0	1.5	0.0	2160	candidate_unreleased	False
holdout	antagonistic_program	6013	program_max_alpha_2	target	0.8390346093994814	0.9888888888888889	0.6190476190476191	0.37222222222222223	0.0	2.0	1.5	0.0	2160	candidate_unreleased	False
holdout	antagonistic_program	6013	program_max_alpha_2	reference	0.8733312087886816	0.9277777777777777	0.38095238095238093	0.37222222222222223	0.0	2.0	1.5	0.0	2160	candidate_unreleased	False
holdout	antagonistic_program	6013	program_max_alpha_4	target	0.8390346093994814	0.9888888888888889	0.6190476190476191	0.37222222222222223	0.0	4.0	1.5	0.0	2160	candidate_unreleased	False
holdout	antagonistic_program	6013	program_max_alpha_4	reference	0.8733312087886816	0.9277777777777777	0.38095238095238093	0.37222222222222223	0.0	4.0	1.5	0.0	2160	candidate_unreleased	False
holdout	antagonistic_program	6013	program_max_alpha_6	target	0.8390346093994814	0.9888888888888889	0.6190476190476191	0.37222222222222223	0.0	6.0	1.5	0.0	2160	candidate_unreleased	False
holdout	antagonistic_program	6013	program_max_alpha_6	reference	0.8733312087886816	0.9277777777777777	0.38095238095238093	0.37222222222222223	0.0	6.0	1.5	0.0	2160	candidate_unreleased	False
holdout	antagonistic_program	6014	program_max_alpha_0	target	0.8479157430750657	0.8500000000000001	0.5238095238095238	0.3773148148148148	0.0	0.0	1.5	0.0	2160	candidate_unreleased	False
holdout	antagonistic_program	6014	program_max_alpha_0	reference	0.6489057377008981	0.7555555555555555	0.7619047619047619	0.3773148148148148	0.0	0.0	1.5	0.0	2160	candidate_unreleased	False
holdout	antagonistic_program	6014	program_max_alpha_1	target	0.8479157430750657	0.8500000000000001	0.5238095238095238	0.3773148148148148	0.0	1.0	1.5	0.0	2160	candidate_unreleased	False
holdout	antagonistic_program	6014	program_max_alpha_1	reference	0.6489057377008981	0.7555555555555555	0.7619047619047619	0.3773148148148148	0.0	1.0	1.5	0.0	2160	candidate_unreleased	False
holdout	antagonistic_program	6014	program_max_alpha_2	target	0.8479157430750657	0.8500000000000001	0.5238095238095238	0.3773148148148148	0.0	2.0	1.5	0.0	2160	candidate_unreleased	False
holdout	antagonistic_program	6014	program_max_alpha_2	reference	0.6489057377008981	0.7555555555555555	0.7619047619047619	0.3773148148148148	0.0	2.0	1.5	0.0	2160	candidate_unreleased	False
holdout	antagonistic_program	6014	program_max_alpha_4	target	0.8479157430750657	0.8500000000000001	0.5238095238095238	0.3773148148148148	0.0	4.0	1.5	0.0	2160	candidate_unreleased	False
holdout	antagonistic_program	6014	program_max_alpha_4	reference	0.6489057377008981	0.7555555555555555	0.7619047619047619	0.3773148148148148	0.0	4.0	1.5	0.0	2160	candidate_unreleased	False
holdout	antagonistic_program	6014	program_max_alpha_6	target	0.8479157430750657	0.8500000000000001	0.5238095238095238	0.3773148148148148	0.0	6.0	1.5	0.0	2160	candidate_unreleased	False
holdout	antagonistic_program	6014	program_max_alpha_6	reference	0.6489057377008981	0.7555555555555555	0.7619047619047619	0.3773148148148148	0.0	6.0	1.5	0.0	2160	candidate_unreleased	False
holdout	antagonistic_program	6015	program_max_alpha_0	target	0.6417177185062484	0.8555555555555556	0.6190476190476191	0.36898148148148147	0.0	0.0	1.5	0.0	2160	candidate_unreleased	False
holdout	antagonistic_program	6015	program_max_alpha_0	reference	0.7552165680804018	0.9888888888888889	0.38095238095238093	0.36898148148148147	0.0	0.0	1.5	0.0	2160	candidate_unreleased	False
holdout	antagonistic_program	6015	program_max_alpha_1	target	0.6417177185062484	0.8555555555555556	0.6190476190476191	0.36898148148148147	0.0	1.0	1.5	0.0	2160	candidate_unreleased	False
holdout	antagonistic_program	6015	program_max_alpha_1	reference	0.7552165680804018	0.9888888888888889	0.38095238095238093	0.36898148148148147	0.0	1.0	1.5	0.0	2160	candidate_unreleased	False
holdout	antagonistic_program	6015	program_max_alpha_2	target	0.6417177185062484	0.8555555555555556	0.6190476190476191	0.36898148148148147	0.0	2.0	1.5	0.0	2160	candidate_unreleased	False
holdout	antagonistic_program	6015	program_max_alpha_2	reference	0.7552165680804018	0.9888888888888889	0.38095238095238093	0.36898148148148147	0.0	2.0	1.5	0.0	2160	candidate_unreleased	False
holdout	antagonistic_program	6015	program_max_alpha_4	target	0.6417177185062484	0.8555555555555556	0.6190476190476191	0.36898148148148147	0.0	4.0	1.5	0.0	2160	candidate_unreleased	False
holdout	antagonistic_program	6015	program_max_alpha_4	reference	0.7552165680804018	0.9888888888888889	0.38095238095238093	0.36898148148148147	0.0	4.0	1.5	0.0	2160	candidate_unreleased	False
holdout	antagonistic_program	6015	program_max_alpha_6	target	0.6417177185062484	0.8555555555555556	0.6190476190476191	0.36898148148148147	0.0	6.0	1.5	0.0	2160	candidate_unreleased	False
holdout	antagonistic_program	6015	program_max_alpha_6	reference	0.7552165680804018	0.9888888888888889	0.38095238095238093	0.36898148148148147	0.0	6.0	1.5	0.0	2160	candidate_unreleased	False
holdout	antagonistic_program	6016	program_max_alpha_0	target	0.7930021316681111	0.8833333333333333	0.6666666666666666	0.37962962962962965	0.0	0.0	1.5	0.0	2160	candidate_unreleased	False
holdout	antagonistic_program	6016	program_max_alpha_0	reference	0.7369282619779445	0.9888888888888888	0.6190476190476191	0.37962962962962965	0.0	0.0	1.5	0.0	2160	candidate_unreleased	False
holdout	antagonistic_program	6016	program_max_alpha_1	target	0.7930021316681111	0.8833333333333333	0.6666666666666666	0.37962962962962965	0.0	1.0	1.5	0.0	2160	candidate_unreleased	False
holdout	antagonistic_program	6016	program_max_alpha_1	reference	0.7369282619779445	0.9888888888888888	0.6190476190476191	0.37962962962962965	0.0	1.0	1.5	0.0	2160	candidate_unreleased	False
holdout	antagonistic_program	6016	program_max_alpha_2	target	0.7930021316681111	0.8833333333333333	0.6666666666666666	0.37962962962962965	0.0	2.0	1.5	0.0	2160	candidate_unreleased	False
holdout	antagonistic_program	6016	program_max_alpha_2	reference	0.7369282619779445	0.9888888888888888	0.6190476190476191	0.37962962962962965	0.0	2.0	1.5	0.0	2160	candidate_unreleased	False
holdout	antagonistic_program	6016	program_max_alpha_4	target	0.7930021316681111	0.8833333333333333	0.6666666666666666	0.37962962962962965	0.0	4.0	1.5	0.0	2160	candidate_unreleased	False
holdout	antagonistic_program	6016	program_max_alpha_4	reference	0.7369282619779445	0.9888888888888888	0.6190476190476191	0.37962962962962965	0.0	4.0	1.5	0.0	2160	candidate_unreleased	False
holdout	antagonistic_program	6016	program_max_alpha_6	target	0.7930021316681111	0.8833333333333333	0.6666666666666666	0.37962962962962965	0.0	6.0	1.5	0.0	2160	candidate_unreleased	False
holdout	antagonistic_program	6016	program_max_alpha_6	reference	0.7369282619779445	0.9888888888888888	0.6190476190476191	0.37962962962962965	0.0	6.0	1.5	0.0	2160	candidate_unreleased	False
holdout	antagonistic_program	6017	program_max_alpha_0	target	0.7285484729681175	0.9336734693877551	0.6190476190476191	0.38842592592592595	0.0	0.0	1.5	0.0	2160	candidate_unreleased	False
holdout	antagonistic_program	6017	program_max_alpha_0	reference	0.8695173569631643	1.0	0.5238095238095238	0.38842592592592595	0.0	0.0	1.5	0.0	2160	candidate_unreleased	False
holdout	antagonistic_program	6017	program_max_alpha_1	target	0.7285484729681175	0.9336734693877551	0.6190476190476191	0.38842592592592595	0.0	1.0	1.5	0.0	2160	candidate_unreleased	False
holdout	antagonistic_program	6017	program_max_alpha_1	reference	0.8695173569631643	1.0	0.5238095238095238	0.38842592592592595	0.0	1.0	1.5	0.0	2160	candidate_unreleased	False
holdout	antagonistic_program	6017	program_max_alpha_2	target	0.7285484729681175	0.9336734693877551	0.6190476190476191	0.38842592592592595	0.0	2.0	1.5	0.0	2160	candidate_unreleased	False
holdout	antagonistic_program	6017	program_max_alpha_2	reference	0.8695173569631643	1.0	0.5238095238095238	0.38842592592592595	0.0	2.0	1.5	0.0	2160	candidate_unreleased	False
holdout	antagonistic_program	6017	program_max_alpha_4	target	0.7285484729681175	0.9336734693877551	0.6190476190476191	0.38842592592592595	0.0	4.0	1.5	0.0	2160	candidate_unreleased	False
holdout	antagonistic_program	6017	program_max_alpha_4	reference	0.8695173569631643	1.0	0.5238095238095238	0.38842592592592595	0.0	4.0	1.5	0.0	2160	candidate_unreleased	False
holdout	antagonistic_program	6017	program_max_alpha_6	target	0.7285484729681175	0.9336734693877551	0.6190476190476191	0.38842592592592595	0.0	6.0	1.5	0.0	2160	candidate_unreleased	False
holdout	antagonistic_program	6017	program_max_alpha_6	reference	0.8695173569631643	1.0	0.5238095238095238	0.38842592592592595	0.0	6.0	1.5	0.0	2160	candidate_unreleased	False
holdout	antagonistic_program	6018	program_max_alpha_0	target	0.7374454327361658	0.8877551020408164	0.5714285714285714	0.38425925925925924	0.0	0.0	1.5	0.0	2160	candidate_unreleased	False
holdout	antagonistic_program	6018	program_max_alpha_0	reference	0.5895969743600804	0.7055555555555556	0.5714285714285714	0.38425925925925924	0.0	0.0	1.5	0.0	2160	candidate_unreleased	False
holdout	antagonistic_program	6018	program_max_alpha_1	target	0.7374454327361658	0.8877551020408164	0.5714285714285714	0.38425925925925924	0.0	1.0	1.5	0.0	2160	candidate_unreleased	False
holdout	antagonistic_program	6018	program_max_alpha_1	reference	0.5895969743600804	0.7055555555555556	0.5714285714285714	0.38425925925925924	0.0	1.0	1.5	0.0	2160	candidate_unreleased	False
holdout	antagonistic_program	6018	program_max_alpha_2	target	0.7374454327361658	0.8877551020408164	0.5714285714285714	0.38425925925925924	0.0	2.0	1.5	0.0	2160	candidate_unreleased	False
holdout	antagonistic_program	6018	program_max_alpha_2	reference	0.5895969743600804	0.7055555555555556	0.5714285714285714	0.38425925925925924	0.0	2.0	1.5	0.0	2160	candidate_unreleased	False
holdout	antagonistic_program	6018	program_max_alpha_4	target	0.7374454327361658	0.8877551020408164	0.5714285714285714	0.38425925925925924	0.0	4.0	1.5	0.0	2160	candidate_unreleased	False
holdout	antagonistic_program	6018	program_max_alpha_4	reference	0.5895969743600804	0.7055555555555556	0.5714285714285714	0.38425925925925924	0.0	4.0	1.5	0.0	2160	candidate_unreleased	False
holdout	antagonistic_program	6018	program_max_alpha_6	target	0.7374454327361658	0.8877551020408164	0.5714285714285714	0.38425925925925924	0.0	6.0	1.5	0.0	2160	candidate_unreleased	False
holdout	antagonistic_program	6018	program_max_alpha_6	reference	0.5895969743600804	0.7055555555555556	0.5714285714285714	0.38425925925925924	0.0	6.0	1.5	0.0	2160	candidate_unreleased	False
holdout	antagonistic_program	6019	program_max_alpha_0	target	0.5737857821642911	0.8166666666666667	0.5238095238095238	0.38101851851851853	0.0	0.0	1.5	0.0	2160	candidate_unreleased	False
holdout	antagonistic_program	6019	program_max_alpha_0	reference	0.8780250406304652	1.0	0.47619047619047616	0.38101851851851853	0.0	0.0	1.5	0.0	2160	candidate_unreleased	False
holdout	antagonistic_program	6019	program_max_alpha_1	target	0.5737857821642911	0.8166666666666667	0.5238095238095238	0.38101851851851853	0.0	1.0	1.5	0.0	2160	candidate_unreleased	False
holdout	antagonistic_program	6019	program_max_alpha_1	reference	0.8780250406304652	1.0	0.47619047619047616	0.38101851851851853	0.0	1.0	1.5	0.0	2160	candidate_unreleased	False
holdout	antagonistic_program	6019	program_max_alpha_2	target	0.5737857821642911	0.8166666666666667	0.5238095238095238	0.38101851851851853	0.0	2.0	1.5	0.0	2160	candidate_unreleased	False
holdout	antagonistic_program	6019	program_max_alpha_2	reference	0.8780250406304652	1.0	0.47619047619047616	0.38101851851851853	0.0	2.0	1.5	0.0	2160	candidate_unreleased	False
holdout	antagonistic_program	6019	program_max_alpha_4	target	0.5737857821642911	0.8166666666666667	0.5238095238095238	0.38101851851851853	0.0	4.0	1.5	0.0	2160	candidate_unreleased	False
holdout	antagonistic_program	6019	program_max_alpha_4	reference	0.8780250406304652	1.0	0.47619047619047616	0.38101851851851853	0.0	4.0	1.5	0.0	2160	candidate_unreleased	False
holdout	antagonistic_program	6019	program_max_alpha_6	target	0.5737857821642911	0.8166666666666667	0.5238095238095238	0.38101851851851853	0.0	6.0	1.5	0.0	2160	candidate_unreleased	False
holdout	antagonistic_program	6019	program_max_alpha_6	reference	0.8780250406304652	1.0	0.47619047619047616	0.38101851851851853	0.0	6.0	1.5	0.0	2160	candidate_unreleased	False
holdout	antagonistic_program	6020	program_max_alpha_0	target	0.6506109865996211	0.9166666666666667	0.6666666666666666	0.3731481481481482	0.0	0.0	1.5	0.0	2160	candidate_unreleased	False
holdout	antagonistic_program	6020	program_max_alpha_0	reference	0.8833714943791561	0.9540816326530611	0.6190476190476191	0.3731481481481482	0.0	0.0	1.5	0.0	2160	candidate_unreleased	False
holdout	antagonistic_program	6020	program_max_alpha_1	target	0.6506109865996211	0.9166666666666667	0.6666666666666666	0.3731481481481482	0.0	1.0	1.5	0.0	2160	candidate_unreleased	False
holdout	antagonistic_program	6020	program_max_alpha_1	reference	0.8833714943791561	0.9540816326530611	0.6190476190476191	0.3731481481481482	0.0	1.0	1.5	0.0	2160	candidate_unreleased	False
holdout	antagonistic_program	6020	program_max_alpha_2	target	0.6506109865996211	0.9166666666666667	0.6666666666666666	0.3731481481481482	0.0	2.0	1.5	0.0	2160	candidate_unreleased	False
holdout	antagonistic_program	6020	program_max_alpha_2	reference	0.8833714943791561	0.9540816326530611	0.6190476190476191	0.3731481481481482	0.0	2.0	1.5	0.0	2160	candidate_unreleased	False
holdout	antagonistic_program	6020	program_max_alpha_4	target	0.6506109865996211	0.9166666666666667	0.6666666666666666	0.3731481481481482	0.0	4.0	1.5	0.0	2160	candidate_unreleased	False
holdout	antagonistic_program	6020	program_max_alpha_4	reference	0.8833714943791561	0.9540816326530611	0.6190476190476191	0.3731481481481482	0.0	4.0	1.5	0.0	2160	candidate_unreleased	False
holdout	antagonistic_program	6020	program_max_alpha_6	target	0.6506109865996211	0.9166666666666667	0.6666666666666666	0.3731481481481482	0.0	6.0	1.5	0.0	2160	candidate_unreleased	False
holdout	antagonistic_program	6020	program_max_alpha_6	reference	0.8833714943791561	0.9540816326530611	0.6190476190476191	0.3731481481481482	0.0	6.0	1.5	0.0	2160	candidate_unreleased	False
holdout	global_null	6001	program_max_alpha_0	target			0.8571428571428571	0.475	0.0	0.0	1.5	0.0	2160	candidate_unreleased	False
holdout	global_null	6001	program_max_alpha_0	reference			0.9523809523809523	0.475	0.0	0.0	1.5	0.0	2160	candidate_unreleased	False
holdout	global_null	6001	program_max_alpha_1	target			0.8571428571428571	0.475	0.0	1.0	1.5	0.0	2160	candidate_unreleased	False
holdout	global_null	6001	program_max_alpha_1	reference			0.9523809523809523	0.475	0.0	1.0	1.5	0.0	2160	candidate_unreleased	False
holdout	global_null	6001	program_max_alpha_2	target			0.8571428571428571	0.475	0.0	2.0	1.5	0.0	2160	candidate_unreleased	False
holdout	global_null	6001	program_max_alpha_2	reference			0.9523809523809523	0.475	0.0	2.0	1.5	0.0	2160	candidate_unreleased	False
holdout	global_null	6001	program_max_alpha_4	target			0.8571428571428571	0.475	0.0	4.0	1.5	0.0	2160	candidate_unreleased	False
holdout	global_null	6001	program_max_alpha_4	reference			0.9523809523809523	0.475	0.0	4.0	1.5	0.0	2160	candidate_unreleased	False
holdout	global_null	6001	program_max_alpha_6	target			0.8571428571428571	0.475	0.0	6.0	1.5	0.0	2160	candidate_unreleased	False
holdout	global_null	6001	program_max_alpha_6	reference			0.9523809523809523	0.475	0.0	6.0	1.5	0.0	2160	candidate_unreleased	False
holdout	global_null	6002	program_max_alpha_0	target			0.9523809523809523	0.4976851851851852	0.0	0.0	1.5	0.0	2160	candidate_unreleased	False
holdout	global_null	6002	program_max_alpha_0	reference			0.9523809523809523	0.4976851851851852	0.0	0.0	1.5	0.0	2160	candidate_unreleased	False
holdout	global_null	6002	program_max_alpha_1	target			0.9523809523809523	0.4976851851851852	0.0	1.0	1.5	0.0	2160	candidate_unreleased	False
holdout	global_null	6002	program_max_alpha_1	reference			0.9523809523809523	0.4976851851851852	0.0	1.0	1.5	0.0	2160	candidate_unreleased	False
holdout	global_null	6002	program_max_alpha_2	target			0.9523809523809523	0.4976851851851852	0.0	2.0	1.5	0.0	2160	candidate_unreleased	False
holdout	global_null	6002	program_max_alpha_2	reference			0.9523809523809523	0.4976851851851852	0.0	2.0	1.5	0.0	2160	candidate_unreleased	False
holdout	global_null	6002	program_max_alpha_4	target			0.9523809523809523	0.4976851851851852	0.0	4.0	1.5	0.0	2160	candidate_unreleased	False
holdout	global_null	6002	program_max_alpha_4	reference			0.9523809523809523	0.4976851851851852	0.0	4.0	1.5	0.0	2160	candidate_unreleased	False
holdout	global_null	6002	program_max_alpha_6	target			0.9523809523809523	0.4976851851851852	0.0	6.0	1.5	0.0	2160	candidate_unreleased	False
holdout	global_null	6002	program_max_alpha_6	reference			0.9523809523809523	0.4976851851851852	0.0	6.0	1.5	0.0	2160	candidate_unreleased	False
holdout	global_null	6003	program_max_alpha_0	target			0.9523809523809523	0.5083333333333333	0.016666666666666607	0.0	1.5	0.0	2160	candidate_unreleased	False
holdout	global_null	6003	program_max_alpha_0	reference			1.0	0.5083333333333333	0.016666666666666607	0.0	1.5	0.0	2160	candidate_unreleased	False
holdout	global_null	6003	program_max_alpha_1	target			0.14285714285714285	0.5083333333333333	0.016666666666666607	1.0	1.5	0.016666666666666607	2160	candidate_unreleased	False
holdout	global_null	6003	program_max_alpha_1	reference			0.14285714285714285	0.5083333333333333	0.016666666666666607	1.0	1.5	0.016666666666666607	2160	candidate_unreleased	False
holdout	global_null	6003	program_max_alpha_2	target			0.14285714285714285	0.5083333333333333	0.016666666666666607	2.0	1.5	0.033333333333333215	2160	candidate_unreleased	False
holdout	global_null	6003	program_max_alpha_2	reference			0.14285714285714285	0.5083333333333333	0.016666666666666607	2.0	1.5	0.033333333333333215	2160	candidate_unreleased	False
holdout	global_null	6003	program_max_alpha_4	target			0.14285714285714285	0.5083333333333333	0.016666666666666607	4.0	1.5	0.06666666666666643	2160	candidate_unreleased	False
holdout	global_null	6003	program_max_alpha_4	reference			0.14285714285714285	0.5083333333333333	0.016666666666666607	4.0	1.5	0.06666666666666643	2160	candidate_unreleased	False
holdout	global_null	6003	program_max_alpha_6	target			0.14285714285714285	0.5083333333333333	0.016666666666666607	6.0	1.5	0.09999999999999964	2160	candidate_unreleased	False
holdout	global_null	6003	program_max_alpha_6	reference			0.14285714285714285	0.5083333333333333	0.016666666666666607	6.0	1.5	0.09999999999999964	2160	candidate_unreleased	False
holdout	global_null	6004	program_max_alpha_0	target			0.9523809523809523	0.49027777777777776	0.0	0.0	1.5	0.0	2160	candidate_unreleased	False
holdout	global_null	6004	program_max_alpha_0	reference			0.9047619047619048	0.49027777777777776	0.0	0.0	1.5	0.0	2160	candidate_unreleased	False
holdout	global_null	6004	program_max_alpha_1	target			0.9523809523809523	0.49027777777777776	0.0	1.0	1.5	0.0	2160	candidate_unreleased	False
holdout	global_null	6004	program_max_alpha_1	reference			0.9047619047619048	0.49027777777777776	0.0	1.0	1.5	0.0	2160	candidate_unreleased	False
holdout	global_null	6004	program_max_alpha_2	target			0.9523809523809523	0.49027777777777776	0.0	2.0	1.5	0.0	2160	candidate_unreleased	False
holdout	global_null	6004	program_max_alpha_2	reference			0.9047619047619048	0.49027777777777776	0.0	2.0	1.5	0.0	2160	candidate_unreleased	False
holdout	global_null	6004	program_max_alpha_4	target			0.9523809523809523	0.49027777777777776	0.0	4.0	1.5	0.0	2160	candidate_unreleased	False
holdout	global_null	6004	program_max_alpha_4	reference			0.9047619047619048	0.49027777777777776	0.0	4.0	1.5	0.0	2160	candidate_unreleased	False
holdout	global_null	6004	program_max_alpha_6	target			0.9523809523809523	0.49027777777777776	0.0	6.0	1.5	0.0	2160	candidate_unreleased	False
holdout	global_null	6004	program_max_alpha_6	reference			0.9047619047619048	0.49027777777777776	0.0	6.0	1.5	0.0	2160	candidate_unreleased	False
holdout	global_null	6005	program_max_alpha_0	target			0.9523809523809523	0.5074074074074074	0.014814814814814836	0.0	1.5	0.0	2160	candidate_unreleased	False
holdout	global_null	6005	program_max_alpha_0	reference			1.0	0.5074074074074074	0.014814814814814836	0.0	1.5	0.0	2160	candidate_unreleased	False
holdout	global_null	6005	program_max_alpha_1	target			0.14285714285714285	0.5074074074074074	0.014814814814814836	1.0	1.5	0.014814814814814836	2160	candidate_unreleased	False
holdout	global_null	6005	program_max_alpha_1	reference			0.0	0.5074074074074074	0.014814814814814836	1.0	1.5	0.014814814814814836	2160	candidate_unreleased	False
holdout	global_null	6005	program_max_alpha_2	target			0.14285714285714285	0.5074074074074074	0.014814814814814836	2.0	1.5	0.029629629629629672	2160	candidate_unreleased	False
holdout	global_null	6005	program_max_alpha_2	reference			0.0	0.5074074074074074	0.014814814814814836	2.0	1.5	0.029629629629629672	2160	candidate_unreleased	False
holdout	global_null	6005	program_max_alpha_4	target			0.14285714285714285	0.5074074074074074	0.014814814814814836	4.0	1.5	0.059259259259259345	2160	candidate_unreleased	False
holdout	global_null	6005	program_max_alpha_4	reference			0.0	0.5074074074074074	0.014814814814814836	4.0	1.5	0.059259259259259345	2160	candidate_unreleased	False
holdout	global_null	6005	program_max_alpha_6	target			0.14285714285714285	0.5074074074074074	0.014814814814814836	6.0	1.5	0.08888888888888902	2160	candidate_unreleased	False
holdout	global_null	6005	program_max_alpha_6	reference			0.0	0.5074074074074074	0.014814814814814836	6.0	1.5	0.08888888888888902	2160	candidate_unreleased	False
holdout	global_null	6006	program_max_alpha_0	target			1.0	0.47962962962962963	0.0	0.0	1.5	0.0	2160	candidate_unreleased	False
holdout	global_null	6006	program_max_alpha_0	reference			0.9047619047619048	0.47962962962962963	0.0	0.0	1.5	0.0	2160	candidate_unreleased	False
holdout	global_null	6006	program_max_alpha_1	target			1.0	0.47962962962962963	0.0	1.0	1.5	0.0	2160	candidate_unreleased	False
holdout	global_null	6006	program_max_alpha_1	reference			0.9047619047619048	0.47962962962962963	0.0	1.0	1.5	0.0	2160	candidate_unreleased	False
holdout	global_null	6006	program_max_alpha_2	target			1.0	0.47962962962962963	0.0	2.0	1.5	0.0	2160	candidate_unreleased	False
holdout	global_null	6006	program_max_alpha_2	reference			0.9047619047619048	0.47962962962962963	0.0	2.0	1.5	0.0	2160	candidate_unreleased	False
holdout	global_null	6006	program_max_alpha_4	target			1.0	0.47962962962962963	0.0	4.0	1.5	0.0	2160	candidate_unreleased	False
holdout	global_null	6006	program_max_alpha_4	reference			0.9047619047619048	0.47962962962962963	0.0	4.0	1.5	0.0	2160	candidate_unreleased	False
holdout	global_null	6006	program_max_alpha_6	target			1.0	0.47962962962962963	0.0	6.0	1.5	0.0	2160	candidate_unreleased	False
holdout	global_null	6006	program_max_alpha_6	reference			0.9047619047619048	0.47962962962962963	0.0	6.0	1.5	0.0	2160	candidate_unreleased	False
holdout	global_null	6007	program_max_alpha_0	target			0.9047619047619048	0.4875	0.0	0.0	1.5	0.0	2160	candidate_unreleased	False
holdout	global_null	6007	program_max_alpha_0	reference			1.0	0.4875	0.0	0.0	1.5	0.0	2160	candidate_unreleased	False
holdout	global_null	6007	program_max_alpha_1	target			0.9047619047619048	0.4875	0.0	1.0	1.5	0.0	2160	candidate_unreleased	False
holdout	global_null	6007	program_max_alpha_1	reference			1.0	0.4875	0.0	1.0	1.5	0.0	2160	candidate_unreleased	False
holdout	global_null	6007	program_max_alpha_2	target			0.9047619047619048	0.4875	0.0	2.0	1.5	0.0	2160	candidate_unreleased	False
holdout	global_null	6007	program_max_alpha_2	reference			1.0	0.4875	0.0	2.0	1.5	0.0	2160	candidate_unreleased	False
holdout	global_null	6007	program_max_alpha_4	target			0.9047619047619048	0.4875	0.0	4.0	1.5	0.0	2160	candidate_unreleased	False
holdout	global_null	6007	program_max_alpha_4	reference			1.0	0.4875	0.0	4.0	1.5	0.0	2160	candidate_unreleased	False
holdout	global_null	6007	program_max_alpha_6	target			0.9047619047619048	0.4875	0.0	6.0	1.5	0.0	2160	candidate_unreleased	False
holdout	global_null	6007	program_max_alpha_6	reference			1.0	0.4875	0.0	6.0	1.5	0.0	2160	candidate_unreleased	False
holdout	global_null	6008	program_max_alpha_0	target			0.9047619047619048	0.49027777777777776	0.0	0.0	1.5	0.0	2160	candidate_unreleased	False
holdout	global_null	6008	program_max_alpha_0	reference			0.9523809523809523	0.49027777777777776	0.0	0.0	1.5	0.0	2160	candidate_unreleased	False
holdout	global_null	6008	program_max_alpha_1	target			0.9047619047619048	0.49027777777777776	0.0	1.0	1.5	0.0	2160	candidate_unreleased	False
holdout	global_null	6008	program_max_alpha_1	reference			0.9523809523809523	0.49027777777777776	0.0	1.0	1.5	0.0	2160	candidate_unreleased	False
holdout	global_null	6008	program_max_alpha_2	target			0.9047619047619048	0.49027777777777776	0.0	2.0	1.5	0.0	2160	candidate_unreleased	False
holdout	global_null	6008	program_max_alpha_2	reference			0.9523809523809523	0.49027777777777776	0.0	2.0	1.5	0.0	2160	candidate_unreleased	False
holdout	global_null	6008	program_max_alpha_4	target			0.9047619047619048	0.49027777777777776	0.0	4.0	1.5	0.0	2160	candidate_unreleased	False
holdout	global_null	6008	program_max_alpha_4	reference			0.9523809523809523	0.49027777777777776	0.0	4.0	1.5	0.0	2160	candidate_unreleased	False
holdout	global_null	6008	program_max_alpha_6	target			0.9047619047619048	0.49027777777777776	0.0	6.0	1.5	0.0	2160	candidate_unreleased	False
holdout	global_null	6008	program_max_alpha_6	reference			0.9523809523809523	0.49027777777777776	0.0	6.0	1.5	0.0	2160	candidate_unreleased	False
holdout	global_null	6009	program_max_alpha_0	target			1.0	0.5236111111111111	0.047222222222222276	0.0	1.5	0.0	2160	candidate_unreleased	False
holdout	global_null	6009	program_max_alpha_0	reference			0.9047619047619048	0.5236111111111111	0.047222222222222276	0.0	1.5	0.0	2160	candidate_unreleased	False
holdout	global_null	6009	program_max_alpha_1	target			0.09523809523809523	0.5236111111111111	0.047222222222222276	1.0	1.5	0.047222222222222276	2160	candidate_unreleased	False
holdout	global_null	6009	program_max_alpha_1	reference			0.0	0.5236111111111111	0.047222222222222276	1.0	1.5	0.047222222222222276	2160	candidate_unreleased	False
holdout	global_null	6009	program_max_alpha_2	target			0.09523809523809523	0.5236111111111111	0.047222222222222276	2.0	1.5	0.09444444444444455	2160	candidate_unreleased	False
holdout	global_null	6009	program_max_alpha_2	reference			0.0	0.5236111111111111	0.047222222222222276	2.0	1.5	0.09444444444444455	2160	candidate_unreleased	False
holdout	global_null	6009	program_max_alpha_4	target			0.09523809523809523	0.5236111111111111	0.047222222222222276	4.0	1.5	0.1888888888888891	2160	candidate_unreleased	False
holdout	global_null	6009	program_max_alpha_4	reference			0.0	0.5236111111111111	0.047222222222222276	4.0	1.5	0.1888888888888891	2160	candidate_unreleased	False
holdout	global_null	6009	program_max_alpha_6	target			0.09523809523809523	0.5236111111111111	0.047222222222222276	6.0	1.5	0.28333333333333366	2160	candidate_unreleased	False
holdout	global_null	6009	program_max_alpha_6	reference			0.0	0.5236111111111111	0.047222222222222276	6.0	1.5	0.28333333333333366	2160	candidate_unreleased	False
holdout	global_null	6010	program_max_alpha_0	target			0.9523809523809523	0.49953703703703706	0.0	0.0	1.5	0.0	2160	candidate_unreleased	False
holdout	global_null	6010	program_max_alpha_0	reference			0.8095238095238095	0.49953703703703706	0.0	0.0	1.5	0.0	2160	candidate_unreleased	False
holdout	global_null	6010	program_max_alpha_1	target			0.9523809523809523	0.49953703703703706	0.0	1.0	1.5	0.0	2160	candidate_unreleased	False
holdout	global_null	6010	program_max_alpha_1	reference			0.8095238095238095	0.49953703703703706	0.0	1.0	1.5	0.0	2160	candidate_unreleased	False
holdout	global_null	6010	program_max_alpha_2	target			0.9523809523809523	0.49953703703703706	0.0	2.0	1.5	0.0	2160	candidate_unreleased	False
holdout	global_null	6010	program_max_alpha_2	reference			0.8095238095238095	0.49953703703703706	0.0	2.0	1.5	0.0	2160	candidate_unreleased	False
holdout	global_null	6010	program_max_alpha_4	target			0.9523809523809523	0.49953703703703706	0.0	4.0	1.5	0.0	2160	candidate_unreleased	False
holdout	global_null	6010	program_max_alpha_4	reference			0.8095238095238095	0.49953703703703706	0.0	4.0	1.5	0.0	2160	candidate_unreleased	False
holdout	global_null	6010	program_max_alpha_6	target			0.9523809523809523	0.49953703703703706	0.0	6.0	1.5	0.0	2160	candidate_unreleased	False
holdout	global_null	6010	program_max_alpha_6	reference			0.8095238095238095	0.49953703703703706	0.0	6.0	1.5	0.0	2160	candidate_unreleased	False
holdout	global_null	6011	program_max_alpha_0	target			0.9047619047619048	0.500462962962963	0.0009259259259259967	0.0	1.5	0.0	2160	candidate_unreleased	False
holdout	global_null	6011	program_max_alpha_0	reference			1.0	0.500462962962963	0.0009259259259259967	0.0	1.5	0.0	2160	candidate_unreleased	False
holdout	global_null	6011	program_max_alpha_1	target			0.14285714285714285	0.500462962962963	0.0009259259259259967	1.0	1.5	0.0009259259259259967	2160	candidate_unreleased	False
holdout	global_null	6011	program_max_alpha_1	reference			0.0	0.500462962962963	0.0009259259259259967	1.0	1.5	0.0009259259259259967	2160	candidate_unreleased	False
holdout	global_null	6011	program_max_alpha_2	target			0.14285714285714285	0.500462962962963	0.0009259259259259967	2.0	1.5	0.0018518518518519933	2160	candidate_unreleased	False
holdout	global_null	6011	program_max_alpha_2	reference			0.0	0.500462962962963	0.0009259259259259967	2.0	1.5	0.0018518518518519933	2160	candidate_unreleased	False
holdout	global_null	6011	program_max_alpha_4	target			0.14285714285714285	0.500462962962963	0.0009259259259259967	4.0	1.5	0.0037037037037039866	2160	candidate_unreleased	False
holdout	global_null	6011	program_max_alpha_4	reference			0.0	0.500462962962963	0.0009259259259259967	4.0	1.5	0.0037037037037039866	2160	candidate_unreleased	False
holdout	global_null	6011	program_max_alpha_6	target			0.14285714285714285	0.500462962962963	0.0009259259259259967	6.0	1.5	0.00555555555555598	2160	candidate_unreleased	False
holdout	global_null	6011	program_max_alpha_6	reference			0.0	0.500462962962963	0.0009259259259259967	6.0	1.5	0.00555555555555598	2160	candidate_unreleased	False
holdout	global_null	6012	program_max_alpha_0	target			0.8571428571428571	0.500462962962963	0.0009259259259259967	0.0	1.5	0.0	2160	candidate_unreleased	False
holdout	global_null	6012	program_max_alpha_0	reference			1.0	0.500462962962963	0.0009259259259259967	0.0	1.5	0.0	2160	candidate_unreleased	False
holdout	global_null	6012	program_max_alpha_1	target			0.0	0.500462962962963	0.0009259259259259967	1.0	1.5	0.0009259259259259967	2160	candidate_unreleased	False
holdout	global_null	6012	program_max_alpha_1	reference			0.14285714285714285	0.500462962962963	0.0009259259259259967	1.0	1.5	0.0009259259259259967	2160	candidate_unreleased	False
holdout	global_null	6012	program_max_alpha_2	target			0.0	0.500462962962963	0.0009259259259259967	2.0	1.5	0.0018518518518519933	2160	candidate_unreleased	False
holdout	global_null	6012	program_max_alpha_2	reference			0.14285714285714285	0.500462962962963	0.0009259259259259967	2.0	1.5	0.0018518518518519933	2160	candidate_unreleased	False
holdout	global_null	6012	program_max_alpha_4	target			0.0	0.500462962962963	0.0009259259259259967	4.0	1.5	0.0037037037037039866	2160	candidate_unreleased	False
holdout	global_null	6012	program_max_alpha_4	reference			0.14285714285714285	0.500462962962963	0.0009259259259259967	4.0	1.5	0.0037037037037039866	2160	candidate_unreleased	False
holdout	global_null	6012	program_max_alpha_6	target			0.0	0.500462962962963	0.0009259259259259967	6.0	1.5	0.00555555555555598	2160	candidate_unreleased	False
holdout	global_null	6012	program_max_alpha_6	reference			0.14285714285714285	0.500462962962963	0.0009259259259259967	6.0	1.5	0.00555555555555598	2160	candidate_unreleased	False
holdout	global_null	6013	program_max_alpha_0	target			1.0	0.5083333333333333	0.016666666666666607	0.0	1.5	0.0	2160	candidate_unreleased	False
holdout	global_null	6013	program_max_alpha_0	reference			1.0	0.5083333333333333	0.016666666666666607	0.0	1.5	0.0	2160	candidate_unreleased	False
holdout	global_null	6013	program_max_alpha_1	target			0.09523809523809523	0.5083333333333333	0.016666666666666607	1.0	1.5	0.016666666666666607	2160	candidate_unreleased	False
holdout	global_null	6013	program_max_alpha_1	reference			0.0	0.5083333333333333	0.016666666666666607	1.0	1.5	0.016666666666666607	2160	candidate_unreleased	False
holdout	global_null	6013	program_max_alpha_2	target			0.09523809523809523	0.5083333333333333	0.016666666666666607	2.0	1.5	0.033333333333333215	2160	candidate_unreleased	False
holdout	global_null	6013	program_max_alpha_2	reference			0.0	0.5083333333333333	0.016666666666666607	2.0	1.5	0.033333333333333215	2160	candidate_unreleased	False
holdout	global_null	6013	program_max_alpha_4	target			0.09523809523809523	0.5083333333333333	0.016666666666666607	4.0	1.5	0.06666666666666643	2160	candidate_unreleased	False
holdout	global_null	6013	program_max_alpha_4	reference			0.0	0.5083333333333333	0.016666666666666607	4.0	1.5	0.06666666666666643	2160	candidate_unreleased	False
holdout	global_null	6013	program_max_alpha_6	target			0.09523809523809523	0.5083333333333333	0.016666666666666607	6.0	1.5	0.09999999999999964	2160	candidate_unreleased	False
holdout	global_null	6013	program_max_alpha_6	reference			0.0	0.5083333333333333	0.016666666666666607	6.0	1.5	0.09999999999999964	2160	candidate_unreleased	False
holdout	global_null	6014	program_max_alpha_0	target			1.0	0.513425925925926	0.026851851851851904	0.0	1.5	0.0	2160	candidate_unreleased	False
holdout	global_null	6014	program_max_alpha_0	reference			1.0	0.513425925925926	0.026851851851851904	0.0	1.5	0.0	2160	candidate_unreleased	False
holdout	global_null	6014	program_max_alpha_1	target			0.09523809523809523	0.513425925925926	0.026851851851851904	1.0	1.5	0.026851851851851904	2160	candidate_unreleased	False
holdout	global_null	6014	program_max_alpha_1	reference			0.09523809523809523	0.513425925925926	0.026851851851851904	1.0	1.5	0.026851851851851904	2160	candidate_unreleased	False
holdout	global_null	6014	program_max_alpha_2	target			0.09523809523809523	0.513425925925926	0.026851851851851904	2.0	1.5	0.05370370370370381	2160	candidate_unreleased	False
holdout	global_null	6014	program_max_alpha_2	reference			0.09523809523809523	0.513425925925926	0.026851851851851904	2.0	1.5	0.05370370370370381	2160	candidate_unreleased	False
holdout	global_null	6014	program_max_alpha_4	target			0.09523809523809523	0.513425925925926	0.026851851851851904	4.0	1.5	0.10740740740740762	2160	candidate_unreleased	False
holdout	global_null	6014	program_max_alpha_4	reference			0.09523809523809523	0.513425925925926	0.026851851851851904	4.0	1.5	0.10740740740740762	2160	candidate_unreleased	False
holdout	global_null	6014	program_max_alpha_6	target			0.09523809523809523	0.513425925925926	0.026851851851851904	6.0	1.5	0.16111111111111143	2160	candidate_unreleased	False
holdout	global_null	6014	program_max_alpha_6	reference			0.09523809523809523	0.513425925925926	0.026851851851851904	6.0	1.5	0.16111111111111143	2160	candidate_unreleased	False
holdout	global_null	6015	program_max_alpha_0	target			0.9047619047619048	0.49953703703703706	0.0	0.0	1.5	0.0	2160	candidate_unreleased	False
holdout	global_null	6015	program_max_alpha_0	reference			0.9047619047619048	0.49953703703703706	0.0	0.0	1.5	0.0	2160	candidate_unreleased	False
holdout	global_null	6015	program_max_alpha_1	target			0.9047619047619048	0.49953703703703706	0.0	1.0	1.5	0.0	2160	candidate_unreleased	False
holdout	global_null	6015	program_max_alpha_1	reference			0.9047619047619048	0.49953703703703706	0.0	1.0	1.5	0.0	2160	candidate_unreleased	False
holdout	global_null	6015	program_max_alpha_2	target			0.9047619047619048	0.49953703703703706	0.0	2.0	1.5	0.0	2160	candidate_unreleased	False
holdout	global_null	6015	program_max_alpha_2	reference			0.9047619047619048	0.49953703703703706	0.0	2.0	1.5	0.0	2160	candidate_unreleased	False
holdout	global_null	6015	program_max_alpha_4	target			0.9047619047619048	0.49953703703703706	0.0	4.0	1.5	0.0	2160	candidate_unreleased	False
holdout	global_null	6015	program_max_alpha_4	reference			0.9047619047619048	0.49953703703703706	0.0	4.0	1.5	0.0	2160	candidate_unreleased	False
holdout	global_null	6015	program_max_alpha_6	target			0.9047619047619048	0.49953703703703706	0.0	6.0	1.5	0.0	2160	candidate_unreleased	False
holdout	global_null	6015	program_max_alpha_6	reference			0.9047619047619048	0.49953703703703706	0.0	6.0	1.5	0.0	2160	candidate_unreleased	False
holdout	global_null	6016	program_max_alpha_0	target			0.8571428571428571	0.49907407407407406	0.0	0.0	1.5	0.0	2160	candidate_unreleased	False
holdout	global_null	6016	program_max_alpha_0	reference			1.0	0.49907407407407406	0.0	0.0	1.5	0.0	2160	candidate_unreleased	False
holdout	global_null	6016	program_max_alpha_1	target			0.8571428571428571	0.49907407407407406	0.0	1.0	1.5	0.0	2160	candidate_unreleased	False
holdout	global_null	6016	program_max_alpha_1	reference			1.0	0.49907407407407406	0.0	1.0	1.5	0.0	2160	candidate_unreleased	False
holdout	global_null	6016	program_max_alpha_2	target			0.8571428571428571	0.49907407407407406	0.0	2.0	1.5	0.0	2160	candidate_unreleased	False
holdout	global_null	6016	program_max_alpha_2	reference			1.0	0.49907407407407406	0.0	2.0	1.5	0.0	2160	candidate_unreleased	False
holdout	global_null	6016	program_max_alpha_4	target			0.8571428571428571	0.49907407407407406	0.0	4.0	1.5	0.0	2160	candidate_unreleased	False
holdout	global_null	6016	program_max_alpha_4	reference			1.0	0.49907407407407406	0.0	4.0	1.5	0.0	2160	candidate_unreleased	False
holdout	global_null	6016	program_max_alpha_6	target			0.8571428571428571	0.49907407407407406	0.0	6.0	1.5	0.0	2160	candidate_unreleased	False
holdout	global_null	6016	program_max_alpha_6	reference			1.0	0.49907407407407406	0.0	6.0	1.5	0.0	2160	candidate_unreleased	False
holdout	global_null	6017	program_max_alpha_0	target			0.9523809523809523	0.5041666666666667	0.008333333333333304	0.0	1.5	0.0	2160	candidate_unreleased	False
holdout	global_null	6017	program_max_alpha_0	reference			0.9523809523809523	0.5041666666666667	0.008333333333333304	0.0	1.5	0.0	2160	candidate_unreleased	False
holdout	global_null	6017	program_max_alpha_1	target			0.0	0.5041666666666667	0.008333333333333304	1.0	1.5	0.008333333333333304	2160	candidate_unreleased	False
holdout	global_null	6017	program_max_alpha_1	reference			0.0	0.5041666666666667	0.008333333333333304	1.0	1.5	0.008333333333333304	2160	candidate_unreleased	False
holdout	global_null	6017	program_max_alpha_2	target			0.0	0.5041666666666667	0.008333333333333304	2.0	1.5	0.016666666666666607	2160	candidate_unreleased	False
holdout	global_null	6017	program_max_alpha_2	reference			0.0	0.5041666666666667	0.008333333333333304	2.0	1.5	0.016666666666666607	2160	candidate_unreleased	False
holdout	global_null	6017	program_max_alpha_4	target			0.0	0.5041666666666667	0.008333333333333304	4.0	1.5	0.033333333333333215	2160	candidate_unreleased	False
holdout	global_null	6017	program_max_alpha_4	reference			0.0	0.5041666666666667	0.008333333333333304	4.0	1.5	0.033333333333333215	2160	candidate_unreleased	False
holdout	global_null	6017	program_max_alpha_6	target			0.0	0.5041666666666667	0.008333333333333304	6.0	1.5	0.04999999999999982	2160	candidate_unreleased	False
holdout	global_null	6017	program_max_alpha_6	reference			0.0	0.5041666666666667	0.008333333333333304	6.0	1.5	0.04999999999999982	2160	candidate_unreleased	False
holdout	global_null	6018	program_max_alpha_0	target			0.9523809523809523	0.5231481481481481	0.04629629629629628	0.0	1.5	0.0	2160	candidate_unreleased	False
holdout	global_null	6018	program_max_alpha_0	reference			0.9523809523809523	0.5231481481481481	0.04629629629629628	0.0	1.5	0.0	2160	candidate_unreleased	False
holdout	global_null	6018	program_max_alpha_1	target			0.09523809523809523	0.5231481481481481	0.04629629629629628	1.0	1.5	0.04629629629629628	2160	candidate_unreleased	False
holdout	global_null	6018	program_max_alpha_1	reference			0.14285714285714285	0.5231481481481481	0.04629629629629628	1.0	1.5	0.04629629629629628	2160	candidate_unreleased	False
holdout	global_null	6018	program_max_alpha_2	target			0.09523809523809523	0.5231481481481481	0.04629629629629628	2.0	1.5	0.09259259259259256	2160	candidate_unreleased	False
holdout	global_null	6018	program_max_alpha_2	reference			0.14285714285714285	0.5231481481481481	0.04629629629629628	2.0	1.5	0.09259259259259256	2160	candidate_unreleased	False
holdout	global_null	6018	program_max_alpha_4	target			0.09523809523809523	0.5231481481481481	0.04629629629629628	4.0	1.5	0.18518518518518512	2160	candidate_unreleased	False
holdout	global_null	6018	program_max_alpha_4	reference			0.14285714285714285	0.5231481481481481	0.04629629629629628	4.0	1.5	0.18518518518518512	2160	candidate_unreleased	False
holdout	global_null	6018	program_max_alpha_6	target			0.09523809523809523	0.5231481481481481	0.04629629629629628	6.0	1.5	0.2777777777777777	2160	candidate_unreleased	False
holdout	global_null	6018	program_max_alpha_6	reference			0.14285714285714285	0.5231481481481481	0.04629629629629628	6.0	1.5	0.2777777777777777	2160	candidate_unreleased	False
holdout	global_null	6019	program_max_alpha_0	target			0.9047619047619048	0.4949074074074074	0.0	0.0	1.5	0.0	2160	candidate_unreleased	False
holdout	global_null	6019	program_max_alpha_0	reference			0.8095238095238095	0.4949074074074074	0.0	0.0	1.5	0.0	2160	candidate_unreleased	False
holdout	global_null	6019	program_max_alpha_1	target			0.9047619047619048	0.4949074074074074	0.0	1.0	1.5	0.0	2160	candidate_unreleased	False
holdout	global_null	6019	program_max_alpha_1	reference			0.8095238095238095	0.4949074074074074	0.0	1.0	1.5	0.0	2160	candidate_unreleased	False
holdout	global_null	6019	program_max_alpha_2	target			0.9047619047619048	0.4949074074074074	0.0	2.0	1.5	0.0	2160	candidate_unreleased	False
holdout	global_null	6019	program_max_alpha_2	reference			0.8095238095238095	0.4949074074074074	0.0	2.0	1.5	0.0	2160	candidate_unreleased	False
holdout	global_null	6019	program_max_alpha_4	target			0.9047619047619048	0.4949074074074074	0.0	4.0	1.5	0.0	2160	candidate_unreleased	False
holdout	global_null	6019	program_max_alpha_4	reference			0.8095238095238095	0.4949074074074074	0.0	4.0	1.5	0.0	2160	candidate_unreleased	False
holdout	global_null	6019	program_max_alpha_6	target			0.9047619047619048	0.4949074074074074	0.0	6.0	1.5	0.0	2160	candidate_unreleased	False
holdout	global_null	6019	program_max_alpha_6	reference			0.8095238095238095	0.4949074074074074	0.0	6.0	1.5	0.0	2160	candidate_unreleased	False
holdout	global_null	6020	program_max_alpha_0	target			0.9047619047619048	0.5018518518518519	0.0037037037037037646	0.0	1.5	0.0	2160	candidate_unreleased	False
holdout	global_null	6020	program_max_alpha_0	reference			0.8095238095238095	0.5018518518518519	0.0037037037037037646	0.0	1.5	0.0	2160	candidate_unreleased	False
holdout	global_null	6020	program_max_alpha_1	target			0.09523809523809523	0.5018518518518519	0.0037037037037037646	1.0	1.5	0.0037037037037037646	2160	candidate_unreleased	False
holdout	global_null	6020	program_max_alpha_1	reference			0.0	0.5018518518518519	0.0037037037037037646	1.0	1.5	0.0037037037037037646	2160	candidate_unreleased	False
holdout	global_null	6020	program_max_alpha_2	target			0.09523809523809523	0.5018518518518519	0.0037037037037037646	2.0	1.5	0.007407407407407529	2160	candidate_unreleased	False
holdout	global_null	6020	program_max_alpha_2	reference			0.0	0.5018518518518519	0.0037037037037037646	2.0	1.5	0.007407407407407529	2160	candidate_unreleased	False
holdout	global_null	6020	program_max_alpha_4	target			0.09523809523809523	0.5018518518518519	0.0037037037037037646	4.0	1.5	0.014814814814815058	2160	candidate_unreleased	False
holdout	global_null	6020	program_max_alpha_4	reference			0.0	0.5018518518518519	0.0037037037037037646	4.0	1.5	0.014814814814815058	2160	candidate_unreleased	False
holdout	global_null	6020	program_max_alpha_6	target			0.09523809523809523	0.5018518518518519	0.0037037037037037646	6.0	1.5	0.022222222222222587	2160	candidate_unreleased	False
holdout	global_null	6020	program_max_alpha_6	reference			0.0	0.5018518518518519	0.0037037037037037646	6.0	1.5	0.022222222222222587	2160	candidate_unreleased	False
