split	scenario	seed	method	direction	pair_rank_spearman	top_quartile_auroc	tie_fraction	gate_mode	soft_effective_alpha	soft_sign_concordance	gate_relative_fdp_reduction	gate_threshold	gate_gate_mode	gate_eligible_call_count	gate_positive_call_count	gate_negative_call_count	gate_sign_concordance	gate_baseline_mirror_fdp	gate_target_mirror_fdp	gate_selected_mirror_fdp	gate_selected_tail_concordance_lower_bound	gate_retained_positive_calls	gate_rejected_negative_calls	gate_minimum_calls	gate_minimum_sign_concordance	gate_minimum_positive_tail_count	gate_minimum_positive_tail_fraction	gate_tail_confidence_z	gate_minimum_tail_concordance_margin	gate_validation_fold_count	gate_minimum_validation_tail_count	gate_minimum_validation_concordance_gain	gate_selected_minimum_validation_concordance_gain
development	dense_flat_program	1401	rc2_unweighted	target	0.7880268006432968	0.8111111111111112	0.5714285714285714	not_applicable																									
development	dense_flat_program	1401	rc2_unweighted	reference	0.7837048598116105	0.9777777777777777	0.5714285714285714	not_applicable																									
development	dense_flat_program	1401	rc3_soft	target	0.7860025908892052	0.788888888888889	0.09523809523809523	not_applicable	0.5481481481481483	0.5685185185185185																							
development	dense_flat_program	1401	rc3_soft	reference	0.7486987643829379	0.9444444444444444	0.19047619047619047	not_applicable	0.5481481481481483	0.5685185185185185																							
development	dense_flat_program	1401	mirror_reduction_100	target	0.8043532459599468	0.7888888888888889	0.8095238095238095	sign_only			1.0	0.0	sign_only	450.0	283.0	167.0	0.6288888888888889	0.5936395759717314	0.5936395759717314	0.5936395759717314		283.0	167.0	100.0	0.6	20.0	0.08	1.959963984540054	0.01	2.0	10.0	0.02	
development	dense_flat_program	1401	mirror_reduction_100	reference	0.7530386822802208	0.9444444444444445	0.7619047619047619	sign_only			1.0	0.0	sign_only	450.0	283.0	167.0	0.6288888888888889	0.5936395759717314	0.5936395759717314	0.5936395759717314		283.0	167.0	100.0	0.6	20.0	0.08	1.959963984540054	0.01	2.0	10.0	0.02	
development	dense_flat_program	1401	mirror_reduction_075	target	0.8043532459599468	0.7888888888888889	0.8095238095238095	sign_only			0.75	0.0	sign_only	450.0	283.0	167.0	0.6288888888888889	0.5936395759717314	0.4452296819787986	0.5936395759717314		283.0	167.0	100.0	0.6	20.0	0.08	1.959963984540054	0.01	2.0	10.0	0.02	
development	dense_flat_program	1401	mirror_reduction_075	reference	0.7530386822802208	0.9444444444444445	0.7619047619047619	sign_only			0.75	0.0	sign_only	450.0	283.0	167.0	0.6288888888888889	0.5936395759717314	0.4452296819787986	0.5936395759717314		283.0	167.0	100.0	0.6	20.0	0.08	1.959963984540054	0.01	2.0	10.0	0.02	
development	dense_flat_program	1401	mirror_reduction_050	target	0.8043532459599468	0.7888888888888889	0.8095238095238095	sign_only			0.5	0.0	sign_only	450.0	283.0	167.0	0.6288888888888889	0.5936395759717314	0.2968197879858657	0.5936395759717314		283.0	167.0	100.0	0.6	20.0	0.08	1.959963984540054	0.01	2.0	10.0	0.02	
development	dense_flat_program	1401	mirror_reduction_050	reference	0.7530386822802208	0.9444444444444445	0.7619047619047619	sign_only			0.5	0.0	sign_only	450.0	283.0	167.0	0.6288888888888889	0.5936395759717314	0.2968197879858657	0.5936395759717314		283.0	167.0	100.0	0.6	20.0	0.08	1.959963984540054	0.01	2.0	10.0	0.02	
development	dense_flat_program	1401	mirror_reduction_025	target	0.8043532459599468	0.7888888888888889	0.8095238095238095	sign_only			0.25	0.0	sign_only	450.0	283.0	167.0	0.6288888888888889	0.5936395759717314	0.14840989399293286	0.5936395759717314		283.0	167.0	100.0	0.6	20.0	0.08	1.959963984540054	0.01	2.0	10.0	0.02	
development	dense_flat_program	1401	mirror_reduction_025	reference	0.7530386822802208	0.9444444444444445	0.7619047619047619	sign_only			0.25	0.0	sign_only	450.0	283.0	167.0	0.6288888888888889	0.5936395759717314	0.14840989399293286	0.5936395759717314		283.0	167.0	100.0	0.6	20.0	0.08	1.959963984540054	0.01	2.0	10.0	0.02	
development	dense_flat_program	1402	rc2_unweighted	target	0.4695774260129147	0.9	0.5238095238095238	not_applicable																									
development	dense_flat_program	1402	rc2_unweighted	reference	0.9189052683767561	0.9666666666666667	0.42857142857142855	not_applicable																									
development	dense_flat_program	1402	rc3_soft	target	0.5265155770573182	0.961111111111111	0.19047619047619047	not_applicable	0.5629629629629633	0.5703703703703704																							
development	dense_flat_program	1402	rc3_soft	reference	0.9295677013185096	0.9666666666666667	0.09523809523809523	not_applicable	0.5629629629629633	0.5703703703703704																							
development	dense_flat_program	1402	mirror_reduction_100	target	0.5599123449328774	0.9722222222222222	0.6190476190476191	sign_only			1.0	0.0	sign_only	493.0	308.0	185.0	0.6247464503042597	0.6038961038961039	0.6038961038961039	0.6038961038961039		308.0	185.0	100.0	0.6	20.0	0.08	1.959963984540054	0.01	2.0	10.0	0.02	
development	dense_flat_program	1402	mirror_reduction_100	reference	0.9202423090103431	0.9722222222222222	0.7142857142857143	sign_only			1.0	0.0	sign_only	493.0	308.0	185.0	0.6247464503042597	0.6038961038961039	0.6038961038961039	0.6038961038961039		308.0	185.0	100.0	0.6	20.0	0.08	1.959963984540054	0.01	2.0	10.0	0.02	
development	dense_flat_program	1402	mirror_reduction_075	target	0.5599123449328774	0.9722222222222222	0.6190476190476191	sign_only			0.75	0.0	sign_only	493.0	308.0	185.0	0.6247464503042597	0.6038961038961039	0.45292207792207795	0.6038961038961039		308.0	185.0	100.0	0.6	20.0	0.08	1.959963984540054	0.01	2.0	10.0	0.02	
development	dense_flat_program	1402	mirror_reduction_075	reference	0.9202423090103431	0.9722222222222222	0.7142857142857143	sign_only			0.75	0.0	sign_only	493.0	308.0	185.0	0.6247464503042597	0.6038961038961039	0.45292207792207795	0.6038961038961039		308.0	185.0	100.0	0.6	20.0	0.08	1.959963984540054	0.01	2.0	10.0	0.02	
development	dense_flat_program	1402	mirror_reduction_050	target	0.5599123449328774	0.9722222222222222	0.6190476190476191	sign_only			0.5	0.0	sign_only	493.0	308.0	185.0	0.6247464503042597	0.6038961038961039	0.30194805194805197	0.6038961038961039		308.0	185.0	100.0	0.6	20.0	0.08	1.959963984540054	0.01	2.0	10.0	0.02	
development	dense_flat_program	1402	mirror_reduction_050	reference	0.9202423090103431	0.9722222222222222	0.7142857142857143	sign_only			0.5	0.0	sign_only	493.0	308.0	185.0	0.6247464503042597	0.6038961038961039	0.30194805194805197	0.6038961038961039		308.0	185.0	100.0	0.6	20.0	0.08	1.959963984540054	0.01	2.0	10.0	0.02	
development	dense_flat_program	1402	mirror_reduction_025	target	0.5599123449328774	0.9722222222222222	0.6190476190476191	sign_only			0.25	0.0	sign_only	493.0	308.0	185.0	0.6247464503042597	0.6038961038961039	0.15097402597402598	0.6038961038961039		308.0	185.0	100.0	0.6	20.0	0.08	1.959963984540054	0.01	2.0	10.0	0.02	
development	dense_flat_program	1402	mirror_reduction_025	reference	0.9202423090103431	0.9722222222222222	0.7142857142857143	sign_only			0.25	0.0	sign_only	493.0	308.0	185.0	0.6247464503042597	0.6038961038961039	0.15097402597402598	0.6038961038961039		308.0	185.0	100.0	0.6	20.0	0.08	1.959963984540054	0.01	2.0	10.0	0.02	
development	dense_flat_program	1403	rc2_unweighted	target	0.6807819034222061	0.8775510204081632	0.3333333333333333	not_applicable																									
development	dense_flat_program	1403	rc2_unweighted	reference	0.7712711200365366	0.8944444444444445	0.6666666666666666	not_applicable																									
development	dense_flat_program	1403	rc3_soft	target	0.6710018677272862	0.8673469387755102	0.0	not_applicable	0.666666666666667	0.5833333333333334																							
development	dense_flat_program	1403	rc3_soft	reference	0.7631947736606455	0.8277777777777777	0.09523809523809523	not_applicable	0.666666666666667	0.5833333333333334																							
development	dense_flat_program	1403	mirror_reduction_100	target	0.6700414483791911	0.8673469387755102	0.6666666666666666	sign_only			1.0	0.0	sign_only	470.0	285.0	185.0	0.6063829787234043	0.6526315789473685	0.6526315789473685	0.6526315789473685		285.0	185.0	100.0	0.6	20.0	0.08	1.959963984540054	0.01	2.0	10.0	0.02	
development	dense_flat_program	1403	mirror_reduction_100	reference	0.7267404672355545	0.788888888888889	0.8095238095238095	sign_only			1.0	0.0	sign_only	470.0	285.0	185.0	0.6063829787234043	0.6526315789473685	0.6526315789473685	0.6526315789473685		285.0	185.0	100.0	0.6	20.0	0.08	1.959963984540054	0.01	2.0	10.0	0.02	
development	dense_flat_program	1403	mirror_reduction_075	target	0.6700414483791911	0.8673469387755102	0.6666666666666666	sign_only			0.75	0.0	sign_only	470.0	285.0	185.0	0.6063829787234043	0.6526315789473685	0.48947368421052634	0.6526315789473685		285.0	185.0	100.0	0.6	20.0	0.08	1.959963984540054	0.01	2.0	10.0	0.02	
development	dense_flat_program	1403	mirror_reduction_075	reference	0.7267404672355545	0.788888888888889	0.8095238095238095	sign_only			0.75	0.0	sign_only	470.0	285.0	185.0	0.6063829787234043	0.6526315789473685	0.48947368421052634	0.6526315789473685		285.0	185.0	100.0	0.6	20.0	0.08	1.959963984540054	0.01	2.0	10.0	0.02	
development	dense_flat_program	1403	mirror_reduction_050	target	0.6700414483791911	0.8673469387755102	0.6666666666666666	sign_only			0.5	0.0	sign_only	470.0	285.0	185.0	0.6063829787234043	0.6526315789473685	0.3263157894736842	0.6526315789473685		285.0	185.0	100.0	0.6	20.0	0.08	1.959963984540054	0.01	2.0	10.0	0.02	
development	dense_flat_program	1403	mirror_reduction_050	reference	0.7267404672355545	0.788888888888889	0.8095238095238095	sign_only			0.5	0.0	sign_only	470.0	285.0	185.0	0.6063829787234043	0.6526315789473685	0.3263157894736842	0.6526315789473685		285.0	185.0	100.0	0.6	20.0	0.08	1.959963984540054	0.01	2.0	10.0	0.02	
development	dense_flat_program	1403	mirror_reduction_025	target	0.6700414483791911	0.8673469387755102	0.6666666666666666	sign_only			0.25	0.0	sign_only	470.0	285.0	185.0	0.6063829787234043	0.6526315789473685	0.1631578947368421	0.6526315789473685		285.0	185.0	100.0	0.6	20.0	0.08	1.959963984540054	0.01	2.0	10.0	0.02	
development	dense_flat_program	1403	mirror_reduction_025	reference	0.7267404672355545	0.788888888888889	0.8095238095238095	sign_only			0.25	0.0	sign_only	470.0	285.0	185.0	0.6063829787234043	0.6526315789473685	0.1631578947368421	0.6526315789473685		285.0	185.0	100.0	0.6	20.0	0.08	1.959963984540054	0.01	2.0	10.0	0.02	
development	dense_flat_program	1404	rc2_unweighted	target	0.8057872903172206	0.9	0.6190476190476191	not_applicable																									
development	dense_flat_program	1404	rc2_unweighted	reference	0.763038458171734	0.9693877551020408	0.5238095238095238	not_applicable																									
development	dense_flat_program	1404	rc3_soft	target	0.8169788810715273	0.8777777777777778	0.2857142857142857	not_applicable	0.5148148148148151	0.5643518518518519																							
development	dense_flat_program	1404	rc3_soft	reference	0.7895252159009238	0.9897959183673468	0.19047619047619047	not_applicable	0.5148148148148151	0.5643518518518519																							
development	dense_flat_program	1404	mirror_reduction_100	target	0.7925209236150859	0.8388888888888889	0.5714285714285714	sign_only			1.0	0.0	sign_only	464.0	292.0	172.0	0.6293103448275862	0.5924657534246576	0.5924657534246576	0.5924657534246576		292.0	172.0	100.0	0.6	20.0	0.08	1.959963984540054	0.01	2.0	10.0	0.02	
development	dense_flat_program	1404	mirror_reduction_100	reference	0.7644609962281256	0.9642857142857143	0.7142857142857143	sign_only			1.0	0.0	sign_only	464.0	292.0	172.0	0.6293103448275862	0.5924657534246576	0.5924657534246576	0.5924657534246576		292.0	172.0	100.0	0.6	20.0	0.08	1.959963984540054	0.01	2.0	10.0	0.02	
development	dense_flat_program	1404	mirror_reduction_075	target	0.7925209236150859	0.8388888888888889	0.5714285714285714	sign_only			0.75	0.0	sign_only	464.0	292.0	172.0	0.6293103448275862	0.5924657534246576	0.4443493150684932	0.5924657534246576		292.0	172.0	100.0	0.6	20.0	0.08	1.959963984540054	0.01	2.0	10.0	0.02	
development	dense_flat_program	1404	mirror_reduction_075	reference	0.7644609962281256	0.9642857142857143	0.7142857142857143	sign_only			0.75	0.0	sign_only	464.0	292.0	172.0	0.6293103448275862	0.5924657534246576	0.4443493150684932	0.5924657534246576		292.0	172.0	100.0	0.6	20.0	0.08	1.959963984540054	0.01	2.0	10.0	0.02	
development	dense_flat_program	1404	mirror_reduction_050	target	0.7925209236150859	0.8388888888888889	0.5714285714285714	sign_only			0.5	0.0	sign_only	464.0	292.0	172.0	0.6293103448275862	0.5924657534246576	0.2962328767123288	0.5924657534246576		292.0	172.0	100.0	0.6	20.0	0.08	1.959963984540054	0.01	2.0	10.0	0.02	
development	dense_flat_program	1404	mirror_reduction_050	reference	0.7644609962281256	0.9642857142857143	0.7142857142857143	sign_only			0.5	0.0	sign_only	464.0	292.0	172.0	0.6293103448275862	0.5924657534246576	0.2962328767123288	0.5924657534246576		292.0	172.0	100.0	0.6	20.0	0.08	1.959963984540054	0.01	2.0	10.0	0.02	
development	dense_flat_program	1404	mirror_reduction_025	target	0.7925209236150859	0.8388888888888889	0.5714285714285714	sign_only			0.25	0.0	sign_only	464.0	292.0	172.0	0.6293103448275862	0.5924657534246576	0.1481164383561644	0.5924657534246576		292.0	172.0	100.0	0.6	20.0	0.08	1.959963984540054	0.01	2.0	10.0	0.02	
development	dense_flat_program	1404	mirror_reduction_025	reference	0.7644609962281256	0.9642857142857143	0.7142857142857143	sign_only			0.25	0.0	sign_only	464.0	292.0	172.0	0.6293103448275862	0.5924657534246576	0.1481164383561644	0.5924657534246576		292.0	172.0	100.0	0.6	20.0	0.08	1.959963984540054	0.01	2.0	10.0	0.02	
development	dense_flat_program	1405	rc2_unweighted	target	0.795619970328038	0.9540816326530611	0.6666666666666666	not_applicable																									
development	dense_flat_program	1405	rc2_unweighted	reference	0.9206919060052219	0.9540816326530612	0.5238095238095238	not_applicable																									
development	dense_flat_program	1405	rc3_soft	target	0.8431830740519229	0.9795918367346939	0.19047619047619047	not_applicable	0.7407407407407405	0.5925925925925926																							
development	dense_flat_program	1405	rc3_soft	reference	0.9306439024923363	0.9591836734693878	0.09523809523809523	not_applicable	0.7407407407407405	0.5925925925925926																							
development	dense_flat_program	1405	mirror_reduction_100	target	0.8694596905355697	0.9693877551020409	0.8571428571428571	sign_only			1.0	0.0	sign_only	465.0	303.0	162.0	0.6516129032258065	0.5379537953795379	0.5379537953795379	0.5379537953795379		303.0	162.0	100.0	0.6	20.0	0.08	1.959963984540054	0.01	2.0	10.0	0.02	
development	dense_flat_program	1405	mirror_reduction_100	reference	0.9362753097319062	0.9642857142857143	0.6666666666666666	sign_only			1.0	0.0	sign_only	465.0	303.0	162.0	0.6516129032258065	0.5379537953795379	0.5379537953795379	0.5379537953795379		303.0	162.0	100.0	0.6	20.0	0.08	1.959963984540054	0.01	2.0	10.0	0.02	
development	dense_flat_program	1405	mirror_reduction_075	target	0.8694596905355697	0.9693877551020409	0.8571428571428571	sign_only			0.75	0.0	sign_only	465.0	303.0	162.0	0.6516129032258065	0.5379537953795379	0.40346534653465344	0.5379537953795379		303.0	162.0	100.0	0.6	20.0	0.08	1.959963984540054	0.01	2.0	10.0	0.02	
development	dense_flat_program	1405	mirror_reduction_075	reference	0.9362753097319062	0.9642857142857143	0.6666666666666666	sign_only			0.75	0.0	sign_only	465.0	303.0	162.0	0.6516129032258065	0.5379537953795379	0.40346534653465344	0.5379537953795379		303.0	162.0	100.0	0.6	20.0	0.08	1.959963984540054	0.01	2.0	10.0	0.02	
development	dense_flat_program	1405	mirror_reduction_050	target	0.8694596905355697	0.9693877551020409	0.8571428571428571	sign_only			0.5	0.0	sign_only	465.0	303.0	162.0	0.6516129032258065	0.5379537953795379	0.26897689768976896	0.5379537953795379		303.0	162.0	100.0	0.6	20.0	0.08	1.959963984540054	0.01	2.0	10.0	0.02	
development	dense_flat_program	1405	mirror_reduction_050	reference	0.9362753097319062	0.9642857142857143	0.6666666666666666	sign_only			0.5	0.0	sign_only	465.0	303.0	162.0	0.6516129032258065	0.5379537953795379	0.26897689768976896	0.5379537953795379		303.0	162.0	100.0	0.6	20.0	0.08	1.959963984540054	0.01	2.0	10.0	0.02	
development	dense_flat_program	1405	mirror_reduction_025	target	0.8694596905355697	0.9693877551020409	0.8571428571428571	sign_only			0.25	0.0	sign_only	465.0	303.0	162.0	0.6516129032258065	0.5379537953795379	0.13448844884488448	0.5379537953795379		303.0	162.0	100.0	0.6	20.0	0.08	1.959963984540054	0.01	2.0	10.0	0.02	
development	dense_flat_program	1405	mirror_reduction_025	reference	0.9362753097319062	0.9642857142857143	0.6666666666666666	sign_only			0.25	0.0	sign_only	465.0	303.0	162.0	0.6516129032258065	0.5379537953795379	0.13448844884488448	0.5379537953795379		303.0	162.0	100.0	0.6	20.0	0.08	1.959963984540054	0.01	2.0	10.0	0.02	
development	dense_flat_program	1406	rc2_unweighted	target	0.8237809933954576	0.9722222222222222	0.5714285714285714	not_applicable																									
development	dense_flat_program	1406	rc2_unweighted	reference	0.8156871422993434	0.9555555555555556	0.5238095238095238	not_applicable																									
development	dense_flat_program	1406	rc3_soft	target	0.8609777963400914	1.0	0.0	not_applicable	0.674074074074074	0.5842592592592593																							
development	dense_flat_program	1406	rc3_soft	reference	0.8804625140395658	0.9555555555555556	0.38095238095238093	not_applicable	0.674074074074074	0.5842592592592593																							
development	dense_flat_program	1406	mirror_reduction_100	target	0.8316377211907737	0.9722222222222223	0.9047619047619048	sign_only			1.0	0.0	sign_only	455.0	307.0	148.0	0.6747252747252748	0.48534201954397393	0.48534201954397393	0.48534201954397393		307.0	148.0	100.0	0.6	20.0	0.08	1.959963984540054	0.01	2.0	10.0	0.02	
development	dense_flat_program	1406	mirror_reduction_100	reference	0.8834767368236871	0.9666666666666667	0.5714285714285714	sign_only			1.0	0.0	sign_only	455.0	307.0	148.0	0.6747252747252748	0.48534201954397393	0.48534201954397393	0.48534201954397393		307.0	148.0	100.0	0.6	20.0	0.08	1.959963984540054	0.01	2.0	10.0	0.02	
development	dense_flat_program	1406	mirror_reduction_075	target	0.8316377211907737	0.9722222222222223	0.9047619047619048	sign_only			0.75	0.0	sign_only	455.0	307.0	148.0	0.6747252747252748	0.48534201954397393	0.36400651465798045	0.48534201954397393		307.0	148.0	100.0	0.6	20.0	0.08	1.959963984540054	0.01	2.0	10.0	0.02	
development	dense_flat_program	1406	mirror_reduction_075	reference	0.8834767368236871	0.9666666666666667	0.5714285714285714	sign_only			0.75	0.0	sign_only	455.0	307.0	148.0	0.6747252747252748	0.48534201954397393	0.36400651465798045	0.48534201954397393		307.0	148.0	100.0	0.6	20.0	0.08	1.959963984540054	0.01	2.0	10.0	0.02	
development	dense_flat_program	1406	mirror_reduction_050	target	0.8316377211907737	0.9722222222222223	0.9047619047619048	sign_only			0.5	0.0	sign_only	455.0	307.0	148.0	0.6747252747252748	0.48534201954397393	0.24267100977198697	0.48534201954397393		307.0	148.0	100.0	0.6	20.0	0.08	1.959963984540054	0.01	2.0	10.0	0.02	
development	dense_flat_program	1406	mirror_reduction_050	reference	0.8834767368236871	0.9666666666666667	0.5714285714285714	sign_only			0.5	0.0	sign_only	455.0	307.0	148.0	0.6747252747252748	0.48534201954397393	0.24267100977198697	0.48534201954397393		307.0	148.0	100.0	0.6	20.0	0.08	1.959963984540054	0.01	2.0	10.0	0.02	
development	dense_flat_program	1406	mirror_reduction_025	target	0.8316377211907737	0.9722222222222223	0.9047619047619048	sign_only			0.25	0.0	sign_only	455.0	307.0	148.0	0.6747252747252748	0.48534201954397393	0.12133550488599348	0.48534201954397393		307.0	148.0	100.0	0.6	20.0	0.08	1.959963984540054	0.01	2.0	10.0	0.02	
development	dense_flat_program	1406	mirror_reduction_025	reference	0.8834767368236871	0.9666666666666667	0.5714285714285714	sign_only			0.25	0.0	sign_only	455.0	307.0	148.0	0.6747252747252748	0.48534201954397393	0.12133550488599348	0.48534201954397393		307.0	148.0	100.0	0.6	20.0	0.08	1.959963984540054	0.01	2.0	10.0	0.02	
development	dense_flat_program	1407	rc2_unweighted	target	0.6773357934425872	0.9055555555555557	0.6190476190476191	not_applicable																									
development	dense_flat_program	1407	rc2_unweighted	reference	0.9144629935604679	0.9711538461538461	0.5238095238095238	not_applicable																									
development	dense_flat_program	1407	rc3_soft	target	0.7753020107007288	0.9388888888888889	0.19047619047619047	not_applicable	0.5518518518518523	0.5689814814814815																							
development	dense_flat_program	1407	rc3_soft	reference	0.9352042765856418	0.971153846153846	0.0	not_applicable	0.5518518518518523	0.5689814814814815																							
development	dense_flat_program	1407	mirror_reduction_100	target	0.7929391923396291	0.9611111111111112	0.6666666666666666	sign_only			1.0	0.0	sign_only	430.0	270.0	160.0	0.627906976744186	0.5962962962962963	0.5962962962962963	0.5962962962962963		270.0	160.0	100.0	0.6	20.0	0.08	1.959963984540054	0.01	2.0	10.0	0.02	
development	dense_flat_program	1407	mirror_reduction_100	reference	0.9199348370145959	0.9663461538461539	0.5714285714285714	sign_only			1.0	0.0	sign_only	430.0	270.0	160.0	0.627906976744186	0.5962962962962963	0.5962962962962963	0.5962962962962963		270.0	160.0	100.0	0.6	20.0	0.08	1.959963984540054	0.01	2.0	10.0	0.02	
development	dense_flat_program	1407	mirror_reduction_075	target	0.7929391923396291	0.9611111111111112	0.6666666666666666	sign_only			0.75	0.0	sign_only	430.0	270.0	160.0	0.627906976744186	0.5962962962962963	0.44722222222222224	0.5962962962962963		270.0	160.0	100.0	0.6	20.0	0.08	1.959963984540054	0.01	2.0	10.0	0.02	
development	dense_flat_program	1407	mirror_reduction_075	reference	0.9199348370145959	0.9663461538461539	0.5714285714285714	sign_only			0.75	0.0	sign_only	430.0	270.0	160.0	0.627906976744186	0.5962962962962963	0.44722222222222224	0.5962962962962963		270.0	160.0	100.0	0.6	20.0	0.08	1.959963984540054	0.01	2.0	10.0	0.02	
development	dense_flat_program	1407	mirror_reduction_050	target	0.7929391923396291	0.9611111111111112	0.6666666666666666	sign_only			0.5	0.0	sign_only	430.0	270.0	160.0	0.627906976744186	0.5962962962962963	0.29814814814814816	0.5962962962962963		270.0	160.0	100.0	0.6	20.0	0.08	1.959963984540054	0.01	2.0	10.0	0.02	
development	dense_flat_program	1407	mirror_reduction_050	reference	0.9199348370145959	0.9663461538461539	0.5714285714285714	sign_only			0.5	0.0	sign_only	430.0	270.0	160.0	0.627906976744186	0.5962962962962963	0.29814814814814816	0.5962962962962963		270.0	160.0	100.0	0.6	20.0	0.08	1.959963984540054	0.01	2.0	10.0	0.02	
development	dense_flat_program	1407	mirror_reduction_025	target	0.7929391923396291	0.9611111111111112	0.6666666666666666	sign_only			0.25	0.0	sign_only	430.0	270.0	160.0	0.627906976744186	0.5962962962962963	0.14907407407407408	0.5962962962962963		270.0	160.0	100.0	0.6	20.0	0.08	1.959963984540054	0.01	2.0	10.0	0.02	
development	dense_flat_program	1407	mirror_reduction_025	reference	0.9199348370145959	0.9663461538461539	0.5714285714285714	sign_only			0.25	0.0	sign_only	430.0	270.0	160.0	0.627906976744186	0.5962962962962963	0.14907407407407408	0.5962962962962963		270.0	160.0	100.0	0.6	20.0	0.08	1.959963984540054	0.01	2.0	10.0	0.02	
development	dense_flat_program	1408	rc2_unweighted	target	0.8394460909023541	1.0	0.6666666666666666	not_applicable																									
development	dense_flat_program	1408	rc2_unweighted	reference	0.8849049907271177	0.9833333333333333	0.6190476190476191	not_applicable																									
development	dense_flat_program	1408	rc3_soft	target	0.7850019615458205	1.0	0.19047619047619047	not_applicable	0.6185185185185187	0.5773148148148148																							
development	dense_flat_program	1408	rc3_soft	reference	0.8573291721565773	0.9333333333333333	0.3333333333333333	not_applicable	0.6185185185185187	0.5773148148148148																							
development	dense_flat_program	1408	mirror_reduction_100	target	0.7578773219517307	0.9888888888888889	0.7142857142857143	sign_only			1.0	0.0	sign_only	444.0	291.0	153.0	0.6554054054054054	0.5292096219931272	0.5292096219931272	0.5292096219931272		291.0	153.0	100.0	0.6	20.0	0.08	1.959963984540054	0.01	2.0	10.0	0.02	
development	dense_flat_program	1408	mirror_reduction_100	reference	0.8144152280650157	0.8722222222222221	0.7619047619047619	sign_only			1.0	0.0	sign_only	444.0	291.0	153.0	0.6554054054054054	0.5292096219931272	0.5292096219931272	0.5292096219931272		291.0	153.0	100.0	0.6	20.0	0.08	1.959963984540054	0.01	2.0	10.0	0.02	
development	dense_flat_program	1408	mirror_reduction_075	target	0.7578773219517307	0.9888888888888889	0.7142857142857143	sign_only			0.75	0.0	sign_only	444.0	291.0	153.0	0.6554054054054054	0.5292096219931272	0.3969072164948454	0.5292096219931272		291.0	153.0	100.0	0.6	20.0	0.08	1.959963984540054	0.01	2.0	10.0	0.02	
development	dense_flat_program	1408	mirror_reduction_075	reference	0.8144152280650157	0.8722222222222221	0.7619047619047619	sign_only			0.75	0.0	sign_only	444.0	291.0	153.0	0.6554054054054054	0.5292096219931272	0.3969072164948454	0.5292096219931272		291.0	153.0	100.0	0.6	20.0	0.08	1.959963984540054	0.01	2.0	10.0	0.02	
development	dense_flat_program	1408	mirror_reduction_050	target	0.7578773219517307	0.9888888888888889	0.7142857142857143	sign_only			0.5	0.0	sign_only	444.0	291.0	153.0	0.6554054054054054	0.5292096219931272	0.2646048109965636	0.5292096219931272		291.0	153.0	100.0	0.6	20.0	0.08	1.959963984540054	0.01	2.0	10.0	0.02	
development	dense_flat_program	1408	mirror_reduction_050	reference	0.8144152280650157	0.8722222222222221	0.7619047619047619	sign_only			0.5	0.0	sign_only	444.0	291.0	153.0	0.6554054054054054	0.5292096219931272	0.2646048109965636	0.5292096219931272		291.0	153.0	100.0	0.6	20.0	0.08	1.959963984540054	0.01	2.0	10.0	0.02	
development	dense_flat_program	1408	mirror_reduction_025	target	0.7578773219517307	0.9888888888888889	0.7142857142857143	sign_only			0.25	0.0	sign_only	444.0	291.0	153.0	0.6554054054054054	0.5292096219931272	0.1323024054982818	0.5292096219931272		291.0	153.0	100.0	0.6	20.0	0.08	1.959963984540054	0.01	2.0	10.0	0.02	
development	dense_flat_program	1408	mirror_reduction_025	reference	0.8144152280650157	0.8722222222222221	0.7619047619047619	sign_only			0.25	0.0	sign_only	444.0	291.0	153.0	0.6554054054054054	0.5292096219931272	0.1323024054982818	0.5292096219931272		291.0	153.0	100.0	0.6	20.0	0.08	1.959963984540054	0.01	2.0	10.0	0.02	
development	dense_flat_program	1409	rc2_unweighted	target	0.865016925331255	0.9666666666666667	0.47619047619047616	not_applicable																									
development	dense_flat_program	1409	rc2_unweighted	reference	0.6880551972744389	0.9277777777777778	0.8095238095238095	not_applicable																									
development	dense_flat_program	1409	rc3_soft	target	0.8374514123884356	0.9722222222222223	0.09523809523809523	not_applicable	0.659259259259259	0.5824074074074074																							
development	dense_flat_program	1409	rc3_soft	reference	0.7599217069047887	0.9777777777777777	0.19047619047619047	not_applicable	0.659259259259259	0.5824074074074074																							
development	dense_flat_program	1409	mirror_reduction_100	target	0.8460563699768308	0.9777777777777779	0.5714285714285714	sign_only			1.0	0.0	sign_only	458.0	289.0	169.0	0.631004366812227	0.5882352941176471	0.5882352941176471	0.5882352941176471		289.0	169.0	100.0	0.6	20.0	0.08	1.959963984540054	0.01	2.0	10.0	0.02	
development	dense_flat_program	1409	mirror_reduction_100	reference	0.7539900283555568	0.9722222222222222	0.8095238095238095	sign_only			1.0	0.0	sign_only	458.0	289.0	169.0	0.631004366812227	0.5882352941176471	0.5882352941176471	0.5882352941176471		289.0	169.0	100.0	0.6	20.0	0.08	1.959963984540054	0.01	2.0	10.0	0.02	
development	dense_flat_program	1409	mirror_reduction_075	target	0.8460563699768308	0.9777777777777779	0.5714285714285714	sign_only			0.75	0.0	sign_only	458.0	289.0	169.0	0.631004366812227	0.5882352941176471	0.4411764705882353	0.5882352941176471		289.0	169.0	100.0	0.6	20.0	0.08	1.959963984540054	0.01	2.0	10.0	0.02	
development	dense_flat_program	1409	mirror_reduction_075	reference	0.7539900283555568	0.9722222222222222	0.8095238095238095	sign_only			0.75	0.0	sign_only	458.0	289.0	169.0	0.631004366812227	0.5882352941176471	0.4411764705882353	0.5882352941176471		289.0	169.0	100.0	0.6	20.0	0.08	1.959963984540054	0.01	2.0	10.0	0.02	
development	dense_flat_program	1409	mirror_reduction_050	target	0.8460563699768308	0.9777777777777779	0.5714285714285714	sign_only			0.5	0.0	sign_only	458.0	289.0	169.0	0.631004366812227	0.5882352941176471	0.29411764705882354	0.5882352941176471		289.0	169.0	100.0	0.6	20.0	0.08	1.959963984540054	0.01	2.0	10.0	0.02	
development	dense_flat_program	1409	mirror_reduction_050	reference	0.7539900283555568	0.9722222222222222	0.8095238095238095	sign_only			0.5	0.0	sign_only	458.0	289.0	169.0	0.631004366812227	0.5882352941176471	0.29411764705882354	0.5882352941176471		289.0	169.0	100.0	0.6	20.0	0.08	1.959963984540054	0.01	2.0	10.0	0.02	
development	dense_flat_program	1409	mirror_reduction_025	target	0.8460563699768308	0.9777777777777779	0.5714285714285714	sign_only			0.25	0.0	sign_only	458.0	289.0	169.0	0.631004366812227	0.5882352941176471	0.14705882352941177	0.5882352941176471		289.0	169.0	100.0	0.6	20.0	0.08	1.959963984540054	0.01	2.0	10.0	0.02	
development	dense_flat_program	1409	mirror_reduction_025	reference	0.7539900283555568	0.9722222222222222	0.8095238095238095	sign_only			0.25	0.0	sign_only	458.0	289.0	169.0	0.631004366812227	0.5882352941176471	0.14705882352941177	0.5882352941176471		289.0	169.0	100.0	0.6	20.0	0.08	1.959963984540054	0.01	2.0	10.0	0.02	
development	dense_flat_program	1410	rc2_unweighted	target	0.7043246168858392	0.861111111111111	0.6190476190476191	not_applicable																									
development	dense_flat_program	1410	rc2_unweighted	reference	0.8854468823442501	0.8833333333333333	0.6666666666666666	not_applicable																									
development	dense_flat_program	1410	rc3_soft	target	0.7099072496443649	0.8555555555555555	0.19047619047619047	not_applicable	0.6814814814814811	0.5851851851851851																							
development	dense_flat_program	1410	rc3_soft	reference	0.9007809323566784	0.9111111111111111	0.19047619047619047	not_applicable	0.6814814814814811	0.5851851851851851																							
development	dense_flat_program	1410	mirror_reduction_100	target	0.6874589625738673	0.8444444444444444	0.6190476190476191	sign_only			1.0	0.0	sign_only	418.0	265.0	153.0	0.6339712918660287	0.5811320754716981	0.5811320754716981	0.5811320754716981		265.0	153.0	100.0	0.6	20.0	0.08	1.959963984540054	0.01	2.0	10.0	0.02	
development	dense_flat_program	1410	mirror_reduction_100	reference	0.8710100635478332	0.8888888888888888	0.7142857142857143	sign_only			1.0	0.0	sign_only	418.0	265.0	153.0	0.6339712918660287	0.5811320754716981	0.5811320754716981	0.5811320754716981		265.0	153.0	100.0	0.6	20.0	0.08	1.959963984540054	0.01	2.0	10.0	0.02	
development	dense_flat_program	1410	mirror_reduction_075	target	0.6874589625738673	0.8444444444444444	0.6190476190476191	sign_only			0.75	0.0	sign_only	418.0	265.0	153.0	0.6339712918660287	0.5811320754716981	0.4358490566037736	0.5811320754716981		265.0	153.0	100.0	0.6	20.0	0.08	1.959963984540054	0.01	2.0	10.0	0.02	
development	dense_flat_program	1410	mirror_reduction_075	reference	0.8710100635478332	0.8888888888888888	0.7142857142857143	sign_only			0.75	0.0	sign_only	418.0	265.0	153.0	0.6339712918660287	0.5811320754716981	0.4358490566037736	0.5811320754716981		265.0	153.0	100.0	0.6	20.0	0.08	1.959963984540054	0.01	2.0	10.0	0.02	
development	dense_flat_program	1410	mirror_reduction_050	target	0.6874589625738673	0.8444444444444444	0.6190476190476191	sign_only			0.5	0.0	sign_only	418.0	265.0	153.0	0.6339712918660287	0.5811320754716981	0.29056603773584905	0.5811320754716981		265.0	153.0	100.0	0.6	20.0	0.08	1.959963984540054	0.01	2.0	10.0	0.02	
development	dense_flat_program	1410	mirror_reduction_050	reference	0.8710100635478332	0.8888888888888888	0.7142857142857143	sign_only			0.5	0.0	sign_only	418.0	265.0	153.0	0.6339712918660287	0.5811320754716981	0.29056603773584905	0.5811320754716981		265.0	153.0	100.0	0.6	20.0	0.08	1.959963984540054	0.01	2.0	10.0	0.02	
development	dense_flat_program	1410	mirror_reduction_025	target	0.6874589625738673	0.8444444444444444	0.6190476190476191	sign_only			0.25	0.0	sign_only	418.0	265.0	153.0	0.6339712918660287	0.5811320754716981	0.14528301886792452	0.5811320754716981		265.0	153.0	100.0	0.6	20.0	0.08	1.959963984540054	0.01	2.0	10.0	0.02	
development	dense_flat_program	1410	mirror_reduction_025	reference	0.8710100635478332	0.8888888888888888	0.7142857142857143	sign_only			0.25	0.0	sign_only	418.0	265.0	153.0	0.6339712918660287	0.5811320754716981	0.14528301886792452	0.5811320754716981		265.0	153.0	100.0	0.6	20.0	0.08	1.959963984540054	0.01	2.0	10.0	0.02	
development	dense_flat_program	1411	rc2_unweighted	target	0.4632891765565391	0.7388888888888889	0.7619047619047619	not_applicable																									
development	dense_flat_program	1411	rc2_unweighted	reference	0.6781051545178727	0.9	0.6666666666666666	not_applicable																									
development	dense_flat_program	1411	rc3_soft	target	0.4429645338092559	0.7666666666666667	0.2857142857142857	not_applicable	0.6259259259259258	0.5782407407407407																							
development	dense_flat_program	1411	rc3_soft	reference	0.7241959549135606	0.9277777777777778	0.09523809523809523	not_applicable	0.6259259259259258	0.5782407407407407																							
development	dense_flat_program	1411	mirror_reduction_100	target	0.41470731417374074	0.7333333333333333	0.9523809523809523	sign_only			1.0	0.0	sign_only	470.0	294.0	176.0	0.625531914893617	0.6020408163265306	0.6020408163265306	0.6020408163265306		294.0	176.0	100.0	0.6	20.0	0.08	1.959963984540054	0.01	2.0	10.0	0.02	
development	dense_flat_program	1411	mirror_reduction_100	reference	0.7713169336554455	0.9333333333333333	0.5714285714285714	sign_only			1.0	0.0	sign_only	470.0	294.0	176.0	0.625531914893617	0.6020408163265306	0.6020408163265306	0.6020408163265306		294.0	176.0	100.0	0.6	20.0	0.08	1.959963984540054	0.01	2.0	10.0	0.02	
development	dense_flat_program	1411	mirror_reduction_075	target	0.41470731417374074	0.7333333333333333	0.9523809523809523	sign_only			0.75	0.0	sign_only	470.0	294.0	176.0	0.625531914893617	0.6020408163265306	0.451530612244898	0.6020408163265306		294.0	176.0	100.0	0.6	20.0	0.08	1.959963984540054	0.01	2.0	10.0	0.02	
development	dense_flat_program	1411	mirror_reduction_075	reference	0.7713169336554455	0.9333333333333333	0.5714285714285714	sign_only			0.75	0.0	sign_only	470.0	294.0	176.0	0.625531914893617	0.6020408163265306	0.451530612244898	0.6020408163265306		294.0	176.0	100.0	0.6	20.0	0.08	1.959963984540054	0.01	2.0	10.0	0.02	
development	dense_flat_program	1411	mirror_reduction_050	target	0.41470731417374074	0.7333333333333333	0.9523809523809523	sign_only			0.5	0.0	sign_only	470.0	294.0	176.0	0.625531914893617	0.6020408163265306	0.3010204081632653	0.6020408163265306		294.0	176.0	100.0	0.6	20.0	0.08	1.959963984540054	0.01	2.0	10.0	0.02	
development	dense_flat_program	1411	mirror_reduction_050	reference	0.7713169336554455	0.9333333333333333	0.5714285714285714	sign_only			0.5	0.0	sign_only	470.0	294.0	176.0	0.625531914893617	0.6020408163265306	0.3010204081632653	0.6020408163265306		294.0	176.0	100.0	0.6	20.0	0.08	1.959963984540054	0.01	2.0	10.0	0.02	
development	dense_flat_program	1411	mirror_reduction_025	target	0.41470731417374074	0.7333333333333333	0.9523809523809523	sign_only			0.25	0.0	sign_only	470.0	294.0	176.0	0.625531914893617	0.6020408163265306	0.15051020408163265	0.6020408163265306		294.0	176.0	100.0	0.6	20.0	0.08	1.959963984540054	0.01	2.0	10.0	0.02	
development	dense_flat_program	1411	mirror_reduction_025	reference	0.7713169336554455	0.9333333333333333	0.5714285714285714	sign_only			0.25	0.0	sign_only	470.0	294.0	176.0	0.625531914893617	0.6020408163265306	0.15051020408163265	0.6020408163265306		294.0	176.0	100.0	0.6	20.0	0.08	1.959963984540054	0.01	2.0	10.0	0.02	
development	dense_flat_program	1412	rc2_unweighted	target	0.60770809232335	0.8163265306122449	0.7619047619047619	not_applicable																									
development	dense_flat_program	1412	rc2_unweighted	reference	0.818271119842829	0.8520408163265306	0.47619047619047616	not_applicable																									
development	dense_flat_program	1412	rc3_soft	target	0.6014088769798254	0.8673469387755102	0.38095238095238093	not_applicable	0.7333333333333334	0.5916666666666667																							
development	dense_flat_program	1412	rc3_soft	reference	0.8477415573954695	0.9081632653061225	0.0	not_applicable	0.7333333333333334	0.5916666666666667																							
development	dense_flat_program	1412	mirror_reduction_100	target	0.5471613897968803	0.826530612244898	0.8095238095238095	sign_only			1.0	0.0	sign_only	461.0	296.0	165.0	0.6420824295010846	0.5608108108108109	0.5608108108108109	0.5608108108108109		296.0	165.0	100.0	0.6	20.0	0.08	1.959963984540054	0.01	2.0	10.0	0.02	
development	dense_flat_program	1412	mirror_reduction_100	reference	0.8511616790765529	0.923469387755102	0.7142857142857143	sign_only			1.0	0.0	sign_only	461.0	296.0	165.0	0.6420824295010846	0.5608108108108109	0.5608108108108109	0.5608108108108109		296.0	165.0	100.0	0.6	20.0	0.08	1.959963984540054	0.01	2.0	10.0	0.02	
development	dense_flat_program	1412	mirror_reduction_075	target	0.5471613897968803	0.826530612244898	0.8095238095238095	sign_only			0.75	0.0	sign_only	461.0	296.0	165.0	0.6420824295010846	0.5608108108108109	0.4206081081081081	0.5608108108108109		296.0	165.0	100.0	0.6	20.0	0.08	1.959963984540054	0.01	2.0	10.0	0.02	
development	dense_flat_program	1412	mirror_reduction_075	reference	0.8511616790765529	0.923469387755102	0.7142857142857143	sign_only			0.75	0.0	sign_only	461.0	296.0	165.0	0.6420824295010846	0.5608108108108109	0.4206081081081081	0.5608108108108109		296.0	165.0	100.0	0.6	20.0	0.08	1.959963984540054	0.01	2.0	10.0	0.02	
development	dense_flat_program	1412	mirror_reduction_050	target	0.5471613897968803	0.826530612244898	0.8095238095238095	sign_only			0.5	0.0	sign_only	461.0	296.0	165.0	0.6420824295010846	0.5608108108108109	0.28040540540540543	0.5608108108108109		296.0	165.0	100.0	0.6	20.0	0.08	1.959963984540054	0.01	2.0	10.0	0.02	
development	dense_flat_program	1412	mirror_reduction_050	reference	0.8511616790765529	0.923469387755102	0.7142857142857143	sign_only			0.5	0.0	sign_only	461.0	296.0	165.0	0.6420824295010846	0.5608108108108109	0.28040540540540543	0.5608108108108109		296.0	165.0	100.0	0.6	20.0	0.08	1.959963984540054	0.01	2.0	10.0	0.02	
development	dense_flat_program	1412	mirror_reduction_025	target	0.5471613897968803	0.826530612244898	0.8095238095238095	sign_only			0.25	0.0	sign_only	461.0	296.0	165.0	0.6420824295010846	0.5608108108108109	0.14020270270270271	0.5608108108108109		296.0	165.0	100.0	0.6	20.0	0.08	1.959963984540054	0.01	2.0	10.0	0.02	
development	dense_flat_program	1412	mirror_reduction_025	reference	0.8511616790765529	0.923469387755102	0.7142857142857143	sign_only			0.25	0.0	sign_only	461.0	296.0	165.0	0.6420824295010846	0.5608108108108109	0.14020270270270271	0.5608108108108109		296.0	165.0	100.0	0.6	20.0	0.08	1.959963984540054	0.01	2.0	10.0	0.02	
development	dense_flat_program	1413	rc2_unweighted	target	0.8526539048689942	0.9888888888888889	0.5238095238095238	not_applicable																									
development	dense_flat_program	1413	rc2_unweighted	reference	0.767517782119969	0.9333333333333333	0.6666666666666666	not_applicable																									
development	dense_flat_program	1413	rc3_soft	target	0.8563086674113074	1.0	0.09523809523809523	not_applicable	0.7259259259259263	0.5907407407407408																							
development	dense_flat_program	1413	rc3_soft	reference	0.7892336570129317	0.9166666666666667	0.3333333333333333	not_applicable	0.7259259259259263	0.5907407407407408																							
development	dense_flat_program	1413	mirror_reduction_100	target	0.847791642838483	1.0	0.7142857142857143	sign_only			1.0	0.0	sign_only	452.0	283.0	169.0	0.6261061946902655	0.6007067137809188	0.6007067137809188	0.6007067137809188		283.0	169.0	100.0	0.6	20.0	0.08	1.959963984540054	0.01	2.0	10.0	0.02	
development	dense_flat_program	1413	mirror_reduction_100	reference	0.7889413111616843	0.9055555555555557	0.7142857142857143	sign_only			1.0	0.0	sign_only	452.0	283.0	169.0	0.6261061946902655	0.6007067137809188	0.6007067137809188	0.6007067137809188		283.0	169.0	100.0	0.6	20.0	0.08	1.959963984540054	0.01	2.0	10.0	0.02	
development	dense_flat_program	1413	mirror_reduction_075	target	0.847791642838483	1.0	0.7142857142857143	sign_only			0.75	0.0	sign_only	452.0	283.0	169.0	0.6261061946902655	0.6007067137809188	0.4505300353356891	0.6007067137809188		283.0	169.0	100.0	0.6	20.0	0.08	1.959963984540054	0.01	2.0	10.0	0.02	
development	dense_flat_program	1413	mirror_reduction_075	reference	0.7889413111616843	0.9055555555555557	0.7142857142857143	sign_only			0.75	0.0	sign_only	452.0	283.0	169.0	0.6261061946902655	0.6007067137809188	0.4505300353356891	0.6007067137809188		283.0	169.0	100.0	0.6	20.0	0.08	1.959963984540054	0.01	2.0	10.0	0.02	
development	dense_flat_program	1413	mirror_reduction_050	target	0.847791642838483	1.0	0.7142857142857143	sign_only			0.5	0.0	sign_only	452.0	283.0	169.0	0.6261061946902655	0.6007067137809188	0.3003533568904594	0.6007067137809188		283.0	169.0	100.0	0.6	20.0	0.08	1.959963984540054	0.01	2.0	10.0	0.02	
development	dense_flat_program	1413	mirror_reduction_050	reference	0.7889413111616843	0.9055555555555557	0.7142857142857143	sign_only			0.5	0.0	sign_only	452.0	283.0	169.0	0.6261061946902655	0.6007067137809188	0.3003533568904594	0.6007067137809188		283.0	169.0	100.0	0.6	20.0	0.08	1.959963984540054	0.01	2.0	10.0	0.02	
development	dense_flat_program	1413	mirror_reduction_025	target	0.847791642838483	1.0	0.7142857142857143	sign_only			0.25	0.0	sign_only	452.0	283.0	169.0	0.6261061946902655	0.6007067137809188	0.1501766784452297	0.6007067137809188		283.0	169.0	100.0	0.6	20.0	0.08	1.959963984540054	0.01	2.0	10.0	0.02	
development	dense_flat_program	1413	mirror_reduction_025	reference	0.7889413111616843	0.9055555555555557	0.7142857142857143	sign_only			0.25	0.0	sign_only	452.0	283.0	169.0	0.6261061946902655	0.6007067137809188	0.1501766784452297	0.6007067137809188		283.0	169.0	100.0	0.6	20.0	0.08	1.959963984540054	0.01	2.0	10.0	0.02	
development	dense_flat_program	1414	rc2_unweighted	target	0.802103211712654	0.9444444444444445	0.8095238095238095	not_applicable																									
development	dense_flat_program	1414	rc2_unweighted	reference	0.8192826206909037	0.9277777777777778	0.7619047619047619	not_applicable																									
development	dense_flat_program	1414	rc3_soft	target	0.7884114583333334	0.9388888888888889	0.38095238095238093	not_applicable	0.7148148148148152	0.5893518518518519																							
development	dense_flat_program	1414	rc3_soft	reference	0.799674945877652	0.8722222222222222	0.2857142857142857	not_applicable	0.7148148148148152	0.5893518518518519																							
development	dense_flat_program	1414	mirror_reduction_100	target	0.7978691751658168	0.9333333333333333	0.8571428571428571	sign_only			1.0	0.0	sign_only	424.0	280.0	144.0	0.660377358490566	0.5178571428571429	0.5178571428571429	0.5178571428571429		280.0	144.0	100.0	0.6	20.0	0.08	1.959963984540054	0.01	2.0	10.0	0.02	
development	dense_flat_program	1414	mirror_reduction_100	reference	0.7720677116147446	0.8166666666666667	0.7142857142857143	sign_only			1.0	0.0	sign_only	424.0	280.0	144.0	0.660377358490566	0.5178571428571429	0.5178571428571429	0.5178571428571429		280.0	144.0	100.0	0.6	20.0	0.08	1.959963984540054	0.01	2.0	10.0	0.02	
development	dense_flat_program	1414	mirror_reduction_075	target	0.7978691751658168	0.9333333333333333	0.8571428571428571	sign_only			0.75	0.0	sign_only	424.0	280.0	144.0	0.660377358490566	0.5178571428571429	0.3883928571428572	0.5178571428571429		280.0	144.0	100.0	0.6	20.0	0.08	1.959963984540054	0.01	2.0	10.0	0.02	
development	dense_flat_program	1414	mirror_reduction_075	reference	0.7720677116147446	0.8166666666666667	0.7142857142857143	sign_only			0.75	0.0	sign_only	424.0	280.0	144.0	0.660377358490566	0.5178571428571429	0.3883928571428572	0.5178571428571429		280.0	144.0	100.0	0.6	20.0	0.08	1.959963984540054	0.01	2.0	10.0	0.02	
development	dense_flat_program	1414	mirror_reduction_050	target	0.7978691751658168	0.9333333333333333	0.8571428571428571	sign_only			0.5	0.0	sign_only	424.0	280.0	144.0	0.660377358490566	0.5178571428571429	0.25892857142857145	0.5178571428571429		280.0	144.0	100.0	0.6	20.0	0.08	1.959963984540054	0.01	2.0	10.0	0.02	
development	dense_flat_program	1414	mirror_reduction_050	reference	0.7720677116147446	0.8166666666666667	0.7142857142857143	sign_only			0.5	0.0	sign_only	424.0	280.0	144.0	0.660377358490566	0.5178571428571429	0.25892857142857145	0.5178571428571429		280.0	144.0	100.0	0.6	20.0	0.08	1.959963984540054	0.01	2.0	10.0	0.02	
development	dense_flat_program	1414	mirror_reduction_025	target	0.7978691751658168	0.9333333333333333	0.8571428571428571	sign_only			0.25	0.0	sign_only	424.0	280.0	144.0	0.660377358490566	0.5178571428571429	0.12946428571428573	0.5178571428571429		280.0	144.0	100.0	0.6	20.0	0.08	1.959963984540054	0.01	2.0	10.0	0.02	
development	dense_flat_program	1414	mirror_reduction_025	reference	0.7720677116147446	0.8166666666666667	0.7142857142857143	sign_only			0.25	0.0	sign_only	424.0	280.0	144.0	0.660377358490566	0.5178571428571429	0.12946428571428573	0.5178571428571429		280.0	144.0	100.0	0.6	20.0	0.08	1.959963984540054	0.01	2.0	10.0	0.02	
development	dense_flat_program	1415	rc2_unweighted	target	0.7951140065146582	0.9111111111111111	0.47619047619047616	not_applicable																									
development	dense_flat_program	1415	rc2_unweighted	reference	0.3314327842864439	0.75	0.7619047619047619	not_applicable																									
development	dense_flat_program	1415	rc3_soft	target	0.824066130037246	0.9111111111111112	0.0	not_applicable	0.5518518518518523	0.5689814814814815																							
development	dense_flat_program	1415	rc3_soft	reference	0.512525366907188	0.7740384615384616	0.42857142857142855	not_applicable	0.5518518518518523	0.5689814814814815																							
development	dense_flat_program	1415	mirror_reduction_100	target	0.8306188925081434	0.9277777777777778	0.47619047619047616	sign_only			1.0	0.0	sign_only	451.0	283.0	168.0	0.6274944567627494	0.5971731448763251	0.5971731448763251	0.5971731448763251		283.0	168.0	100.0	0.6	20.0	0.08	1.959963984540054	0.01	2.0	10.0	0.02	
development	dense_flat_program	1415	mirror_reduction_100	reference	0.5040706927442736	0.6875	0.9047619047619048	sign_only			1.0	0.0	sign_only	451.0	283.0	168.0	0.6274944567627494	0.5971731448763251	0.5971731448763251	0.5971731448763251		283.0	168.0	100.0	0.6	20.0	0.08	1.959963984540054	0.01	2.0	10.0	0.02	
development	dense_flat_program	1415	mirror_reduction_075	target	0.8306188925081434	0.9277777777777778	0.47619047619047616	sign_only			0.75	0.0	sign_only	451.0	283.0	168.0	0.6274944567627494	0.5971731448763251	0.44787985865724383	0.5971731448763251		283.0	168.0	100.0	0.6	20.0	0.08	1.959963984540054	0.01	2.0	10.0	0.02	
development	dense_flat_program	1415	mirror_reduction_075	reference	0.5040706927442736	0.6875	0.9047619047619048	sign_only			0.75	0.0	sign_only	451.0	283.0	168.0	0.6274944567627494	0.5971731448763251	0.44787985865724383	0.5971731448763251		283.0	168.0	100.0	0.6	20.0	0.08	1.959963984540054	0.01	2.0	10.0	0.02	
development	dense_flat_program	1415	mirror_reduction_050	target	0.8306188925081434	0.9277777777777778	0.47619047619047616	sign_only			0.5	0.0	sign_only	451.0	283.0	168.0	0.6274944567627494	0.5971731448763251	0.29858657243816256	0.5971731448763251		283.0	168.0	100.0	0.6	20.0	0.08	1.959963984540054	0.01	2.0	10.0	0.02	
development	dense_flat_program	1415	mirror_reduction_050	reference	0.5040706927442736	0.6875	0.9047619047619048	sign_only			0.5	0.0	sign_only	451.0	283.0	168.0	0.6274944567627494	0.5971731448763251	0.29858657243816256	0.5971731448763251		283.0	168.0	100.0	0.6	20.0	0.08	1.959963984540054	0.01	2.0	10.0	0.02	
development	dense_flat_program	1415	mirror_reduction_025	target	0.8306188925081434	0.9277777777777778	0.47619047619047616	sign_only			0.25	0.0	sign_only	451.0	283.0	168.0	0.6274944567627494	0.5971731448763251	0.14929328621908128	0.5971731448763251		283.0	168.0	100.0	0.6	20.0	0.08	1.959963984540054	0.01	2.0	10.0	0.02	
development	dense_flat_program	1415	mirror_reduction_025	reference	0.5040706927442736	0.6875	0.9047619047619048	sign_only			0.25	0.0	sign_only	451.0	283.0	168.0	0.6274944567627494	0.5971731448763251	0.14929328621908128	0.5971731448763251		283.0	168.0	100.0	0.6	20.0	0.08	1.959963984540054	0.01	2.0	10.0	0.02	
development	dense_flat_program	1416	rc2_unweighted	target	0.7380992738279593	0.9	0.7142857142857143	not_applicable																									
development	dense_flat_program	1416	rc2_unweighted	reference	0.7462500154873974	0.8	0.42857142857142855	not_applicable																									
development	dense_flat_program	1416	rc3_soft	target	0.7170881018031343	0.9111111111111112	0.14285714285714285	not_applicable	0.666666666666667	0.5833333333333334																							
development	dense_flat_program	1416	rc3_soft	reference	0.7981804248651174	0.8	0.0	not_applicable	0.666666666666667	0.5833333333333334																							
development	dense_flat_program	1416	mirror_reduction_100	target	0.6716468944159106	0.8777777777777779	0.9523809523809523	sign_only			1.0	0.0	sign_only	429.0	258.0	171.0	0.6013986013986014	0.6666666666666666	0.6666666666666666	0.6666666666666666		258.0	171.0	100.0	0.6	20.0	0.08	1.959963984540054	0.01	2.0	10.0	0.02	
development	dense_flat_program	1416	mirror_reduction_100	reference	0.8283950549868925	0.8222222222222222	0.5714285714285714	sign_only			1.0	0.0	sign_only	429.0	258.0	171.0	0.6013986013986014	0.6666666666666666	0.6666666666666666	0.6666666666666666		258.0	171.0	100.0	0.6	20.0	0.08	1.959963984540054	0.01	2.0	10.0	0.02	
development	dense_flat_program	1416	mirror_reduction_075	target	0.6716468944159106	0.8777777777777779	0.9523809523809523	sign_only			0.75	0.0	sign_only	429.0	258.0	171.0	0.6013986013986014	0.6666666666666666	0.5	0.6666666666666666		258.0	171.0	100.0	0.6	20.0	0.08	1.959963984540054	0.01	2.0	10.0	0.02	
development	dense_flat_program	1416	mirror_reduction_075	reference	0.8283950549868925	0.8222222222222222	0.5714285714285714	sign_only			0.75	0.0	sign_only	429.0	258.0	171.0	0.6013986013986014	0.6666666666666666	0.5	0.6666666666666666		258.0	171.0	100.0	0.6	20.0	0.08	1.959963984540054	0.01	2.0	10.0	0.02	
development	dense_flat_program	1416	mirror_reduction_050	target	0.6716468944159106	0.8777777777777779	0.9523809523809523	sign_only			0.5	0.0	sign_only	429.0	258.0	171.0	0.6013986013986014	0.6666666666666666	0.3333333333333333	0.6666666666666666		258.0	171.0	100.0	0.6	20.0	0.08	1.959963984540054	0.01	2.0	10.0	0.02	
development	dense_flat_program	1416	mirror_reduction_050	reference	0.8283950549868925	0.8222222222222222	0.5714285714285714	sign_only			0.5	0.0	sign_only	429.0	258.0	171.0	0.6013986013986014	0.6666666666666666	0.3333333333333333	0.6666666666666666		258.0	171.0	100.0	0.6	20.0	0.08	1.959963984540054	0.01	2.0	10.0	0.02	
development	dense_flat_program	1416	mirror_reduction_025	target	0.6716468944159106	0.8777777777777779	0.9523809523809523	sign_only			0.25	0.0	sign_only	429.0	258.0	171.0	0.6013986013986014	0.6666666666666666	0.16666666666666666	0.6666666666666666		258.0	171.0	100.0	0.6	20.0	0.08	1.959963984540054	0.01	2.0	10.0	0.02	
development	dense_flat_program	1416	mirror_reduction_025	reference	0.8283950549868925	0.8222222222222222	0.5714285714285714	sign_only			0.25	0.0	sign_only	429.0	258.0	171.0	0.6013986013986014	0.6666666666666666	0.16666666666666666	0.6666666666666666		258.0	171.0	100.0	0.6	20.0	0.08	1.959963984540054	0.01	2.0	10.0	0.02	
development	tail_separable_program	1401	rc2_unweighted	target	0.7421949246454138	0.7857142857142857	0.5714285714285714	not_applicable																									
development	tail_separable_program	1401	rc2_unweighted	reference	0.8081342055495245	0.9777777777777777	0.5714285714285714	not_applicable																									
development	tail_separable_program	1401	rc3_soft	target	0.831451735425269	0.836734693877551	0.0	not_applicable	0.7555555555555555	0.5944444444444444																							
development	tail_separable_program	1401	rc3_soft	reference	0.8220825278616984	0.9777777777777779	0.0	not_applicable	0.7555555555555555	0.5944444444444444																							
development	tail_separable_program	1401	mirror_reduction_100	target	0.8439271676372342	0.836734693877551	0.7142857142857143	sign_only			1.0	0.0	sign_only	450.0	304.0	146.0	0.6755555555555556	0.48355263157894735	0.48355263157894735	0.48355263157894735		304.0	146.0	100.0	0.6	20.0	0.08	1.959963984540054	0.01	2.0	10.0	0.02	
development	tail_separable_program	1401	mirror_reduction_100	reference	0.8354141093601767	0.9611111111111111	0.8095238095238095	sign_only			1.0	0.0	sign_only	450.0	304.0	146.0	0.6755555555555556	0.48355263157894735	0.48355263157894735	0.48355263157894735		304.0	146.0	100.0	0.6	20.0	0.08	1.959963984540054	0.01	2.0	10.0	0.02	
development	tail_separable_program	1401	mirror_reduction_075	target	0.858228327511736	0.8520408163265306	0.7142857142857143	enriched_tail			0.75	1.1646850596800562	enriched_tail	450.0	304.0	146.0	0.6755555555555556	0.48355263157894735	0.3626644736842105	0.3588709677419355	0.6885811880917656	248.0	146.0	100.0	0.6	20.0	0.08	1.959963984540054	0.01	2.0	10.0	0.02	0.05867086577435632
development	tail_separable_program	1401	mirror_reduction_075	reference	0.8686163036875292	0.9777777777777777	0.7142857142857143	enriched_tail			0.75	1.1646850596800562	enriched_tail	450.0	304.0	146.0	0.6755555555555556	0.48355263157894735	0.3626644736842105	0.3588709677419355	0.6885811880917656	248.0	146.0	100.0	0.6	20.0	0.08	1.959963984540054	0.01	2.0	10.0	0.02	0.05867086577435632
development	tail_separable_program	1401	mirror_reduction_050	target	0.8606271975602886	0.8418367346938775	0.9047619047619048	enriched_tail			0.5	1.4350014377521794	enriched_tail	450.0	304.0	146.0	0.6755555555555556	0.48355263157894735	0.24177631578947367	0.23857868020304568	0.7567554458883312	197.0	146.0	100.0	0.6	20.0	0.08	1.959963984540054	0.01	2.0	10.0	0.02	0.1047066714009548
development	tail_separable_program	1401	mirror_reduction_050	reference	0.9215876016743708	0.9833333333333333	0.6666666666666666	enriched_tail			0.5	1.4350014377521794	enriched_tail	450.0	304.0	146.0	0.6755555555555556	0.48355263157894735	0.24177631578947367	0.23857868020304568	0.7567554458883312	197.0	146.0	100.0	0.6	20.0	0.08	1.959963984540054	0.01	2.0	10.0	0.02	0.1047066714009548
development	tail_separable_program	1401	mirror_reduction_025	target	0.892778226554169	0.8928571428571428	0.8095238095238095	enriched_tail			0.25	5.027690052769297	enriched_tail	450.0	304.0	146.0	0.6755555555555556	0.48355263157894735	0.12088815789473684	0.11842105263157894	0.8448192275181449	152.0	146.0	100.0	0.6	20.0	0.08	1.959963984540054	0.01	2.0	10.0	0.02	0.21758087201125176
development	tail_separable_program	1401	mirror_reduction_025	reference	0.9262150982155893	0.9777777777777779	0.8095238095238095	enriched_tail			0.25	5.027690052769297	enriched_tail	450.0	304.0	146.0	0.6755555555555556	0.48355263157894735	0.12088815789473684	0.11842105263157894	0.8448192275181449	152.0	146.0	100.0	0.6	20.0	0.08	1.959963984540054	0.01	2.0	10.0	0.02	0.21758087201125176
development	tail_separable_program	1402	rc2_unweighted	target	0.5629793822308453	0.9	0.5238095238095238	not_applicable																									
development	tail_separable_program	1402	rc2_unweighted	reference	0.8895551625384446	0.9444444444444445	0.42857142857142855	not_applicable																									
development	tail_separable_program	1402	rc3_soft	target	0.665508269184045	0.9111111111111112	0.0	not_applicable	0.7851851851851848	0.5981481481481481																							
development	tail_separable_program	1402	rc3_soft	reference	0.9320058066741588	0.9555555555555556	0.0	not_applicable	0.7851851851851848	0.5981481481481481																							
development	tail_separable_program	1402	mirror_reduction_100	target	0.6816781184699494	0.9166666666666667	0.5238095238095238	sign_only			1.0	0.0	sign_only	493.0	316.0	177.0	0.640973630831643	0.5632911392405063	0.5632911392405063	0.5632911392405063		316.0	177.0	100.0	0.6	20.0	0.08	1.959963984540054	0.01	2.0	10.0	0.02	
development	tail_separable_program	1402	mirror_reduction_100	reference	0.9348474446449233	0.9611111111111112	0.5714285714285714	sign_only			1.0	0.0	sign_only	493.0	316.0	177.0	0.640973630831643	0.5632911392405063	0.5632911392405063	0.5632911392405063		316.0	177.0	100.0	0.6	20.0	0.08	1.959963984540054	0.01	2.0	10.0	0.02	
development	tail_separable_program	1402	mirror_reduction_075	target	0.745674829251028	0.9555555555555556	0.7619047619047619	enriched_tail			0.75	1.232586582542883	enriched_tail	493.0	316.0	177.0	0.640973630831643	0.5632911392405063	0.4224683544303798	0.41422594142259417	0.6585715467629356	239.0	177.0	100.0	0.6	20.0	0.08	1.959963984540054	0.01	2.0	10.0	0.02	0.06558968926553677
development	tail_separable_program	1402	mirror_reduction_075	reference	0.901086840255904	0.9500000000000001	0.7142857142857143	enriched_tail			0.75	1.232586582542883	enriched_tail	493.0	316.0	177.0	0.640973630831643	0.5632911392405063	0.4224683544303798	0.41422594142259417	0.6585715467629356	239.0	177.0	100.0	0.6	20.0	0.08	1.959963984540054	0.01	2.0	10.0	0.02	0.06558968926553677
development	tail_separable_program	1402	mirror_reduction_050	target	0.7340179620758907	0.9333333333333335	0.8095238095238095	enriched_tail			0.5	1.4573356092744785	enriched_tail	493.0	316.0	177.0	0.640973630831643	0.5632911392405063	0.28164556962025317	0.2804232804232804	0.72805488418904	189.0	177.0	100.0	0.6	20.0	0.08	1.959963984540054	0.01	2.0	10.0	0.02	0.1393515434155007
development	tail_separable_program	1402	mirror_reduction_050	reference	0.9056559365273107	0.9555555555555555	0.8095238095238095	enriched_tail			0.5	1.4573356092744785	enriched_tail	493.0	316.0	177.0	0.640973630831643	0.5632911392405063	0.28164556962025317	0.2804232804232804	0.72805488418904	189.0	177.0	100.0	0.6	20.0	0.08	1.959963984540054	0.01	2.0	10.0	0.02	0.1393515434155007
development	tail_separable_program	1402	mirror_reduction_025	target	0.8376311028955098	0.9277777777777778	0.7619047619047619	enriched_tail			0.25	2.0508155765468405	enriched_tail	493.0	316.0	177.0	0.640973630831643	0.5632911392405063	0.14082278481012658	0.13580246913580246	0.8309427554678281	162.0	177.0	100.0	0.6	20.0	0.08	1.959963984540054	0.01	2.0	10.0	0.02	0.22395833333333337
development	tail_separable_program	1402	mirror_reduction_025	reference	0.919328334328181	0.9666666666666667	0.7619047619047619	enriched_tail			0.25	2.0508155765468405	enriched_tail	493.0	316.0	177.0	0.640973630831643	0.5632911392405063	0.14082278481012658	0.13580246913580246	0.8309427554678281	162.0	177.0	100.0	0.6	20.0	0.08	1.959963984540054	0.01	2.0	10.0	0.02	0.22395833333333337
development	tail_separable_program	1403	rc2_unweighted	target	0.6853791741196223	0.8775510204081632	0.3333333333333333	not_applicable																									
development	tail_separable_program	1403	rc2_unweighted	reference	0.8219287293036658	0.9711538461538461	0.6666666666666666	not_applicable																									
development	tail_separable_program	1403	rc3_soft	target	0.6736192088032532	0.9081632653061225	0.0	not_applicable	0.837037037037037	0.6046296296296296																							
development	tail_separable_program	1403	rc3_soft	reference	0.7966246680271339	0.9519230769230769	0.0	not_applicable	0.837037037037037	0.6046296296296296																							
development	tail_separable_program	1403	mirror_reduction_100	target	0.6451930745489415	0.9030612244897959	0.6666666666666666	sign_only			1.0	0.0	sign_only	470.0	301.0	169.0	0.6404255319148936	0.5647840531561462	0.5647840531561462	0.5647840531561462		301.0	169.0	100.0	0.6	20.0	0.08	1.959963984540054	0.01	2.0	10.0	0.02	
development	tail_separable_program	1403	mirror_reduction_100	reference	0.7236605941092664	0.8942307692307693	0.6666666666666666	sign_only			1.0	0.0	sign_only	470.0	301.0	169.0	0.6404255319148936	0.5647840531561462	0.5647840531561462	0.5647840531561462		301.0	169.0	100.0	0.6	20.0	0.08	1.959963984540054	0.01	2.0	10.0	0.02	
development	tail_separable_program	1403	mirror_reduction_075	target	0.7357416594659327	0.9540816326530611	0.6666666666666666	enriched_tail			0.75	1.2686137850566719	enriched_tail	470.0	301.0	169.0	0.6404255319148936	0.5647840531561462	0.4235880398671097	0.42342342342342343	0.6521652497769883	222.0	169.0	100.0	0.6	20.0	0.08	1.959963984540054	0.01	2.0	10.0	0.02	0.06290943121555581
development	tail_separable_program	1403	mirror_reduction_075	reference	0.8031531105099029	0.9230769230769231	0.9047619047619048	enriched_tail			0.75	1.2686137850566719	enriched_tail	470.0	301.0	169.0	0.6404255319148936	0.5647840531561462	0.4235880398671097	0.42342342342342343	0.6521652497769883	222.0	169.0	100.0	0.6	20.0	0.08	1.959963984540054	0.01	2.0	10.0	0.02	0.06290943121555581
development	tail_separable_program	1403	mirror_reduction_050	target	0.7620137706939395	0.9489795918367347	0.5714285714285714	enriched_tail			0.5	1.451763396317704	enriched_tail	470.0	301.0	169.0	0.6404255319148936	0.5647840531561462	0.2823920265780731	0.2786885245901639	0.7282894070300437	183.0	169.0	100.0	0.6	20.0	0.08	1.959963984540054	0.01	2.0	10.0	0.02	0.13385484571925244
development	tail_separable_program	1403	mirror_reduction_050	reference	0.7263381505070041	0.8701923076923077	0.9047619047619048	enriched_tail			0.5	1.451763396317704	enriched_tail	470.0	301.0	169.0	0.6404255319148936	0.5647840531561462	0.2823920265780731	0.2786885245901639	0.7282894070300437	183.0	169.0	100.0	0.6	20.0	0.08	1.959963984540054	0.01	2.0	10.0	0.02	0.13385484571925244
development	tail_separable_program	1403	mirror_reduction_025	target	0.822644683743795	0.9693877551020408	0.6190476190476191	enriched_tail			0.25	1.9260235989168684	enriched_tail	470.0	301.0	169.0	0.6404255319148936	0.5647840531561462	0.14119601328903655	0.14012738853503184	0.8263768535009196	157.0	169.0	100.0	0.6	20.0	0.08	1.959963984540054	0.01	2.0	10.0	0.02	0.22270398108001577
development	tail_separable_program	1403	mirror_reduction_025	reference	0.729020491598262	0.8509615384615384	1.0	enriched_tail			0.25	1.9260235989168684	enriched_tail	470.0	301.0	169.0	0.6404255319148936	0.5647840531561462	0.14119601328903655	0.14012738853503184	0.8263768535009196	157.0	169.0	100.0	0.6	20.0	0.08	1.959963984540054	0.01	2.0	10.0	0.02	0.22270398108001577
development	tail_separable_program	1404	rc2_unweighted	target	0.7706244681051723	0.8571428571428572	0.6190476190476191	not_applicable																									
development	tail_separable_program	1404	rc2_unweighted	reference	0.7366187989556136	0.9489795918367346	0.5238095238095238	not_applicable																									
development	tail_separable_program	1404	rc3_soft	target	0.7942652021491412	0.8877551020408163	0.0	not_applicable	0.6481481481481479	0.5810185185185185																							
development	tail_separable_program	1404	rc3_soft	reference	0.8125027550731493	0.9285714285714286	0.0	not_applicable	0.6481481481481479	0.5810185185185185																							
development	tail_separable_program	1404	mirror_reduction_100	target	0.7614497942157431	0.8775510204081632	0.6190476190476191	sign_only			1.0	0.0	sign_only	464.0	288.0	176.0	0.6206896551724138	0.6145833333333334	0.6145833333333334	0.6145833333333334		288.0	176.0	100.0	0.6	20.0	0.08	1.959963984540054	0.01	2.0	10.0	0.02	
development	tail_separable_program	1404	mirror_reduction_100	reference	0.8415238302032839	0.9285714285714285	0.7142857142857143	sign_only			1.0	0.0	sign_only	464.0	288.0	176.0	0.6206896551724138	0.6145833333333334	0.6145833333333334	0.6145833333333334		288.0	176.0	100.0	0.6	20.0	0.08	1.959963984540054	0.01	2.0	10.0	0.02	
development	tail_separable_program	1404	mirror_reduction_075	target	0.8671975615964046	0.979591836734694	0.7142857142857143	enriched_tail			0.75	1.2406354214643842	enriched_tail	464.0	288.0	176.0	0.6206896551724138	0.6145833333333334	0.4609375	0.4594594594594595	0.6347978062564968	222.0	176.0	100.0	0.6	20.0	0.08	1.959963984540054	0.01	2.0	10.0	0.02	0.045873643093972793
development	tail_separable_program	1404	mirror_reduction_075	reference	0.791550941581678	0.903061224489796	0.7619047619047619	enriched_tail			0.75	1.2406354214643842	enriched_tail	464.0	288.0	176.0	0.6206896551724138	0.6145833333333334	0.4609375	0.4594594594594595	0.6347978062564968	222.0	176.0	100.0	0.6	20.0	0.08	1.959963984540054	0.01	2.0	10.0	0.02	0.045873643093972793
development	tail_separable_program	1404	mirror_reduction_050	target	0.8847098315769121	0.9438775510204082	0.8095238095238095	enriched_tail			0.5	1.5207279769276885	enriched_tail	464.0	288.0	176.0	0.6206896551724138	0.6145833333333334	0.3072916666666667	0.30357142857142855	0.7104340236810528	168.0	176.0	100.0	0.6	20.0	0.08	1.959963984540054	0.01	2.0	10.0	0.02	0.13510381458232745
development	tail_separable_program	1404	mirror_reduction_050	reference	0.83581265857818	0.923469387755102	0.8095238095238095	enriched_tail			0.5	1.5207279769276885	enriched_tail	464.0	288.0	176.0	0.6206896551724138	0.6145833333333334	0.3072916666666667	0.30357142857142855	0.7104340236810528	168.0	176.0	100.0	0.6	20.0	0.08	1.959963984540054	0.01	2.0	10.0	0.02	0.13510381458232745
development	tail_separable_program	1404	mirror_reduction_025	target	0.7614497942157431	0.8775510204081632	0.6190476190476191	sign_only			0.25	0.0	sign_only	464.0	288.0	176.0	0.6206896551724138	0.6145833333333334	0.15364583333333334	0.6145833333333334		288.0	176.0	100.0	0.6	20.0	0.08	1.959963984540054	0.01	2.0	10.0	0.02	
development	tail_separable_program	1404	mirror_reduction_025	reference	0.8415238302032839	0.9285714285714285	0.7142857142857143	sign_only			0.25	0.0	sign_only	464.0	288.0	176.0	0.6206896551724138	0.6145833333333334	0.15364583333333334	0.6145833333333334		288.0	176.0	100.0	0.6	20.0	0.08	1.959963984540054	0.01	2.0	10.0	0.02	
development	tail_separable_program	1405	rc2_unweighted	target	0.5315522627395157	0.7259615384615385	0.6666666666666666	not_applicable																									
development	tail_separable_program	1405	rc2_unweighted	reference	0.7704864922537322	0.8222222222222222	0.5238095238095238	not_applicable																									
development	tail_separable_program	1405	rc3_soft	target	0.5347829387817619	0.7115384615384617	0.0	not_applicable	0.5333333333333332	0.5666666666666667																							
development	tail_separable_program	1405	rc3_soft	reference	0.8316544994428026	0.8777777777777778	0.0	not_applicable	0.5333333333333332	0.5666666666666667																							
development	tail_separable_program	1405	mirror_reduction_100	target	0.4517617862338526	0.6490384615384616	0.8095238095238095	sign_only			1.0	0.0	sign_only	465.0	303.0	162.0	0.6516129032258065	0.5379537953795379	0.5379537953795379	0.5379537953795379		303.0	162.0	100.0	0.6	20.0	0.08	1.959963984540054	0.01	2.0	10.0	0.02	
development	tail_separable_program	1405	mirror_reduction_100	reference	0.8230493419371437	0.888888888888889	0.5238095238095238	sign_only			1.0	0.0	sign_only	465.0	303.0	162.0	0.6516129032258065	0.5379537953795379	0.5379537953795379	0.5379537953795379		303.0	162.0	100.0	0.6	20.0	0.08	1.959963984540054	0.01	2.0	10.0	0.02	
development	tail_separable_program	1405	mirror_reduction_075	target	0.43393569089899253	0.625	0.8095238095238095	enriched_tail			0.75	1.257447701727891	enriched_tail	465.0	303.0	162.0	0.6516129032258065	0.5379537953795379	0.40346534653465344	0.3991228070175439	0.6651091760759684	228.0	162.0	100.0	0.6	20.0	0.08	1.959963984540054	0.01	2.0	10.0	0.02	0.049293933054393335
development	tail_separable_program	1405	mirror_reduction_075	reference	0.9084741501393597	0.9444444444444444	0.5238095238095238	enriched_tail			0.75	1.257447701727891	enriched_tail	465.0	303.0	162.0	0.6516129032258065	0.5379537953795379	0.40346534653465344	0.3991228070175439	0.6651091760759684	228.0	162.0	100.0	0.6	20.0	0.08	1.959963984540054	0.01	2.0	10.0	0.02	0.049293933054393335
development	tail_separable_program	1405	mirror_reduction_050	target	0.4344591941467695	0.6442307692307692	0.9047619047619048	enriched_tail			0.5	1.4757688114839786	enriched_tail	465.0	303.0	162.0	0.6516129032258065	0.5379537953795379	0.26897689768976896	0.266304347826087	0.7364106268912013	184.0	162.0	100.0	0.6	20.0	0.08	1.959963984540054	0.01	2.0	10.0	0.02	0.14036588086562063
development	tail_separable_program	1405	mirror_reduction_050	reference	0.9466473295517815	0.9666666666666667	0.5238095238095238	enriched_tail			0.5	1.4757688114839786	enriched_tail	465.0	303.0	162.0	0.6516129032258065	0.5379537953795379	0.26897689768976896	0.266304347826087	0.7364106268912013	184.0	162.0	100.0	0.6	20.0	0.08	1.959963984540054	0.01	2.0	10.0	0.02	0.14036588086562063
development	tail_separable_program	1405	mirror_reduction_025	target	0.408242130224688	0.5913461538461539	0.9523809523809523	enriched_tail			0.25	5.307739133144319	enriched_tail	465.0	303.0	162.0	0.6516129032258065	0.5379537953795379	0.13448844884488448	0.12790697674418605	0.8187783586967837	86.0	162.0	100.0	0.6	20.0	0.08	1.959963984540054	0.01	2.0	10.0	0.02	0.20399133104569267
development	tail_separable_program	1405	mirror_reduction_025	reference	0.7865625219360728	1.0	0.7619047619047619	enriched_tail			0.25	5.307739133144319	enriched_tail	465.0	303.0	162.0	0.6516129032258065	0.5379537953795379	0.13448844884488448	0.12790697674418605	0.8187783586967837	86.0	162.0	100.0	0.6	20.0	0.08	1.959963984540054	0.01	2.0	10.0	0.02	0.20399133104569267
development	tail_separable_program	1406	rc2_unweighted	target	0.8230786544061445	0.9555555555555556	0.5714285714285714	not_applicable																									
development	tail_separable_program	1406	rc2_unweighted	reference	0.7573850281240232	0.9500000000000001	0.5238095238095238	not_applicable																									
development	tail_separable_program	1406	rc3_soft	target	0.823430177522129	0.9777777777777779	0.0	not_applicable	0.4518518518518517	0.5564814814814815																							
development	tail_separable_program	1406	rc3_soft	reference	0.8358620497751403	0.9666666666666667	0.0	not_applicable	0.4518518518518517	0.5564814814814815																							
development	tail_separable_program	1406	mirror_reduction_100	target	0.8324387192199864	1.0	0.7142857142857143	sign_only			1.0	0.0	sign_only	455.0	288.0	167.0	0.6329670329670329	0.5833333333333334	0.5833333333333334	0.5833333333333334		288.0	167.0	100.0	0.6	20.0	0.08	1.959963984540054	0.01	2.0	10.0	0.02	
development	tail_separable_program	1406	mirror_reduction_100	reference	0.878164755352824	0.9722222222222223	0.5238095238095238	sign_only			1.0	0.0	sign_only	455.0	288.0	167.0	0.6329670329670329	0.5833333333333334	0.5833333333333334	0.5833333333333334		288.0	167.0	100.0	0.6	20.0	0.08	1.959963984540054	0.01	2.0	10.0	0.02	
development	tail_separable_program	1406	mirror_reduction_075	target	0.8099062918340026	1.0	0.8571428571428571	enriched_tail			0.75	1.1992444474634927	enriched_tail	455.0	288.0	167.0	0.6329670329670329	0.5833333333333334	0.4375	0.4330357142857143	0.6476607613809822	224.0	167.0	100.0	0.6	20.0	0.08	1.959963984540054	0.01	2.0	10.0	0.02	0.04805117055802377
development	tail_separable_program	1406	mirror_reduction_075	reference	0.8511011252095045	0.9444444444444444	0.7619047619047619	enriched_tail			0.75	1.1992444474634927	enriched_tail	455.0	288.0	167.0	0.6329670329670329	0.5833333333333334	0.4375	0.4330357142857143	0.6476607613809822	224.0	167.0	100.0	0.6	20.0	0.08	1.959963984540054	0.01	2.0	10.0	0.02	0.04805117055802377
development	tail_separable_program	1406	mirror_reduction_050	target	0.763070390672266	1.0	0.8095238095238095	enriched_tail			0.5	1.4071212788505387	enriched_tail	455.0	288.0	167.0	0.6329670329670329	0.5833333333333334	0.2916666666666667	0.2903225806451613	0.7214065291165853	186.0	167.0	100.0	0.6	20.0	0.08	1.959963984540054	0.01	2.0	10.0	0.02	0.14068089305538423
development	tail_separable_program	1406	mirror_reduction_050	reference	0.8258412977965467	0.9277777777777778	0.6666666666666666	enriched_tail			0.5	1.4071212788505387	enriched_tail	455.0	288.0	167.0	0.6329670329670329	0.5833333333333334	0.2916666666666667	0.2903225806451613	0.7214065291165853	186.0	167.0	100.0	0.6	20.0	0.08	1.959963984540054	0.01	2.0	10.0	0.02	0.14068089305538423
development	tail_separable_program	1406	mirror_reduction_025	target	0.7923333023424255	1.0	0.9047619047619048	enriched_tail			0.25	1.933237506287162	enriched_tail	455.0	288.0	167.0	0.6329670329670329	0.5833333333333334	0.14583333333333334	0.14285714285714285	0.8222581014797921	147.0	167.0	100.0	0.6	20.0	0.08	1.959963984540054	0.01	2.0	10.0	0.02	0.23793655025326577
development	tail_separable_program	1406	mirror_reduction_025	reference	0.813471964265074	0.9222222222222222	0.8571428571428571	enriched_tail			0.25	1.933237506287162	enriched_tail	455.0	288.0	167.0	0.6329670329670329	0.5833333333333334	0.14583333333333334	0.14285714285714285	0.8222581014797921	147.0	167.0	100.0	0.6	20.0	0.08	1.959963984540054	0.01	2.0	10.0	0.02	0.23793655025326577
development	tail_separable_program	1407	rc2_unweighted	target	0.7427169759497716	0.9489795918367346	0.6190476190476191	not_applicable																									
development	tail_separable_program	1407	rc2_unweighted	reference	0.8835618318203963	0.9555555555555556	0.5238095238095238	not_applicable																									
development	tail_separable_program	1407	rc3_soft	target	0.7498168724597641	0.9693877551020408	0.0	not_applicable	0.5	0.5625																							
development	tail_separable_program	1407	rc3_soft	reference	0.9115176764652138	0.9888888888888889	0.0	not_applicable	0.5	0.5625																							
development	tail_separable_program	1407	mirror_reduction_100	target	0.675615758965723	0.9387755102040817	0.7142857142857143	sign_only			1.0	0.0	sign_only	430.0	260.0	170.0	0.6046511627906976	0.6576923076923077	0.6576923076923077	0.6576923076923077		260.0	170.0	100.0	0.6	20.0	0.08	1.959963984540054	0.01	2.0	10.0	0.02	
development	tail_separable_program	1407	mirror_reduction_100	reference	0.9039553202207729	0.9944444444444445	0.7619047619047619	sign_only			1.0	0.0	sign_only	430.0	260.0	170.0	0.6046511627906976	0.6576923076923077	0.6576923076923077	0.6576923076923077		260.0	170.0	100.0	0.6	20.0	0.08	1.959963984540054	0.01	2.0	10.0	0.02	
development	tail_separable_program	1407	mirror_reduction_075	target	0.6672519001025226	0.9285714285714286	0.7619047619047619	enriched_tail			0.75	1.2138119340365352	enriched_tail	430.0	260.0	170.0	0.6046511627906976	0.6576923076923077	0.4932692307692308	0.48868778280542985	0.6212861328970405	221.0	170.0	100.0	0.6	20.0	0.08	1.959963984540054	0.01	2.0	10.0	0.02	0.05822510822510818
development	tail_separable_program	1407	mirror_reduction_075	reference	0.8940531779939709	0.9944444444444445	0.5238095238095238	enriched_tail			0.75	1.2138119340365352	enriched_tail	430.0	260.0	170.0	0.6046511627906976	0.6576923076923077	0.4932692307692308	0.48868778280542985	0.6212861328970405	221.0	170.0	100.0	0.6	20.0	0.08	1.959963984540054	0.01	2.0	10.0	0.02	0.05822510822510818
development	tail_separable_program	1407	mirror_reduction_050	target	0.5469921849994298	0.8214285714285714	0.9047619047619048	enriched_tail			0.5	1.4071955577064728	enriched_tail	430.0	260.0	170.0	0.6046511627906976	0.6576923076923077	0.32884615384615384	0.32558139534883723	0.6979818309340373	172.0	170.0	100.0	0.6	20.0	0.08	1.959963984540054	0.01	2.0	10.0	0.02	0.1189393939393939
development	tail_separable_program	1407	mirror_reduction_050	reference	0.9000030757558672	0.9944444444444445	0.5714285714285714	enriched_tail			0.5	1.4071955577064728	enriched_tail	430.0	260.0	170.0	0.6046511627906976	0.6576923076923077	0.32884615384615384	0.32558139534883723	0.6979818309340373	172.0	170.0	100.0	0.6	20.0	0.08	1.959963984540054	0.01	2.0	10.0	0.02	0.1189393939393939
development	tail_separable_program	1407	mirror_reduction_025	target	0.7377492358192594	0.8724489795918366	0.9047619047619048	enriched_tail			0.25	2.278144553891426	enriched_tail	430.0	260.0	170.0	0.6046511627906976	0.6576923076923077	0.16442307692307692	0.15492957746478872	0.8110714301745537	142.0	170.0	100.0	0.6	20.0	0.08	1.959963984540054	0.01	2.0	10.0	0.02	0.2272727272727273
development	tail_separable_program	1407	mirror_reduction_025	reference	0.8951302507568204	1.0	0.5238095238095238	enriched_tail			0.25	2.278144553891426	enriched_tail	430.0	260.0	170.0	0.6046511627906976	0.6576923076923077	0.16442307692307692	0.15492957746478872	0.8110714301745537	142.0	170.0	100.0	0.6	20.0	0.08	1.959963984540054	0.01	2.0	10.0	0.02	0.2272727272727273
development	tail_separable_program	1408	rc2_unweighted	target	0.698695088775594	0.9333333333333332	0.6666666666666666	not_applicable																									
development	tail_separable_program	1408	rc2_unweighted	reference	0.871646736471457	0.9555555555555556	0.6190476190476191	not_applicable																									
development	tail_separable_program	1408	rc3_soft	target	0.7560433769176144	0.9333333333333333	0.0	not_applicable	0.5222222222222221	0.5652777777777778																							
development	tail_separable_program	1408	rc3_soft	reference	0.8854201014936164	0.9888888888888889	0.0	not_applicable	0.5222222222222221	0.5652777777777778																							
development	tail_separable_program	1408	mirror_reduction_100	target	0.7084868376434839	0.8944444444444445	0.9047619047619048	sign_only			1.0	0.0	sign_only	444.0	288.0	156.0	0.6486486486486487	0.5451388888888888	0.5451388888888888	0.5451388888888888		288.0	156.0	100.0	0.6	20.0	0.08	1.959963984540054	0.01	2.0	10.0	0.02	
development	tail_separable_program	1408	mirror_reduction_100	reference	0.8653972422849638	0.9888888888888889	0.6666666666666666	sign_only			1.0	0.0	sign_only	444.0	288.0	156.0	0.6486486486486487	0.5451388888888888	0.5451388888888888	0.5451388888888888		288.0	156.0	100.0	0.6	20.0	0.08	1.959963984540054	0.01	2.0	10.0	0.02	
development	tail_separable_program	1408	mirror_reduction_075	target	0.7228174911778542	0.7833333333333334	0.9047619047619048	enriched_tail			0.75	1.2980330115188101	enriched_tail	444.0	288.0	156.0	0.6486486486486487	0.5451388888888888	0.40885416666666663	0.39572192513368987	0.6617217225997087	187.0	156.0	100.0	0.6	20.0	0.08	1.959963984540054	0.01	2.0	10.0	0.02	0.059941520467836296
development	tail_separable_program	1408	mirror_reduction_075	reference	0.8192577099972786	0.9166666666666666	0.6666666666666666	enriched_tail			0.75	1.2980330115188101	enriched_tail	444.0	288.0	156.0	0.6486486486486487	0.5451388888888888	0.40885416666666663	0.39572192513368987	0.6617217225997087	187.0	156.0	100.0	0.6	20.0	0.08	1.959963984540054	0.01	2.0	10.0	0.02	0.059941520467836296
development	tail_separable_program	1408	mirror_reduction_050	target	0.6998594287682194	0.8500000000000001	0.9047619047619048	enriched_tail			0.5	1.5111679915682041	enriched_tail	444.0	288.0	156.0	0.6486486486486487	0.5451388888888888	0.2725694444444444	0.26490066225165565	0.7317386101296356	151.0	156.0	100.0	0.6	20.0	0.08	1.959963984540054	0.01	2.0	10.0	0.02	0.12862733867888498
development	tail_separable_program	1408	mirror_reduction_050	reference	0.7426041922871716	0.9277777777777778	0.7619047619047619	enriched_tail			0.5	1.5111679915682041	enriched_tail	444.0	288.0	156.0	0.6486486486486487	0.5451388888888888	0.2725694444444444	0.26490066225165565	0.7317386101296356	151.0	156.0	100.0	0.6	20.0	0.08	1.959963984540054	0.01	2.0	10.0	0.02	0.12862733867888498
development	tail_separable_program	1408	mirror_reduction_025	target	0.7084868376434839	0.8944444444444445	0.9047619047619048	sign_only			0.25	0.0	sign_only	444.0	288.0	156.0	0.6486486486486487	0.5451388888888888	0.1362847222222222	0.5451388888888888		288.0	156.0	100.0	0.6	20.0	0.08	1.959963984540054	0.01	2.0	10.0	0.02	
development	tail_separable_program	1408	mirror_reduction_025	reference	0.8653972422849638	0.9888888888888889	0.6666666666666666	sign_only			0.25	0.0	sign_only	444.0	288.0	156.0	0.6486486486486487	0.5451388888888888	0.1362847222222222	0.5451388888888888		288.0	156.0	100.0	0.6	20.0	0.08	1.959963984540054	0.01	2.0	10.0	0.02	
development	tail_separable_program	1409	rc2_unweighted	target	0.8487918205106466	0.9666666666666667	0.47619047619047616	not_applicable																									
development	tail_separable_program	1409	rc2_unweighted	reference	0.45446546705133395	0.7129629629629629	0.8095238095238095	not_applicable																									
development	tail_separable_program	1409	rc3_soft	target	0.8743519231275957	0.9888888888888889	0.0	not_applicable	0.666666666666667	0.5833333333333334																							
development	tail_separable_program	1409	rc3_soft	reference	0.5528715314444673	0.7592592592592592	0.0	not_applicable	0.666666666666667	0.5833333333333334																							
development	tail_separable_program	1409	mirror_reduction_100	target	0.8487918205106466	0.9666666666666667	0.47619047619047616	no_gate			1.0		no_gate	458.0	265.0	193.0	0.5786026200873362	0.7320754716981132				265.0	0.0	100.0	0.6	20.0	0.08	1.959963984540054	0.01	2.0	10.0	0.02	
development	tail_separable_program	1409	mirror_reduction_100	reference	0.45446546705133395	0.7129629629629629	0.8095238095238095	no_gate			1.0		no_gate	458.0	265.0	193.0	0.5786026200873362	0.7320754716981132				265.0	0.0	100.0	0.6	20.0	0.08	1.959963984540054	0.01	2.0	10.0	0.02	
development	tail_separable_program	1409	mirror_reduction_075	target	0.8487918205106466	0.9666666666666667	0.47619047619047616	no_gate			0.75		no_gate	458.0	265.0	193.0	0.5786026200873362	0.7320754716981132				265.0	0.0	100.0	0.6	20.0	0.08	1.959963984540054	0.01	2.0	10.0	0.02	
development	tail_separable_program	1409	mirror_reduction_075	reference	0.45446546705133395	0.7129629629629629	0.8095238095238095	no_gate			0.75		no_gate	458.0	265.0	193.0	0.5786026200873362	0.7320754716981132				265.0	0.0	100.0	0.6	20.0	0.08	1.959963984540054	0.01	2.0	10.0	0.02	
development	tail_separable_program	1409	mirror_reduction_050	target	0.8487918205106466	0.9666666666666667	0.47619047619047616	no_gate			0.5		no_gate	458.0	265.0	193.0	0.5786026200873362	0.7320754716981132				265.0	0.0	100.0	0.6	20.0	0.08	1.959963984540054	0.01	2.0	10.0	0.02	
development	tail_separable_program	1409	mirror_reduction_050	reference	0.45446546705133395	0.7129629629629629	0.8095238095238095	no_gate			0.5		no_gate	458.0	265.0	193.0	0.5786026200873362	0.7320754716981132				265.0	0.0	100.0	0.6	20.0	0.08	1.959963984540054	0.01	2.0	10.0	0.02	
development	tail_separable_program	1409	mirror_reduction_025	target	0.8487918205106466	0.9666666666666667	0.47619047619047616	no_gate			0.25		no_gate	458.0	265.0	193.0	0.5786026200873362	0.7320754716981132				265.0	0.0	100.0	0.6	20.0	0.08	1.959963984540054	0.01	2.0	10.0	0.02	
development	tail_separable_program	1409	mirror_reduction_025	reference	0.45446546705133395	0.7129629629629629	0.8095238095238095	no_gate			0.25		no_gate	458.0	265.0	193.0	0.5786026200873362	0.7320754716981132				265.0	0.0	100.0	0.6	20.0	0.08	1.959963984540054	0.01	2.0	10.0	0.02	
development	tail_separable_program	1410	rc2_unweighted	target	0.520431763841519	0.8222222222222223	0.6190476190476191	not_applicable																									
development	tail_separable_program	1410	rc2_unweighted	reference	0.9197255605554019	0.9540816326530612	0.6666666666666666	not_applicable																									
development	tail_separable_program	1410	rc3_soft	target	0.6923129880388068	0.888888888888889	0.0	not_applicable	0.674074074074074	0.5842592592592593																							
development	tail_separable_program	1410	rc3_soft	reference	0.9210308344472091	0.9591836734693878	0.0	not_applicable	0.674074074074074	0.5842592592592593																							
development	tail_separable_program	1410	mirror_reduction_100	target	0.7091388946094481	0.8888888888888888	0.7142857142857143	sign_only			1.0	0.0	sign_only	418.0	280.0	138.0	0.6698564593301436	0.49642857142857144	0.49642857142857144	0.49642857142857144		280.0	138.0	100.0	0.6	20.0	0.08	1.959963984540054	0.01	2.0	10.0	0.02	
development	tail_separable_program	1410	mirror_reduction_100	reference	0.9049182273406772	0.9591836734693877	0.6190476190476191	sign_only			1.0	0.0	sign_only	418.0	280.0	138.0	0.6698564593301436	0.49642857142857144	0.49642857142857144	0.49642857142857144		280.0	138.0	100.0	0.6	20.0	0.08	1.959963984540054	0.01	2.0	10.0	0.02	
development	tail_separable_program	1410	mirror_reduction_075	target	0.8610002986935532	0.9222222222222222	0.6190476190476191	enriched_tail			0.75	1.3425690878780463	enriched_tail	418.0	280.0	138.0	0.6698564593301436	0.49642857142857144	0.3723214285714286	0.3626943005181347	0.6801647343438776	193.0	138.0	100.0	0.6	20.0	0.08	1.959963984540054	0.01	2.0	10.0	0.02	0.05582200905941903
development	tail_separable_program	1410	mirror_reduction_075	reference	0.863313726588697	0.9489795918367346	0.7619047619047619	enriched_tail			0.75	1.3425690878780463	enriched_tail	418.0	280.0	138.0	0.6698564593301436	0.49642857142857144	0.3723214285714286	0.3626943005181347	0.6801647343438776	193.0	138.0	100.0	0.6	20.0	0.08	1.959963984540054	0.01	2.0	10.0	0.02	0.05582200905941903
development	tail_separable_program	1410	mirror_reduction_050	target	0.8406486543655445	0.8944444444444444	0.8095238095238095	enriched_tail			0.5	1.5652046463260043	enriched_tail	418.0	280.0	138.0	0.6698564593301436	0.49642857142857144	0.24821428571428572	0.2468354430379747	0.7451118005436217	158.0	138.0	100.0	0.6	20.0	0.08	1.959963984540054	0.01	2.0	10.0	0.02	0.12313039814619753
development	tail_separable_program	1410	mirror_reduction_050	reference	0.8648056260634465	0.9387755102040817	0.8095238095238095	enriched_tail			0.5	1.5652046463260043	enriched_tail	418.0	280.0	138.0	0.6698564593301436	0.49642857142857144	0.24821428571428572	0.2468354430379747	0.7451118005436217	158.0	138.0	100.0	0.6	20.0	0.08	1.959963984540054	0.01	2.0	10.0	0.02	0.12313039814619753
development	tail_separable_program	1410	mirror_reduction_025	target	0.7091388946094481	0.8888888888888888	0.7142857142857143	sign_only			0.25	0.0	sign_only	418.0	280.0	138.0	0.6698564593301436	0.49642857142857144	0.12410714285714286	0.49642857142857144		280.0	138.0	100.0	0.6	20.0	0.08	1.959963984540054	0.01	2.0	10.0	0.02	
development	tail_separable_program	1410	mirror_reduction_025	reference	0.9049182273406772	0.9591836734693877	0.6190476190476191	sign_only			0.25	0.0	sign_only	418.0	280.0	138.0	0.6698564593301436	0.49642857142857144	0.12410714285714286	0.49642857142857144		280.0	138.0	100.0	0.6	20.0	0.08	1.959963984540054	0.01	2.0	10.0	0.02	
development	tail_separable_program	1411	rc2_unweighted	target	0.5036201648927867	0.8173076923076924	0.7619047619047619	not_applicable																									
development	tail_separable_program	1411	rc2_unweighted	reference	0.6980398120723741	0.888888888888889	0.6666666666666666	not_applicable																									
development	tail_separable_program	1411	rc3_soft	target	0.5222674148159695	0.8365384615384616	0.0	not_applicable	0.6925925925925922	0.586574074074074																							
development	tail_separable_program	1411	rc3_soft	reference	0.772789078743452	0.9222222222222223	0.0	not_applicable	0.6925925925925922	0.586574074074074																							
development	tail_separable_program	1411	mirror_reduction_100	target	0.45367554805893984	0.8125	0.8095238095238095	sign_only			1.0	0.0	sign_only	470.0	307.0	163.0	0.6531914893617021	0.5342019543973942	0.5342019543973942	0.5342019543973942		307.0	163.0	100.0	0.6	20.0	0.08	1.959963984540054	0.01	2.0	10.0	0.02	
development	tail_separable_program	1411	mirror_reduction_100	reference	0.7797392282793467	0.9222222222222223	0.6666666666666666	sign_only			1.0	0.0	sign_only	470.0	307.0	163.0	0.6531914893617021	0.5342019543973942	0.5342019543973942	0.5342019543973942		307.0	163.0	100.0	0.6	20.0	0.08	1.959963984540054	0.01	2.0	10.0	0.02	
development	tail_separable_program	1411	mirror_reduction_075	target	0.6073959179027514	0.8221153846153847	0.8095238095238095	enriched_tail			0.75	1.3059894971084414	enriched_tail	470.0	307.0	163.0	0.6531914893617021	0.5342019543973942	0.4006514657980456	0.3933649289099526	0.6661382547587922	211.0	163.0	100.0	0.6	20.0	0.08	1.959963984540054	0.01	2.0	10.0	0.02	0.059017223910840855
development	tail_separable_program	1411	mirror_reduction_075	reference	0.7671460497941955	0.9166666666666666	0.7142857142857143	enriched_tail			0.75	1.3059894971084414	enriched_tail	470.0	307.0	163.0	0.6531914893617021	0.5342019543973942	0.4006514657980456	0.3933649289099526	0.6661382547587922	211.0	163.0	100.0	0.6	20.0	0.08	1.959963984540054	0.01	2.0	10.0	0.02	0.059017223910840855
development	tail_separable_program	1411	mirror_reduction_050	target	0.5727404372154395	0.75	0.9523809523809523	enriched_tail			0.5	1.4484660006229515	enriched_tail	470.0	307.0	163.0	0.6531914893617021	0.5342019543973942	0.2671009771986971	0.26704545454545453	0.7347182636410595	176.0	163.0	100.0	0.6	20.0	0.08	1.959963984540054	0.01	2.0	10.0	0.02	0.12331536388140163
development	tail_separable_program	1411	mirror_reduction_050	reference	0.7851849693062438	0.9555555555555556	0.7142857142857143	enriched_tail			0.5	1.4484660006229515	enriched_tail	470.0	307.0	163.0	0.6531914893617021	0.5342019543973942	0.2671009771986971	0.26704545454545453	0.7347182636410595	176.0	163.0	100.0	0.6	20.0	0.08	1.959963984540054	0.01	2.0	10.0	0.02	0.12331536388140163
development	tail_separable_program	1411	mirror_reduction_025	target	0.5421448874999764	0.7596153846153846	1.0	enriched_tail			0.25	1.6610712857665981	enriched_tail	470.0	307.0	163.0	0.6531914893617021	0.5342019543973942	0.13355048859934854	0.1282051282051282	0.8366573128942077	156.0	163.0	100.0	0.6	20.0	0.08	1.959963984540054	0.01	2.0	10.0	0.02	0.22619047619047616
development	tail_separable_program	1411	mirror_reduction_025	reference	0.7679519072984975	0.9611111111111111	0.7619047619047619	enriched_tail			0.25	1.6610712857665981	enriched_tail	470.0	307.0	163.0	0.6531914893617021	0.5342019543973942	0.13355048859934854	0.1282051282051282	0.8366573128942077	156.0	163.0	100.0	0.6	20.0	0.08	1.959963984540054	0.01	2.0	10.0	0.02	0.22619047619047616
development	tail_separable_program	1412	rc2_unweighted	target	0.5351185400001124		0.7619047619047619	not_applicable																									
development	tail_separable_program	1412	rc2_unweighted	reference	0.7745563748804798	0.9	0.47619047619047616	not_applicable																									
development	tail_separable_program	1412	rc3_soft	target	0.5620157209878555		0.09523809523809523	not_applicable	0.7629629629629626	0.5953703703703703																							
development	tail_separable_program	1412	rc3_soft	reference	0.8447045317952893	0.9666666666666667	0.0	not_applicable	0.7629629629629626	0.5953703703703703																							
development	tail_separable_program	1412	mirror_reduction_100	target	0.5452333105862056		0.9047619047619048	sign_only			1.0	0.0	sign_only	461.0	313.0	148.0	0.6789587852494577	0.476038338658147	0.476038338658147	0.476038338658147		313.0	148.0	100.0	0.6	20.0	0.08	1.959963984540054	0.01	2.0	10.0	0.02	
development	tail_separable_program	1412	mirror_reduction_100	reference	0.848792557715201	0.9666666666666667	0.5238095238095238	sign_only			1.0	0.0	sign_only	461.0	313.0	148.0	0.6789587852494577	0.476038338658147	0.476038338658147	0.476038338658147		313.0	148.0	100.0	0.6	20.0	0.08	1.959963984540054	0.01	2.0	10.0	0.02	
development	tail_separable_program	1412	mirror_reduction_075	target	0.4774099160262885		0.9523809523809523	enriched_tail			0.75	1.2731932990275252	enriched_tail	461.0	313.0	148.0	0.6789587852494577	0.476038338658147	0.3570287539936102	0.35	0.6905830761131444	220.0	148.0	100.0	0.6	20.0	0.08	1.959963984540054	0.01	2.0	10.0	0.02	0.03809469087566075
development	tail_separable_program	1412	mirror_reduction_075	reference	0.8499719051819191	1.0	0.6666666666666666	enriched_tail			0.75	1.2731932990275252	enriched_tail	461.0	313.0	148.0	0.6789587852494577	0.476038338658147	0.3570287539936102	0.35	0.6905830761131444	220.0	148.0	100.0	0.6	20.0	0.08	1.959963984540054	0.01	2.0	10.0	0.02	0.03809469087566075
development	tail_separable_program	1412	mirror_reduction_050	target	0.07453559924999299		1.0	enriched_tail			0.5	1.457854749387872	enriched_tail	461.0	313.0	148.0	0.6789587852494577	0.476038338658147	0.2380191693290735	0.23369565217391305	0.7583478235976454	184.0	148.0	100.0	0.6	20.0	0.08	1.959963984540054	0.01	2.0	10.0	0.02	0.12758620689655176
development	tail_separable_program	1412	mirror_reduction_050	reference	0.8697433868782938	1.0	0.7142857142857143	enriched_tail			0.5	1.457854749387872	enriched_tail	461.0	313.0	148.0	0.6789587852494577	0.476038338658147	0.2380191693290735	0.23369565217391305	0.7583478235976454	184.0	148.0	100.0	0.6	20.0	0.08	1.959963984540054	0.01	2.0	10.0	0.02	0.12758620689655176
development	tail_separable_program	1412	mirror_reduction_025	target	0.611111111111111		1.0	enriched_tail			0.25	1.7285670567563267	enriched_tail	461.0	313.0	148.0	0.6789587852494577	0.476038338658147	0.11900958466453675	0.11585365853658537	0.8490941029534294	164.0	148.0	100.0	0.6	20.0	0.08	1.959963984540054	0.01	2.0	10.0	0.02	0.2176362868009578
development	tail_separable_program	1412	mirror_reduction_025	reference	0.8878778555416296	1.0	0.47619047619047616	enriched_tail			0.25	1.7285670567563267	enriched_tail	461.0	313.0	148.0	0.6789587852494577	0.476038338658147	0.11900958466453675	0.11585365853658537	0.8490941029534294	164.0	148.0	100.0	0.6	20.0	0.08	1.959963984540054	0.01	2.0	10.0	0.02	0.2176362868009578
development	tail_separable_program	1413	rc2_unweighted	target	0.788852628616547	0.9333333333333333	0.5238095238095238	not_applicable																									
development	tail_separable_program	1413	rc2_unweighted	reference	0.7569644768469692	0.861111111111111	0.6666666666666666	not_applicable																									
development	tail_separable_program	1413	rc3_soft	target	0.8264926346087739	0.9444444444444444	0.0	not_applicable	0.5629629629629633	0.5703703703703704																							
development	tail_separable_program	1413	rc3_soft	reference	0.8351418213940527	0.9222222222222223	0.0	not_applicable	0.5629629629629633	0.5703703703703704																							
development	tail_separable_program	1413	mirror_reduction_100	target	0.8600459327908652	0.9722222222222222	0.6666666666666666	sign_only			1.0	0.0	sign_only	452.0	284.0	168.0	0.6283185840707964	0.5950704225352113	0.5950704225352113	0.5950704225352113		284.0	168.0	100.0	0.6	20.0	0.08	1.959963984540054	0.01	2.0	10.0	0.02	
development	tail_separable_program	1413	mirror_reduction_100	reference	0.810352604979344	0.9444444444444445	0.7142857142857143	sign_only			1.0	0.0	sign_only	452.0	284.0	168.0	0.6283185840707964	0.5950704225352113	0.5950704225352113	0.5950704225352113		284.0	168.0	100.0	0.6	20.0	0.08	1.959963984540054	0.01	2.0	10.0	0.02	
development	tail_separable_program	1413	mirror_reduction_075	target	0.8732371185730918	1.0	0.7619047619047619	enriched_tail			0.75	1.283445756665274	enriched_tail	452.0	284.0	168.0	0.6283185840707964	0.5950704225352113	0.44630281690140844	0.44495412844036697	0.6412154724777108	218.0	168.0	100.0	0.6	20.0	0.08	1.959963984540054	0.01	2.0	10.0	0.02	0.06211575740792019
development	tail_separable_program	1413	mirror_reduction_075	reference	0.7776683506390659	0.8833333333333334	0.7142857142857143	enriched_tail			0.75	1.283445756665274	enriched_tail	452.0	284.0	168.0	0.6283185840707964	0.5950704225352113	0.44630281690140844	0.44495412844036697	0.6412154724777108	218.0	168.0	100.0	0.6	20.0	0.08	1.959963984540054	0.01	2.0	10.0	0.02	0.06211575740792019
development	tail_separable_program	1413	mirror_reduction_050	target	0.8884582770227969	1.0	0.8095238095238095	enriched_tail			0.5	1.502512670913669	enriched_tail	452.0	284.0	168.0	0.6283185840707964	0.5950704225352113	0.2975352112676056	0.2934131736526946	0.7165002447364641	167.0	168.0	100.0	0.6	20.0	0.08	1.959963984540054	0.01	2.0	10.0	0.02	0.13767403767403774
development	tail_separable_program	1413	mirror_reduction_050	reference	0.8302635804555166	0.9111111111111112	0.7619047619047619	enriched_tail			0.5	1.502512670913669	enriched_tail	452.0	284.0	168.0	0.6283185840707964	0.5950704225352113	0.2975352112676056	0.2934131736526946	0.7165002447364641	167.0	168.0	100.0	0.6	20.0	0.08	1.959963984540054	0.01	2.0	10.0	0.02	0.13767403767403774
development	tail_separable_program	1413	mirror_reduction_025	target	0.6246748216008009	0.8388888888888889	0.9523809523809523	enriched_tail			0.25	5.644145683835143	enriched_tail	452.0	284.0	168.0	0.6283185840707964	0.5950704225352113	0.1487676056338028	0.13513513513513514	0.7745231869447662	37.0	168.0	100.0	0.6	20.0	0.08	1.959963984540054	0.01	2.0	10.0	0.02	0.269309462915601
development	tail_separable_program	1413	mirror_reduction_025	reference	0.600744763920557	0.8444444444444446	0.9047619047619048	enriched_tail			0.25	5.644145683835143	enriched_tail	452.0	284.0	168.0	0.6283185840707964	0.5950704225352113	0.1487676056338028	0.13513513513513514	0.7745231869447662	37.0	168.0	100.0	0.6	20.0	0.08	1.959963984540054	0.01	2.0	10.0	0.02	0.269309462915601
development	tail_separable_program	1414	rc2_unweighted	target	0.8515362494766676	0.9030612244897959	0.8095238095238095	not_applicable																									
development	tail_separable_program	1414	rc2_unweighted	reference	0.8138701989017924	0.8777777777777778	0.7619047619047619	not_applicable																									
development	tail_separable_program	1414	rc3_soft	target	0.8571123260296509	0.9183673469387754	0.0	not_applicable	0.5444444444444443	0.5680555555555555																							
development	tail_separable_program	1414	rc3_soft	reference	0.8345321145812062	0.9	0.0	not_applicable	0.5444444444444443	0.5680555555555555																							
development	tail_separable_program	1414	mirror_reduction_100	target	0.7845594076393211	0.9285714285714285	0.7619047619047619	sign_only			1.0	0.0	sign_only	424.0	267.0	157.0	0.6297169811320755	0.5917602996254682	0.5917602996254682	0.5917602996254682		267.0	157.0	100.0	0.6	20.0	0.08	1.959963984540054	0.01	2.0	10.0	0.02	
development	tail_separable_program	1414	mirror_reduction_100	reference	0.8524701520651412	0.9277777777777777	0.7619047619047619	sign_only			1.0	0.0	sign_only	424.0	267.0	157.0	0.6297169811320755	0.5917602996254682	0.5917602996254682	0.5917602996254682		267.0	157.0	100.0	0.6	20.0	0.08	1.959963984540054	0.01	2.0	10.0	0.02	
development	tail_separable_program	1414	mirror_reduction_075	target	0.8645788264966682	0.9234693877551021	0.9523809523809523	enriched_tail			0.75	1.3072315517345208	enriched_tail	424.0	267.0	157.0	0.6297169811320755	0.5917602996254682	0.4438202247191011	0.43646408839779005	0.6403984817725029	181.0	157.0	100.0	0.6	20.0	0.08	1.959963984540054	0.01	2.0	10.0	0.02	0.06770833333333337
development	tail_separable_program	1414	mirror_reduction_075	reference	0.734114763557079	0.7166666666666667	0.8095238095238095	enriched_tail			0.75	1.3072315517345208	enriched_tail	424.0	267.0	157.0	0.6297169811320755	0.5917602996254682	0.4438202247191011	0.43646408839779005	0.6403984817725029	181.0	157.0	100.0	0.6	20.0	0.08	1.959963984540054	0.01	2.0	10.0	0.02	0.06770833333333337
development	tail_separable_program	1414	mirror_reduction_050	target	0.8325642581219479	0.9081632653061225	0.8571428571428571	enriched_tail			0.5	1.4602108294070422	enriched_tail	424.0	267.0	157.0	0.6297169811320755	0.5917602996254682	0.2958801498127341	0.2911392405063291	0.716313824774592	158.0	157.0	100.0	0.6	20.0	0.08	1.959963984540054	0.01	2.0	10.0	0.02	0.13758293838862556
development	tail_separable_program	1414	mirror_reduction_050	reference	0.8064227128655683	0.7777777777777778	0.8571428571428571	enriched_tail			0.5	1.4602108294070422	enriched_tail	424.0	267.0	157.0	0.6297169811320755	0.5917602996254682	0.2958801498127341	0.2911392405063291	0.716313824774592	158.0	157.0	100.0	0.6	20.0	0.08	1.959963984540054	0.01	2.0	10.0	0.02	0.13758293838862556
development	tail_separable_program	1414	mirror_reduction_025	target	0.7845594076393211	0.9285714285714285	0.7619047619047619	sign_only			0.25	0.0	sign_only	424.0	267.0	157.0	0.6297169811320755	0.5917602996254682	0.14794007490636704	0.5917602996254682		267.0	157.0	100.0	0.6	20.0	0.08	1.959963984540054	0.01	2.0	10.0	0.02	
development	tail_separable_program	1414	mirror_reduction_025	reference	0.8524701520651412	0.9277777777777777	0.7619047619047619	sign_only			0.25	0.0	sign_only	424.0	267.0	157.0	0.6297169811320755	0.5917602996254682	0.14794007490636704	0.5917602996254682		267.0	157.0	100.0	0.6	20.0	0.08	1.959963984540054	0.01	2.0	10.0	0.02	
development	tail_separable_program	1415	rc2_unweighted	target	0.5317693341921167	0.7166666666666667	0.47619047619047616	not_applicable																									
development	tail_separable_program	1415	rc2_unweighted	reference	0.22193031738544627	0.5816326530612245	0.7619047619047619	not_applicable																									
development	tail_separable_program	1415	rc3_soft	target	0.6681860483438792	0.7666666666666667	0.0	not_applicable	0.6481481481481479	0.5810185185185185																							
development	tail_separable_program	1415	rc3_soft	reference	0.31093680697482234	0.6326530612244897	0.0	not_applicable	0.6481481481481479	0.5810185185185185																							
development	tail_separable_program	1415	mirror_reduction_100	target	0.7062276214976513	0.7777777777777777	0.42857142857142855	sign_only			1.0	0.0	sign_only	451.0	287.0	164.0	0.6363636363636364	0.5749128919860628	0.5749128919860628	0.5749128919860628		287.0	164.0	100.0	0.6	20.0	0.08	1.959963984540054	0.01	2.0	10.0	0.02	
development	tail_separable_program	1415	mirror_reduction_100	reference	0.3668334969261248	0.6785714285714285	0.8571428571428571	sign_only			1.0	0.0	sign_only	451.0	287.0	164.0	0.6363636363636364	0.5749128919860628	0.5749128919860628	0.5749128919860628		287.0	164.0	100.0	0.6	20.0	0.08	1.959963984540054	0.01	2.0	10.0	0.02	
development	tail_separable_program	1415	mirror_reduction_075	target	0.8480910774460161	0.8555555555555555	0.47619047619047616	enriched_tail			0.75	1.2139505326362827	enriched_tail	451.0	287.0	164.0	0.6363636363636364	0.5749128919860628	0.4311846689895471	0.4279475982532751	0.6507018301921959	229.0	164.0	100.0	0.6	20.0	0.08	1.959963984540054	0.01	2.0	10.0	0.02	0.049909745176641596
development	tail_separable_program	1415	mirror_reduction_075	reference	0.38544024260444726	0.6938775510204082	1.0	enriched_tail			0.75	1.2139505326362827	enriched_tail	451.0	287.0	164.0	0.6363636363636364	0.5749128919860628	0.4311846689895471	0.4279475982532751	0.6507018301921959	229.0	164.0	100.0	0.6	20.0	0.08	1.959963984540054	0.01	2.0	10.0	0.02	0.049909745176641596
development	tail_separable_program	1415	mirror_reduction_050	target	0.8692840165252748	0.8722222222222222	0.5714285714285714	enriched_tail			0.5	1.3565057166852714	enriched_tail	451.0	287.0	164.0	0.6363636363636364	0.5749128919860628	0.2874564459930314	0.2814070351758794	0.7287900090340917	199.0	164.0	100.0	0.6	20.0	0.08	1.959963984540054	0.01	2.0	10.0	0.02	0.14625007741376106
development	tail_separable_program	1415	mirror_reduction_050	reference	0.5400338312782285	0.7806122448979591	0.9047619047619048	enriched_tail			0.5	1.3565057166852714	enriched_tail	451.0	287.0	164.0	0.6363636363636364	0.5749128919860628	0.2874564459930314	0.2814070351758794	0.7287900090340917	199.0	164.0	100.0	0.6	20.0	0.08	1.959963984540054	0.01	2.0	10.0	0.02	0.14625007741376106
development	tail_separable_program	1415	mirror_reduction_025	target	0.8928821844619802	0.8833333333333333	0.6666666666666666	enriched_tail			0.25	1.7598141266006828	enriched_tail	451.0	287.0	164.0	0.6363636363636364	0.5749128919860628	0.1437282229965157	0.13836477987421383	0.8282324559717179	159.0	164.0	100.0	0.6	20.0	0.08	1.959963984540054	0.01	2.0	10.0	0.02	0.23929548865542505
development	tail_separable_program	1415	mirror_reduction_025	reference	0.6601768091246681	0.7959183673469389	0.9523809523809523	enriched_tail			0.25	1.7598141266006828	enriched_tail	451.0	287.0	164.0	0.6363636363636364	0.5749128919860628	0.1437282229965157	0.13836477987421383	0.8282324559717179	159.0	164.0	100.0	0.6	20.0	0.08	1.959963984540054	0.01	2.0	10.0	0.02	0.23929548865542505
development	tail_separable_program	1416	rc2_unweighted	target	0.6682507530139261	0.8657407407407407	0.7142857142857143	not_applicable																									
development	tail_separable_program	1416	rc2_unweighted	reference	0.819345375444504	0.8163265306122448	0.42857142857142855	not_applicable																									
development	tail_separable_program	1416	rc3_soft	target	0.7425137240205654	0.962962962962963	0.0	not_applicable	0.7851851851851848	0.5981481481481481																							
development	tail_separable_program	1416	rc3_soft	reference	0.8452542907417364	0.846938775510204	0.0	not_applicable	0.7851851851851848	0.5981481481481481																							
development	tail_separable_program	1416	mirror_reduction_100	target	0.7326934471661036	0.9583333333333331	0.8095238095238095	sign_only			1.0	0.0	sign_only	429.0	275.0	154.0	0.6410256410256411	0.5636363636363636	0.5636363636363636	0.5636363636363636		275.0	154.0	100.0	0.6	20.0	0.08	1.959963984540054	0.01	2.0	10.0	0.02	
development	tail_separable_program	1416	mirror_reduction_100	reference	0.8536986809246971	0.8469387755102041	0.6666666666666666	sign_only			1.0	0.0	sign_only	429.0	275.0	154.0	0.6410256410256411	0.5636363636363636	0.5636363636363636	0.5636363636363636		275.0	154.0	100.0	0.6	20.0	0.08	1.959963984540054	0.01	2.0	10.0	0.02	
development	tail_separable_program	1416	mirror_reduction_075	target	0.6158246925589559	0.8472222222222223	0.8571428571428571	enriched_tail			0.75	1.2990277712980123	enriched_tail	429.0	275.0	154.0	0.6410256410256411	0.5636363636363636	0.42272727272727273	0.41414141414141414	0.6538540526840538	198.0	154.0	100.0	0.6	20.0	0.08	1.959963984540054	0.01	2.0	10.0	0.02	0.06580681604217664
development	tail_separable_program	1416	mirror_reduction_075	reference	0.832086392048306	0.8316326530612245	0.7142857142857143	enriched_tail			0.75	1.2990277712980123	enriched_tail	429.0	275.0	154.0	0.6410256410256411	0.5636363636363636	0.42272727272727273	0.41414141414141414	0.6538540526840538	198.0	154.0	100.0	0.6	20.0	0.08	1.959963984540054	0.01	2.0	10.0	0.02	0.06580681604217664
development	tail_separable_program	1416	mirror_reduction_050	target	0.644576115037105	0.875	0.9047619047619048	enriched_tail			0.5	1.5892998378751	enriched_tail	429.0	275.0	154.0	0.6410256410256411	0.5636363636363636	0.2818181818181818	0.27631578947368424	0.7245370878608217	152.0	154.0	100.0	0.6	20.0	0.08	1.959963984540054	0.01	2.0	10.0	0.02	0.13004926108374393
development	tail_separable_program	1416	mirror_reduction_050	reference	0.850851464161983	0.8673469387755103	0.6666666666666666	enriched_tail			0.5	1.5892998378751	enriched_tail	429.0	275.0	154.0	0.6410256410256411	0.5636363636363636	0.2818181818181818	0.27631578947368424	0.7245370878608217	152.0	154.0	100.0	0.6	20.0	0.08	1.959963984540054	0.01	2.0	10.0	0.02	0.13004926108374393
development	tail_separable_program	1416	mirror_reduction_025	target	0.6067250552862201	0.7222222222222222	0.9523809523809523	enriched_tail			0.25	5.739494081873017	enriched_tail	429.0	275.0	154.0	0.6410256410256411	0.5636363636363636	0.1409090909090909	0.12	0.7663040731697686	25.0	154.0	100.0	0.6	20.0	0.08	1.959963984540054	0.01	2.0	10.0	0.02	0.2586206896551725
development	tail_separable_program	1416	mirror_reduction_025	reference	0.747984724508346	0.846938775510204	0.9523809523809523	enriched_tail			0.25	5.739494081873017	enriched_tail	429.0	275.0	154.0	0.6410256410256411	0.5636363636363636	0.1409090909090909	0.12	0.7663040731697686	25.0	154.0	100.0	0.6	20.0	0.08	1.959963984540054	0.01	2.0	10.0	0.02	0.2586206896551725
development	weak_tail_program	1401	rc2_unweighted	target	0.7263214481635195	0.7666666666666666	0.5714285714285714	not_applicable																									
development	weak_tail_program	1401	rc2_unweighted	reference	0.8136871423924542	0.9777777777777777	0.5714285714285714	not_applicable																									
development	weak_tail_program	1401	rc3_soft	target	0.7983262462276588	0.7888888888888889	0.0	not_applicable	0.822222222222222	0.6027777777777777																							
development	weak_tail_program	1401	rc3_soft	reference	0.8246477682383151	0.9555555555555556	0.0	not_applicable	0.822222222222222	0.6027777777777777																							
development	weak_tail_program	1401	mirror_reduction_100	target	0.8045462378578124	0.7888888888888889	0.7142857142857143	sign_only			1.0	0.0	sign_only	450.0	308.0	142.0	0.6844444444444444	0.4642857142857143	0.4642857142857143	0.4642857142857143		308.0	142.0	100.0	0.6	20.0	0.08	1.959963984540054	0.01	2.0	10.0	0.02	
development	weak_tail_program	1401	mirror_reduction_100	reference	0.8483670134749125	0.9444444444444444	0.7619047619047619	sign_only			1.0	0.0	sign_only	450.0	308.0	142.0	0.6844444444444444	0.4642857142857143	0.4642857142857143	0.4642857142857143		308.0	142.0	100.0	0.6	20.0	0.08	1.959963984540054	0.01	2.0	10.0	0.02	
development	weak_tail_program	1401	mirror_reduction_075	target	0.8411249741640034	0.8333333333333334	0.6190476190476191	enriched_tail			0.75	1.763556138634925	enriched_tail	450.0	308.0	142.0	0.6844444444444444	0.4642857142857143	0.3482142857142857	0.3474903474903475	0.695921230266395	259.0	142.0	100.0	0.6	20.0	0.08	1.959963984540054	0.01	2.0	10.0	0.02	0.059095041611301524
development	weak_tail_program	1401	mirror_reduction_075	reference	0.8809709277203894	0.9777777777777777	0.6666666666666666	enriched_tail			0.75	1.763556138634925	enriched_tail	450.0	308.0	142.0	0.6844444444444444	0.4642857142857143	0.3482142857142857	0.3474903474903475	0.695921230266395	259.0	142.0	100.0	0.6	20.0	0.08	1.959963984540054	0.01	2.0	10.0	0.02	0.059095041611301524
development	weak_tail_program	1401	mirror_reduction_050	target	0.8389895253188262	0.8222222222222222	0.6190476190476191	enriched_tail			0.5	2.241156472237055	enriched_tail	450.0	308.0	142.0	0.6844444444444444	0.4642857142857143	0.23214285714285715	0.22897196261682243	0.7654903109745298	214.0	142.0	100.0	0.6	20.0	0.08	1.959963984540054	0.01	2.0	10.0	0.02	0.11016486515995194
development	weak_tail_program	1401	mirror_reduction_050	reference	0.9101081217051729	0.9777777777777777	0.6666666666666666	enriched_tail			0.5	2.241156472237055	enriched_tail	450.0	308.0	142.0	0.6844444444444444	0.4642857142857143	0.23214285714285715	0.22897196261682243	0.7654903109745298	214.0	142.0	100.0	0.6	20.0	0.08	1.959963984540054	0.01	2.0	10.0	0.02	0.11016486515995194
development	weak_tail_program	1401	mirror_reduction_025	target	0.8596056650398599	0.85	0.7142857142857143	enriched_tail			0.25	3.07441270346553	enriched_tail	450.0	308.0	142.0	0.6844444444444444	0.4642857142857143	0.11607142857142858	0.11515151515151516	0.8498894629701953	165.0	142.0	100.0	0.6	20.0	0.08	1.959963984540054	0.01	2.0	10.0	0.02	0.20479197021207696
development	weak_tail_program	1401	mirror_reduction_025	reference	0.9129285651839261	0.9666666666666667	0.6666666666666666	enriched_tail			0.25	3.07441270346553	enriched_tail	450.0	308.0	142.0	0.6844444444444444	0.4642857142857143	0.11607142857142858	0.11515151515151516	0.8498894629701953	165.0	142.0	100.0	0.6	20.0	0.08	1.959963984540054	0.01	2.0	10.0	0.02	0.20479197021207696
development	weak_tail_program	1402	rc2_unweighted	target	0.5629793822308453	0.9	0.5238095238095238	not_applicable																									
development	weak_tail_program	1402	rc2_unweighted	reference	0.9092494089893602	0.9444444444444445	0.42857142857142855	not_applicable																									
development	weak_tail_program	1402	rc3_soft	target	0.6668366290027756	0.9222222222222223	0.0	not_applicable	0.8148148148148149	0.6018518518518519																							
development	weak_tail_program	1402	rc3_soft	reference	0.9245069112270482	0.9444444444444445	0.0	not_applicable	0.8148148148148149	0.6018518518518519																							
development	weak_tail_program	1402	mirror_reduction_100	target	0.703093244669993	0.9333333333333333	0.5714285714285714	sign_only			1.0	0.0	sign_only	493.0	325.0	168.0	0.6592292089249493	0.52	0.52	0.52		325.0	168.0	100.0	0.6	20.0	0.08	1.959963984540054	0.01	2.0	10.0	0.02	
development	weak_tail_program	1402	mirror_reduction_100	reference	0.9402323694903203	0.9555555555555556	0.6190476190476191	sign_only			1.0	0.0	sign_only	493.0	325.0	168.0	0.6592292089249493	0.52	0.52	0.52		325.0	168.0	100.0	0.6	20.0	0.08	1.959963984540054	0.01	2.0	10.0	0.02	
development	weak_tail_program	1402	mirror_reduction_075	target	0.7556797401166492	0.961111111111111	0.7619047619047619	enriched_tail			0.75	1.887428759396622	enriched_tail	493.0	325.0	168.0	0.6592292089249493	0.52	0.39	0.38996138996138996	0.6729184899451026	259.0	168.0	100.0	0.6	20.0	0.08	1.959963984540054	0.01	2.0	10.0	0.02	0.06207537724379608
development	weak_tail_program	1402	mirror_reduction_075	reference	0.9300517186156434	0.9444444444444444	0.6190476190476191	enriched_tail			0.75	1.887428759396622	enriched_tail	493.0	325.0	168.0	0.6592292089249493	0.52	0.39	0.38996138996138996	0.6729184899451026	259.0	168.0	100.0	0.6	20.0	0.08	1.959963984540054	0.01	2.0	10.0	0.02	0.06207537724379608
development	weak_tail_program	1402	mirror_reduction_050	target	0.7389787990614316	0.938888888888889	0.7619047619047619	enriched_tail			0.5	2.2880306402665767	enriched_tail	493.0	325.0	168.0	0.6592292089249493	0.52	0.26	0.25118483412322273	0.7499451155663082	211.0	168.0	100.0	0.6	20.0	0.08	1.959963984540054	0.01	2.0	10.0	0.02	0.14085477941176472
development	weak_tail_program	1402	mirror_reduction_050	reference	0.9300045416577114	0.938888888888889	0.5238095238095238	enriched_tail			0.5	2.2880306402665767	enriched_tail	493.0	325.0	168.0	0.6592292089249493	0.52	0.26	0.25118483412322273	0.7499451155663082	211.0	168.0	100.0	0.6	20.0	0.08	1.959963984540054	0.01	2.0	10.0	0.02	0.14085477941176472
development	weak_tail_program	1402	mirror_reduction_025	target	0.703093244669993	0.9333333333333333	0.5714285714285714	sign_only			0.25	0.0	sign_only	493.0	325.0	168.0	0.6592292089249493	0.52	0.13	0.52		325.0	168.0	100.0	0.6	20.0	0.08	1.959963984540054	0.01	2.0	10.0	0.02	
development	weak_tail_program	1402	mirror_reduction_025	reference	0.9402323694903203	0.9555555555555556	0.6190476190476191	sign_only			0.25	0.0	sign_only	493.0	325.0	168.0	0.6592292089249493	0.52	0.13	0.52		325.0	168.0	100.0	0.6	20.0	0.08	1.959963984540054	0.01	2.0	10.0	0.02	
development	weak_tail_program	1403	rc2_unweighted	target	0.6701403392936418	0.9111111111111111	0.3333333333333333	not_applicable																									
development	weak_tail_program	1403	rc2_unweighted	reference	0.8312583698329994	0.9489795918367346	0.6666666666666666	not_applicable																									
development	weak_tail_program	1403	rc3_soft	target	0.6551839318111061	0.888888888888889	0.0	not_applicable	0.8444444444444441	0.6055555555555555																							
development	weak_tail_program	1403	rc3_soft	reference	0.7590547483140974	0.9081632653061225	0.0	not_applicable	0.8444444444444441	0.6055555555555555																							
development	weak_tail_program	1403	mirror_reduction_100	target	0.6087571242312948	0.8888888888888888	0.7142857142857143	sign_only			1.0	0.0	sign_only	470.0	302.0	168.0	0.6425531914893617	0.5596026490066225	0.5596026490066225	0.5596026490066225		302.0	168.0	100.0	0.6	20.0	0.08	1.959963984540054	0.01	2.0	10.0	0.02	
development	weak_tail_program	1403	mirror_reduction_100	reference	0.661302632631593	0.8265306122448979	0.7142857142857143	sign_only			1.0	0.0	sign_only	470.0	302.0	168.0	0.6425531914893617	0.5596026490066225	0.5596026490066225	0.5596026490066225		302.0	168.0	100.0	0.6	20.0	0.08	1.959963984540054	0.01	2.0	10.0	0.02	
development	weak_tail_program	1403	mirror_reduction_075	target	0.6985683952418131	0.9333333333333333	0.6666666666666666	enriched_tail			0.75	1.9604807743828663	enriched_tail	470.0	302.0	168.0	0.6425531914893617	0.5596026490066225	0.41970198675496684	0.4152542372881356	0.6577488176529754	236.0	168.0	100.0	0.6	20.0	0.08	1.959963984540054	0.01	2.0	10.0	0.02	0.06152640344861371
development	weak_tail_program	1403	mirror_reduction_075	reference	0.8248679152978995	0.9285714285714286	0.8571428571428571	enriched_tail			0.75	1.9604807743828663	enriched_tail	470.0	302.0	168.0	0.6425531914893617	0.5596026490066225	0.41970198675496684	0.4152542372881356	0.6577488176529754	236.0	168.0	100.0	0.6	20.0	0.08	1.959963984540054	0.01	2.0	10.0	0.02	0.06152640344861371
development	weak_tail_program	1403	mirror_reduction_050	target	0.7234783839707165	0.9166666666666666	0.5714285714285714	enriched_tail			0.5	2.2744515365446354	enriched_tail	470.0	302.0	168.0	0.6425531914893617	0.5596026490066225	0.27980132450331124	0.2777777777777778	0.7309620297114576	198.0	168.0	100.0	0.6	20.0	0.08	1.959963984540054	0.01	2.0	10.0	0.02	0.12638462565060726
development	weak_tail_program	1403	mirror_reduction_050	reference	0.7855398069547606	0.8877551020408163	0.9047619047619048	enriched_tail			0.5	2.2744515365446354	enriched_tail	470.0	302.0	168.0	0.6425531914893617	0.5596026490066225	0.27980132450331124	0.2777777777777778	0.7309620297114576	198.0	168.0	100.0	0.6	20.0	0.08	1.959963984540054	0.01	2.0	10.0	0.02	0.12638462565060726
development	weak_tail_program	1403	mirror_reduction_025	target	0.7737222630271647	0.9111111111111111	0.7142857142857143	enriched_tail			0.25	3.1025541441420823	enriched_tail	470.0	302.0	168.0	0.6425531914893617	0.5596026490066225	0.13990066225165562	0.1377245508982036	0.830051749306066	167.0	168.0	100.0	0.6	20.0	0.08	1.959963984540054	0.01	2.0	10.0	0.02	0.22319357716324706
development	weak_tail_program	1403	mirror_reduction_025	reference	0.7073602597139637	0.8673469387755102	0.9047619047619048	enriched_tail			0.25	3.1025541441420823	enriched_tail	470.0	302.0	168.0	0.6425531914893617	0.5596026490066225	0.13990066225165562	0.1377245508982036	0.830051749306066	167.0	168.0	100.0	0.6	20.0	0.08	1.959963984540054	0.01	2.0	10.0	0.02	0.22319357716324706
development	weak_tail_program	1404	rc2_unweighted	target	0.8017733144711819	0.9777777777777777	0.6190476190476191	not_applicable																									
development	weak_tail_program	1404	rc2_unweighted	reference	0.76702610755626	0.9555555555555555	0.5238095238095238	not_applicable																									
development	weak_tail_program	1404	rc3_soft	target	0.806941386442907	0.9777777777777777	0.0	not_applicable	0.6703703703703701	0.5837962962962963																							
development	weak_tail_program	1404	rc3_soft	reference	0.8456292611966755	0.9444444444444445	0.0	not_applicable	0.6703703703703701	0.5837962962962963																							
development	weak_tail_program	1404	mirror_reduction_100	target	0.8134035921257562	0.9555555555555556	0.6666666666666666	sign_only			1.0	0.0	sign_only	464.0	293.0	171.0	0.6314655172413793	0.5870307167235495	0.5870307167235495	0.5870307167235495		293.0	171.0	100.0	0.6	20.0	0.08	1.959963984540054	0.01	2.0	10.0	0.02	
development	weak_tail_program	1404	mirror_reduction_100	reference	0.8557010520654141	0.95	0.6666666666666666	sign_only			1.0	0.0	sign_only	464.0	293.0	171.0	0.6314655172413793	0.5870307167235495	0.5870307167235495	0.5870307167235495		293.0	171.0	100.0	0.6	20.0	0.08	1.959963984540054	0.01	2.0	10.0	0.02	
development	weak_tail_program	1404	mirror_reduction_075	target	0.9003291422111408	0.9555555555555556	0.7619047619047619	enriched_tail			0.75	1.9172237027832202	enriched_tail	464.0	293.0	171.0	0.6314655172413793	0.5870307167235495	0.4402730375426621	0.43805309734513276	0.645441633591385	226.0	171.0	100.0	0.6	20.0	0.08	1.959963984540054	0.01	2.0	10.0	0.02	0.034700458736430906
development	weak_tail_program	1404	mirror_reduction_075	reference	0.7958911543732111	0.9111111111111111	0.7142857142857143	enriched_tail			0.75	1.9172237027832202	enriched_tail	464.0	293.0	171.0	0.6314655172413793	0.5870307167235495	0.4402730375426621	0.43805309734513276	0.645441633591385	226.0	171.0	100.0	0.6	20.0	0.08	1.959963984540054	0.01	2.0	10.0	0.02	0.034700458736430906
development	weak_tail_program	1404	mirror_reduction_050	target	0.9100690324504036	0.9111111111111111	0.9047619047619048	enriched_tail			0.5	2.5196243068326387	enriched_tail	464.0	293.0	171.0	0.6314655172413793	0.5870307167235495	0.2935153583617747	0.292817679558011	0.7191164499969148	181.0	171.0	100.0	0.6	20.0	0.08	1.959963984540054	0.01	2.0	10.0	0.02	0.13436355737603178
development	weak_tail_program	1404	mirror_reduction_050	reference	0.858564579627072	0.9611111111111112	0.7142857142857143	enriched_tail			0.5	2.5196243068326387	enriched_tail	464.0	293.0	171.0	0.6314655172413793	0.5870307167235495	0.2935153583617747	0.292817679558011	0.7191164499969148	181.0	171.0	100.0	0.6	20.0	0.08	1.959963984540054	0.01	2.0	10.0	0.02	0.13436355737603178
development	weak_tail_program	1404	mirror_reduction_025	target	0.8134035921257562	0.9555555555555556	0.6666666666666666	sign_only			0.25	0.0	sign_only	464.0	293.0	171.0	0.6314655172413793	0.5870307167235495	0.14675767918088736	0.5870307167235495		293.0	171.0	100.0	0.6	20.0	0.08	1.959963984540054	0.01	2.0	10.0	0.02	
development	weak_tail_program	1404	mirror_reduction_025	reference	0.8557010520654141	0.95	0.6666666666666666	sign_only			0.25	0.0	sign_only	464.0	293.0	171.0	0.6314655172413793	0.5870307167235495	0.14675767918088736	0.5870307167235495		293.0	171.0	100.0	0.6	20.0	0.08	1.959963984540054	0.01	2.0	10.0	0.02	
development	weak_tail_program	1405	rc2_unweighted	target	0.5315522627395157	0.7259615384615385	0.6666666666666666	not_applicable																									
development	weak_tail_program	1405	rc2_unweighted	reference	0.7651863160663505	0.8928571428571429	0.5238095238095238	not_applicable																									
development	weak_tail_program	1405	rc3_soft	target	0.5439425938597104	0.7115384615384617	0.0	not_applicable	0.6148148148148147	0.5768518518518518																							
development	weak_tail_program	1405	rc3_soft	reference	0.8319262375645593	0.9489795918367347	0.0	not_applicable	0.6148148148148147	0.5768518518518518																							
development	weak_tail_program	1405	mirror_reduction_100	target	0.4315102871095412	0.6346153846153847	0.9047619047619048	sign_only			1.0	0.0	sign_only	465.0	310.0	155.0	0.6666666666666666	0.5032258064516129	0.5032258064516129	0.5032258064516129		310.0	155.0	100.0	0.6	20.0	0.08	1.959963984540054	0.01	2.0	10.0	0.02	
development	weak_tail_program	1405	mirror_reduction_100	reference	0.8453239217987905	0.9693877551020409	0.6666666666666666	sign_only			1.0	0.0	sign_only	465.0	310.0	155.0	0.6666666666666666	0.5032258064516129	0.5032258064516129	0.5032258064516129		310.0	155.0	100.0	0.6	20.0	0.08	1.959963984540054	0.01	2.0	10.0	0.02	
development	weak_tail_program	1405	mirror_reduction_075	target	0.41728752291095317	0.6201923076923077	0.8571428571428571	enriched_tail			0.75	1.9862257039933342	enriched_tail	465.0	310.0	155.0	0.6666666666666666	0.5032258064516129	0.37741935483870964	0.37344398340248963	0.6799726283374297	241.0	155.0	100.0	0.6	20.0	0.08	1.959963984540054	0.01	2.0	10.0	0.02	0.052931390835307845
development	weak_tail_program	1405	mirror_reduction_075	reference	0.8972188776140085	1.0	0.6666666666666666	enriched_tail			0.75	1.9862257039933342	enriched_tail	465.0	310.0	155.0	0.6666666666666666	0.5032258064516129	0.37741935483870964	0.37344398340248963	0.6799726283374297	241.0	155.0	100.0	0.6	20.0	0.08	1.959963984540054	0.01	2.0	10.0	0.02	0.052931390835307845
development	weak_tail_program	1405	mirror_reduction_050	target	0.3471443778051143	0.6105769230769231	0.8571428571428571	enriched_tail			0.5	2.3545983048265517	enriched_tail	465.0	310.0	155.0	0.6666666666666666	0.5032258064516129	0.25161290322580643	0.25	0.7493853469086398	200.0	155.0	100.0	0.6	20.0	0.08	1.959963984540054	0.01	2.0	10.0	0.02	0.12121106543098037
development	weak_tail_program	1405	mirror_reduction_050	reference	0.9359268234649286	0.9999999999999999	0.5714285714285714	enriched_tail			0.5	2.3545983048265517	enriched_tail	465.0	310.0	155.0	0.6666666666666666	0.5032258064516129	0.25161290322580643	0.25	0.7493853469086398	200.0	155.0	100.0	0.6	20.0	0.08	1.959963984540054	0.01	2.0	10.0	0.02	0.12121106543098037
development	weak_tail_program	1405	mirror_reduction_025	target	0.4315102871095412	0.6346153846153847	0.9047619047619048	sign_only			0.25	0.0	sign_only	465.0	310.0	155.0	0.6666666666666666	0.5032258064516129	0.12580645161290321	0.5032258064516129		310.0	155.0	100.0	0.6	20.0	0.08	1.959963984540054	0.01	2.0	10.0	0.02	
development	weak_tail_program	1405	mirror_reduction_025	reference	0.8453239217987905	0.9693877551020409	0.6666666666666666	sign_only			0.25	0.0	sign_only	465.0	310.0	155.0	0.6666666666666666	0.5032258064516129	0.12580645161290321	0.5032258064516129		310.0	155.0	100.0	0.6	20.0	0.08	1.959963984540054	0.01	2.0	10.0	0.02	
development	weak_tail_program	1406	rc2_unweighted	target	0.8192885807378358	0.9555555555555556	0.5714285714285714	not_applicable																									
development	weak_tail_program	1406	rc2_unweighted	reference	0.7750175783085439	0.9722222222222222	0.5238095238095238	not_applicable																									
development	weak_tail_program	1406	rc3_soft	target	0.8686460048545835	1.0	0.0	not_applicable	0.5111111111111111	0.5638888888888889																							
development	weak_tail_program	1406	rc3_soft	reference	0.8695044923033021	0.9555555555555556	0.0	not_applicable	0.5111111111111111	0.5638888888888889																							
development	weak_tail_program	1406	mirror_reduction_100	target	0.8680692418411183	1.0	0.7619047619047619	sign_only			1.0	0.0	sign_only	455.0	291.0	164.0	0.6395604395604395	0.5670103092783505	0.5670103092783505	0.5670103092783505		291.0	164.0	100.0	0.6	20.0	0.08	1.959963984540054	0.01	2.0	10.0	0.02	
development	weak_tail_program	1406	mirror_reduction_100	reference	0.890354906729127	0.9388888888888889	0.5714285714285714	sign_only			1.0	0.0	sign_only	455.0	291.0	164.0	0.6395604395604395	0.5670103092783505	0.5670103092783505	0.5670103092783505		291.0	164.0	100.0	0.6	20.0	0.08	1.959963984540054	0.01	2.0	10.0	0.02	
development	weak_tail_program	1406	mirror_reduction_075	target	0.8311936581544626	0.9999999999999999	0.9047619047619048	enriched_tail			0.75	1.8342148145459058	enriched_tail	455.0	291.0	164.0	0.6395604395604395	0.5670103092783505	0.4252577319587629	0.4248927038626609	0.6526339601795706	233.0	164.0	100.0	0.6	20.0	0.08	1.959963984540054	0.01	2.0	10.0	0.02	0.052009023840009716
development	weak_tail_program	1406	mirror_reduction_075	reference	0.8928727845807048	0.9555555555555556	0.6190476190476191	enriched_tail			0.75	1.8342148145459058	enriched_tail	455.0	291.0	164.0	0.6395604395604395	0.5670103092783505	0.4252577319587629	0.4248927038626609	0.6526339601795706	233.0	164.0	100.0	0.6	20.0	0.08	1.959963984540054	0.01	2.0	10.0	0.02	0.052009023840009716
development	weak_tail_program	1406	mirror_reduction_050	target	0.7475159800609076	1.0	0.7619047619047619	enriched_tail			0.5	2.2502298888395194	enriched_tail	455.0	291.0	164.0	0.6395604395604395	0.5670103092783505	0.28350515463917525	0.28342245989304815	0.7258738705580406	187.0	164.0	100.0	0.6	20.0	0.08	1.959963984540054	0.01	2.0	10.0	0.02	0.13774104683195587
development	weak_tail_program	1406	mirror_reduction_050	reference	0.8818309157789336	0.9333333333333335	0.5714285714285714	enriched_tail			0.5	2.2502298888395194	enriched_tail	455.0	291.0	164.0	0.6395604395604395	0.5670103092783505	0.28350515463917525	0.28342245989304815	0.7258738705580406	187.0	164.0	100.0	0.6	20.0	0.08	1.959963984540054	0.01	2.0	10.0	0.02	0.13774104683195587
development	weak_tail_program	1406	mirror_reduction_025	target	0.8680692418411183	1.0	0.7619047619047619	sign_only			0.25	0.0	sign_only	455.0	291.0	164.0	0.6395604395604395	0.5670103092783505	0.14175257731958762	0.5670103092783505		291.0	164.0	100.0	0.6	20.0	0.08	1.959963984540054	0.01	2.0	10.0	0.02	
development	weak_tail_program	1406	mirror_reduction_025	reference	0.890354906729127	0.9388888888888889	0.5714285714285714	sign_only			0.25	0.0	sign_only	455.0	291.0	164.0	0.6395604395604395	0.5670103092783505	0.14175257731958762	0.5670103092783505		291.0	164.0	100.0	0.6	20.0	0.08	1.959963984540054	0.01	2.0	10.0	0.02	
development	weak_tail_program	1407	rc2_unweighted	target	0.7272933682391367	0.9489795918367346	0.6190476190476191	not_applicable																									
development	weak_tail_program	1407	rc2_unweighted	reference	0.8909921671018276	0.9555555555555556	0.5238095238095238	not_applicable																									
development	weak_tail_program	1407	rc3_soft	target	0.7020285133027455	0.9591836734693877	0.0	not_applicable	0.5962962962962965	0.5745370370370371																							
development	weak_tail_program	1407	rc3_soft	reference	0.9225291698226383	0.9777777777777777	0.0	not_applicable	0.5962962962962965	0.5745370370370371																							
development	weak_tail_program	1407	mirror_reduction_100	target	0.6483177091718446	0.9387755102040817	0.7142857142857143	sign_only			1.0	0.0	sign_only	430.0	264.0	166.0	0.6139534883720931	0.6325757575757576	0.6325757575757576	0.6325757575757576		264.0	166.0	100.0	0.6	20.0	0.08	1.959963984540054	0.01	2.0	10.0	0.02	
development	weak_tail_program	1407	mirror_reduction_100	reference	0.9310465470946601	0.9888888888888889	0.6666666666666666	sign_only			1.0	0.0	sign_only	430.0	264.0	166.0	0.6139534883720931	0.6325757575757576	0.6325757575757576	0.6325757575757576		264.0	166.0	100.0	0.6	20.0	0.08	1.959963984540054	0.01	2.0	10.0	0.02	
development	weak_tail_program	1407	mirror_reduction_075	target	0.6431832225572858	0.9285714285714286	0.7619047619047619	enriched_tail			0.75	1.8791031942089815	enriched_tail	430.0	264.0	166.0	0.6139534883720931	0.6325757575757576	0.4744318181818182	0.47368421052631576	0.6288636558526608	228.0	166.0	100.0	0.6	20.0	0.08	1.959963984540054	0.01	2.0	10.0	0.02	0.06256684491978604
development	weak_tail_program	1407	mirror_reduction_075	reference	0.9209668848941991	0.9833333333333333	0.7142857142857143	enriched_tail			0.75	1.8791031942089815	enriched_tail	430.0	264.0	166.0	0.6139534883720931	0.6325757575757576	0.4744318181818182	0.47368421052631576	0.6288636558526608	228.0	166.0	100.0	0.6	20.0	0.08	1.959963984540054	0.01	2.0	10.0	0.02	0.06256684491978604
development	weak_tail_program	1407	mirror_reduction_050	target	0.5378153994966359	0.8316326530612245	0.9047619047619048	enriched_tail			0.5	2.276323331015479	enriched_tail	430.0	264.0	166.0	0.6139534883720931	0.6325757575757576	0.3162878787878788	0.3146067415730337	0.7054159566441791	178.0	166.0	100.0	0.6	20.0	0.08	1.959963984540054	0.01	2.0	10.0	0.02	0.1321907600596125
development	weak_tail_program	1407	mirror_reduction_050	reference	0.9270550964323836	0.9833333333333333	0.7142857142857143	enriched_tail			0.5	2.276323331015479	enriched_tail	430.0	264.0	166.0	0.6139534883720931	0.6325757575757576	0.3162878787878788	0.3146067415730337	0.7054159566441791	178.0	166.0	100.0	0.6	20.0	0.08	1.959963984540054	0.01	2.0	10.0	0.02	0.1321907600596125
development	weak_tail_program	1407	mirror_reduction_025	target	0.5098942707388069	0.7346938775510203	0.9523809523809523	enriched_tail			0.25	3.5084157802403864	enriched_tail	430.0	264.0	166.0	0.6139534883720931	0.6325757575757576	0.1581439393939394	0.15294117647058825	0.7961126092514313	85.0	166.0	100.0	0.6	20.0	0.08	1.959963984540054	0.01	2.0	10.0	0.02	0.2533596837944664
development	weak_tail_program	1407	mirror_reduction_025	reference	0.7787843377326382	0.8222222222222222	0.8571428571428571	enriched_tail			0.25	3.5084157802403864	enriched_tail	430.0	264.0	166.0	0.6139534883720931	0.6325757575757576	0.1581439393939394	0.15294117647058825	0.7961126092514313	85.0	166.0	100.0	0.6	20.0	0.08	1.959963984540054	0.01	2.0	10.0	0.02	0.2533596837944664
development	weak_tail_program	1408	rc2_unweighted	target	0.6859494129154612	0.8826530612244897	0.6666666666666666	not_applicable																									
development	weak_tail_program	1408	rc2_unweighted	reference	0.883006724551843	0.9555555555555556	0.6190476190476191	not_applicable																									
development	weak_tail_program	1408	rc3_soft	target	0.7322263276050851	0.8979591836734694	0.0	not_applicable	0.5814814814814815	0.5726851851851852																							
development	weak_tail_program	1408	rc3_soft	reference	0.896714785672847	0.9888888888888889	0.0	not_applicable	0.5814814814814815	0.5726851851851852																							
development	weak_tail_program	1408	mirror_reduction_100	target	0.7222662586152658	0.8826530612244898	0.9523809523809523	sign_only			1.0	0.0	sign_only	444.0	288.0	156.0	0.6486486486486487	0.5451388888888888	0.5451388888888888	0.5451388888888888		288.0	156.0	100.0	0.6	20.0	0.08	1.959963984540054	0.01	2.0	10.0	0.02	
development	weak_tail_program	1408	mirror_reduction_100	reference	0.881140244977545	0.9888888888888888	0.7142857142857143	sign_only			1.0	0.0	sign_only	444.0	288.0	156.0	0.6486486486486487	0.5451388888888888	0.5451388888888888	0.5451388888888888		288.0	156.0	100.0	0.6	20.0	0.08	1.959963984540054	0.01	2.0	10.0	0.02	
development	weak_tail_program	1408	mirror_reduction_075	target	0.736576402730002	0.8061224489795918	0.8095238095238095	enriched_tail			0.75	2.044590288228015	enriched_tail	444.0	288.0	156.0	0.6486486486486487	0.5451388888888888	0.40885416666666663	0.39690721649484534	0.6620999429987945	194.0	156.0	100.0	0.6	20.0	0.08	1.959963984540054	0.01	2.0	10.0	0.02	0.07113486842105265
development	weak_tail_program	1408	mirror_reduction_075	reference	0.8121729487980549	0.9000000000000001	0.7619047619047619	enriched_tail			0.75	2.044590288228015	enriched_tail	444.0	288.0	156.0	0.6486486486486487	0.5451388888888888	0.40885416666666663	0.39690721649484534	0.6620999429987945	194.0	156.0	100.0	0.6	20.0	0.08	1.959963984540054	0.01	2.0	10.0	0.02	0.07113486842105265
development	weak_tail_program	1408	mirror_reduction_050	target	0.749786704765199	0.8775510204081632	0.9047619047619048	enriched_tail			0.5	2.5843253690294876	enriched_tail	444.0	288.0	156.0	0.6486486486486487	0.5451388888888888	0.2725694444444444	0.2692307692307692	0.7298738150294203	156.0	156.0	100.0	0.6	20.0	0.08	1.959963984540054	0.01	2.0	10.0	0.02	0.12257281553398058
development	weak_tail_program	1408	mirror_reduction_050	reference	0.7642105770948655	0.9277777777777778	0.7619047619047619	enriched_tail			0.5	2.5843253690294876	enriched_tail	444.0	288.0	156.0	0.6486486486486487	0.5451388888888888	0.2725694444444444	0.2692307692307692	0.7298738150294203	156.0	156.0	100.0	0.6	20.0	0.08	1.959963984540054	0.01	2.0	10.0	0.02	0.12257281553398058
development	weak_tail_program	1408	mirror_reduction_025	target	0.7222662586152658	0.8826530612244898	0.9523809523809523	sign_only			0.25	0.0	sign_only	444.0	288.0	156.0	0.6486486486486487	0.5451388888888888	0.1362847222222222	0.5451388888888888		288.0	156.0	100.0	0.6	20.0	0.08	1.959963984540054	0.01	2.0	10.0	0.02	
development	weak_tail_program	1408	mirror_reduction_025	reference	0.881140244977545	0.9888888888888888	0.7142857142857143	sign_only			0.25	0.0	sign_only	444.0	288.0	156.0	0.6486486486486487	0.5451388888888888	0.1362847222222222	0.5451388888888888		288.0	156.0	100.0	0.6	20.0	0.08	1.959963984540054	0.01	2.0	10.0	0.02	
development	weak_tail_program	1409	rc2_unweighted	target	0.860366436461361	0.9666666666666667	0.47619047619047616	not_applicable																									
development	weak_tail_program	1409	rc2_unweighted	reference	0.521861340993019	0.7833333333333334	0.8095238095238095	not_applicable																									
development	weak_tail_program	1409	rc3_soft	target	0.89309679247944	0.9888888888888889	0.0	not_applicable	0.7703703703703706	0.5962962962962963																							
development	weak_tail_program	1409	rc3_soft	reference	0.6085122564500235	0.8777777777777778	0.0	not_applicable	0.7703703703703706	0.5962962962962963																							
development	weak_tail_program	1409	mirror_reduction_100	target	0.8974543682887788	0.9833333333333334	0.5714285714285714	sign_only			1.0	0.0	sign_only	458.0	278.0	180.0	0.6069868995633187	0.6510791366906474	0.6510791366906474	0.6510791366906474		278.0	180.0	100.0	0.6	20.0	0.08	1.959963984540054	0.01	2.0	10.0	0.02	
development	weak_tail_program	1409	mirror_reduction_100	reference	0.5971451924196263	0.8722222222222222	0.8571428571428571	sign_only			1.0	0.0	sign_only	458.0	278.0	180.0	0.6069868995633187	0.6510791366906474	0.6510791366906474	0.6510791366906474		278.0	180.0	100.0	0.6	20.0	0.08	1.959963984540054	0.01	2.0	10.0	0.02	
development	weak_tail_program	1409	mirror_reduction_075	target	0.9328101677292782	1.0	0.6190476190476191	enriched_tail			0.75	1.9908475553636826	enriched_tail	458.0	278.0	180.0	0.6069868995633187	0.6510791366906474	0.4883093525179856	0.4880382775119617	0.6201656318128362	209.0	180.0	100.0	0.6	20.0	0.08	1.959963984540054	0.01	2.0	10.0	0.02	0.06110538031380641
development	weak_tail_program	1409	mirror_reduction_075	reference	0.7045058602429256	0.9277777777777778	0.8571428571428571	enriched_tail			0.75	1.9908475553636826	enriched_tail	458.0	278.0	180.0	0.6069868995633187	0.6510791366906474	0.4883093525179856	0.4880382775119617	0.6201656318128362	209.0	180.0	100.0	0.6	20.0	0.08	1.959963984540054	0.01	2.0	10.0	0.02	0.06110538031380641
development	weak_tail_program	1409	mirror_reduction_050	target	0.9757853403141361	1.0	0.6666666666666666	enriched_tail			0.5	2.3709080679166954	enriched_tail	458.0	278.0	180.0	0.6069868995633187	0.6510791366906474	0.3255395683453237	0.31666666666666665	0.7045000253347641	180.0	180.0	100.0	0.6	20.0	0.08	1.959963984540054	0.01	2.0	10.0	0.02	0.1388809591778476
development	weak_tail_program	1409	mirror_reduction_050	reference	0.777293803557949	0.95	0.9047619047619048	enriched_tail			0.5	2.3709080679166954	enriched_tail	458.0	278.0	180.0	0.6069868995633187	0.6510791366906474	0.3255395683453237	0.31666666666666665	0.7045000253347641	180.0	180.0	100.0	0.6	20.0	0.08	1.959963984540054	0.01	2.0	10.0	0.02	0.1388809591778476
development	weak_tail_program	1409	mirror_reduction_025	target	0.8974543682887788	0.9833333333333334	0.5714285714285714	sign_only			0.25	0.0	sign_only	458.0	278.0	180.0	0.6069868995633187	0.6510791366906474	0.16276978417266186	0.6510791366906474		278.0	180.0	100.0	0.6	20.0	0.08	1.959963984540054	0.01	2.0	10.0	0.02	
development	weak_tail_program	1409	mirror_reduction_025	reference	0.5971451924196263	0.8722222222222222	0.8571428571428571	sign_only			0.25	0.0	sign_only	458.0	278.0	180.0	0.6069868995633187	0.6510791366906474	0.16276978417266186	0.6510791366906474		278.0	180.0	100.0	0.6	20.0	0.08	1.959963984540054	0.01	2.0	10.0	0.02	
development	weak_tail_program	1410	rc2_unweighted	target	0.562501084150533	0.8222222222222223	0.6190476190476191	not_applicable																									
development	weak_tail_program	1410	rc2_unweighted	reference	0.9087640923322394	0.8833333333333333	0.6666666666666666	not_applicable																									
development	weak_tail_program	1410	rc3_soft	target	0.7393236988058243	0.9	0.0	not_applicable	0.7185185185185183	0.5898148148148148																							
development	weak_tail_program	1410	rc3_soft	reference	0.9153143020972638	0.9111111111111111	0.0	not_applicable	0.7185185185185183	0.5898148148148148																							
development	weak_tail_program	1410	mirror_reduction_100	target	0.7730105271493293	0.9111111111111111	0.6666666666666666	sign_only			1.0	0.0	sign_only	418.0	286.0	132.0	0.6842105263157895	0.46503496503496505	0.46503496503496505	0.46503496503496505		286.0	132.0	100.0	0.6	20.0	0.08	1.959963984540054	0.01	2.0	10.0	0.02	
development	weak_tail_program	1410	mirror_reduction_100	reference	0.9108812419857693	0.9055555555555556	0.7142857142857143	sign_only			1.0	0.0	sign_only	418.0	286.0	132.0	0.6842105263157895	0.46503496503496505	0.46503496503496505	0.46503496503496505		286.0	132.0	100.0	0.6	20.0	0.08	1.959963984540054	0.01	2.0	10.0	0.02	
development	weak_tail_program	1410	mirror_reduction_075	target	0.8724029166403723	0.9277777777777778	0.8571428571428571	enriched_tail			0.75	2.065685841205363	enriched_tail	418.0	286.0	132.0	0.6842105263157895	0.46503496503496505	0.3487762237762238	0.3411214953271028	0.6948872508074208	214.0	132.0	100.0	0.6	20.0	0.08	1.959963984540054	0.01	2.0	10.0	0.02	0.052603778274919244
development	weak_tail_program	1410	mirror_reduction_075	reference	0.8653474006050434	0.9	0.6190476190476191	enriched_tail			0.75	2.065685841205363	enriched_tail	418.0	286.0	132.0	0.6842105263157895	0.46503496503496505	0.3487762237762238	0.3411214953271028	0.6948872508074208	214.0	132.0	100.0	0.6	20.0	0.08	1.959963984540054	0.01	2.0	10.0	0.02	0.052603778274919244
development	weak_tail_program	1410	mirror_reduction_050	target	0.8739774264827608	0.9388888888888889	0.7619047619047619	enriched_tail			0.5	2.4711481651313845	enriched_tail	418.0	286.0	132.0	0.6842105263157895	0.46503496503496505	0.23251748251748253	0.22905027932960895	0.7608570755287762	179.0	132.0	100.0	0.6	20.0	0.08	1.959963984540054	0.01	2.0	10.0	0.02	0.11672989728879424
development	weak_tail_program	1410	mirror_reduction_050	reference	0.8673281326574457	0.8944444444444444	0.7619047619047619	enriched_tail			0.5	2.4711481651313845	enriched_tail	418.0	286.0	132.0	0.6842105263157895	0.46503496503496505	0.23251748251748253	0.22905027932960895	0.7608570755287762	179.0	132.0	100.0	0.6	20.0	0.08	1.959963984540054	0.01	2.0	10.0	0.02	0.11672989728879424
development	weak_tail_program	1410	mirror_reduction_025	target	0.7730105271493293	0.9111111111111111	0.6666666666666666	sign_only			0.25	0.0	sign_only	418.0	286.0	132.0	0.6842105263157895	0.46503496503496505	0.11625874125874126	0.46503496503496505		286.0	132.0	100.0	0.6	20.0	0.08	1.959963984540054	0.01	2.0	10.0	0.02	
development	weak_tail_program	1410	mirror_reduction_025	reference	0.9108812419857693	0.9055555555555556	0.7142857142857143	sign_only			0.25	0.0	sign_only	418.0	286.0	132.0	0.6842105263157895	0.46503496503496505	0.11625874125874126	0.46503496503496505		286.0	132.0	100.0	0.6	20.0	0.08	1.959963984540054	0.01	2.0	10.0	0.02	
development	weak_tail_program	1411	rc2_unweighted	target	0.5694098663810673	0.8214285714285714	0.7619047619047619	not_applicable																									
development	weak_tail_program	1411	rc2_unweighted	reference	0.7090150777128598	0.8928571428571428	0.6666666666666666	not_applicable																									
development	weak_tail_program	1411	rc3_soft	target	0.530121060151548	0.836734693877551	0.0	not_applicable	0.7296296296296294	0.5912037037037037																							
development	weak_tail_program	1411	rc3_soft	reference	0.7755382372209386	0.9285714285714286	0.0	not_applicable	0.7296296296296294	0.5912037037037037																							
development	weak_tail_program	1411	mirror_reduction_100	target	0.5171975770502015	0.8214285714285715	0.9047619047619048	sign_only			1.0	0.0	sign_only	470.0	310.0	160.0	0.6595744680851063	0.5193548387096775	0.5193548387096775	0.5193548387096775		310.0	160.0	100.0	0.6	20.0	0.08	1.959963984540054	0.01	2.0	10.0	0.02	
development	weak_tail_program	1411	mirror_reduction_100	reference	0.7798839270282402	0.9336734693877551	0.6666666666666666	sign_only			1.0	0.0	sign_only	470.0	310.0	160.0	0.6595744680851063	0.5193548387096775	0.5193548387096775	0.5193548387096775		310.0	160.0	100.0	0.6	20.0	0.08	1.959963984540054	0.01	2.0	10.0	0.02	
development	weak_tail_program	1411	mirror_reduction_075	target	0.4458080526539817	0.6989795918367346	0.9523809523809523	enriched_tail			0.75	2.064686292635198	enriched_tail	470.0	310.0	160.0	0.6595744680851063	0.5193548387096775	0.3895161290322581	0.38425925925925924	0.6715075536839347	216.0	160.0	100.0	0.6	20.0	0.08	1.959963984540054	0.01	2.0	10.0	0.02	0.05446428571428563
development	weak_tail_program	1411	mirror_reduction_075	reference	0.7894231869447033	0.8979591836734694	0.8095238095238095	enriched_tail			0.75	2.064686292635198	enriched_tail	470.0	310.0	160.0	0.6595744680851063	0.5193548387096775	0.3895161290322581	0.38425925925925924	0.6715075536839347	216.0	160.0	100.0	0.6	20.0	0.08	1.959963984540054	0.01	2.0	10.0	0.02	0.05446428571428563
development	weak_tail_program	1411	mirror_reduction_050	target	0.42063463990818056	0.6938775510204083	0.9523809523809523	enriched_tail			0.5	2.2967362035907097	enriched_tail	470.0	310.0	160.0	0.6595744680851063	0.5193548387096775	0.25967741935483873	0.25654450261780104	0.7438211564248377	191.0	160.0	100.0	0.6	20.0	0.08	1.959963984540054	0.01	2.0	10.0	0.02	0.13291040100250617
development	weak_tail_program	1411	mirror_reduction_050	reference	0.8097452503246985	0.9234693877551021	0.7142857142857143	enriched_tail			0.5	2.2967362035907097	enriched_tail	470.0	310.0	160.0	0.6595744680851063	0.5193548387096775	0.25967741935483873	0.25654450261780104	0.7438211564248377	191.0	160.0	100.0	0.6	20.0	0.08	1.959963984540054	0.01	2.0	10.0	0.02	0.13291040100250617
development	weak_tail_program	1411	mirror_reduction_025	target	0.5181458809194649	0.7602040816326531	0.9523809523809523	enriched_tail			0.25	3.0081557095575837	enriched_tail	470.0	310.0	160.0	0.6595744680851063	0.5193548387096775	0.12983870967741937	0.1286549707602339	0.8385842176755814	171.0	160.0	100.0	0.6	20.0	0.08	1.959963984540054	0.01	2.0	10.0	0.02	0.21478174603174593
development	weak_tail_program	1411	mirror_reduction_025	reference	0.7946378256753137	0.9336734693877551	0.7619047619047619	enriched_tail			0.25	3.0081557095575837	enriched_tail	470.0	310.0	160.0	0.6595744680851063	0.5193548387096775	0.12983870967741937	0.1286549707602339	0.8385842176755814	171.0	160.0	100.0	0.6	20.0	0.08	1.959963984540054	0.01	2.0	10.0	0.02	0.21478174603174593
development	weak_tail_program	1412	rc2_unweighted	target	0.5280468996832642		0.7619047619047619	not_applicable																									
development	weak_tail_program	1412	rc2_unweighted	reference	0.7984405577767819	0.9	0.47619047619047616	not_applicable																									
development	weak_tail_program	1412	rc3_soft	target	0.5666449065788941		0.09523809523809523	not_applicable	0.822222222222222	0.6027777777777777																							
development	weak_tail_program	1412	rc3_soft	reference	0.8463787390203878	0.9555555555555556	0.0	not_applicable	0.822222222222222	0.6027777777777777																							
development	weak_tail_program	1412	mirror_reduction_100	target	0.5626626482696393		0.9047619047619048	sign_only			1.0	0.0	sign_only	461.0	318.0	143.0	0.6898047722342733	0.4528301886792453	0.4528301886792453	0.4528301886792453		318.0	143.0	100.0	0.6	20.0	0.08	1.959963984540054	0.01	2.0	10.0	0.02	
development	weak_tail_program	1412	mirror_reduction_100	reference	0.848198221809523	0.9666666666666666	0.5238095238095238	sign_only			1.0	0.0	sign_only	461.0	318.0	143.0	0.6898047722342733	0.4528301886792453	0.4528301886792453	0.4528301886792453		318.0	143.0	100.0	0.6	20.0	0.08	1.959963984540054	0.01	2.0	10.0	0.02	
development	weak_tail_program	1412	mirror_reduction_075	target	0.469932809684052		0.9523809523809523	enriched_tail			0.75	1.9753203473944487	enriched_tail	461.0	318.0	143.0	0.6898047722342733	0.4528301886792453	0.339622641509434	0.3275862068965517	0.7046703418359445	232.0	143.0	100.0	0.6	20.0	0.08	1.959963984540054	0.01	2.0	10.0	0.02	0.040812898891501415
development	weak_tail_program	1412	mirror_reduction_075	reference	0.868725119314519	0.95	0.6190476190476191	enriched_tail			0.75	1.9753203473944487	enriched_tail	461.0	318.0	143.0	0.6898047722342733	0.4528301886792453	0.339622641509434	0.3275862068965517	0.7046703418359445	232.0	143.0	100.0	0.6	20.0	0.08	1.959963984540054	0.01	2.0	10.0	0.02	0.040812898891501415
development	weak_tail_program	1412	mirror_reduction_050	target	0.1805966877882714		1.0	enriched_tail			0.5	2.284893856093495	enriched_tail	461.0	318.0	143.0	0.6898047722342733	0.4528301886792453	0.22641509433962265	0.2222222222222222	0.7683093134962432	198.0	143.0	100.0	0.6	20.0	0.08	1.959963984540054	0.01	2.0	10.0	0.02	0.1297157992698117
development	weak_tail_program	1412	mirror_reduction_050	reference	0.8808838690049334	0.9722222222222222	0.6666666666666666	enriched_tail			0.5	2.284893856093495	enriched_tail	461.0	318.0	143.0	0.6898047722342733	0.4528301886792453	0.22641509433962265	0.2222222222222222	0.7683093134962432	198.0	143.0	100.0	0.6	20.0	0.08	1.959963984540054	0.01	2.0	10.0	0.02	0.1297157992698117
development	weak_tail_program	1412	mirror_reduction_025	target	0.5626626482696393		0.9047619047619048	sign_only			0.25	0.0	sign_only	461.0	318.0	143.0	0.6898047722342733	0.4528301886792453	0.11320754716981132	0.4528301886792453		318.0	143.0	100.0	0.6	20.0	0.08	1.959963984540054	0.01	2.0	10.0	0.02	
development	weak_tail_program	1412	mirror_reduction_025	reference	0.848198221809523	0.9666666666666666	0.5238095238095238	sign_only			0.25	0.0	sign_only	461.0	318.0	143.0	0.6898047722342733	0.4528301886792453	0.11320754716981132	0.4528301886792453		318.0	143.0	100.0	0.6	20.0	0.08	1.959963984540054	0.01	2.0	10.0	0.02	
development	weak_tail_program	1413	rc2_unweighted	target	0.7830653523130174	0.9333333333333333	0.5238095238095238	not_applicable																									
development	weak_tail_program	1413	rc2_unweighted	reference	0.7557243239639568	0.861111111111111	0.6666666666666666	not_applicable																									
development	weak_tail_program	1413	rc3_soft	target	0.8625663378119967	0.9666666666666667	0.0	not_applicable	0.6444444444444448	0.5805555555555556																							
development	weak_tail_program	1413	rc3_soft	reference	0.8433535351564808	0.9444444444444444	0.0	not_applicable	0.6444444444444448	0.5805555555555556																							
development	weak_tail_program	1413	mirror_reduction_100	target	0.8798818983869235	0.9833333333333334	0.7619047619047619	sign_only			1.0	0.0	sign_only	452.0	287.0	165.0	0.6349557522123894	0.578397212543554	0.578397212543554	0.578397212543554		287.0	165.0	100.0	0.6	20.0	0.08	1.959963984540054	0.01	2.0	10.0	0.02	
development	weak_tail_program	1413	mirror_reduction_100	reference	0.8202373393613018	0.9444444444444445	0.7142857142857143	sign_only			1.0	0.0	sign_only	452.0	287.0	165.0	0.6349557522123894	0.578397212543554	0.578397212543554	0.578397212543554		287.0	165.0	100.0	0.6	20.0	0.08	1.959963984540054	0.01	2.0	10.0	0.02	
development	weak_tail_program	1413	mirror_reduction_075	target	0.8964475511353257	0.9944444444444445	0.8095238095238095	enriched_tail			0.75	2.0298779971368033	enriched_tail	452.0	287.0	165.0	0.6349557522123894	0.578397212543554	0.4337979094076655	0.4298642533936652	0.6488759764791021	221.0	165.0	100.0	0.6	20.0	0.08	1.959963984540054	0.01	2.0	10.0	0.02	0.06228119706380575
development	weak_tail_program	1413	mirror_reduction_075	reference	0.8132589870208119	0.888888888888889	0.6190476190476191	enriched_tail			0.75	2.0298779971368033	enriched_tail	452.0	287.0	165.0	0.6349557522123894	0.578397212543554	0.4337979094076655	0.4298642533936652	0.6488759764791021	221.0	165.0	100.0	0.6	20.0	0.08	1.959963984540054	0.01	2.0	10.0	0.02	0.06228119706380575
development	weak_tail_program	1413	mirror_reduction_050	target	0.8920025997208401	1.0	0.7142857142857143	enriched_tail			0.5	2.5138937056566997	enriched_tail	452.0	287.0	165.0	0.6349557522123894	0.578397212543554	0.289198606271777	0.2891566265060241	0.7189775481544276	166.0	165.0	100.0	0.6	20.0	0.08	1.959963984540054	0.01	2.0	10.0	0.02	0.13695652173913042
development	weak_tail_program	1413	mirror_reduction_050	reference	0.8538279015222809	0.9111111111111111	0.8095238095238095	enriched_tail			0.5	2.5138937056566997	enriched_tail	452.0	287.0	165.0	0.6349557522123894	0.578397212543554	0.289198606271777	0.2891566265060241	0.7189775481544276	166.0	165.0	100.0	0.6	20.0	0.08	1.959963984540054	0.01	2.0	10.0	0.02	0.13695652173913042
development	weak_tail_program	1413	mirror_reduction_025	target	0.5179547424637866	0.7611111111111112	0.9523809523809523	enriched_tail			0.25	4.047496505520796	enriched_tail	452.0	287.0	165.0	0.6349557522123894	0.578397212543554	0.1445993031358885	0.1388888888888889	0.7694822477247771	36.0	165.0	100.0	0.6	20.0	0.08	1.959963984540054	0.01	2.0	10.0	0.02	0.21048593350383626
development	weak_tail_program	1413	mirror_reduction_025	reference	0.6318558074802241	0.8444444444444446	0.9047619047619048	enriched_tail			0.25	4.047496505520796	enriched_tail	452.0	287.0	165.0	0.6349557522123894	0.578397212543554	0.1445993031358885	0.1388888888888889	0.7694822477247771	36.0	165.0	100.0	0.6	20.0	0.08	1.959963984540054	0.01	2.0	10.0	0.02	0.21048593350383626
development	weak_tail_program	1414	rc2_unweighted	target	0.8430408846111558	0.8555555555555556	0.8095238095238095	not_applicable																									
development	weak_tail_program	1414	rc2_unweighted	reference	0.8347513794053875	0.8777777777777778	0.7619047619047619	not_applicable																									
development	weak_tail_program	1414	rc3_soft	target	0.8332458931248269	0.888888888888889	0.0	not_applicable	0.6407407407407408	0.5800925925925926																							
development	weak_tail_program	1414	rc3_soft	reference	0.8663426086895121	0.9222222222222223	0.0	not_applicable	0.6407407407407408	0.5800925925925926																							
development	weak_tail_program	1414	mirror_reduction_100	target	0.7934900564403562	0.9055555555555557	0.9047619047619048	sign_only			1.0	0.0	sign_only	424.0	271.0	153.0	0.6391509433962265	0.5682656826568265	0.5682656826568265	0.5682656826568265		271.0	153.0	100.0	0.6	20.0	0.08	1.959963984540054	0.01	2.0	10.0	0.02	
development	weak_tail_program	1414	mirror_reduction_100	reference	0.872758954680083	0.9333333333333333	0.7619047619047619	sign_only			1.0	0.0	sign_only	424.0	271.0	153.0	0.6391509433962265	0.5682656826568265	0.5682656826568265	0.5682656826568265		271.0	153.0	100.0	0.6	20.0	0.08	1.959963984540054	0.01	2.0	10.0	0.02	
development	weak_tail_program	1414	mirror_reduction_075	target	0.9057352000846697	0.9333333333333335	0.8095238095238095	enriched_tail			0.75	2.0308440858134116	enriched_tail	424.0	271.0	153.0	0.6391509433962265	0.5682656826568265	0.4261992619926199	0.413265306122449	0.6540255398094309	196.0	153.0	100.0	0.6	20.0	0.08	1.959963984540054	0.01	2.0	10.0	0.02	0.06953283683141498
development	weak_tail_program	1414	mirror_reduction_075	reference	0.7936582490012677	0.75	0.8571428571428571	enriched_tail			0.75	2.0308440858134116	enriched_tail	424.0	271.0	153.0	0.6391509433962265	0.5682656826568265	0.4261992619926199	0.413265306122449	0.6540255398094309	196.0	153.0	100.0	0.6	20.0	0.08	1.959963984540054	0.01	2.0	10.0	0.02	0.06953283683141498
development	weak_tail_program	1414	mirror_reduction_050	target	0.8835675481035296	0.9166666666666667	0.9523809523809523	enriched_tail			0.5	2.4051728586641272	enriched_tail	424.0	271.0	153.0	0.6391509433962265	0.5682656826568265	0.28413284132841327	0.2804878048780488	0.7240915689157169	164.0	153.0	100.0	0.6	20.0	0.08	1.959963984540054	0.01	2.0	10.0	0.02	0.13596834307274652
development	weak_tail_program	1414	mirror_reduction_050	reference	0.8266307018721871	0.7888888888888889	0.7619047619047619	enriched_tail			0.5	2.4051728586641272	enriched_tail	424.0	271.0	153.0	0.6391509433962265	0.5682656826568265	0.28413284132841327	0.2804878048780488	0.7240915689157169	164.0	153.0	100.0	0.6	20.0	0.08	1.959963984540054	0.01	2.0	10.0	0.02	0.13596834307274652
development	weak_tail_program	1414	mirror_reduction_025	target	0.7934900564403562	0.9055555555555557	0.9047619047619048	sign_only			0.25	0.0	sign_only	424.0	271.0	153.0	0.6391509433962265	0.5682656826568265	0.14206642066420663	0.5682656826568265		271.0	153.0	100.0	0.6	20.0	0.08	1.959963984540054	0.01	2.0	10.0	0.02	
development	weak_tail_program	1414	mirror_reduction_025	reference	0.872758954680083	0.9333333333333333	0.7619047619047619	sign_only			0.25	0.0	sign_only	424.0	271.0	153.0	0.6391509433962265	0.5682656826568265	0.14206642066420663	0.5682656826568265		271.0	153.0	100.0	0.6	20.0	0.08	1.959963984540054	0.01	2.0	10.0	0.02	
development	weak_tail_program	1415	rc2_unweighted	target	0.6324206295343697	0.7166666666666667	0.47619047619047616	not_applicable																									
development	weak_tail_program	1415	rc2_unweighted	reference	0.22507826514977883	0.5816326530612245	0.7619047619047619	not_applicable																									
development	weak_tail_program	1415	rc3_soft	target	0.7209409012397671	0.7666666666666667	0.0	not_applicable	0.8111111111111109	0.6013888888888889																							
development	weak_tail_program	1415	rc3_soft	reference	0.3900279648586924	0.6938775510204082	0.0	not_applicable	0.8111111111111109	0.6013888888888889																							
development	weak_tail_program	1415	mirror_reduction_100	target	0.7531025473546702	0.788888888888889	0.6190476190476191	sign_only			1.0	0.0	sign_only	451.0	299.0	152.0	0.6629711751662971	0.5117056856187291	0.5117056856187291	0.5117056856187291		299.0	152.0	100.0	0.6	20.0	0.08	1.959963984540054	0.01	2.0	10.0	0.02	
development	weak_tail_program	1415	mirror_reduction_100	reference	0.43974362689060886	0.7295918367346939	0.8095238095238095	sign_only			1.0	0.0	sign_only	451.0	299.0	152.0	0.6629711751662971	0.5117056856187291	0.5117056856187291	0.5117056856187291		299.0	152.0	100.0	0.6	20.0	0.08	1.959963984540054	0.01	2.0	10.0	0.02	
development	weak_tail_program	1415	mirror_reduction_075	target	0.864838439822092	0.8722222222222222	0.5238095238095238	enriched_tail			0.75	1.8384492561575412	enriched_tail	451.0	299.0	152.0	0.6629711751662971	0.5117056856187291	0.38377926421404684	0.3795918367346939	0.6770799743767403	245.0	152.0	100.0	0.6	20.0	0.08	1.959963984540054	0.01	2.0	10.0	0.02	0.04963467436406277
development	weak_tail_program	1415	mirror_reduction_075	reference	0.47520548513175503	0.7551020408163265	1.0	enriched_tail			0.75	1.8384492561575412	enriched_tail	451.0	299.0	152.0	0.6629711751662971	0.5117056856187291	0.38377926421404684	0.3795918367346939	0.6770799743767403	245.0	152.0	100.0	0.6	20.0	0.08	1.959963984540054	0.01	2.0	10.0	0.02	0.04963467436406277
development	weak_tail_program	1415	mirror_reduction_050	target	0.8575165230288809	0.8777777777777778	0.5714285714285714	enriched_tail			0.5	2.1893794371717794	enriched_tail	451.0	299.0	152.0	0.6629711751662971	0.5117056856187291	0.25585284280936454	0.2523809523809524	0.749026647151472	210.0	152.0	100.0	0.6	20.0	0.08	1.959963984540054	0.01	2.0	10.0	0.02	0.13272037971282724
development	weak_tail_program	1415	mirror_reduction_050	reference	0.71319349222824	0.8673469387755102	0.9523809523809523	enriched_tail			0.5	2.1893794371717794	enriched_tail	451.0	299.0	152.0	0.6629711751662971	0.5117056856187291	0.25585284280936454	0.2523809523809524	0.749026647151472	210.0	152.0	100.0	0.6	20.0	0.08	1.959963984540054	0.01	2.0	10.0	0.02	0.13272037971282724
development	weak_tail_program	1415	mirror_reduction_025	target	0.8755760230370685	0.8833333333333334	0.6190476190476191	enriched_tail			0.25	3.027622046928318	enriched_tail	451.0	299.0	152.0	0.6629711751662971	0.5117056856187291	0.12792642140468227	0.12790697674418605	0.8393908877125832	172.0	152.0	100.0	0.6	20.0	0.08	1.959963984540054	0.01	2.0	10.0	0.02	0.22703533026113665
development	weak_tail_program	1415	mirror_reduction_025	reference	0.6619872850302413	0.75	0.9047619047619048	enriched_tail			0.25	3.027622046928318	enriched_tail	451.0	299.0	152.0	0.6629711751662971	0.5117056856187291	0.12792642140468227	0.12790697674418605	0.8393908877125832	172.0	152.0	100.0	0.6	20.0	0.08	1.959963984540054	0.01	2.0	10.0	0.02	0.22703533026113665
development	weak_tail_program	1416	rc2_unweighted	target	0.6650177428703499	0.8520408163265306	0.7142857142857143	not_applicable																									
development	weak_tail_program	1416	rc2_unweighted	reference	0.8084376277969234	0.8	0.42857142857142855	not_applicable																									
development	weak_tail_program	1416	rc3_soft	target	0.7411819272962943	0.9285714285714285	0.0	not_applicable	0.8148148148148149	0.6018518518518519																							
development	weak_tail_program	1416	rc3_soft	reference	0.8340939766084255	0.8111111111111111	0.0	not_applicable	0.8148148148148149	0.6018518518518519																							
development	weak_tail_program	1416	mirror_reduction_100	target	0.7189370357804251	0.9234693877551019	0.8571428571428571	sign_only			1.0	0.0	sign_only	429.0	276.0	153.0	0.6433566433566433	0.5579710144927537	0.5579710144927537	0.5579710144927537		276.0	153.0	100.0	0.6	20.0	0.08	1.959963984540054	0.01	2.0	10.0	0.02	
development	weak_tail_program	1416	mirror_reduction_100	reference	0.8421911109549555	0.8111111111111111	0.42857142857142855	sign_only			1.0	0.0	sign_only	429.0	276.0	153.0	0.6433566433566433	0.5579710144927537	0.5579710144927537	0.5579710144927537		276.0	153.0	100.0	0.6	20.0	0.08	1.959963984540054	0.01	2.0	10.0	0.02	
development	weak_tail_program	1416	mirror_reduction_075	target	0.5191667066147402	0.7857142857142857	0.8095238095238095	enriched_tail			0.75	2.014556712597639	enriched_tail	429.0	276.0	153.0	0.6433566433566433	0.5579710144927537	0.41847826086956524	0.41262135922330095	0.6556579944072612	206.0	153.0	100.0	0.6	20.0	0.08	1.959963984540054	0.01	2.0	10.0	0.02	0.0630541871921183
development	weak_tail_program	1416	mirror_reduction_075	reference	0.8446243754382704	0.8222222222222223	0.6666666666666666	enriched_tail			0.75	2.014556712597639	enriched_tail	429.0	276.0	153.0	0.6433566433566433	0.5579710144927537	0.41847826086956524	0.41262135922330095	0.6556579944072612	206.0	153.0	100.0	0.6	20.0	0.08	1.959963984540054	0.01	2.0	10.0	0.02	0.0630541871921183
development	weak_tail_program	1416	mirror_reduction_050	target	0.5563662305094244	0.7908163265306123	0.7619047619047619	enriched_tail			0.5	2.581624320194859	enriched_tail	429.0	276.0	153.0	0.6433566433566433	0.5579710144927537	0.27898550724637683	0.2787878787878788	0.7253467198794229	165.0	153.0	100.0	0.6	20.0	0.08	1.959963984540054	0.01	2.0	10.0	0.02	0.1351231527093597
development	weak_tail_program	1416	mirror_reduction_050	reference	0.8625098204696742	0.8444444444444444	0.6666666666666666	enriched_tail			0.5	2.581624320194859	enriched_tail	429.0	276.0	153.0	0.6433566433566433	0.5579710144927537	0.27898550724637683	0.2787878787878788	0.7253467198794229	165.0	153.0	100.0	0.6	20.0	0.08	1.959963984540054	0.01	2.0	10.0	0.02	0.1351231527093597
development	weak_tail_program	1416	mirror_reduction_025	target	0.6940484073896139	0.7602040816326531	0.9047619047619048	enriched_tail			0.25	4.163586659648059	enriched_tail	429.0	276.0	153.0	0.6433566433566433	0.5579710144927537	0.13949275362318841	0.13333333333333333	0.7642739435353026	30.0	153.0	100.0	0.6	20.0	0.08	1.959963984540054	0.01	2.0	10.0	0.02	0.2140120415982485
development	weak_tail_program	1416	mirror_reduction_025	reference	0.7519383934766555	0.8166666666666667	0.9047619047619048	enriched_tail			0.25	4.163586659648059	enriched_tail	429.0	276.0	153.0	0.6433566433566433	0.5579710144927537	0.13949275362318841	0.13333333333333333	0.7642739435353026	30.0	153.0	100.0	0.6	20.0	0.08	1.959963984540054	0.01	2.0	10.0	0.02	0.2140120415982485
development	missing_tail_program	1401	rc2_unweighted	target	0.7421949246454138	0.7857142857142857	0.5714285714285714	not_applicable																									
development	missing_tail_program	1401	rc2_unweighted	reference	0.8081342055495245	0.9777777777777777	0.5714285714285714	not_applicable																									
development	missing_tail_program	1401	rc3_soft	target	0.8091923976264822	0.826530612244898	0.0	not_applicable	0.767295597484277	0.5959119496855346																							
development	missing_tail_program	1401	rc3_soft	reference	0.8103291636825798	0.9888888888888889	0.0	not_applicable	0.767295597484277	0.5959119496855346																							
development	missing_tail_program	1401	mirror_reduction_100	target	0.8477529976676458	0.8571428571428571	0.5714285714285714	sign_only			1.0	0.0	sign_only	257.0	175.0	82.0	0.6809338521400778	0.4742857142857143	0.4742857142857143	0.4742857142857143		175.0	82.0	100.0	0.6	20.0	0.08	1.959963984540054	0.01	2.0	10.0	0.02	
development	missing_tail_program	1401	mirror_reduction_100	reference	0.787787578362567	0.9833333333333334	0.5714285714285714	sign_only			1.0	0.0	sign_only	257.0	175.0	82.0	0.6809338521400778	0.4742857142857143	0.4742857142857143	0.4742857142857143		175.0	82.0	100.0	0.6	20.0	0.08	1.959963984540054	0.01	2.0	10.0	0.02	
development	missing_tail_program	1401	mirror_reduction_075	target	0.8325143450927031	0.836734693877551	0.5714285714285714	enriched_tail			0.75	1.3069356374090941	enriched_tail	257.0	175.0	82.0	0.6809338521400778	0.4742857142857143	0.35571428571428576	0.3130434782608696	0.6928421847843321	115.0	82.0	100.0	0.6	20.0	0.08	1.959963984540054	0.01	2.0	10.0	0.02	0.05341880341880334
development	missing_tail_program	1401	mirror_reduction_075	reference	0.820666869401842	0.9833333333333334	0.6190476190476191	enriched_tail			0.75	1.3069356374090941	enriched_tail	257.0	175.0	82.0	0.6809338521400778	0.4742857142857143	0.35571428571428576	0.3130434782608696	0.6928421847843321	115.0	82.0	100.0	0.6	20.0	0.08	1.959963984540054	0.01	2.0	10.0	0.02	0.05341880341880334
development	missing_tail_program	1401	mirror_reduction_050	target	0.8359696865028746	0.8520408163265306	0.7619047619047619	enriched_tail			0.5	1.4767684804556205	enriched_tail	257.0	175.0	82.0	0.6809338521400778	0.4742857142857143	0.23714285714285716	0.22857142857142856	0.7447837371324442	105.0	82.0	100.0	0.6	20.0	0.08	1.959963984540054	0.01	2.0	10.0	0.02	0.12168622338113855
development	missing_tail_program	1401	mirror_reduction_050	reference	0.8359013128162031	0.9833333333333334	0.7142857142857143	enriched_tail			0.5	1.4767684804556205	enriched_tail	257.0	175.0	82.0	0.6809338521400778	0.4742857142857143	0.23714285714285716	0.22857142857142856	0.7447837371324442	105.0	82.0	100.0	0.6	20.0	0.08	1.959963984540054	0.01	2.0	10.0	0.02	0.12168622338113855
development	missing_tail_program	1401	mirror_reduction_025	target	0.8477529976676458	0.8571428571428571	0.5714285714285714	sign_only			0.25	0.0	sign_only	257.0	175.0	82.0	0.6809338521400778	0.4742857142857143	0.11857142857142858	0.4742857142857143		175.0	82.0	100.0	0.6	20.0	0.08	1.959963984540054	0.01	2.0	10.0	0.02	
development	missing_tail_program	1401	mirror_reduction_025	reference	0.787787578362567	0.9833333333333334	0.5714285714285714	sign_only			0.25	0.0	sign_only	257.0	175.0	82.0	0.6809338521400778	0.4742857142857143	0.11857142857142858	0.4742857142857143		175.0	82.0	100.0	0.6	20.0	0.08	1.959963984540054	0.01	2.0	10.0	0.02	
development	missing_tail_program	1402	rc2_unweighted	target	0.5629793822308453	0.9	0.5238095238095238	not_applicable																									
development	missing_tail_program	1402	rc2_unweighted	reference	0.8895551625384446	0.9444444444444445	0.42857142857142855	not_applicable																									
development	missing_tail_program	1402	rc3_soft	target	0.6568739303622959	0.9222222222222223	0.0	not_applicable	0.7696969696969695	0.5962121212121212																							
development	missing_tail_program	1402	rc3_soft	reference	0.9006119268703977	0.9333333333333333	0.0	not_applicable	0.7696969696969695	0.5962121212121212																							
development	missing_tail_program	1402	mirror_reduction_100	target	0.5795265492966857	0.8944444444444444	0.8095238095238095	sign_only			1.0	0.0	sign_only	297.0	179.0	118.0	0.6026936026936027	0.664804469273743	0.664804469273743	0.664804469273743		179.0	118.0	100.0	0.6	20.0	0.08	1.959963984540054	0.01	2.0	10.0	0.02	
development	missing_tail_program	1402	mirror_reduction_100	reference	0.9249799454976269	0.9500000000000001	0.3333333333333333	sign_only			1.0	0.0	sign_only	297.0	179.0	118.0	0.6026936026936027	0.664804469273743	0.664804469273743	0.664804469273743		179.0	118.0	100.0	0.6	20.0	0.08	1.959963984540054	0.01	2.0	10.0	0.02	
development	missing_tail_program	1402	mirror_reduction_075	target	0.5423379711772954	0.8944444444444445	0.5714285714285714	enriched_tail			0.75	1.251279404801276	enriched_tail	297.0	179.0	118.0	0.6026936026936027	0.664804469273743	0.49860335195530725	0.4748201438848921	0.6145861464223407	139.0	118.0	100.0	0.6	20.0	0.08	1.959963984540054	0.01	2.0	10.0	0.02	0.07744282744282738
development	missing_tail_program	1402	mirror_reduction_075	reference	0.9285095876798711	0.9555555555555556	0.6190476190476191	enriched_tail			0.75	1.251279404801276	enriched_tail	297.0	179.0	118.0	0.6026936026936027	0.664804469273743	0.49860335195530725	0.4748201438848921	0.6145861464223407	139.0	118.0	100.0	0.6	20.0	0.08	1.959963984540054	0.01	2.0	10.0	0.02	0.07744282744282738
development	missing_tail_program	1402	mirror_reduction_050	target	0.5059133508621687	0.8777777777777778	0.7619047619047619	enriched_tail			0.5	1.4596845401555028	enriched_tail	297.0	179.0	118.0	0.6026936026936027	0.664804469273743	0.3324022346368715	0.32727272727272727	0.6828764882654638	110.0	118.0	100.0	0.6	20.0	0.08	1.959963984540054	0.01	2.0	10.0	0.02	0.13796740172579092
development	missing_tail_program	1402	mirror_reduction_050	reference	0.9371718638956628	0.9722222222222222	0.7142857142857143	enriched_tail			0.5	1.4596845401555028	enriched_tail	297.0	179.0	118.0	0.6026936026936027	0.664804469273743	0.3324022346368715	0.32727272727272727	0.6828764882654638	110.0	118.0	100.0	0.6	20.0	0.08	1.959963984540054	0.01	2.0	10.0	0.02	0.13796740172579092
development	missing_tail_program	1402	mirror_reduction_025	target	0.40829690115562395	0.8722222222222223	0.8571428571428571	enriched_tail			0.25	5.467624207603816	enriched_tail	297.0	179.0	118.0	0.6026936026936027	0.664804469273743	0.16620111731843576	0.16216216216216217	0.7499960973799032	37.0	118.0	100.0	0.6	20.0	0.08	1.959963984540054	0.01	2.0	10.0	0.02	0.20331695331695332
development	missing_tail_program	1402	mirror_reduction_025	reference	0.8920672810161135	0.9611111111111111	0.7142857142857143	enriched_tail			0.25	5.467624207603816	enriched_tail	297.0	179.0	118.0	0.6026936026936027	0.664804469273743	0.16620111731843576	0.16216216216216217	0.7499960973799032	37.0	118.0	100.0	0.6	20.0	0.08	1.959963984540054	0.01	2.0	10.0	0.02	0.20331695331695332
development	missing_tail_program	1403	rc2_unweighted	target	0.6853791741196223	0.8775510204081632	0.3333333333333333	not_applicable																									
development	missing_tail_program	1403	rc2_unweighted	reference	0.8219287293036658	0.9711538461538461	0.6666666666666666	not_applicable																									
development	missing_tail_program	1403	rc3_soft	target	0.6762250858199003	0.9081632653061225	0.0	not_applicable	0.7142857142857144	0.5892857142857143																							
development	missing_tail_program	1403	rc3_soft	reference	0.783522288618793	0.951923076923077	0.0	not_applicable	0.7142857142857144	0.5892857142857143																							
development	missing_tail_program	1403	mirror_reduction_100	target	0.694172917942499	0.8979591836734694	0.5238095238095238	sign_only			1.0	0.0	sign_only	299.0	183.0	116.0	0.6120401337792643	0.639344262295082	0.639344262295082	0.639344262295082		183.0	116.0	100.0	0.6	20.0	0.08	1.959963984540054	0.01	2.0	10.0	0.02	
development	missing_tail_program	1403	mirror_reduction_100	reference	0.788519713592245	0.9663461538461539	0.8571428571428571	sign_only			1.0	0.0	sign_only	299.0	183.0	116.0	0.6120401337792643	0.639344262295082	0.639344262295082	0.639344262295082		183.0	116.0	100.0	0.6	20.0	0.08	1.959963984540054	0.01	2.0	10.0	0.02	
development	missing_tail_program	1403	mirror_reduction_075	target	0.7677465260540622	0.9285714285714285	0.47619047619047616	enriched_tail			0.75	1.298995679655982	enriched_tail	299.0	183.0	116.0	0.6120401337792643	0.639344262295082	0.4795081967213115	0.44881889763779526	0.6238024951830693	127.0	116.0	100.0	0.6	20.0	0.08	1.959963984540054	0.01	2.0	10.0	0.02	0.06658163265306127
development	missing_tail_program	1403	mirror_reduction_075	reference	0.777534643575145	0.9375	0.8571428571428571	enriched_tail			0.75	1.298995679655982	enriched_tail	299.0	183.0	116.0	0.6120401337792643	0.639344262295082	0.4795081967213115	0.44881889763779526	0.6238024951830693	127.0	116.0	100.0	0.6	20.0	0.08	1.959963984540054	0.01	2.0	10.0	0.02	0.06658163265306127
development	missing_tail_program	1403	mirror_reduction_050	target	0.8088860281371266	0.9387755102040816	0.6190476190476191	enriched_tail			0.5	1.461354371157818	enriched_tail	299.0	183.0	116.0	0.6120401337792643	0.639344262295082	0.319672131147541	0.3153153153153153	0.6902561376420336	111.0	116.0	100.0	0.6	20.0	0.08	1.959963984540054	0.01	2.0	10.0	0.02	0.1287337662337663
development	missing_tail_program	1403	mirror_reduction_050	reference	0.6899686981400706	0.9134615384615384	0.9047619047619048	enriched_tail			0.5	1.461354371157818	enriched_tail	299.0	183.0	116.0	0.6120401337792643	0.639344262295082	0.319672131147541	0.3153153153153153	0.6902561376420336	111.0	116.0	100.0	0.6	20.0	0.08	1.959963984540054	0.01	2.0	10.0	0.02	0.1287337662337663
development	missing_tail_program	1403	mirror_reduction_025	target	0.8356209150326799	0.9387755102040817	0.7142857142857143	enriched_tail			0.25	1.8947984828953843	enriched_tail	299.0	183.0	116.0	0.6120401337792643	0.639344262295082	0.1598360655737705	0.15463917525773196	0.7993740636378681	97.0	116.0	100.0	0.6	20.0	0.08	1.959963984540054	0.01	2.0	10.0	0.02	0.23969298245614035
development	missing_tail_program	1403	mirror_reduction_025	reference	0.7302262892310879	0.9278846153846154	0.8095238095238095	enriched_tail			0.25	1.8947984828953843	enriched_tail	299.0	183.0	116.0	0.6120401337792643	0.639344262295082	0.1598360655737705	0.15463917525773196	0.7993740636378681	97.0	116.0	100.0	0.6	20.0	0.08	1.959963984540054	0.01	2.0	10.0	0.02	0.23969298245614035
development	missing_tail_program	1404	rc2_unweighted	target	0.7706244681051723	0.8571428571428572	0.6190476190476191	not_applicable																									
development	missing_tail_program	1404	rc2_unweighted	reference	0.7366187989556136	0.9489795918367346	0.5238095238095238	not_applicable																									
development	missing_tail_program	1404	rc3_soft	target	0.7831428723002651	0.8775510204081632	0.0	not_applicable	0.6488095238095237	0.5811011904761905																							
development	missing_tail_program	1404	rc3_soft	reference	0.7662786400008788	0.9183673469387754	0.0	not_applicable	0.6488095238095237	0.5811011904761905																							
development	missing_tail_program	1404	mirror_reduction_100	target	0.7940804940121636	0.8520408163265306	0.6190476190476191	sign_only			1.0	0.0	sign_only	296.0	189.0	107.0	0.6385135135135135	0.5714285714285714	0.5714285714285714	0.5714285714285714		189.0	107.0	100.0	0.6	20.0	0.08	1.959963984540054	0.01	2.0	10.0	0.02	
development	missing_tail_program	1404	mirror_reduction_100	reference	0.8292986776322212	0.9387755102040817	0.6666666666666666	sign_only			1.0	0.0	sign_only	296.0	189.0	107.0	0.6385135135135135	0.5714285714285714	0.5714285714285714	0.5714285714285714		189.0	107.0	100.0	0.6	20.0	0.08	1.959963984540054	0.01	2.0	10.0	0.02	
development	missing_tail_program	1404	mirror_reduction_075	target	0.8307627528229745	0.8877551020408163	0.5714285714285714	enriched_tail			0.75	1.2424985364943264	enriched_tail	296.0	189.0	107.0	0.6385135135135135	0.5714285714285714	0.42857142857142855	0.40789473684210525	0.649541279266655	152.0	107.0	100.0	0.6	20.0	0.08	1.959963984540054	0.01	2.0	10.0	0.02	0.037962962962962976
development	missing_tail_program	1404	mirror_reduction_075	reference	0.7691316308917802	0.9336734693877551	0.6190476190476191	enriched_tail			0.75	1.2424985364943264	enriched_tail	296.0	189.0	107.0	0.6385135135135135	0.5714285714285714	0.42857142857142855	0.40789473684210525	0.649541279266655	152.0	107.0	100.0	0.6	20.0	0.08	1.959963984540054	0.01	2.0	10.0	0.02	0.037962962962962976
development	missing_tail_program	1404	mirror_reduction_050	target	0.7914333213787169	0.8163265306122449	0.8571428571428571	enriched_tail			0.5	1.6043330174811092	enriched_tail	296.0	189.0	107.0	0.6385135135135135	0.5714285714285714	0.2857142857142857	0.2830188679245283	0.7085269921382111	106.0	107.0	100.0	0.6	20.0	0.08	1.959963984540054	0.01	2.0	10.0	0.02	0.14205289342759886
development	missing_tail_program	1404	mirror_reduction_050	reference	0.7726842208398589	0.9285714285714286	0.7619047619047619	enriched_tail			0.5	1.6043330174811092	enriched_tail	296.0	189.0	107.0	0.6385135135135135	0.5714285714285714	0.2857142857142857	0.2830188679245283	0.7085269921382111	106.0	107.0	100.0	0.6	20.0	0.08	1.959963984540054	0.01	2.0	10.0	0.02	0.14205289342759886
development	missing_tail_program	1404	mirror_reduction_025	target	0.7940804940121636	0.8520408163265306	0.6190476190476191	sign_only			0.25	0.0	sign_only	296.0	189.0	107.0	0.6385135135135135	0.5714285714285714	0.14285714285714285	0.5714285714285714		189.0	107.0	100.0	0.6	20.0	0.08	1.959963984540054	0.01	2.0	10.0	0.02	
development	missing_tail_program	1404	mirror_reduction_025	reference	0.8292986776322212	0.9387755102040817	0.6666666666666666	sign_only			0.25	0.0	sign_only	296.0	189.0	107.0	0.6385135135135135	0.5714285714285714	0.14285714285714285	0.5714285714285714		189.0	107.0	100.0	0.6	20.0	0.08	1.959963984540054	0.01	2.0	10.0	0.02	
development	missing_tail_program	1405	rc2_unweighted	target	0.5315522627395157	0.7259615384615385	0.6666666666666666	not_applicable																									
development	missing_tail_program	1405	rc2_unweighted	reference	0.7704864922537322	0.8222222222222222	0.5238095238095238	not_applicable																									
development	missing_tail_program	1405	rc3_soft	target	0.5390104718946611	0.7307692307692308	0.0	not_applicable	0.5521292217327458	0.5690161527165932																							
development	missing_tail_program	1405	rc3_soft	reference	0.8362132946629276	0.888888888888889	0.0	not_applicable	0.5521292217327458	0.5690161527165932																							
development	missing_tail_program	1405	mirror_reduction_100	target	0.4823098380756819	0.701923076923077	0.6666666666666666	sign_only			1.0	0.0	sign_only	292.0	194.0	98.0	0.6643835616438356	0.5103092783505154	0.5103092783505154	0.5103092783505154		194.0	98.0	100.0	0.6	20.0	0.08	1.959963984540054	0.01	2.0	10.0	0.02	
development	missing_tail_program	1405	mirror_reduction_100	reference	0.8071782006820971	0.8722222222222223	0.5714285714285714	sign_only			1.0	0.0	sign_only	292.0	194.0	98.0	0.6643835616438356	0.5103092783505154	0.5103092783505154	0.5103092783505154		194.0	98.0	100.0	0.6	20.0	0.08	1.959963984540054	0.01	2.0	10.0	0.02	
development	missing_tail_program	1405	mirror_reduction_075	target	0.46196391124565533	0.6778846153846153	0.7619047619047619	enriched_tail			0.75	1.257447701727891	enriched_tail	292.0	194.0	98.0	0.6643835616438356	0.5103092783505154	0.38273195876288657	0.3581081081081081	0.6750925439746589	148.0	98.0	100.0	0.6	20.0	0.08	1.959963984540054	0.01	2.0	10.0	0.02	0.057615894039735105
development	missing_tail_program	1405	mirror_reduction_075	reference	0.8317032518373608	0.9055555555555556	0.47619047619047616	enriched_tail			0.75	1.257447701727891	enriched_tail	292.0	194.0	98.0	0.6643835616438356	0.5103092783505154	0.38273195876288657	0.3581081081081081	0.6750925439746589	148.0	98.0	100.0	0.6	20.0	0.08	1.959963984540054	0.01	2.0	10.0	0.02	0.057615894039735105
development	missing_tail_program	1405	mirror_reduction_050	target	0.4519299549120025	0.6682692307692307	1.0	enriched_tail			0.5	1.383539623537854	enriched_tail	292.0	194.0	98.0	0.6643835616438356	0.5103092783505154	0.2551546391752577	0.2462686567164179	0.7405484003517548	134.0	98.0	100.0	0.6	20.0	0.08	1.959963984540054	0.01	2.0	10.0	0.02	0.13348530901722389
development	missing_tail_program	1405	mirror_reduction_050	reference	0.8203788373612019	0.8944444444444445	0.6190476190476191	enriched_tail			0.5	1.383539623537854	enriched_tail	292.0	194.0	98.0	0.6643835616438356	0.5103092783505154	0.2551546391752577	0.2462686567164179	0.7405484003517548	134.0	98.0	100.0	0.6	20.0	0.08	1.959963984540054	0.01	2.0	10.0	0.02	0.13348530901722389
development	missing_tail_program	1405	mirror_reduction_025	target	0.40059807336887204	0.6586538461538463	0.9523809523809523	enriched_tail			0.25	5.177118557417151	enriched_tail	292.0	194.0	98.0	0.6643835616438356	0.5103092783505154	0.12757731958762886	0.125	0.818863100692257	80.0	98.0	100.0	0.6	20.0	0.08	1.959963984540054	0.01	2.0	10.0	0.02	0.214017521902378
development	missing_tail_program	1405	mirror_reduction_025	reference	0.8521542285367171	0.9277777777777777	0.42857142857142855	enriched_tail			0.25	5.177118557417151	enriched_tail	292.0	194.0	98.0	0.6643835616438356	0.5103092783505154	0.12757731958762886	0.125	0.818863100692257	80.0	98.0	100.0	0.6	20.0	0.08	1.959963984540054	0.01	2.0	10.0	0.02	0.214017521902378
development	missing_tail_program	1406	rc2_unweighted	target	0.8230786544061445	0.9555555555555556	0.5714285714285714	not_applicable																									
development	missing_tail_program	1406	rc2_unweighted	reference	0.7573850281240232	0.9500000000000001	0.5238095238095238	not_applicable																									
development	missing_tail_program	1406	rc3_soft	target	0.8352970655889009	0.9777777777777779	0.0	not_applicable	0.43490701001430576	0.5543633762517882																							
development	missing_tail_program	1406	rc3_soft	reference	0.7926954650449687	0.9666666666666667	0.0	not_applicable	0.43490701001430576	0.5543633762517882																							
development	missing_tail_program	1406	mirror_reduction_100	target	0.8230170147453043	0.9833333333333333	0.6666666666666666	sign_only			1.0	0.0	sign_only	278.0	179.0	99.0	0.6438848920863309	0.5586592178770949	0.5586592178770949	0.5586592178770949		179.0	99.0	100.0	0.6	20.0	0.08	1.959963984540054	0.01	2.0	10.0	0.02	
development	missing_tail_program	1406	mirror_reduction_100	reference	0.8298886824145797	0.9722222222222222	0.47619047619047616	sign_only			1.0	0.0	sign_only	278.0	179.0	99.0	0.6438848920863309	0.5586592178770949	0.5586592178770949	0.5586592178770949		179.0	99.0	100.0	0.6	20.0	0.08	1.959963984540054	0.01	2.0	10.0	0.02	
development	missing_tail_program	1406	mirror_reduction_075	target	0.8320175780680724	0.9888888888888889	0.7619047619047619	enriched_tail			0.75	1.2185230257129915	enriched_tail	278.0	179.0	99.0	0.6438848920863309	0.5586592178770949	0.4189944134078212	0.38571428571428573	0.658485359323848	140.0	99.0	100.0	0.6	20.0	0.08	1.959963984540054	0.01	2.0	10.0	0.02	0.040843214756258295
development	missing_tail_program	1406	mirror_reduction_075	reference	0.7990248110555173	0.9611111111111111	0.5238095238095238	enriched_tail			0.75	1.2185230257129915	enriched_tail	278.0	179.0	99.0	0.6438848920863309	0.5586592178770949	0.4189944134078212	0.38571428571428573	0.658485359323848	140.0	99.0	100.0	0.6	20.0	0.08	1.959963984540054	0.01	2.0	10.0	0.02	0.040843214756258295
development	missing_tail_program	1406	mirror_reduction_050	target	0.8317425763821377	0.9888888888888889	0.6666666666666666	enriched_tail			0.5	1.3367273130576076	enriched_tail	278.0	179.0	99.0	0.6438848920863309	0.5586592178770949	0.27932960893854747	0.2713178294573643	0.7226860021765041	129.0	99.0	100.0	0.6	20.0	0.08	1.959963984540054	0.01	2.0	10.0	0.02	0.13237639553429026
development	missing_tail_program	1406	mirror_reduction_050	reference	0.7239585372296706	0.9388888888888889	0.42857142857142855	enriched_tail			0.5	1.3367273130576076	enriched_tail	278.0	179.0	99.0	0.6438848920863309	0.5586592178770949	0.27932960893854747	0.2713178294573643	0.7226860021765041	129.0	99.0	100.0	0.6	20.0	0.08	1.959963984540054	0.01	2.0	10.0	0.02	0.13237639553429026
development	missing_tail_program	1406	mirror_reduction_025	target	0.8477056486197796	0.9944444444444445	0.6666666666666666	enriched_tail			0.25	1.755818826379668	enriched_tail	278.0	179.0	99.0	0.6438848920863309	0.5586592178770949	0.13966480446927373	0.13541666666666666	0.8157758339314041	96.0	99.0	100.0	0.6	20.0	0.08	1.959963984540054	0.01	2.0	10.0	0.02	0.22501684257803722
development	missing_tail_program	1406	mirror_reduction_025	reference	0.7492600015887328	0.95	0.5238095238095238	enriched_tail			0.25	1.755818826379668	enriched_tail	278.0	179.0	99.0	0.6438848920863309	0.5586592178770949	0.13966480446927373	0.13541666666666666	0.8157758339314041	96.0	99.0	100.0	0.6	20.0	0.08	1.959963984540054	0.01	2.0	10.0	0.02	0.22501684257803722
development	missing_tail_program	1407	rc2_unweighted	target	0.7427169759497716	0.9489795918367346	0.6190476190476191	not_applicable																									
development	missing_tail_program	1407	rc2_unweighted	reference	0.8835618318203963	0.9555555555555556	0.5238095238095238	not_applicable																									
development	missing_tail_program	1407	rc3_soft	target	0.7173601350476366	0.9489795918367346	0.0	not_applicable	0.5454545454545459	0.5681818181818182																							
development	missing_tail_program	1407	rc3_soft	reference	0.8900472386898021	0.9777777777777777	0.0	not_applicable	0.5454545454545459	0.5681818181818182																							
development	missing_tail_program	1407	mirror_reduction_100	target	0.6775027723645711	0.9081632653061223	0.5238095238095238	sign_only			1.0	0.0	sign_only	264.0	160.0	104.0	0.6060606060606061	0.65625	0.65625	0.65625		160.0	104.0	100.0	0.6	20.0	0.08	1.959963984540054	0.01	2.0	10.0	0.02	
development	missing_tail_program	1407	mirror_reduction_100	reference	0.8887443082692128	0.9722222222222222	0.6190476190476191	sign_only			1.0	0.0	sign_only	264.0	160.0	104.0	0.6060606060606061	0.65625	0.65625	0.65625		160.0	104.0	100.0	0.6	20.0	0.08	1.959963984540054	0.01	2.0	10.0	0.02	
development	missing_tail_program	1407	mirror_reduction_075	target	0.7086658145597157	0.8979591836734693	0.6190476190476191	enriched_tail			0.75	1.3342261617233606	enriched_tail	264.0	160.0	104.0	0.6060606060606061	0.65625	0.4921875	0.45614035087719296	0.6167256448912234	114.0	104.0	100.0	0.6	20.0	0.08	1.959963984540054	0.01	2.0	10.0	0.02	0.0792983590655566
development	missing_tail_program	1407	mirror_reduction_075	reference	0.9062421605682777	0.9722222222222222	0.7619047619047619	enriched_tail			0.75	1.3342261617233606	enriched_tail	264.0	160.0	104.0	0.6060606060606061	0.65625	0.4921875	0.45614035087719296	0.6167256448912234	114.0	104.0	100.0	0.6	20.0	0.08	1.959963984540054	0.01	2.0	10.0	0.02	0.0792983590655566
development	missing_tail_program	1407	mirror_reduction_050	target	0.7504742779949077	0.8979591836734693	0.7142857142857143	enriched_tail			0.5	1.4024170671109693	enriched_tail	264.0	160.0	104.0	0.6060606060606061	0.65625	0.328125	0.3142857142857143	0.6889031936585825	105.0	104.0	100.0	0.6	20.0	0.08	1.959963984540054	0.01	2.0	10.0	0.02	0.14551558752997606
development	missing_tail_program	1407	mirror_reduction_050	reference	0.9139468366694629	0.9722222222222222	0.7142857142857143	enriched_tail			0.5	1.4024170671109693	enriched_tail	264.0	160.0	104.0	0.6060606060606061	0.65625	0.328125	0.3142857142857143	0.6889031936585825	105.0	104.0	100.0	0.6	20.0	0.08	1.959963984540054	0.01	2.0	10.0	0.02	0.14551558752997606
development	missing_tail_program	1407	mirror_reduction_025	target	0.7818886520180237	0.9030612244897959	0.7142857142857143	enriched_tail			0.25	5.007279593104825	enriched_tail	264.0	160.0	104.0	0.6060606060606061	0.65625	0.1640625	0.14444444444444443	0.8055457610425986	90.0	104.0	100.0	0.6	20.0	0.08	1.959963984540054	0.01	2.0	10.0	0.02	0.2354590903548348
development	missing_tail_program	1407	mirror_reduction_025	reference	0.8995488199084689	0.9666666666666667	0.7142857142857143	enriched_tail			0.25	5.007279593104825	enriched_tail	264.0	160.0	104.0	0.6060606060606061	0.65625	0.1640625	0.14444444444444443	0.8055457610425986	90.0	104.0	100.0	0.6	20.0	0.08	1.959963984540054	0.01	2.0	10.0	0.02	0.2354590903548348
development	missing_tail_program	1408	rc2_unweighted	target	0.698695088775594	0.9333333333333332	0.6666666666666666	not_applicable																									
development	missing_tail_program	1408	rc2_unweighted	reference	0.871646736471457	0.9555555555555556	0.6190476190476191	not_applicable																									
development	missing_tail_program	1408	rc3_soft	target	0.7277984896826384	0.9222222222222223	0.0	not_applicable	0.525993883792049	0.5657492354740061																							
development	missing_tail_program	1408	rc3_soft	reference	0.8984793950259706	0.9888888888888889	0.0	not_applicable	0.525993883792049	0.5657492354740061																							
development	missing_tail_program	1408	mirror_reduction_100	target	0.8021999816063886	0.9388888888888889	0.7142857142857143	sign_only			1.0	0.0	sign_only	267.0	173.0	94.0	0.6479400749063671	0.5491329479768786	0.5491329479768786	0.5491329479768786		173.0	94.0	100.0	0.6	20.0	0.08	1.959963984540054	0.01	2.0	10.0	0.02	
development	missing_tail_program	1408	mirror_reduction_100	reference	0.8621051157258017	1.0	0.47619047619047616	sign_only			1.0	0.0	sign_only	267.0	173.0	94.0	0.6479400749063671	0.5491329479768786	0.5491329479768786	0.5491329479768786		173.0	94.0	100.0	0.6	20.0	0.08	1.959963984540054	0.01	2.0	10.0	0.02	
development	missing_tail_program	1408	mirror_reduction_075	target	0.7467646229940308	0.9111111111111111	0.8571428571428571	enriched_tail			0.75	1.3121590010356878	enriched_tail	267.0	173.0	94.0	0.6479400749063671	0.5491329479768786	0.411849710982659	0.3620689655172414	0.6650251105767632	116.0	94.0	100.0	0.6	20.0	0.08	1.959963984540054	0.01	2.0	10.0	0.02	0.09074975657254136
development	missing_tail_program	1408	mirror_reduction_075	reference	0.8261156634090235	0.9611111111111111	0.6666666666666666	enriched_tail			0.75	1.3121590010356878	enriched_tail	267.0	173.0	94.0	0.6479400749063671	0.5491329479768786	0.411849710982659	0.3620689655172414	0.6650251105767632	116.0	94.0	100.0	0.6	20.0	0.08	1.959963984540054	0.01	2.0	10.0	0.02	0.09074975657254136
development	missing_tail_program	1408	mirror_reduction_050	target	0.7317398691510959	0.9277777777777779	0.8571428571428571	enriched_tail			0.5	1.4777349305380825	enriched_tail	267.0	173.0	94.0	0.6479400749063671	0.5491329479768786	0.2745664739884393	0.27450980392156865	0.7126036348698492	102.0	94.0	100.0	0.6	20.0	0.08	1.959963984540054	0.01	2.0	10.0	0.02	0.10769230769230775
development	missing_tail_program	1408	mirror_reduction_050	reference	0.7941370754668503	0.9722222222222222	0.6190476190476191	enriched_tail			0.5	1.4777349305380825	enriched_tail	267.0	173.0	94.0	0.6479400749063671	0.5491329479768786	0.2745664739884393	0.27450980392156865	0.7126036348698492	102.0	94.0	100.0	0.6	20.0	0.08	1.959963984540054	0.01	2.0	10.0	0.02	0.10769230769230775
development	missing_tail_program	1408	mirror_reduction_025	target	0.6195779502078692	0.8999999999999999	0.8095238095238095	enriched_tail			0.25	5.254617073022259	enriched_tail	267.0	173.0	94.0	0.6479400749063671	0.5491329479768786	0.13728323699421965	0.13636363636363635	0.7824363845080409	44.0	94.0	100.0	0.6	20.0	0.08	1.959963984540054	0.01	2.0	10.0	0.02	0.2246553122465531
development	missing_tail_program	1408	mirror_reduction_025	reference	0.7156482189504969	0.9277777777777778	0.7619047619047619	enriched_tail			0.25	5.254617073022259	enriched_tail	267.0	173.0	94.0	0.6479400749063671	0.5491329479768786	0.13728323699421965	0.13636363636363635	0.7824363845080409	44.0	94.0	100.0	0.6	20.0	0.08	1.959963984540054	0.01	2.0	10.0	0.02	0.2246553122465531
development	missing_tail_program	1409	rc2_unweighted	target	0.8487918205106466	0.9666666666666667	0.47619047619047616	not_applicable																									
development	missing_tail_program	1409	rc2_unweighted	reference	0.45446546705133395	0.7129629629629629	0.8095238095238095	not_applicable																									
development	missing_tail_program	1409	rc3_soft	target	0.8919301077325436	1.0	0.0	not_applicable	0.7420814479638009	0.5927601809954751																							
development	missing_tail_program	1409	rc3_soft	reference	0.5956655825675097	0.7870370370370371	0.0	not_applicable	0.7420814479638009	0.5927601809954751																							
development	missing_tail_program	1409	mirror_reduction_100	target	0.8487918205106466	0.9666666666666667	0.47619047619047616	no_gate			1.0		no_gate	291.0	174.0	117.0	0.5979381443298969	0.6781609195402298				174.0	0.0	100.0	0.6	20.0	0.08	1.959963984540054	0.01	2.0	10.0	0.02	
development	missing_tail_program	1409	mirror_reduction_100	reference	0.45446546705133395	0.7129629629629629	0.8095238095238095	no_gate			1.0		no_gate	291.0	174.0	117.0	0.5979381443298969	0.6781609195402298				174.0	0.0	100.0	0.6	20.0	0.08	1.959963984540054	0.01	2.0	10.0	0.02	
development	missing_tail_program	1409	mirror_reduction_075	target	0.8487918205106466	0.9666666666666667	0.47619047619047616	no_gate			0.75		no_gate	291.0	174.0	117.0	0.5979381443298969	0.6781609195402298				174.0	0.0	100.0	0.6	20.0	0.08	1.959963984540054	0.01	2.0	10.0	0.02	
development	missing_tail_program	1409	mirror_reduction_075	reference	0.45446546705133395	0.7129629629629629	0.8095238095238095	no_gate			0.75		no_gate	291.0	174.0	117.0	0.5979381443298969	0.6781609195402298				174.0	0.0	100.0	0.6	20.0	0.08	1.959963984540054	0.01	2.0	10.0	0.02	
development	missing_tail_program	1409	mirror_reduction_050	target	0.8487918205106466	0.9666666666666667	0.47619047619047616	no_gate			0.5		no_gate	291.0	174.0	117.0	0.5979381443298969	0.6781609195402298				174.0	0.0	100.0	0.6	20.0	0.08	1.959963984540054	0.01	2.0	10.0	0.02	
development	missing_tail_program	1409	mirror_reduction_050	reference	0.45446546705133395	0.7129629629629629	0.8095238095238095	no_gate			0.5		no_gate	291.0	174.0	117.0	0.5979381443298969	0.6781609195402298				174.0	0.0	100.0	0.6	20.0	0.08	1.959963984540054	0.01	2.0	10.0	0.02	
development	missing_tail_program	1409	mirror_reduction_025	target	0.8487918205106466	0.9666666666666667	0.47619047619047616	no_gate			0.25		no_gate	291.0	174.0	117.0	0.5979381443298969	0.6781609195402298				174.0	0.0	100.0	0.6	20.0	0.08	1.959963984540054	0.01	2.0	10.0	0.02	
development	missing_tail_program	1409	mirror_reduction_025	reference	0.45446546705133395	0.7129629629629629	0.8095238095238095	no_gate			0.25		no_gate	291.0	174.0	117.0	0.5979381443298969	0.6781609195402298				174.0	0.0	100.0	0.6	20.0	0.08	1.959963984540054	0.01	2.0	10.0	0.02	
development	missing_tail_program	1410	rc2_unweighted	target	0.520431763841519	0.8222222222222223	0.6190476190476191	not_applicable																									
development	missing_tail_program	1410	rc2_unweighted	reference	0.9197255605554019	0.9540816326530612	0.6666666666666666	not_applicable																									
development	missing_tail_program	1410	rc3_soft	target	0.6297310230183497	0.8555555555555556	0.0	not_applicable	0.8113475177304963	0.601418439716312																							
development	missing_tail_program	1410	rc3_soft	reference	0.9099340774056766	0.9591836734693878	0.0	not_applicable	0.8113475177304963	0.601418439716312																							
development	missing_tail_program	1410	mirror_reduction_100	target	0.5752617801047121	0.8555555555555556	0.6666666666666666	sign_only			1.0	0.0	sign_only	277.0	198.0	79.0	0.7148014440433214	0.40404040404040403	0.40404040404040403	0.40404040404040403		198.0	79.0	100.0	0.6	20.0	0.08	1.959963984540054	0.01	2.0	10.0	0.02	
development	missing_tail_program	1410	mirror_reduction_100	reference	0.9094785664623649	0.9642857142857142	0.6666666666666666	sign_only			1.0	0.0	sign_only	277.0	198.0	79.0	0.7148014440433214	0.40404040404040403	0.40404040404040403	0.40404040404040403		198.0	79.0	100.0	0.6	20.0	0.08	1.959963984540054	0.01	2.0	10.0	0.02	
development	missing_tail_program	1410	mirror_reduction_075	target	0.6618616431499508	0.8833333333333333	0.8095238095238095	enriched_tail			0.75	1.3134406772658207	enriched_tail	277.0	198.0	79.0	0.7148014440433214	0.40404040404040403	0.30303030303030304	0.2695035460992908	0.726663108241346	141.0	79.0	100.0	0.6	20.0	0.08	1.959963984540054	0.01	2.0	10.0	0.02	0.06187919463087255
development	missing_tail_program	1410	mirror_reduction_075	reference	0.8966874867320974	0.9591836734693877	0.7142857142857143	enriched_tail			0.75	1.3134406772658207	enriched_tail	277.0	198.0	79.0	0.7148014440433214	0.40404040404040403	0.30303030303030304	0.2695035460992908	0.726663108241346	141.0	79.0	100.0	0.6	20.0	0.08	1.959963984540054	0.01	2.0	10.0	0.02	0.06187919463087255
development	missing_tail_program	1410	mirror_reduction_050	target	0.6618616431499508	0.8833333333333333	0.8095238095238095	enriched_tail			0.5	1.3800676662315143	enriched_tail	277.0	198.0	79.0	0.7148014440433214	0.40404040404040403	0.20202020202020202	0.19696969696969696	0.7754964057893506	132.0	79.0	100.0	0.6	20.0	0.08	1.959963984540054	0.01	2.0	10.0	0.02	0.10410141685309471
development	missing_tail_program	1410	mirror_reduction_050	reference	0.8895448416956271	0.9438775510204082	0.7619047619047619	enriched_tail			0.5	1.3800676662315143	enriched_tail	277.0	198.0	79.0	0.7148014440433214	0.40404040404040403	0.20202020202020202	0.19696969696969696	0.7754964057893506	132.0	79.0	100.0	0.6	20.0	0.08	1.959963984540054	0.01	2.0	10.0	0.02	0.10410141685309471
development	missing_tail_program	1410	mirror_reduction_025	target	0.6298725608932882	0.8277777777777778	0.7142857142857143	enriched_tail			0.25	2.1240076875463156	enriched_tail	277.0	198.0	79.0	0.7148014440433214	0.40404040404040403	0.10101010101010101	0.1	0.8504878975927597	100.0	79.0	100.0	0.6	20.0	0.08	1.959963984540054	0.01	2.0	10.0	0.02	0.18812919463087252
development	missing_tail_program	1410	mirror_reduction_025	reference	0.860236220472441	0.9336734693877551	0.8095238095238095	enriched_tail			0.25	2.1240076875463156	enriched_tail	277.0	198.0	79.0	0.7148014440433214	0.40404040404040403	0.10101010101010101	0.1	0.8504878975927597	100.0	79.0	100.0	0.6	20.0	0.08	1.959963984540054	0.01	2.0	10.0	0.02	0.18812919463087252
development	missing_tail_program	1411	rc2_unweighted	target	0.5036201648927867	0.8173076923076924	0.7619047619047619	not_applicable																									
development	missing_tail_program	1411	rc2_unweighted	reference	0.6980398120723741	0.888888888888889	0.6666666666666666	not_applicable																									
development	missing_tail_program	1411	rc3_soft	target	0.5333934123747057	0.8365384615384616	0.0	not_applicable	0.7881481481481485	0.5985185185185186																							
development	missing_tail_program	1411	rc3_soft	reference	0.7265649636711815	0.9222222222222223	0.0	not_applicable	0.7881481481481485	0.5985185185185186																							
development	missing_tail_program	1411	mirror_reduction_100	target	0.38797168137183496	0.798076923076923	0.7142857142857143	sign_only			1.0	0.0	sign_only	296.0	205.0	91.0	0.6925675675675675	0.44878048780487806	0.44878048780487806	0.44878048780487806		205.0	91.0	100.0	0.6	20.0	0.08	1.959963984540054	0.01	2.0	10.0	0.02	
development	missing_tail_program	1411	mirror_reduction_100	reference	0.743874908061605	0.9166666666666666	0.5714285714285714	sign_only			1.0	0.0	sign_only	296.0	205.0	91.0	0.6925675675675675	0.44878048780487806	0.44878048780487806	0.44878048780487806		205.0	91.0	100.0	0.6	20.0	0.08	1.959963984540054	0.01	2.0	10.0	0.02	
development	missing_tail_program	1411	mirror_reduction_075	target	0.5556573268321015	0.8750000000000001	0.8571428571428571	enriched_tail			0.75	1.3765575874471945	enriched_tail	296.0	205.0	91.0	0.6925675675675675	0.44878048780487806	0.33658536585365856	0.2809917355371901	0.7143714117460493	121.0	91.0	100.0	0.6	20.0	0.08	1.959963984540054	0.01	2.0	10.0	0.02	0.084510773578241
development	missing_tail_program	1411	mirror_reduction_075	reference	0.8255354972541251	0.9611111111111111	0.6190476190476191	enriched_tail			0.75	1.3765575874471945	enriched_tail	296.0	205.0	91.0	0.6925675675675675	0.44878048780487806	0.33658536585365856	0.2809917355371901	0.7143714117460493	121.0	91.0	100.0	0.6	20.0	0.08	1.959963984540054	0.01	2.0	10.0	0.02	0.084510773578241
development	missing_tail_program	1411	mirror_reduction_050	target	0.46165187906462407	0.7980769230769231	0.7619047619047619	enriched_tail			0.5	1.4484660006229515	enriched_tail	296.0	205.0	91.0	0.6925675675675675	0.44878048780487806	0.22439024390243903	0.2222222222222222	0.7503075877011014	108.0	91.0	100.0	0.6	20.0	0.08	1.959963984540054	0.01	2.0	10.0	0.02	0.10277471701893226
development	missing_tail_program	1411	mirror_reduction_050	reference	0.8199708249887324	0.9611111111111112	0.6190476190476191	enriched_tail			0.5	1.4484660006229515	enriched_tail	296.0	205.0	91.0	0.6925675675675675	0.44878048780487806	0.22439024390243903	0.2222222222222222	0.7503075877011014	108.0	91.0	100.0	0.6	20.0	0.08	1.959963984540054	0.01	2.0	10.0	0.02	0.10277471701893226
development	missing_tail_program	1411	mirror_reduction_025	target	0.41490765171503957	0.7740384615384616	0.8095238095238095	enriched_tail			0.25	1.7360909496153125	enriched_tail	296.0	205.0	91.0	0.6925675675675675	0.44878048780487806	0.11219512195121951	0.10869565217391304	0.8392607857800266	92.0	91.0	100.0	0.6	20.0	0.08	1.959963984540054	0.01	2.0	10.0	0.02	0.21568627450980393
development	missing_tail_program	1411	mirror_reduction_025	reference	0.7909864522034575	0.9555555555555555	0.7142857142857143	enriched_tail			0.25	1.7360909496153125	enriched_tail	296.0	205.0	91.0	0.6925675675675675	0.44878048780487806	0.11219512195121951	0.10869565217391304	0.8392607857800266	92.0	91.0	100.0	0.6	20.0	0.08	1.959963984540054	0.01	2.0	10.0	0.02	0.21568627450980393
development	missing_tail_program	1412	rc2_unweighted	target	0.5351185400001124		0.7619047619047619	not_applicable																									
development	missing_tail_program	1412	rc2_unweighted	reference	0.7745563748804798	0.9	0.47619047619047616	not_applicable																									
development	missing_tail_program	1412	rc3_soft	target	0.5395350921483414		0.09523809523809523	not_applicable	0.793939393939394	0.5992424242424242																							
development	missing_tail_program	1412	rc3_soft	reference	0.8180638504078993	0.9111111111111112	0.0	not_applicable	0.793939393939394	0.5992424242424242																							
development	missing_tail_program	1412	mirror_reduction_100	target	0.5658898289350747		0.9047619047619048	sign_only			1.0	0.0	sign_only	286.0	194.0	92.0	0.6783216783216783	0.4793814432989691	0.4793814432989691	0.4793814432989691		194.0	92.0	100.0	0.6	20.0	0.08	1.959963984540054	0.01	2.0	10.0	0.02	
development	missing_tail_program	1412	mirror_reduction_100	reference	0.8418999830043639	0.9333333333333332	0.38095238095238093	sign_only			1.0	0.0	sign_only	286.0	194.0	92.0	0.6783216783216783	0.4793814432989691	0.4793814432989691	0.4793814432989691		194.0	92.0	100.0	0.6	20.0	0.08	1.959963984540054	0.01	2.0	10.0	0.02	
development	missing_tail_program	1412	mirror_reduction_075	target	0.5556712842424802		0.9523809523809523	enriched_tail			0.75	1.2917544383858974	enriched_tail	286.0	194.0	92.0	0.6783216783216783	0.4793814432989691	0.3595360824742268	0.31851851851851853	0.6948770103289283	135.0	92.0	100.0	0.6	20.0	0.08	1.959963984540054	0.01	2.0	10.0	0.02	0.05344827586206902
development	missing_tail_program	1412	mirror_reduction_075	reference	0.854120311481094	0.9722222222222223	0.42857142857142855	enriched_tail			0.75	1.2917544383858974	enriched_tail	286.0	194.0	92.0	0.6783216783216783	0.4793814432989691	0.3595360824742268	0.31851851851851853	0.6948770103289283	135.0	92.0	100.0	0.6	20.0	0.08	1.959963984540054	0.01	2.0	10.0	0.02	0.05344827586206902
development	missing_tail_program	1412	mirror_reduction_050	target	0.43164303754741273		0.9047619047619048	enriched_tail			0.5	1.4338382701480454	enriched_tail	286.0	194.0	92.0	0.6783216783216783	0.4793814432989691	0.23969072164948454	0.23076923076923078	0.7469219665417317	117.0	92.0	100.0	0.6	20.0	0.08	1.959963984540054	0.01	2.0	10.0	0.02	0.13752698119025597
development	missing_tail_program	1412	mirror_reduction_050	reference	0.8703599684340831	0.9666666666666667	0.5238095238095238	enriched_tail			0.5	1.4338382701480454	enriched_tail	286.0	194.0	92.0	0.6783216783216783	0.4793814432989691	0.23969072164948454	0.23076923076923078	0.7469219665417317	117.0	92.0	100.0	0.6	20.0	0.08	1.959963984540054	0.01	2.0	10.0	0.02	0.13752698119025597
development	missing_tail_program	1412	mirror_reduction_025	target	0.45848687027025126		0.9047619047619048	enriched_tail			0.25	1.9493785948034934	enriched_tail	286.0	194.0	92.0	0.6783216783216783	0.4793814432989691	0.11984536082474227	0.10101010101010101	0.8491709381195168	99.0	92.0	100.0	0.6	20.0	0.08	1.959963984540054	0.01	2.0	10.0	0.02	0.20175336060783178
development	missing_tail_program	1412	mirror_reduction_025	reference	0.8682368425150685	0.9611111111111112	0.6666666666666666	enriched_tail			0.25	1.9493785948034934	enriched_tail	286.0	194.0	92.0	0.6783216783216783	0.4793814432989691	0.11984536082474227	0.10101010101010101	0.8491709381195168	99.0	92.0	100.0	0.6	20.0	0.08	1.959963984540054	0.01	2.0	10.0	0.02	0.20175336060783178
development	missing_tail_program	1413	rc2_unweighted	target	0.788852628616547	0.9333333333333333	0.5238095238095238	not_applicable																									
development	missing_tail_program	1413	rc2_unweighted	reference	0.7569644768469692	0.861111111111111	0.6666666666666666	not_applicable																									
development	missing_tail_program	1413	rc3_soft	target	0.7912672184533881	0.9444444444444444	0.0	not_applicable	0.5233644859813085	0.5654205607476636																							
development	missing_tail_program	1413	rc3_soft	reference	0.825347351244787	0.9111111111111112	0.0	not_applicable	0.5233644859813085	0.5654205607476636																							
development	missing_tail_program	1413	mirror_reduction_100	target	0.8448733928632856	0.9444444444444444	0.7142857142857143	sign_only			1.0	0.0	sign_only	266.0	163.0	103.0	0.6127819548872181	0.6380368098159509	0.6380368098159509	0.6380368098159509		163.0	103.0	100.0	0.6	20.0	0.08	1.959963984540054	0.01	2.0	10.0	0.02	
development	missing_tail_program	1413	mirror_reduction_100	reference	0.8234909180449662	0.9	0.5714285714285714	sign_only			1.0	0.0	sign_only	266.0	163.0	103.0	0.6127819548872181	0.6380368098159509	0.6380368098159509	0.6380368098159509		163.0	103.0	100.0	0.6	20.0	0.08	1.959963984540054	0.01	2.0	10.0	0.02	
development	missing_tail_program	1413	mirror_reduction_075	target	0.8697829749627664	0.9777777777777777	0.7619047619047619	enriched_tail			0.75	1.3563388979171682	enriched_tail	266.0	163.0	103.0	0.6127819548872181	0.6380368098159509	0.4785276073619632	0.4424778761061947	0.6228982931204032	113.0	103.0	100.0	0.6	20.0	0.08	1.959963984540054	0.01	2.0	10.0	0.02	0.07140972649722976
development	missing_tail_program	1413	mirror_reduction_075	reference	0.8377056384464379	0.8722222222222222	0.7619047619047619	enriched_tail			0.75	1.3563388979171682	enriched_tail	266.0	163.0	103.0	0.6127819548872181	0.6380368098159509	0.4785276073619632	0.4424778761061947	0.6228982931204032	113.0	103.0	100.0	0.6	20.0	0.08	1.959963984540054	0.01	2.0	10.0	0.02	0.07140972649722976
development	missing_tail_program	1413	mirror_reduction_050	target	0.8944608805587924	0.9777777777777777	0.7142857142857143	enriched_tail			0.5	1.608651451928508	enriched_tail	266.0	163.0	103.0	0.6127819548872181	0.6380368098159509	0.31901840490797545	0.313953488372093	0.6815795903603912	86.0	103.0	100.0	0.6	20.0	0.08	1.959963984540054	0.01	2.0	10.0	0.02	0.13007059949742728
development	missing_tail_program	1413	mirror_reduction_050	reference	0.838712585378844	0.8666666666666667	0.6190476190476191	enriched_tail			0.5	1.608651451928508	enriched_tail	266.0	163.0	103.0	0.6127819548872181	0.6380368098159509	0.31901840490797545	0.313953488372093	0.6815795903603912	86.0	103.0	100.0	0.6	20.0	0.08	1.959963984540054	0.01	2.0	10.0	0.02	0.13007059949742728
development	missing_tail_program	1413	mirror_reduction_025	target	0.8572697814924438	0.9222222222222223	0.9523809523809523	enriched_tail			0.25	5.621459675782321	enriched_tail	266.0	163.0	103.0	0.6127819548872181	0.6380368098159509	0.15950920245398773	0.13333333333333333	0.7642739435353026	30.0	103.0	100.0	0.6	20.0	0.08	1.959963984540054	0.01	2.0	10.0	0.02	0.2754257907542579
development	missing_tail_program	1413	mirror_reduction_025	reference	0.7131605241308412	0.7944444444444445	0.8095238095238095	enriched_tail			0.25	5.621459675782321	enriched_tail	266.0	163.0	103.0	0.6127819548872181	0.6380368098159509	0.15950920245398773	0.13333333333333333	0.7642739435353026	30.0	103.0	100.0	0.6	20.0	0.08	1.959963984540054	0.01	2.0	10.0	0.02	0.2754257907542579
development	missing_tail_program	1414	rc2_unweighted	target	0.8515362494766676	0.9030612244897959	0.8095238095238095	not_applicable																									
development	missing_tail_program	1414	rc2_unweighted	reference	0.8138701989017924	0.8777777777777778	0.7619047619047619	not_applicable																									
development	missing_tail_program	1414	rc3_soft	target	0.8847187046287653	0.9285714285714285	0.0	not_applicable	0.5195618153364636	0.564945226917058																							
development	missing_tail_program	1414	rc3_soft	reference	0.8299718298020742	0.9111111111111112	0.0	not_applicable	0.5195618153364636	0.564945226917058																							
development	missing_tail_program	1414	mirror_reduction_100	target	0.8460355808881604	0.923469387755102	0.7142857142857143	sign_only			1.0	0.0	sign_only	265.0	166.0	99.0	0.6264150943396226	0.6024096385542169	0.6024096385542169	0.6024096385542169		166.0	99.0	100.0	0.6	20.0	0.08	1.959963984540054	0.01	2.0	10.0	0.02	
development	missing_tail_program	1414	mirror_reduction_100	reference	0.8259060785181302	0.9111111111111112	0.9047619047619048	sign_only			1.0	0.0	sign_only	265.0	166.0	99.0	0.6264150943396226	0.6024096385542169	0.6024096385542169	0.6024096385542169		166.0	99.0	100.0	0.6	20.0	0.08	1.959963984540054	0.01	2.0	10.0	0.02	
development	missing_tail_program	1414	mirror_reduction_075	target	0.8054372885042345	0.8469387755102041	0.8095238095238095	enriched_tail			0.75	1.3247221463243504	enriched_tail	265.0	166.0	99.0	0.6264150943396226	0.6024096385542169	0.4518072289156627	0.41228070175438597	0.6380365348624819	114.0	99.0	100.0	0.6	20.0	0.08	1.959963984540054	0.01	2.0	10.0	0.02	0.07813446396123558
development	missing_tail_program	1414	mirror_reduction_075	reference	0.7349304409259283	0.8333333333333333	0.7142857142857143	enriched_tail			0.75	1.3247221463243504	enriched_tail	265.0	166.0	99.0	0.6264150943396226	0.6024096385542169	0.4518072289156627	0.41228070175438597	0.6380365348624819	114.0	99.0	100.0	0.6	20.0	0.08	1.959963984540054	0.01	2.0	10.0	0.02	0.07813446396123558
development	missing_tail_program	1414	mirror_reduction_050	target	0.7955662623548844	0.8724489795918368	0.9047619047619048	enriched_tail			0.5	1.5280175008874075	enriched_tail	265.0	166.0	99.0	0.6264150943396226	0.6024096385542169	0.30120481927710846	0.2916666666666667	0.6994612036688601	96.0	99.0	100.0	0.6	20.0	0.08	1.959963984540054	0.01	2.0	10.0	0.02	0.11464033097557713
development	missing_tail_program	1414	mirror_reduction_050	reference	0.7864760418838089	0.8944444444444445	0.8095238095238095	enriched_tail			0.5	1.5280175008874075	enriched_tail	265.0	166.0	99.0	0.6264150943396226	0.6024096385542169	0.30120481927710846	0.2916666666666667	0.6994612036688601	96.0	99.0	100.0	0.6	20.0	0.08	1.959963984540054	0.01	2.0	10.0	0.02	0.11464033097557713
development	missing_tail_program	1414	mirror_reduction_025	target	0.8460355808881604	0.923469387755102	0.7142857142857143	sign_only			0.25	0.0	sign_only	265.0	166.0	99.0	0.6264150943396226	0.6024096385542169	0.15060240963855423	0.6024096385542169		166.0	99.0	100.0	0.6	20.0	0.08	1.959963984540054	0.01	2.0	10.0	0.02	
development	missing_tail_program	1414	mirror_reduction_025	reference	0.8259060785181302	0.9111111111111112	0.9047619047619048	sign_only			0.25	0.0	sign_only	265.0	166.0	99.0	0.6264150943396226	0.6024096385542169	0.15060240963855423	0.6024096385542169		166.0	99.0	100.0	0.6	20.0	0.08	1.959963984540054	0.01	2.0	10.0	0.02	
development	missing_tail_program	1415	rc2_unweighted	target	0.5317693341921167	0.7166666666666667	0.47619047619047616	not_applicable																									
development	missing_tail_program	1415	rc2_unweighted	reference	0.22193031738544627	0.5816326530612245	0.7619047619047619	not_applicable																									
development	missing_tail_program	1415	rc3_soft	target	0.6089796896298646	0.7	0.0	not_applicable	0.6964285714285712	0.5870535714285714																							
development	missing_tail_program	1415	rc3_soft	reference	0.2264178245302946	0.5918367346938775	0.0	not_applicable	0.6964285714285712	0.5870535714285714																							
development	missing_tail_program	1415	mirror_reduction_100	target	0.5774880417167793	0.7111111111111111	0.6190476190476191	sign_only			1.0	0.0	sign_only	273.0	174.0	99.0	0.6373626373626373	0.5747126436781609	0.5747126436781609	0.5747126436781609		174.0	99.0	100.0	0.6	20.0	0.08	1.959963984540054	0.01	2.0	10.0	0.02	
development	missing_tail_program	1415	mirror_reduction_100	reference	0.186617597209941	0.5765306122448979	1.0	sign_only			1.0	0.0	sign_only	273.0	174.0	99.0	0.6373626373626373	0.5747126436781609	0.5747126436781609	0.5747126436781609		174.0	99.0	100.0	0.6	20.0	0.08	1.959963984540054	0.01	2.0	10.0	0.02	
development	missing_tail_program	1415	mirror_reduction_075	target	0.6871128903138628	0.7944444444444444	0.6190476190476191	enriched_tail			0.75	1.2572091592964152	enriched_tail	273.0	174.0	99.0	0.6373626373626373	0.5747126436781609	0.43103448275862066	0.390625	0.6530390927252063	128.0	99.0	100.0	0.6	20.0	0.08	1.959963984540054	0.01	2.0	10.0	0.02	0.05936483774994805
development	missing_tail_program	1415	mirror_reduction_075	reference	0.21366695450407325	0.596938775510204	0.8571428571428571	enriched_tail			0.75	1.2572091592964152	enriched_tail	273.0	174.0	99.0	0.6373626373626373	0.5747126436781609	0.43103448275862066	0.390625	0.6530390927252063	128.0	99.0	100.0	0.6	20.0	0.08	1.959963984540054	0.01	2.0	10.0	0.02	0.05936483774994805
development	missing_tail_program	1415	mirror_reduction_050	target	0.7363788192964807	0.8277777777777777	0.6190476190476191	enriched_tail			0.5	1.35977395005238	enriched_tail	273.0	174.0	99.0	0.6373626373626373	0.5747126436781609	0.28735632183908044	0.28448275862068967	0.7107339019261498	116.0	99.0	100.0	0.6	20.0	0.08	1.959963984540054	0.01	2.0	10.0	0.02	0.126761744966443
development	missing_tail_program	1415	mirror_reduction_050	reference	0.29561777205570156	0.6428571428571429	0.8571428571428571	enriched_tail			0.5	1.35977395005238	enriched_tail	273.0	174.0	99.0	0.6373626373626373	0.5747126436781609	0.28735632183908044	0.28448275862068967	0.7107339019261498	116.0	99.0	100.0	0.6	20.0	0.08	1.959963984540054	0.01	2.0	10.0	0.02	0.126761744966443
development	missing_tail_program	1415	mirror_reduction_025	target	0.7484501765904557	0.8333333333333334	0.5238095238095238	enriched_tail			0.25	1.5955346857304369	enriched_tail	273.0	174.0	99.0	0.6373626373626373	0.5747126436781609	0.14367816091954022	0.14	0.8130759219184795	100.0	99.0	100.0	0.6	20.0	0.08	1.959963984540054	0.01	2.0	10.0	0.02	0.24135944700460832
development	missing_tail_program	1415	mirror_reduction_025	reference	0.28129858315461365	0.6479591836734695	0.8571428571428571	enriched_tail			0.25	1.5955346857304369	enriched_tail	273.0	174.0	99.0	0.6373626373626373	0.5747126436781609	0.14367816091954022	0.14	0.8130759219184795	100.0	99.0	100.0	0.6	20.0	0.08	1.959963984540054	0.01	2.0	10.0	0.02	0.24135944700460832
development	missing_tail_program	1416	rc2_unweighted	target	0.6682507530139261	0.8657407407407407	0.7142857142857143	not_applicable																									
development	missing_tail_program	1416	rc2_unweighted	reference	0.819345375444504	0.8163265306122448	0.42857142857142855	not_applicable																									
development	missing_tail_program	1416	rc3_soft	target	0.7517621156008927	0.9444444444444445	0.0	not_applicable	0.7878787878787881	0.5984848484848485																							
development	missing_tail_program	1416	rc3_soft	reference	0.8368017478343193	0.8163265306122448	0.0	not_applicable	0.7878787878787881	0.5984848484848485																							
development	missing_tail_program	1416	mirror_reduction_100	target	0.7706553121954418	0.9537037037037037	0.9047619047619048	sign_only			1.0	0.0	sign_only	268.0	167.0	101.0	0.6231343283582089	0.6107784431137725	0.6107784431137725	0.6107784431137725		167.0	101.0	100.0	0.6	20.0	0.08	1.959963984540054	0.01	2.0	10.0	0.02	
development	missing_tail_program	1416	mirror_reduction_100	reference	0.8035832324127191	0.8163265306122449	0.5714285714285714	sign_only			1.0	0.0	sign_only	268.0	167.0	101.0	0.6231343283582089	0.6107784431137725	0.6107784431137725	0.6107784431137725		167.0	101.0	100.0	0.6	20.0	0.08	1.959963984540054	0.01	2.0	10.0	0.02	
development	missing_tail_program	1416	mirror_reduction_075	target	0.6650033476498831	0.9305555555555557	0.9047619047619048	enriched_tail			0.75	1.3455989065925338	enriched_tail	268.0	167.0	101.0	0.6231343283582089	0.6107784431137725	0.45808383233532934	0.42105263157894735	0.6336514599612654	114.0	101.0	100.0	0.6	20.0	0.08	1.959963984540054	0.01	2.0	10.0	0.02	0.07733333333333325
development	missing_tail_program	1416	mirror_reduction_075	reference	0.7709481685900696	0.8112244897959184	0.8571428571428571	enriched_tail			0.75	1.3455989065925338	enriched_tail	268.0	167.0	101.0	0.6231343283582089	0.6107784431137725	0.45808383233532934	0.42105263157894735	0.6336514599612654	114.0	101.0	100.0	0.6	20.0	0.08	1.959963984540054	0.01	2.0	10.0	0.02	0.07733333333333325
development	missing_tail_program	1416	mirror_reduction_050	target	0.7006765770719469	0.9259259259259259	0.8571428571428571	enriched_tail			0.5	1.638172406447902	enriched_tail	268.0	167.0	101.0	0.6231343283582089	0.6107784431137725	0.30538922155688625	0.29213483146067415	0.6962863381207977	89.0	101.0	100.0	0.6	20.0	0.08	1.959963984540054	0.01	2.0	10.0	0.02	0.15559440559440563
development	missing_tail_program	1416	mirror_reduction_050	reference	0.774443083639287	0.8316326530612245	0.8571428571428571	enriched_tail			0.5	1.638172406447902	enriched_tail	268.0	167.0	101.0	0.6231343283582089	0.6107784431137725	0.30538922155688625	0.29213483146067415	0.6962863381207977	89.0	101.0	100.0	0.6	20.0	0.08	1.959963984540054	0.01	2.0	10.0	0.02	0.15559440559440563
development	missing_tail_program	1416	mirror_reduction_025	target	0.7706553121954418	0.9537037037037037	0.9047619047619048	sign_only			0.25	0.0	sign_only	268.0	167.0	101.0	0.6231343283582089	0.6107784431137725	0.15269461077844312	0.6107784431137725		167.0	101.0	100.0	0.6	20.0	0.08	1.959963984540054	0.01	2.0	10.0	0.02	
development	missing_tail_program	1416	mirror_reduction_025	reference	0.8035832324127191	0.8163265306122449	0.5714285714285714	sign_only			0.25	0.0	sign_only	268.0	167.0	101.0	0.6231343283582089	0.6107784431137725	0.15269461077844312	0.6107784431137725		167.0	101.0	100.0	0.6	20.0	0.08	1.959963984540054	0.01	2.0	10.0	0.02	
development	diffuse_program	1401	rc2_unweighted	target	0.7439139985797029	0.8277777777777778	0.5714285714285714	not_applicable																									
development	diffuse_program	1401	rc2_unweighted	reference	0.7754188331011607	0.9777777777777777	0.5714285714285714	not_applicable																									
development	diffuse_program	1401	rc3_soft	target	0.7523522222998732	0.8222222222222223	0.0	not_applicable	0.7111111111111112	0.5888888888888889																							
development	diffuse_program	1401	rc3_soft	reference	0.8089835501995843	0.9444444444444444	0.0	not_applicable	0.7111111111111112	0.5888888888888889																							
development	diffuse_program	1401	mirror_reduction_100	target	0.7501079088052258	0.8333333333333334	0.8095238095238095	sign_only			1.0	0.0	sign_only	450.0	308.0	142.0	0.6844444444444444	0.4642857142857143	0.4642857142857143	0.4642857142857143		308.0	142.0	100.0	0.6	20.0	0.08	1.959963984540054	0.01	2.0	10.0	0.02	
development	diffuse_program	1401	mirror_reduction_100	reference	0.8035249753571035	0.9444444444444444	0.38095238095238093	sign_only			1.0	0.0	sign_only	450.0	308.0	142.0	0.6844444444444444	0.4642857142857143	0.4642857142857143	0.4642857142857143		308.0	142.0	100.0	0.6	20.0	0.08	1.959963984540054	0.01	2.0	10.0	0.02	
development	diffuse_program	1401	mirror_reduction_075	target	0.7501079088052258	0.8333333333333334	0.8095238095238095	sign_only			0.75	0.0	sign_only	450.0	308.0	142.0	0.6844444444444444	0.4642857142857143	0.3482142857142857	0.4642857142857143		308.0	142.0	100.0	0.6	20.0	0.08	1.959963984540054	0.01	2.0	10.0	0.02	
development	diffuse_program	1401	mirror_reduction_075	reference	0.8035249753571035	0.9444444444444444	0.38095238095238093	sign_only			0.75	0.0	sign_only	450.0	308.0	142.0	0.6844444444444444	0.4642857142857143	0.3482142857142857	0.4642857142857143		308.0	142.0	100.0	0.6	20.0	0.08	1.959963984540054	0.01	2.0	10.0	0.02	
development	diffuse_program	1401	mirror_reduction_050	target	0.7501079088052258	0.8333333333333334	0.8095238095238095	sign_only			0.5	0.0	sign_only	450.0	308.0	142.0	0.6844444444444444	0.4642857142857143	0.23214285714285715	0.4642857142857143		308.0	142.0	100.0	0.6	20.0	0.08	1.959963984540054	0.01	2.0	10.0	0.02	
development	diffuse_program	1401	mirror_reduction_050	reference	0.8035249753571035	0.9444444444444444	0.38095238095238093	sign_only			0.5	0.0	sign_only	450.0	308.0	142.0	0.6844444444444444	0.4642857142857143	0.23214285714285715	0.4642857142857143		308.0	142.0	100.0	0.6	20.0	0.08	1.959963984540054	0.01	2.0	10.0	0.02	
development	diffuse_program	1401	mirror_reduction_025	target	0.7501079088052258	0.8333333333333334	0.8095238095238095	sign_only			0.25	0.0	sign_only	450.0	308.0	142.0	0.6844444444444444	0.4642857142857143	0.11607142857142858	0.4642857142857143		308.0	142.0	100.0	0.6	20.0	0.08	1.959963984540054	0.01	2.0	10.0	0.02	
development	diffuse_program	1401	mirror_reduction_025	reference	0.8035249753571035	0.9444444444444444	0.38095238095238093	sign_only			0.25	0.0	sign_only	450.0	308.0	142.0	0.6844444444444444	0.4642857142857143	0.11607142857142858	0.4642857142857143		308.0	142.0	100.0	0.6	20.0	0.08	1.959963984540054	0.01	2.0	10.0	0.02	
development	diffuse_program	1402	rc2_unweighted	target	0.4076598935325209	0.9	0.5238095238095238	not_applicable																									
development	diffuse_program	1402	rc2_unweighted	reference	0.90326100630016	0.9111111111111111	0.42857142857142855	not_applicable																									
development	diffuse_program	1402	rc3_soft	target	0.41376507306754	0.9444444444444445	0.0	not_applicable	0.7259259259259263	0.5907407407407408																							
development	diffuse_program	1402	rc3_soft	reference	0.9070960362593155	0.9222222222222223	0.0	not_applicable	0.7259259259259263	0.5907407407407408																							
development	diffuse_program	1402	mirror_reduction_100	target	0.4027821516566999	0.9444444444444445	0.5714285714285714	sign_only			1.0	0.0	sign_only	493.0	318.0	175.0	0.6450304259634888	0.5534591194968553	0.5534591194968553	0.5534591194968553		318.0	175.0	100.0	0.6	20.0	0.08	1.959963984540054	0.01	2.0	10.0	0.02	
development	diffuse_program	1402	mirror_reduction_100	reference	0.9064763599363558	0.9333333333333332	0.6190476190476191	sign_only			1.0	0.0	sign_only	493.0	318.0	175.0	0.6450304259634888	0.5534591194968553	0.5534591194968553	0.5534591194968553		318.0	175.0	100.0	0.6	20.0	0.08	1.959963984540054	0.01	2.0	10.0	0.02	
development	diffuse_program	1402	mirror_reduction_075	target	0.4027821516566999	0.9444444444444445	0.5714285714285714	sign_only			0.75	0.0	sign_only	493.0	318.0	175.0	0.6450304259634888	0.5534591194968553	0.41509433962264153	0.5534591194968553		318.0	175.0	100.0	0.6	20.0	0.08	1.959963984540054	0.01	2.0	10.0	0.02	
development	diffuse_program	1402	mirror_reduction_075	reference	0.9064763599363558	0.9333333333333332	0.6190476190476191	sign_only			0.75	0.0	sign_only	493.0	318.0	175.0	0.6450304259634888	0.5534591194968553	0.41509433962264153	0.5534591194968553		318.0	175.0	100.0	0.6	20.0	0.08	1.959963984540054	0.01	2.0	10.0	0.02	
development	diffuse_program	1402	mirror_reduction_050	target	0.4027821516566999	0.9444444444444445	0.5714285714285714	sign_only			0.5	0.0	sign_only	493.0	318.0	175.0	0.6450304259634888	0.5534591194968553	0.27672955974842767	0.5534591194968553		318.0	175.0	100.0	0.6	20.0	0.08	1.959963984540054	0.01	2.0	10.0	0.02	
development	diffuse_program	1402	mirror_reduction_050	reference	0.9064763599363558	0.9333333333333332	0.6190476190476191	sign_only			0.5	0.0	sign_only	493.0	318.0	175.0	0.6450304259634888	0.5534591194968553	0.27672955974842767	0.5534591194968553		318.0	175.0	100.0	0.6	20.0	0.08	1.959963984540054	0.01	2.0	10.0	0.02	
development	diffuse_program	1402	mirror_reduction_025	target	0.4027821516566999	0.9444444444444445	0.5714285714285714	sign_only			0.25	0.0	sign_only	493.0	318.0	175.0	0.6450304259634888	0.5534591194968553	0.13836477987421383	0.5534591194968553		318.0	175.0	100.0	0.6	20.0	0.08	1.959963984540054	0.01	2.0	10.0	0.02	
development	diffuse_program	1402	mirror_reduction_025	reference	0.9064763599363558	0.9333333333333332	0.6190476190476191	sign_only			0.25	0.0	sign_only	493.0	318.0	175.0	0.6450304259634888	0.5534591194968553	0.13836477987421383	0.5534591194968553		318.0	175.0	100.0	0.6	20.0	0.08	1.959963984540054	0.01	2.0	10.0	0.02	
development	diffuse_program	1403	rc2_unweighted	target	0.6689475754267251	0.8775510204081632	0.3333333333333333	not_applicable																									
development	diffuse_program	1403	rc2_unweighted	reference	0.7436826709278983	0.8944444444444445	0.6666666666666666	not_applicable																									
development	diffuse_program	1403	rc3_soft	target	0.6295943282368226	0.846938775510204	0.0	not_applicable	0.7333333333333334	0.5916666666666667																							
development	diffuse_program	1403	rc3_soft	reference	0.7681386805861238	0.8777777777777778	0.0	not_applicable	0.7333333333333334	0.5916666666666667																							
development	diffuse_program	1403	mirror_reduction_100	target	0.6015024587578395	0.8469387755102041	0.5714285714285714	sign_only			1.0	0.0	sign_only	470.0	308.0	162.0	0.6553191489361702	0.5292207792207793	0.5292207792207793	0.5292207792207793		308.0	162.0	100.0	0.6	20.0	0.08	1.959963984540054	0.01	2.0	10.0	0.02	
development	diffuse_program	1403	mirror_reduction_100	reference	0.7667249526994346	0.8555555555555556	0.6666666666666666	sign_only			1.0	0.0	sign_only	470.0	308.0	162.0	0.6553191489361702	0.5292207792207793	0.5292207792207793	0.5292207792207793		308.0	162.0	100.0	0.6	20.0	0.08	1.959963984540054	0.01	2.0	10.0	0.02	
development	diffuse_program	1403	mirror_reduction_075	target	0.6015024587578395	0.8469387755102041	0.5714285714285714	sign_only			0.75	0.0	sign_only	470.0	308.0	162.0	0.6553191489361702	0.5292207792207793	0.39691558441558444	0.5292207792207793		308.0	162.0	100.0	0.6	20.0	0.08	1.959963984540054	0.01	2.0	10.0	0.02	
development	diffuse_program	1403	mirror_reduction_075	reference	0.7667249526994346	0.8555555555555556	0.6666666666666666	sign_only			0.75	0.0	sign_only	470.0	308.0	162.0	0.6553191489361702	0.5292207792207793	0.39691558441558444	0.5292207792207793		308.0	162.0	100.0	0.6	20.0	0.08	1.959963984540054	0.01	2.0	10.0	0.02	
development	diffuse_program	1403	mirror_reduction_050	target	0.6015024587578395	0.8469387755102041	0.5714285714285714	sign_only			0.5	0.0	sign_only	470.0	308.0	162.0	0.6553191489361702	0.5292207792207793	0.26461038961038963	0.5292207792207793		308.0	162.0	100.0	0.6	20.0	0.08	1.959963984540054	0.01	2.0	10.0	0.02	
development	diffuse_program	1403	mirror_reduction_050	reference	0.7667249526994346	0.8555555555555556	0.6666666666666666	sign_only			0.5	0.0	sign_only	470.0	308.0	162.0	0.6553191489361702	0.5292207792207793	0.26461038961038963	0.5292207792207793		308.0	162.0	100.0	0.6	20.0	0.08	1.959963984540054	0.01	2.0	10.0	0.02	
development	diffuse_program	1403	mirror_reduction_025	target	0.6015024587578395	0.8469387755102041	0.5714285714285714	sign_only			0.25	0.0	sign_only	470.0	308.0	162.0	0.6553191489361702	0.5292207792207793	0.13230519480519481	0.5292207792207793		308.0	162.0	100.0	0.6	20.0	0.08	1.959963984540054	0.01	2.0	10.0	0.02	
development	diffuse_program	1403	mirror_reduction_025	reference	0.7667249526994346	0.8555555555555556	0.6666666666666666	sign_only			0.25	0.0	sign_only	470.0	308.0	162.0	0.6553191489361702	0.5292207792207793	0.13230519480519481	0.5292207792207793		308.0	162.0	100.0	0.6	20.0	0.08	1.959963984540054	0.01	2.0	10.0	0.02	
development	diffuse_program	1404	rc2_unweighted	target	0.807821449482386	0.9	0.6190476190476191	not_applicable																									
development	diffuse_program	1404	rc2_unweighted	reference	0.7539164490861617	0.9711538461538461	0.5238095238095238	not_applicable																									
development	diffuse_program	1404	rc3_soft	target	0.8195110707106815	0.8888888888888888	0.0	not_applicable	0.6925925925925922	0.586574074074074																							
development	diffuse_program	1404	rc3_soft	reference	0.8548206068998759	1.0	0.0	not_applicable	0.6925925925925922	0.586574074074074																							
development	diffuse_program	1404	mirror_reduction_100	target	0.8490138928447545	0.8833333333333333	0.7142857142857143	sign_only			1.0	0.0	sign_only	464.0	306.0	158.0	0.6594827586206896	0.5196078431372549	0.5196078431372549	0.5196078431372549		306.0	158.0	100.0	0.6	20.0	0.08	1.959963984540054	0.01	2.0	10.0	0.02	
development	diffuse_program	1404	mirror_reduction_100	reference	0.8631788684611926	1.0	0.6190476190476191	sign_only			1.0	0.0	sign_only	464.0	306.0	158.0	0.6594827586206896	0.5196078431372549	0.5196078431372549	0.5196078431372549		306.0	158.0	100.0	0.6	20.0	0.08	1.959963984540054	0.01	2.0	10.0	0.02	
development	diffuse_program	1404	mirror_reduction_075	target	0.8490138928447545	0.8833333333333333	0.7142857142857143	sign_only			0.75	0.0	sign_only	464.0	306.0	158.0	0.6594827586206896	0.5196078431372549	0.38970588235294124	0.5196078431372549		306.0	158.0	100.0	0.6	20.0	0.08	1.959963984540054	0.01	2.0	10.0	0.02	
development	diffuse_program	1404	mirror_reduction_075	reference	0.8631788684611926	1.0	0.6190476190476191	sign_only			0.75	0.0	sign_only	464.0	306.0	158.0	0.6594827586206896	0.5196078431372549	0.38970588235294124	0.5196078431372549		306.0	158.0	100.0	0.6	20.0	0.08	1.959963984540054	0.01	2.0	10.0	0.02	
development	diffuse_program	1404	mirror_reduction_050	target	0.8490138928447545	0.8833333333333333	0.7142857142857143	sign_only			0.5	0.0	sign_only	464.0	306.0	158.0	0.6594827586206896	0.5196078431372549	0.25980392156862747	0.5196078431372549		306.0	158.0	100.0	0.6	20.0	0.08	1.959963984540054	0.01	2.0	10.0	0.02	
development	diffuse_program	1404	mirror_reduction_050	reference	0.8631788684611926	1.0	0.6190476190476191	sign_only			0.5	0.0	sign_only	464.0	306.0	158.0	0.6594827586206896	0.5196078431372549	0.25980392156862747	0.5196078431372549		306.0	158.0	100.0	0.6	20.0	0.08	1.959963984540054	0.01	2.0	10.0	0.02	
development	diffuse_program	1404	mirror_reduction_025	target	0.8490138928447545	0.8833333333333333	0.7142857142857143	sign_only			0.25	0.0	sign_only	464.0	306.0	158.0	0.6594827586206896	0.5196078431372549	0.12990196078431374	0.5196078431372549		306.0	158.0	100.0	0.6	20.0	0.08	1.959963984540054	0.01	2.0	10.0	0.02	
development	diffuse_program	1404	mirror_reduction_025	reference	0.8631788684611926	1.0	0.6190476190476191	sign_only			0.25	0.0	sign_only	464.0	306.0	158.0	0.6594827586206896	0.5196078431372549	0.12990196078431374	0.5196078431372549		306.0	158.0	100.0	0.6	20.0	0.08	1.959963984540054	0.01	2.0	10.0	0.02	
development	diffuse_program	1405	rc2_unweighted	target	0.7816152648486563	0.938888888888889	0.6666666666666666	not_applicable																									
development	diffuse_program	1405	rc2_unweighted	reference	0.9108717429609801	0.9388888888888889	0.5238095238095238	not_applicable																									
development	diffuse_program	1405	rc3_soft	target	0.8085483820915843	0.9666666666666667	0.0	not_applicable	0.8148148148148149	0.6018518518518519																							
development	diffuse_program	1405	rc3_soft	reference	0.9189228650851953	0.9444444444444444	0.0	not_applicable	0.8148148148148149	0.6018518518518519																							
development	diffuse_program	1405	mirror_reduction_100	target	0.8028834537895637	0.9555555555555556	0.7619047619047619	sign_only			1.0	0.0	sign_only	465.0	316.0	149.0	0.6795698924731183	0.47468354430379744	0.47468354430379744	0.47468354430379744		316.0	149.0	100.0	0.6	20.0	0.08	1.959963984540054	0.01	2.0	10.0	0.02	
development	diffuse_program	1405	mirror_reduction_100	reference	0.9161505204184837	0.9388888888888889	0.5714285714285714	sign_only			1.0	0.0	sign_only	465.0	316.0	149.0	0.6795698924731183	0.47468354430379744	0.47468354430379744	0.47468354430379744		316.0	149.0	100.0	0.6	20.0	0.08	1.959963984540054	0.01	2.0	10.0	0.02	
development	diffuse_program	1405	mirror_reduction_075	target	0.8028834537895637	0.9555555555555556	0.7619047619047619	sign_only			0.75	0.0	sign_only	465.0	316.0	149.0	0.6795698924731183	0.47468354430379744	0.3560126582278481	0.47468354430379744		316.0	149.0	100.0	0.6	20.0	0.08	1.959963984540054	0.01	2.0	10.0	0.02	
development	diffuse_program	1405	mirror_reduction_075	reference	0.9161505204184837	0.9388888888888889	0.5714285714285714	sign_only			0.75	0.0	sign_only	465.0	316.0	149.0	0.6795698924731183	0.47468354430379744	0.3560126582278481	0.47468354430379744		316.0	149.0	100.0	0.6	20.0	0.08	1.959963984540054	0.01	2.0	10.0	0.02	
development	diffuse_program	1405	mirror_reduction_050	target	0.8028834537895637	0.9555555555555556	0.7619047619047619	sign_only			0.5	0.0	sign_only	465.0	316.0	149.0	0.6795698924731183	0.47468354430379744	0.23734177215189872	0.47468354430379744		316.0	149.0	100.0	0.6	20.0	0.08	1.959963984540054	0.01	2.0	10.0	0.02	
development	diffuse_program	1405	mirror_reduction_050	reference	0.9161505204184837	0.9388888888888889	0.5714285714285714	sign_only			0.5	0.0	sign_only	465.0	316.0	149.0	0.6795698924731183	0.47468354430379744	0.23734177215189872	0.47468354430379744		316.0	149.0	100.0	0.6	20.0	0.08	1.959963984540054	0.01	2.0	10.0	0.02	
development	diffuse_program	1405	mirror_reduction_025	target	0.8028834537895637	0.9555555555555556	0.7619047619047619	sign_only			0.25	0.0	sign_only	465.0	316.0	149.0	0.6795698924731183	0.47468354430379744	0.11867088607594936	0.47468354430379744		316.0	149.0	100.0	0.6	20.0	0.08	1.959963984540054	0.01	2.0	10.0	0.02	
development	diffuse_program	1405	mirror_reduction_025	reference	0.9161505204184837	0.9388888888888889	0.5714285714285714	sign_only			0.25	0.0	sign_only	465.0	316.0	149.0	0.6795698924731183	0.47468354430379744	0.11867088607594936	0.47468354430379744		316.0	149.0	100.0	0.6	20.0	0.08	1.959963984540054	0.01	2.0	10.0	0.02	
development	diffuse_program	1406	rc2_unweighted	target	0.8168743746570861	0.9722222222222222	0.5714285714285714	not_applicable																									
development	diffuse_program	1406	rc2_unweighted	reference	0.8077539113050464	0.9555555555555556	0.5238095238095238	not_applicable																									
development	diffuse_program	1406	rc3_soft	target	0.8443645588886589	0.9888888888888889	0.0	not_applicable	0.7703703703703706	0.5962962962962963																							
development	diffuse_program	1406	rc3_soft	reference	0.802380765118269	0.9666666666666668	0.0	not_applicable	0.7703703703703706	0.5962962962962963																							
development	diffuse_program	1406	mirror_reduction_100	target	0.8314185652251777	0.9777777777777779	0.7142857142857143	sign_only			1.0	0.0	sign_only	455.0	313.0	142.0	0.6879120879120879	0.45686900958466453	0.45686900958466453	0.45686900958466453		313.0	142.0	100.0	0.6	20.0	0.08	1.959963984540054	0.01	2.0	10.0	0.02	
development	diffuse_program	1406	mirror_reduction_100	reference	0.8292223379681802	0.9722222222222222	0.6190476190476191	sign_only			1.0	0.0	sign_only	455.0	313.0	142.0	0.6879120879120879	0.45686900958466453	0.45686900958466453	0.45686900958466453		313.0	142.0	100.0	0.6	20.0	0.08	1.959963984540054	0.01	2.0	10.0	0.02	
development	diffuse_program	1406	mirror_reduction_075	target	0.8314185652251777	0.9777777777777779	0.7142857142857143	sign_only			0.75	0.0	sign_only	455.0	313.0	142.0	0.6879120879120879	0.45686900958466453	0.3426517571884984	0.45686900958466453		313.0	142.0	100.0	0.6	20.0	0.08	1.959963984540054	0.01	2.0	10.0	0.02	
development	diffuse_program	1406	mirror_reduction_075	reference	0.8292223379681802	0.9722222222222222	0.6190476190476191	sign_only			0.75	0.0	sign_only	455.0	313.0	142.0	0.6879120879120879	0.45686900958466453	0.3426517571884984	0.45686900958466453		313.0	142.0	100.0	0.6	20.0	0.08	1.959963984540054	0.01	2.0	10.0	0.02	
development	diffuse_program	1406	mirror_reduction_050	target	0.8314185652251777	0.9777777777777779	0.7142857142857143	sign_only			0.5	0.0	sign_only	455.0	313.0	142.0	0.6879120879120879	0.45686900958466453	0.22843450479233227	0.45686900958466453		313.0	142.0	100.0	0.6	20.0	0.08	1.959963984540054	0.01	2.0	10.0	0.02	
development	diffuse_program	1406	mirror_reduction_050	reference	0.8292223379681802	0.9722222222222222	0.6190476190476191	sign_only			0.5	0.0	sign_only	455.0	313.0	142.0	0.6879120879120879	0.45686900958466453	0.22843450479233227	0.45686900958466453		313.0	142.0	100.0	0.6	20.0	0.08	1.959963984540054	0.01	2.0	10.0	0.02	
development	diffuse_program	1406	mirror_reduction_025	target	0.8314185652251777	0.9777777777777779	0.7142857142857143	sign_only			0.25	0.0	sign_only	455.0	313.0	142.0	0.6879120879120879	0.45686900958466453	0.11421725239616613	0.45686900958466453		313.0	142.0	100.0	0.6	20.0	0.08	1.959963984540054	0.01	2.0	10.0	0.02	
development	diffuse_program	1406	mirror_reduction_025	reference	0.8292223379681802	0.9722222222222222	0.6190476190476191	sign_only			0.25	0.0	sign_only	455.0	313.0	142.0	0.6879120879120879	0.45686900958466453	0.11421725239616613	0.45686900958466453		313.0	142.0	100.0	0.6	20.0	0.08	1.959963984540054	0.01	2.0	10.0	0.02	
development	diffuse_program	1407	rc2_unweighted	target	0.6626248878736926	0.9055555555555557	0.6190476190476191	not_applicable																									
development	diffuse_program	1407	rc2_unweighted	reference	0.9165037827299051	0.9722222222222222	0.5238095238095238	not_applicable																									
development	diffuse_program	1407	rc3_soft	target	0.6220197184884692	0.9	0.0	not_applicable	0.7370370370370374	0.5921296296296297																							
development	diffuse_program	1407	rc3_soft	reference	0.9238794436692389	0.9666666666666668	0.0	not_applicable	0.7370370370370374	0.5921296296296297																							
development	diffuse_program	1407	mirror_reduction_100	target	0.6047402173887455	0.9	0.5238095238095238	sign_only			1.0	0.0	sign_only	430.0	279.0	151.0	0.6488372093023256	0.5448028673835126	0.5448028673835126	0.5448028673835126		279.0	151.0	100.0	0.6	20.0	0.08	1.959963984540054	0.01	2.0	10.0	0.02	
development	diffuse_program	1407	mirror_reduction_100	reference	0.9237163200220682	0.9500000000000001	0.6666666666666666	sign_only			1.0	0.0	sign_only	430.0	279.0	151.0	0.6488372093023256	0.5448028673835126	0.5448028673835126	0.5448028673835126		279.0	151.0	100.0	0.6	20.0	0.08	1.959963984540054	0.01	2.0	10.0	0.02	
development	diffuse_program	1407	mirror_reduction_075	target	0.6047402173887455	0.9	0.5238095238095238	sign_only			0.75	0.0	sign_only	430.0	279.0	151.0	0.6488372093023256	0.5448028673835126	0.40860215053763443	0.5448028673835126		279.0	151.0	100.0	0.6	20.0	0.08	1.959963984540054	0.01	2.0	10.0	0.02	
development	diffuse_program	1407	mirror_reduction_075	reference	0.9237163200220682	0.9500000000000001	0.6666666666666666	sign_only			0.75	0.0	sign_only	430.0	279.0	151.0	0.6488372093023256	0.5448028673835126	0.40860215053763443	0.5448028673835126		279.0	151.0	100.0	0.6	20.0	0.08	1.959963984540054	0.01	2.0	10.0	0.02	
development	diffuse_program	1407	mirror_reduction_050	target	0.6047402173887455	0.9	0.5238095238095238	sign_only			0.5	0.0	sign_only	430.0	279.0	151.0	0.6488372093023256	0.5448028673835126	0.2724014336917563	0.5448028673835126		279.0	151.0	100.0	0.6	20.0	0.08	1.959963984540054	0.01	2.0	10.0	0.02	
development	diffuse_program	1407	mirror_reduction_050	reference	0.9237163200220682	0.9500000000000001	0.6666666666666666	sign_only			0.5	0.0	sign_only	430.0	279.0	151.0	0.6488372093023256	0.5448028673835126	0.2724014336917563	0.5448028673835126		279.0	151.0	100.0	0.6	20.0	0.08	1.959963984540054	0.01	2.0	10.0	0.02	
development	diffuse_program	1407	mirror_reduction_025	target	0.6047402173887455	0.9	0.5238095238095238	sign_only			0.25	0.0	sign_only	430.0	279.0	151.0	0.6488372093023256	0.5448028673835126	0.13620071684587814	0.5448028673835126		279.0	151.0	100.0	0.6	20.0	0.08	1.959963984540054	0.01	2.0	10.0	0.02	
development	diffuse_program	1407	mirror_reduction_025	reference	0.9237163200220682	0.9500000000000001	0.6666666666666666	sign_only			0.25	0.0	sign_only	430.0	279.0	151.0	0.6488372093023256	0.5448028673835126	0.13620071684587814	0.5448028673835126		279.0	151.0	100.0	0.6	20.0	0.08	1.959963984540054	0.01	2.0	10.0	0.02	
development	diffuse_program	1408	rc2_unweighted	target	0.8295547386921929	1.0	0.6666666666666666	not_applicable																									
development	diffuse_program	1408	rc2_unweighted	reference	0.8887077611281043	0.9833333333333333	0.6190476190476191	not_applicable																									
development	diffuse_program	1408	rc3_soft	target	0.7992566476490446	1.0	0.0	not_applicable	0.7740740740740737	0.5967592592592592																							
development	diffuse_program	1408	rc3_soft	reference	0.874717531350154	0.9222222222222223	0.0	not_applicable	0.7740740740740737	0.5967592592592592																							
development	diffuse_program	1408	mirror_reduction_100	target	0.7842944068073321	0.9833333333333334	0.7142857142857143	sign_only			1.0	0.0	sign_only	444.0	309.0	135.0	0.6959459459459459	0.4401294498381877	0.4401294498381877	0.4401294498381877		309.0	135.0	100.0	0.6	20.0	0.08	1.959963984540054	0.01	2.0	10.0	0.02	
development	diffuse_program	1408	mirror_reduction_100	reference	0.8525176778785903	0.8833333333333334	0.8571428571428571	sign_only			1.0	0.0	sign_only	444.0	309.0	135.0	0.6959459459459459	0.4401294498381877	0.4401294498381877	0.4401294498381877		309.0	135.0	100.0	0.6	20.0	0.08	1.959963984540054	0.01	2.0	10.0	0.02	
development	diffuse_program	1408	mirror_reduction_075	target	0.7842944068073321	0.9833333333333334	0.7142857142857143	sign_only			0.75	0.0	sign_only	444.0	309.0	135.0	0.6959459459459459	0.4401294498381877	0.33009708737864074	0.4401294498381877		309.0	135.0	100.0	0.6	20.0	0.08	1.959963984540054	0.01	2.0	10.0	0.02	
development	diffuse_program	1408	mirror_reduction_075	reference	0.8525176778785903	0.8833333333333334	0.8571428571428571	sign_only			0.75	0.0	sign_only	444.0	309.0	135.0	0.6959459459459459	0.4401294498381877	0.33009708737864074	0.4401294498381877		309.0	135.0	100.0	0.6	20.0	0.08	1.959963984540054	0.01	2.0	10.0	0.02	
development	diffuse_program	1408	mirror_reduction_050	target	0.7842944068073321	0.9833333333333334	0.7142857142857143	sign_only			0.5	0.0	sign_only	444.0	309.0	135.0	0.6959459459459459	0.4401294498381877	0.22006472491909385	0.4401294498381877		309.0	135.0	100.0	0.6	20.0	0.08	1.959963984540054	0.01	2.0	10.0	0.02	
development	diffuse_program	1408	mirror_reduction_050	reference	0.8525176778785903	0.8833333333333334	0.8571428571428571	sign_only			0.5	0.0	sign_only	444.0	309.0	135.0	0.6959459459459459	0.4401294498381877	0.22006472491909385	0.4401294498381877		309.0	135.0	100.0	0.6	20.0	0.08	1.959963984540054	0.01	2.0	10.0	0.02	
development	diffuse_program	1408	mirror_reduction_025	target	0.7842944068073321	0.9833333333333334	0.7142857142857143	sign_only			0.25	0.0	sign_only	444.0	309.0	135.0	0.6959459459459459	0.4401294498381877	0.11003236245954692	0.4401294498381877		309.0	135.0	100.0	0.6	20.0	0.08	1.959963984540054	0.01	2.0	10.0	0.02	
development	diffuse_program	1408	mirror_reduction_025	reference	0.8525176778785903	0.8833333333333334	0.8571428571428571	sign_only			0.25	0.0	sign_only	444.0	309.0	135.0	0.6959459459459459	0.4401294498381877	0.11003236245954692	0.4401294498381877		309.0	135.0	100.0	0.6	20.0	0.08	1.959963984540054	0.01	2.0	10.0	0.02	
development	diffuse_program	1409	rc2_unweighted	target	0.866232800248792	0.9666666666666667	0.47619047619047616	not_applicable																									
development	diffuse_program	1409	rc2_unweighted	reference	0.6703253444161121	0.9642857142857143	0.8095238095238095	not_applicable																									
development	diffuse_program	1409	rc3_soft	target	0.8461799804092005	0.9888888888888889	0.0	not_applicable	0.6888888888888891	0.5861111111111111																							
development	diffuse_program	1409	rc3_soft	reference	0.7980954059861998	0.9897959183673469	0.0	not_applicable	0.6888888888888891	0.5861111111111111																							
development	diffuse_program	1409	mirror_reduction_100	target	0.8572857476287724	0.9888888888888889	0.5238095238095238	sign_only			1.0	0.0	sign_only	458.0	292.0	166.0	0.6375545851528385	0.571917808219178	0.571917808219178	0.571917808219178		292.0	166.0	100.0	0.6	20.0	0.08	1.959963984540054	0.01	2.0	10.0	0.02	
development	diffuse_program	1409	mirror_reduction_100	reference	0.8317369154613065	0.9642857142857143	0.8095238095238095	sign_only			1.0	0.0	sign_only	458.0	292.0	166.0	0.6375545851528385	0.571917808219178	0.571917808219178	0.571917808219178		292.0	166.0	100.0	0.6	20.0	0.08	1.959963984540054	0.01	2.0	10.0	0.02	
development	diffuse_program	1409	mirror_reduction_075	target	0.8572857476287724	0.9888888888888889	0.5238095238095238	sign_only			0.75	0.0	sign_only	458.0	292.0	166.0	0.6375545851528385	0.571917808219178	0.4289383561643835	0.571917808219178		292.0	166.0	100.0	0.6	20.0	0.08	1.959963984540054	0.01	2.0	10.0	0.02	
development	diffuse_program	1409	mirror_reduction_075	reference	0.8317369154613065	0.9642857142857143	0.8095238095238095	sign_only			0.75	0.0	sign_only	458.0	292.0	166.0	0.6375545851528385	0.571917808219178	0.4289383561643835	0.571917808219178		292.0	166.0	100.0	0.6	20.0	0.08	1.959963984540054	0.01	2.0	10.0	0.02	
development	diffuse_program	1409	mirror_reduction_050	target	0.8572857476287724	0.9888888888888889	0.5238095238095238	sign_only			0.5	0.0	sign_only	458.0	292.0	166.0	0.6375545851528385	0.571917808219178	0.285958904109589	0.571917808219178		292.0	166.0	100.0	0.6	20.0	0.08	1.959963984540054	0.01	2.0	10.0	0.02	
development	diffuse_program	1409	mirror_reduction_050	reference	0.8317369154613065	0.9642857142857143	0.8095238095238095	sign_only			0.5	0.0	sign_only	458.0	292.0	166.0	0.6375545851528385	0.571917808219178	0.285958904109589	0.571917808219178		292.0	166.0	100.0	0.6	20.0	0.08	1.959963984540054	0.01	2.0	10.0	0.02	
development	diffuse_program	1409	mirror_reduction_025	target	0.8572857476287724	0.9888888888888889	0.5238095238095238	sign_only			0.25	0.0	sign_only	458.0	292.0	166.0	0.6375545851528385	0.571917808219178	0.1429794520547945	0.571917808219178		292.0	166.0	100.0	0.6	20.0	0.08	1.959963984540054	0.01	2.0	10.0	0.02	
development	diffuse_program	1409	mirror_reduction_025	reference	0.8317369154613065	0.9642857142857143	0.8095238095238095	sign_only			0.25	0.0	sign_only	458.0	292.0	166.0	0.6375545851528385	0.571917808219178	0.1429794520547945	0.571917808219178		292.0	166.0	100.0	0.6	20.0	0.08	1.959963984540054	0.01	2.0	10.0	0.02	
development	diffuse_program	1410	rc2_unweighted	target	0.694928174494617	0.861111111111111	0.6190476190476191	not_applicable																									
development	diffuse_program	1410	rc2_unweighted	reference	0.8821831636478099	0.8833333333333333	0.6666666666666666	not_applicable																									
development	diffuse_program	1410	rc3_soft	target	0.7545794788242196	0.8555555555555556	0.0	not_applicable	0.8592592592592592	0.6074074074074074																							
development	diffuse_program	1410	rc3_soft	reference	0.9115742427845498	0.9	0.0	not_applicable	0.8592592592592592	0.6074074074074074																							
development	diffuse_program	1410	mirror_reduction_100	target	0.7606432492360496	0.8555555555555555	0.7142857142857143	sign_only			1.0	0.0	sign_only	418.0	279.0	139.0	0.6674641148325359	0.5017921146953405	0.5017921146953405	0.5017921146953405		279.0	139.0	100.0	0.6	20.0	0.08	1.959963984540054	0.01	2.0	10.0	0.02	
development	diffuse_program	1410	mirror_reduction_100	reference	0.8925159577908995	0.8888888888888888	0.6666666666666666	sign_only			1.0	0.0	sign_only	418.0	279.0	139.0	0.6674641148325359	0.5017921146953405	0.5017921146953405	0.5017921146953405		279.0	139.0	100.0	0.6	20.0	0.08	1.959963984540054	0.01	2.0	10.0	0.02	
development	diffuse_program	1410	mirror_reduction_075	target	0.7606432492360496	0.8555555555555555	0.7142857142857143	sign_only			0.75	0.0	sign_only	418.0	279.0	139.0	0.6674641148325359	0.5017921146953405	0.3763440860215054	0.5017921146953405		279.0	139.0	100.0	0.6	20.0	0.08	1.959963984540054	0.01	2.0	10.0	0.02	
development	diffuse_program	1410	mirror_reduction_075	reference	0.8925159577908995	0.8888888888888888	0.6666666666666666	sign_only			0.75	0.0	sign_only	418.0	279.0	139.0	0.6674641148325359	0.5017921146953405	0.3763440860215054	0.5017921146953405		279.0	139.0	100.0	0.6	20.0	0.08	1.959963984540054	0.01	2.0	10.0	0.02	
development	diffuse_program	1410	mirror_reduction_050	target	0.7606432492360496	0.8555555555555555	0.7142857142857143	sign_only			0.5	0.0	sign_only	418.0	279.0	139.0	0.6674641148325359	0.5017921146953405	0.25089605734767023	0.5017921146953405		279.0	139.0	100.0	0.6	20.0	0.08	1.959963984540054	0.01	2.0	10.0	0.02	
development	diffuse_program	1410	mirror_reduction_050	reference	0.8925159577908995	0.8888888888888888	0.6666666666666666	sign_only			0.5	0.0	sign_only	418.0	279.0	139.0	0.6674641148325359	0.5017921146953405	0.25089605734767023	0.5017921146953405		279.0	139.0	100.0	0.6	20.0	0.08	1.959963984540054	0.01	2.0	10.0	0.02	
development	diffuse_program	1410	mirror_reduction_025	target	0.7606432492360496	0.8555555555555555	0.7142857142857143	sign_only			0.25	0.0	sign_only	418.0	279.0	139.0	0.6674641148325359	0.5017921146953405	0.12544802867383512	0.5017921146953405		279.0	139.0	100.0	0.6	20.0	0.08	1.959963984540054	0.01	2.0	10.0	0.02	
development	diffuse_program	1410	mirror_reduction_025	reference	0.8925159577908995	0.8888888888888888	0.6666666666666666	sign_only			0.25	0.0	sign_only	418.0	279.0	139.0	0.6674641148325359	0.5017921146953405	0.12544802867383512	0.5017921146953405		279.0	139.0	100.0	0.6	20.0	0.08	1.959963984540054	0.01	2.0	10.0	0.02	
development	diffuse_program	1411	rc2_unweighted	target	0.44412774422833673	0.7388888888888889	0.7619047619047619	not_applicable																									
development	diffuse_program	1411	rc2_unweighted	reference	0.686948024977614	0.9	0.6666666666666666	not_applicable																									
development	diffuse_program	1411	rc3_soft	target	0.4224049881641717	0.7	0.0	not_applicable	0.7592592592592595	0.5949074074074074																							
development	diffuse_program	1411	rc3_soft	reference	0.7305358101302772	0.9222222222222223	0.0	not_applicable	0.7592592592592595	0.5949074074074074																							
development	diffuse_program	1411	mirror_reduction_100	target	0.4894208252260698	0.7111111111111111	0.8571428571428571	sign_only			1.0	0.0	sign_only	470.0	312.0	158.0	0.6638297872340425	0.5096153846153846	0.5096153846153846	0.5096153846153846		312.0	158.0	100.0	0.6	20.0	0.08	1.959963984540054	0.01	2.0	10.0	0.02	
development	diffuse_program	1411	mirror_reduction_100	reference	0.7768326270937075	0.9500000000000001	0.7619047619047619	sign_only			1.0	0.0	sign_only	470.0	312.0	158.0	0.6638297872340425	0.5096153846153846	0.5096153846153846	0.5096153846153846		312.0	158.0	100.0	0.6	20.0	0.08	1.959963984540054	0.01	2.0	10.0	0.02	
development	diffuse_program	1411	mirror_reduction_075	target	0.30806062934323725	0.6333333333333333	0.8571428571428571	enriched_tail			0.75	2.4393377596404537	enriched_tail	470.0	312.0	158.0	0.6638297872340425	0.5096153846153846	0.38221153846153844	0.3442622950819672	0.6766587775450084	122.0	158.0	100.0	0.6	20.0	0.08	1.959963984540054	0.01	2.0	10.0	0.02	0.08574507389162567
development	diffuse_program	1411	mirror_reduction_075	reference	0.7537984782591838	0.9333333333333333	0.9047619047619048	enriched_tail			0.75	2.4393377596404537	enriched_tail	470.0	312.0	158.0	0.6638297872340425	0.5096153846153846	0.38221153846153844	0.3442622950819672	0.6766587775450084	122.0	158.0	100.0	0.6	20.0	0.08	1.959963984540054	0.01	2.0	10.0	0.02	0.08574507389162567
development	diffuse_program	1411	mirror_reduction_050	target	0.18177494552265935	0.5333333333333333	1.0	enriched_tail			0.5	3.269422264703577	enriched_tail	470.0	312.0	158.0	0.6638297872340425	0.5096153846153846	0.2548076923076923	0.24242424242424243	0.6805000966821229	33.0	158.0	100.0	0.6	20.0	0.08	1.959963984540054	0.01	2.0	10.0	0.02	0.1343344155844156
development	diffuse_program	1411	mirror_reduction_050	reference	0.3430964508112566	0.8055555555555556	0.9523809523809523	enriched_tail			0.5	3.269422264703577	enriched_tail	470.0	312.0	158.0	0.6638297872340425	0.5096153846153846	0.2548076923076923	0.24242424242424243	0.6805000966821229	33.0	158.0	100.0	0.6	20.0	0.08	1.959963984540054	0.01	2.0	10.0	0.02	0.1343344155844156
development	diffuse_program	1411	mirror_reduction_025	target	0.4894208252260698	0.7111111111111111	0.8571428571428571	sign_only			0.25	0.0	sign_only	470.0	312.0	158.0	0.6638297872340425	0.5096153846153846	0.12740384615384615	0.5096153846153846		312.0	158.0	100.0	0.6	20.0	0.08	1.959963984540054	0.01	2.0	10.0	0.02	
development	diffuse_program	1411	mirror_reduction_025	reference	0.7768326270937075	0.9500000000000001	0.7619047619047619	sign_only			0.25	0.0	sign_only	470.0	312.0	158.0	0.6638297872340425	0.5096153846153846	0.12740384615384615	0.5096153846153846		312.0	158.0	100.0	0.6	20.0	0.08	1.959963984540054	0.01	2.0	10.0	0.02	
development	diffuse_program	1412	rc2_unweighted	target	0.6289579482656205	0.8163265306122449	0.7619047619047619	not_applicable																									
development	diffuse_program	1412	rc2_unweighted	reference	0.8156271111152348	0.8520408163265306	0.47619047619047616	not_applicable																									
development	diffuse_program	1412	rc3_soft	target	0.6012252545920871	0.836734693877551	0.09523809523809523	not_applicable	0.8444444444444441	0.6055555555555555																							
development	diffuse_program	1412	rc3_soft	reference	0.8261746764325533	0.8979591836734694	0.0	not_applicable	0.8444444444444441	0.6055555555555555																							
development	diffuse_program	1412	mirror_reduction_100	target	0.5774754821826312	0.8367346938775511	0.8571428571428571	sign_only			1.0	0.0	sign_only	461.0	302.0	159.0	0.6550976138828634	0.5298013245033113	0.5298013245033113	0.5298013245033113		302.0	159.0	100.0	0.6	20.0	0.08	1.959963984540054	0.01	2.0	10.0	0.02	
development	diffuse_program	1412	mirror_reduction_100	reference	0.8255476032813683	0.9081632653061225	0.2857142857142857	sign_only			1.0	0.0	sign_only	461.0	302.0	159.0	0.6550976138828634	0.5298013245033113	0.5298013245033113	0.5298013245033113		302.0	159.0	100.0	0.6	20.0	0.08	1.959963984540054	0.01	2.0	10.0	0.02	
development	diffuse_program	1412	mirror_reduction_075	target	0.5774754821826312	0.8367346938775511	0.8571428571428571	sign_only			0.75	0.0	sign_only	461.0	302.0	159.0	0.6550976138828634	0.5298013245033113	0.3973509933774835	0.5298013245033113		302.0	159.0	100.0	0.6	20.0	0.08	1.959963984540054	0.01	2.0	10.0	0.02	
development	diffuse_program	1412	mirror_reduction_075	reference	0.8255476032813683	0.9081632653061225	0.2857142857142857	sign_only			0.75	0.0	sign_only	461.0	302.0	159.0	0.6550976138828634	0.5298013245033113	0.3973509933774835	0.5298013245033113		302.0	159.0	100.0	0.6	20.0	0.08	1.959963984540054	0.01	2.0	10.0	0.02	
development	diffuse_program	1412	mirror_reduction_050	target	0.5774754821826312	0.8367346938775511	0.8571428571428571	sign_only			0.5	0.0	sign_only	461.0	302.0	159.0	0.6550976138828634	0.5298013245033113	0.26490066225165565	0.5298013245033113		302.0	159.0	100.0	0.6	20.0	0.08	1.959963984540054	0.01	2.0	10.0	0.02	
development	diffuse_program	1412	mirror_reduction_050	reference	0.8255476032813683	0.9081632653061225	0.2857142857142857	sign_only			0.5	0.0	sign_only	461.0	302.0	159.0	0.6550976138828634	0.5298013245033113	0.26490066225165565	0.5298013245033113		302.0	159.0	100.0	0.6	20.0	0.08	1.959963984540054	0.01	2.0	10.0	0.02	
development	diffuse_program	1412	mirror_reduction_025	target	0.5774754821826312	0.8367346938775511	0.8571428571428571	sign_only			0.25	0.0	sign_only	461.0	302.0	159.0	0.6550976138828634	0.5298013245033113	0.13245033112582782	0.5298013245033113		302.0	159.0	100.0	0.6	20.0	0.08	1.959963984540054	0.01	2.0	10.0	0.02	
development	diffuse_program	1412	mirror_reduction_025	reference	0.8255476032813683	0.9081632653061225	0.2857142857142857	sign_only			0.25	0.0	sign_only	461.0	302.0	159.0	0.6550976138828634	0.5298013245033113	0.13245033112582782	0.5298013245033113		302.0	159.0	100.0	0.6	20.0	0.08	1.959963984540054	0.01	2.0	10.0	0.02	
development	diffuse_program	1413	rc2_unweighted	target	0.8218745396394681	0.8722222222222222	0.5238095238095238	not_applicable																									
development	diffuse_program	1413	rc2_unweighted	reference	0.7721354224077556	0.9333333333333333	0.6666666666666666	not_applicable																									
development	diffuse_program	1413	rc3_soft	target	0.8612423540018384	0.9000000000000001	0.0	not_applicable	1.0222222222222221	0.6277777777777778																							
development	diffuse_program	1413	rc3_soft	reference	0.8166756008623919	0.9666666666666667	0.0	not_applicable	1.0222222222222221	0.6277777777777778																							
development	diffuse_program	1413	mirror_reduction_100	target	0.867873517204244	0.9111111111111111	0.6666666666666666	sign_only			1.0	0.0	sign_only	452.0	303.0	149.0	0.6703539823008849	0.49504950495049505	0.49504950495049505	0.49504950495049505		303.0	149.0	100.0	0.6	20.0	0.08	1.959963984540054	0.01	2.0	10.0	0.02	
development	diffuse_program	1413	mirror_reduction_100	reference	0.8039936961942175	0.9666666666666667	0.7142857142857143	sign_only			1.0	0.0	sign_only	452.0	303.0	149.0	0.6703539823008849	0.49504950495049505	0.49504950495049505	0.49504950495049505		303.0	149.0	100.0	0.6	20.0	0.08	1.959963984540054	0.01	2.0	10.0	0.02	
development	diffuse_program	1413	mirror_reduction_075	target	0.867873517204244	0.9111111111111111	0.6666666666666666	sign_only			0.75	0.0	sign_only	452.0	303.0	149.0	0.6703539823008849	0.49504950495049505	0.3712871287128713	0.49504950495049505		303.0	149.0	100.0	0.6	20.0	0.08	1.959963984540054	0.01	2.0	10.0	0.02	
development	diffuse_program	1413	mirror_reduction_075	reference	0.8039936961942175	0.9666666666666667	0.7142857142857143	sign_only			0.75	0.0	sign_only	452.0	303.0	149.0	0.6703539823008849	0.49504950495049505	0.3712871287128713	0.49504950495049505		303.0	149.0	100.0	0.6	20.0	0.08	1.959963984540054	0.01	2.0	10.0	0.02	
development	diffuse_program	1413	mirror_reduction_050	target	0.867873517204244	0.9111111111111111	0.6666666666666666	sign_only			0.5	0.0	sign_only	452.0	303.0	149.0	0.6703539823008849	0.49504950495049505	0.24752475247524752	0.49504950495049505		303.0	149.0	100.0	0.6	20.0	0.08	1.959963984540054	0.01	2.0	10.0	0.02	
development	diffuse_program	1413	mirror_reduction_050	reference	0.8039936961942175	0.9666666666666667	0.7142857142857143	sign_only			0.5	0.0	sign_only	452.0	303.0	149.0	0.6703539823008849	0.49504950495049505	0.24752475247524752	0.49504950495049505		303.0	149.0	100.0	0.6	20.0	0.08	1.959963984540054	0.01	2.0	10.0	0.02	
development	diffuse_program	1413	mirror_reduction_025	target	0.867873517204244	0.9111111111111111	0.6666666666666666	sign_only			0.25	0.0	sign_only	452.0	303.0	149.0	0.6703539823008849	0.49504950495049505	0.12376237623762376	0.49504950495049505		303.0	149.0	100.0	0.6	20.0	0.08	1.959963984540054	0.01	2.0	10.0	0.02	
development	diffuse_program	1413	mirror_reduction_025	reference	0.8039936961942175	0.9666666666666667	0.7142857142857143	sign_only			0.25	0.0	sign_only	452.0	303.0	149.0	0.6703539823008849	0.49504950495049505	0.12376237623762376	0.49504950495049505		303.0	149.0	100.0	0.6	20.0	0.08	1.959963984540054	0.01	2.0	10.0	0.02	
development	diffuse_program	1414	rc2_unweighted	target	0.7949065271051179	0.9444444444444445	0.8095238095238095	not_applicable																									
development	diffuse_program	1414	rc2_unweighted	reference	0.8224336663049524	0.9277777777777778	0.7619047619047619	not_applicable																									
development	diffuse_program	1414	rc3_soft	target	0.7665806221419287	0.9666666666666667	0.0	not_applicable	0.7222222222222223	0.5902777777777778																							
development	diffuse_program	1414	rc3_soft	reference	0.8173268573224098	0.8777777777777778	0.0	not_applicable	0.7222222222222223	0.5902777777777778																							
development	diffuse_program	1414	mirror_reduction_100	target	0.7652140363019239	0.9666666666666667	0.7619047619047619	sign_only			1.0	0.0	sign_only	424.0	288.0	136.0	0.6792452830188679	0.4756944444444444	0.4756944444444444	0.4756944444444444		288.0	136.0	100.0	0.6	20.0	0.08	1.959963984540054	0.01	2.0	10.0	0.02	
development	diffuse_program	1414	mirror_reduction_100	reference	0.8252067488935136	0.8555555555555554	0.8095238095238095	sign_only			1.0	0.0	sign_only	424.0	288.0	136.0	0.6792452830188679	0.4756944444444444	0.4756944444444444	0.4756944444444444		288.0	136.0	100.0	0.6	20.0	0.08	1.959963984540054	0.01	2.0	10.0	0.02	
development	diffuse_program	1414	mirror_reduction_075	target	0.7652140363019239	0.9666666666666667	0.7619047619047619	sign_only			0.75	0.0	sign_only	424.0	288.0	136.0	0.6792452830188679	0.4756944444444444	0.3567708333333333	0.4756944444444444		288.0	136.0	100.0	0.6	20.0	0.08	1.959963984540054	0.01	2.0	10.0	0.02	
development	diffuse_program	1414	mirror_reduction_075	reference	0.8252067488935136	0.8555555555555554	0.8095238095238095	sign_only			0.75	0.0	sign_only	424.0	288.0	136.0	0.6792452830188679	0.4756944444444444	0.3567708333333333	0.4756944444444444		288.0	136.0	100.0	0.6	20.0	0.08	1.959963984540054	0.01	2.0	10.0	0.02	
development	diffuse_program	1414	mirror_reduction_050	target	0.7652140363019239	0.9666666666666667	0.7619047619047619	sign_only			0.5	0.0	sign_only	424.0	288.0	136.0	0.6792452830188679	0.4756944444444444	0.2378472222222222	0.4756944444444444		288.0	136.0	100.0	0.6	20.0	0.08	1.959963984540054	0.01	2.0	10.0	0.02	
development	diffuse_program	1414	mirror_reduction_050	reference	0.8252067488935136	0.8555555555555554	0.8095238095238095	sign_only			0.5	0.0	sign_only	424.0	288.0	136.0	0.6792452830188679	0.4756944444444444	0.2378472222222222	0.4756944444444444		288.0	136.0	100.0	0.6	20.0	0.08	1.959963984540054	0.01	2.0	10.0	0.02	
development	diffuse_program	1414	mirror_reduction_025	target	0.7652140363019239	0.9666666666666667	0.7619047619047619	sign_only			0.25	0.0	sign_only	424.0	288.0	136.0	0.6792452830188679	0.4756944444444444	0.1189236111111111	0.4756944444444444		288.0	136.0	100.0	0.6	20.0	0.08	1.959963984540054	0.01	2.0	10.0	0.02	
development	diffuse_program	1414	mirror_reduction_025	reference	0.8252067488935136	0.8555555555555554	0.8095238095238095	sign_only			0.25	0.0	sign_only	424.0	288.0	136.0	0.6792452830188679	0.4756944444444444	0.1189236111111111	0.4756944444444444		288.0	136.0	100.0	0.6	20.0	0.08	1.959963984540054	0.01	2.0	10.0	0.02	
development	diffuse_program	1415	rc2_unweighted	target	0.7793690664766244	0.9111111111111111	0.47619047619047616	not_applicable																									
development	diffuse_program	1415	rc2_unweighted	reference	0.33177819321361773	0.75	0.7619047619047619	not_applicable																									
development	diffuse_program	1415	rc3_soft	target	0.8057181687893528	0.9222222222222223	0.0	not_applicable	0.7222222222222223	0.5902777777777778																							
development	diffuse_program	1415	rc3_soft	reference	0.5557212386474049	0.8076923076923077	0.0	not_applicable	0.7222222222222223	0.5902777777777778																							
development	diffuse_program	1415	mirror_reduction_100	target	0.8243749042163211	0.9222222222222223	0.38095238095238093	sign_only			1.0	0.0	sign_only	451.0	306.0	145.0	0.6784922394678492	0.477124183006536	0.477124183006536	0.477124183006536		306.0	145.0	100.0	0.6	20.0	0.08	1.959963984540054	0.01	2.0	10.0	0.02	
development	diffuse_program	1415	mirror_reduction_100	reference	0.55666613293588	0.75	0.9047619047619048	sign_only			1.0	0.0	sign_only	451.0	306.0	145.0	0.6784922394678492	0.477124183006536	0.477124183006536	0.477124183006536		306.0	145.0	100.0	0.6	20.0	0.08	1.959963984540054	0.01	2.0	10.0	0.02	
development	diffuse_program	1415	mirror_reduction_075	target	0.8243749042163211	0.9222222222222223	0.38095238095238093	sign_only			0.75	0.0	sign_only	451.0	306.0	145.0	0.6784922394678492	0.477124183006536	0.35784313725490197	0.477124183006536		306.0	145.0	100.0	0.6	20.0	0.08	1.959963984540054	0.01	2.0	10.0	0.02	
development	diffuse_program	1415	mirror_reduction_075	reference	0.55666613293588	0.75	0.9047619047619048	sign_only			0.75	0.0	sign_only	451.0	306.0	145.0	0.6784922394678492	0.477124183006536	0.35784313725490197	0.477124183006536		306.0	145.0	100.0	0.6	20.0	0.08	1.959963984540054	0.01	2.0	10.0	0.02	
development	diffuse_program	1415	mirror_reduction_050	target	0.8243749042163211	0.9222222222222223	0.38095238095238093	sign_only			0.5	0.0	sign_only	451.0	306.0	145.0	0.6784922394678492	0.477124183006536	0.238562091503268	0.477124183006536		306.0	145.0	100.0	0.6	20.0	0.08	1.959963984540054	0.01	2.0	10.0	0.02	
development	diffuse_program	1415	mirror_reduction_050	reference	0.55666613293588	0.75	0.9047619047619048	sign_only			0.5	0.0	sign_only	451.0	306.0	145.0	0.6784922394678492	0.477124183006536	0.238562091503268	0.477124183006536		306.0	145.0	100.0	0.6	20.0	0.08	1.959963984540054	0.01	2.0	10.0	0.02	
development	diffuse_program	1415	mirror_reduction_025	target	0.8243749042163211	0.9222222222222223	0.38095238095238093	sign_only			0.25	0.0	sign_only	451.0	306.0	145.0	0.6784922394678492	0.477124183006536	0.119281045751634	0.477124183006536		306.0	145.0	100.0	0.6	20.0	0.08	1.959963984540054	0.01	2.0	10.0	0.02	
development	diffuse_program	1415	mirror_reduction_025	reference	0.55666613293588	0.75	0.9047619047619048	sign_only			0.25	0.0	sign_only	451.0	306.0	145.0	0.6784922394678492	0.477124183006536	0.119281045751634	0.477124183006536		306.0	145.0	100.0	0.6	20.0	0.08	1.959963984540054	0.01	2.0	10.0	0.02	
development	diffuse_program	1416	rc2_unweighted	target	0.7536721629524524	0.9285714285714287	0.7142857142857143	not_applicable																									
development	diffuse_program	1416	rc2_unweighted	reference	0.753434917168239	0.8	0.42857142857142855	not_applicable																									
development	diffuse_program	1416	rc3_soft	target	0.7592267868144658	0.9387755102040816	0.0	not_applicable	0.7259259259259263	0.5907407407407408																							
development	diffuse_program	1416	rc3_soft	reference	0.8124800741705185	0.8111111111111111	0.0	not_applicable	0.7259259259259263	0.5907407407407408																							
development	diffuse_program	1416	mirror_reduction_100	target	0.6995095467968504	0.9081632653061223	0.8571428571428571	sign_only			1.0	0.0	sign_only	429.0	267.0	162.0	0.6223776223776224	0.6104868913857678	0.6104868913857678	0.6104868913857678		267.0	162.0	100.0	0.6	20.0	0.08	1.959963984540054	0.01	2.0	10.0	0.02	
development	diffuse_program	1416	mirror_reduction_100	reference	0.8043080217281668	0.8055555555555556	0.5714285714285714	sign_only			1.0	0.0	sign_only	429.0	267.0	162.0	0.6223776223776224	0.6104868913857678	0.6104868913857678	0.6104868913857678		267.0	162.0	100.0	0.6	20.0	0.08	1.959963984540054	0.01	2.0	10.0	0.02	
development	diffuse_program	1416	mirror_reduction_075	target	0.6995095467968504	0.9081632653061223	0.8571428571428571	sign_only			0.75	0.0	sign_only	429.0	267.0	162.0	0.6223776223776224	0.6104868913857678	0.4578651685393259	0.6104868913857678		267.0	162.0	100.0	0.6	20.0	0.08	1.959963984540054	0.01	2.0	10.0	0.02	
development	diffuse_program	1416	mirror_reduction_075	reference	0.8043080217281668	0.8055555555555556	0.5714285714285714	sign_only			0.75	0.0	sign_only	429.0	267.0	162.0	0.6223776223776224	0.6104868913857678	0.4578651685393259	0.6104868913857678		267.0	162.0	100.0	0.6	20.0	0.08	1.959963984540054	0.01	2.0	10.0	0.02	
development	diffuse_program	1416	mirror_reduction_050	target	0.6995095467968504	0.9081632653061223	0.8571428571428571	sign_only			0.5	0.0	sign_only	429.0	267.0	162.0	0.6223776223776224	0.6104868913857678	0.3052434456928839	0.6104868913857678		267.0	162.0	100.0	0.6	20.0	0.08	1.959963984540054	0.01	2.0	10.0	0.02	
development	diffuse_program	1416	mirror_reduction_050	reference	0.8043080217281668	0.8055555555555556	0.5714285714285714	sign_only			0.5	0.0	sign_only	429.0	267.0	162.0	0.6223776223776224	0.6104868913857678	0.3052434456928839	0.6104868913857678		267.0	162.0	100.0	0.6	20.0	0.08	1.959963984540054	0.01	2.0	10.0	0.02	
development	diffuse_program	1416	mirror_reduction_025	target	0.6995095467968504	0.9081632653061223	0.8571428571428571	sign_only			0.25	0.0	sign_only	429.0	267.0	162.0	0.6223776223776224	0.6104868913857678	0.15262172284644196	0.6104868913857678		267.0	162.0	100.0	0.6	20.0	0.08	1.959963984540054	0.01	2.0	10.0	0.02	
development	diffuse_program	1416	mirror_reduction_025	reference	0.8043080217281668	0.8055555555555556	0.5714285714285714	sign_only			0.25	0.0	sign_only	429.0	267.0	162.0	0.6223776223776224	0.6104868913857678	0.15262172284644196	0.6104868913857678		267.0	162.0	100.0	0.6	20.0	0.08	1.959963984540054	0.01	2.0	10.0	0.02	
development	isolated_program	1401	rc2_unweighted	target	0.7707296888800391	0.8388888888888889	0.5714285714285714	not_applicable																									
development	isolated_program	1401	rc2_unweighted	reference	0.7746039941154311	0.9777777777777777	0.5714285714285714	not_applicable																									
development	isolated_program	1401	rc3_soft	target	0.7747497533119938	0.8444444444444446	0.0	not_applicable	0.014814814814815058	0.5018518518518519																							
development	isolated_program	1401	rc3_soft	reference	0.7645238384766985	0.9777777777777779	0.0	not_applicable	0.014814814814815058	0.5018518518518519																							
development	isolated_program	1401	mirror_reduction_100	target	0.7707296888800391	0.8388888888888889	0.5714285714285714	no_gate			1.0		no_gate	450.0	219.0	231.0	0.4866666666666667	1.0593607305936072				219.0	0.0	100.0	0.6	20.0	0.08	1.959963984540054	0.01	2.0	10.0	0.02	
development	isolated_program	1401	mirror_reduction_100	reference	0.7746039941154311	0.9777777777777777	0.5714285714285714	no_gate			1.0		no_gate	450.0	219.0	231.0	0.4866666666666667	1.0593607305936072				219.0	0.0	100.0	0.6	20.0	0.08	1.959963984540054	0.01	2.0	10.0	0.02	
development	isolated_program	1401	mirror_reduction_075	target	0.7707296888800391	0.8388888888888889	0.5714285714285714	no_gate			0.75		no_gate	450.0	219.0	231.0	0.4866666666666667	1.0593607305936072				219.0	0.0	100.0	0.6	20.0	0.08	1.959963984540054	0.01	2.0	10.0	0.02	
development	isolated_program	1401	mirror_reduction_075	reference	0.7746039941154311	0.9777777777777777	0.5714285714285714	no_gate			0.75		no_gate	450.0	219.0	231.0	0.4866666666666667	1.0593607305936072				219.0	0.0	100.0	0.6	20.0	0.08	1.959963984540054	0.01	2.0	10.0	0.02	
development	isolated_program	1401	mirror_reduction_050	target	0.7707296888800391	0.8388888888888889	0.5714285714285714	no_gate			0.5		no_gate	450.0	219.0	231.0	0.4866666666666667	1.0593607305936072				219.0	0.0	100.0	0.6	20.0	0.08	1.959963984540054	0.01	2.0	10.0	0.02	
development	isolated_program	1401	mirror_reduction_050	reference	0.7746039941154311	0.9777777777777777	0.5714285714285714	no_gate			0.5		no_gate	450.0	219.0	231.0	0.4866666666666667	1.0593607305936072				219.0	0.0	100.0	0.6	20.0	0.08	1.959963984540054	0.01	2.0	10.0	0.02	
development	isolated_program	1401	mirror_reduction_025	target	0.7707296888800391	0.8388888888888889	0.5714285714285714	no_gate			0.25		no_gate	450.0	219.0	231.0	0.4866666666666667	1.0593607305936072				219.0	0.0	100.0	0.6	20.0	0.08	1.959963984540054	0.01	2.0	10.0	0.02	
development	isolated_program	1401	mirror_reduction_025	reference	0.7746039941154311	0.9777777777777777	0.5714285714285714	no_gate			0.25		no_gate	450.0	219.0	231.0	0.4866666666666667	1.0593607305936072				219.0	0.0	100.0	0.6	20.0	0.08	1.959963984540054	0.01	2.0	10.0	0.02	
development	isolated_program	1402	rc2_unweighted	target	0.5256210542142716	0.9	0.5238095238095238	not_applicable																									
development	isolated_program	1402	rc2_unweighted	reference	0.887636265250697	0.9166666666666666	0.42857142857142855	not_applicable																									
development	isolated_program	1402	rc3_soft	target	0.5256210542142716	0.9	0.5238095238095238	not_applicable	0.0	0.5																							
development	isolated_program	1402	rc3_soft	reference	0.887636265250697	0.9166666666666666	0.42857142857142855	not_applicable	0.0	0.5																							
development	isolated_program	1402	mirror_reduction_100	target	0.5256210542142716	0.9	0.5238095238095238	no_gate			1.0		no_gate	493.0	261.0	232.0	0.5294117647058824	0.89272030651341				261.0	0.0	100.0	0.6	20.0	0.08	1.959963984540054	0.01	2.0	10.0	0.02	
development	isolated_program	1402	mirror_reduction_100	reference	0.887636265250697	0.9166666666666666	0.42857142857142855	no_gate			1.0		no_gate	493.0	261.0	232.0	0.5294117647058824	0.89272030651341				261.0	0.0	100.0	0.6	20.0	0.08	1.959963984540054	0.01	2.0	10.0	0.02	
development	isolated_program	1402	mirror_reduction_075	target	0.5256210542142716	0.9	0.5238095238095238	no_gate			0.75		no_gate	493.0	261.0	232.0	0.5294117647058824	0.89272030651341				261.0	0.0	100.0	0.6	20.0	0.08	1.959963984540054	0.01	2.0	10.0	0.02	
development	isolated_program	1402	mirror_reduction_075	reference	0.887636265250697	0.9166666666666666	0.42857142857142855	no_gate			0.75		no_gate	493.0	261.0	232.0	0.5294117647058824	0.89272030651341				261.0	0.0	100.0	0.6	20.0	0.08	1.959963984540054	0.01	2.0	10.0	0.02	
development	isolated_program	1402	mirror_reduction_050	target	0.5256210542142716	0.9	0.5238095238095238	no_gate			0.5		no_gate	493.0	261.0	232.0	0.5294117647058824	0.89272030651341				261.0	0.0	100.0	0.6	20.0	0.08	1.959963984540054	0.01	2.0	10.0	0.02	
development	isolated_program	1402	mirror_reduction_050	reference	0.887636265250697	0.9166666666666666	0.42857142857142855	no_gate			0.5		no_gate	493.0	261.0	232.0	0.5294117647058824	0.89272030651341				261.0	0.0	100.0	0.6	20.0	0.08	1.959963984540054	0.01	2.0	10.0	0.02	
development	isolated_program	1402	mirror_reduction_025	target	0.5256210542142716	0.9	0.5238095238095238	no_gate			0.25		no_gate	493.0	261.0	232.0	0.5294117647058824	0.89272030651341				261.0	0.0	100.0	0.6	20.0	0.08	1.959963984540054	0.01	2.0	10.0	0.02	
development	isolated_program	1402	mirror_reduction_025	reference	0.887636265250697	0.9166666666666666	0.42857142857142855	no_gate			0.25		no_gate	493.0	261.0	232.0	0.5294117647058824	0.89272030651341				261.0	0.0	100.0	0.6	20.0	0.08	1.959963984540054	0.01	2.0	10.0	0.02	
development	isolated_program	1403	rc2_unweighted	target	0.7547294495505339	0.9333333333333335	0.3333333333333333	not_applicable																									
development	isolated_program	1403	rc2_unweighted	reference	0.7287108533322232	0.875	0.6666666666666666	not_applicable																									
development	isolated_program	1403	rc3_soft	target	0.7547294495505339	0.9333333333333335	0.3333333333333333	not_applicable	0.0	0.5																							
development	isolated_program	1403	rc3_soft	reference	0.7287108533322232	0.875	0.6666666666666666	not_applicable	0.0	0.5																							
development	isolated_program	1403	mirror_reduction_100	target	0.7547294495505339	0.9333333333333335	0.3333333333333333	no_gate			1.0		no_gate	470.0	248.0	222.0	0.5276595744680851	0.8991935483870968				248.0	0.0	100.0	0.6	20.0	0.08	1.959963984540054	0.01	2.0	10.0	0.02	
development	isolated_program	1403	mirror_reduction_100	reference	0.7287108533322232	0.875	0.6666666666666666	no_gate			1.0		no_gate	470.0	248.0	222.0	0.5276595744680851	0.8991935483870968				248.0	0.0	100.0	0.6	20.0	0.08	1.959963984540054	0.01	2.0	10.0	0.02	
development	isolated_program	1403	mirror_reduction_075	target	0.7547294495505339	0.9333333333333335	0.3333333333333333	no_gate			0.75		no_gate	470.0	248.0	222.0	0.5276595744680851	0.8991935483870968				248.0	0.0	100.0	0.6	20.0	0.08	1.959963984540054	0.01	2.0	10.0	0.02	
development	isolated_program	1403	mirror_reduction_075	reference	0.7287108533322232	0.875	0.6666666666666666	no_gate			0.75		no_gate	470.0	248.0	222.0	0.5276595744680851	0.8991935483870968				248.0	0.0	100.0	0.6	20.0	0.08	1.959963984540054	0.01	2.0	10.0	0.02	
development	isolated_program	1403	mirror_reduction_050	target	0.7547294495505339	0.9333333333333335	0.3333333333333333	no_gate			0.5		no_gate	470.0	248.0	222.0	0.5276595744680851	0.8991935483870968				248.0	0.0	100.0	0.6	20.0	0.08	1.959963984540054	0.01	2.0	10.0	0.02	
development	isolated_program	1403	mirror_reduction_050	reference	0.7287108533322232	0.875	0.6666666666666666	no_gate			0.5		no_gate	470.0	248.0	222.0	0.5276595744680851	0.8991935483870968				248.0	0.0	100.0	0.6	20.0	0.08	1.959963984540054	0.01	2.0	10.0	0.02	
development	isolated_program	1403	mirror_reduction_025	target	0.7547294495505339	0.9333333333333335	0.3333333333333333	no_gate			0.25		no_gate	470.0	248.0	222.0	0.5276595744680851	0.8991935483870968				248.0	0.0	100.0	0.6	20.0	0.08	1.959963984540054	0.01	2.0	10.0	0.02	
development	isolated_program	1403	mirror_reduction_025	reference	0.7287108533322232	0.875	0.6666666666666666	no_gate			0.25		no_gate	470.0	248.0	222.0	0.5276595744680851	0.8991935483870968				248.0	0.0	100.0	0.6	20.0	0.08	1.959963984540054	0.01	2.0	10.0	0.02	
development	isolated_program	1404	rc2_unweighted	target	0.8112442260819311	0.9	0.6190476190476191	not_applicable																									
development	isolated_program	1404	rc2_unweighted	reference	0.7670183349539795	0.8061224489795918	0.5238095238095238	not_applicable																									
development	isolated_program	1404	rc3_soft	target	0.8112442260819311	0.9	0.6190476190476191	not_applicable	0.0	0.4847222222222222																							
development	isolated_program	1404	rc3_soft	reference	0.7670183349539795	0.8061224489795918	0.5238095238095238	not_applicable	0.0	0.4847222222222222																							
development	isolated_program	1404	mirror_reduction_100	target	0.8112442260819311	0.9	0.6190476190476191	no_gate			1.0		no_gate	464.0	227.0	237.0	0.4892241379310345	1.0484581497797356				227.0	0.0	100.0	0.6	20.0	0.08	1.959963984540054	0.01	2.0	10.0	0.02	
development	isolated_program	1404	mirror_reduction_100	reference	0.7670183349539795	0.8061224489795918	0.5238095238095238	no_gate			1.0		no_gate	464.0	227.0	237.0	0.4892241379310345	1.0484581497797356				227.0	0.0	100.0	0.6	20.0	0.08	1.959963984540054	0.01	2.0	10.0	0.02	
development	isolated_program	1404	mirror_reduction_075	target	0.8112442260819311	0.9	0.6190476190476191	no_gate			0.75		no_gate	464.0	227.0	237.0	0.4892241379310345	1.0484581497797356				227.0	0.0	100.0	0.6	20.0	0.08	1.959963984540054	0.01	2.0	10.0	0.02	
development	isolated_program	1404	mirror_reduction_075	reference	0.7670183349539795	0.8061224489795918	0.5238095238095238	no_gate			0.75		no_gate	464.0	227.0	237.0	0.4892241379310345	1.0484581497797356				227.0	0.0	100.0	0.6	20.0	0.08	1.959963984540054	0.01	2.0	10.0	0.02	
development	isolated_program	1404	mirror_reduction_050	target	0.8112442260819311	0.9	0.6190476190476191	no_gate			0.5		no_gate	464.0	227.0	237.0	0.4892241379310345	1.0484581497797356				227.0	0.0	100.0	0.6	20.0	0.08	1.959963984540054	0.01	2.0	10.0	0.02	
development	isolated_program	1404	mirror_reduction_050	reference	0.7670183349539795	0.8061224489795918	0.5238095238095238	no_gate			0.5		no_gate	464.0	227.0	237.0	0.4892241379310345	1.0484581497797356				227.0	0.0	100.0	0.6	20.0	0.08	1.959963984540054	0.01	2.0	10.0	0.02	
development	isolated_program	1404	mirror_reduction_025	target	0.8112442260819311	0.9	0.6190476190476191	no_gate			0.25		no_gate	464.0	227.0	237.0	0.4892241379310345	1.0484581497797356				227.0	0.0	100.0	0.6	20.0	0.08	1.959963984540054	0.01	2.0	10.0	0.02	
development	isolated_program	1404	mirror_reduction_025	reference	0.7670183349539795	0.8061224489795918	0.5238095238095238	no_gate			0.25		no_gate	464.0	227.0	237.0	0.4892241379310345	1.0484581497797356				227.0	0.0	100.0	0.6	20.0	0.08	1.959963984540054	0.01	2.0	10.0	0.02	
development	isolated_program	1405	rc2_unweighted	target	0.6706482414828294	0.8666666666666667	0.6666666666666666	not_applicable																									
development	isolated_program	1405	rc2_unweighted	reference	0.9144629935604679	0.9388888888888889	0.5238095238095238	not_applicable																									
development	isolated_program	1405	rc3_soft	target	0.6487944385487349	0.8555555555555556	0.0	not_applicable	0.3555555555555552	0.5444444444444444																							
development	isolated_program	1405	rc3_soft	reference	0.924784173225356	0.9555555555555556	0.0	not_applicable	0.3555555555555552	0.5444444444444444																							
development	isolated_program	1405	mirror_reduction_100	target	0.4027436240852679	0.7111111111111111	0.9523809523809523	sign_only			1.0	0.0	sign_only	465.0	292.0	173.0	0.6279569892473118	0.5958904109589042	0.5958904109589042	0.5958904109589042		292.0	173.0	100.0	0.6	20.0	0.08	1.959963984540054	0.01	2.0	10.0	0.02	
development	isolated_program	1405	mirror_reduction_100	reference	0.8933150162285998	0.8944444444444444	0.6190476190476191	sign_only			1.0	0.0	sign_only	465.0	292.0	173.0	0.6279569892473118	0.5958904109589042	0.5958904109589042	0.5958904109589042		292.0	173.0	100.0	0.6	20.0	0.08	1.959963984540054	0.01	2.0	10.0	0.02	
development	isolated_program	1405	mirror_reduction_075	target	0.4027436240852679	0.7111111111111111	0.9523809523809523	sign_only			0.75	0.0	sign_only	465.0	292.0	173.0	0.6279569892473118	0.5958904109589042	0.44691780821917815	0.5958904109589042		292.0	173.0	100.0	0.6	20.0	0.08	1.959963984540054	0.01	2.0	10.0	0.02	
development	isolated_program	1405	mirror_reduction_075	reference	0.8933150162285998	0.8944444444444444	0.6190476190476191	sign_only			0.75	0.0	sign_only	465.0	292.0	173.0	0.6279569892473118	0.5958904109589042	0.44691780821917815	0.5958904109589042		292.0	173.0	100.0	0.6	20.0	0.08	1.959963984540054	0.01	2.0	10.0	0.02	
development	isolated_program	1405	mirror_reduction_050	target	0.4027436240852679	0.7111111111111111	0.9523809523809523	sign_only			0.5	0.0	sign_only	465.0	292.0	173.0	0.6279569892473118	0.5958904109589042	0.2979452054794521	0.5958904109589042		292.0	173.0	100.0	0.6	20.0	0.08	1.959963984540054	0.01	2.0	10.0	0.02	
development	isolated_program	1405	mirror_reduction_050	reference	0.8933150162285998	0.8944444444444444	0.6190476190476191	sign_only			0.5	0.0	sign_only	465.0	292.0	173.0	0.6279569892473118	0.5958904109589042	0.2979452054794521	0.5958904109589042		292.0	173.0	100.0	0.6	20.0	0.08	1.959963984540054	0.01	2.0	10.0	0.02	
development	isolated_program	1405	mirror_reduction_025	target	0.4027436240852679	0.7111111111111111	0.9523809523809523	sign_only			0.25	0.0	sign_only	465.0	292.0	173.0	0.6279569892473118	0.5958904109589042	0.14897260273972604	0.5958904109589042		292.0	173.0	100.0	0.6	20.0	0.08	1.959963984540054	0.01	2.0	10.0	0.02	
development	isolated_program	1405	mirror_reduction_025	reference	0.8933150162285998	0.8944444444444444	0.6190476190476191	sign_only			0.25	0.0	sign_only	465.0	292.0	173.0	0.6279569892473118	0.5958904109589042	0.14897260273972604	0.5958904109589042		292.0	173.0	100.0	0.6	20.0	0.08	1.959963984540054	0.01	2.0	10.0	0.02	
development	isolated_program	1406	rc2_unweighted	target	0.8067172731577257	0.9722222222222222	0.5714285714285714	not_applicable																									
development	isolated_program	1406	rc2_unweighted	reference	0.7700885336982954	0.9438775510204082	0.5238095238095238	not_applicable																									
development	isolated_program	1406	rc3_soft	target	0.8136577612579774	0.9666666666666667	0.0	not_applicable	0.08888888888888857	0.5111111111111111																							
development	isolated_program	1406	rc3_soft	reference	0.7700602126358642	0.9387755102040816	0.0	not_applicable	0.08888888888888857	0.5111111111111111																							
development	isolated_program	1406	mirror_reduction_100	target	0.8067172731577257	0.9722222222222222	0.5714285714285714	no_gate			1.0		no_gate	455.0	238.0	217.0	0.5230769230769231	0.9159663865546218				238.0	0.0	100.0	0.6	20.0	0.08	1.959963984540054	0.01	2.0	10.0	0.02	
development	isolated_program	1406	mirror_reduction_100	reference	0.7700885336982954	0.9438775510204082	0.5238095238095238	no_gate			1.0		no_gate	455.0	238.0	217.0	0.5230769230769231	0.9159663865546218				238.0	0.0	100.0	0.6	20.0	0.08	1.959963984540054	0.01	2.0	10.0	0.02	
development	isolated_program	1406	mirror_reduction_075	target	0.8067172731577257	0.9722222222222222	0.5714285714285714	no_gate			0.75		no_gate	455.0	238.0	217.0	0.5230769230769231	0.9159663865546218				238.0	0.0	100.0	0.6	20.0	0.08	1.959963984540054	0.01	2.0	10.0	0.02	
development	isolated_program	1406	mirror_reduction_075	reference	0.7700885336982954	0.9438775510204082	0.5238095238095238	no_gate			0.75		no_gate	455.0	238.0	217.0	0.5230769230769231	0.9159663865546218				238.0	0.0	100.0	0.6	20.0	0.08	1.959963984540054	0.01	2.0	10.0	0.02	
development	isolated_program	1406	mirror_reduction_050	target	0.8067172731577257	0.9722222222222222	0.5714285714285714	no_gate			0.5		no_gate	455.0	238.0	217.0	0.5230769230769231	0.9159663865546218				238.0	0.0	100.0	0.6	20.0	0.08	1.959963984540054	0.01	2.0	10.0	0.02	
development	isolated_program	1406	mirror_reduction_050	reference	0.7700885336982954	0.9438775510204082	0.5238095238095238	no_gate			0.5		no_gate	455.0	238.0	217.0	0.5230769230769231	0.9159663865546218				238.0	0.0	100.0	0.6	20.0	0.08	1.959963984540054	0.01	2.0	10.0	0.02	
development	isolated_program	1406	mirror_reduction_025	target	0.8067172731577257	0.9722222222222222	0.5714285714285714	no_gate			0.25		no_gate	455.0	238.0	217.0	0.5230769230769231	0.9159663865546218				238.0	0.0	100.0	0.6	20.0	0.08	1.959963984540054	0.01	2.0	10.0	0.02	
development	isolated_program	1406	mirror_reduction_025	reference	0.7700885336982954	0.9438775510204082	0.5238095238095238	no_gate			0.25		no_gate	455.0	238.0	217.0	0.5230769230769231	0.9159663865546218				238.0	0.0	100.0	0.6	20.0	0.08	1.959963984540054	0.01	2.0	10.0	0.02	
development	isolated_program	1407	rc2_unweighted	target	0.7658460265353447	0.9055555555555557	0.6190476190476191	not_applicable																									
development	isolated_program	1407	rc2_unweighted	reference	0.8611703009473294	0.9540816326530612	0.5238095238095238	not_applicable																									
development	isolated_program	1407	rc3_soft	target	0.7658460265353447	0.9055555555555557	0.6190476190476191	not_applicable	0.0	0.4847222222222222																							
development	isolated_program	1407	rc3_soft	reference	0.8611703009473294	0.9540816326530612	0.5238095238095238	not_applicable	0.0	0.4847222222222222																							
development	isolated_program	1407	mirror_reduction_100	target	0.7658460265353447	0.9055555555555557	0.6190476190476191	no_gate			1.0		no_gate	430.0	208.0	222.0	0.48372093023255813	1.0721153846153846				208.0	0.0	100.0	0.6	20.0	0.08	1.959963984540054	0.01	2.0	10.0	0.02	
development	isolated_program	1407	mirror_reduction_100	reference	0.8611703009473294	0.9540816326530612	0.5238095238095238	no_gate			1.0		no_gate	430.0	208.0	222.0	0.48372093023255813	1.0721153846153846				208.0	0.0	100.0	0.6	20.0	0.08	1.959963984540054	0.01	2.0	10.0	0.02	
development	isolated_program	1407	mirror_reduction_075	target	0.7658460265353447	0.9055555555555557	0.6190476190476191	no_gate			0.75		no_gate	430.0	208.0	222.0	0.48372093023255813	1.0721153846153846				208.0	0.0	100.0	0.6	20.0	0.08	1.959963984540054	0.01	2.0	10.0	0.02	
development	isolated_program	1407	mirror_reduction_075	reference	0.8611703009473294	0.9540816326530612	0.5238095238095238	no_gate			0.75		no_gate	430.0	208.0	222.0	0.48372093023255813	1.0721153846153846				208.0	0.0	100.0	0.6	20.0	0.08	1.959963984540054	0.01	2.0	10.0	0.02	
development	isolated_program	1407	mirror_reduction_050	target	0.7658460265353447	0.9055555555555557	0.6190476190476191	no_gate			0.5		no_gate	430.0	208.0	222.0	0.48372093023255813	1.0721153846153846				208.0	0.0	100.0	0.6	20.0	0.08	1.959963984540054	0.01	2.0	10.0	0.02	
development	isolated_program	1407	mirror_reduction_050	reference	0.8611703009473294	0.9540816326530612	0.5238095238095238	no_gate			0.5		no_gate	430.0	208.0	222.0	0.48372093023255813	1.0721153846153846				208.0	0.0	100.0	0.6	20.0	0.08	1.959963984540054	0.01	2.0	10.0	0.02	
development	isolated_program	1407	mirror_reduction_025	target	0.7658460265353447	0.9055555555555557	0.6190476190476191	no_gate			0.25		no_gate	430.0	208.0	222.0	0.48372093023255813	1.0721153846153846				208.0	0.0	100.0	0.6	20.0	0.08	1.959963984540054	0.01	2.0	10.0	0.02	
development	isolated_program	1407	mirror_reduction_025	reference	0.8611703009473294	0.9540816326530612	0.5238095238095238	no_gate			0.25		no_gate	430.0	208.0	222.0	0.48372093023255813	1.0721153846153846				208.0	0.0	100.0	0.6	20.0	0.08	1.959963984540054	0.01	2.0	10.0	0.02	
development	isolated_program	1408	rc2_unweighted	target	0.8153119857227377	1.0	0.6666666666666666	not_applicable																									
development	isolated_program	1408	rc2_unweighted	reference	0.8655795337144719	0.9183673469387755	0.6190476190476191	not_applicable																									
development	isolated_program	1408	rc3_soft	target	0.8153119857227377	1.0	0.6666666666666666	not_applicable	0.0	0.4912037037037037																							
development	isolated_program	1408	rc3_soft	reference	0.8655795337144719	0.9183673469387755	0.6190476190476191	not_applicable	0.0	0.4912037037037037																							
development	isolated_program	1408	mirror_reduction_100	target	0.8153119857227377	1.0	0.6666666666666666	no_gate			1.0		no_gate	444.0	231.0	213.0	0.5202702702702703	0.9264069264069265				231.0	0.0	100.0	0.6	20.0	0.08	1.959963984540054	0.01	2.0	10.0	0.02	
development	isolated_program	1408	mirror_reduction_100	reference	0.8655795337144719	0.9183673469387755	0.6190476190476191	no_gate			1.0		no_gate	444.0	231.0	213.0	0.5202702702702703	0.9264069264069265				231.0	0.0	100.0	0.6	20.0	0.08	1.959963984540054	0.01	2.0	10.0	0.02	
development	isolated_program	1408	mirror_reduction_075	target	0.8153119857227377	1.0	0.6666666666666666	no_gate			0.75		no_gate	444.0	231.0	213.0	0.5202702702702703	0.9264069264069265				231.0	0.0	100.0	0.6	20.0	0.08	1.959963984540054	0.01	2.0	10.0	0.02	
development	isolated_program	1408	mirror_reduction_075	reference	0.8655795337144719	0.9183673469387755	0.6190476190476191	no_gate			0.75		no_gate	444.0	231.0	213.0	0.5202702702702703	0.9264069264069265				231.0	0.0	100.0	0.6	20.0	0.08	1.959963984540054	0.01	2.0	10.0	0.02	
development	isolated_program	1408	mirror_reduction_050	target	0.8153119857227377	1.0	0.6666666666666666	no_gate			0.5		no_gate	444.0	231.0	213.0	0.5202702702702703	0.9264069264069265				231.0	0.0	100.0	0.6	20.0	0.08	1.959963984540054	0.01	2.0	10.0	0.02	
development	isolated_program	1408	mirror_reduction_050	reference	0.8655795337144719	0.9183673469387755	0.6190476190476191	no_gate			0.5		no_gate	444.0	231.0	213.0	0.5202702702702703	0.9264069264069265				231.0	0.0	100.0	0.6	20.0	0.08	1.959963984540054	0.01	2.0	10.0	0.02	
development	isolated_program	1408	mirror_reduction_025	target	0.8153119857227377	1.0	0.6666666666666666	no_gate			0.25		no_gate	444.0	231.0	213.0	0.5202702702702703	0.9264069264069265				231.0	0.0	100.0	0.6	20.0	0.08	1.959963984540054	0.01	2.0	10.0	0.02	
development	isolated_program	1408	mirror_reduction_025	reference	0.8655795337144719	0.9183673469387755	0.6190476190476191	no_gate			0.25		no_gate	444.0	231.0	213.0	0.5202702702702703	0.9264069264069265				231.0	0.0	100.0	0.6	20.0	0.08	1.959963984540054	0.01	2.0	10.0	0.02	
development	isolated_program	1409	rc2_unweighted	target	0.8455504625274328	0.9666666666666667	0.47619047619047616	not_applicable																									
development	isolated_program	1409	rc2_unweighted	reference	0.6704621424769135	0.9277777777777778	0.8095238095238095	not_applicable																									
development	isolated_program	1409	rc3_soft	target	0.8343205048655262	0.9666666666666667	0.0	not_applicable	0.13333333333333375	0.5166666666666667																							
development	isolated_program	1409	rc3_soft	reference	0.6445398768094993	0.9000000000000001	0.0	not_applicable	0.13333333333333375	0.5166666666666667																							
development	isolated_program	1409	mirror_reduction_100	target	0.8455504625274328	0.9666666666666667	0.47619047619047616	no_gate			1.0		no_gate	458.0	233.0	225.0	0.5087336244541485	0.9699570815450643				233.0	0.0	100.0	0.6	20.0	0.08	1.959963984540054	0.01	2.0	10.0	0.02	
development	isolated_program	1409	mirror_reduction_100	reference	0.6704621424769135	0.9277777777777778	0.8095238095238095	no_gate			1.0		no_gate	458.0	233.0	225.0	0.5087336244541485	0.9699570815450643				233.0	0.0	100.0	0.6	20.0	0.08	1.959963984540054	0.01	2.0	10.0	0.02	
development	isolated_program	1409	mirror_reduction_075	target	0.8455504625274328	0.9666666666666667	0.47619047619047616	no_gate			0.75		no_gate	458.0	233.0	225.0	0.5087336244541485	0.9699570815450643				233.0	0.0	100.0	0.6	20.0	0.08	1.959963984540054	0.01	2.0	10.0	0.02	
development	isolated_program	1409	mirror_reduction_075	reference	0.6704621424769135	0.9277777777777778	0.8095238095238095	no_gate			0.75		no_gate	458.0	233.0	225.0	0.5087336244541485	0.9699570815450643				233.0	0.0	100.0	0.6	20.0	0.08	1.959963984540054	0.01	2.0	10.0	0.02	
development	isolated_program	1409	mirror_reduction_050	target	0.8455504625274328	0.9666666666666667	0.47619047619047616	no_gate			0.5		no_gate	458.0	233.0	225.0	0.5087336244541485	0.9699570815450643				233.0	0.0	100.0	0.6	20.0	0.08	1.959963984540054	0.01	2.0	10.0	0.02	
development	isolated_program	1409	mirror_reduction_050	reference	0.6704621424769135	0.9277777777777778	0.8095238095238095	no_gate			0.5		no_gate	458.0	233.0	225.0	0.5087336244541485	0.9699570815450643				233.0	0.0	100.0	0.6	20.0	0.08	1.959963984540054	0.01	2.0	10.0	0.02	
development	isolated_program	1409	mirror_reduction_025	target	0.8455504625274328	0.9666666666666667	0.47619047619047616	no_gate			0.25		no_gate	458.0	233.0	225.0	0.5087336244541485	0.9699570815450643				233.0	0.0	100.0	0.6	20.0	0.08	1.959963984540054	0.01	2.0	10.0	0.02	
development	isolated_program	1409	mirror_reduction_025	reference	0.6704621424769135	0.9277777777777778	0.8095238095238095	no_gate			0.25		no_gate	458.0	233.0	225.0	0.5087336244541485	0.9699570815450643				233.0	0.0	100.0	0.6	20.0	0.08	1.959963984540054	0.01	2.0	10.0	0.02	
development	isolated_program	1410	rc2_unweighted	target	0.7399214517152205	0.9500000000000001	0.6190476190476191	not_applicable																									
development	isolated_program	1410	rc2_unweighted	reference	0.8759006462373502	0.95	0.6666666666666666	not_applicable																									
development	isolated_program	1410	rc3_soft	target	0.7665338985418344	0.9555555555555556	0.0	not_applicable	0.17037037037037006	0.5212962962962963																							
development	isolated_program	1410	rc3_soft	reference	0.8643273408497437	0.9555555555555556	0.0	not_applicable	0.17037037037037006	0.5212962962962963																							
development	isolated_program	1410	mirror_reduction_100	target	0.7399214517152205	0.9500000000000001	0.6190476190476191	no_gate			1.0		no_gate	418.0	215.0	203.0	0.5143540669856459	0.9488372093023256				215.0	0.0	100.0	0.6	20.0	0.08	1.959963984540054	0.01	2.0	10.0	0.02	
development	isolated_program	1410	mirror_reduction_100	reference	0.8759006462373502	0.95	0.6666666666666666	no_gate			1.0		no_gate	418.0	215.0	203.0	0.5143540669856459	0.9488372093023256				215.0	0.0	100.0	0.6	20.0	0.08	1.959963984540054	0.01	2.0	10.0	0.02	
development	isolated_program	1410	mirror_reduction_075	target	0.7399214517152205	0.9500000000000001	0.6190476190476191	no_gate			0.75		no_gate	418.0	215.0	203.0	0.5143540669856459	0.9488372093023256				215.0	0.0	100.0	0.6	20.0	0.08	1.959963984540054	0.01	2.0	10.0	0.02	
development	isolated_program	1410	mirror_reduction_075	reference	0.8759006462373502	0.95	0.6666666666666666	no_gate			0.75		no_gate	418.0	215.0	203.0	0.5143540669856459	0.9488372093023256				215.0	0.0	100.0	0.6	20.0	0.08	1.959963984540054	0.01	2.0	10.0	0.02	
development	isolated_program	1410	mirror_reduction_050	target	0.7399214517152205	0.9500000000000001	0.6190476190476191	no_gate			0.5		no_gate	418.0	215.0	203.0	0.5143540669856459	0.9488372093023256				215.0	0.0	100.0	0.6	20.0	0.08	1.959963984540054	0.01	2.0	10.0	0.02	
development	isolated_program	1410	mirror_reduction_050	reference	0.8759006462373502	0.95	0.6666666666666666	no_gate			0.5		no_gate	418.0	215.0	203.0	0.5143540669856459	0.9488372093023256				215.0	0.0	100.0	0.6	20.0	0.08	1.959963984540054	0.01	2.0	10.0	0.02	
development	isolated_program	1410	mirror_reduction_025	target	0.7399214517152205	0.9500000000000001	0.6190476190476191	no_gate			0.25		no_gate	418.0	215.0	203.0	0.5143540669856459	0.9488372093023256				215.0	0.0	100.0	0.6	20.0	0.08	1.959963984540054	0.01	2.0	10.0	0.02	
development	isolated_program	1410	mirror_reduction_025	reference	0.8759006462373502	0.95	0.6666666666666666	no_gate			0.25		no_gate	418.0	215.0	203.0	0.5143540669856459	0.9488372093023256				215.0	0.0	100.0	0.6	20.0	0.08	1.959963984540054	0.01	2.0	10.0	0.02	
development	isolated_program	1411	rc2_unweighted	target	0.569892044480782	0.7166666666666667	0.7619047619047619	not_applicable																									
development	isolated_program	1411	rc2_unweighted	reference	0.672995126070869	0.8425925925925926	0.6666666666666666	not_applicable																									
development	isolated_program	1411	rc3_soft	target	0.5619826061494757	0.7222222222222223	0.0	not_applicable	0.32962962962962994	0.5412037037037037																							
development	isolated_program	1411	rc3_soft	reference	0.6266766435823432	0.8055555555555556	0.0	not_applicable	0.32962962962962994	0.5412037037037037																							
development	isolated_program	1411	mirror_reduction_100	target	0.569892044480782	0.7166666666666667	0.7619047619047619	no_gate			1.0		no_gate	470.0	244.0	226.0	0.5191489361702127	0.930327868852459				244.0	0.0	100.0	0.6	20.0	0.08	1.959963984540054	0.01	2.0	10.0	0.02	
development	isolated_program	1411	mirror_reduction_100	reference	0.672995126070869	0.8425925925925926	0.6666666666666666	no_gate			1.0		no_gate	470.0	244.0	226.0	0.5191489361702127	0.930327868852459				244.0	0.0	100.0	0.6	20.0	0.08	1.959963984540054	0.01	2.0	10.0	0.02	
development	isolated_program	1411	mirror_reduction_075	target	0.569892044480782	0.7166666666666667	0.7619047619047619	no_gate			0.75		no_gate	470.0	244.0	226.0	0.5191489361702127	0.930327868852459				244.0	0.0	100.0	0.6	20.0	0.08	1.959963984540054	0.01	2.0	10.0	0.02	
development	isolated_program	1411	mirror_reduction_075	reference	0.672995126070869	0.8425925925925926	0.6666666666666666	no_gate			0.75		no_gate	470.0	244.0	226.0	0.5191489361702127	0.930327868852459				244.0	0.0	100.0	0.6	20.0	0.08	1.959963984540054	0.01	2.0	10.0	0.02	
development	isolated_program	1411	mirror_reduction_050	target	0.569892044480782	0.7166666666666667	0.7619047619047619	no_gate			0.5		no_gate	470.0	244.0	226.0	0.5191489361702127	0.930327868852459				244.0	0.0	100.0	0.6	20.0	0.08	1.959963984540054	0.01	2.0	10.0	0.02	
development	isolated_program	1411	mirror_reduction_050	reference	0.672995126070869	0.8425925925925926	0.6666666666666666	no_gate			0.5		no_gate	470.0	244.0	226.0	0.5191489361702127	0.930327868852459				244.0	0.0	100.0	0.6	20.0	0.08	1.959963984540054	0.01	2.0	10.0	0.02	
development	isolated_program	1411	mirror_reduction_025	target	0.569892044480782	0.7166666666666667	0.7619047619047619	no_gate			0.25		no_gate	470.0	244.0	226.0	0.5191489361702127	0.930327868852459				244.0	0.0	100.0	0.6	20.0	0.08	1.959963984540054	0.01	2.0	10.0	0.02	
development	isolated_program	1411	mirror_reduction_025	reference	0.672995126070869	0.8425925925925926	0.6666666666666666	no_gate			0.25		no_gate	470.0	244.0	226.0	0.5191489361702127	0.930327868852459				244.0	0.0	100.0	0.6	20.0	0.08	1.959963984540054	0.01	2.0	10.0	0.02	
development	isolated_program	1412	rc2_unweighted	target	0.6206353872931366	0.7888888888888889	0.7619047619047619	not_applicable																									
development	isolated_program	1412	rc2_unweighted	reference	0.7653797450598913	0.811111111111111	0.47619047619047616	not_applicable																									
development	isolated_program	1412	rc3_soft	target	0.679438846382873	0.8222222222222222	0.09523809523809523	not_applicable	0.14074074074074083	0.5175925925925926																							
development	isolated_program	1412	rc3_soft	reference	0.764423287495821	0.8222222222222222	0.0	not_applicable	0.14074074074074083	0.5175925925925926																							
development	isolated_program	1412	mirror_reduction_100	target	0.6206353872931366	0.7888888888888889	0.7619047619047619	no_gate			1.0		no_gate	461.0	250.0	211.0	0.5422993492407809	0.848				250.0	0.0	100.0	0.6	20.0	0.08	1.959963984540054	0.01	2.0	10.0	0.02	
development	isolated_program	1412	mirror_reduction_100	reference	0.7653797450598913	0.811111111111111	0.47619047619047616	no_gate			1.0		no_gate	461.0	250.0	211.0	0.5422993492407809	0.848				250.0	0.0	100.0	0.6	20.0	0.08	1.959963984540054	0.01	2.0	10.0	0.02	
development	isolated_program	1412	mirror_reduction_075	target	0.6206353872931366	0.7888888888888889	0.7619047619047619	no_gate			0.75		no_gate	461.0	250.0	211.0	0.5422993492407809	0.848				250.0	0.0	100.0	0.6	20.0	0.08	1.959963984540054	0.01	2.0	10.0	0.02	
development	isolated_program	1412	mirror_reduction_075	reference	0.7653797450598913	0.811111111111111	0.47619047619047616	no_gate			0.75		no_gate	461.0	250.0	211.0	0.5422993492407809	0.848				250.0	0.0	100.0	0.6	20.0	0.08	1.959963984540054	0.01	2.0	10.0	0.02	
development	isolated_program	1412	mirror_reduction_050	target	0.6206353872931366	0.7888888888888889	0.7619047619047619	no_gate			0.5		no_gate	461.0	250.0	211.0	0.5422993492407809	0.848				250.0	0.0	100.0	0.6	20.0	0.08	1.959963984540054	0.01	2.0	10.0	0.02	
development	isolated_program	1412	mirror_reduction_050	reference	0.7653797450598913	0.811111111111111	0.47619047619047616	no_gate			0.5		no_gate	461.0	250.0	211.0	0.5422993492407809	0.848				250.0	0.0	100.0	0.6	20.0	0.08	1.959963984540054	0.01	2.0	10.0	0.02	
development	isolated_program	1412	mirror_reduction_025	target	0.6206353872931366	0.7888888888888889	0.7619047619047619	no_gate			0.25		no_gate	461.0	250.0	211.0	0.5422993492407809	0.848				250.0	0.0	100.0	0.6	20.0	0.08	1.959963984540054	0.01	2.0	10.0	0.02	
development	isolated_program	1412	mirror_reduction_025	reference	0.7653797450598913	0.811111111111111	0.47619047619047616	no_gate			0.25		no_gate	461.0	250.0	211.0	0.5422993492407809	0.848				250.0	0.0	100.0	0.6	20.0	0.08	1.959963984540054	0.01	2.0	10.0	0.02	
development	isolated_program	1413	rc2_unweighted	target	0.8375028999458101	0.9888888888888889	0.5238095238095238	not_applicable																									
development	isolated_program	1413	rc2_unweighted	reference	0.8116161681239976	0.9333333333333333	0.6666666666666666	not_applicable																									
development	isolated_program	1413	rc3_soft	target	0.8375028999458101	0.9888888888888889	0.5238095238095238	not_applicable	0.0	0.47962962962962963																							
development	isolated_program	1413	rc3_soft	reference	0.8116161681239976	0.9333333333333333	0.6666666666666666	not_applicable	0.0	0.47962962962962963																							
development	isolated_program	1413	mirror_reduction_100	target	0.8375028999458101	0.9888888888888889	0.5238095238095238	no_gate			1.0		no_gate	452.0	215.0	237.0	0.4756637168141593	1.1069767441860465				215.0	0.0	100.0	0.6	20.0	0.08	1.959963984540054	0.01	2.0	10.0	0.02	
development	isolated_program	1413	mirror_reduction_100	reference	0.8116161681239976	0.9333333333333333	0.6666666666666666	no_gate			1.0		no_gate	452.0	215.0	237.0	0.4756637168141593	1.1069767441860465				215.0	0.0	100.0	0.6	20.0	0.08	1.959963984540054	0.01	2.0	10.0	0.02	
development	isolated_program	1413	mirror_reduction_075	target	0.8375028999458101	0.9888888888888889	0.5238095238095238	no_gate			0.75		no_gate	452.0	215.0	237.0	0.4756637168141593	1.1069767441860465				215.0	0.0	100.0	0.6	20.0	0.08	1.959963984540054	0.01	2.0	10.0	0.02	
development	isolated_program	1413	mirror_reduction_075	reference	0.8116161681239976	0.9333333333333333	0.6666666666666666	no_gate			0.75		no_gate	452.0	215.0	237.0	0.4756637168141593	1.1069767441860465				215.0	0.0	100.0	0.6	20.0	0.08	1.959963984540054	0.01	2.0	10.0	0.02	
development	isolated_program	1413	mirror_reduction_050	target	0.8375028999458101	0.9888888888888889	0.5238095238095238	no_gate			0.5		no_gate	452.0	215.0	237.0	0.4756637168141593	1.1069767441860465				215.0	0.0	100.0	0.6	20.0	0.08	1.959963984540054	0.01	2.0	10.0	0.02	
development	isolated_program	1413	mirror_reduction_050	reference	0.8116161681239976	0.9333333333333333	0.6666666666666666	no_gate			0.5		no_gate	452.0	215.0	237.0	0.4756637168141593	1.1069767441860465				215.0	0.0	100.0	0.6	20.0	0.08	1.959963984540054	0.01	2.0	10.0	0.02	
development	isolated_program	1413	mirror_reduction_025	target	0.8375028999458101	0.9888888888888889	0.5238095238095238	no_gate			0.25		no_gate	452.0	215.0	237.0	0.4756637168141593	1.1069767441860465				215.0	0.0	100.0	0.6	20.0	0.08	1.959963984540054	0.01	2.0	10.0	0.02	
development	isolated_program	1413	mirror_reduction_025	reference	0.8116161681239976	0.9333333333333333	0.6666666666666666	no_gate			0.25		no_gate	452.0	215.0	237.0	0.4756637168141593	1.1069767441860465				215.0	0.0	100.0	0.6	20.0	0.08	1.959963984540054	0.01	2.0	10.0	0.02	
development	isolated_program	1414	rc2_unweighted	target	0.8470638250716828	0.9444444444444445	0.8095238095238095	not_applicable																									
development	isolated_program	1414	rc2_unweighted	reference	0.7418932595815062	0.8666666666666666	0.7619047619047619	not_applicable																									
development	isolated_program	1414	rc3_soft	target	0.8362774724297145	0.9333333333333333	0.0	not_applicable	0.1962962962962962	0.524537037037037																							
development	isolated_program	1414	rc3_soft	reference	0.7527801896910221	0.8777777777777778	0.0	not_applicable	0.1962962962962962	0.524537037037037																							
development	isolated_program	1414	mirror_reduction_100	target	0.8470638250716828	0.9444444444444445	0.8095238095238095	no_gate			1.0		no_gate	424.0	241.0	183.0	0.5683962264150944	0.7634854771784232				241.0	0.0	100.0	0.6	20.0	0.08	1.959963984540054	0.01	2.0	10.0	0.02	
development	isolated_program	1414	mirror_reduction_100	reference	0.7418932595815062	0.8666666666666666	0.7619047619047619	no_gate			1.0		no_gate	424.0	241.0	183.0	0.5683962264150944	0.7634854771784232				241.0	0.0	100.0	0.6	20.0	0.08	1.959963984540054	0.01	2.0	10.0	0.02	
development	isolated_program	1414	mirror_reduction_075	target	0.8470638250716828	0.9444444444444445	0.8095238095238095	no_gate			0.75		no_gate	424.0	241.0	183.0	0.5683962264150944	0.7634854771784232				241.0	0.0	100.0	0.6	20.0	0.08	1.959963984540054	0.01	2.0	10.0	0.02	
development	isolated_program	1414	mirror_reduction_075	reference	0.7418932595815062	0.8666666666666666	0.7619047619047619	no_gate			0.75		no_gate	424.0	241.0	183.0	0.5683962264150944	0.7634854771784232				241.0	0.0	100.0	0.6	20.0	0.08	1.959963984540054	0.01	2.0	10.0	0.02	
development	isolated_program	1414	mirror_reduction_050	target	0.8470638250716828	0.9444444444444445	0.8095238095238095	no_gate			0.5		no_gate	424.0	241.0	183.0	0.5683962264150944	0.7634854771784232				241.0	0.0	100.0	0.6	20.0	0.08	1.959963984540054	0.01	2.0	10.0	0.02	
development	isolated_program	1414	mirror_reduction_050	reference	0.7418932595815062	0.8666666666666666	0.7619047619047619	no_gate			0.5		no_gate	424.0	241.0	183.0	0.5683962264150944	0.7634854771784232				241.0	0.0	100.0	0.6	20.0	0.08	1.959963984540054	0.01	2.0	10.0	0.02	
development	isolated_program	1414	mirror_reduction_025	target	0.8470638250716828	0.9444444444444445	0.8095238095238095	no_gate			0.25		no_gate	424.0	241.0	183.0	0.5683962264150944	0.7634854771784232				241.0	0.0	100.0	0.6	20.0	0.08	1.959963984540054	0.01	2.0	10.0	0.02	
development	isolated_program	1414	mirror_reduction_025	reference	0.7418932595815062	0.8666666666666666	0.7619047619047619	no_gate			0.25		no_gate	424.0	241.0	183.0	0.5683962264150944	0.7634854771784232				241.0	0.0	100.0	0.6	20.0	0.08	1.959963984540054	0.01	2.0	10.0	0.02	
development	isolated_program	1415	rc2_unweighted	target	0.7571709561905451	0.8555555555555556	0.47619047619047616	not_applicable																									
development	isolated_program	1415	rc2_unweighted	reference	0.46883799484325567	0.8555555555555556	0.7619047619047619	not_applicable																									
development	isolated_program	1415	rc3_soft	target	0.7510595470074982	0.8555555555555556	0.0	not_applicable	0.21111111111111125	0.5263888888888889																							
development	isolated_program	1415	rc3_soft	reference	0.4657321590741687	0.8666666666666667	0.0	not_applicable	0.21111111111111125	0.5263888888888889																							
development	isolated_program	1415	mirror_reduction_100	target	0.7571709561905451	0.8555555555555556	0.47619047619047616	no_gate			1.0		no_gate	451.0	250.0	201.0	0.5543237250554324	0.808				250.0	0.0	100.0	0.6	20.0	0.08	1.959963984540054	0.01	2.0	10.0	0.02	
development	isolated_program	1415	mirror_reduction_100	reference	0.46883799484325567	0.8555555555555556	0.7619047619047619	no_gate			1.0		no_gate	451.0	250.0	201.0	0.5543237250554324	0.808				250.0	0.0	100.0	0.6	20.0	0.08	1.959963984540054	0.01	2.0	10.0	0.02	
development	isolated_program	1415	mirror_reduction_075	target	0.7571709561905451	0.8555555555555556	0.47619047619047616	no_gate			0.75		no_gate	451.0	250.0	201.0	0.5543237250554324	0.808				250.0	0.0	100.0	0.6	20.0	0.08	1.959963984540054	0.01	2.0	10.0	0.02	
development	isolated_program	1415	mirror_reduction_075	reference	0.46883799484325567	0.8555555555555556	0.7619047619047619	no_gate			0.75		no_gate	451.0	250.0	201.0	0.5543237250554324	0.808				250.0	0.0	100.0	0.6	20.0	0.08	1.959963984540054	0.01	2.0	10.0	0.02	
development	isolated_program	1415	mirror_reduction_050	target	0.7571709561905451	0.8555555555555556	0.47619047619047616	no_gate			0.5		no_gate	451.0	250.0	201.0	0.5543237250554324	0.808				250.0	0.0	100.0	0.6	20.0	0.08	1.959963984540054	0.01	2.0	10.0	0.02	
development	isolated_program	1415	mirror_reduction_050	reference	0.46883799484325567	0.8555555555555556	0.7619047619047619	no_gate			0.5		no_gate	451.0	250.0	201.0	0.5543237250554324	0.808				250.0	0.0	100.0	0.6	20.0	0.08	1.959963984540054	0.01	2.0	10.0	0.02	
development	isolated_program	1415	mirror_reduction_025	target	0.7571709561905451	0.8555555555555556	0.47619047619047616	no_gate			0.25		no_gate	451.0	250.0	201.0	0.5543237250554324	0.808				250.0	0.0	100.0	0.6	20.0	0.08	1.959963984540054	0.01	2.0	10.0	0.02	
development	isolated_program	1415	mirror_reduction_025	reference	0.46883799484325567	0.8555555555555556	0.7619047619047619	no_gate			0.25		no_gate	451.0	250.0	201.0	0.5543237250554324	0.808				250.0	0.0	100.0	0.6	20.0	0.08	1.959963984540054	0.01	2.0	10.0	0.02	
development	isolated_program	1416	rc2_unweighted	target	0.6993219409089292	0.8413461538461539	0.7142857142857143	not_applicable																									
development	isolated_program	1416	rc2_unweighted	reference	0.7361342589987978	0.8846153846153847	0.42857142857142855	not_applicable																									
development	isolated_program	1416	rc3_soft	target	0.7348303728011606	0.8653846153846154	0.0	not_applicable	0.17777777777777803	0.5222222222222223																							
development	isolated_program	1416	rc3_soft	reference	0.7668323222858072	0.9038461538461539	0.0	not_applicable	0.17777777777777803	0.5222222222222223																							
development	isolated_program	1416	mirror_reduction_100	target	0.6993219409089292	0.8413461538461539	0.7142857142857143	no_gate			1.0		no_gate	429.0	229.0	200.0	0.5337995337995338	0.8777292576419214				229.0	0.0	100.0	0.6	20.0	0.08	1.959963984540054	0.01	2.0	10.0	0.02	
development	isolated_program	1416	mirror_reduction_100	reference	0.7361342589987978	0.8846153846153847	0.42857142857142855	no_gate			1.0		no_gate	429.0	229.0	200.0	0.5337995337995338	0.8777292576419214				229.0	0.0	100.0	0.6	20.0	0.08	1.959963984540054	0.01	2.0	10.0	0.02	
development	isolated_program	1416	mirror_reduction_075	target	0.6993219409089292	0.8413461538461539	0.7142857142857143	no_gate			0.75		no_gate	429.0	229.0	200.0	0.5337995337995338	0.8777292576419214				229.0	0.0	100.0	0.6	20.0	0.08	1.959963984540054	0.01	2.0	10.0	0.02	
development	isolated_program	1416	mirror_reduction_075	reference	0.7361342589987978	0.8846153846153847	0.42857142857142855	no_gate			0.75		no_gate	429.0	229.0	200.0	0.5337995337995338	0.8777292576419214				229.0	0.0	100.0	0.6	20.0	0.08	1.959963984540054	0.01	2.0	10.0	0.02	
development	isolated_program	1416	mirror_reduction_050	target	0.6993219409089292	0.8413461538461539	0.7142857142857143	no_gate			0.5		no_gate	429.0	229.0	200.0	0.5337995337995338	0.8777292576419214				229.0	0.0	100.0	0.6	20.0	0.08	1.959963984540054	0.01	2.0	10.0	0.02	
development	isolated_program	1416	mirror_reduction_050	reference	0.7361342589987978	0.8846153846153847	0.42857142857142855	no_gate			0.5		no_gate	429.0	229.0	200.0	0.5337995337995338	0.8777292576419214				229.0	0.0	100.0	0.6	20.0	0.08	1.959963984540054	0.01	2.0	10.0	0.02	
development	isolated_program	1416	mirror_reduction_025	target	0.6993219409089292	0.8413461538461539	0.7142857142857143	no_gate			0.25		no_gate	429.0	229.0	200.0	0.5337995337995338	0.8777292576419214				229.0	0.0	100.0	0.6	20.0	0.08	1.959963984540054	0.01	2.0	10.0	0.02	
development	isolated_program	1416	mirror_reduction_025	reference	0.7361342589987978	0.8846153846153847	0.42857142857142855	no_gate			0.25		no_gate	429.0	229.0	200.0	0.5337995337995338	0.8777292576419214				229.0	0.0	100.0	0.6	20.0	0.08	1.959963984540054	0.01	2.0	10.0	0.02	
development	noisy_program	1401	rc2_unweighted	target	0.7752293577981653	0.7959183673469388	0.5714285714285714	not_applicable																									
development	noisy_program	1401	rc2_unweighted	reference	0.7892879591859175	0.9777777777777777	0.5714285714285714	not_applicable																									
development	noisy_program	1401	rc3_soft	target	0.7752293577981653	0.7959183673469388	0.5714285714285714	not_applicable	0.0	0.4787037037037037																							
development	noisy_program	1401	rc3_soft	reference	0.7892879591859175	0.9777777777777777	0.5714285714285714	not_applicable	0.0	0.4787037037037037																							
development	noisy_program	1401	mirror_reduction_100	target	0.7752293577981653	0.7959183673469388	0.5714285714285714	no_gate			1.0		no_gate	450.0	215.0	235.0	0.4777777777777778	1.0976744186046512				215.0	0.0	100.0	0.6	20.0	0.08	1.959963984540054	0.01	2.0	10.0	0.02	
development	noisy_program	1401	mirror_reduction_100	reference	0.7892879591859175	0.9777777777777777	0.5714285714285714	no_gate			1.0		no_gate	450.0	215.0	235.0	0.4777777777777778	1.0976744186046512				215.0	0.0	100.0	0.6	20.0	0.08	1.959963984540054	0.01	2.0	10.0	0.02	
development	noisy_program	1401	mirror_reduction_075	target	0.7752293577981653	0.7959183673469388	0.5714285714285714	no_gate			0.75		no_gate	450.0	215.0	235.0	0.4777777777777778	1.0976744186046512				215.0	0.0	100.0	0.6	20.0	0.08	1.959963984540054	0.01	2.0	10.0	0.02	
development	noisy_program	1401	mirror_reduction_075	reference	0.7892879591859175	0.9777777777777777	0.5714285714285714	no_gate			0.75		no_gate	450.0	215.0	235.0	0.4777777777777778	1.0976744186046512				215.0	0.0	100.0	0.6	20.0	0.08	1.959963984540054	0.01	2.0	10.0	0.02	
development	noisy_program	1401	mirror_reduction_050	target	0.7752293577981653	0.7959183673469388	0.5714285714285714	no_gate			0.5		no_gate	450.0	215.0	235.0	0.4777777777777778	1.0976744186046512				215.0	0.0	100.0	0.6	20.0	0.08	1.959963984540054	0.01	2.0	10.0	0.02	
development	noisy_program	1401	mirror_reduction_050	reference	0.7892879591859175	0.9777777777777777	0.5714285714285714	no_gate			0.5		no_gate	450.0	215.0	235.0	0.4777777777777778	1.0976744186046512				215.0	0.0	100.0	0.6	20.0	0.08	1.959963984540054	0.01	2.0	10.0	0.02	
development	noisy_program	1401	mirror_reduction_025	target	0.7752293577981653	0.7959183673469388	0.5714285714285714	no_gate			0.25		no_gate	450.0	215.0	235.0	0.4777777777777778	1.0976744186046512				215.0	0.0	100.0	0.6	20.0	0.08	1.959963984540054	0.01	2.0	10.0	0.02	
development	noisy_program	1401	mirror_reduction_025	reference	0.7892879591859175	0.9777777777777777	0.5714285714285714	no_gate			0.25		no_gate	450.0	215.0	235.0	0.4777777777777778	1.0976744186046512				215.0	0.0	100.0	0.6	20.0	0.08	1.959963984540054	0.01	2.0	10.0	0.02	
development	noisy_program	1402	rc2_unweighted	target	0.5875482564507999	0.9	0.5238095238095238	not_applicable																									
development	noisy_program	1402	rc2_unweighted	reference	0.886276213527615	0.9387755102040816	0.42857142857142855	not_applicable																									
development	noisy_program	1402	rc3_soft	target	0.5875482564507999	0.9	0.5238095238095238	not_applicable	0.0	0.4740740740740741																							
development	noisy_program	1402	rc3_soft	reference	0.886276213527615	0.9387755102040816	0.42857142857142855	not_applicable	0.0	0.4740740740740741																							
development	noisy_program	1402	mirror_reduction_100	target	0.5875482564507999	0.9	0.5238095238095238	no_gate			1.0		no_gate	493.0	255.0	238.0	0.5172413793103449	0.9372549019607843				255.0	0.0	100.0	0.6	20.0	0.08	1.959963984540054	0.01	2.0	10.0	0.02	
development	noisy_program	1402	mirror_reduction_100	reference	0.886276213527615	0.9387755102040816	0.42857142857142855	no_gate			1.0		no_gate	493.0	255.0	238.0	0.5172413793103449	0.9372549019607843				255.0	0.0	100.0	0.6	20.0	0.08	1.959963984540054	0.01	2.0	10.0	0.02	
development	noisy_program	1402	mirror_reduction_075	target	0.5875482564507999	0.9	0.5238095238095238	no_gate			0.75		no_gate	493.0	255.0	238.0	0.5172413793103449	0.9372549019607843				255.0	0.0	100.0	0.6	20.0	0.08	1.959963984540054	0.01	2.0	10.0	0.02	
development	noisy_program	1402	mirror_reduction_075	reference	0.886276213527615	0.9387755102040816	0.42857142857142855	no_gate			0.75		no_gate	493.0	255.0	238.0	0.5172413793103449	0.9372549019607843				255.0	0.0	100.0	0.6	20.0	0.08	1.959963984540054	0.01	2.0	10.0	0.02	
development	noisy_program	1402	mirror_reduction_050	target	0.5875482564507999	0.9	0.5238095238095238	no_gate			0.5		no_gate	493.0	255.0	238.0	0.5172413793103449	0.9372549019607843				255.0	0.0	100.0	0.6	20.0	0.08	1.959963984540054	0.01	2.0	10.0	0.02	
development	noisy_program	1402	mirror_reduction_050	reference	0.886276213527615	0.9387755102040816	0.42857142857142855	no_gate			0.5		no_gate	493.0	255.0	238.0	0.5172413793103449	0.9372549019607843				255.0	0.0	100.0	0.6	20.0	0.08	1.959963984540054	0.01	2.0	10.0	0.02	
development	noisy_program	1402	mirror_reduction_025	target	0.5875482564507999	0.9	0.5238095238095238	no_gate			0.25		no_gate	493.0	255.0	238.0	0.5172413793103449	0.9372549019607843				255.0	0.0	100.0	0.6	20.0	0.08	1.959963984540054	0.01	2.0	10.0	0.02	
development	noisy_program	1402	mirror_reduction_025	reference	0.886276213527615	0.9387755102040816	0.42857142857142855	no_gate			0.25		no_gate	493.0	255.0	238.0	0.5172413793103449	0.9372549019607843				255.0	0.0	100.0	0.6	20.0	0.08	1.959963984540054	0.01	2.0	10.0	0.02	
development	noisy_program	1403	rc2_unweighted	target	0.6789439374185138	0.9111111111111111	0.3333333333333333	not_applicable																									
development	noisy_program	1403	rc2_unweighted	reference	0.7815592473930765	0.8944444444444445	0.6666666666666666	not_applicable																									
development	noisy_program	1403	rc3_soft	target	0.6789439374185138	0.9111111111111111	0.3333333333333333	not_applicable	0.0	0.4935185185185185																							
development	noisy_program	1403	rc3_soft	reference	0.7815592473930765	0.8944444444444445	0.6666666666666666	not_applicable	0.0	0.4935185185185185																							
development	noisy_program	1403	mirror_reduction_100	target	0.6789439374185138	0.9111111111111111	0.3333333333333333	no_gate			1.0		no_gate	470.0	246.0	224.0	0.5234042553191489	0.9146341463414634				246.0	0.0	100.0	0.6	20.0	0.08	1.959963984540054	0.01	2.0	10.0	0.02	
development	noisy_program	1403	mirror_reduction_100	reference	0.7815592473930765	0.8944444444444445	0.6666666666666666	no_gate			1.0		no_gate	470.0	246.0	224.0	0.5234042553191489	0.9146341463414634				246.0	0.0	100.0	0.6	20.0	0.08	1.959963984540054	0.01	2.0	10.0	0.02	
development	noisy_program	1403	mirror_reduction_075	target	0.6789439374185138	0.9111111111111111	0.3333333333333333	no_gate			0.75		no_gate	470.0	246.0	224.0	0.5234042553191489	0.9146341463414634				246.0	0.0	100.0	0.6	20.0	0.08	1.959963984540054	0.01	2.0	10.0	0.02	
development	noisy_program	1403	mirror_reduction_075	reference	0.7815592473930765	0.8944444444444445	0.6666666666666666	no_gate			0.75		no_gate	470.0	246.0	224.0	0.5234042553191489	0.9146341463414634				246.0	0.0	100.0	0.6	20.0	0.08	1.959963984540054	0.01	2.0	10.0	0.02	
development	noisy_program	1403	mirror_reduction_050	target	0.6789439374185138	0.9111111111111111	0.3333333333333333	no_gate			0.5		no_gate	470.0	246.0	224.0	0.5234042553191489	0.9146341463414634				246.0	0.0	100.0	0.6	20.0	0.08	1.959963984540054	0.01	2.0	10.0	0.02	
development	noisy_program	1403	mirror_reduction_050	reference	0.7815592473930765	0.8944444444444445	0.6666666666666666	no_gate			0.5		no_gate	470.0	246.0	224.0	0.5234042553191489	0.9146341463414634				246.0	0.0	100.0	0.6	20.0	0.08	1.959963984540054	0.01	2.0	10.0	0.02	
development	noisy_program	1403	mirror_reduction_025	target	0.6789439374185138	0.9111111111111111	0.3333333333333333	no_gate			0.25		no_gate	470.0	246.0	224.0	0.5234042553191489	0.9146341463414634				246.0	0.0	100.0	0.6	20.0	0.08	1.959963984540054	0.01	2.0	10.0	0.02	
development	noisy_program	1403	mirror_reduction_025	reference	0.7815592473930765	0.8944444444444445	0.6666666666666666	no_gate			0.25		no_gate	470.0	246.0	224.0	0.5234042553191489	0.9146341463414634				246.0	0.0	100.0	0.6	20.0	0.08	1.959963984540054	0.01	2.0	10.0	0.02	
development	noisy_program	1404	rc2_unweighted	target	0.8408281750614688	0.9	0.6190476190476191	not_applicable																									
development	noisy_program	1404	rc2_unweighted	reference	0.7764712516310678	0.9055555555555556	0.5238095238095238	not_applicable																									
development	noisy_program	1404	rc3_soft	target	0.8200092631464361	0.9111111111111112	0.0	not_applicable	0.12962962962962976	0.5162037037037037																							
development	noisy_program	1404	rc3_soft	reference	0.7581544304040795	0.9000000000000001	0.0	not_applicable	0.12962962962962976	0.5162037037037037																							
development	noisy_program	1404	mirror_reduction_100	target	0.8408281750614688	0.9	0.6190476190476191	no_gate			1.0		no_gate	464.0	244.0	220.0	0.5258620689655172	0.9057377049180327				244.0	0.0	100.0	0.6	20.0	0.08	1.959963984540054	0.01	2.0	10.0	0.02	
development	noisy_program	1404	mirror_reduction_100	reference	0.7764712516310678	0.9055555555555556	0.5238095238095238	no_gate			1.0		no_gate	464.0	244.0	220.0	0.5258620689655172	0.9057377049180327				244.0	0.0	100.0	0.6	20.0	0.08	1.959963984540054	0.01	2.0	10.0	0.02	
development	noisy_program	1404	mirror_reduction_075	target	0.8408281750614688	0.9	0.6190476190476191	no_gate			0.75		no_gate	464.0	244.0	220.0	0.5258620689655172	0.9057377049180327				244.0	0.0	100.0	0.6	20.0	0.08	1.959963984540054	0.01	2.0	10.0	0.02	
development	noisy_program	1404	mirror_reduction_075	reference	0.7764712516310678	0.9055555555555556	0.5238095238095238	no_gate			0.75		no_gate	464.0	244.0	220.0	0.5258620689655172	0.9057377049180327				244.0	0.0	100.0	0.6	20.0	0.08	1.959963984540054	0.01	2.0	10.0	0.02	
development	noisy_program	1404	mirror_reduction_050	target	0.8408281750614688	0.9	0.6190476190476191	no_gate			0.5		no_gate	464.0	244.0	220.0	0.5258620689655172	0.9057377049180327				244.0	0.0	100.0	0.6	20.0	0.08	1.959963984540054	0.01	2.0	10.0	0.02	
development	noisy_program	1404	mirror_reduction_050	reference	0.7764712516310678	0.9055555555555556	0.5238095238095238	no_gate			0.5		no_gate	464.0	244.0	220.0	0.5258620689655172	0.9057377049180327				244.0	0.0	100.0	0.6	20.0	0.08	1.959963984540054	0.01	2.0	10.0	0.02	
development	noisy_program	1404	mirror_reduction_025	target	0.8408281750614688	0.9	0.6190476190476191	no_gate			0.25		no_gate	464.0	244.0	220.0	0.5258620689655172	0.9057377049180327				244.0	0.0	100.0	0.6	20.0	0.08	1.959963984540054	0.01	2.0	10.0	0.02	
development	noisy_program	1404	mirror_reduction_025	reference	0.7764712516310678	0.9055555555555556	0.5238095238095238	no_gate			0.25		no_gate	464.0	244.0	220.0	0.5258620689655172	0.9057377049180327				244.0	0.0	100.0	0.6	20.0	0.08	1.959963984540054	0.01	2.0	10.0	0.02	
development	noisy_program	1405	rc2_unweighted	target	0.7974440321288424	0.9540816326530611	0.6666666666666666	not_applicable																									
development	noisy_program	1405	rc2_unweighted	reference	0.9250085938057938	0.9693877551020408	0.5238095238095238	not_applicable																									
development	noisy_program	1405	rc3_soft	target	0.794619890288859	0.9489795918367347	0.0	not_applicable	0.0740740740740744	0.5092592592592593																							
development	noisy_program	1405	rc3_soft	reference	0.9183751977999933	0.9591836734693877	0.0	not_applicable	0.0740740740740744	0.5092592592592593																							
development	noisy_program	1405	mirror_reduction_100	target	0.7974440321288424	0.9540816326530611	0.6666666666666666	no_gate			1.0		no_gate	465.0	248.0	217.0	0.5333333333333333	0.8790322580645161				248.0	0.0	100.0	0.6	20.0	0.08	1.959963984540054	0.01	2.0	10.0	0.02	
development	noisy_program	1405	mirror_reduction_100	reference	0.9250085938057938	0.9693877551020408	0.5238095238095238	no_gate			1.0		no_gate	465.0	248.0	217.0	0.5333333333333333	0.8790322580645161				248.0	0.0	100.0	0.6	20.0	0.08	1.959963984540054	0.01	2.0	10.0	0.02	
development	noisy_program	1405	mirror_reduction_075	target	0.7974440321288424	0.9540816326530611	0.6666666666666666	no_gate			0.75		no_gate	465.0	248.0	217.0	0.5333333333333333	0.8790322580645161				248.0	0.0	100.0	0.6	20.0	0.08	1.959963984540054	0.01	2.0	10.0	0.02	
development	noisy_program	1405	mirror_reduction_075	reference	0.9250085938057938	0.9693877551020408	0.5238095238095238	no_gate			0.75		no_gate	465.0	248.0	217.0	0.5333333333333333	0.8790322580645161				248.0	0.0	100.0	0.6	20.0	0.08	1.959963984540054	0.01	2.0	10.0	0.02	
development	noisy_program	1405	mirror_reduction_050	target	0.7974440321288424	0.9540816326530611	0.6666666666666666	no_gate			0.5		no_gate	465.0	248.0	217.0	0.5333333333333333	0.8790322580645161				248.0	0.0	100.0	0.6	20.0	0.08	1.959963984540054	0.01	2.0	10.0	0.02	
development	noisy_program	1405	mirror_reduction_050	reference	0.9250085938057938	0.9693877551020408	0.5238095238095238	no_gate			0.5		no_gate	465.0	248.0	217.0	0.5333333333333333	0.8790322580645161				248.0	0.0	100.0	0.6	20.0	0.08	1.959963984540054	0.01	2.0	10.0	0.02	
development	noisy_program	1405	mirror_reduction_025	target	0.7974440321288424	0.9540816326530611	0.6666666666666666	no_gate			0.25		no_gate	465.0	248.0	217.0	0.5333333333333333	0.8790322580645161				248.0	0.0	100.0	0.6	20.0	0.08	1.959963984540054	0.01	2.0	10.0	0.02	
development	noisy_program	1405	mirror_reduction_025	reference	0.9250085938057938	0.9693877551020408	0.5238095238095238	no_gate			0.25		no_gate	465.0	248.0	217.0	0.5333333333333333	0.8790322580645161				248.0	0.0	100.0	0.6	20.0	0.08	1.959963984540054	0.01	2.0	10.0	0.02	
development	noisy_program	1406	rc2_unweighted	target	0.8462043696985374	0.9722222222222222	0.5714285714285714	not_applicable																									
development	noisy_program	1406	rc2_unweighted	reference	0.8167887976900794	0.9555555555555556	0.5238095238095238	not_applicable																									
development	noisy_program	1406	rc3_soft	target	0.8462043696985374	0.9722222222222222	0.5714285714285714	not_applicable	0.0	0.48703703703703705																							
development	noisy_program	1406	rc3_soft	reference	0.8167887976900794	0.9555555555555556	0.5238095238095238	not_applicable	0.0	0.48703703703703705																							
development	noisy_program	1406	mirror_reduction_100	target	0.8462043696985374	0.9722222222222222	0.5714285714285714	no_gate			1.0		no_gate	455.0	219.0	236.0	0.48131868131868133	1.082191780821918				219.0	0.0	100.0	0.6	20.0	0.08	1.959963984540054	0.01	2.0	10.0	0.02	
development	noisy_program	1406	mirror_reduction_100	reference	0.8167887976900794	0.9555555555555556	0.5238095238095238	no_gate			1.0		no_gate	455.0	219.0	236.0	0.48131868131868133	1.082191780821918				219.0	0.0	100.0	0.6	20.0	0.08	1.959963984540054	0.01	2.0	10.0	0.02	
development	noisy_program	1406	mirror_reduction_075	target	0.8462043696985374	0.9722222222222222	0.5714285714285714	no_gate			0.75		no_gate	455.0	219.0	236.0	0.48131868131868133	1.082191780821918				219.0	0.0	100.0	0.6	20.0	0.08	1.959963984540054	0.01	2.0	10.0	0.02	
development	noisy_program	1406	mirror_reduction_075	reference	0.8167887976900794	0.9555555555555556	0.5238095238095238	no_gate			0.75		no_gate	455.0	219.0	236.0	0.48131868131868133	1.082191780821918				219.0	0.0	100.0	0.6	20.0	0.08	1.959963984540054	0.01	2.0	10.0	0.02	
development	noisy_program	1406	mirror_reduction_050	target	0.8462043696985374	0.9722222222222222	0.5714285714285714	no_gate			0.5		no_gate	455.0	219.0	236.0	0.48131868131868133	1.082191780821918				219.0	0.0	100.0	0.6	20.0	0.08	1.959963984540054	0.01	2.0	10.0	0.02	
development	noisy_program	1406	mirror_reduction_050	reference	0.8167887976900794	0.9555555555555556	0.5238095238095238	no_gate			0.5		no_gate	455.0	219.0	236.0	0.48131868131868133	1.082191780821918				219.0	0.0	100.0	0.6	20.0	0.08	1.959963984540054	0.01	2.0	10.0	0.02	
development	noisy_program	1406	mirror_reduction_025	target	0.8462043696985374	0.9722222222222222	0.5714285714285714	no_gate			0.25		no_gate	455.0	219.0	236.0	0.48131868131868133	1.082191780821918				219.0	0.0	100.0	0.6	20.0	0.08	1.959963984540054	0.01	2.0	10.0	0.02	
development	noisy_program	1406	mirror_reduction_025	reference	0.8167887976900794	0.9555555555555556	0.5238095238095238	no_gate			0.25		no_gate	455.0	219.0	236.0	0.48131868131868133	1.082191780821918				219.0	0.0	100.0	0.6	20.0	0.08	1.959963984540054	0.01	2.0	10.0	0.02	
development	noisy_program	1407	rc2_unweighted	target	0.7256741198021743	0.9055555555555557	0.6190476190476191	not_applicable																									
development	noisy_program	1407	rc2_unweighted	reference	0.9275456919060051	1.0	0.5238095238095238	not_applicable																									
development	noisy_program	1407	rc3_soft	target	0.7256741198021743	0.9055555555555557	0.6190476190476191	not_applicable	0.0	0.4949074074074074																							
development	noisy_program	1407	rc3_soft	reference	0.9275456919060051	1.0	0.5238095238095238	not_applicable	0.0	0.4949074074074074																							
development	noisy_program	1407	mirror_reduction_100	target	0.7256741198021743	0.9055555555555557	0.6190476190476191	no_gate			1.0		no_gate	430.0	216.0	214.0	0.5023255813953489	0.9953703703703703				216.0	0.0	100.0	0.6	20.0	0.08	1.959963984540054	0.01	2.0	10.0	0.02	
development	noisy_program	1407	mirror_reduction_100	reference	0.9275456919060051	1.0	0.5238095238095238	no_gate			1.0		no_gate	430.0	216.0	214.0	0.5023255813953489	0.9953703703703703				216.0	0.0	100.0	0.6	20.0	0.08	1.959963984540054	0.01	2.0	10.0	0.02	
development	noisy_program	1407	mirror_reduction_075	target	0.7256741198021743	0.9055555555555557	0.6190476190476191	no_gate			0.75		no_gate	430.0	216.0	214.0	0.5023255813953489	0.9953703703703703				216.0	0.0	100.0	0.6	20.0	0.08	1.959963984540054	0.01	2.0	10.0	0.02	
development	noisy_program	1407	mirror_reduction_075	reference	0.9275456919060051	1.0	0.5238095238095238	no_gate			0.75		no_gate	430.0	216.0	214.0	0.5023255813953489	0.9953703703703703				216.0	0.0	100.0	0.6	20.0	0.08	1.959963984540054	0.01	2.0	10.0	0.02	
development	noisy_program	1407	mirror_reduction_050	target	0.7256741198021743	0.9055555555555557	0.6190476190476191	no_gate			0.5		no_gate	430.0	216.0	214.0	0.5023255813953489	0.9953703703703703				216.0	0.0	100.0	0.6	20.0	0.08	1.959963984540054	0.01	2.0	10.0	0.02	
development	noisy_program	1407	mirror_reduction_050	reference	0.9275456919060051	1.0	0.5238095238095238	no_gate			0.5		no_gate	430.0	216.0	214.0	0.5023255813953489	0.9953703703703703				216.0	0.0	100.0	0.6	20.0	0.08	1.959963984540054	0.01	2.0	10.0	0.02	
development	noisy_program	1407	mirror_reduction_025	target	0.7256741198021743	0.9055555555555557	0.6190476190476191	no_gate			0.25		no_gate	430.0	216.0	214.0	0.5023255813953489	0.9953703703703703				216.0	0.0	100.0	0.6	20.0	0.08	1.959963984540054	0.01	2.0	10.0	0.02	
development	noisy_program	1407	mirror_reduction_025	reference	0.9275456919060051	1.0	0.5238095238095238	no_gate			0.25		no_gate	430.0	216.0	214.0	0.5023255813953489	0.9953703703703703				216.0	0.0	100.0	0.6	20.0	0.08	1.959963984540054	0.01	2.0	10.0	0.02	
development	noisy_program	1408	rc2_unweighted	target	0.8523549331394955	1.0	0.6666666666666666	not_applicable																									
development	noisy_program	1408	rc2_unweighted	reference	0.8771203214088741	0.9833333333333333	0.6190476190476191	not_applicable																									
development	noisy_program	1408	rc3_soft	target	0.8523549331394955	1.0	0.6666666666666666	not_applicable	0.0	0.49953703703703706																							
development	noisy_program	1408	rc3_soft	reference	0.8771203214088741	0.9833333333333333	0.6190476190476191	not_applicable	0.0	0.49953703703703706																							
development	noisy_program	1408	mirror_reduction_100	target	0.8523549331394955	1.0	0.6666666666666666	no_gate			1.0		no_gate	444.0	227.0	217.0	0.5112612612612613	0.960352422907489				227.0	0.0	100.0	0.6	20.0	0.08	1.959963984540054	0.01	2.0	10.0	0.02	
development	noisy_program	1408	mirror_reduction_100	reference	0.8771203214088741	0.9833333333333333	0.6190476190476191	no_gate			1.0		no_gate	444.0	227.0	217.0	0.5112612612612613	0.960352422907489				227.0	0.0	100.0	0.6	20.0	0.08	1.959963984540054	0.01	2.0	10.0	0.02	
development	noisy_program	1408	mirror_reduction_075	target	0.8523549331394955	1.0	0.6666666666666666	no_gate			0.75		no_gate	444.0	227.0	217.0	0.5112612612612613	0.960352422907489				227.0	0.0	100.0	0.6	20.0	0.08	1.959963984540054	0.01	2.0	10.0	0.02	
development	noisy_program	1408	mirror_reduction_075	reference	0.8771203214088741	0.9833333333333333	0.6190476190476191	no_gate			0.75		no_gate	444.0	227.0	217.0	0.5112612612612613	0.960352422907489				227.0	0.0	100.0	0.6	20.0	0.08	1.959963984540054	0.01	2.0	10.0	0.02	
development	noisy_program	1408	mirror_reduction_050	target	0.8523549331394955	1.0	0.6666666666666666	no_gate			0.5		no_gate	444.0	227.0	217.0	0.5112612612612613	0.960352422907489				227.0	0.0	100.0	0.6	20.0	0.08	1.959963984540054	0.01	2.0	10.0	0.02	
development	noisy_program	1408	mirror_reduction_050	reference	0.8771203214088741	0.9833333333333333	0.6190476190476191	no_gate			0.5		no_gate	444.0	227.0	217.0	0.5112612612612613	0.960352422907489				227.0	0.0	100.0	0.6	20.0	0.08	1.959963984540054	0.01	2.0	10.0	0.02	
development	noisy_program	1408	mirror_reduction_025	target	0.8523549331394955	1.0	0.6666666666666666	no_gate			0.25		no_gate	444.0	227.0	217.0	0.5112612612612613	0.960352422907489				227.0	0.0	100.0	0.6	20.0	0.08	1.959963984540054	0.01	2.0	10.0	0.02	
development	noisy_program	1408	mirror_reduction_025	reference	0.8771203214088741	0.9833333333333333	0.6190476190476191	no_gate			0.25		no_gate	444.0	227.0	217.0	0.5112612612612613	0.960352422907489				227.0	0.0	100.0	0.6	20.0	0.08	1.959963984540054	0.01	2.0	10.0	0.02	
development	noisy_program	1409	rc2_unweighted	target	0.8683210745825628	0.9666666666666667	0.47619047619047616	not_applicable																									
development	noisy_program	1409	rc2_unweighted	reference	0.6629415787687957	0.9277777777777778	0.8095238095238095	not_applicable																									
development	noisy_program	1409	rc3_soft	target	0.8683210745825628	0.9666666666666667	0.47619047619047616	not_applicable	0.0	0.49907407407407406																							
development	noisy_program	1409	rc3_soft	reference	0.6629415787687957	0.9277777777777778	0.8095238095238095	not_applicable	0.0	0.49907407407407406																							
development	noisy_program	1409	mirror_reduction_100	target	0.8683210745825628	0.9666666666666667	0.47619047619047616	no_gate			1.0		no_gate	458.0	235.0	223.0	0.5131004366812227	0.9531914893617022				235.0	0.0	100.0	0.6	20.0	0.08	1.959963984540054	0.01	2.0	10.0	0.02	
development	noisy_program	1409	mirror_reduction_100	reference	0.6629415787687957	0.9277777777777778	0.8095238095238095	no_gate			1.0		no_gate	458.0	235.0	223.0	0.5131004366812227	0.9531914893617022				235.0	0.0	100.0	0.6	20.0	0.08	1.959963984540054	0.01	2.0	10.0	0.02	
development	noisy_program	1409	mirror_reduction_075	target	0.8683210745825628	0.9666666666666667	0.47619047619047616	no_gate			0.75		no_gate	458.0	235.0	223.0	0.5131004366812227	0.9531914893617022				235.0	0.0	100.0	0.6	20.0	0.08	1.959963984540054	0.01	2.0	10.0	0.02	
development	noisy_program	1409	mirror_reduction_075	reference	0.6629415787687957	0.9277777777777778	0.8095238095238095	no_gate			0.75		no_gate	458.0	235.0	223.0	0.5131004366812227	0.9531914893617022				235.0	0.0	100.0	0.6	20.0	0.08	1.959963984540054	0.01	2.0	10.0	0.02	
development	noisy_program	1409	mirror_reduction_050	target	0.8683210745825628	0.9666666666666667	0.47619047619047616	no_gate			0.5		no_gate	458.0	235.0	223.0	0.5131004366812227	0.9531914893617022				235.0	0.0	100.0	0.6	20.0	0.08	1.959963984540054	0.01	2.0	10.0	0.02	
development	noisy_program	1409	mirror_reduction_050	reference	0.6629415787687957	0.9277777777777778	0.8095238095238095	no_gate			0.5		no_gate	458.0	235.0	223.0	0.5131004366812227	0.9531914893617022				235.0	0.0	100.0	0.6	20.0	0.08	1.959963984540054	0.01	2.0	10.0	0.02	
development	noisy_program	1409	mirror_reduction_025	target	0.8683210745825628	0.9666666666666667	0.47619047619047616	no_gate			0.25		no_gate	458.0	235.0	223.0	0.5131004366812227	0.9531914893617022				235.0	0.0	100.0	0.6	20.0	0.08	1.959963984540054	0.01	2.0	10.0	0.02	
development	noisy_program	1409	mirror_reduction_025	reference	0.6629415787687957	0.9277777777777778	0.8095238095238095	no_gate			0.25		no_gate	458.0	235.0	223.0	0.5131004366812227	0.9531914893617022				235.0	0.0	100.0	0.6	20.0	0.08	1.959963984540054	0.01	2.0	10.0	0.02	
development	noisy_program	1410	rc2_unweighted	target	0.7332034941687794	0.9500000000000001	0.6190476190476191	not_applicable																									
development	noisy_program	1410	rc2_unweighted	reference	0.9023856408475737	0.9540816326530612	0.6666666666666666	not_applicable																									
development	noisy_program	1410	rc3_soft	target	0.7180497297246407	0.9444444444444444	0.0	not_applicable	0.09629629629629655	0.5120370370370371																							
development	noisy_program	1410	rc3_soft	reference	0.9177247904361121	0.9693877551020409	0.0	not_applicable	0.09629629629629655	0.5120370370370371																							
development	noisy_program	1410	mirror_reduction_100	target	0.7332034941687794	0.9500000000000001	0.6190476190476191	no_gate			1.0		no_gate	418.0	198.0	220.0	0.47368421052631576	1.1161616161616161				198.0	0.0	100.0	0.6	20.0	0.08	1.959963984540054	0.01	2.0	10.0	0.02	
development	noisy_program	1410	mirror_reduction_100	reference	0.9023856408475737	0.9540816326530612	0.6666666666666666	no_gate			1.0		no_gate	418.0	198.0	220.0	0.47368421052631576	1.1161616161616161				198.0	0.0	100.0	0.6	20.0	0.08	1.959963984540054	0.01	2.0	10.0	0.02	
development	noisy_program	1410	mirror_reduction_075	target	0.7332034941687794	0.9500000000000001	0.6190476190476191	no_gate			0.75		no_gate	418.0	198.0	220.0	0.47368421052631576	1.1161616161616161				198.0	0.0	100.0	0.6	20.0	0.08	1.959963984540054	0.01	2.0	10.0	0.02	
development	noisy_program	1410	mirror_reduction_075	reference	0.9023856408475737	0.9540816326530612	0.6666666666666666	no_gate			0.75		no_gate	418.0	198.0	220.0	0.47368421052631576	1.1161616161616161				198.0	0.0	100.0	0.6	20.0	0.08	1.959963984540054	0.01	2.0	10.0	0.02	
development	noisy_program	1410	mirror_reduction_050	target	0.7332034941687794	0.9500000000000001	0.6190476190476191	no_gate			0.5		no_gate	418.0	198.0	220.0	0.47368421052631576	1.1161616161616161				198.0	0.0	100.0	0.6	20.0	0.08	1.959963984540054	0.01	2.0	10.0	0.02	
development	noisy_program	1410	mirror_reduction_050	reference	0.9023856408475737	0.9540816326530612	0.6666666666666666	no_gate			0.5		no_gate	418.0	198.0	220.0	0.47368421052631576	1.1161616161616161				198.0	0.0	100.0	0.6	20.0	0.08	1.959963984540054	0.01	2.0	10.0	0.02	
development	noisy_program	1410	mirror_reduction_025	target	0.7332034941687794	0.9500000000000001	0.6190476190476191	no_gate			0.25		no_gate	418.0	198.0	220.0	0.47368421052631576	1.1161616161616161				198.0	0.0	100.0	0.6	20.0	0.08	1.959963984540054	0.01	2.0	10.0	0.02	
development	noisy_program	1410	mirror_reduction_025	reference	0.9023856408475737	0.9540816326530612	0.6666666666666666	no_gate			0.25		no_gate	418.0	198.0	220.0	0.47368421052631576	1.1161616161616161				198.0	0.0	100.0	0.6	20.0	0.08	1.959963984540054	0.01	2.0	10.0	0.02	
development	noisy_program	1411	rc2_unweighted	target	0.5200398708042839	0.8277777777777778	0.7619047619047619	not_applicable																									
development	noisy_program	1411	rc2_unweighted	reference	0.6833834152197978	0.9	0.6666666666666666	not_applicable																									
development	noisy_program	1411	rc3_soft	target	0.5424952475766023	0.8444444444444446	0.0	not_applicable	0.08518518518518547	0.5106481481481482																							
development	noisy_program	1411	rc3_soft	reference	0.6745125109460959	0.9000000000000001	0.0	not_applicable	0.08518518518518547	0.5106481481481482																							
development	noisy_program	1411	mirror_reduction_100	target	0.5200398708042839	0.8277777777777778	0.7619047619047619	no_gate			1.0		no_gate	470.0	223.0	247.0	0.474468085106383	1.1121076233183858				223.0	0.0	100.0	0.6	20.0	0.08	1.959963984540054	0.01	2.0	10.0	0.02	
development	noisy_program	1411	mirror_reduction_100	reference	0.6833834152197978	0.9	0.6666666666666666	no_gate			1.0		no_gate	470.0	223.0	247.0	0.474468085106383	1.1121076233183858				223.0	0.0	100.0	0.6	20.0	0.08	1.959963984540054	0.01	2.0	10.0	0.02	
development	noisy_program	1411	mirror_reduction_075	target	0.5200398708042839	0.8277777777777778	0.7619047619047619	no_gate			0.75		no_gate	470.0	223.0	247.0	0.474468085106383	1.1121076233183858				223.0	0.0	100.0	0.6	20.0	0.08	1.959963984540054	0.01	2.0	10.0	0.02	
development	noisy_program	1411	mirror_reduction_075	reference	0.6833834152197978	0.9	0.6666666666666666	no_gate			0.75		no_gate	470.0	223.0	247.0	0.474468085106383	1.1121076233183858				223.0	0.0	100.0	0.6	20.0	0.08	1.959963984540054	0.01	2.0	10.0	0.02	
development	noisy_program	1411	mirror_reduction_050	target	0.5200398708042839	0.8277777777777778	0.7619047619047619	no_gate			0.5		no_gate	470.0	223.0	247.0	0.474468085106383	1.1121076233183858				223.0	0.0	100.0	0.6	20.0	0.08	1.959963984540054	0.01	2.0	10.0	0.02	
development	noisy_program	1411	mirror_reduction_050	reference	0.6833834152197978	0.9	0.6666666666666666	no_gate			0.5		no_gate	470.0	223.0	247.0	0.474468085106383	1.1121076233183858				223.0	0.0	100.0	0.6	20.0	0.08	1.959963984540054	0.01	2.0	10.0	0.02	
development	noisy_program	1411	mirror_reduction_025	target	0.5200398708042839	0.8277777777777778	0.7619047619047619	no_gate			0.25		no_gate	470.0	223.0	247.0	0.474468085106383	1.1121076233183858				223.0	0.0	100.0	0.6	20.0	0.08	1.959963984540054	0.01	2.0	10.0	0.02	
development	noisy_program	1411	mirror_reduction_025	reference	0.6833834152197978	0.9	0.6666666666666666	no_gate			0.25		no_gate	470.0	223.0	247.0	0.474468085106383	1.1121076233183858				223.0	0.0	100.0	0.6	20.0	0.08	1.959963984540054	0.01	2.0	10.0	0.02	
development	noisy_program	1412	rc2_unweighted	target	0.6753428585093569	0.8611111111111112	0.7619047619047619	not_applicable																									
development	noisy_program	1412	rc2_unweighted	reference	0.8422628354798491	0.9	0.47619047619047616	not_applicable																									
development	noisy_program	1412	rc3_soft	target	0.7329899526738346	0.888888888888889	0.09523809523809523	not_applicable	0.007407407407407085	0.5009259259259259																							
development	noisy_program	1412	rc3_soft	reference	0.8331718331315802	0.9000000000000001	0.0	not_applicable	0.007407407407407085	0.5009259259259259																							
development	noisy_program	1412	mirror_reduction_100	target	0.6753428585093569	0.8611111111111112	0.7619047619047619	no_gate			1.0		no_gate	461.0	224.0	237.0	0.48590021691973967	1.0625				224.0	0.0	100.0	0.6	20.0	0.08	1.959963984540054	0.01	2.0	10.0	0.02	
development	noisy_program	1412	mirror_reduction_100	reference	0.8422628354798491	0.9	0.47619047619047616	no_gate			1.0		no_gate	461.0	224.0	237.0	0.48590021691973967	1.0625				224.0	0.0	100.0	0.6	20.0	0.08	1.959963984540054	0.01	2.0	10.0	0.02	
development	noisy_program	1412	mirror_reduction_075	target	0.6753428585093569	0.8611111111111112	0.7619047619047619	no_gate			0.75		no_gate	461.0	224.0	237.0	0.48590021691973967	1.0625				224.0	0.0	100.0	0.6	20.0	0.08	1.959963984540054	0.01	2.0	10.0	0.02	
development	noisy_program	1412	mirror_reduction_075	reference	0.8422628354798491	0.9	0.47619047619047616	no_gate			0.75		no_gate	461.0	224.0	237.0	0.48590021691973967	1.0625				224.0	0.0	100.0	0.6	20.0	0.08	1.959963984540054	0.01	2.0	10.0	0.02	
development	noisy_program	1412	mirror_reduction_050	target	0.6753428585093569	0.8611111111111112	0.7619047619047619	no_gate			0.5		no_gate	461.0	224.0	237.0	0.48590021691973967	1.0625				224.0	0.0	100.0	0.6	20.0	0.08	1.959963984540054	0.01	2.0	10.0	0.02	
development	noisy_program	1412	mirror_reduction_050	reference	0.8422628354798491	0.9	0.47619047619047616	no_gate			0.5		no_gate	461.0	224.0	237.0	0.48590021691973967	1.0625				224.0	0.0	100.0	0.6	20.0	0.08	1.959963984540054	0.01	2.0	10.0	0.02	
development	noisy_program	1412	mirror_reduction_025	target	0.6753428585093569	0.8611111111111112	0.7619047619047619	no_gate			0.25		no_gate	461.0	224.0	237.0	0.48590021691973967	1.0625				224.0	0.0	100.0	0.6	20.0	0.08	1.959963984540054	0.01	2.0	10.0	0.02	
development	noisy_program	1412	mirror_reduction_025	reference	0.8422628354798491	0.9	0.47619047619047616	no_gate			0.25		no_gate	461.0	224.0	237.0	0.48590021691973967	1.0625				224.0	0.0	100.0	0.6	20.0	0.08	1.959963984540054	0.01	2.0	10.0	0.02	
development	noisy_program	1413	rc2_unweighted	target	0.8331733850639201	0.8826530612244898	0.5238095238095238	not_applicable																									
development	noisy_program	1413	rc2_unweighted	reference	0.792067787877387	0.9333333333333333	0.6666666666666666	not_applicable																									
development	noisy_program	1413	rc3_soft	target	0.8473826084954617	0.9081632653061225	0.0	not_applicable	0.1555555555555559	0.5194444444444445																							
development	noisy_program	1413	rc3_soft	reference	0.779045301358731	0.9222222222222223	0.0	not_applicable	0.1555555555555559	0.5194444444444445																							
development	noisy_program	1413	mirror_reduction_100	target	0.8331733850639201	0.8826530612244898	0.5238095238095238	no_gate			1.0		no_gate	452.0	211.0	241.0	0.4668141592920354	1.146919431279621				211.0	0.0	100.0	0.6	20.0	0.08	1.959963984540054	0.01	2.0	10.0	0.02	
development	noisy_program	1413	mirror_reduction_100	reference	0.792067787877387	0.9333333333333333	0.6666666666666666	no_gate			1.0		no_gate	452.0	211.0	241.0	0.4668141592920354	1.146919431279621				211.0	0.0	100.0	0.6	20.0	0.08	1.959963984540054	0.01	2.0	10.0	0.02	
development	noisy_program	1413	mirror_reduction_075	target	0.8331733850639201	0.8826530612244898	0.5238095238095238	no_gate			0.75		no_gate	452.0	211.0	241.0	0.4668141592920354	1.146919431279621				211.0	0.0	100.0	0.6	20.0	0.08	1.959963984540054	0.01	2.0	10.0	0.02	
development	noisy_program	1413	mirror_reduction_075	reference	0.792067787877387	0.9333333333333333	0.6666666666666666	no_gate			0.75		no_gate	452.0	211.0	241.0	0.4668141592920354	1.146919431279621				211.0	0.0	100.0	0.6	20.0	0.08	1.959963984540054	0.01	2.0	10.0	0.02	
development	noisy_program	1413	mirror_reduction_050	target	0.8331733850639201	0.8826530612244898	0.5238095238095238	no_gate			0.5		no_gate	452.0	211.0	241.0	0.4668141592920354	1.146919431279621				211.0	0.0	100.0	0.6	20.0	0.08	1.959963984540054	0.01	2.0	10.0	0.02	
development	noisy_program	1413	mirror_reduction_050	reference	0.792067787877387	0.9333333333333333	0.6666666666666666	no_gate			0.5		no_gate	452.0	211.0	241.0	0.4668141592920354	1.146919431279621				211.0	0.0	100.0	0.6	20.0	0.08	1.959963984540054	0.01	2.0	10.0	0.02	
development	noisy_program	1413	mirror_reduction_025	target	0.8331733850639201	0.8826530612244898	0.5238095238095238	no_gate			0.25		no_gate	452.0	211.0	241.0	0.4668141592920354	1.146919431279621				211.0	0.0	100.0	0.6	20.0	0.08	1.959963984540054	0.01	2.0	10.0	0.02	
development	noisy_program	1413	mirror_reduction_025	reference	0.792067787877387	0.9333333333333333	0.6666666666666666	no_gate			0.25		no_gate	452.0	211.0	241.0	0.4668141592920354	1.146919431279621				211.0	0.0	100.0	0.6	20.0	0.08	1.959963984540054	0.01	2.0	10.0	0.02	
development	noisy_program	1414	rc2_unweighted	target	0.8351425365017967	0.9444444444444445	0.8095238095238095	not_applicable																									
development	noisy_program	1414	rc2_unweighted	reference	0.8033992149206781	0.8444444444444443	0.7619047619047619	not_applicable																									
development	noisy_program	1414	rc3_soft	target	0.8351425365017967	0.9444444444444445	0.8095238095238095	not_applicable	0.0	0.49027777777777776																							
development	noisy_program	1414	rc3_soft	reference	0.8033992149206781	0.8444444444444443	0.7619047619047619	not_applicable	0.0	0.49027777777777776																							
development	noisy_program	1414	mirror_reduction_100	target	0.8351425365017967	0.9444444444444445	0.8095238095238095	no_gate			1.0		no_gate	424.0	203.0	221.0	0.47877358490566035	1.0935960591133005				203.0	0.0	100.0	0.6	20.0	0.08	1.959963984540054	0.01	2.0	10.0	0.02	
development	noisy_program	1414	mirror_reduction_100	reference	0.8033992149206781	0.8444444444444443	0.7619047619047619	no_gate			1.0		no_gate	424.0	203.0	221.0	0.47877358490566035	1.0935960591133005				203.0	0.0	100.0	0.6	20.0	0.08	1.959963984540054	0.01	2.0	10.0	0.02	
development	noisy_program	1414	mirror_reduction_075	target	0.8351425365017967	0.9444444444444445	0.8095238095238095	no_gate			0.75		no_gate	424.0	203.0	221.0	0.47877358490566035	1.0935960591133005				203.0	0.0	100.0	0.6	20.0	0.08	1.959963984540054	0.01	2.0	10.0	0.02	
development	noisy_program	1414	mirror_reduction_075	reference	0.8033992149206781	0.8444444444444443	0.7619047619047619	no_gate			0.75		no_gate	424.0	203.0	221.0	0.47877358490566035	1.0935960591133005				203.0	0.0	100.0	0.6	20.0	0.08	1.959963984540054	0.01	2.0	10.0	0.02	
development	noisy_program	1414	mirror_reduction_050	target	0.8351425365017967	0.9444444444444445	0.8095238095238095	no_gate			0.5		no_gate	424.0	203.0	221.0	0.47877358490566035	1.0935960591133005				203.0	0.0	100.0	0.6	20.0	0.08	1.959963984540054	0.01	2.0	10.0	0.02	
development	noisy_program	1414	mirror_reduction_050	reference	0.8033992149206781	0.8444444444444443	0.7619047619047619	no_gate			0.5		no_gate	424.0	203.0	221.0	0.47877358490566035	1.0935960591133005				203.0	0.0	100.0	0.6	20.0	0.08	1.959963984540054	0.01	2.0	10.0	0.02	
development	noisy_program	1414	mirror_reduction_025	target	0.8351425365017967	0.9444444444444445	0.8095238095238095	no_gate			0.25		no_gate	424.0	203.0	221.0	0.47877358490566035	1.0935960591133005				203.0	0.0	100.0	0.6	20.0	0.08	1.959963984540054	0.01	2.0	10.0	0.02	
development	noisy_program	1414	mirror_reduction_025	reference	0.8033992149206781	0.8444444444444443	0.7619047619047619	no_gate			0.25		no_gate	424.0	203.0	221.0	0.47877358490566035	1.0935960591133005				203.0	0.0	100.0	0.6	20.0	0.08	1.959963984540054	0.01	2.0	10.0	0.02	
development	noisy_program	1415	rc2_unweighted	target	0.7870400938263399	0.9111111111111111	0.47619047619047616	not_applicable																									
development	noisy_program	1415	rc2_unweighted	reference	0.3444132241198163	0.8555555555555556	0.7619047619047619	not_applicable																									
development	noisy_program	1415	rc3_soft	target	0.7870400938263399	0.9111111111111111	0.47619047619047616	not_applicable	0.0	0.49212962962962964																							
development	noisy_program	1415	rc3_soft	reference	0.3444132241198163	0.8555555555555556	0.7619047619047619	not_applicable	0.0	0.49212962962962964																							
development	noisy_program	1415	mirror_reduction_100	target	0.7870400938263399	0.9111111111111111	0.47619047619047616	no_gate			1.0		no_gate	451.0	219.0	232.0	0.48558758314855877	1.0639269406392695				219.0	0.0	100.0	0.6	20.0	0.08	1.959963984540054	0.01	2.0	10.0	0.02	
development	noisy_program	1415	mirror_reduction_100	reference	0.3444132241198163	0.8555555555555556	0.7619047619047619	no_gate			1.0		no_gate	451.0	219.0	232.0	0.48558758314855877	1.0639269406392695				219.0	0.0	100.0	0.6	20.0	0.08	1.959963984540054	0.01	2.0	10.0	0.02	
development	noisy_program	1415	mirror_reduction_075	target	0.7870400938263399	0.9111111111111111	0.47619047619047616	no_gate			0.75		no_gate	451.0	219.0	232.0	0.48558758314855877	1.0639269406392695				219.0	0.0	100.0	0.6	20.0	0.08	1.959963984540054	0.01	2.0	10.0	0.02	
development	noisy_program	1415	mirror_reduction_075	reference	0.3444132241198163	0.8555555555555556	0.7619047619047619	no_gate			0.75		no_gate	451.0	219.0	232.0	0.48558758314855877	1.0639269406392695				219.0	0.0	100.0	0.6	20.0	0.08	1.959963984540054	0.01	2.0	10.0	0.02	
development	noisy_program	1415	mirror_reduction_050	target	0.7870400938263399	0.9111111111111111	0.47619047619047616	no_gate			0.5		no_gate	451.0	219.0	232.0	0.48558758314855877	1.0639269406392695				219.0	0.0	100.0	0.6	20.0	0.08	1.959963984540054	0.01	2.0	10.0	0.02	
development	noisy_program	1415	mirror_reduction_050	reference	0.3444132241198163	0.8555555555555556	0.7619047619047619	no_gate			0.5		no_gate	451.0	219.0	232.0	0.48558758314855877	1.0639269406392695				219.0	0.0	100.0	0.6	20.0	0.08	1.959963984540054	0.01	2.0	10.0	0.02	
development	noisy_program	1415	mirror_reduction_025	target	0.7870400938263399	0.9111111111111111	0.47619047619047616	no_gate			0.25		no_gate	451.0	219.0	232.0	0.48558758314855877	1.0639269406392695				219.0	0.0	100.0	0.6	20.0	0.08	1.959963984540054	0.01	2.0	10.0	0.02	
development	noisy_program	1415	mirror_reduction_025	reference	0.3444132241198163	0.8555555555555556	0.7619047619047619	no_gate			0.25		no_gate	451.0	219.0	232.0	0.48558758314855877	1.0639269406392695				219.0	0.0	100.0	0.6	20.0	0.08	1.959963984540054	0.01	2.0	10.0	0.02	
development	noisy_program	1416	rc2_unweighted	target	0.7380264200405212	0.9489795918367347	0.7142857142857143	not_applicable																									
development	noisy_program	1416	rc2_unweighted	reference	0.8047771162486868	0.8833333333333334	0.42857142857142855	not_applicable																									
development	noisy_program	1416	rc3_soft	target	0.7380264200405212	0.9489795918367347	0.7142857142857143	not_applicable	0.0	0.4898148148148148																							
development	noisy_program	1416	rc3_soft	reference	0.8047771162486868	0.8833333333333334	0.42857142857142855	not_applicable	0.0	0.4898148148148148																							
development	noisy_program	1416	mirror_reduction_100	target	0.7380264200405212	0.9489795918367347	0.7142857142857143	no_gate			1.0		no_gate	429.0	217.0	212.0	0.5058275058275058	0.9815668202764977				217.0	0.0	100.0	0.6	20.0	0.08	1.959963984540054	0.01	2.0	10.0	0.02	
development	noisy_program	1416	mirror_reduction_100	reference	0.8047771162486868	0.8833333333333334	0.42857142857142855	no_gate			1.0		no_gate	429.0	217.0	212.0	0.5058275058275058	0.9815668202764977				217.0	0.0	100.0	0.6	20.0	0.08	1.959963984540054	0.01	2.0	10.0	0.02	
development	noisy_program	1416	mirror_reduction_075	target	0.7380264200405212	0.9489795918367347	0.7142857142857143	no_gate			0.75		no_gate	429.0	217.0	212.0	0.5058275058275058	0.9815668202764977				217.0	0.0	100.0	0.6	20.0	0.08	1.959963984540054	0.01	2.0	10.0	0.02	
development	noisy_program	1416	mirror_reduction_075	reference	0.8047771162486868	0.8833333333333334	0.42857142857142855	no_gate			0.75		no_gate	429.0	217.0	212.0	0.5058275058275058	0.9815668202764977				217.0	0.0	100.0	0.6	20.0	0.08	1.959963984540054	0.01	2.0	10.0	0.02	
development	noisy_program	1416	mirror_reduction_050	target	0.7380264200405212	0.9489795918367347	0.7142857142857143	no_gate			0.5		no_gate	429.0	217.0	212.0	0.5058275058275058	0.9815668202764977				217.0	0.0	100.0	0.6	20.0	0.08	1.959963984540054	0.01	2.0	10.0	0.02	
development	noisy_program	1416	mirror_reduction_050	reference	0.8047771162486868	0.8833333333333334	0.42857142857142855	no_gate			0.5		no_gate	429.0	217.0	212.0	0.5058275058275058	0.9815668202764977				217.0	0.0	100.0	0.6	20.0	0.08	1.959963984540054	0.01	2.0	10.0	0.02	
development	noisy_program	1416	mirror_reduction_025	target	0.7380264200405212	0.9489795918367347	0.7142857142857143	no_gate			0.25		no_gate	429.0	217.0	212.0	0.5058275058275058	0.9815668202764977				217.0	0.0	100.0	0.6	20.0	0.08	1.959963984540054	0.01	2.0	10.0	0.02	
development	noisy_program	1416	mirror_reduction_025	reference	0.8047771162486868	0.8833333333333334	0.42857142857142855	no_gate			0.25		no_gate	429.0	217.0	212.0	0.5058275058275058	0.9815668202764977				217.0	0.0	100.0	0.6	20.0	0.08	1.959963984540054	0.01	2.0	10.0	0.02	
development	antagonistic_program	1401	rc2_unweighted	target	0.7752293577981653	0.7959183673469388	0.5714285714285714	not_applicable																									
development	antagonistic_program	1401	rc2_unweighted	reference	0.7892879591859175	0.9777777777777777	0.5714285714285714	not_applicable																									
development	antagonistic_program	1401	rc3_soft	target	0.7752293577981653	0.7959183673469388	0.5714285714285714	not_applicable	0.0	0.35833333333333334																							
development	antagonistic_program	1401	rc3_soft	reference	0.7892879591859175	0.9777777777777777	0.5714285714285714	not_applicable	0.0	0.35833333333333334																							
development	antagonistic_program	1401	mirror_reduction_100	target	0.7752293577981653	0.7959183673469388	0.5714285714285714	no_gate			1.0		no_gate	450.0	134.0	316.0	0.29777777777777775	2.3656716417910446				134.0	0.0	100.0	0.6	20.0	0.08	1.959963984540054	0.01	2.0	10.0	0.02	
development	antagonistic_program	1401	mirror_reduction_100	reference	0.7892879591859175	0.9777777777777777	0.5714285714285714	no_gate			1.0		no_gate	450.0	134.0	316.0	0.29777777777777775	2.3656716417910446				134.0	0.0	100.0	0.6	20.0	0.08	1.959963984540054	0.01	2.0	10.0	0.02	
development	antagonistic_program	1401	mirror_reduction_075	target	0.7752293577981653	0.7959183673469388	0.5714285714285714	no_gate			0.75		no_gate	450.0	134.0	316.0	0.29777777777777775	2.3656716417910446				134.0	0.0	100.0	0.6	20.0	0.08	1.959963984540054	0.01	2.0	10.0	0.02	
development	antagonistic_program	1401	mirror_reduction_075	reference	0.7892879591859175	0.9777777777777777	0.5714285714285714	no_gate			0.75		no_gate	450.0	134.0	316.0	0.29777777777777775	2.3656716417910446				134.0	0.0	100.0	0.6	20.0	0.08	1.959963984540054	0.01	2.0	10.0	0.02	
development	antagonistic_program	1401	mirror_reduction_050	target	0.7752293577981653	0.7959183673469388	0.5714285714285714	no_gate			0.5		no_gate	450.0	134.0	316.0	0.29777777777777775	2.3656716417910446				134.0	0.0	100.0	0.6	20.0	0.08	1.959963984540054	0.01	2.0	10.0	0.02	
development	antagonistic_program	1401	mirror_reduction_050	reference	0.7892879591859175	0.9777777777777777	0.5714285714285714	no_gate			0.5		no_gate	450.0	134.0	316.0	0.29777777777777775	2.3656716417910446				134.0	0.0	100.0	0.6	20.0	0.08	1.959963984540054	0.01	2.0	10.0	0.02	
development	antagonistic_program	1401	mirror_reduction_025	target	0.7752293577981653	0.7959183673469388	0.5714285714285714	no_gate			0.25		no_gate	450.0	134.0	316.0	0.29777777777777775	2.3656716417910446				134.0	0.0	100.0	0.6	20.0	0.08	1.959963984540054	0.01	2.0	10.0	0.02	
development	antagonistic_program	1401	mirror_reduction_025	reference	0.7892879591859175	0.9777777777777777	0.5714285714285714	no_gate			0.25		no_gate	450.0	134.0	316.0	0.29777777777777775	2.3656716417910446				134.0	0.0	100.0	0.6	20.0	0.08	1.959963984540054	0.01	2.0	10.0	0.02	
development	antagonistic_program	1402	rc2_unweighted	target	0.5875482564507999	0.9	0.5238095238095238	not_applicable																									
development	antagonistic_program	1402	rc2_unweighted	reference	0.886276213527615	0.9387755102040816	0.42857142857142855	not_applicable																									
development	antagonistic_program	1402	rc3_soft	target	0.5875482564507999	0.9	0.5238095238095238	not_applicable	0.0	0.3768518518518518																							
development	antagonistic_program	1402	rc3_soft	reference	0.886276213527615	0.9387755102040816	0.42857142857142855	not_applicable	0.0	0.3768518518518518																							
development	antagonistic_program	1402	mirror_reduction_100	target	0.5875482564507999	0.9	0.5238095238095238	no_gate			1.0		no_gate	493.0	142.0	351.0	0.2880324543610548	2.4788732394366195				142.0	0.0	100.0	0.6	20.0	0.08	1.959963984540054	0.01	2.0	10.0	0.02	
development	antagonistic_program	1402	mirror_reduction_100	reference	0.886276213527615	0.9387755102040816	0.42857142857142855	no_gate			1.0		no_gate	493.0	142.0	351.0	0.2880324543610548	2.4788732394366195				142.0	0.0	100.0	0.6	20.0	0.08	1.959963984540054	0.01	2.0	10.0	0.02	
development	antagonistic_program	1402	mirror_reduction_075	target	0.5875482564507999	0.9	0.5238095238095238	no_gate			0.75		no_gate	493.0	142.0	351.0	0.2880324543610548	2.4788732394366195				142.0	0.0	100.0	0.6	20.0	0.08	1.959963984540054	0.01	2.0	10.0	0.02	
development	antagonistic_program	1402	mirror_reduction_075	reference	0.886276213527615	0.9387755102040816	0.42857142857142855	no_gate			0.75		no_gate	493.0	142.0	351.0	0.2880324543610548	2.4788732394366195				142.0	0.0	100.0	0.6	20.0	0.08	1.959963984540054	0.01	2.0	10.0	0.02	
development	antagonistic_program	1402	mirror_reduction_050	target	0.5875482564507999	0.9	0.5238095238095238	no_gate			0.5		no_gate	493.0	142.0	351.0	0.2880324543610548	2.4788732394366195				142.0	0.0	100.0	0.6	20.0	0.08	1.959963984540054	0.01	2.0	10.0	0.02	
development	antagonistic_program	1402	mirror_reduction_050	reference	0.886276213527615	0.9387755102040816	0.42857142857142855	no_gate			0.5		no_gate	493.0	142.0	351.0	0.2880324543610548	2.4788732394366195				142.0	0.0	100.0	0.6	20.0	0.08	1.959963984540054	0.01	2.0	10.0	0.02	
development	antagonistic_program	1402	mirror_reduction_025	target	0.5875482564507999	0.9	0.5238095238095238	no_gate			0.25		no_gate	493.0	142.0	351.0	0.2880324543610548	2.4788732394366195				142.0	0.0	100.0	0.6	20.0	0.08	1.959963984540054	0.01	2.0	10.0	0.02	
development	antagonistic_program	1402	mirror_reduction_025	reference	0.886276213527615	0.9387755102040816	0.42857142857142855	no_gate			0.25		no_gate	493.0	142.0	351.0	0.2880324543610548	2.4788732394366195				142.0	0.0	100.0	0.6	20.0	0.08	1.959963984540054	0.01	2.0	10.0	0.02	
development	antagonistic_program	1403	rc2_unweighted	target	0.6789439374185138	0.9111111111111111	0.3333333333333333	not_applicable																									
development	antagonistic_program	1403	rc2_unweighted	reference	0.7815592473930765	0.8944444444444445	0.6666666666666666	not_applicable																									
development	antagonistic_program	1403	rc3_soft	target	0.6789439374185138	0.9111111111111111	0.3333333333333333	not_applicable	0.0	0.375																							
development	antagonistic_program	1403	rc3_soft	reference	0.7815592473930765	0.8944444444444445	0.6666666666666666	not_applicable	0.0	0.375																							
development	antagonistic_program	1403	mirror_reduction_100	target	0.6789439374185138	0.9111111111111111	0.3333333333333333	no_gate			1.0		no_gate	470.0	154.0	316.0	0.3276595744680851	2.0584415584415585				154.0	0.0	100.0	0.6	20.0	0.08	1.959963984540054	0.01	2.0	10.0	0.02	
development	antagonistic_program	1403	mirror_reduction_100	reference	0.7815592473930765	0.8944444444444445	0.6666666666666666	no_gate			1.0		no_gate	470.0	154.0	316.0	0.3276595744680851	2.0584415584415585				154.0	0.0	100.0	0.6	20.0	0.08	1.959963984540054	0.01	2.0	10.0	0.02	
development	antagonistic_program	1403	mirror_reduction_075	target	0.6789439374185138	0.9111111111111111	0.3333333333333333	no_gate			0.75		no_gate	470.0	154.0	316.0	0.3276595744680851	2.0584415584415585				154.0	0.0	100.0	0.6	20.0	0.08	1.959963984540054	0.01	2.0	10.0	0.02	
development	antagonistic_program	1403	mirror_reduction_075	reference	0.7815592473930765	0.8944444444444445	0.6666666666666666	no_gate			0.75		no_gate	470.0	154.0	316.0	0.3276595744680851	2.0584415584415585				154.0	0.0	100.0	0.6	20.0	0.08	1.959963984540054	0.01	2.0	10.0	0.02	
development	antagonistic_program	1403	mirror_reduction_050	target	0.6789439374185138	0.9111111111111111	0.3333333333333333	no_gate			0.5		no_gate	470.0	154.0	316.0	0.3276595744680851	2.0584415584415585				154.0	0.0	100.0	0.6	20.0	0.08	1.959963984540054	0.01	2.0	10.0	0.02	
development	antagonistic_program	1403	mirror_reduction_050	reference	0.7815592473930765	0.8944444444444445	0.6666666666666666	no_gate			0.5		no_gate	470.0	154.0	316.0	0.3276595744680851	2.0584415584415585				154.0	0.0	100.0	0.6	20.0	0.08	1.959963984540054	0.01	2.0	10.0	0.02	
development	antagonistic_program	1403	mirror_reduction_025	target	0.6789439374185138	0.9111111111111111	0.3333333333333333	no_gate			0.25		no_gate	470.0	154.0	316.0	0.3276595744680851	2.0584415584415585				154.0	0.0	100.0	0.6	20.0	0.08	1.959963984540054	0.01	2.0	10.0	0.02	
development	antagonistic_program	1403	mirror_reduction_025	reference	0.7815592473930765	0.8944444444444445	0.6666666666666666	no_gate			0.25		no_gate	470.0	154.0	316.0	0.3276595744680851	2.0584415584415585				154.0	0.0	100.0	0.6	20.0	0.08	1.959963984540054	0.01	2.0	10.0	0.02	
development	antagonistic_program	1404	rc2_unweighted	target	0.8408281750614688	0.9	0.6190476190476191	not_applicable																									
development	antagonistic_program	1404	rc2_unweighted	reference	0.7764712516310678	0.9055555555555556	0.5238095238095238	not_applicable																									
development	antagonistic_program	1404	rc3_soft	target	0.8408281750614688	0.9	0.6190476190476191	not_applicable	0.0	0.39675925925925926																							
development	antagonistic_program	1404	rc3_soft	reference	0.7764712516310678	0.9055555555555556	0.5238095238095238	not_applicable	0.0	0.39675925925925926																							
development	antagonistic_program	1404	mirror_reduction_100	target	0.8408281750614688	0.9	0.6190476190476191	no_gate			1.0		no_gate	464.0	154.0	310.0	0.33189655172413796	2.0194805194805197				154.0	0.0	100.0	0.6	20.0	0.08	1.959963984540054	0.01	2.0	10.0	0.02	
development	antagonistic_program	1404	mirror_reduction_100	reference	0.7764712516310678	0.9055555555555556	0.5238095238095238	no_gate			1.0		no_gate	464.0	154.0	310.0	0.33189655172413796	2.0194805194805197				154.0	0.0	100.0	0.6	20.0	0.08	1.959963984540054	0.01	2.0	10.0	0.02	
development	antagonistic_program	1404	mirror_reduction_075	target	0.8408281750614688	0.9	0.6190476190476191	no_gate			0.75		no_gate	464.0	154.0	310.0	0.33189655172413796	2.0194805194805197				154.0	0.0	100.0	0.6	20.0	0.08	1.959963984540054	0.01	2.0	10.0	0.02	
development	antagonistic_program	1404	mirror_reduction_075	reference	0.7764712516310678	0.9055555555555556	0.5238095238095238	no_gate			0.75		no_gate	464.0	154.0	310.0	0.33189655172413796	2.0194805194805197				154.0	0.0	100.0	0.6	20.0	0.08	1.959963984540054	0.01	2.0	10.0	0.02	
development	antagonistic_program	1404	mirror_reduction_050	target	0.8408281750614688	0.9	0.6190476190476191	no_gate			0.5		no_gate	464.0	154.0	310.0	0.33189655172413796	2.0194805194805197				154.0	0.0	100.0	0.6	20.0	0.08	1.959963984540054	0.01	2.0	10.0	0.02	
development	antagonistic_program	1404	mirror_reduction_050	reference	0.7764712516310678	0.9055555555555556	0.5238095238095238	no_gate			0.5		no_gate	464.0	154.0	310.0	0.33189655172413796	2.0194805194805197				154.0	0.0	100.0	0.6	20.0	0.08	1.959963984540054	0.01	2.0	10.0	0.02	
development	antagonistic_program	1404	mirror_reduction_025	target	0.8408281750614688	0.9	0.6190476190476191	no_gate			0.25		no_gate	464.0	154.0	310.0	0.33189655172413796	2.0194805194805197				154.0	0.0	100.0	0.6	20.0	0.08	1.959963984540054	0.01	2.0	10.0	0.02	
development	antagonistic_program	1404	mirror_reduction_025	reference	0.7764712516310678	0.9055555555555556	0.5238095238095238	no_gate			0.25		no_gate	464.0	154.0	310.0	0.33189655172413796	2.0194805194805197				154.0	0.0	100.0	0.6	20.0	0.08	1.959963984540054	0.01	2.0	10.0	0.02	
development	antagonistic_program	1405	rc2_unweighted	target	0.7974440321288424	0.9540816326530611	0.6666666666666666	not_applicable																									
development	antagonistic_program	1405	rc2_unweighted	reference	0.9250085938057938	0.9693877551020408	0.5238095238095238	not_applicable																									
development	antagonistic_program	1405	rc3_soft	target	0.7974440321288424	0.9540816326530611	0.6666666666666666	not_applicable	0.0	0.3638888888888889																							
development	antagonistic_program	1405	rc3_soft	reference	0.9250085938057938	0.9693877551020408	0.5238095238095238	not_applicable	0.0	0.3638888888888889																							
development	antagonistic_program	1405	mirror_reduction_100	target	0.7974440321288424	0.9540816326530611	0.6666666666666666	no_gate			1.0		no_gate	465.0	129.0	336.0	0.27741935483870966	2.612403100775194				129.0	0.0	100.0	0.6	20.0	0.08	1.959963984540054	0.01	2.0	10.0	0.02	
development	antagonistic_program	1405	mirror_reduction_100	reference	0.9250085938057938	0.9693877551020408	0.5238095238095238	no_gate			1.0		no_gate	465.0	129.0	336.0	0.27741935483870966	2.612403100775194				129.0	0.0	100.0	0.6	20.0	0.08	1.959963984540054	0.01	2.0	10.0	0.02	
development	antagonistic_program	1405	mirror_reduction_075	target	0.7974440321288424	0.9540816326530611	0.6666666666666666	no_gate			0.75		no_gate	465.0	129.0	336.0	0.27741935483870966	2.612403100775194				129.0	0.0	100.0	0.6	20.0	0.08	1.959963984540054	0.01	2.0	10.0	0.02	
development	antagonistic_program	1405	mirror_reduction_075	reference	0.9250085938057938	0.9693877551020408	0.5238095238095238	no_gate			0.75		no_gate	465.0	129.0	336.0	0.27741935483870966	2.612403100775194				129.0	0.0	100.0	0.6	20.0	0.08	1.959963984540054	0.01	2.0	10.0	0.02	
development	antagonistic_program	1405	mirror_reduction_050	target	0.7974440321288424	0.9540816326530611	0.6666666666666666	no_gate			0.5		no_gate	465.0	129.0	336.0	0.27741935483870966	2.612403100775194				129.0	0.0	100.0	0.6	20.0	0.08	1.959963984540054	0.01	2.0	10.0	0.02	
development	antagonistic_program	1405	mirror_reduction_050	reference	0.9250085938057938	0.9693877551020408	0.5238095238095238	no_gate			0.5		no_gate	465.0	129.0	336.0	0.27741935483870966	2.612403100775194				129.0	0.0	100.0	0.6	20.0	0.08	1.959963984540054	0.01	2.0	10.0	0.02	
development	antagonistic_program	1405	mirror_reduction_025	target	0.7974440321288424	0.9540816326530611	0.6666666666666666	no_gate			0.25		no_gate	465.0	129.0	336.0	0.27741935483870966	2.612403100775194				129.0	0.0	100.0	0.6	20.0	0.08	1.959963984540054	0.01	2.0	10.0	0.02	
development	antagonistic_program	1405	mirror_reduction_025	reference	0.9250085938057938	0.9693877551020408	0.5238095238095238	no_gate			0.25		no_gate	465.0	129.0	336.0	0.27741935483870966	2.612403100775194				129.0	0.0	100.0	0.6	20.0	0.08	1.959963984540054	0.01	2.0	10.0	0.02	
development	antagonistic_program	1406	rc2_unweighted	target	0.8462043696985374	0.9722222222222222	0.5714285714285714	not_applicable																									
development	antagonistic_program	1406	rc2_unweighted	reference	0.8167887976900794	0.9555555555555556	0.5238095238095238	not_applicable																									
development	antagonistic_program	1406	rc3_soft	target	0.8462043696985374	0.9722222222222222	0.5714285714285714	not_applicable	0.0	0.3768518518518518																							
development	antagonistic_program	1406	rc3_soft	reference	0.8167887976900794	0.9555555555555556	0.5238095238095238	not_applicable	0.0	0.3768518518518518																							
development	antagonistic_program	1406	mirror_reduction_100	target	0.8462043696985374	0.9722222222222222	0.5714285714285714	no_gate			1.0		no_gate	455.0	130.0	325.0	0.2857142857142857	2.5076923076923077				130.0	0.0	100.0	0.6	20.0	0.08	1.959963984540054	0.01	2.0	10.0	0.02	
development	antagonistic_program	1406	mirror_reduction_100	reference	0.8167887976900794	0.9555555555555556	0.5238095238095238	no_gate			1.0		no_gate	455.0	130.0	325.0	0.2857142857142857	2.5076923076923077				130.0	0.0	100.0	0.6	20.0	0.08	1.959963984540054	0.01	2.0	10.0	0.02	
development	antagonistic_program	1406	mirror_reduction_075	target	0.8462043696985374	0.9722222222222222	0.5714285714285714	no_gate			0.75		no_gate	455.0	130.0	325.0	0.2857142857142857	2.5076923076923077				130.0	0.0	100.0	0.6	20.0	0.08	1.959963984540054	0.01	2.0	10.0	0.02	
development	antagonistic_program	1406	mirror_reduction_075	reference	0.8167887976900794	0.9555555555555556	0.5238095238095238	no_gate			0.75		no_gate	455.0	130.0	325.0	0.2857142857142857	2.5076923076923077				130.0	0.0	100.0	0.6	20.0	0.08	1.959963984540054	0.01	2.0	10.0	0.02	
development	antagonistic_program	1406	mirror_reduction_050	target	0.8462043696985374	0.9722222222222222	0.5714285714285714	no_gate			0.5		no_gate	455.0	130.0	325.0	0.2857142857142857	2.5076923076923077				130.0	0.0	100.0	0.6	20.0	0.08	1.959963984540054	0.01	2.0	10.0	0.02	
development	antagonistic_program	1406	mirror_reduction_050	reference	0.8167887976900794	0.9555555555555556	0.5238095238095238	no_gate			0.5		no_gate	455.0	130.0	325.0	0.2857142857142857	2.5076923076923077				130.0	0.0	100.0	0.6	20.0	0.08	1.959963984540054	0.01	2.0	10.0	0.02	
development	antagonistic_program	1406	mirror_reduction_025	target	0.8462043696985374	0.9722222222222222	0.5714285714285714	no_gate			0.25		no_gate	455.0	130.0	325.0	0.2857142857142857	2.5076923076923077				130.0	0.0	100.0	0.6	20.0	0.08	1.959963984540054	0.01	2.0	10.0	0.02	
development	antagonistic_program	1406	mirror_reduction_025	reference	0.8167887976900794	0.9555555555555556	0.5238095238095238	no_gate			0.25		no_gate	455.0	130.0	325.0	0.2857142857142857	2.5076923076923077				130.0	0.0	100.0	0.6	20.0	0.08	1.959963984540054	0.01	2.0	10.0	0.02	
development	antagonistic_program	1407	rc2_unweighted	target	0.7256741198021743	0.9055555555555557	0.6190476190476191	not_applicable																									
development	antagonistic_program	1407	rc2_unweighted	reference	0.9275456919060051	1.0	0.5238095238095238	not_applicable																									
development	antagonistic_program	1407	rc3_soft	target	0.7256741198021743	0.9055555555555557	0.6190476190476191	not_applicable	0.0	0.3921296296296296																							
development	antagonistic_program	1407	rc3_soft	reference	0.9275456919060051	1.0	0.5238095238095238	not_applicable	0.0	0.3921296296296296																							
development	antagonistic_program	1407	mirror_reduction_100	target	0.7256741198021743	0.9055555555555557	0.6190476190476191	no_gate			1.0		no_gate	430.0	115.0	315.0	0.26744186046511625	2.747826086956522				115.0	0.0	100.0	0.6	20.0	0.08	1.959963984540054	0.01	2.0	10.0	0.02	
development	antagonistic_program	1407	mirror_reduction_100	reference	0.9275456919060051	1.0	0.5238095238095238	no_gate			1.0		no_gate	430.0	115.0	315.0	0.26744186046511625	2.747826086956522				115.0	0.0	100.0	0.6	20.0	0.08	1.959963984540054	0.01	2.0	10.0	0.02	
development	antagonistic_program	1407	mirror_reduction_075	target	0.7256741198021743	0.9055555555555557	0.6190476190476191	no_gate			0.75		no_gate	430.0	115.0	315.0	0.26744186046511625	2.747826086956522				115.0	0.0	100.0	0.6	20.0	0.08	1.959963984540054	0.01	2.0	10.0	0.02	
development	antagonistic_program	1407	mirror_reduction_075	reference	0.9275456919060051	1.0	0.5238095238095238	no_gate			0.75		no_gate	430.0	115.0	315.0	0.26744186046511625	2.747826086956522				115.0	0.0	100.0	0.6	20.0	0.08	1.959963984540054	0.01	2.0	10.0	0.02	
development	antagonistic_program	1407	mirror_reduction_050	target	0.7256741198021743	0.9055555555555557	0.6190476190476191	no_gate			0.5		no_gate	430.0	115.0	315.0	0.26744186046511625	2.747826086956522				115.0	0.0	100.0	0.6	20.0	0.08	1.959963984540054	0.01	2.0	10.0	0.02	
development	antagonistic_program	1407	mirror_reduction_050	reference	0.9275456919060051	1.0	0.5238095238095238	no_gate			0.5		no_gate	430.0	115.0	315.0	0.26744186046511625	2.747826086956522				115.0	0.0	100.0	0.6	20.0	0.08	1.959963984540054	0.01	2.0	10.0	0.02	
development	antagonistic_program	1407	mirror_reduction_025	target	0.7256741198021743	0.9055555555555557	0.6190476190476191	no_gate			0.25		no_gate	430.0	115.0	315.0	0.26744186046511625	2.747826086956522				115.0	0.0	100.0	0.6	20.0	0.08	1.959963984540054	0.01	2.0	10.0	0.02	
development	antagonistic_program	1407	mirror_reduction_025	reference	0.9275456919060051	1.0	0.5238095238095238	no_gate			0.25		no_gate	430.0	115.0	315.0	0.26744186046511625	2.747826086956522				115.0	0.0	100.0	0.6	20.0	0.08	1.959963984540054	0.01	2.0	10.0	0.02	
development	antagonistic_program	1408	rc2_unweighted	target	0.8523549331394955	1.0	0.6666666666666666	not_applicable																									
development	antagonistic_program	1408	rc2_unweighted	reference	0.8771203214088741	0.9833333333333333	0.6190476190476191	not_applicable																									
development	antagonistic_program	1408	rc3_soft	target	0.8523549331394955	1.0	0.6666666666666666	not_applicable	0.0	0.3976851851851852																							
development	antagonistic_program	1408	rc3_soft	reference	0.8771203214088741	0.9833333333333333	0.6190476190476191	not_applicable	0.0	0.3976851851851852																							
development	antagonistic_program	1408	mirror_reduction_100	target	0.8523549331394955	1.0	0.6666666666666666	no_gate			1.0		no_gate	444.0	141.0	303.0	0.31756756756756754	2.1560283687943262				141.0	0.0	100.0	0.6	20.0	0.08	1.959963984540054	0.01	2.0	10.0	0.02	
development	antagonistic_program	1408	mirror_reduction_100	reference	0.8771203214088741	0.9833333333333333	0.6190476190476191	no_gate			1.0		no_gate	444.0	141.0	303.0	0.31756756756756754	2.1560283687943262				141.0	0.0	100.0	0.6	20.0	0.08	1.959963984540054	0.01	2.0	10.0	0.02	
development	antagonistic_program	1408	mirror_reduction_075	target	0.8523549331394955	1.0	0.6666666666666666	no_gate			0.75		no_gate	444.0	141.0	303.0	0.31756756756756754	2.1560283687943262				141.0	0.0	100.0	0.6	20.0	0.08	1.959963984540054	0.01	2.0	10.0	0.02	
development	antagonistic_program	1408	mirror_reduction_075	reference	0.8771203214088741	0.9833333333333333	0.6190476190476191	no_gate			0.75		no_gate	444.0	141.0	303.0	0.31756756756756754	2.1560283687943262				141.0	0.0	100.0	0.6	20.0	0.08	1.959963984540054	0.01	2.0	10.0	0.02	
development	antagonistic_program	1408	mirror_reduction_050	target	0.8523549331394955	1.0	0.6666666666666666	no_gate			0.5		no_gate	444.0	141.0	303.0	0.31756756756756754	2.1560283687943262				141.0	0.0	100.0	0.6	20.0	0.08	1.959963984540054	0.01	2.0	10.0	0.02	
development	antagonistic_program	1408	mirror_reduction_050	reference	0.8771203214088741	0.9833333333333333	0.6190476190476191	no_gate			0.5		no_gate	444.0	141.0	303.0	0.31756756756756754	2.1560283687943262				141.0	0.0	100.0	0.6	20.0	0.08	1.959963984540054	0.01	2.0	10.0	0.02	
development	antagonistic_program	1408	mirror_reduction_025	target	0.8523549331394955	1.0	0.6666666666666666	no_gate			0.25		no_gate	444.0	141.0	303.0	0.31756756756756754	2.1560283687943262				141.0	0.0	100.0	0.6	20.0	0.08	1.959963984540054	0.01	2.0	10.0	0.02	
development	antagonistic_program	1408	mirror_reduction_025	reference	0.8771203214088741	0.9833333333333333	0.6190476190476191	no_gate			0.25		no_gate	444.0	141.0	303.0	0.31756756756756754	2.1560283687943262				141.0	0.0	100.0	0.6	20.0	0.08	1.959963984540054	0.01	2.0	10.0	0.02	
development	antagonistic_program	1409	rc2_unweighted	target	0.8683210745825628	0.9666666666666667	0.47619047619047616	not_applicable																									
development	antagonistic_program	1409	rc2_unweighted	reference	0.6629415787687957	0.9277777777777778	0.8095238095238095	not_applicable																									
development	antagonistic_program	1409	rc3_soft	target	0.8683210745825628	0.9666666666666667	0.47619047619047616	not_applicable	0.0	0.3731481481481482																							
development	antagonistic_program	1409	rc3_soft	reference	0.6629415787687957	0.9277777777777778	0.8095238095238095	not_applicable	0.0	0.3731481481481482																							
development	antagonistic_program	1409	mirror_reduction_100	target	0.8683210745825628	0.9666666666666667	0.47619047619047616	no_gate			1.0		no_gate	458.0	144.0	314.0	0.314410480349345	2.1875				144.0	0.0	100.0	0.6	20.0	0.08	1.959963984540054	0.01	2.0	10.0	0.02	
development	antagonistic_program	1409	mirror_reduction_100	reference	0.6629415787687957	0.9277777777777778	0.8095238095238095	no_gate			1.0		no_gate	458.0	144.0	314.0	0.314410480349345	2.1875				144.0	0.0	100.0	0.6	20.0	0.08	1.959963984540054	0.01	2.0	10.0	0.02	
development	antagonistic_program	1409	mirror_reduction_075	target	0.8683210745825628	0.9666666666666667	0.47619047619047616	no_gate			0.75		no_gate	458.0	144.0	314.0	0.314410480349345	2.1875				144.0	0.0	100.0	0.6	20.0	0.08	1.959963984540054	0.01	2.0	10.0	0.02	
development	antagonistic_program	1409	mirror_reduction_075	reference	0.6629415787687957	0.9277777777777778	0.8095238095238095	no_gate			0.75		no_gate	458.0	144.0	314.0	0.314410480349345	2.1875				144.0	0.0	100.0	0.6	20.0	0.08	1.959963984540054	0.01	2.0	10.0	0.02	
development	antagonistic_program	1409	mirror_reduction_050	target	0.8683210745825628	0.9666666666666667	0.47619047619047616	no_gate			0.5		no_gate	458.0	144.0	314.0	0.314410480349345	2.1875				144.0	0.0	100.0	0.6	20.0	0.08	1.959963984540054	0.01	2.0	10.0	0.02	
development	antagonistic_program	1409	mirror_reduction_050	reference	0.6629415787687957	0.9277777777777778	0.8095238095238095	no_gate			0.5		no_gate	458.0	144.0	314.0	0.314410480349345	2.1875				144.0	0.0	100.0	0.6	20.0	0.08	1.959963984540054	0.01	2.0	10.0	0.02	
development	antagonistic_program	1409	mirror_reduction_025	target	0.8683210745825628	0.9666666666666667	0.47619047619047616	no_gate			0.25		no_gate	458.0	144.0	314.0	0.314410480349345	2.1875				144.0	0.0	100.0	0.6	20.0	0.08	1.959963984540054	0.01	2.0	10.0	0.02	
development	antagonistic_program	1409	mirror_reduction_025	reference	0.6629415787687957	0.9277777777777778	0.8095238095238095	no_gate			0.25		no_gate	458.0	144.0	314.0	0.314410480349345	2.1875				144.0	0.0	100.0	0.6	20.0	0.08	1.959963984540054	0.01	2.0	10.0	0.02	
development	antagonistic_program	1410	rc2_unweighted	target	0.7332034941687794	0.9500000000000001	0.6190476190476191	not_applicable																									
development	antagonistic_program	1410	rc2_unweighted	reference	0.9023856408475737	0.9540816326530612	0.6666666666666666	not_applicable																									
development	antagonistic_program	1410	rc3_soft	target	0.7332034941687794	0.9500000000000001	0.6190476190476191	not_applicable	0.0	0.37037037037037035																							
development	antagonistic_program	1410	rc3_soft	reference	0.9023856408475737	0.9540816326530612	0.6666666666666666	not_applicable	0.0	0.37037037037037035																							
development	antagonistic_program	1410	mirror_reduction_100	target	0.7332034941687794	0.9500000000000001	0.6190476190476191	no_gate			1.0		no_gate	418.0	113.0	305.0	0.2703349282296651	2.7079646017699117				113.0	0.0	100.0	0.6	20.0	0.08	1.959963984540054	0.01	2.0	10.0	0.02	
development	antagonistic_program	1410	mirror_reduction_100	reference	0.9023856408475737	0.9540816326530612	0.6666666666666666	no_gate			1.0		no_gate	418.0	113.0	305.0	0.2703349282296651	2.7079646017699117				113.0	0.0	100.0	0.6	20.0	0.08	1.959963984540054	0.01	2.0	10.0	0.02	
development	antagonistic_program	1410	mirror_reduction_075	target	0.7332034941687794	0.9500000000000001	0.6190476190476191	no_gate			0.75		no_gate	418.0	113.0	305.0	0.2703349282296651	2.7079646017699117				113.0	0.0	100.0	0.6	20.0	0.08	1.959963984540054	0.01	2.0	10.0	0.02	
development	antagonistic_program	1410	mirror_reduction_075	reference	0.9023856408475737	0.9540816326530612	0.6666666666666666	no_gate			0.75		no_gate	418.0	113.0	305.0	0.2703349282296651	2.7079646017699117				113.0	0.0	100.0	0.6	20.0	0.08	1.959963984540054	0.01	2.0	10.0	0.02	
development	antagonistic_program	1410	mirror_reduction_050	target	0.7332034941687794	0.9500000000000001	0.6190476190476191	no_gate			0.5		no_gate	418.0	113.0	305.0	0.2703349282296651	2.7079646017699117				113.0	0.0	100.0	0.6	20.0	0.08	1.959963984540054	0.01	2.0	10.0	0.02	
development	antagonistic_program	1410	mirror_reduction_050	reference	0.9023856408475737	0.9540816326530612	0.6666666666666666	no_gate			0.5		no_gate	418.0	113.0	305.0	0.2703349282296651	2.7079646017699117				113.0	0.0	100.0	0.6	20.0	0.08	1.959963984540054	0.01	2.0	10.0	0.02	
development	antagonistic_program	1410	mirror_reduction_025	target	0.7332034941687794	0.9500000000000001	0.6190476190476191	no_gate			0.25		no_gate	418.0	113.0	305.0	0.2703349282296651	2.7079646017699117				113.0	0.0	100.0	0.6	20.0	0.08	1.959963984540054	0.01	2.0	10.0	0.02	
development	antagonistic_program	1410	mirror_reduction_025	reference	0.9023856408475737	0.9540816326530612	0.6666666666666666	no_gate			0.25		no_gate	418.0	113.0	305.0	0.2703349282296651	2.7079646017699117				113.0	0.0	100.0	0.6	20.0	0.08	1.959963984540054	0.01	2.0	10.0	0.02	
development	antagonistic_program	1411	rc2_unweighted	target	0.5200398708042839	0.8277777777777778	0.7619047619047619	not_applicable																									
development	antagonistic_program	1411	rc2_unweighted	reference	0.6833834152197978	0.9	0.6666666666666666	not_applicable																									
development	antagonistic_program	1411	rc3_soft	target	0.5200398708042839	0.8277777777777778	0.7619047619047619	not_applicable	0.0	0.3958333333333333																							
development	antagonistic_program	1411	rc3_soft	reference	0.6833834152197978	0.9	0.6666666666666666	not_applicable	0.0	0.3958333333333333																							
development	antagonistic_program	1411	mirror_reduction_100	target	0.5200398708042839	0.8277777777777778	0.7619047619047619	no_gate			1.0		no_gate	470.0	133.0	337.0	0.28297872340425534	2.5413533834586466				133.0	0.0	100.0	0.6	20.0	0.08	1.959963984540054	0.01	2.0	10.0	0.02	
development	antagonistic_program	1411	mirror_reduction_100	reference	0.6833834152197978	0.9	0.6666666666666666	no_gate			1.0		no_gate	470.0	133.0	337.0	0.28297872340425534	2.5413533834586466				133.0	0.0	100.0	0.6	20.0	0.08	1.959963984540054	0.01	2.0	10.0	0.02	
development	antagonistic_program	1411	mirror_reduction_075	target	0.5200398708042839	0.8277777777777778	0.7619047619047619	no_gate			0.75		no_gate	470.0	133.0	337.0	0.28297872340425534	2.5413533834586466				133.0	0.0	100.0	0.6	20.0	0.08	1.959963984540054	0.01	2.0	10.0	0.02	
development	antagonistic_program	1411	mirror_reduction_075	reference	0.6833834152197978	0.9	0.6666666666666666	no_gate			0.75		no_gate	470.0	133.0	337.0	0.28297872340425534	2.5413533834586466				133.0	0.0	100.0	0.6	20.0	0.08	1.959963984540054	0.01	2.0	10.0	0.02	
development	antagonistic_program	1411	mirror_reduction_050	target	0.5200398708042839	0.8277777777777778	0.7619047619047619	no_gate			0.5		no_gate	470.0	133.0	337.0	0.28297872340425534	2.5413533834586466				133.0	0.0	100.0	0.6	20.0	0.08	1.959963984540054	0.01	2.0	10.0	0.02	
development	antagonistic_program	1411	mirror_reduction_050	reference	0.6833834152197978	0.9	0.6666666666666666	no_gate			0.5		no_gate	470.0	133.0	337.0	0.28297872340425534	2.5413533834586466				133.0	0.0	100.0	0.6	20.0	0.08	1.959963984540054	0.01	2.0	10.0	0.02	
development	antagonistic_program	1411	mirror_reduction_025	target	0.5200398708042839	0.8277777777777778	0.7619047619047619	no_gate			0.25		no_gate	470.0	133.0	337.0	0.28297872340425534	2.5413533834586466				133.0	0.0	100.0	0.6	20.0	0.08	1.959963984540054	0.01	2.0	10.0	0.02	
development	antagonistic_program	1411	mirror_reduction_025	reference	0.6833834152197978	0.9	0.6666666666666666	no_gate			0.25		no_gate	470.0	133.0	337.0	0.28297872340425534	2.5413533834586466				133.0	0.0	100.0	0.6	20.0	0.08	1.959963984540054	0.01	2.0	10.0	0.02	
development	antagonistic_program	1412	rc2_unweighted	target	0.6753428585093569	0.8611111111111112	0.7619047619047619	not_applicable																									
development	antagonistic_program	1412	rc2_unweighted	reference	0.8422628354798491	0.9	0.47619047619047616	not_applicable																									
development	antagonistic_program	1412	rc3_soft	target	0.6753428585093569	0.8611111111111112	0.7619047619047619	not_applicable	0.0	0.37222222222222223																							
development	antagonistic_program	1412	rc3_soft	reference	0.8422628354798491	0.9	0.47619047619047616	not_applicable	0.0	0.37222222222222223																							
development	antagonistic_program	1412	mirror_reduction_100	target	0.6753428585093569	0.8611111111111112	0.7619047619047619	no_gate			1.0		no_gate	461.0	123.0	338.0	0.2668112798264642	2.7560975609756095				123.0	0.0	100.0	0.6	20.0	0.08	1.959963984540054	0.01	2.0	10.0	0.02	
development	antagonistic_program	1412	mirror_reduction_100	reference	0.8422628354798491	0.9	0.47619047619047616	no_gate			1.0		no_gate	461.0	123.0	338.0	0.2668112798264642	2.7560975609756095				123.0	0.0	100.0	0.6	20.0	0.08	1.959963984540054	0.01	2.0	10.0	0.02	
development	antagonistic_program	1412	mirror_reduction_075	target	0.6753428585093569	0.8611111111111112	0.7619047619047619	no_gate			0.75		no_gate	461.0	123.0	338.0	0.2668112798264642	2.7560975609756095				123.0	0.0	100.0	0.6	20.0	0.08	1.959963984540054	0.01	2.0	10.0	0.02	
development	antagonistic_program	1412	mirror_reduction_075	reference	0.8422628354798491	0.9	0.47619047619047616	no_gate			0.75		no_gate	461.0	123.0	338.0	0.2668112798264642	2.7560975609756095				123.0	0.0	100.0	0.6	20.0	0.08	1.959963984540054	0.01	2.0	10.0	0.02	
development	antagonistic_program	1412	mirror_reduction_050	target	0.6753428585093569	0.8611111111111112	0.7619047619047619	no_gate			0.5		no_gate	461.0	123.0	338.0	0.2668112798264642	2.7560975609756095				123.0	0.0	100.0	0.6	20.0	0.08	1.959963984540054	0.01	2.0	10.0	0.02	
development	antagonistic_program	1412	mirror_reduction_050	reference	0.8422628354798491	0.9	0.47619047619047616	no_gate			0.5		no_gate	461.0	123.0	338.0	0.2668112798264642	2.7560975609756095				123.0	0.0	100.0	0.6	20.0	0.08	1.959963984540054	0.01	2.0	10.0	0.02	
development	antagonistic_program	1412	mirror_reduction_025	target	0.6753428585093569	0.8611111111111112	0.7619047619047619	no_gate			0.25		no_gate	461.0	123.0	338.0	0.2668112798264642	2.7560975609756095				123.0	0.0	100.0	0.6	20.0	0.08	1.959963984540054	0.01	2.0	10.0	0.02	
development	antagonistic_program	1412	mirror_reduction_025	reference	0.8422628354798491	0.9	0.47619047619047616	no_gate			0.25		no_gate	461.0	123.0	338.0	0.2668112798264642	2.7560975609756095				123.0	0.0	100.0	0.6	20.0	0.08	1.959963984540054	0.01	2.0	10.0	0.02	
development	antagonistic_program	1413	rc2_unweighted	target	0.8331733850639201	0.8826530612244898	0.5238095238095238	not_applicable																									
development	antagonistic_program	1413	rc2_unweighted	reference	0.792067787877387	0.9333333333333333	0.6666666666666666	not_applicable																									
development	antagonistic_program	1413	rc3_soft	target	0.8331733850639201	0.8826530612244898	0.5238095238095238	not_applicable	0.0	0.3925925925925926																							
development	antagonistic_program	1413	rc3_soft	reference	0.792067787877387	0.9333333333333333	0.6666666666666666	not_applicable	0.0	0.3925925925925926																							
development	antagonistic_program	1413	mirror_reduction_100	target	0.8331733850639201	0.8826530612244898	0.5238095238095238	no_gate			1.0		no_gate	452.0	137.0	315.0	0.3030973451327434	2.3065693430656933				137.0	0.0	100.0	0.6	20.0	0.08	1.959963984540054	0.01	2.0	10.0	0.02	
development	antagonistic_program	1413	mirror_reduction_100	reference	0.792067787877387	0.9333333333333333	0.6666666666666666	no_gate			1.0		no_gate	452.0	137.0	315.0	0.3030973451327434	2.3065693430656933				137.0	0.0	100.0	0.6	20.0	0.08	1.959963984540054	0.01	2.0	10.0	0.02	
development	antagonistic_program	1413	mirror_reduction_075	target	0.8331733850639201	0.8826530612244898	0.5238095238095238	no_gate			0.75		no_gate	452.0	137.0	315.0	0.3030973451327434	2.3065693430656933				137.0	0.0	100.0	0.6	20.0	0.08	1.959963984540054	0.01	2.0	10.0	0.02	
development	antagonistic_program	1413	mirror_reduction_075	reference	0.792067787877387	0.9333333333333333	0.6666666666666666	no_gate			0.75		no_gate	452.0	137.0	315.0	0.3030973451327434	2.3065693430656933				137.0	0.0	100.0	0.6	20.0	0.08	1.959963984540054	0.01	2.0	10.0	0.02	
development	antagonistic_program	1413	mirror_reduction_050	target	0.8331733850639201	0.8826530612244898	0.5238095238095238	no_gate			0.5		no_gate	452.0	137.0	315.0	0.3030973451327434	2.3065693430656933				137.0	0.0	100.0	0.6	20.0	0.08	1.959963984540054	0.01	2.0	10.0	0.02	
development	antagonistic_program	1413	mirror_reduction_050	reference	0.792067787877387	0.9333333333333333	0.6666666666666666	no_gate			0.5		no_gate	452.0	137.0	315.0	0.3030973451327434	2.3065693430656933				137.0	0.0	100.0	0.6	20.0	0.08	1.959963984540054	0.01	2.0	10.0	0.02	
development	antagonistic_program	1413	mirror_reduction_025	target	0.8331733850639201	0.8826530612244898	0.5238095238095238	no_gate			0.25		no_gate	452.0	137.0	315.0	0.3030973451327434	2.3065693430656933				137.0	0.0	100.0	0.6	20.0	0.08	1.959963984540054	0.01	2.0	10.0	0.02	
development	antagonistic_program	1413	mirror_reduction_025	reference	0.792067787877387	0.9333333333333333	0.6666666666666666	no_gate			0.25		no_gate	452.0	137.0	315.0	0.3030973451327434	2.3065693430656933				137.0	0.0	100.0	0.6	20.0	0.08	1.959963984540054	0.01	2.0	10.0	0.02	
development	antagonistic_program	1414	rc2_unweighted	target	0.8351425365017967	0.9444444444444445	0.8095238095238095	not_applicable																									
development	antagonistic_program	1414	rc2_unweighted	reference	0.8033992149206781	0.8444444444444443	0.7619047619047619	not_applicable																									
development	antagonistic_program	1414	rc3_soft	target	0.8351425365017967	0.9444444444444445	0.8095238095238095	not_applicable	0.0	0.38657407407407407																							
development	antagonistic_program	1414	rc3_soft	reference	0.8033992149206781	0.8444444444444443	0.7619047619047619	not_applicable	0.0	0.38657407407407407																							
development	antagonistic_program	1414	mirror_reduction_100	target	0.8351425365017967	0.9444444444444445	0.8095238095238095	no_gate			1.0		no_gate	424.0	125.0	299.0	0.294811320754717	2.4				125.0	0.0	100.0	0.6	20.0	0.08	1.959963984540054	0.01	2.0	10.0	0.02	
development	antagonistic_program	1414	mirror_reduction_100	reference	0.8033992149206781	0.8444444444444443	0.7619047619047619	no_gate			1.0		no_gate	424.0	125.0	299.0	0.294811320754717	2.4				125.0	0.0	100.0	0.6	20.0	0.08	1.959963984540054	0.01	2.0	10.0	0.02	
development	antagonistic_program	1414	mirror_reduction_075	target	0.8351425365017967	0.9444444444444445	0.8095238095238095	no_gate			0.75		no_gate	424.0	125.0	299.0	0.294811320754717	2.4				125.0	0.0	100.0	0.6	20.0	0.08	1.959963984540054	0.01	2.0	10.0	0.02	
development	antagonistic_program	1414	mirror_reduction_075	reference	0.8033992149206781	0.8444444444444443	0.7619047619047619	no_gate			0.75		no_gate	424.0	125.0	299.0	0.294811320754717	2.4				125.0	0.0	100.0	0.6	20.0	0.08	1.959963984540054	0.01	2.0	10.0	0.02	
development	antagonistic_program	1414	mirror_reduction_050	target	0.8351425365017967	0.9444444444444445	0.8095238095238095	no_gate			0.5		no_gate	424.0	125.0	299.0	0.294811320754717	2.4				125.0	0.0	100.0	0.6	20.0	0.08	1.959963984540054	0.01	2.0	10.0	0.02	
development	antagonistic_program	1414	mirror_reduction_050	reference	0.8033992149206781	0.8444444444444443	0.7619047619047619	no_gate			0.5		no_gate	424.0	125.0	299.0	0.294811320754717	2.4				125.0	0.0	100.0	0.6	20.0	0.08	1.959963984540054	0.01	2.0	10.0	0.02	
development	antagonistic_program	1414	mirror_reduction_025	target	0.8351425365017967	0.9444444444444445	0.8095238095238095	no_gate			0.25		no_gate	424.0	125.0	299.0	0.294811320754717	2.4				125.0	0.0	100.0	0.6	20.0	0.08	1.959963984540054	0.01	2.0	10.0	0.02	
development	antagonistic_program	1414	mirror_reduction_025	reference	0.8033992149206781	0.8444444444444443	0.7619047619047619	no_gate			0.25		no_gate	424.0	125.0	299.0	0.294811320754717	2.4				125.0	0.0	100.0	0.6	20.0	0.08	1.959963984540054	0.01	2.0	10.0	0.02	
development	antagonistic_program	1415	rc2_unweighted	target	0.7870400938263399	0.9111111111111111	0.47619047619047616	not_applicable																									
development	antagonistic_program	1415	rc2_unweighted	reference	0.3444132241198163	0.8555555555555556	0.7619047619047619	not_applicable																									
development	antagonistic_program	1415	rc3_soft	target	0.7870400938263399	0.9111111111111111	0.47619047619047616	not_applicable	0.0	0.3662037037037037																							
development	antagonistic_program	1415	rc3_soft	reference	0.3444132241198163	0.8555555555555556	0.7619047619047619	not_applicable	0.0	0.3662037037037037																							
development	antagonistic_program	1415	mirror_reduction_100	target	0.7870400938263399	0.9111111111111111	0.47619047619047616	no_gate			1.0		no_gate	451.0	122.0	329.0	0.270509977827051	2.7049180327868854				122.0	0.0	100.0	0.6	20.0	0.08	1.959963984540054	0.01	2.0	10.0	0.02	
development	antagonistic_program	1415	mirror_reduction_100	reference	0.3444132241198163	0.8555555555555556	0.7619047619047619	no_gate			1.0		no_gate	451.0	122.0	329.0	0.270509977827051	2.7049180327868854				122.0	0.0	100.0	0.6	20.0	0.08	1.959963984540054	0.01	2.0	10.0	0.02	
development	antagonistic_program	1415	mirror_reduction_075	target	0.7870400938263399	0.9111111111111111	0.47619047619047616	no_gate			0.75		no_gate	451.0	122.0	329.0	0.270509977827051	2.7049180327868854				122.0	0.0	100.0	0.6	20.0	0.08	1.959963984540054	0.01	2.0	10.0	0.02	
development	antagonistic_program	1415	mirror_reduction_075	reference	0.3444132241198163	0.8555555555555556	0.7619047619047619	no_gate			0.75		no_gate	451.0	122.0	329.0	0.270509977827051	2.7049180327868854				122.0	0.0	100.0	0.6	20.0	0.08	1.959963984540054	0.01	2.0	10.0	0.02	
development	antagonistic_program	1415	mirror_reduction_050	target	0.7870400938263399	0.9111111111111111	0.47619047619047616	no_gate			0.5		no_gate	451.0	122.0	329.0	0.270509977827051	2.7049180327868854				122.0	0.0	100.0	0.6	20.0	0.08	1.959963984540054	0.01	2.0	10.0	0.02	
development	antagonistic_program	1415	mirror_reduction_050	reference	0.3444132241198163	0.8555555555555556	0.7619047619047619	no_gate			0.5		no_gate	451.0	122.0	329.0	0.270509977827051	2.7049180327868854				122.0	0.0	100.0	0.6	20.0	0.08	1.959963984540054	0.01	2.0	10.0	0.02	
development	antagonistic_program	1415	mirror_reduction_025	target	0.7870400938263399	0.9111111111111111	0.47619047619047616	no_gate			0.25		no_gate	451.0	122.0	329.0	0.270509977827051	2.7049180327868854				122.0	0.0	100.0	0.6	20.0	0.08	1.959963984540054	0.01	2.0	10.0	0.02	
development	antagonistic_program	1415	mirror_reduction_025	reference	0.3444132241198163	0.8555555555555556	0.7619047619047619	no_gate			0.25		no_gate	451.0	122.0	329.0	0.270509977827051	2.7049180327868854				122.0	0.0	100.0	0.6	20.0	0.08	1.959963984540054	0.01	2.0	10.0	0.02	
development	antagonistic_program	1416	rc2_unweighted	target	0.7380264200405212	0.9489795918367347	0.7142857142857143	not_applicable																									
development	antagonistic_program	1416	rc2_unweighted	reference	0.8047771162486868	0.8833333333333334	0.42857142857142855	not_applicable																									
development	antagonistic_program	1416	rc3_soft	target	0.7380264200405212	0.9489795918367347	0.7142857142857143	not_applicable	0.0	0.3638888888888889																							
development	antagonistic_program	1416	rc3_soft	reference	0.8047771162486868	0.8833333333333334	0.42857142857142855	not_applicable	0.0	0.3638888888888889																							
development	antagonistic_program	1416	mirror_reduction_100	target	0.7380264200405212	0.9489795918367347	0.7142857142857143	no_gate			1.0		no_gate	429.0	137.0	292.0	0.31934731934731936	2.1386861313868613				137.0	0.0	100.0	0.6	20.0	0.08	1.959963984540054	0.01	2.0	10.0	0.02	
development	antagonistic_program	1416	mirror_reduction_100	reference	0.8047771162486868	0.8833333333333334	0.42857142857142855	no_gate			1.0		no_gate	429.0	137.0	292.0	0.31934731934731936	2.1386861313868613				137.0	0.0	100.0	0.6	20.0	0.08	1.959963984540054	0.01	2.0	10.0	0.02	
development	antagonistic_program	1416	mirror_reduction_075	target	0.7380264200405212	0.9489795918367347	0.7142857142857143	no_gate			0.75		no_gate	429.0	137.0	292.0	0.31934731934731936	2.1386861313868613				137.0	0.0	100.0	0.6	20.0	0.08	1.959963984540054	0.01	2.0	10.0	0.02	
development	antagonistic_program	1416	mirror_reduction_075	reference	0.8047771162486868	0.8833333333333334	0.42857142857142855	no_gate			0.75		no_gate	429.0	137.0	292.0	0.31934731934731936	2.1386861313868613				137.0	0.0	100.0	0.6	20.0	0.08	1.959963984540054	0.01	2.0	10.0	0.02	
development	antagonistic_program	1416	mirror_reduction_050	target	0.7380264200405212	0.9489795918367347	0.7142857142857143	no_gate			0.5		no_gate	429.0	137.0	292.0	0.31934731934731936	2.1386861313868613				137.0	0.0	100.0	0.6	20.0	0.08	1.959963984540054	0.01	2.0	10.0	0.02	
development	antagonistic_program	1416	mirror_reduction_050	reference	0.8047771162486868	0.8833333333333334	0.42857142857142855	no_gate			0.5		no_gate	429.0	137.0	292.0	0.31934731934731936	2.1386861313868613				137.0	0.0	100.0	0.6	20.0	0.08	1.959963984540054	0.01	2.0	10.0	0.02	
development	antagonistic_program	1416	mirror_reduction_025	target	0.7380264200405212	0.9489795918367347	0.7142857142857143	no_gate			0.25		no_gate	429.0	137.0	292.0	0.31934731934731936	2.1386861313868613				137.0	0.0	100.0	0.6	20.0	0.08	1.959963984540054	0.01	2.0	10.0	0.02	
development	antagonistic_program	1416	mirror_reduction_025	reference	0.8047771162486868	0.8833333333333334	0.42857142857142855	no_gate			0.25		no_gate	429.0	137.0	292.0	0.31934731934731936	2.1386861313868613				137.0	0.0	100.0	0.6	20.0	0.08	1.959963984540054	0.01	2.0	10.0	0.02	
development	global_null	1401	rc2_unweighted	target			0.8095238095238095	not_applicable																									
development	global_null	1401	rc2_unweighted	reference			0.9047619047619048	not_applicable																									
development	global_null	1401	rc3_soft	target			0.8095238095238095	not_applicable	0.0	0.49907407407407406																							
development	global_null	1401	rc3_soft	reference			0.9047619047619048	not_applicable	0.0	0.49907407407407406																							
development	global_null	1401	mirror_reduction_100	target			0.8095238095238095	no_gate			1.0		no_gate	116.0	56.0	60.0	0.4827586206896552	1.0892857142857142				56.0	0.0	100.0	0.6	20.0	0.08	1.959963984540054	0.01	2.0	10.0	0.02	
development	global_null	1401	mirror_reduction_100	reference			0.9047619047619048	no_gate			1.0		no_gate	116.0	56.0	60.0	0.4827586206896552	1.0892857142857142				56.0	0.0	100.0	0.6	20.0	0.08	1.959963984540054	0.01	2.0	10.0	0.02	
development	global_null	1401	mirror_reduction_075	target			0.8095238095238095	no_gate			0.75		no_gate	116.0	56.0	60.0	0.4827586206896552	1.0892857142857142				56.0	0.0	100.0	0.6	20.0	0.08	1.959963984540054	0.01	2.0	10.0	0.02	
development	global_null	1401	mirror_reduction_075	reference			0.9047619047619048	no_gate			0.75		no_gate	116.0	56.0	60.0	0.4827586206896552	1.0892857142857142				56.0	0.0	100.0	0.6	20.0	0.08	1.959963984540054	0.01	2.0	10.0	0.02	
development	global_null	1401	mirror_reduction_050	target			0.8095238095238095	no_gate			0.5		no_gate	116.0	56.0	60.0	0.4827586206896552	1.0892857142857142				56.0	0.0	100.0	0.6	20.0	0.08	1.959963984540054	0.01	2.0	10.0	0.02	
development	global_null	1401	mirror_reduction_050	reference			0.9047619047619048	no_gate			0.5		no_gate	116.0	56.0	60.0	0.4827586206896552	1.0892857142857142				56.0	0.0	100.0	0.6	20.0	0.08	1.959963984540054	0.01	2.0	10.0	0.02	
development	global_null	1401	mirror_reduction_025	target			0.8095238095238095	no_gate			0.25		no_gate	116.0	56.0	60.0	0.4827586206896552	1.0892857142857142				56.0	0.0	100.0	0.6	20.0	0.08	1.959963984540054	0.01	2.0	10.0	0.02	
development	global_null	1401	mirror_reduction_025	reference			0.9047619047619048	no_gate			0.25		no_gate	116.0	56.0	60.0	0.4827586206896552	1.0892857142857142				56.0	0.0	100.0	0.6	20.0	0.08	1.959963984540054	0.01	2.0	10.0	0.02	
development	global_null	1402	rc2_unweighted	target			0.9047619047619048	not_applicable																									
development	global_null	1402	rc2_unweighted	reference			0.9047619047619048	not_applicable																									
development	global_null	1402	rc3_soft	target			0.9047619047619048	not_applicable	0.0	0.49953703703703706																							
development	global_null	1402	rc3_soft	reference			0.9047619047619048	not_applicable	0.0	0.49953703703703706																							
development	global_null	1402	mirror_reduction_100	target			0.9047619047619048	no_gate			1.0		no_gate	106.0	56.0	50.0	0.5283018867924528	0.9107142857142857				56.0	0.0	100.0	0.6	20.0	0.08	1.959963984540054	0.01	2.0	10.0	0.02	
development	global_null	1402	mirror_reduction_100	reference			0.9047619047619048	no_gate			1.0		no_gate	106.0	56.0	50.0	0.5283018867924528	0.9107142857142857				56.0	0.0	100.0	0.6	20.0	0.08	1.959963984540054	0.01	2.0	10.0	0.02	
development	global_null	1402	mirror_reduction_075	target			0.9047619047619048	no_gate			0.75		no_gate	106.0	56.0	50.0	0.5283018867924528	0.9107142857142857				56.0	0.0	100.0	0.6	20.0	0.08	1.959963984540054	0.01	2.0	10.0	0.02	
development	global_null	1402	mirror_reduction_075	reference			0.9047619047619048	no_gate			0.75		no_gate	106.0	56.0	50.0	0.5283018867924528	0.9107142857142857				56.0	0.0	100.0	0.6	20.0	0.08	1.959963984540054	0.01	2.0	10.0	0.02	
development	global_null	1402	mirror_reduction_050	target			0.9047619047619048	no_gate			0.5		no_gate	106.0	56.0	50.0	0.5283018867924528	0.9107142857142857				56.0	0.0	100.0	0.6	20.0	0.08	1.959963984540054	0.01	2.0	10.0	0.02	
development	global_null	1402	mirror_reduction_050	reference			0.9047619047619048	no_gate			0.5		no_gate	106.0	56.0	50.0	0.5283018867924528	0.9107142857142857				56.0	0.0	100.0	0.6	20.0	0.08	1.959963984540054	0.01	2.0	10.0	0.02	
development	global_null	1402	mirror_reduction_025	target			0.9047619047619048	no_gate			0.25		no_gate	106.0	56.0	50.0	0.5283018867924528	0.9107142857142857				56.0	0.0	100.0	0.6	20.0	0.08	1.959963984540054	0.01	2.0	10.0	0.02	
development	global_null	1402	mirror_reduction_025	reference			0.9047619047619048	no_gate			0.25		no_gate	106.0	56.0	50.0	0.5283018867924528	0.9107142857142857				56.0	0.0	100.0	0.6	20.0	0.08	1.959963984540054	0.01	2.0	10.0	0.02	
development	global_null	1403	rc2_unweighted	target			0.9047619047619048	not_applicable																									
development	global_null	1403	rc2_unweighted	reference			0.9523809523809523	not_applicable																									
development	global_null	1403	rc3_soft	target			0.09523809523809523	not_applicable	0.007407407407407085	0.5009259259259259																							
development	global_null	1403	rc3_soft	reference			0.0	not_applicable	0.007407407407407085	0.5009259259259259																							
development	global_null	1403	mirror_reduction_100	target			0.9047619047619048	no_gate			1.0		no_gate	107.0	61.0	46.0	0.5700934579439252	0.7704918032786885				61.0	0.0	100.0	0.6	20.0	0.08	1.959963984540054	0.01	2.0	10.0	0.02	
development	global_null	1403	mirror_reduction_100	reference			0.9523809523809523	no_gate			1.0		no_gate	107.0	61.0	46.0	0.5700934579439252	0.7704918032786885				61.0	0.0	100.0	0.6	20.0	0.08	1.959963984540054	0.01	2.0	10.0	0.02	
development	global_null	1403	mirror_reduction_075	target			0.9047619047619048	no_gate			0.75		no_gate	107.0	61.0	46.0	0.5700934579439252	0.7704918032786885				61.0	0.0	100.0	0.6	20.0	0.08	1.959963984540054	0.01	2.0	10.0	0.02	
development	global_null	1403	mirror_reduction_075	reference			0.9523809523809523	no_gate			0.75		no_gate	107.0	61.0	46.0	0.5700934579439252	0.7704918032786885				61.0	0.0	100.0	0.6	20.0	0.08	1.959963984540054	0.01	2.0	10.0	0.02	
development	global_null	1403	mirror_reduction_050	target			0.9047619047619048	no_gate			0.5		no_gate	107.0	61.0	46.0	0.5700934579439252	0.7704918032786885				61.0	0.0	100.0	0.6	20.0	0.08	1.959963984540054	0.01	2.0	10.0	0.02	
development	global_null	1403	mirror_reduction_050	reference			0.9523809523809523	no_gate			0.5		no_gate	107.0	61.0	46.0	0.5700934579439252	0.7704918032786885				61.0	0.0	100.0	0.6	20.0	0.08	1.959963984540054	0.01	2.0	10.0	0.02	
development	global_null	1403	mirror_reduction_025	target			0.9047619047619048	no_gate			0.25		no_gate	107.0	61.0	46.0	0.5700934579439252	0.7704918032786885				61.0	0.0	100.0	0.6	20.0	0.08	1.959963984540054	0.01	2.0	10.0	0.02	
development	global_null	1403	mirror_reduction_025	reference			0.9523809523809523	no_gate			0.25		no_gate	107.0	61.0	46.0	0.5700934579439252	0.7704918032786885				61.0	0.0	100.0	0.6	20.0	0.08	1.959963984540054	0.01	2.0	10.0	0.02	
development	global_null	1404	rc2_unweighted	target			1.0	not_applicable																									
development	global_null	1404	rc2_unweighted	reference			0.9523809523809523	not_applicable																									
development	global_null	1404	rc3_soft	target			1.0	not_applicable	0.0	0.487962962962963																							
development	global_null	1404	rc3_soft	reference			0.9523809523809523	not_applicable	0.0	0.487962962962963																							
development	global_null	1404	mirror_reduction_100	target			1.0	no_gate			1.0		no_gate	97.0	40.0	57.0	0.41237113402061853	1.45				40.0	0.0	100.0	0.6	20.0	0.08	1.959963984540054	0.01	2.0	10.0	0.02	
development	global_null	1404	mirror_reduction_100	reference			0.9523809523809523	no_gate			1.0		no_gate	97.0	40.0	57.0	0.41237113402061853	1.45				40.0	0.0	100.0	0.6	20.0	0.08	1.959963984540054	0.01	2.0	10.0	0.02	
development	global_null	1404	mirror_reduction_075	target			1.0	no_gate			0.75		no_gate	97.0	40.0	57.0	0.41237113402061853	1.45				40.0	0.0	100.0	0.6	20.0	0.08	1.959963984540054	0.01	2.0	10.0	0.02	
development	global_null	1404	mirror_reduction_075	reference			0.9523809523809523	no_gate			0.75		no_gate	97.0	40.0	57.0	0.41237113402061853	1.45				40.0	0.0	100.0	0.6	20.0	0.08	1.959963984540054	0.01	2.0	10.0	0.02	
development	global_null	1404	mirror_reduction_050	target			1.0	no_gate			0.5		no_gate	97.0	40.0	57.0	0.41237113402061853	1.45				40.0	0.0	100.0	0.6	20.0	0.08	1.959963984540054	0.01	2.0	10.0	0.02	
development	global_null	1404	mirror_reduction_050	reference			0.9523809523809523	no_gate			0.5		no_gate	97.0	40.0	57.0	0.41237113402061853	1.45				40.0	0.0	100.0	0.6	20.0	0.08	1.959963984540054	0.01	2.0	10.0	0.02	
development	global_null	1404	mirror_reduction_025	target			1.0	no_gate			0.25		no_gate	97.0	40.0	57.0	0.41237113402061853	1.45				40.0	0.0	100.0	0.6	20.0	0.08	1.959963984540054	0.01	2.0	10.0	0.02	
development	global_null	1404	mirror_reduction_025	reference			0.9523809523809523	no_gate			0.25		no_gate	97.0	40.0	57.0	0.41237113402061853	1.45				40.0	0.0	100.0	0.6	20.0	0.08	1.959963984540054	0.01	2.0	10.0	0.02	
development	global_null	1405	rc2_unweighted	target			1.0	not_applicable																									
development	global_null	1405	rc2_unweighted	reference			0.9047619047619048	not_applicable																									
development	global_null	1405	rc3_soft	target			1.0	not_applicable	0.0	0.4986111111111111																							
development	global_null	1405	rc3_soft	reference			0.9047619047619048	not_applicable	0.0	0.4986111111111111																							
development	global_null	1405	mirror_reduction_100	target			1.0	no_gate			1.0		no_gate	95.0	42.0	53.0	0.4421052631578947	1.2857142857142858				42.0	0.0	100.0	0.6	20.0	0.08	1.959963984540054	0.01	2.0	10.0	0.02	
development	global_null	1405	mirror_reduction_100	reference			0.9047619047619048	no_gate			1.0		no_gate	95.0	42.0	53.0	0.4421052631578947	1.2857142857142858				42.0	0.0	100.0	0.6	20.0	0.08	1.959963984540054	0.01	2.0	10.0	0.02	
development	global_null	1405	mirror_reduction_075	target			1.0	no_gate			0.75		no_gate	95.0	42.0	53.0	0.4421052631578947	1.2857142857142858				42.0	0.0	100.0	0.6	20.0	0.08	1.959963984540054	0.01	2.0	10.0	0.02	
development	global_null	1405	mirror_reduction_075	reference			0.9047619047619048	no_gate			0.75		no_gate	95.0	42.0	53.0	0.4421052631578947	1.2857142857142858				42.0	0.0	100.0	0.6	20.0	0.08	1.959963984540054	0.01	2.0	10.0	0.02	
development	global_null	1405	mirror_reduction_050	target			1.0	no_gate			0.5		no_gate	95.0	42.0	53.0	0.4421052631578947	1.2857142857142858				42.0	0.0	100.0	0.6	20.0	0.08	1.959963984540054	0.01	2.0	10.0	0.02	
development	global_null	1405	mirror_reduction_050	reference			0.9047619047619048	no_gate			0.5		no_gate	95.0	42.0	53.0	0.4421052631578947	1.2857142857142858				42.0	0.0	100.0	0.6	20.0	0.08	1.959963984540054	0.01	2.0	10.0	0.02	
development	global_null	1405	mirror_reduction_025	target			1.0	no_gate			0.25		no_gate	95.0	42.0	53.0	0.4421052631578947	1.2857142857142858				42.0	0.0	100.0	0.6	20.0	0.08	1.959963984540054	0.01	2.0	10.0	0.02	
development	global_null	1405	mirror_reduction_025	reference			0.9047619047619048	no_gate			0.25		no_gate	95.0	42.0	53.0	0.4421052631578947	1.2857142857142858				42.0	0.0	100.0	0.6	20.0	0.08	1.959963984540054	0.01	2.0	10.0	0.02	
development	global_null	1406	rc2_unweighted	target			0.8571428571428571	not_applicable																									
development	global_null	1406	rc2_unweighted	reference			0.9523809523809523	not_applicable																									
development	global_null	1406	rc3_soft	target			0.8571428571428571	not_applicable	0.0	0.4986111111111111																							
development	global_null	1406	rc3_soft	reference			0.9523809523809523	not_applicable	0.0	0.4986111111111111																							
development	global_null	1406	mirror_reduction_100	target			0.8571428571428571	no_gate			1.0		no_gate	103.0	51.0	52.0	0.49514563106796117	1.0392156862745099				51.0	0.0	100.0	0.6	20.0	0.08	1.959963984540054	0.01	2.0	10.0	0.02	
development	global_null	1406	mirror_reduction_100	reference			0.9523809523809523	no_gate			1.0		no_gate	103.0	51.0	52.0	0.49514563106796117	1.0392156862745099				51.0	0.0	100.0	0.6	20.0	0.08	1.959963984540054	0.01	2.0	10.0	0.02	
development	global_null	1406	mirror_reduction_075	target			0.8571428571428571	no_gate			0.75		no_gate	103.0	51.0	52.0	0.49514563106796117	1.0392156862745099				51.0	0.0	100.0	0.6	20.0	0.08	1.959963984540054	0.01	2.0	10.0	0.02	
development	global_null	1406	mirror_reduction_075	reference			0.9523809523809523	no_gate			0.75		no_gate	103.0	51.0	52.0	0.49514563106796117	1.0392156862745099				51.0	0.0	100.0	0.6	20.0	0.08	1.959963984540054	0.01	2.0	10.0	0.02	
development	global_null	1406	mirror_reduction_050	target			0.8571428571428571	no_gate			0.5		no_gate	103.0	51.0	52.0	0.49514563106796117	1.0392156862745099				51.0	0.0	100.0	0.6	20.0	0.08	1.959963984540054	0.01	2.0	10.0	0.02	
development	global_null	1406	mirror_reduction_050	reference			0.9523809523809523	no_gate			0.5		no_gate	103.0	51.0	52.0	0.49514563106796117	1.0392156862745099				51.0	0.0	100.0	0.6	20.0	0.08	1.959963984540054	0.01	2.0	10.0	0.02	
development	global_null	1406	mirror_reduction_025	target			0.8571428571428571	no_gate			0.25		no_gate	103.0	51.0	52.0	0.49514563106796117	1.0392156862745099				51.0	0.0	100.0	0.6	20.0	0.08	1.959963984540054	0.01	2.0	10.0	0.02	
development	global_null	1406	mirror_reduction_025	reference			0.9523809523809523	no_gate			0.25		no_gate	103.0	51.0	52.0	0.49514563106796117	1.0392156862745099				51.0	0.0	100.0	0.6	20.0	0.08	1.959963984540054	0.01	2.0	10.0	0.02	
development	global_null	1407	rc2_unweighted	target			0.9523809523809523	not_applicable																									
development	global_null	1407	rc2_unweighted	reference			0.9047619047619048	not_applicable																									
development	global_null	1407	rc3_soft	target			0.09523809523809523	not_applicable	0.159259259259259	0.5199074074074074																							
development	global_null	1407	rc3_soft	reference			0.0	not_applicable	0.159259259259259	0.5199074074074074																							
development	global_null	1407	mirror_reduction_100	target			0.9523809523809523	no_gate			1.0		no_gate	109.0	54.0	55.0	0.4954128440366973	1.037037037037037				54.0	0.0	100.0	0.6	20.0	0.08	1.959963984540054	0.01	2.0	10.0	0.02	
development	global_null	1407	mirror_reduction_100	reference			0.9047619047619048	no_gate			1.0		no_gate	109.0	54.0	55.0	0.4954128440366973	1.037037037037037				54.0	0.0	100.0	0.6	20.0	0.08	1.959963984540054	0.01	2.0	10.0	0.02	
development	global_null	1407	mirror_reduction_075	target			0.9523809523809523	no_gate			0.75		no_gate	109.0	54.0	55.0	0.4954128440366973	1.037037037037037				54.0	0.0	100.0	0.6	20.0	0.08	1.959963984540054	0.01	2.0	10.0	0.02	
development	global_null	1407	mirror_reduction_075	reference			0.9047619047619048	no_gate			0.75		no_gate	109.0	54.0	55.0	0.4954128440366973	1.037037037037037				54.0	0.0	100.0	0.6	20.0	0.08	1.959963984540054	0.01	2.0	10.0	0.02	
development	global_null	1407	mirror_reduction_050	target			0.9523809523809523	no_gate			0.5		no_gate	109.0	54.0	55.0	0.4954128440366973	1.037037037037037				54.0	0.0	100.0	0.6	20.0	0.08	1.959963984540054	0.01	2.0	10.0	0.02	
development	global_null	1407	mirror_reduction_050	reference			0.9047619047619048	no_gate			0.5		no_gate	109.0	54.0	55.0	0.4954128440366973	1.037037037037037				54.0	0.0	100.0	0.6	20.0	0.08	1.959963984540054	0.01	2.0	10.0	0.02	
development	global_null	1407	mirror_reduction_025	target			0.9523809523809523	no_gate			0.25		no_gate	109.0	54.0	55.0	0.4954128440366973	1.037037037037037				54.0	0.0	100.0	0.6	20.0	0.08	1.959963984540054	0.01	2.0	10.0	0.02	
development	global_null	1407	mirror_reduction_025	reference			0.9047619047619048	no_gate			0.25		no_gate	109.0	54.0	55.0	0.4954128440366973	1.037037037037037				54.0	0.0	100.0	0.6	20.0	0.08	1.959963984540054	0.01	2.0	10.0	0.02	
development	global_null	1408	rc2_unweighted	target			0.9523809523809523	not_applicable																									
development	global_null	1408	rc2_unweighted	reference			0.9523809523809523	not_applicable																									
development	global_null	1408	rc3_soft	target			0.0	not_applicable	0.05555555555555536	0.5069444444444444																							
development	global_null	1408	rc3_soft	reference			0.09523809523809523	not_applicable	0.05555555555555536	0.5069444444444444																							
development	global_null	1408	mirror_reduction_100	target			0.9523809523809523	no_gate			1.0		no_gate	111.0	59.0	52.0	0.5315315315315315	0.8983050847457628				59.0	0.0	100.0	0.6	20.0	0.08	1.959963984540054	0.01	2.0	10.0	0.02	
development	global_null	1408	mirror_reduction_100	reference			0.9523809523809523	no_gate			1.0		no_gate	111.0	59.0	52.0	0.5315315315315315	0.8983050847457628				59.0	0.0	100.0	0.6	20.0	0.08	1.959963984540054	0.01	2.0	10.0	0.02	
development	global_null	1408	mirror_reduction_075	target			0.9523809523809523	no_gate			0.75		no_gate	111.0	59.0	52.0	0.5315315315315315	0.8983050847457628				59.0	0.0	100.0	0.6	20.0	0.08	1.959963984540054	0.01	2.0	10.0	0.02	
development	global_null	1408	mirror_reduction_075	reference			0.9523809523809523	no_gate			0.75		no_gate	111.0	59.0	52.0	0.5315315315315315	0.8983050847457628				59.0	0.0	100.0	0.6	20.0	0.08	1.959963984540054	0.01	2.0	10.0	0.02	
development	global_null	1408	mirror_reduction_050	target			0.9523809523809523	no_gate			0.5		no_gate	111.0	59.0	52.0	0.5315315315315315	0.8983050847457628				59.0	0.0	100.0	0.6	20.0	0.08	1.959963984540054	0.01	2.0	10.0	0.02	
development	global_null	1408	mirror_reduction_050	reference			0.9523809523809523	no_gate			0.5		no_gate	111.0	59.0	52.0	0.5315315315315315	0.8983050847457628				59.0	0.0	100.0	0.6	20.0	0.08	1.959963984540054	0.01	2.0	10.0	0.02	
development	global_null	1408	mirror_reduction_025	target			0.9523809523809523	no_gate			0.25		no_gate	111.0	59.0	52.0	0.5315315315315315	0.8983050847457628				59.0	0.0	100.0	0.6	20.0	0.08	1.959963984540054	0.01	2.0	10.0	0.02	
development	global_null	1408	mirror_reduction_025	reference			0.9523809523809523	no_gate			0.25		no_gate	111.0	59.0	52.0	0.5315315315315315	0.8983050847457628				59.0	0.0	100.0	0.6	20.0	0.08	1.959963984540054	0.01	2.0	10.0	0.02	
development	global_null	1409	rc2_unweighted	target			0.9523809523809523	not_applicable																									
development	global_null	1409	rc2_unweighted	reference			0.9523809523809523	not_applicable																									
development	global_null	1409	rc3_soft	target			0.19047619047619047	not_applicable	0.07037037037037042	0.5087962962962963																							
development	global_null	1409	rc3_soft	reference			0.0	not_applicable	0.07037037037037042	0.5087962962962963																							
development	global_null	1409	mirror_reduction_100	target			0.9523809523809523	no_gate			1.0		no_gate	112.0	51.0	61.0	0.45535714285714285	1.2156862745098038				51.0	0.0	100.0	0.6	20.0	0.08	1.959963984540054	0.01	2.0	10.0	0.02	
development	global_null	1409	mirror_reduction_100	reference			0.9523809523809523	no_gate			1.0		no_gate	112.0	51.0	61.0	0.45535714285714285	1.2156862745098038				51.0	0.0	100.0	0.6	20.0	0.08	1.959963984540054	0.01	2.0	10.0	0.02	
development	global_null	1409	mirror_reduction_075	target			0.9523809523809523	no_gate			0.75		no_gate	112.0	51.0	61.0	0.45535714285714285	1.2156862745098038				51.0	0.0	100.0	0.6	20.0	0.08	1.959963984540054	0.01	2.0	10.0	0.02	
development	global_null	1409	mirror_reduction_075	reference			0.9523809523809523	no_gate			0.75		no_gate	112.0	51.0	61.0	0.45535714285714285	1.2156862745098038				51.0	0.0	100.0	0.6	20.0	0.08	1.959963984540054	0.01	2.0	10.0	0.02	
development	global_null	1409	mirror_reduction_050	target			0.9523809523809523	no_gate			0.5		no_gate	112.0	51.0	61.0	0.45535714285714285	1.2156862745098038				51.0	0.0	100.0	0.6	20.0	0.08	1.959963984540054	0.01	2.0	10.0	0.02	
development	global_null	1409	mirror_reduction_050	reference			0.9523809523809523	no_gate			0.5		no_gate	112.0	51.0	61.0	0.45535714285714285	1.2156862745098038				51.0	0.0	100.0	0.6	20.0	0.08	1.959963984540054	0.01	2.0	10.0	0.02	
development	global_null	1409	mirror_reduction_025	target			0.9523809523809523	no_gate			0.25		no_gate	112.0	51.0	61.0	0.45535714285714285	1.2156862745098038				51.0	0.0	100.0	0.6	20.0	0.08	1.959963984540054	0.01	2.0	10.0	0.02	
development	global_null	1409	mirror_reduction_025	reference			0.9523809523809523	no_gate			0.25		no_gate	112.0	51.0	61.0	0.45535714285714285	1.2156862745098038				51.0	0.0	100.0	0.6	20.0	0.08	1.959963984540054	0.01	2.0	10.0	0.02	
development	global_null	1410	rc2_unweighted	target			0.9047619047619048	not_applicable																									
development	global_null	1410	rc2_unweighted	reference			0.9047619047619048	not_applicable																									
development	global_null	1410	rc3_soft	target			0.9047619047619048	not_applicable	0.0	0.49583333333333335																							
development	global_null	1410	rc3_soft	reference			0.9047619047619048	not_applicable	0.0	0.49583333333333335																							
development	global_null	1410	mirror_reduction_100	target			0.9047619047619048	no_gate			1.0		no_gate	95.0	42.0	53.0	0.4421052631578947	1.2857142857142858				42.0	0.0	100.0	0.6	20.0	0.08	1.959963984540054	0.01	2.0	10.0	0.02	
development	global_null	1410	mirror_reduction_100	reference			0.9047619047619048	no_gate			1.0		no_gate	95.0	42.0	53.0	0.4421052631578947	1.2857142857142858				42.0	0.0	100.0	0.6	20.0	0.08	1.959963984540054	0.01	2.0	10.0	0.02	
development	global_null	1410	mirror_reduction_075	target			0.9047619047619048	no_gate			0.75		no_gate	95.0	42.0	53.0	0.4421052631578947	1.2857142857142858				42.0	0.0	100.0	0.6	20.0	0.08	1.959963984540054	0.01	2.0	10.0	0.02	
development	global_null	1410	mirror_reduction_075	reference			0.9047619047619048	no_gate			0.75		no_gate	95.0	42.0	53.0	0.4421052631578947	1.2857142857142858				42.0	0.0	100.0	0.6	20.0	0.08	1.959963984540054	0.01	2.0	10.0	0.02	
development	global_null	1410	mirror_reduction_050	target			0.9047619047619048	no_gate			0.5		no_gate	95.0	42.0	53.0	0.4421052631578947	1.2857142857142858				42.0	0.0	100.0	0.6	20.0	0.08	1.959963984540054	0.01	2.0	10.0	0.02	
development	global_null	1410	mirror_reduction_050	reference			0.9047619047619048	no_gate			0.5		no_gate	95.0	42.0	53.0	0.4421052631578947	1.2857142857142858				42.0	0.0	100.0	0.6	20.0	0.08	1.959963984540054	0.01	2.0	10.0	0.02	
development	global_null	1410	mirror_reduction_025	target			0.9047619047619048	no_gate			0.25		no_gate	95.0	42.0	53.0	0.4421052631578947	1.2857142857142858				42.0	0.0	100.0	0.6	20.0	0.08	1.959963984540054	0.01	2.0	10.0	0.02	
development	global_null	1410	mirror_reduction_025	reference			0.9047619047619048	no_gate			0.25		no_gate	95.0	42.0	53.0	0.4421052631578947	1.2857142857142858				42.0	0.0	100.0	0.6	20.0	0.08	1.959963984540054	0.01	2.0	10.0	0.02	
development	global_null	1411	rc2_unweighted	target			0.9047619047619048	not_applicable																									
development	global_null	1411	rc2_unweighted	reference			0.9047619047619048	not_applicable																									
development	global_null	1411	rc3_soft	target			0.0	not_applicable	0.04814814814814827	0.5060185185185185																							
development	global_null	1411	rc3_soft	reference			0.09523809523809523	not_applicable	0.04814814814814827	0.5060185185185185																							
development	global_null	1411	mirror_reduction_100	target			0.9047619047619048	no_gate			1.0		no_gate	109.0	51.0	58.0	0.46788990825688076	1.1568627450980393				51.0	0.0	100.0	0.6	20.0	0.08	1.959963984540054	0.01	2.0	10.0	0.02	
development	global_null	1411	mirror_reduction_100	reference			0.9047619047619048	no_gate			1.0		no_gate	109.0	51.0	58.0	0.46788990825688076	1.1568627450980393				51.0	0.0	100.0	0.6	20.0	0.08	1.959963984540054	0.01	2.0	10.0	0.02	
development	global_null	1411	mirror_reduction_075	target			0.9047619047619048	no_gate			0.75		no_gate	109.0	51.0	58.0	0.46788990825688076	1.1568627450980393				51.0	0.0	100.0	0.6	20.0	0.08	1.959963984540054	0.01	2.0	10.0	0.02	
development	global_null	1411	mirror_reduction_075	reference			0.9047619047619048	no_gate			0.75		no_gate	109.0	51.0	58.0	0.46788990825688076	1.1568627450980393				51.0	0.0	100.0	0.6	20.0	0.08	1.959963984540054	0.01	2.0	10.0	0.02	
development	global_null	1411	mirror_reduction_050	target			0.9047619047619048	no_gate			0.5		no_gate	109.0	51.0	58.0	0.46788990825688076	1.1568627450980393				51.0	0.0	100.0	0.6	20.0	0.08	1.959963984540054	0.01	2.0	10.0	0.02	
development	global_null	1411	mirror_reduction_050	reference			0.9047619047619048	no_gate			0.5		no_gate	109.0	51.0	58.0	0.46788990825688076	1.1568627450980393				51.0	0.0	100.0	0.6	20.0	0.08	1.959963984540054	0.01	2.0	10.0	0.02	
development	global_null	1411	mirror_reduction_025	target			0.9047619047619048	no_gate			0.25		no_gate	109.0	51.0	58.0	0.46788990825688076	1.1568627450980393				51.0	0.0	100.0	0.6	20.0	0.08	1.959963984540054	0.01	2.0	10.0	0.02	
development	global_null	1411	mirror_reduction_025	reference			0.9047619047619048	no_gate			0.25		no_gate	109.0	51.0	58.0	0.46788990825688076	1.1568627450980393				51.0	0.0	100.0	0.6	20.0	0.08	1.959963984540054	0.01	2.0	10.0	0.02	
development	global_null	1412	rc2_unweighted	target			0.7619047619047619	not_applicable																									
development	global_null	1412	rc2_unweighted	reference			0.8571428571428571	not_applicable																									
development	global_null	1412	rc3_soft	target			0.09523809523809523	not_applicable	0.1925925925925922	0.524074074074074																							
development	global_null	1412	rc3_soft	reference			0.0	not_applicable	0.1925925925925922	0.524074074074074																							
development	global_null	1412	mirror_reduction_100	target			0.7619047619047619	no_gate			1.0		no_gate	124.0	67.0	57.0	0.5403225806451613	0.8656716417910447				67.0	0.0	100.0	0.6	20.0	0.08	1.959963984540054	0.01	2.0	10.0	0.02	
development	global_null	1412	mirror_reduction_100	reference			0.8571428571428571	no_gate			1.0		no_gate	124.0	67.0	57.0	0.5403225806451613	0.8656716417910447				67.0	0.0	100.0	0.6	20.0	0.08	1.959963984540054	0.01	2.0	10.0	0.02	
development	global_null	1412	mirror_reduction_075	target			0.7619047619047619	no_gate			0.75		no_gate	124.0	67.0	57.0	0.5403225806451613	0.8656716417910447				67.0	0.0	100.0	0.6	20.0	0.08	1.959963984540054	0.01	2.0	10.0	0.02	
development	global_null	1412	mirror_reduction_075	reference			0.8571428571428571	no_gate			0.75		no_gate	124.0	67.0	57.0	0.5403225806451613	0.8656716417910447				67.0	0.0	100.0	0.6	20.0	0.08	1.959963984540054	0.01	2.0	10.0	0.02	
development	global_null	1412	mirror_reduction_050	target			0.7619047619047619	no_gate			0.5		no_gate	124.0	67.0	57.0	0.5403225806451613	0.8656716417910447				67.0	0.0	100.0	0.6	20.0	0.08	1.959963984540054	0.01	2.0	10.0	0.02	
development	global_null	1412	mirror_reduction_050	reference			0.8571428571428571	no_gate			0.5		no_gate	124.0	67.0	57.0	0.5403225806451613	0.8656716417910447				67.0	0.0	100.0	0.6	20.0	0.08	1.959963984540054	0.01	2.0	10.0	0.02	
development	global_null	1412	mirror_reduction_025	target			0.7619047619047619	no_gate			0.25		no_gate	124.0	67.0	57.0	0.5403225806451613	0.8656716417910447				67.0	0.0	100.0	0.6	20.0	0.08	1.959963984540054	0.01	2.0	10.0	0.02	
development	global_null	1412	mirror_reduction_025	reference			0.8571428571428571	no_gate			0.25		no_gate	124.0	67.0	57.0	0.5403225806451613	0.8656716417910447				67.0	0.0	100.0	0.6	20.0	0.08	1.959963984540054	0.01	2.0	10.0	0.02	
development	global_null	1413	rc2_unweighted	target			0.9047619047619048	not_applicable																									
development	global_null	1413	rc2_unweighted	reference			0.9047619047619048	not_applicable																									
development	global_null	1413	rc3_soft	target			0.0	not_applicable	0.13333333333333375	0.5166666666666667																							
development	global_null	1413	rc3_soft	reference			0.14285714285714285	not_applicable	0.13333333333333375	0.5166666666666667																							
development	global_null	1413	mirror_reduction_100	target			0.9047619047619048	no_gate			1.0		no_gate	125.0	56.0	69.0	0.448	1.25				56.0	0.0	100.0	0.6	20.0	0.08	1.959963984540054	0.01	2.0	10.0	0.02	
development	global_null	1413	mirror_reduction_100	reference			0.9047619047619048	no_gate			1.0		no_gate	125.0	56.0	69.0	0.448	1.25				56.0	0.0	100.0	0.6	20.0	0.08	1.959963984540054	0.01	2.0	10.0	0.02	
development	global_null	1413	mirror_reduction_075	target			0.9047619047619048	no_gate			0.75		no_gate	125.0	56.0	69.0	0.448	1.25				56.0	0.0	100.0	0.6	20.0	0.08	1.959963984540054	0.01	2.0	10.0	0.02	
development	global_null	1413	mirror_reduction_075	reference			0.9047619047619048	no_gate			0.75		no_gate	125.0	56.0	69.0	0.448	1.25				56.0	0.0	100.0	0.6	20.0	0.08	1.959963984540054	0.01	2.0	10.0	0.02	
development	global_null	1413	mirror_reduction_050	target			0.9047619047619048	no_gate			0.5		no_gate	125.0	56.0	69.0	0.448	1.25				56.0	0.0	100.0	0.6	20.0	0.08	1.959963984540054	0.01	2.0	10.0	0.02	
development	global_null	1413	mirror_reduction_050	reference			0.9047619047619048	no_gate			0.5		no_gate	125.0	56.0	69.0	0.448	1.25				56.0	0.0	100.0	0.6	20.0	0.08	1.959963984540054	0.01	2.0	10.0	0.02	
development	global_null	1413	mirror_reduction_025	target			0.9047619047619048	no_gate			0.25		no_gate	125.0	56.0	69.0	0.448	1.25				56.0	0.0	100.0	0.6	20.0	0.08	1.959963984540054	0.01	2.0	10.0	0.02	
development	global_null	1413	mirror_reduction_025	reference			0.9047619047619048	no_gate			0.25		no_gate	125.0	56.0	69.0	0.448	1.25				56.0	0.0	100.0	0.6	20.0	0.08	1.959963984540054	0.01	2.0	10.0	0.02	
development	global_null	1414	rc2_unweighted	target			0.8571428571428571	not_applicable																									
development	global_null	1414	rc2_unweighted	reference			0.8095238095238095	not_applicable																									
development	global_null	1414	rc3_soft	target			0.8571428571428571	not_applicable	0.0	0.48194444444444445																							
development	global_null	1414	rc3_soft	reference			0.8095238095238095	not_applicable	0.0	0.48194444444444445																							
development	global_null	1414	mirror_reduction_100	target			0.8571428571428571	no_gate			1.0		no_gate	113.0	55.0	58.0	0.48672566371681414	1.0727272727272728				55.0	0.0	100.0	0.6	20.0	0.08	1.959963984540054	0.01	2.0	10.0	0.02	
development	global_null	1414	mirror_reduction_100	reference			0.8095238095238095	no_gate			1.0		no_gate	113.0	55.0	58.0	0.48672566371681414	1.0727272727272728				55.0	0.0	100.0	0.6	20.0	0.08	1.959963984540054	0.01	2.0	10.0	0.02	
development	global_null	1414	mirror_reduction_075	target			0.8571428571428571	no_gate			0.75		no_gate	113.0	55.0	58.0	0.48672566371681414	1.0727272727272728				55.0	0.0	100.0	0.6	20.0	0.08	1.959963984540054	0.01	2.0	10.0	0.02	
development	global_null	1414	mirror_reduction_075	reference			0.8095238095238095	no_gate			0.75		no_gate	113.0	55.0	58.0	0.48672566371681414	1.0727272727272728				55.0	0.0	100.0	0.6	20.0	0.08	1.959963984540054	0.01	2.0	10.0	0.02	
development	global_null	1414	mirror_reduction_050	target			0.8571428571428571	no_gate			0.5		no_gate	113.0	55.0	58.0	0.48672566371681414	1.0727272727272728				55.0	0.0	100.0	0.6	20.0	0.08	1.959963984540054	0.01	2.0	10.0	0.02	
development	global_null	1414	mirror_reduction_050	reference			0.8095238095238095	no_gate			0.5		no_gate	113.0	55.0	58.0	0.48672566371681414	1.0727272727272728				55.0	0.0	100.0	0.6	20.0	0.08	1.959963984540054	0.01	2.0	10.0	0.02	
development	global_null	1414	mirror_reduction_025	target			0.8571428571428571	no_gate			0.25		no_gate	113.0	55.0	58.0	0.48672566371681414	1.0727272727272728				55.0	0.0	100.0	0.6	20.0	0.08	1.959963984540054	0.01	2.0	10.0	0.02	
development	global_null	1414	mirror_reduction_025	reference			0.8095238095238095	no_gate			0.25		no_gate	113.0	55.0	58.0	0.48672566371681414	1.0727272727272728				55.0	0.0	100.0	0.6	20.0	0.08	1.959963984540054	0.01	2.0	10.0	0.02	
development	global_null	1415	rc2_unweighted	target			0.8571428571428571	not_applicable																									
development	global_null	1415	rc2_unweighted	reference			0.9523809523809523	not_applicable																									
development	global_null	1415	rc3_soft	target			0.8571428571428571	not_applicable	0.0	0.49212962962962964																							
development	global_null	1415	rc3_soft	reference			0.9523809523809523	not_applicable	0.0	0.49212962962962964																							
development	global_null	1415	mirror_reduction_100	target			0.8571428571428571	no_gate			1.0		no_gate	100.0	47.0	53.0	0.47	1.148936170212766				47.0	0.0	100.0	0.6	20.0	0.08	1.959963984540054	0.01	2.0	10.0	0.02	
development	global_null	1415	mirror_reduction_100	reference			0.9523809523809523	no_gate			1.0		no_gate	100.0	47.0	53.0	0.47	1.148936170212766				47.0	0.0	100.0	0.6	20.0	0.08	1.959963984540054	0.01	2.0	10.0	0.02	
development	global_null	1415	mirror_reduction_075	target			0.8571428571428571	no_gate			0.75		no_gate	100.0	47.0	53.0	0.47	1.148936170212766				47.0	0.0	100.0	0.6	20.0	0.08	1.959963984540054	0.01	2.0	10.0	0.02	
development	global_null	1415	mirror_reduction_075	reference			0.9523809523809523	no_gate			0.75		no_gate	100.0	47.0	53.0	0.47	1.148936170212766				47.0	0.0	100.0	0.6	20.0	0.08	1.959963984540054	0.01	2.0	10.0	0.02	
development	global_null	1415	mirror_reduction_050	target			0.8571428571428571	no_gate			0.5		no_gate	100.0	47.0	53.0	0.47	1.148936170212766				47.0	0.0	100.0	0.6	20.0	0.08	1.959963984540054	0.01	2.0	10.0	0.02	
development	global_null	1415	mirror_reduction_050	reference			0.9523809523809523	no_gate			0.5		no_gate	100.0	47.0	53.0	0.47	1.148936170212766				47.0	0.0	100.0	0.6	20.0	0.08	1.959963984540054	0.01	2.0	10.0	0.02	
development	global_null	1415	mirror_reduction_025	target			0.8571428571428571	no_gate			0.25		no_gate	100.0	47.0	53.0	0.47	1.148936170212766				47.0	0.0	100.0	0.6	20.0	0.08	1.959963984540054	0.01	2.0	10.0	0.02	
development	global_null	1415	mirror_reduction_025	reference			0.9523809523809523	no_gate			0.25		no_gate	100.0	47.0	53.0	0.47	1.148936170212766				47.0	0.0	100.0	0.6	20.0	0.08	1.959963984540054	0.01	2.0	10.0	0.02	
development	global_null	1416	rc2_unweighted	target			0.8571428571428571	not_applicable																									
development	global_null	1416	rc2_unweighted	reference			0.9523809523809523	not_applicable																									
development	global_null	1416	rc3_soft	target			0.8571428571428571	not_applicable	0.0	0.49444444444444446																							
development	global_null	1416	rc3_soft	reference			0.9523809523809523	not_applicable	0.0	0.49444444444444446																							
development	global_null	1416	mirror_reduction_100	target			0.8571428571428571	no_gate			1.0		no_gate	117.0	62.0	55.0	0.5299145299145299	0.9032258064516129				62.0	0.0	100.0	0.6	20.0	0.08	1.959963984540054	0.01	2.0	10.0	0.02	
development	global_null	1416	mirror_reduction_100	reference			0.9523809523809523	no_gate			1.0		no_gate	117.0	62.0	55.0	0.5299145299145299	0.9032258064516129				62.0	0.0	100.0	0.6	20.0	0.08	1.959963984540054	0.01	2.0	10.0	0.02	
development	global_null	1416	mirror_reduction_075	target			0.8571428571428571	no_gate			0.75		no_gate	117.0	62.0	55.0	0.5299145299145299	0.9032258064516129				62.0	0.0	100.0	0.6	20.0	0.08	1.959963984540054	0.01	2.0	10.0	0.02	
development	global_null	1416	mirror_reduction_075	reference			0.9523809523809523	no_gate			0.75		no_gate	117.0	62.0	55.0	0.5299145299145299	0.9032258064516129				62.0	0.0	100.0	0.6	20.0	0.08	1.959963984540054	0.01	2.0	10.0	0.02	
development	global_null	1416	mirror_reduction_050	target			0.8571428571428571	no_gate			0.5		no_gate	117.0	62.0	55.0	0.5299145299145299	0.9032258064516129				62.0	0.0	100.0	0.6	20.0	0.08	1.959963984540054	0.01	2.0	10.0	0.02	
development	global_null	1416	mirror_reduction_050	reference			0.9523809523809523	no_gate			0.5		no_gate	117.0	62.0	55.0	0.5299145299145299	0.9032258064516129				62.0	0.0	100.0	0.6	20.0	0.08	1.959963984540054	0.01	2.0	10.0	0.02	
development	global_null	1416	mirror_reduction_025	target			0.8571428571428571	no_gate			0.25		no_gate	117.0	62.0	55.0	0.5299145299145299	0.9032258064516129				62.0	0.0	100.0	0.6	20.0	0.08	1.959963984540054	0.01	2.0	10.0	0.02	
development	global_null	1416	mirror_reduction_025	reference			0.9523809523809523	no_gate			0.25		no_gate	117.0	62.0	55.0	0.5299145299145299	0.9032258064516129				62.0	0.0	100.0	0.6	20.0	0.08	1.959963984540054	0.01	2.0	10.0	0.02	
holdout	dense_flat_program	14001	rc2_unweighted	target	0.9017315311585071	0.9277777777777778	0.5714285714285714	not_applicable																									
holdout	dense_flat_program	14001	rc2_unweighted	reference	0.28283727543969117	0.7388888888888889	0.6666666666666666	not_applicable																									
holdout	dense_flat_program	14001	rc3_soft	target	0.9205736970469895	0.9333333333333333	0.19047619047619047	not_applicable	0.5777777777777775	0.5722222222222222																							
holdout	dense_flat_program	14001	rc3_soft	reference	0.40583466036821514	0.7388888888888889	0.38095238095238093	not_applicable	0.5777777777777775	0.5722222222222222																							
holdout	dense_flat_program	14001	mirror_reduction_100	target	0.9220310189976346	0.9333333333333333	0.42857142857142855	sign_only			1.0	0.0	sign_only	486.0	305.0	181.0	0.6275720164609053	0.5967213114754099	0.5967213114754099	0.5967213114754099		305.0	181.0	100.0	0.6	20.0	0.08	1.959963984540054	0.01	2.0	10.0	0.02	
holdout	dense_flat_program	14001	mirror_reduction_100	reference	0.41935476323890164	0.6777777777777777	0.9047619047619048	sign_only			1.0	0.0	sign_only	486.0	305.0	181.0	0.6275720164609053	0.5967213114754099	0.5967213114754099	0.5967213114754099		305.0	181.0	100.0	0.6	20.0	0.08	1.959963984540054	0.01	2.0	10.0	0.02	
holdout	dense_flat_program	14001	mirror_reduction_075	target	0.9220310189976346	0.9333333333333333	0.42857142857142855	sign_only			0.75	0.0	sign_only	486.0	305.0	181.0	0.6275720164609053	0.5967213114754099	0.44754098360655736	0.5967213114754099		305.0	181.0	100.0	0.6	20.0	0.08	1.959963984540054	0.01	2.0	10.0	0.02	
holdout	dense_flat_program	14001	mirror_reduction_075	reference	0.41935476323890164	0.6777777777777777	0.9047619047619048	sign_only			0.75	0.0	sign_only	486.0	305.0	181.0	0.6275720164609053	0.5967213114754099	0.44754098360655736	0.5967213114754099		305.0	181.0	100.0	0.6	20.0	0.08	1.959963984540054	0.01	2.0	10.0	0.02	
holdout	dense_flat_program	14001	mirror_reduction_050	target	0.9220310189976346	0.9333333333333333	0.42857142857142855	sign_only			0.5	0.0	sign_only	486.0	305.0	181.0	0.6275720164609053	0.5967213114754099	0.2983606557377049	0.5967213114754099		305.0	181.0	100.0	0.6	20.0	0.08	1.959963984540054	0.01	2.0	10.0	0.02	
holdout	dense_flat_program	14001	mirror_reduction_050	reference	0.41935476323890164	0.6777777777777777	0.9047619047619048	sign_only			0.5	0.0	sign_only	486.0	305.0	181.0	0.6275720164609053	0.5967213114754099	0.2983606557377049	0.5967213114754099		305.0	181.0	100.0	0.6	20.0	0.08	1.959963984540054	0.01	2.0	10.0	0.02	
holdout	dense_flat_program	14001	mirror_reduction_025	target	0.9220310189976346	0.9333333333333333	0.42857142857142855	sign_only			0.25	0.0	sign_only	486.0	305.0	181.0	0.6275720164609053	0.5967213114754099	0.14918032786885246	0.5967213114754099		305.0	181.0	100.0	0.6	20.0	0.08	1.959963984540054	0.01	2.0	10.0	0.02	
holdout	dense_flat_program	14001	mirror_reduction_025	reference	0.41935476323890164	0.6777777777777777	0.9047619047619048	sign_only			0.25	0.0	sign_only	486.0	305.0	181.0	0.6275720164609053	0.5967213114754099	0.14918032786885246	0.5967213114754099		305.0	181.0	100.0	0.6	20.0	0.08	1.959963984540054	0.01	2.0	10.0	0.02	
holdout	dense_flat_program	14002	rc2_unweighted	target	0.7676668475452804	0.9111111111111111	0.7142857142857143	not_applicable																									
holdout	dense_flat_program	14002	rc2_unweighted	reference	0.7558035594783257	0.9333333333333333	0.5238095238095238	not_applicable																									
holdout	dense_flat_program	14002	rc3_soft	target	0.7343398355396991	0.8333333333333333	0.19047619047619047	not_applicable	0.7629629629629626	0.5953703703703703																							
holdout	dense_flat_program	14002	rc3_soft	reference	0.7174597592090037	0.9222222222222223	0.19047619047619047	not_applicable	0.7629629629629626	0.5953703703703703																							
holdout	dense_flat_program	14002	mirror_reduction_100	target	0.7480314926683176	0.811111111111111	0.8571428571428571	sign_only			1.0	0.0	sign_only	415.0	258.0	157.0	0.6216867469879518	0.6124031007751938	0.6124031007751938	0.6124031007751938		258.0	157.0	100.0	0.6	20.0	0.08	1.959963984540054	0.01	2.0	10.0	0.02	
holdout	dense_flat_program	14002	mirror_reduction_100	reference	0.6615225607075954	0.888888888888889	0.7619047619047619	sign_only			1.0	0.0	sign_only	415.0	258.0	157.0	0.6216867469879518	0.6124031007751938	0.6124031007751938	0.6124031007751938		258.0	157.0	100.0	0.6	20.0	0.08	1.959963984540054	0.01	2.0	10.0	0.02	
holdout	dense_flat_program	14002	mirror_reduction_075	target	0.7480314926683176	0.811111111111111	0.8571428571428571	sign_only			0.75	0.0	sign_only	415.0	258.0	157.0	0.6216867469879518	0.6124031007751938	0.45930232558139533	0.6124031007751938		258.0	157.0	100.0	0.6	20.0	0.08	1.959963984540054	0.01	2.0	10.0	0.02	
holdout	dense_flat_program	14002	mirror_reduction_075	reference	0.6615225607075954	0.888888888888889	0.7619047619047619	sign_only			0.75	0.0	sign_only	415.0	258.0	157.0	0.6216867469879518	0.6124031007751938	0.45930232558139533	0.6124031007751938		258.0	157.0	100.0	0.6	20.0	0.08	1.959963984540054	0.01	2.0	10.0	0.02	
holdout	dense_flat_program	14002	mirror_reduction_050	target	0.7480314926683176	0.811111111111111	0.8571428571428571	sign_only			0.5	0.0	sign_only	415.0	258.0	157.0	0.6216867469879518	0.6124031007751938	0.3062015503875969	0.6124031007751938		258.0	157.0	100.0	0.6	20.0	0.08	1.959963984540054	0.01	2.0	10.0	0.02	
holdout	dense_flat_program	14002	mirror_reduction_050	reference	0.6615225607075954	0.888888888888889	0.7619047619047619	sign_only			0.5	0.0	sign_only	415.0	258.0	157.0	0.6216867469879518	0.6124031007751938	0.3062015503875969	0.6124031007751938		258.0	157.0	100.0	0.6	20.0	0.08	1.959963984540054	0.01	2.0	10.0	0.02	
holdout	dense_flat_program	14002	mirror_reduction_025	target	0.7480314926683176	0.811111111111111	0.8571428571428571	sign_only			0.25	0.0	sign_only	415.0	258.0	157.0	0.6216867469879518	0.6124031007751938	0.15310077519379844	0.6124031007751938		258.0	157.0	100.0	0.6	20.0	0.08	1.959963984540054	0.01	2.0	10.0	0.02	
holdout	dense_flat_program	14002	mirror_reduction_025	reference	0.6615225607075954	0.888888888888889	0.7619047619047619	sign_only			0.25	0.0	sign_only	415.0	258.0	157.0	0.6216867469879518	0.6124031007751938	0.15310077519379844	0.6124031007751938		258.0	157.0	100.0	0.6	20.0	0.08	1.959963984540054	0.01	2.0	10.0	0.02	
holdout	dense_flat_program	14003	rc2_unweighted	target	0.7255799145769621	0.7777777777777778	0.47619047619047616	not_applicable																									
holdout	dense_flat_program	14003	rc2_unweighted	reference	0.5834812458070389	0.7555555555555555	0.7142857142857143	not_applicable																									
holdout	dense_flat_program	14003	rc3_soft	target	0.8015661124000593	0.8222222222222222	0.19047619047619047	not_applicable	0.7666666666666666	0.5958333333333333																							
holdout	dense_flat_program	14003	rc3_soft	reference	0.7474736831454399	0.888888888888889	0.09523809523809523	not_applicable	0.7666666666666666	0.5958333333333333																							
holdout	dense_flat_program	14003	mirror_reduction_100	target	0.7933969163588985	0.8055555555555556	0.6666666666666666	sign_only			1.0	0.0	sign_only	484.0	302.0	182.0	0.6239669421487604	0.6059602649006622	0.6059602649006622	0.6059602649006622		302.0	182.0	100.0	0.6	20.0	0.08	1.959963984540054	0.01	2.0	10.0	0.02	
holdout	dense_flat_program	14003	mirror_reduction_100	reference	0.7495150954347125	0.9055555555555557	0.8095238095238095	sign_only			1.0	0.0	sign_only	484.0	302.0	182.0	0.6239669421487604	0.6059602649006622	0.6059602649006622	0.6059602649006622		302.0	182.0	100.0	0.6	20.0	0.08	1.959963984540054	0.01	2.0	10.0	0.02	
holdout	dense_flat_program	14003	mirror_reduction_075	target	0.7933969163588985	0.8055555555555556	0.6666666666666666	sign_only			0.75	0.0	sign_only	484.0	302.0	182.0	0.6239669421487604	0.6059602649006622	0.45447019867549665	0.6059602649006622		302.0	182.0	100.0	0.6	20.0	0.08	1.959963984540054	0.01	2.0	10.0	0.02	
holdout	dense_flat_program	14003	mirror_reduction_075	reference	0.7495150954347125	0.9055555555555557	0.8095238095238095	sign_only			0.75	0.0	sign_only	484.0	302.0	182.0	0.6239669421487604	0.6059602649006622	0.45447019867549665	0.6059602649006622		302.0	182.0	100.0	0.6	20.0	0.08	1.959963984540054	0.01	2.0	10.0	0.02	
holdout	dense_flat_program	14003	mirror_reduction_050	target	0.7933969163588985	0.8055555555555556	0.6666666666666666	sign_only			0.5	0.0	sign_only	484.0	302.0	182.0	0.6239669421487604	0.6059602649006622	0.3029801324503311	0.6059602649006622		302.0	182.0	100.0	0.6	20.0	0.08	1.959963984540054	0.01	2.0	10.0	0.02	
holdout	dense_flat_program	14003	mirror_reduction_050	reference	0.7495150954347125	0.9055555555555557	0.8095238095238095	sign_only			0.5	0.0	sign_only	484.0	302.0	182.0	0.6239669421487604	0.6059602649006622	0.3029801324503311	0.6059602649006622		302.0	182.0	100.0	0.6	20.0	0.08	1.959963984540054	0.01	2.0	10.0	0.02	
holdout	dense_flat_program	14003	mirror_reduction_025	target	0.7933969163588985	0.8055555555555556	0.6666666666666666	sign_only			0.25	0.0	sign_only	484.0	302.0	182.0	0.6239669421487604	0.6059602649006622	0.15149006622516556	0.6059602649006622		302.0	182.0	100.0	0.6	20.0	0.08	1.959963984540054	0.01	2.0	10.0	0.02	
holdout	dense_flat_program	14003	mirror_reduction_025	reference	0.7495150954347125	0.9055555555555557	0.8095238095238095	sign_only			0.25	0.0	sign_only	484.0	302.0	182.0	0.6239669421487604	0.6059602649006622	0.15149006622516556	0.6059602649006622		302.0	182.0	100.0	0.6	20.0	0.08	1.959963984540054	0.01	2.0	10.0	0.02	
holdout	dense_flat_program	14004	rc2_unweighted	target	0.84781206850544	0.9833333333333334	0.5238095238095238	not_applicable																									
holdout	dense_flat_program	14004	rc2_unweighted	reference	0.7587361618248045	0.7980769230769231	0.6666666666666666	not_applicable																									
holdout	dense_flat_program	14004	rc3_soft	target	0.8611962739604587	0.9777777777777779	0.09523809523809523	not_applicable	0.6962962962962962	0.587037037037037																							
holdout	dense_flat_program	14004	rc3_soft	reference	0.768077028754671	0.8028846153846154	0.19047619047619047	not_applicable	0.6962962962962962	0.587037037037037																							
holdout	dense_flat_program	14004	mirror_reduction_100	target	0.856256171141926	0.9722222222222223	0.6190476190476191	sign_only			1.0	0.0	sign_only	449.0	276.0	173.0	0.6146993318485523	0.6304347826086957	0.6304347826086957	0.6304347826086957		276.0	173.0	100.0	0.6	20.0	0.08	1.959963984540054	0.01	2.0	10.0	0.02	
holdout	dense_flat_program	14004	mirror_reduction_100	reference	0.7737575939249074	0.7980769230769231	0.8571428571428571	sign_only			1.0	0.0	sign_only	449.0	276.0	173.0	0.6146993318485523	0.6304347826086957	0.6304347826086957	0.6304347826086957		276.0	173.0	100.0	0.6	20.0	0.08	1.959963984540054	0.01	2.0	10.0	0.02	
holdout	dense_flat_program	14004	mirror_reduction_075	target	0.856256171141926	0.9722222222222223	0.6190476190476191	sign_only			0.75	0.0	sign_only	449.0	276.0	173.0	0.6146993318485523	0.6304347826086957	0.47282608695652173	0.6304347826086957		276.0	173.0	100.0	0.6	20.0	0.08	1.959963984540054	0.01	2.0	10.0	0.02	
holdout	dense_flat_program	14004	mirror_reduction_075	reference	0.7737575939249074	0.7980769230769231	0.8571428571428571	sign_only			0.75	0.0	sign_only	449.0	276.0	173.0	0.6146993318485523	0.6304347826086957	0.47282608695652173	0.6304347826086957		276.0	173.0	100.0	0.6	20.0	0.08	1.959963984540054	0.01	2.0	10.0	0.02	
holdout	dense_flat_program	14004	mirror_reduction_050	target	0.856256171141926	0.9722222222222223	0.6190476190476191	sign_only			0.5	0.0	sign_only	449.0	276.0	173.0	0.6146993318485523	0.6304347826086957	0.31521739130434784	0.6304347826086957		276.0	173.0	100.0	0.6	20.0	0.08	1.959963984540054	0.01	2.0	10.0	0.02	
holdout	dense_flat_program	14004	mirror_reduction_050	reference	0.7737575939249074	0.7980769230769231	0.8571428571428571	sign_only			0.5	0.0	sign_only	449.0	276.0	173.0	0.6146993318485523	0.6304347826086957	0.31521739130434784	0.6304347826086957		276.0	173.0	100.0	0.6	20.0	0.08	1.959963984540054	0.01	2.0	10.0	0.02	
holdout	dense_flat_program	14004	mirror_reduction_025	target	0.856256171141926	0.9722222222222223	0.6190476190476191	sign_only			0.25	0.0	sign_only	449.0	276.0	173.0	0.6146993318485523	0.6304347826086957	0.15760869565217392	0.6304347826086957		276.0	173.0	100.0	0.6	20.0	0.08	1.959963984540054	0.01	2.0	10.0	0.02	
holdout	dense_flat_program	14004	mirror_reduction_025	reference	0.7737575939249074	0.7980769230769231	0.8571428571428571	sign_only			0.25	0.0	sign_only	449.0	276.0	173.0	0.6146993318485523	0.6304347826086957	0.15760869565217392	0.6304347826086957		276.0	173.0	100.0	0.6	20.0	0.08	1.959963984540054	0.01	2.0	10.0	0.02	
holdout	dense_flat_program	14005	rc2_unweighted	target	0.8056126576109375	0.8555555555555556	0.5714285714285714	not_applicable																									
holdout	dense_flat_program	14005	rc2_unweighted	reference	0.6993049634606028	0.8571428571428571	0.8571428571428571	not_applicable																									
holdout	dense_flat_program	14005	rc3_soft	target	0.86837870327345	0.9	0.0	not_applicable	0.666666666666667	0.5833333333333334																							
holdout	dense_flat_program	14005	rc3_soft	reference	0.729350287045131	0.8367346938775511	0.09523809523809523	not_applicable	0.666666666666667	0.5833333333333334																							
holdout	dense_flat_program	14005	mirror_reduction_100	target	0.9028080308773584	0.9555555555555555	0.5714285714285714	sign_only			1.0	0.0	sign_only	469.0	300.0	169.0	0.6396588486140725	0.5666666666666667	0.5666666666666667	0.5666666666666667		300.0	169.0	100.0	0.6	20.0	0.08	1.959963984540054	0.01	2.0	10.0	0.02	
holdout	dense_flat_program	14005	mirror_reduction_100	reference	0.6384329326581221	0.7755102040816326	0.7142857142857143	sign_only			1.0	0.0	sign_only	469.0	300.0	169.0	0.6396588486140725	0.5666666666666667	0.5666666666666667	0.5666666666666667		300.0	169.0	100.0	0.6	20.0	0.08	1.959963984540054	0.01	2.0	10.0	0.02	
holdout	dense_flat_program	14005	mirror_reduction_075	target	0.9028080308773584	0.9555555555555555	0.5714285714285714	sign_only			0.75	0.0	sign_only	469.0	300.0	169.0	0.6396588486140725	0.5666666666666667	0.425	0.5666666666666667		300.0	169.0	100.0	0.6	20.0	0.08	1.959963984540054	0.01	2.0	10.0	0.02	
holdout	dense_flat_program	14005	mirror_reduction_075	reference	0.6384329326581221	0.7755102040816326	0.7142857142857143	sign_only			0.75	0.0	sign_only	469.0	300.0	169.0	0.6396588486140725	0.5666666666666667	0.425	0.5666666666666667		300.0	169.0	100.0	0.6	20.0	0.08	1.959963984540054	0.01	2.0	10.0	0.02	
holdout	dense_flat_program	14005	mirror_reduction_050	target	0.9028080308773584	0.9555555555555555	0.5714285714285714	sign_only			0.5	0.0	sign_only	469.0	300.0	169.0	0.6396588486140725	0.5666666666666667	0.2833333333333333	0.5666666666666667		300.0	169.0	100.0	0.6	20.0	0.08	1.959963984540054	0.01	2.0	10.0	0.02	
holdout	dense_flat_program	14005	mirror_reduction_050	reference	0.6384329326581221	0.7755102040816326	0.7142857142857143	sign_only			0.5	0.0	sign_only	469.0	300.0	169.0	0.6396588486140725	0.5666666666666667	0.2833333333333333	0.5666666666666667		300.0	169.0	100.0	0.6	20.0	0.08	1.959963984540054	0.01	2.0	10.0	0.02	
holdout	dense_flat_program	14005	mirror_reduction_025	target	0.9028080308773584	0.9555555555555555	0.5714285714285714	sign_only			0.25	0.0	sign_only	469.0	300.0	169.0	0.6396588486140725	0.5666666666666667	0.14166666666666666	0.5666666666666667		300.0	169.0	100.0	0.6	20.0	0.08	1.959963984540054	0.01	2.0	10.0	0.02	
holdout	dense_flat_program	14005	mirror_reduction_025	reference	0.6384329326581221	0.7755102040816326	0.7142857142857143	sign_only			0.25	0.0	sign_only	469.0	300.0	169.0	0.6396588486140725	0.5666666666666667	0.14166666666666666	0.5666666666666667		300.0	169.0	100.0	0.6	20.0	0.08	1.959963984540054	0.01	2.0	10.0	0.02	
holdout	dense_flat_program	14006	rc2_unweighted	target	0.6302804729009026	0.8469387755102041	0.6190476190476191	not_applicable																									
holdout	dense_flat_program	14006	rc2_unweighted	reference	0.7198178057662624	0.8333333333333334	0.38095238095238093	not_applicable																									
holdout	dense_flat_program	14006	rc3_soft	target	0.6322055869485778	0.8520408163265305	0.23809523809523808	not_applicable	0.6925925925925922	0.586574074074074																							
holdout	dense_flat_program	14006	rc3_soft	reference	0.7260321942787753	0.8333333333333334	0.0	not_applicable	0.6925925925925922	0.586574074074074																							
holdout	dense_flat_program	14006	mirror_reduction_100	target	0.569004543699834	0.8367346938775511	0.9047619047619048	sign_only			1.0	0.0	sign_only	447.0	279.0	168.0	0.6241610738255033	0.6057347670250897	0.6057347670250897	0.6057347670250897		279.0	168.0	100.0	0.6	20.0	0.08	1.959963984540054	0.01	2.0	10.0	0.02	
holdout	dense_flat_program	14006	mirror_reduction_100	reference	0.7170306254249754	0.8333333333333334	0.5714285714285714	sign_only			1.0	0.0	sign_only	447.0	279.0	168.0	0.6241610738255033	0.6057347670250897	0.6057347670250897	0.6057347670250897		279.0	168.0	100.0	0.6	20.0	0.08	1.959963984540054	0.01	2.0	10.0	0.02	
holdout	dense_flat_program	14006	mirror_reduction_075	target	0.569004543699834	0.8367346938775511	0.9047619047619048	sign_only			0.75	0.0	sign_only	447.0	279.0	168.0	0.6241610738255033	0.6057347670250897	0.45430107526881724	0.6057347670250897		279.0	168.0	100.0	0.6	20.0	0.08	1.959963984540054	0.01	2.0	10.0	0.02	
holdout	dense_flat_program	14006	mirror_reduction_075	reference	0.7170306254249754	0.8333333333333334	0.5714285714285714	sign_only			0.75	0.0	sign_only	447.0	279.0	168.0	0.6241610738255033	0.6057347670250897	0.45430107526881724	0.6057347670250897		279.0	168.0	100.0	0.6	20.0	0.08	1.959963984540054	0.01	2.0	10.0	0.02	
holdout	dense_flat_program	14006	mirror_reduction_050	target	0.569004543699834	0.8367346938775511	0.9047619047619048	sign_only			0.5	0.0	sign_only	447.0	279.0	168.0	0.6241610738255033	0.6057347670250897	0.30286738351254483	0.6057347670250897		279.0	168.0	100.0	0.6	20.0	0.08	1.959963984540054	0.01	2.0	10.0	0.02	
holdout	dense_flat_program	14006	mirror_reduction_050	reference	0.7170306254249754	0.8333333333333334	0.5714285714285714	sign_only			0.5	0.0	sign_only	447.0	279.0	168.0	0.6241610738255033	0.6057347670250897	0.30286738351254483	0.6057347670250897		279.0	168.0	100.0	0.6	20.0	0.08	1.959963984540054	0.01	2.0	10.0	0.02	
holdout	dense_flat_program	14006	mirror_reduction_025	target	0.569004543699834	0.8367346938775511	0.9047619047619048	sign_only			0.25	0.0	sign_only	447.0	279.0	168.0	0.6241610738255033	0.6057347670250897	0.15143369175627241	0.6057347670250897		279.0	168.0	100.0	0.6	20.0	0.08	1.959963984540054	0.01	2.0	10.0	0.02	
holdout	dense_flat_program	14006	mirror_reduction_025	reference	0.7170306254249754	0.8333333333333334	0.5714285714285714	sign_only			0.25	0.0	sign_only	447.0	279.0	168.0	0.6241610738255033	0.6057347670250897	0.15143369175627241	0.6057347670250897		279.0	168.0	100.0	0.6	20.0	0.08	1.959963984540054	0.01	2.0	10.0	0.02	
holdout	dense_flat_program	14007	rc2_unweighted	target	0.8801987099463142	0.8833333333333333	0.6190476190476191	not_applicable																									
holdout	dense_flat_program	14007	rc2_unweighted	reference	0.8217578134157492	0.9333333333333333	0.5714285714285714	not_applicable																									
holdout	dense_flat_program	14007	rc3_soft	target	0.9026874235354	0.9166666666666666	0.19047619047619047	not_applicable	0.6074074074074076	0.575925925925926																							
holdout	dense_flat_program	14007	rc3_soft	reference	0.8398780713060908	0.9444444444444445	0.2857142857142857	not_applicable	0.6074074074074076	0.575925925925926																							
holdout	dense_flat_program	14007	mirror_reduction_100	target	0.8935132182524336	0.9166666666666666	0.6666666666666666	sign_only			1.0	0.0	sign_only	466.0	298.0	168.0	0.6394849785407726	0.5671140939597316	0.5671140939597316	0.5671140939597316		298.0	168.0	100.0	0.6	20.0	0.08	1.959963984540054	0.01	2.0	10.0	0.02	
holdout	dense_flat_program	14007	mirror_reduction_100	reference	0.8531002634224212	0.9388888888888889	0.8095238095238095	sign_only			1.0	0.0	sign_only	466.0	298.0	168.0	0.6394849785407726	0.5671140939597316	0.5671140939597316	0.5671140939597316		298.0	168.0	100.0	0.6	20.0	0.08	1.959963984540054	0.01	2.0	10.0	0.02	
holdout	dense_flat_program	14007	mirror_reduction_075	target	0.8935132182524336	0.9166666666666666	0.6666666666666666	sign_only			0.75	0.0	sign_only	466.0	298.0	168.0	0.6394849785407726	0.5671140939597316	0.42533557046979864	0.5671140939597316		298.0	168.0	100.0	0.6	20.0	0.08	1.959963984540054	0.01	2.0	10.0	0.02	
holdout	dense_flat_program	14007	mirror_reduction_075	reference	0.8531002634224212	0.9388888888888889	0.8095238095238095	sign_only			0.75	0.0	sign_only	466.0	298.0	168.0	0.6394849785407726	0.5671140939597316	0.42533557046979864	0.5671140939597316		298.0	168.0	100.0	0.6	20.0	0.08	1.959963984540054	0.01	2.0	10.0	0.02	
holdout	dense_flat_program	14007	mirror_reduction_050	target	0.8935132182524336	0.9166666666666666	0.6666666666666666	sign_only			0.5	0.0	sign_only	466.0	298.0	168.0	0.6394849785407726	0.5671140939597316	0.2835570469798658	0.5671140939597316		298.0	168.0	100.0	0.6	20.0	0.08	1.959963984540054	0.01	2.0	10.0	0.02	
holdout	dense_flat_program	14007	mirror_reduction_050	reference	0.8531002634224212	0.9388888888888889	0.8095238095238095	sign_only			0.5	0.0	sign_only	466.0	298.0	168.0	0.6394849785407726	0.5671140939597316	0.2835570469798658	0.5671140939597316		298.0	168.0	100.0	0.6	20.0	0.08	1.959963984540054	0.01	2.0	10.0	0.02	
holdout	dense_flat_program	14007	mirror_reduction_025	target	0.8935132182524336	0.9166666666666666	0.6666666666666666	sign_only			0.25	0.0	sign_only	466.0	298.0	168.0	0.6394849785407726	0.5671140939597316	0.1417785234899329	0.5671140939597316		298.0	168.0	100.0	0.6	20.0	0.08	1.959963984540054	0.01	2.0	10.0	0.02	
holdout	dense_flat_program	14007	mirror_reduction_025	reference	0.8531002634224212	0.9388888888888889	0.8095238095238095	sign_only			0.25	0.0	sign_only	466.0	298.0	168.0	0.6394849785407726	0.5671140939597316	0.1417785234899329	0.5671140939597316		298.0	168.0	100.0	0.6	20.0	0.08	1.959963984540054	0.01	2.0	10.0	0.02	
holdout	dense_flat_program	14008	rc2_unweighted	target	0.9039530047881378	0.9722222222222223	0.7142857142857143	not_applicable																									
holdout	dense_flat_program	14008	rc2_unweighted	reference	0.7524527443168345	0.8277777777777777	0.6666666666666666	not_applicable																									
holdout	dense_flat_program	14008	rc3_soft	target	0.901631725775786	0.9888888888888889	0.09523809523809523	not_applicable	0.7481481481481485	0.5935185185185186																							
holdout	dense_flat_program	14008	rc3_soft	reference	0.8149880369563537	0.9000000000000001	0.0	not_applicable	0.7481481481481485	0.5935185185185186																							
holdout	dense_flat_program	14008	mirror_reduction_100	target	0.8778461932278413	0.9888888888888889	0.5714285714285714	sign_only			1.0	0.0	sign_only	444.0	280.0	164.0	0.6306306306306306	0.5892857142857143	0.5892857142857143	0.5892857142857143		280.0	164.0	100.0	0.6	20.0	0.08	1.959963984540054	0.01	2.0	10.0	0.02	
holdout	dense_flat_program	14008	mirror_reduction_100	reference	0.8029551354866618	0.8944444444444445	0.9523809523809523	sign_only			1.0	0.0	sign_only	444.0	280.0	164.0	0.6306306306306306	0.5892857142857143	0.5892857142857143	0.5892857142857143		280.0	164.0	100.0	0.6	20.0	0.08	1.959963984540054	0.01	2.0	10.0	0.02	
holdout	dense_flat_program	14008	mirror_reduction_075	target	0.8778461932278413	0.9888888888888889	0.5714285714285714	sign_only			0.75	0.0	sign_only	444.0	280.0	164.0	0.6306306306306306	0.5892857142857143	0.4419642857142857	0.5892857142857143		280.0	164.0	100.0	0.6	20.0	0.08	1.959963984540054	0.01	2.0	10.0	0.02	
holdout	dense_flat_program	14008	mirror_reduction_075	reference	0.8029551354866618	0.8944444444444445	0.9523809523809523	sign_only			0.75	0.0	sign_only	444.0	280.0	164.0	0.6306306306306306	0.5892857142857143	0.4419642857142857	0.5892857142857143		280.0	164.0	100.0	0.6	20.0	0.08	1.959963984540054	0.01	2.0	10.0	0.02	
holdout	dense_flat_program	14008	mirror_reduction_050	target	0.8778461932278413	0.9888888888888889	0.5714285714285714	sign_only			0.5	0.0	sign_only	444.0	280.0	164.0	0.6306306306306306	0.5892857142857143	0.29464285714285715	0.5892857142857143		280.0	164.0	100.0	0.6	20.0	0.08	1.959963984540054	0.01	2.0	10.0	0.02	
holdout	dense_flat_program	14008	mirror_reduction_050	reference	0.8029551354866618	0.8944444444444445	0.9523809523809523	sign_only			0.5	0.0	sign_only	444.0	280.0	164.0	0.6306306306306306	0.5892857142857143	0.29464285714285715	0.5892857142857143		280.0	164.0	100.0	0.6	20.0	0.08	1.959963984540054	0.01	2.0	10.0	0.02	
holdout	dense_flat_program	14008	mirror_reduction_025	target	0.8778461932278413	0.9888888888888889	0.5714285714285714	sign_only			0.25	0.0	sign_only	444.0	280.0	164.0	0.6306306306306306	0.5892857142857143	0.14732142857142858	0.5892857142857143		280.0	164.0	100.0	0.6	20.0	0.08	1.959963984540054	0.01	2.0	10.0	0.02	
holdout	dense_flat_program	14008	mirror_reduction_025	reference	0.8029551354866618	0.8944444444444445	0.9523809523809523	sign_only			0.25	0.0	sign_only	444.0	280.0	164.0	0.6306306306306306	0.5892857142857143	0.14732142857142858	0.5892857142857143		280.0	164.0	100.0	0.6	20.0	0.08	1.959963984540054	0.01	2.0	10.0	0.02	
holdout	dense_flat_program	14009	rc2_unweighted	target	0.8749612849710479	0.9074074074074073	0.6666666666666666	not_applicable																									
holdout	dense_flat_program	14009	rc2_unweighted	reference	0.6024035627019656	0.85	0.6666666666666666	not_applicable																									
holdout	dense_flat_program	14009	rc3_soft	target	0.8830859663193146	0.9166666666666666	0.23809523809523808	not_applicable	0.5259259259259261	0.5657407407407408																							
holdout	dense_flat_program	14009	rc3_soft	reference	0.8023036466537039	0.9277777777777778	0.09523809523809523	not_applicable	0.5259259259259261	0.5657407407407408																							
holdout	dense_flat_program	14009	mirror_reduction_100	target	0.8603286087215082	0.9074074074074074	0.6190476190476191	sign_only			1.0	0.0	sign_only	457.0	293.0	164.0	0.6411378555798687	0.5631399317406144	0.5631399317406144	0.5631399317406144		293.0	164.0	100.0	0.6	20.0	0.08	1.959963984540054	0.01	2.0	10.0	0.02	
holdout	dense_flat_program	14009	mirror_reduction_100	reference	0.8432351300253679	0.9111111111111111	0.7142857142857143	sign_only			1.0	0.0	sign_only	457.0	293.0	164.0	0.6411378555798687	0.5631399317406144	0.5631399317406144	0.5631399317406144		293.0	164.0	100.0	0.6	20.0	0.08	1.959963984540054	0.01	2.0	10.0	0.02	
holdout	dense_flat_program	14009	mirror_reduction_075	target	0.8603286087215082	0.9074074074074074	0.6190476190476191	sign_only			0.75	0.0	sign_only	457.0	293.0	164.0	0.6411378555798687	0.5631399317406144	0.42235494880546076	0.5631399317406144		293.0	164.0	100.0	0.6	20.0	0.08	1.959963984540054	0.01	2.0	10.0	0.02	
holdout	dense_flat_program	14009	mirror_reduction_075	reference	0.8432351300253679	0.9111111111111111	0.7142857142857143	sign_only			0.75	0.0	sign_only	457.0	293.0	164.0	0.6411378555798687	0.5631399317406144	0.42235494880546076	0.5631399317406144		293.0	164.0	100.0	0.6	20.0	0.08	1.959963984540054	0.01	2.0	10.0	0.02	
holdout	dense_flat_program	14009	mirror_reduction_050	target	0.8603286087215082	0.9074074074074074	0.6190476190476191	sign_only			0.5	0.0	sign_only	457.0	293.0	164.0	0.6411378555798687	0.5631399317406144	0.2815699658703072	0.5631399317406144		293.0	164.0	100.0	0.6	20.0	0.08	1.959963984540054	0.01	2.0	10.0	0.02	
holdout	dense_flat_program	14009	mirror_reduction_050	reference	0.8432351300253679	0.9111111111111111	0.7142857142857143	sign_only			0.5	0.0	sign_only	457.0	293.0	164.0	0.6411378555798687	0.5631399317406144	0.2815699658703072	0.5631399317406144		293.0	164.0	100.0	0.6	20.0	0.08	1.959963984540054	0.01	2.0	10.0	0.02	
holdout	dense_flat_program	14009	mirror_reduction_025	target	0.8603286087215082	0.9074074074074074	0.6190476190476191	sign_only			0.25	0.0	sign_only	457.0	293.0	164.0	0.6411378555798687	0.5631399317406144	0.1407849829351536	0.5631399317406144		293.0	164.0	100.0	0.6	20.0	0.08	1.959963984540054	0.01	2.0	10.0	0.02	
holdout	dense_flat_program	14009	mirror_reduction_025	reference	0.8432351300253679	0.9111111111111111	0.7142857142857143	sign_only			0.25	0.0	sign_only	457.0	293.0	164.0	0.6411378555798687	0.5631399317406144	0.1407849829351536	0.5631399317406144		293.0	164.0	100.0	0.6	20.0	0.08	1.959963984540054	0.01	2.0	10.0	0.02	
holdout	dense_flat_program	14010	rc2_unweighted	target	0.8669292529710039	1.0	0.47619047619047616	not_applicable																									
holdout	dense_flat_program	14010	rc2_unweighted	reference	0.8062562814532548	0.9555555555555555	0.5714285714285714	not_applicable																									
holdout	dense_flat_program	14010	rc3_soft	target	0.8878053005618141	0.9777777777777779	0.09523809523809523	not_applicable	0.666666666666667	0.5833333333333334																							
holdout	dense_flat_program	14010	rc3_soft	reference	0.7933446468389496	0.9111111111111112	0.09523809523809523	not_applicable	0.666666666666667	0.5833333333333334																							
holdout	dense_flat_program	14010	mirror_reduction_100	target	0.9080052932968418	0.9666666666666667	0.5714285714285714	sign_only			1.0	0.0	sign_only	477.0	322.0	155.0	0.6750524109014675	0.484472049689441	0.484472049689441	0.484472049689441		322.0	155.0	100.0	0.6	20.0	0.08	1.959963984540054	0.01	2.0	10.0	0.02	
holdout	dense_flat_program	14010	mirror_reduction_100	reference	0.7726826615540032	0.8944444444444444	0.7142857142857143	sign_only			1.0	0.0	sign_only	477.0	322.0	155.0	0.6750524109014675	0.484472049689441	0.484472049689441	0.484472049689441		322.0	155.0	100.0	0.6	20.0	0.08	1.959963984540054	0.01	2.0	10.0	0.02	
holdout	dense_flat_program	14010	mirror_reduction_075	target	0.9080052932968418	0.9666666666666667	0.5714285714285714	sign_only			0.75	0.0	sign_only	477.0	322.0	155.0	0.6750524109014675	0.484472049689441	0.36335403726708076	0.484472049689441		322.0	155.0	100.0	0.6	20.0	0.08	1.959963984540054	0.01	2.0	10.0	0.02	
holdout	dense_flat_program	14010	mirror_reduction_075	reference	0.7726826615540032	0.8944444444444444	0.7142857142857143	sign_only			0.75	0.0	sign_only	477.0	322.0	155.0	0.6750524109014675	0.484472049689441	0.36335403726708076	0.484472049689441		322.0	155.0	100.0	0.6	20.0	0.08	1.959963984540054	0.01	2.0	10.0	0.02	
holdout	dense_flat_program	14010	mirror_reduction_050	target	0.9080052932968418	0.9666666666666667	0.5714285714285714	sign_only			0.5	0.0	sign_only	477.0	322.0	155.0	0.6750524109014675	0.484472049689441	0.2422360248447205	0.484472049689441		322.0	155.0	100.0	0.6	20.0	0.08	1.959963984540054	0.01	2.0	10.0	0.02	
holdout	dense_flat_program	14010	mirror_reduction_050	reference	0.7726826615540032	0.8944444444444444	0.7142857142857143	sign_only			0.5	0.0	sign_only	477.0	322.0	155.0	0.6750524109014675	0.484472049689441	0.2422360248447205	0.484472049689441		322.0	155.0	100.0	0.6	20.0	0.08	1.959963984540054	0.01	2.0	10.0	0.02	
holdout	dense_flat_program	14010	mirror_reduction_025	target	0.9080052932968418	0.9666666666666667	0.5714285714285714	sign_only			0.25	0.0	sign_only	477.0	322.0	155.0	0.6750524109014675	0.484472049689441	0.12111801242236025	0.484472049689441		322.0	155.0	100.0	0.6	20.0	0.08	1.959963984540054	0.01	2.0	10.0	0.02	
holdout	dense_flat_program	14010	mirror_reduction_025	reference	0.7726826615540032	0.8944444444444444	0.7142857142857143	sign_only			0.25	0.0	sign_only	477.0	322.0	155.0	0.6750524109014675	0.484472049689441	0.12111801242236025	0.484472049689441		322.0	155.0	100.0	0.6	20.0	0.08	1.959963984540054	0.01	2.0	10.0	0.02	
holdout	dense_flat_program	14011	rc2_unweighted	target	0.7035595400603124	0.7222222222222222	0.5714285714285714	not_applicable																									
holdout	dense_flat_program	14011	rc2_unweighted	reference	0.7411716863719735	0.8010204081632653	0.5714285714285714	not_applicable																									
holdout	dense_flat_program	14011	rc3_soft	target	0.7087949386826417	0.7444444444444444	0.14285714285714285	not_applicable	0.6074074074074076	0.575925925925926																							
holdout	dense_flat_program	14011	rc3_soft	reference	0.7576721068534333	0.8163265306122448	0.5238095238095238	not_applicable	0.6074074074074076	0.575925925925926																							
holdout	dense_flat_program	14011	mirror_reduction_100	target	0.690877877972745	0.7444444444444444	0.6190476190476191	sign_only			1.0	0.0	sign_only	424.0	264.0	160.0	0.6226415094339622	0.6098484848484849	0.6098484848484849	0.6098484848484849		264.0	160.0	100.0	0.6	20.0	0.08	1.959963984540054	0.01	2.0	10.0	0.02	
holdout	dense_flat_program	14011	mirror_reduction_100	reference	0.7306533073324932	0.8214285714285714	0.6666666666666666	sign_only			1.0	0.0	sign_only	424.0	264.0	160.0	0.6226415094339622	0.6098484848484849	0.6098484848484849	0.6098484848484849		264.0	160.0	100.0	0.6	20.0	0.08	1.959963984540054	0.01	2.0	10.0	0.02	
holdout	dense_flat_program	14011	mirror_reduction_075	target	0.690877877972745	0.7444444444444444	0.6190476190476191	sign_only			0.75	0.0	sign_only	424.0	264.0	160.0	0.6226415094339622	0.6098484848484849	0.45738636363636365	0.6098484848484849		264.0	160.0	100.0	0.6	20.0	0.08	1.959963984540054	0.01	2.0	10.0	0.02	
holdout	dense_flat_program	14011	mirror_reduction_075	reference	0.7306533073324932	0.8214285714285714	0.6666666666666666	sign_only			0.75	0.0	sign_only	424.0	264.0	160.0	0.6226415094339622	0.6098484848484849	0.45738636363636365	0.6098484848484849		264.0	160.0	100.0	0.6	20.0	0.08	1.959963984540054	0.01	2.0	10.0	0.02	
holdout	dense_flat_program	14011	mirror_reduction_050	target	0.690877877972745	0.7444444444444444	0.6190476190476191	sign_only			0.5	0.0	sign_only	424.0	264.0	160.0	0.6226415094339622	0.6098484848484849	0.30492424242424243	0.6098484848484849		264.0	160.0	100.0	0.6	20.0	0.08	1.959963984540054	0.01	2.0	10.0	0.02	
holdout	dense_flat_program	14011	mirror_reduction_050	reference	0.7306533073324932	0.8214285714285714	0.6666666666666666	sign_only			0.5	0.0	sign_only	424.0	264.0	160.0	0.6226415094339622	0.6098484848484849	0.30492424242424243	0.6098484848484849		264.0	160.0	100.0	0.6	20.0	0.08	1.959963984540054	0.01	2.0	10.0	0.02	
holdout	dense_flat_program	14011	mirror_reduction_025	target	0.690877877972745	0.7444444444444444	0.6190476190476191	sign_only			0.25	0.0	sign_only	424.0	264.0	160.0	0.6226415094339622	0.6098484848484849	0.15246212121212122	0.6098484848484849		264.0	160.0	100.0	0.6	20.0	0.08	1.959963984540054	0.01	2.0	10.0	0.02	
holdout	dense_flat_program	14011	mirror_reduction_025	reference	0.7306533073324932	0.8214285714285714	0.6666666666666666	sign_only			0.25	0.0	sign_only	424.0	264.0	160.0	0.6226415094339622	0.6098484848484849	0.15246212121212122	0.6098484848484849		264.0	160.0	100.0	0.6	20.0	0.08	1.959963984540054	0.01	2.0	10.0	0.02	
holdout	dense_flat_program	14012	rc2_unweighted	target	0.4320073985165859	0.7307692307692307	0.8571428571428571	not_applicable																									
holdout	dense_flat_program	14012	rc2_unweighted	reference	0.8717449764135295	0.8888888888888888	0.2857142857142857	not_applicable																									
holdout	dense_flat_program	14012	rc3_soft	target	0.34365027934115994	0.6634615384615384	0.19047619047619047	not_applicable	0.7666666666666666	0.5958333333333333																							
holdout	dense_flat_program	14012	rc3_soft	reference	0.8728049028795013	0.8888888888888888	0.09523809523809523	not_applicable	0.7666666666666666	0.5958333333333333																							
holdout	dense_flat_program	14012	mirror_reduction_100	target	0.2444211275471937	0.6057692307692307	1.0	sign_only			1.0	0.0	sign_only	483.0	329.0	154.0	0.6811594202898551	0.47112462006079026	0.47112462006079026	0.47112462006079026		329.0	154.0	100.0	0.6	20.0	0.08	1.959963984540054	0.01	2.0	10.0	0.02	
holdout	dense_flat_program	14012	mirror_reduction_100	reference	0.8878775940627711	0.9111111111111111	0.5238095238095238	sign_only			1.0	0.0	sign_only	483.0	329.0	154.0	0.6811594202898551	0.47112462006079026	0.47112462006079026	0.47112462006079026		329.0	154.0	100.0	0.6	20.0	0.08	1.959963984540054	0.01	2.0	10.0	0.02	
holdout	dense_flat_program	14012	mirror_reduction_075	target	0.2444211275471937	0.6057692307692307	1.0	sign_only			0.75	0.0	sign_only	483.0	329.0	154.0	0.6811594202898551	0.47112462006079026	0.35334346504559266	0.47112462006079026		329.0	154.0	100.0	0.6	20.0	0.08	1.959963984540054	0.01	2.0	10.0	0.02	
holdout	dense_flat_program	14012	mirror_reduction_075	reference	0.8878775940627711	0.9111111111111111	0.5238095238095238	sign_only			0.75	0.0	sign_only	483.0	329.0	154.0	0.6811594202898551	0.47112462006079026	0.35334346504559266	0.47112462006079026		329.0	154.0	100.0	0.6	20.0	0.08	1.959963984540054	0.01	2.0	10.0	0.02	
holdout	dense_flat_program	14012	mirror_reduction_050	target	0.2444211275471937	0.6057692307692307	1.0	sign_only			0.5	0.0	sign_only	483.0	329.0	154.0	0.6811594202898551	0.47112462006079026	0.23556231003039513	0.47112462006079026		329.0	154.0	100.0	0.6	20.0	0.08	1.959963984540054	0.01	2.0	10.0	0.02	
holdout	dense_flat_program	14012	mirror_reduction_050	reference	0.8878775940627711	0.9111111111111111	0.5238095238095238	sign_only			0.5	0.0	sign_only	483.0	329.0	154.0	0.6811594202898551	0.47112462006079026	0.23556231003039513	0.47112462006079026		329.0	154.0	100.0	0.6	20.0	0.08	1.959963984540054	0.01	2.0	10.0	0.02	
holdout	dense_flat_program	14012	mirror_reduction_025	target	0.2444211275471937	0.6057692307692307	1.0	sign_only			0.25	0.0	sign_only	483.0	329.0	154.0	0.6811594202898551	0.47112462006079026	0.11778115501519756	0.47112462006079026		329.0	154.0	100.0	0.6	20.0	0.08	1.959963984540054	0.01	2.0	10.0	0.02	
holdout	dense_flat_program	14012	mirror_reduction_025	reference	0.8878775940627711	0.9111111111111111	0.5238095238095238	sign_only			0.25	0.0	sign_only	483.0	329.0	154.0	0.6811594202898551	0.47112462006079026	0.11778115501519756	0.47112462006079026		329.0	154.0	100.0	0.6	20.0	0.08	1.959963984540054	0.01	2.0	10.0	0.02	
holdout	dense_flat_program	14013	rc2_unweighted	target	0.913186156755573	0.9166666666666666	0.5714285714285714	not_applicable																									
holdout	dense_flat_program	14013	rc2_unweighted	reference	0.39908108483345733	0.5944444444444444	0.7619047619047619	not_applicable																									
holdout	dense_flat_program	14013	rc3_soft	target	0.8908477536919767	0.9111111111111112	0.09523809523809523	not_applicable	0.6074074074074076	0.575925925925926																							
holdout	dense_flat_program	14013	rc3_soft	reference	0.5044163798669578	0.7333333333333334	0.19047619047619047	not_applicable	0.6074074074074076	0.575925925925926																							
holdout	dense_flat_program	14013	mirror_reduction_100	target	0.8670369623085356	0.888888888888889	0.6190476190476191	sign_only			1.0	0.0	sign_only	441.0	272.0	169.0	0.6167800453514739	0.625	0.625	0.625		272.0	169.0	100.0	0.6	20.0	0.08	1.959963984540054	0.01	2.0	10.0	0.02	
holdout	dense_flat_program	14013	mirror_reduction_100	reference	0.5669090865939657	0.8055555555555556	0.9523809523809523	sign_only			1.0	0.0	sign_only	441.0	272.0	169.0	0.6167800453514739	0.625	0.625	0.625		272.0	169.0	100.0	0.6	20.0	0.08	1.959963984540054	0.01	2.0	10.0	0.02	
holdout	dense_flat_program	14013	mirror_reduction_075	target	0.8670369623085356	0.888888888888889	0.6190476190476191	sign_only			0.75	0.0	sign_only	441.0	272.0	169.0	0.6167800453514739	0.625	0.46875	0.625		272.0	169.0	100.0	0.6	20.0	0.08	1.959963984540054	0.01	2.0	10.0	0.02	
holdout	dense_flat_program	14013	mirror_reduction_075	reference	0.5669090865939657	0.8055555555555556	0.9523809523809523	sign_only			0.75	0.0	sign_only	441.0	272.0	169.0	0.6167800453514739	0.625	0.46875	0.625		272.0	169.0	100.0	0.6	20.0	0.08	1.959963984540054	0.01	2.0	10.0	0.02	
holdout	dense_flat_program	14013	mirror_reduction_050	target	0.8670369623085356	0.888888888888889	0.6190476190476191	sign_only			0.5	0.0	sign_only	441.0	272.0	169.0	0.6167800453514739	0.625	0.3125	0.625		272.0	169.0	100.0	0.6	20.0	0.08	1.959963984540054	0.01	2.0	10.0	0.02	
holdout	dense_flat_program	14013	mirror_reduction_050	reference	0.5669090865939657	0.8055555555555556	0.9523809523809523	sign_only			0.5	0.0	sign_only	441.0	272.0	169.0	0.6167800453514739	0.625	0.3125	0.625		272.0	169.0	100.0	0.6	20.0	0.08	1.959963984540054	0.01	2.0	10.0	0.02	
holdout	dense_flat_program	14013	mirror_reduction_025	target	0.8670369623085356	0.888888888888889	0.6190476190476191	sign_only			0.25	0.0	sign_only	441.0	272.0	169.0	0.6167800453514739	0.625	0.15625	0.625		272.0	169.0	100.0	0.6	20.0	0.08	1.959963984540054	0.01	2.0	10.0	0.02	
holdout	dense_flat_program	14013	mirror_reduction_025	reference	0.5669090865939657	0.8055555555555556	0.9523809523809523	sign_only			0.25	0.0	sign_only	441.0	272.0	169.0	0.6167800453514739	0.625	0.15625	0.625		272.0	169.0	100.0	0.6	20.0	0.08	1.959963984540054	0.01	2.0	10.0	0.02	
holdout	dense_flat_program	14014	rc2_unweighted	target	0.8016293449307135	0.9	0.42857142857142855	not_applicable																									
holdout	dense_flat_program	14014	rc2_unweighted	reference	0.5406219332033942	0.7193877551020408	0.7619047619047619	not_applicable																									
holdout	dense_flat_program	14014	rc3_soft	target	0.7743089840337897	0.8611111111111112	0.19047619047619047	not_applicable	0.6148148148148147	0.5768518518518518																							
holdout	dense_flat_program	14014	rc3_soft	reference	0.5497825816910198	0.7448979591836734	0.2857142857142857	not_applicable	0.6148148148148147	0.5768518518518518																							
holdout	dense_flat_program	14014	mirror_reduction_100	target	0.7761496126588833	0.8444444444444444	0.5238095238095238	sign_only			1.0	0.0	sign_only	489.0	307.0	182.0	0.6278118609406953	0.5960912052117264	0.5960912052117264	0.5960912052117264		307.0	182.0	100.0	0.6	20.0	0.08	1.959963984540054	0.01	2.0	10.0	0.02	
holdout	dense_flat_program	14014	mirror_reduction_100	reference	0.42361342731792817	0.6938775510204082	0.9047619047619048	sign_only			1.0	0.0	sign_only	489.0	307.0	182.0	0.6278118609406953	0.5960912052117264	0.5960912052117264	0.5960912052117264		307.0	182.0	100.0	0.6	20.0	0.08	1.959963984540054	0.01	2.0	10.0	0.02	
holdout	dense_flat_program	14014	mirror_reduction_075	target	0.7761496126588833	0.8444444444444444	0.5238095238095238	sign_only			0.75	0.0	sign_only	489.0	307.0	182.0	0.6278118609406953	0.5960912052117264	0.4470684039087948	0.5960912052117264		307.0	182.0	100.0	0.6	20.0	0.08	1.959963984540054	0.01	2.0	10.0	0.02	
holdout	dense_flat_program	14014	mirror_reduction_075	reference	0.42361342731792817	0.6938775510204082	0.9047619047619048	sign_only			0.75	0.0	sign_only	489.0	307.0	182.0	0.6278118609406953	0.5960912052117264	0.4470684039087948	0.5960912052117264		307.0	182.0	100.0	0.6	20.0	0.08	1.959963984540054	0.01	2.0	10.0	0.02	
holdout	dense_flat_program	14014	mirror_reduction_050	target	0.7761496126588833	0.8444444444444444	0.5238095238095238	sign_only			0.5	0.0	sign_only	489.0	307.0	182.0	0.6278118609406953	0.5960912052117264	0.2980456026058632	0.5960912052117264		307.0	182.0	100.0	0.6	20.0	0.08	1.959963984540054	0.01	2.0	10.0	0.02	
holdout	dense_flat_program	14014	mirror_reduction_050	reference	0.42361342731792817	0.6938775510204082	0.9047619047619048	sign_only			0.5	0.0	sign_only	489.0	307.0	182.0	0.6278118609406953	0.5960912052117264	0.2980456026058632	0.5960912052117264		307.0	182.0	100.0	0.6	20.0	0.08	1.959963984540054	0.01	2.0	10.0	0.02	
holdout	dense_flat_program	14014	mirror_reduction_025	target	0.7761496126588833	0.8444444444444444	0.5238095238095238	sign_only			0.25	0.0	sign_only	489.0	307.0	182.0	0.6278118609406953	0.5960912052117264	0.1490228013029316	0.5960912052117264		307.0	182.0	100.0	0.6	20.0	0.08	1.959963984540054	0.01	2.0	10.0	0.02	
holdout	dense_flat_program	14014	mirror_reduction_025	reference	0.42361342731792817	0.6938775510204082	0.9047619047619048	sign_only			0.25	0.0	sign_only	489.0	307.0	182.0	0.6278118609406953	0.5960912052117264	0.1490228013029316	0.5960912052117264		307.0	182.0	100.0	0.6	20.0	0.08	1.959963984540054	0.01	2.0	10.0	0.02	
holdout	dense_flat_program	14015	rc2_unweighted	target	0.837240855268315	0.8833333333333334	0.47619047619047616	not_applicable																									
holdout	dense_flat_program	14015	rc2_unweighted	reference	0.7849309985985731	0.8611111111111112	0.3333333333333333	not_applicable																									
holdout	dense_flat_program	14015	rc3_soft	target	0.8803421183830309	0.9111111111111111	0.2857142857142857	not_applicable	0.5629629629629633	0.5703703703703704																							
holdout	dense_flat_program	14015	rc3_soft	reference	0.8388859574439385	0.8833333333333333	0.19047619047619047	not_applicable	0.5629629629629633	0.5703703703703704																							
holdout	dense_flat_program	14015	mirror_reduction_100	target	0.9068763357729395	0.9111111111111111	0.7142857142857143	sign_only			1.0	0.0	sign_only	468.0	306.0	162.0	0.6538461538461539	0.5326797385620915	0.5326797385620915	0.5326797385620915		306.0	162.0	100.0	0.6	20.0	0.08	1.959963984540054	0.01	2.0	10.0	0.02	
holdout	dense_flat_program	14015	mirror_reduction_100	reference	0.8711983329489599	0.8944444444444445	0.6190476190476191	sign_only			1.0	0.0	sign_only	468.0	306.0	162.0	0.6538461538461539	0.5326797385620915	0.5326797385620915	0.5326797385620915		306.0	162.0	100.0	0.6	20.0	0.08	1.959963984540054	0.01	2.0	10.0	0.02	
holdout	dense_flat_program	14015	mirror_reduction_075	target	0.9068763357729395	0.9111111111111111	0.7142857142857143	sign_only			0.75	0.0	sign_only	468.0	306.0	162.0	0.6538461538461539	0.5326797385620915	0.39950980392156865	0.5326797385620915		306.0	162.0	100.0	0.6	20.0	0.08	1.959963984540054	0.01	2.0	10.0	0.02	
holdout	dense_flat_program	14015	mirror_reduction_075	reference	0.8711983329489599	0.8944444444444445	0.6190476190476191	sign_only			0.75	0.0	sign_only	468.0	306.0	162.0	0.6538461538461539	0.5326797385620915	0.39950980392156865	0.5326797385620915		306.0	162.0	100.0	0.6	20.0	0.08	1.959963984540054	0.01	2.0	10.0	0.02	
holdout	dense_flat_program	14015	mirror_reduction_050	target	0.9068763357729395	0.9111111111111111	0.7142857142857143	sign_only			0.5	0.0	sign_only	468.0	306.0	162.0	0.6538461538461539	0.5326797385620915	0.26633986928104575	0.5326797385620915		306.0	162.0	100.0	0.6	20.0	0.08	1.959963984540054	0.01	2.0	10.0	0.02	
holdout	dense_flat_program	14015	mirror_reduction_050	reference	0.8711983329489599	0.8944444444444445	0.6190476190476191	sign_only			0.5	0.0	sign_only	468.0	306.0	162.0	0.6538461538461539	0.5326797385620915	0.26633986928104575	0.5326797385620915		306.0	162.0	100.0	0.6	20.0	0.08	1.959963984540054	0.01	2.0	10.0	0.02	
holdout	dense_flat_program	14015	mirror_reduction_025	target	0.9068763357729395	0.9111111111111111	0.7142857142857143	sign_only			0.25	0.0	sign_only	468.0	306.0	162.0	0.6538461538461539	0.5326797385620915	0.13316993464052287	0.5326797385620915		306.0	162.0	100.0	0.6	20.0	0.08	1.959963984540054	0.01	2.0	10.0	0.02	
holdout	dense_flat_program	14015	mirror_reduction_025	reference	0.8711983329489599	0.8944444444444445	0.6190476190476191	sign_only			0.25	0.0	sign_only	468.0	306.0	162.0	0.6538461538461539	0.5326797385620915	0.13316993464052287	0.5326797385620915		306.0	162.0	100.0	0.6	20.0	0.08	1.959963984540054	0.01	2.0	10.0	0.02	
holdout	dense_flat_program	14016	rc2_unweighted	target	0.8355178727134995	0.9055555555555554	0.6666666666666666	not_applicable																									
holdout	dense_flat_program	14016	rc2_unweighted	reference	0.7656870259483074	0.8846153846153847	0.6666666666666666	not_applicable																									
holdout	dense_flat_program	14016	rc3_soft	target	0.8022235937176718	0.9333333333333333	0.2857142857142857	not_applicable	0.8185185185185189	0.6023148148148149																							
holdout	dense_flat_program	14016	rc3_soft	reference	0.7821158956920342	0.8798076923076923	0.19047619047619047	not_applicable	0.8185185185185189	0.6023148148148149																							
holdout	dense_flat_program	14016	mirror_reduction_100	target	0.785878787623657	0.9277777777777777	0.5238095238095238	sign_only			1.0	0.0	sign_only	464.0	311.0	153.0	0.6702586206896551	0.49517684887459806	0.49517684887459806	0.49517684887459806		311.0	153.0	100.0	0.6	20.0	0.08	1.959963984540054	0.01	2.0	10.0	0.02	
holdout	dense_flat_program	14016	mirror_reduction_100	reference	0.7608563241127104	0.875	0.8571428571428571	sign_only			1.0	0.0	sign_only	464.0	311.0	153.0	0.6702586206896551	0.49517684887459806	0.49517684887459806	0.49517684887459806		311.0	153.0	100.0	0.6	20.0	0.08	1.959963984540054	0.01	2.0	10.0	0.02	
holdout	dense_flat_program	14016	mirror_reduction_075	target	0.785878787623657	0.9277777777777777	0.5238095238095238	sign_only			0.75	0.0	sign_only	464.0	311.0	153.0	0.6702586206896551	0.49517684887459806	0.37138263665594856	0.49517684887459806		311.0	153.0	100.0	0.6	20.0	0.08	1.959963984540054	0.01	2.0	10.0	0.02	
holdout	dense_flat_program	14016	mirror_reduction_075	reference	0.7608563241127104	0.875	0.8571428571428571	sign_only			0.75	0.0	sign_only	464.0	311.0	153.0	0.6702586206896551	0.49517684887459806	0.37138263665594856	0.49517684887459806		311.0	153.0	100.0	0.6	20.0	0.08	1.959963984540054	0.01	2.0	10.0	0.02	
holdout	dense_flat_program	14016	mirror_reduction_050	target	0.785878787623657	0.9277777777777777	0.5238095238095238	sign_only			0.5	0.0	sign_only	464.0	311.0	153.0	0.6702586206896551	0.49517684887459806	0.24758842443729903	0.49517684887459806		311.0	153.0	100.0	0.6	20.0	0.08	1.959963984540054	0.01	2.0	10.0	0.02	
holdout	dense_flat_program	14016	mirror_reduction_050	reference	0.7608563241127104	0.875	0.8571428571428571	sign_only			0.5	0.0	sign_only	464.0	311.0	153.0	0.6702586206896551	0.49517684887459806	0.24758842443729903	0.49517684887459806		311.0	153.0	100.0	0.6	20.0	0.08	1.959963984540054	0.01	2.0	10.0	0.02	
holdout	dense_flat_program	14016	mirror_reduction_025	target	0.785878787623657	0.9277777777777777	0.5238095238095238	sign_only			0.25	0.0	sign_only	464.0	311.0	153.0	0.6702586206896551	0.49517684887459806	0.12379421221864952	0.49517684887459806		311.0	153.0	100.0	0.6	20.0	0.08	1.959963984540054	0.01	2.0	10.0	0.02	
holdout	dense_flat_program	14016	mirror_reduction_025	reference	0.7608563241127104	0.875	0.8571428571428571	sign_only			0.25	0.0	sign_only	464.0	311.0	153.0	0.6702586206896551	0.49517684887459806	0.12379421221864952	0.49517684887459806		311.0	153.0	100.0	0.6	20.0	0.08	1.959963984540054	0.01	2.0	10.0	0.02	
holdout	tail_separable_program	14001	rc2_unweighted	target	0.8728343062002653	0.8444444444444444	0.5714285714285714	not_applicable																									
holdout	tail_separable_program	14001	rc2_unweighted	reference	0.3482906010503687	0.7055555555555556	0.6666666666666666	not_applicable																									
holdout	tail_separable_program	14001	rc3_soft	target	0.9433274800262192	0.9000000000000001	0.0	not_applicable	0.666666666666667	0.5833333333333334																							
holdout	tail_separable_program	14001	rc3_soft	reference	0.3411250509216531	0.7000000000000001	0.0	not_applicable	0.666666666666667	0.5833333333333334																							
holdout	tail_separable_program	14001	mirror_reduction_100	target	0.9305846381097085	0.888888888888889	0.5238095238095238	sign_only			1.0	0.0	sign_only	486.0	315.0	171.0	0.6481481481481481	0.546031746031746	0.546031746031746	0.546031746031746		315.0	171.0	100.0	0.6	20.0	0.08	1.959963984540054	0.01	2.0	10.0	0.02	
holdout	tail_separable_program	14001	mirror_reduction_100	reference	0.364809346957304	0.7166666666666668	0.9047619047619048	sign_only			1.0	0.0	sign_only	486.0	315.0	171.0	0.6481481481481481	0.546031746031746	0.546031746031746	0.546031746031746		315.0	171.0	100.0	0.6	20.0	0.08	1.959963984540054	0.01	2.0	10.0	0.02	
holdout	tail_separable_program	14001	mirror_reduction_075	target	0.9326359090793618	0.9055555555555556	0.38095238095238093	enriched_tail			0.75	1.2430350088375481	enriched_tail	486.0	315.0	171.0	0.6481481481481481	0.546031746031746	0.4095238095238095	0.4090909090909091	0.6614651911584271	242.0	171.0	100.0	0.6	20.0	0.08	1.959963984540054	0.01	2.0	10.0	0.02	0.051852379933936876
holdout	tail_separable_program	14001	mirror_reduction_075	reference	0.47275584905559304	0.7722222222222221	0.9523809523809523	enriched_tail			0.75	1.2430350088375481	enriched_tail	486.0	315.0	171.0	0.6481481481481481	0.546031746031746	0.4095238095238095	0.4090909090909091	0.6614651911584271	242.0	171.0	100.0	0.6	20.0	0.08	1.959963984540054	0.01	2.0	10.0	0.02	0.051852379933936876
holdout	tail_separable_program	14001	mirror_reduction_050	target	0.9174289802144089	0.9777777777777779	0.5714285714285714	enriched_tail			0.5	1.5836756615911103	enriched_tail	486.0	315.0	171.0	0.6481481481481481	0.546031746031746	0.273015873015873	0.2696629213483146	0.7333288926020083	178.0	171.0	100.0	0.6	20.0	0.08	1.959963984540054	0.01	2.0	10.0	0.02	0.11546184738955823
holdout	tail_separable_program	14001	mirror_reduction_050	reference	0.44285943538451894	0.7555555555555556	0.9523809523809523	enriched_tail			0.5	1.5836756615911103	enriched_tail	486.0	315.0	171.0	0.6481481481481481	0.546031746031746	0.273015873015873	0.2696629213483146	0.7333288926020083	178.0	171.0	100.0	0.6	20.0	0.08	1.959963984540054	0.01	2.0	10.0	0.02	0.11546184738955823
holdout	tail_separable_program	14001	mirror_reduction_025	target	0.9305846381097085	0.888888888888889	0.5238095238095238	sign_only			0.25	0.0	sign_only	486.0	315.0	171.0	0.6481481481481481	0.546031746031746	0.1365079365079365	0.546031746031746		315.0	171.0	100.0	0.6	20.0	0.08	1.959963984540054	0.01	2.0	10.0	0.02	
holdout	tail_separable_program	14001	mirror_reduction_025	reference	0.364809346957304	0.7166666666666668	0.9047619047619048	sign_only			0.25	0.0	sign_only	486.0	315.0	171.0	0.6481481481481481	0.546031746031746	0.1365079365079365	0.546031746031746		315.0	171.0	100.0	0.6	20.0	0.08	1.959963984540054	0.01	2.0	10.0	0.02	
holdout	tail_separable_program	14002	rc2_unweighted	target	0.7104320243986575	0.888888888888889	0.7142857142857143	not_applicable																									
holdout	tail_separable_program	14002	rc2_unweighted	reference	0.7993475139964996	0.9333333333333333	0.5238095238095238	not_applicable																									
holdout	tail_separable_program	14002	rc3_soft	target	0.7165375277236206	0.8777777777777778	0.0	not_applicable	0.674074074074074	0.5842592592592593																							
holdout	tail_separable_program	14002	rc3_soft	reference	0.8161426966615276	0.9666666666666668	0.0	not_applicable	0.674074074074074	0.5842592592592593																							
holdout	tail_separable_program	14002	mirror_reduction_100	target	0.7006244216630553	0.8555555555555556	0.8571428571428571	sign_only			1.0	0.0	sign_only	415.0	260.0	155.0	0.6265060240963856	0.6	0.6	0.6		260.0	155.0	100.0	0.6	20.0	0.08	1.959963984540054	0.01	2.0	10.0	0.02	
holdout	tail_separable_program	14002	mirror_reduction_100	reference	0.800139479910637	0.9444444444444445	0.7619047619047619	sign_only			1.0	0.0	sign_only	415.0	260.0	155.0	0.6265060240963856	0.6	0.6	0.6		260.0	155.0	100.0	0.6	20.0	0.08	1.959963984540054	0.01	2.0	10.0	0.02	
holdout	tail_separable_program	14002	mirror_reduction_075	target	0.7741301734382837	0.8444444444444444	0.8095238095238095	enriched_tail			0.75	1.2295042896655253	enriched_tail	415.0	260.0	155.0	0.6265060240963856	0.6	0.44999999999999996	0.44324324324324327	0.6377266517569871	185.0	155.0	100.0	0.6	20.0	0.08	1.959963984540054	0.01	2.0	10.0	0.02	0.05442597603401622
holdout	tail_separable_program	14002	mirror_reduction_075	reference	0.7749153326401864	0.95	0.7142857142857143	enriched_tail			0.75	1.2295042896655253	enriched_tail	415.0	260.0	155.0	0.6265060240963856	0.6	0.44999999999999996	0.44324324324324327	0.6377266517569871	185.0	155.0	100.0	0.6	20.0	0.08	1.959963984540054	0.01	2.0	10.0	0.02	0.05442597603401622
holdout	tail_separable_program	14002	mirror_reduction_050	target	0.8282839980454844	0.8722222222222222	0.9047619047619048	enriched_tail			0.5	1.4488656753462745	enriched_tail	415.0	260.0	155.0	0.6265060240963856	0.6	0.3	0.29931972789115646	0.7091046879547406	147.0	155.0	100.0	0.6	20.0	0.08	1.959963984540054	0.01	2.0	10.0	0.02	0.12814814814814812
holdout	tail_separable_program	14002	mirror_reduction_050	reference	0.7740631327096703	0.9333333333333333	0.9047619047619048	enriched_tail			0.5	1.4488656753462745	enriched_tail	415.0	260.0	155.0	0.6265060240963856	0.6	0.3	0.29931972789115646	0.7091046879547406	147.0	155.0	100.0	0.6	20.0	0.08	1.959963984540054	0.01	2.0	10.0	0.02	0.12814814814814812
holdout	tail_separable_program	14002	mirror_reduction_025	target	0.3271477514407551	0.6555555555555557	0.9047619047619048	enriched_tail			0.25	5.789318891154599	enriched_tail	415.0	260.0	155.0	0.6265060240963856	0.6	0.15	0.14285714285714285	0.7510006155660716	28.0	155.0	100.0	0.6	20.0	0.08	1.959963984540054	0.01	2.0	10.0	0.02	0.25529100529100524
holdout	tail_separable_program	14002	mirror_reduction_025	reference	0.5358947621298735	0.8555555555555556	1.0	enriched_tail			0.25	5.789318891154599	enriched_tail	415.0	260.0	155.0	0.6265060240963856	0.6	0.15	0.14285714285714285	0.7510006155660716	28.0	155.0	100.0	0.6	20.0	0.08	1.959963984540054	0.01	2.0	10.0	0.02	0.25529100529100524
holdout	tail_separable_program	14003	rc2_unweighted	target	0.6802619165795598	0.7857142857142857	0.47619047619047616	not_applicable																									
holdout	tail_separable_program	14003	rc2_unweighted	reference	0.3801186128936529	0.7944444444444445	0.7142857142857143	not_applicable																									
holdout	tail_separable_program	14003	rc3_soft	target	0.7265050254550938	0.8163265306122448	0.0	not_applicable	0.8111111111111109	0.6013888888888889																							
holdout	tail_separable_program	14003	rc3_soft	reference	0.5311060205507887	0.8777777777777778	0.0	not_applicable	0.8111111111111109	0.6013888888888889																							
holdout	tail_separable_program	14003	mirror_reduction_100	target	0.7409580060985743	0.8163265306122449	0.5714285714285714	sign_only			1.0	0.0	sign_only	484.0	324.0	160.0	0.6694214876033058	0.49691358024691357	0.49691358024691357	0.49691358024691357		324.0	160.0	100.0	0.6	20.0	0.08	1.959963984540054	0.01	2.0	10.0	0.02	
holdout	tail_separable_program	14003	mirror_reduction_100	reference	0.590352950161283	0.9	0.7619047619047619	sign_only			1.0	0.0	sign_only	484.0	324.0	160.0	0.6694214876033058	0.49691358024691357	0.49691358024691357	0.49691358024691357		324.0	160.0	100.0	0.6	20.0	0.08	1.959963984540054	0.01	2.0	10.0	0.02	
holdout	tail_separable_program	14003	mirror_reduction_075	target	0.7797856696161806	0.8877551020408163	0.5714285714285714	enriched_tail			0.75	1.2048755657910235	enriched_tail	484.0	324.0	160.0	0.6694214876033058	0.49691358024691357	0.3726851851851852	0.3709090909090909	0.6844070863570112	275.0	160.0	100.0	0.6	20.0	0.08	1.959963984540054	0.01	2.0	10.0	0.02	0.05104833192482605
holdout	tail_separable_program	14003	mirror_reduction_075	reference	0.5794041633926933	0.8833333333333334	0.9047619047619048	enriched_tail			0.75	1.2048755657910235	enriched_tail	484.0	324.0	160.0	0.6694214876033058	0.49691358024691357	0.3726851851851852	0.3709090909090909	0.6844070863570112	275.0	160.0	100.0	0.6	20.0	0.08	1.959963984540054	0.01	2.0	10.0	0.02	0.05104833192482605
holdout	tail_separable_program	14003	mirror_reduction_050	target	0.841456895109563	0.9132653061224489	0.7619047619047619	enriched_tail			0.5	1.5039515008692599	enriched_tail	484.0	324.0	160.0	0.6694214876033058	0.49691358024691357	0.24845679012345678	0.24390243902439024	0.7541317221122582	205.0	160.0	100.0	0.6	20.0	0.08	1.959963984540054	0.01	2.0	10.0	0.02	0.09564817652467061
holdout	tail_separable_program	14003	mirror_reduction_050	reference	0.4995669870149903	0.938888888888889	0.9523809523809523	enriched_tail			0.5	1.5039515008692599	enriched_tail	484.0	324.0	160.0	0.6694214876033058	0.49691358024691357	0.24845679012345678	0.24390243902439024	0.7541317221122582	205.0	160.0	100.0	0.6	20.0	0.08	1.959963984540054	0.01	2.0	10.0	0.02	0.09564817652467061
holdout	tail_separable_program	14003	mirror_reduction_025	target	0.8176514249519846	0.8928571428571429	0.6666666666666666	enriched_tail			0.25	5.034951000502622	enriched_tail	484.0	324.0	160.0	0.6694214876033058	0.49691358024691357	0.12422839506172839	0.12269938650306748	0.842711076787837	163.0	160.0	100.0	0.6	20.0	0.08	1.959963984540054	0.01	2.0	10.0	0.02	0.18685696773346183
holdout	tail_separable_program	14003	mirror_reduction_025	reference	0.6974329822181325	0.9833333333333334	0.9523809523809523	enriched_tail			0.25	5.034951000502622	enriched_tail	484.0	324.0	160.0	0.6694214876033058	0.49691358024691357	0.12422839506172839	0.12269938650306748	0.842711076787837	163.0	160.0	100.0	0.6	20.0	0.08	1.959963984540054	0.01	2.0	10.0	0.02	0.18685696773346183
holdout	tail_separable_program	14004	rc2_unweighted	target	0.7917075185234325	0.8333333333333334	0.5238095238095238	not_applicable																									
holdout	tail_separable_program	14004	rc2_unweighted	reference	0.7025700055024542	0.7944444444444444	0.6666666666666666	not_applicable																									
holdout	tail_separable_program	14004	rc3_soft	target	0.8466333980232132	0.8888888888888888	0.0	not_applicable	0.7037037037037033	0.5879629629629629																							
holdout	tail_separable_program	14004	rc3_soft	reference	0.7300830609316886	0.8111111111111111	0.0	not_applicable	0.7037037037037033	0.5879629629629629																							
holdout	tail_separable_program	14004	mirror_reduction_100	target	0.8360548661005879	0.8777777777777778	0.38095238095238093	sign_only			1.0	0.0	sign_only	449.0	294.0	155.0	0.6547884187082406	0.5306122448979592	0.5306122448979592	0.5306122448979592		294.0	155.0	100.0	0.6	20.0	0.08	1.959963984540054	0.01	2.0	10.0	0.02	
holdout	tail_separable_program	14004	mirror_reduction_100	reference	0.7134090512310669	0.7999999999999999	0.5714285714285714	sign_only			1.0	0.0	sign_only	449.0	294.0	155.0	0.6547884187082406	0.5306122448979592	0.5306122448979592	0.5306122448979592		294.0	155.0	100.0	0.6	20.0	0.08	1.959963984540054	0.01	2.0	10.0	0.02	
holdout	tail_separable_program	14004	mirror_reduction_075	target	0.863439357839477	0.9222222222222222	0.47619047619047616	enriched_tail			0.75	1.25206923988609	enriched_tail	449.0	294.0	155.0	0.6547884187082406	0.5306122448979592	0.3979591836734694	0.39473684210526316	0.667377213914005	228.0	155.0	100.0	0.6	20.0	0.08	1.959963984540054	0.01	2.0	10.0	0.02	0.022517123287671192
holdout	tail_separable_program	14004	mirror_reduction_075	reference	0.7381596039708955	0.861111111111111	0.7619047619047619	enriched_tail			0.75	1.25206923988609	enriched_tail	449.0	294.0	155.0	0.6547884187082406	0.5306122448979592	0.3979591836734694	0.39473684210526316	0.667377213914005	228.0	155.0	100.0	0.6	20.0	0.08	1.959963984540054	0.01	2.0	10.0	0.02	0.022517123287671192
holdout	tail_separable_program	14004	mirror_reduction_050	target	0.8586196180299638	0.9611111111111111	0.7142857142857143	enriched_tail			0.5	1.3793373093403787	enriched_tail	449.0	294.0	155.0	0.6547884187082406	0.5306122448979592	0.2653061224489796	0.26288659793814434	0.7400481519446561	194.0	155.0	100.0	0.6	20.0	0.08	1.959963984540054	0.01	2.0	10.0	0.02	0.11324988190836083
holdout	tail_separable_program	14004	mirror_reduction_050	reference	0.7260078928336976	0.8388888888888889	0.8571428571428571	enriched_tail			0.5	1.3793373093403787	enriched_tail	449.0	294.0	155.0	0.6547884187082406	0.5306122448979592	0.2653061224489796	0.26288659793814434	0.7400481519446561	194.0	155.0	100.0	0.6	20.0	0.08	1.959963984540054	0.01	2.0	10.0	0.02	0.11324988190836083
holdout	tail_separable_program	14004	mirror_reduction_025	target	0.865812146087555	0.9833333333333334	0.8095238095238095	enriched_tail			0.25	5.003116973802322	enriched_tail	449.0	294.0	155.0	0.6547884187082406	0.5306122448979592	0.1326530612244898	0.13157894736842105	0.8329843542803416	152.0	155.0	100.0	0.6	20.0	0.08	1.959963984540054	0.01	2.0	10.0	0.02	0.2195652173913044
holdout	tail_separable_program	14004	mirror_reduction_025	reference	0.7835348714770612	0.8111111111111111	0.8571428571428571	enriched_tail			0.25	5.003116973802322	enriched_tail	449.0	294.0	155.0	0.6547884187082406	0.5306122448979592	0.1326530612244898	0.13157894736842105	0.8329843542803416	152.0	155.0	100.0	0.6	20.0	0.08	1.959963984540054	0.01	2.0	10.0	0.02	0.2195652173913044
holdout	tail_separable_program	14005	rc2_unweighted	target	0.7456751691404889	0.7833333333333333	0.5714285714285714	not_applicable																									
holdout	tail_separable_program	14005	rc2_unweighted	reference	0.5673628909614064	0.8166666666666667	0.8571428571428571	not_applicable																									
holdout	tail_separable_program	14005	rc3_soft	target	0.8497088404450888	0.8333333333333333	0.0	not_applicable	0.7185185185185183	0.5898148148148148																							
holdout	tail_separable_program	14005	rc3_soft	reference	0.708780789704825	0.9222222222222223	0.0	not_applicable	0.7185185185185183	0.5898148148148148																							
holdout	tail_separable_program	14005	mirror_reduction_100	target	0.8321382007822686	0.8222222222222223	0.5714285714285714	sign_only			1.0	0.0	sign_only	469.0	321.0	148.0	0.6844349680170576	0.46417445482866043	0.46417445482866043	0.46417445482866043		321.0	148.0	100.0	0.6	20.0	0.08	1.959963984540054	0.01	2.0	10.0	0.02	
holdout	tail_separable_program	14005	mirror_reduction_100	reference	0.7302309936787246	0.9444444444444444	0.9523809523809523	sign_only			1.0	0.0	sign_only	469.0	321.0	148.0	0.6844349680170576	0.46417445482866043	0.46417445482866043	0.46417445482866043		321.0	148.0	100.0	0.6	20.0	0.08	1.959963984540054	0.01	2.0	10.0	0.02	
holdout	tail_separable_program	14005	mirror_reduction_075	target	0.8791337641938163	0.8777777777777778	0.7142857142857143	enriched_tail			0.75	1.3376023968482764	enriched_tail	469.0	321.0	148.0	0.6844349680170576	0.46417445482866043	0.34813084112149534	0.3407079646017699	0.6964895991819933	226.0	148.0	100.0	0.6	20.0	0.08	1.959963984540054	0.01	2.0	10.0	0.02	0.05516114491773716
holdout	tail_separable_program	14005	mirror_reduction_075	reference	0.7378222901217709	0.9	1.0	enriched_tail			0.75	1.3376023968482764	enriched_tail	469.0	321.0	148.0	0.6844349680170576	0.46417445482866043	0.34813084112149534	0.3407079646017699	0.6964895991819933	226.0	148.0	100.0	0.6	20.0	0.08	1.959963984540054	0.01	2.0	10.0	0.02	0.05516114491773716
holdout	tail_separable_program	14005	mirror_reduction_050	target	0.8871495690481644	0.8722222222222221	0.5238095238095238	enriched_tail			0.5	1.473172882190384	enriched_tail	469.0	321.0	148.0	0.6844349680170576	0.46417445482866043	0.23208722741433022	0.23115577889447236	0.7621512735517211	199.0	148.0	100.0	0.6	20.0	0.08	1.959963984540054	0.01	2.0	10.0	0.02	0.1166947014297729
holdout	tail_separable_program	14005	mirror_reduction_050	reference	0.8500662764706298	0.9500000000000001	1.0	enriched_tail			0.5	1.473172882190384	enriched_tail	469.0	321.0	148.0	0.6844349680170576	0.46417445482866043	0.23208722741433022	0.23115577889447236	0.7621512735517211	199.0	148.0	100.0	0.6	20.0	0.08	1.959963984540054	0.01	2.0	10.0	0.02	0.1166947014297729
holdout	tail_separable_program	14005	mirror_reduction_025	target	0.882720374136801	0.9333333333333333	0.7619047619047619	enriched_tail			0.25	5.201698298968046	enriched_tail	469.0	321.0	148.0	0.6844349680170576	0.46417445482866043	0.11604361370716511	0.11538461538461539	0.8434233449655235	130.0	148.0	100.0	0.6	20.0	0.08	1.959963984540054	0.01	2.0	10.0	0.02	0.1886919831223628
holdout	tail_separable_program	14005	mirror_reduction_025	reference	0.7947459654085482	0.9000000000000001	1.0	enriched_tail			0.25	5.201698298968046	enriched_tail	469.0	321.0	148.0	0.6844349680170576	0.46417445482866043	0.11604361370716511	0.11538461538461539	0.8434233449655235	130.0	148.0	100.0	0.6	20.0	0.08	1.959963984540054	0.01	2.0	10.0	0.02	0.1886919831223628
holdout	tail_separable_program	14006	rc2_unweighted	target	0.567988778406538	0.6944444444444444	0.6190476190476191	not_applicable																									
holdout	tail_separable_program	14006	rc2_unweighted	reference	0.6381905216860961	0.8388888888888889	0.38095238095238093	not_applicable																									
holdout	tail_separable_program	14006	rc3_soft	target	0.4995214145526626	0.7333333333333334	0.0	not_applicable	0.7000000000000002	0.5875																							
holdout	tail_separable_program	14006	rc3_soft	reference	0.6775845724311779	0.8444444444444444	0.0	not_applicable	0.7000000000000002	0.5875																							
holdout	tail_separable_program	14006	mirror_reduction_100	target	0.3869482598217156	0.711111111111111	0.9047619047619048	sign_only			1.0	0.0	sign_only	447.0	295.0	152.0	0.6599552572706935	0.5186440677966102	0.5186440677966102	0.5186440677966102		295.0	152.0	100.0	0.6	20.0	0.08	1.959963984540054	0.01	2.0	10.0	0.02	
holdout	tail_separable_program	14006	mirror_reduction_100	reference	0.6333793227336478	0.7777777777777779	0.8571428571428571	sign_only			1.0	0.0	sign_only	447.0	295.0	152.0	0.6599552572706935	0.5186440677966102	0.5186440677966102	0.5186440677966102		295.0	152.0	100.0	0.6	20.0	0.08	1.959963984540054	0.01	2.0	10.0	0.02	
holdout	tail_separable_program	14006	mirror_reduction_075	target	0.40992730288752516	0.7388888888888889	0.8095238095238095	enriched_tail			0.75	1.22995317626076	enriched_tail	447.0	295.0	152.0	0.6599552572706935	0.5186440677966102	0.38898305084745766	0.3870967741935484	0.6701300560341223	217.0	152.0	100.0	0.6	20.0	0.08	1.959963984540054	0.01	2.0	10.0	0.02	0.05118326912493121
holdout	tail_separable_program	14006	mirror_reduction_075	reference	0.7366416580462701	0.8944444444444445	0.6190476190476191	enriched_tail			0.75	1.22995317626076	enriched_tail	447.0	295.0	152.0	0.6599552572706935	0.5186440677966102	0.38898305084745766	0.3870967741935484	0.6701300560341223	217.0	152.0	100.0	0.6	20.0	0.08	1.959963984540054	0.01	2.0	10.0	0.02	0.05118326912493121
holdout	tail_separable_program	14006	mirror_reduction_050	target	0.4647434834265317	0.7722222222222223	0.9523809523809523	enriched_tail			0.5	1.4251349844557077	enriched_tail	447.0	295.0	152.0	0.6599552572706935	0.5186440677966102	0.2593220338983051	0.25925925925925924	0.74174660798733	189.0	152.0	100.0	0.6	20.0	0.08	1.959963984540054	0.01	2.0	10.0	0.02	0.12324546388223212
holdout	tail_separable_program	14006	mirror_reduction_050	reference	0.8142904623186216	0.938888888888889	0.7619047619047619	enriched_tail			0.5	1.4251349844557077	enriched_tail	447.0	295.0	152.0	0.6599552572706935	0.5186440677966102	0.2593220338983051	0.25925925925925924	0.74174660798733	189.0	152.0	100.0	0.6	20.0	0.08	1.959963984540054	0.01	2.0	10.0	0.02	0.12324546388223212
holdout	tail_separable_program	14006	mirror_reduction_025	target	0.4086423020733788	0.7111111111111111	0.9523809523809523	enriched_tail			0.25	5.003274722691222	enriched_tail	447.0	295.0	152.0	0.6599552572706935	0.5186440677966102	0.12966101694915255	0.12025316455696203	0.8441393286171147	158.0	152.0	100.0	0.6	20.0	0.08	1.959963984540054	0.01	2.0	10.0	0.02	0.23670371374356192
holdout	tail_separable_program	14006	mirror_reduction_025	reference	0.8046059596661255	0.9333333333333335	0.7142857142857143	enriched_tail			0.25	5.003274722691222	enriched_tail	447.0	295.0	152.0	0.6599552572706935	0.5186440677966102	0.12966101694915255	0.12025316455696203	0.8441393286171147	158.0	152.0	100.0	0.6	20.0	0.08	1.959963984540054	0.01	2.0	10.0	0.02	0.23670371374356192
holdout	tail_separable_program	14007	rc2_unweighted	target	0.8558077254032612	0.8833333333333333	0.6190476190476191	not_applicable																									
holdout	tail_separable_program	14007	rc2_unweighted	reference	0.8200850945804181	0.9333333333333333	0.5714285714285714	not_applicable																									
holdout	tail_separable_program	14007	rc3_soft	target	0.8661077988141104	0.8777777777777778	0.0	not_applicable	0.7185185185185183	0.5898148148148148																							
holdout	tail_separable_program	14007	rc3_soft	reference	0.8496957160908967	0.9444444444444445	0.09523809523809523	not_applicable	0.7185185185185183	0.5898148148148148																							
holdout	tail_separable_program	14007	mirror_reduction_100	target	0.8465495912430973	0.8722222222222222	0.5238095238095238	sign_only			1.0	0.0	sign_only	466.0	300.0	166.0	0.6437768240343348	0.5566666666666666	0.5566666666666666	0.5566666666666666		300.0	166.0	100.0	0.6	20.0	0.08	1.959963984540054	0.01	2.0	10.0	0.02	
holdout	tail_separable_program	14007	mirror_reduction_100	reference	0.8454753531486048	0.95	0.6666666666666666	sign_only			1.0	0.0	sign_only	466.0	300.0	166.0	0.6437768240343348	0.5566666666666666	0.5566666666666666	0.5566666666666666		300.0	166.0	100.0	0.6	20.0	0.08	1.959963984540054	0.01	2.0	10.0	0.02	
holdout	tail_separable_program	14007	mirror_reduction_075	target	0.8567807948799535	0.8833333333333333	0.8095238095238095	enriched_tail			0.75	1.2818069356982105	enriched_tail	466.0	300.0	166.0	0.6437768240343348	0.5566666666666666	0.4175	0.4125560538116592	0.6577106513204323	223.0	166.0	100.0	0.6	20.0	0.08	1.959963984540054	0.01	2.0	10.0	0.02	0.06640060153855054
holdout	tail_separable_program	14007	mirror_reduction_075	reference	0.8367870692521705	0.9555555555555556	0.7142857142857143	enriched_tail			0.75	1.2818069356982105	enriched_tail	466.0	300.0	166.0	0.6437768240343348	0.5566666666666666	0.4175	0.4125560538116592	0.6577106513204323	223.0	166.0	100.0	0.6	20.0	0.08	1.959963984540054	0.01	2.0	10.0	0.02	0.06640060153855054
holdout	tail_separable_program	14007	mirror_reduction_050	target	0.9114546302444367	0.9	0.7142857142857143	enriched_tail			0.5	1.4720440149032672	enriched_tail	466.0	300.0	166.0	0.6437768240343348	0.5566666666666666	0.2783333333333333	0.2736842105263158	0.7324951301437661	190.0	166.0	100.0	0.6	20.0	0.08	1.959963984540054	0.01	2.0	10.0	0.02	0.1251687415629219
holdout	tail_separable_program	14007	mirror_reduction_050	reference	0.8870337025314413	0.95	0.6666666666666666	enriched_tail			0.5	1.4720440149032672	enriched_tail	466.0	300.0	166.0	0.6437768240343348	0.5566666666666666	0.2783333333333333	0.2736842105263158	0.7324951301437661	190.0	166.0	100.0	0.6	20.0	0.08	1.959963984540054	0.01	2.0	10.0	0.02	0.1251687415629219
holdout	tail_separable_program	14007	mirror_reduction_025	target	0.8465495912430973	0.8722222222222222	0.5238095238095238	sign_only			0.25	0.0	sign_only	466.0	300.0	166.0	0.6437768240343348	0.5566666666666666	0.13916666666666666	0.5566666666666666		300.0	166.0	100.0	0.6	20.0	0.08	1.959963984540054	0.01	2.0	10.0	0.02	
holdout	tail_separable_program	14007	mirror_reduction_025	reference	0.8454753531486048	0.95	0.6666666666666666	sign_only			0.25	0.0	sign_only	466.0	300.0	166.0	0.6437768240343348	0.5566666666666666	0.13916666666666666	0.5566666666666666		300.0	166.0	100.0	0.6	20.0	0.08	1.959963984540054	0.01	2.0	10.0	0.02	
holdout	tail_separable_program	14008	rc2_unweighted	target	0.6219249278904029	0.9055555555555557	0.7142857142857143	not_applicable																									
holdout	tail_separable_program	14008	rc2_unweighted	reference	0.7340338000262746	0.8277777777777777	0.6666666666666666	not_applicable																									
holdout	tail_separable_program	14008	rc3_soft	target	0.8234475052213514	0.9555555555555556	0.0	not_applicable	0.7629629629629626	0.5953703703703703																							
holdout	tail_separable_program	14008	rc3_soft	reference	0.8122633412684265	0.888888888888889	0.0	not_applicable	0.7629629629629626	0.5953703703703703																							
holdout	tail_separable_program	14008	mirror_reduction_100	target	0.8249113935869274	0.9722222222222223	0.5714285714285714	sign_only			1.0	0.0	sign_only	444.0	276.0	168.0	0.6216216216216216	0.6123188405797102	0.6123188405797102	0.6123188405797102		276.0	168.0	100.0	0.6	20.0	0.08	1.959963984540054	0.01	2.0	10.0	0.02	
holdout	tail_separable_program	14008	mirror_reduction_100	reference	0.7812831403097559	0.8833333333333334	0.5714285714285714	sign_only			1.0	0.0	sign_only	444.0	276.0	168.0	0.6216216216216216	0.6123188405797102	0.6123188405797102	0.6123188405797102		276.0	168.0	100.0	0.6	20.0	0.08	1.959963984540054	0.01	2.0	10.0	0.02	
holdout	tail_separable_program	14008	mirror_reduction_075	target	0.8486334181238768	0.9555555555555555	0.8571428571428571	enriched_tail			0.75	1.2910951600143683	enriched_tail	444.0	276.0	168.0	0.6216216216216216	0.6123188405797102	0.45923913043478265	0.455026455026455	0.6327012972650152	189.0	168.0	100.0	0.6	20.0	0.08	1.959963984540054	0.01	2.0	10.0	0.02	0.062250378735711376
holdout	tail_separable_program	14008	mirror_reduction_075	reference	0.8658844338402705	0.9555555555555556	0.8095238095238095	enriched_tail			0.75	1.2910951600143683	enriched_tail	444.0	276.0	168.0	0.6216216216216216	0.6123188405797102	0.45923913043478265	0.455026455026455	0.6327012972650152	189.0	168.0	100.0	0.6	20.0	0.08	1.959963984540054	0.01	2.0	10.0	0.02	0.062250378735711376
holdout	tail_separable_program	14008	mirror_reduction_050	target	0.8760137280747986	0.9666666666666667	0.7619047619047619	enriched_tail			0.5	1.5982860426707124	enriched_tail	444.0	276.0	168.0	0.6216216216216216	0.6123188405797102	0.3061594202898551	0.3006993006993007	0.7074150208812591	143.0	168.0	100.0	0.6	20.0	0.08	1.959963984540054	0.01	2.0	10.0	0.02	0.13906782872300116
holdout	tail_separable_program	14008	mirror_reduction_050	reference	0.8317345974693153	0.9666666666666668	0.8095238095238095	enriched_tail			0.5	1.5982860426707124	enriched_tail	444.0	276.0	168.0	0.6216216216216216	0.6123188405797102	0.3061594202898551	0.3006993006993007	0.7074150208812591	143.0	168.0	100.0	0.6	20.0	0.08	1.959963984540054	0.01	2.0	10.0	0.02	0.13906782872300116
holdout	tail_separable_program	14008	mirror_reduction_025	target	0.8566658220341655	0.9888888888888889	0.9523809523809523	enriched_tail			0.25	5.261366469133607	enriched_tail	444.0	276.0	168.0	0.6216216216216216	0.6123188405797102	0.15307971014492755	0.14772727272727273	0.8018790057328857	88.0	168.0	100.0	0.6	20.0	0.08	1.959963984540054	0.01	2.0	10.0	0.02	0.24398178269355897
holdout	tail_separable_program	14008	mirror_reduction_025	reference	0.7167684896523517	0.9222222222222222	0.8571428571428571	enriched_tail			0.25	5.261366469133607	enriched_tail	444.0	276.0	168.0	0.6216216216216216	0.6123188405797102	0.15307971014492755	0.14772727272727273	0.8018790057328857	88.0	168.0	100.0	0.6	20.0	0.08	1.959963984540054	0.01	2.0	10.0	0.02	0.24398178269355897
holdout	tail_separable_program	14009	rc2_unweighted	target	0.8982452955161752	0.9444444444444445	0.6666666666666666	not_applicable																									
holdout	tail_separable_program	14009	rc2_unweighted	reference	0.5881024694461263	0.8622448979591837	0.6666666666666666	not_applicable																									
holdout	tail_separable_program	14009	rc3_soft	target	0.951236174888585	0.9666666666666667	0.0	not_applicable	0.6962962962962962	0.587037037037037																							
holdout	tail_separable_program	14009	rc3_soft	reference	0.7319262601205764	0.9591836734693878	0.0	not_applicable	0.6962962962962962	0.587037037037037																							
holdout	tail_separable_program	14009	mirror_reduction_100	target	0.9631122215527639	0.9666666666666667	0.7619047619047619	sign_only			1.0	0.0	sign_only	457.0	285.0	172.0	0.6236323851203501	0.6070175438596491	0.6070175438596491	0.6070175438596491		285.0	172.0	100.0	0.6	20.0	0.08	1.959963984540054	0.01	2.0	10.0	0.02	
holdout	tail_separable_program	14009	mirror_reduction_100	reference	0.7430524545496293	0.9693877551020408	0.8095238095238095	sign_only			1.0	0.0	sign_only	457.0	285.0	172.0	0.6236323851203501	0.6070175438596491	0.6070175438596491	0.6070175438596491		285.0	172.0	100.0	0.6	20.0	0.08	1.959963984540054	0.01	2.0	10.0	0.02	
holdout	tail_separable_program	14009	mirror_reduction_075	target	0.918936052389209	0.9888888888888888	0.6190476190476191	enriched_tail			0.75	1.2112295959855701	enriched_tail	457.0	285.0	172.0	0.6236323851203501	0.6070175438596491	0.4552631578947368	0.45454545454545453	0.6380926562809309	231.0	172.0	100.0	0.6	20.0	0.08	1.959963984540054	0.01	2.0	10.0	0.02	0.04885899717366271
holdout	tail_separable_program	14009	mirror_reduction_075	reference	0.7324184552470832	0.9897959183673469	0.8571428571428571	enriched_tail			0.75	1.2112295959855701	enriched_tail	457.0	285.0	172.0	0.6236323851203501	0.6070175438596491	0.4552631578947368	0.45454545454545453	0.6380926562809309	231.0	172.0	100.0	0.6	20.0	0.08	1.959963984540054	0.01	2.0	10.0	0.02	0.04885899717366271
holdout	tail_separable_program	14009	mirror_reduction_050	target	0.9083554140164358	0.9777777777777779	0.7142857142857143	enriched_tail			0.5	1.4110383310704597	enriched_tail	457.0	285.0	172.0	0.6236323851203501	0.6070175438596491	0.30350877192982456	0.29842931937172773	0.7171097404479392	191.0	172.0	100.0	0.6	20.0	0.08	1.959963984540054	0.01	2.0	10.0	0.02	0.12183303336563756
holdout	tail_separable_program	14009	mirror_reduction_050	reference	0.7783474609681388	0.9846938775510204	0.9047619047619048	enriched_tail			0.5	1.4110383310704597	enriched_tail	457.0	285.0	172.0	0.6236323851203501	0.6070175438596491	0.30350877192982456	0.29842931937172773	0.7171097404479392	191.0	172.0	100.0	0.6	20.0	0.08	1.959963984540054	0.01	2.0	10.0	0.02	0.12183303336563756
holdout	tail_separable_program	14009	mirror_reduction_025	target	0.9454823707175608	0.9833333333333334	0.7619047619047619	enriched_tail			0.25	1.705979449950476	enriched_tail	457.0	285.0	172.0	0.6236323851203501	0.6070175438596491	0.15175438596491228	0.12738853503184713	0.8375504777938719	157.0	172.0	100.0	0.6	20.0	0.08	1.959963984540054	0.01	2.0	10.0	0.02	0.235279934416743
holdout	tail_separable_program	14009	mirror_reduction_025	reference	0.884144545756656	0.9846938775510204	0.9523809523809523	enriched_tail			0.25	1.705979449950476	enriched_tail	457.0	285.0	172.0	0.6236323851203501	0.6070175438596491	0.15175438596491228	0.12738853503184713	0.8375504777938719	157.0	172.0	100.0	0.6	20.0	0.08	1.959963984540054	0.01	2.0	10.0	0.02	0.235279934416743
holdout	tail_separable_program	14010	rc2_unweighted	target	0.6310809425894418	0.6777777777777778	0.47619047619047616	not_applicable																									
holdout	tail_separable_program	14010	rc2_unweighted	reference	0.8939553315006672	0.9111111111111111	0.5714285714285714	not_applicable																									
holdout	tail_separable_program	14010	rc3_soft	target	0.6905322178292511	0.7333333333333333	0.0	not_applicable	0.5555555555555554	0.5694444444444444																							
holdout	tail_separable_program	14010	rc3_soft	reference	0.8579585806712479	0.9222222222222223	0.0	not_applicable	0.5555555555555554	0.5694444444444444																							
holdout	tail_separable_program	14010	mirror_reduction_100	target	0.6998369051112211	0.7666666666666666	0.5238095238095238	sign_only			1.0	0.0	sign_only	477.0	299.0	178.0	0.6268343815513627	0.5986622073578596	0.5986622073578596	0.5986622073578596		299.0	178.0	100.0	0.6	20.0	0.08	1.959963984540054	0.01	2.0	10.0	0.02	
holdout	tail_separable_program	14010	mirror_reduction_100	reference	0.8445002155102643	0.9277777777777778	0.7619047619047619	sign_only			1.0	0.0	sign_only	477.0	299.0	178.0	0.6268343815513627	0.5986622073578596	0.5986622073578596	0.5986622073578596		299.0	178.0	100.0	0.6	20.0	0.08	1.959963984540054	0.01	2.0	10.0	0.02	
holdout	tail_separable_program	14010	mirror_reduction_075	target	0.7350548845789737	0.7833333333333334	0.6666666666666666	enriched_tail			0.75	1.1728080372020355	enriched_tail	477.0	299.0	178.0	0.6268343815513627	0.5986622073578596	0.4489966555183947	0.44841269841269843	0.6430910067863238	252.0	178.0	100.0	0.6	20.0	0.08	1.959963984540054	0.01	2.0	10.0	0.02	0.059325255405084376
holdout	tail_separable_program	14010	mirror_reduction_075	reference	0.7609065580252913	0.8833333333333333	0.6666666666666666	enriched_tail			0.75	1.1728080372020355	enriched_tail	477.0	299.0	178.0	0.6268343815513627	0.5986622073578596	0.4489966555183947	0.44841269841269843	0.6430910067863238	252.0	178.0	100.0	0.6	20.0	0.08	1.959963984540054	0.01	2.0	10.0	0.02	0.059325255405084376
holdout	tail_separable_program	14010	mirror_reduction_050	target	0.8333349352859213	0.8444444444444444	0.7619047619047619	enriched_tail			0.5	1.54893920005706	enriched_tail	477.0	299.0	178.0	0.6268343815513627	0.5986622073578596	0.2993311036789298	0.2937853107344633	0.7179023054749298	177.0	178.0	100.0	0.6	20.0	0.08	1.959963984540054	0.01	2.0	10.0	0.02	0.13036350677120456
holdout	tail_separable_program	14010	mirror_reduction_050	reference	0.7908885962191947	0.9166666666666667	0.9047619047619048	enriched_tail			0.5	1.54893920005706	enriched_tail	477.0	299.0	178.0	0.6268343815513627	0.5986622073578596	0.2993311036789298	0.2937853107344633	0.7179023054749298	177.0	178.0	100.0	0.6	20.0	0.08	1.959963984540054	0.01	2.0	10.0	0.02	0.13036350677120456
holdout	tail_separable_program	14010	mirror_reduction_025	target	0.6998369051112211	0.7666666666666666	0.5238095238095238	sign_only			0.25	0.0	sign_only	477.0	299.0	178.0	0.6268343815513627	0.5986622073578596	0.1496655518394649	0.5986622073578596		299.0	178.0	100.0	0.6	20.0	0.08	1.959963984540054	0.01	2.0	10.0	0.02	
holdout	tail_separable_program	14010	mirror_reduction_025	reference	0.8445002155102643	0.9277777777777778	0.7619047619047619	sign_only			0.25	0.0	sign_only	477.0	299.0	178.0	0.6268343815513627	0.5986622073578596	0.1496655518394649	0.5986622073578596		299.0	178.0	100.0	0.6	20.0	0.08	1.959963984540054	0.01	2.0	10.0	0.02	
holdout	tail_separable_program	14011	rc2_unweighted	target	0.6876840937504077	0.7611111111111111	0.5714285714285714	not_applicable																									
holdout	tail_separable_program	14011	rc2_unweighted	reference	0.7371373431166948	0.8622448979591838	0.5714285714285714	not_applicable																									
holdout	tail_separable_program	14011	rc3_soft	target	0.8691435721335371	0.8777777777777778	0.0	not_applicable	0.6814814814814811	0.5851851851851851																							
holdout	tail_separable_program	14011	rc3_soft	reference	0.7949008236157513	0.8877551020408162	0.0	not_applicable	0.6814814814814811	0.5851851851851851																							
holdout	tail_separable_program	14011	mirror_reduction_100	target	0.8812083329441471	0.8888888888888888	0.47619047619047616	sign_only			1.0	0.0	sign_only	424.0	266.0	158.0	0.6273584905660378	0.5977443609022557	0.5977443609022557	0.5977443609022557		266.0	158.0	100.0	0.6	20.0	0.08	1.959963984540054	0.01	2.0	10.0	0.02	
holdout	tail_separable_program	14011	mirror_reduction_100	reference	0.7422996951019181	0.8826530612244898	0.7619047619047619	sign_only			1.0	0.0	sign_only	424.0	266.0	158.0	0.6273584905660378	0.5977443609022557	0.5977443609022557	0.5977443609022557		266.0	158.0	100.0	0.6	20.0	0.08	1.959963984540054	0.01	2.0	10.0	0.02	
holdout	tail_separable_program	14011	mirror_reduction_075	target	0.8676668222648601	0.8888888888888888	0.6666666666666666	enriched_tail			0.75	1.2059687822413652	enriched_tail	424.0	266.0	158.0	0.6273584905660378	0.5977443609022557	0.44830827067669177	0.4474885844748858	0.6401186289617838	219.0	158.0	100.0	0.6	20.0	0.08	1.959963984540054	0.01	2.0	10.0	0.02	0.04689288090485699
holdout	tail_separable_program	14011	mirror_reduction_075	reference	0.800894152182724	0.913265306122449	0.7142857142857143	enriched_tail			0.75	1.2059687822413652	enriched_tail	424.0	266.0	158.0	0.6273584905660378	0.5977443609022557	0.44830827067669177	0.4474885844748858	0.6401186289617838	219.0	158.0	100.0	0.6	20.0	0.08	1.959963984540054	0.01	2.0	10.0	0.02	0.04689288090485699
holdout	tail_separable_program	14011	mirror_reduction_050	target	0.9308507967254516	0.9333333333333332	0.7619047619047619	enriched_tail			0.5	1.5103829392469237	enriched_tail	424.0	266.0	158.0	0.6273584905660378	0.5977443609022557	0.29887218045112784	0.2962962962962963	0.71384545659852	162.0	158.0	100.0	0.6	20.0	0.08	1.959963984540054	0.01	2.0	10.0	0.02	0.14612277071632673
holdout	tail_separable_program	14011	mirror_reduction_050	reference	0.6584494836170278	0.8775510204081634	1.0	enriched_tail			0.5	1.5103829392469237	enriched_tail	424.0	266.0	158.0	0.6273584905660378	0.5977443609022557	0.29887218045112784	0.2962962962962963	0.71384545659852	162.0	158.0	100.0	0.6	20.0	0.08	1.959963984540054	0.01	2.0	10.0	0.02	0.14612277071632673
holdout	tail_separable_program	14011	mirror_reduction_025	target	0.5031530517165546	0.8722222222222222	1.0	enriched_tail			0.25	5.582518637082417	enriched_tail	424.0	266.0	158.0	0.6273584905660378	0.5977443609022557	0.14943609022556392	0.14705882352941177	0.7586947827711269	34.0	158.0	100.0	0.6	20.0	0.08	1.959963984540054	0.01	2.0	10.0	0.02	0.231374262617435
holdout	tail_separable_program	14011	mirror_reduction_025	reference	0.6243808814726112	0.7857142857142857	0.9523809523809523	enriched_tail			0.25	5.582518637082417	enriched_tail	424.0	266.0	158.0	0.6273584905660378	0.5977443609022557	0.14943609022556392	0.14705882352941177	0.7586947827711269	34.0	158.0	100.0	0.6	20.0	0.08	1.959963984540054	0.01	2.0	10.0	0.02	0.231374262617435
holdout	tail_separable_program	14012	rc2_unweighted	target	0.13581355894441793		0.8571428571428571	not_applicable																									
holdout	tail_separable_program	14012	rc2_unweighted	reference	0.7876916816089988	0.8942307692307692	0.2857142857142857	not_applicable																									
holdout	tail_separable_program	14012	rc3_soft	target	0.20225995873897262		0.0	not_applicable	0.4259259259259256	0.5532407407407407																							
holdout	tail_separable_program	14012	rc3_soft	reference	0.8041654875881544	0.9038461538461539	0.0	not_applicable	0.4259259259259256	0.5532407407407407																							
holdout	tail_separable_program	14012	mirror_reduction_100	target	0.31831175461119837		0.9047619047619048	sign_only			1.0	0.0	sign_only	483.0	308.0	175.0	0.6376811594202898	0.5714285714285714	0.5714285714285714	0.5714285714285714		308.0	175.0	100.0	0.6	20.0	0.08	1.959963984540054	0.01	2.0	10.0	0.02	
holdout	tail_separable_program	14012	mirror_reduction_100	reference	0.8612482908023685	0.9278846153846154	0.5714285714285714	sign_only			1.0	0.0	sign_only	483.0	308.0	175.0	0.6376811594202898	0.5714285714285714	0.5714285714285714	0.5714285714285714		308.0	175.0	100.0	0.6	20.0	0.08	1.959963984540054	0.01	2.0	10.0	0.02	
holdout	tail_separable_program	14012	mirror_reduction_075	target	0.34311890293814434		1.0	enriched_tail			0.75	1.219955213906196	enriched_tail	483.0	308.0	175.0	0.6376811594202898	0.5714285714285714	0.42857142857142855	0.4279835390946502	0.6521256409947048	243.0	175.0	100.0	0.6	20.0	0.08	1.959963984540054	0.01	2.0	10.0	0.02	0.04901273381132254
holdout	tail_separable_program	14012	mirror_reduction_075	reference	0.8860239087217819	0.9182692307692307	0.6666666666666666	enriched_tail			0.75	1.219955213906196	enriched_tail	483.0	308.0	175.0	0.6376811594202898	0.5714285714285714	0.42857142857142855	0.4279835390946502	0.6521256409947048	243.0	175.0	100.0	0.6	20.0	0.08	1.959963984540054	0.01	2.0	10.0	0.02	0.04901273381132254
holdout	tail_separable_program	14012	mirror_reduction_050	target	0.22585868535211978		1.0	enriched_tail			0.5	1.3953956244994254	enriched_tail	483.0	308.0	175.0	0.6376811594202898	0.5714285714285714	0.2857142857142857	0.28292682926829266	0.7285973911460679	205.0	175.0	100.0	0.6	20.0	0.08	1.959963984540054	0.01	2.0	10.0	0.02	0.125506072874494
holdout	tail_separable_program	14012	mirror_reduction_050	reference	0.880222682190772	0.9278846153846154	0.47619047619047616	enriched_tail			0.5	1.3953956244994254	enriched_tail	483.0	308.0	175.0	0.6376811594202898	0.5714285714285714	0.2857142857142857	0.28292682926829266	0.7285973911460679	205.0	175.0	100.0	0.6	20.0	0.08	1.959963984540054	0.01	2.0	10.0	0.02	0.125506072874494
holdout	tail_separable_program	14012	mirror_reduction_025	target	0.22222222222222227		1.0	enriched_tail			0.25	1.7597362136110895	enriched_tail	483.0	308.0	175.0	0.6376811594202898	0.5714285714285714	0.14285714285714285	0.13953488372093023	0.8292348332856105	172.0	175.0	100.0	0.6	20.0	0.08	1.959963984540054	0.01	2.0	10.0	0.02	0.24119308740445333
holdout	tail_separable_program	14012	mirror_reduction_025	reference	0.9152823402309376	0.9326923076923076	0.6190476190476191	enriched_tail			0.25	1.7597362136110895	enriched_tail	483.0	308.0	175.0	0.6376811594202898	0.5714285714285714	0.14285714285714285	0.13953488372093023	0.8292348332856105	172.0	175.0	100.0	0.6	20.0	0.08	1.959963984540054	0.01	2.0	10.0	0.02	0.24119308740445333
holdout	tail_separable_program	14013	rc2_unweighted	target	0.8896622621410702	0.9	0.5714285714285714	not_applicable																									
holdout	tail_separable_program	14013	rc2_unweighted	reference	0.44360665275070155	0.6586538461538461	0.7619047619047619	not_applicable																									
holdout	tail_separable_program	14013	rc3_soft	target	0.9196274859521439	0.9111111111111112	0.0	not_applicable	0.7703703703703706	0.5962962962962963																							
holdout	tail_separable_program	14013	rc3_soft	reference	0.6921141952011911	0.8076923076923077	0.0	not_applicable	0.7703703703703706	0.5962962962962963																							
holdout	tail_separable_program	14013	mirror_reduction_100	target	0.9500330784388237	0.9500000000000001	0.7142857142857143	sign_only			1.0	0.0	sign_only	441.0	285.0	156.0	0.6462585034013606	0.5508771929824562	0.5508771929824562	0.5508771929824562		285.0	156.0	100.0	0.6	20.0	0.08	1.959963984540054	0.01	2.0	10.0	0.02	
holdout	tail_separable_program	14013	mirror_reduction_100	reference	0.7387478909596704	0.8413461538461539	0.7142857142857143	sign_only			1.0	0.0	sign_only	441.0	285.0	156.0	0.6462585034013606	0.5508771929824562	0.5508771929824562	0.5508771929824562		285.0	156.0	100.0	0.6	20.0	0.08	1.959963984540054	0.01	2.0	10.0	0.02	
holdout	tail_separable_program	14013	mirror_reduction_075	target	0.9505142079133543	0.9388888888888889	0.6190476190476191	enriched_tail			0.75	1.1874279897935756	enriched_tail	441.0	285.0	156.0	0.6462585034013606	0.5508771929824562	0.41315789473684217	0.4112903225806452	0.6609360956741608	248.0	156.0	100.0	0.6	20.0	0.08	1.959963984540054	0.01	2.0	10.0	0.02	0.05509563231515835
holdout	tail_separable_program	14013	mirror_reduction_075	reference	0.6668902557292419	0.7980769230769231	0.9047619047619048	enriched_tail			0.75	1.1874279897935756	enriched_tail	441.0	285.0	156.0	0.6462585034013606	0.5508771929824562	0.41315789473684217	0.4112903225806452	0.6609360956741608	248.0	156.0	100.0	0.6	20.0	0.08	1.959963984540054	0.01	2.0	10.0	0.02	0.05509563231515835
holdout	tail_separable_program	14013	mirror_reduction_050	target	0.9161939915500887	0.9222222222222223	0.7142857142857143	enriched_tail			0.5	1.3710624104479574	enriched_tail	441.0	285.0	156.0	0.6462585034013606	0.5508771929824562	0.2754385964912281	0.275	0.7329963327556027	200.0	156.0	100.0	0.6	20.0	0.08	1.959963984540054	0.01	2.0	10.0	0.02	0.12359371894255611
holdout	tail_separable_program	14013	mirror_reduction_050	reference	0.6425363125479071	0.8125	0.8571428571428571	enriched_tail			0.5	1.3710624104479574	enriched_tail	441.0	285.0	156.0	0.6462585034013606	0.5508771929824562	0.2754385964912281	0.275	0.7329963327556027	200.0	156.0	100.0	0.6	20.0	0.08	1.959963984540054	0.01	2.0	10.0	0.02	0.12359371894255611
holdout	tail_separable_program	14013	mirror_reduction_025	target	0.9395136810305046	0.9555555555555556	0.7619047619047619	enriched_tail			0.25	1.614594598762894	enriched_tail	441.0	285.0	156.0	0.6462585034013606	0.5508771929824562	0.13771929824561405	0.13714285714285715	0.8317296683186525	175.0	156.0	100.0	0.6	20.0	0.08	1.959963984540054	0.01	2.0	10.0	0.02	0.23470483005366727
holdout	tail_separable_program	14013	mirror_reduction_025	reference	0.6966082123013848	0.8221153846153846	1.0	enriched_tail			0.25	1.614594598762894	enriched_tail	441.0	285.0	156.0	0.6462585034013606	0.5508771929824562	0.13771929824561405	0.13714285714285715	0.8317296683186525	175.0	156.0	100.0	0.6	20.0	0.08	1.959963984540054	0.01	2.0	10.0	0.02	0.23470483005366727
holdout	tail_separable_program	14014	rc2_unweighted	target	0.7274805727339496	0.846938775510204	0.42857142857142855	not_applicable																									
holdout	tail_separable_program	14014	rc2_unweighted	reference	0.5780244340589553	0.8055555555555555	0.7619047619047619	not_applicable																									
holdout	tail_separable_program	14014	rc3_soft	target	0.7951841376818027	0.8673469387755102	0.0	not_applicable	0.7111111111111112	0.5888888888888889																							
holdout	tail_separable_program	14014	rc3_soft	reference	0.6261613279342051	0.8333333333333333	0.0	not_applicable	0.7111111111111112	0.5888888888888889																							
holdout	tail_separable_program	14014	mirror_reduction_100	target	0.8088860281371266	0.8775510204081632	0.7142857142857143	sign_only			1.0	0.0	sign_only	489.0	316.0	173.0	0.6462167689161554	0.5506329113924051	0.5506329113924051	0.5506329113924051		316.0	173.0	100.0	0.6	20.0	0.08	1.959963984540054	0.01	2.0	10.0	0.02	
holdout	tail_separable_program	14014	mirror_reduction_100	reference	0.6015314249290985	0.8101851851851852	0.8571428571428571	sign_only			1.0	0.0	sign_only	489.0	316.0	173.0	0.6462167689161554	0.5506329113924051	0.5506329113924051	0.5506329113924051		316.0	173.0	100.0	0.6	20.0	0.08	1.959963984540054	0.01	2.0	10.0	0.02	
holdout	tail_separable_program	14014	mirror_reduction_075	target	0.903462355993188	0.923469387755102	0.5714285714285714	enriched_tail			0.75	1.2770124501679716	enriched_tail	489.0	316.0	173.0	0.6462167689161554	0.5506329113924051	0.41297468354430383	0.4104803493449782	0.6594180854834643	229.0	173.0	100.0	0.6	20.0	0.08	1.959963984540054	0.01	2.0	10.0	0.02	0.04534054585689695
holdout	tail_separable_program	14014	mirror_reduction_075	reference	0.5699069172543534	0.8240740740740741	0.8571428571428571	enriched_tail			0.75	1.2770124501679716	enriched_tail	489.0	316.0	173.0	0.6462167689161554	0.5506329113924051	0.41297468354430383	0.4104803493449782	0.6594180854834643	229.0	173.0	100.0	0.6	20.0	0.08	1.959963984540054	0.01	2.0	10.0	0.02	0.04534054585689695
holdout	tail_separable_program	14014	mirror_reduction_050	target	0.955457803729818	0.9744897959183674	0.7142857142857143	enriched_tail			0.5	1.5201027136554845	enriched_tail	489.0	316.0	173.0	0.6462167689161554	0.5506329113924051	0.27531645569620256	0.2711864406779661	0.7321890016757762	177.0	173.0	100.0	0.6	20.0	0.08	1.959963984540054	0.01	2.0	10.0	0.02	0.12586778301064017
holdout	tail_separable_program	14014	mirror_reduction_050	reference	0.6618865645738167	0.9027777777777778	0.8571428571428571	enriched_tail			0.5	1.5201027136554845	enriched_tail	489.0	316.0	173.0	0.6462167689161554	0.5506329113924051	0.27531645569620256	0.2711864406779661	0.7321890016757762	177.0	173.0	100.0	0.6	20.0	0.08	1.959963984540054	0.01	2.0	10.0	0.02	0.12586778301064017
holdout	tail_separable_program	14014	mirror_reduction_025	target	0.8925188323387034	0.9846938775510204	0.7142857142857143	enriched_tail			0.25	5.023214836436039	enriched_tail	489.0	316.0	173.0	0.6462167689161554	0.5506329113924051	0.13765822784810128	0.1360544217687075	0.8281544650041559	147.0	173.0	100.0	0.6	20.0	0.08	1.959963984540054	0.01	2.0	10.0	0.02	0.21779781680113908
holdout	tail_separable_program	14014	mirror_reduction_025	reference	0.6273839958273999	0.8796296296296298	0.8571428571428571	enriched_tail			0.25	5.023214836436039	enriched_tail	489.0	316.0	173.0	0.6462167689161554	0.5506329113924051	0.13765822784810128	0.1360544217687075	0.8281544650041559	147.0	173.0	100.0	0.6	20.0	0.08	1.959963984540054	0.01	2.0	10.0	0.02	0.21779781680113908
holdout	tail_separable_program	14015	rc2_unweighted	target	0.6917548288451811	0.788888888888889	0.47619047619047616	not_applicable																									
holdout	tail_separable_program	14015	rc2_unweighted	reference	0.8428162101026854	0.8979591836734694	0.3333333333333333	not_applicable																									
holdout	tail_separable_program	14015	rc3_soft	target	0.708570570800993	0.8	0.09523809523809523	not_applicable	0.4518518518518517	0.5564814814814815																							
holdout	tail_separable_program	14015	rc3_soft	reference	0.8903066807967722	0.9183673469387754	0.0	not_applicable	0.4518518518518517	0.5564814814814815																							
holdout	tail_separable_program	14015	mirror_reduction_100	target	0.6888534989054282	0.8166666666666667	0.9047619047619048	sign_only			1.0	0.0	sign_only	468.0	295.0	173.0	0.6303418803418803	0.5898305084745763	0.5898305084745763	0.5898305084745763		295.0	173.0	100.0	0.6	20.0	0.08	1.959963984540054	0.01	2.0	10.0	0.02	
holdout	tail_separable_program	14015	mirror_reduction_100	reference	0.902278739109818	0.8928571428571429	0.3333333333333333	sign_only			1.0	0.0	sign_only	468.0	295.0	173.0	0.6303418803418803	0.5898305084745763	0.5898305084745763	0.5898305084745763		295.0	173.0	100.0	0.6	20.0	0.08	1.959963984540054	0.01	2.0	10.0	0.02	
holdout	tail_separable_program	14015	mirror_reduction_075	target	0.7352505653969704	0.8999999999999999	0.9047619047619048	enriched_tail			0.75	1.2508844829100212	enriched_tail	468.0	295.0	173.0	0.6303418803418803	0.5898305084745763	0.4423728813559322	0.4383561643835616	0.644508793494958	219.0	173.0	100.0	0.6	20.0	0.08	1.959963984540054	0.01	2.0	10.0	0.02	0.05718804203652694
holdout	tail_separable_program	14015	mirror_reduction_075	reference	0.8982819186335862	0.9336734693877551	0.5714285714285714	enriched_tail			0.75	1.2508844829100212	enriched_tail	468.0	295.0	173.0	0.6303418803418803	0.5898305084745763	0.4423728813559322	0.4383561643835616	0.644508793494958	219.0	173.0	100.0	0.6	20.0	0.08	1.959963984540054	0.01	2.0	10.0	0.02	0.05718804203652694
holdout	tail_separable_program	14015	mirror_reduction_050	target	0.8013238181861086	0.9722222222222222	0.8571428571428571	enriched_tail			0.5	1.4136809536299284	enriched_tail	468.0	295.0	173.0	0.6303418803418803	0.5898305084745763	0.29491525423728815	0.29381443298969073	0.7203647189638117	194.0	173.0	100.0	0.6	20.0	0.08	1.959963984540054	0.01	2.0	10.0	0.02	0.14236085716375335
holdout	tail_separable_program	14015	mirror_reduction_050	reference	0.9008041855192777	0.9387755102040816	0.38095238095238093	enriched_tail			0.5	1.4136809536299284	enriched_tail	468.0	295.0	173.0	0.6303418803418803	0.5898305084745763	0.29491525423728815	0.29381443298969073	0.7203647189638117	194.0	173.0	100.0	0.6	20.0	0.08	1.959963984540054	0.01	2.0	10.0	0.02	0.14236085716375335
holdout	tail_separable_program	14015	mirror_reduction_025	target	0.7198454297644382	0.9555555555555556	0.8095238095238095	enriched_tail			0.25	5.04083777839792	enriched_tail	468.0	295.0	173.0	0.6303418803418803	0.5898305084745763	0.14745762711864407	0.14666666666666667	0.8195545840560874	150.0	173.0	100.0	0.6	20.0	0.08	1.959963984540054	0.01	2.0	10.0	0.02	0.22022603689092646
holdout	tail_separable_program	14015	mirror_reduction_025	reference	0.8479841374752148	0.9285714285714285	0.6666666666666666	enriched_tail			0.25	5.04083777839792	enriched_tail	468.0	295.0	173.0	0.6303418803418803	0.5898305084745763	0.14745762711864407	0.14666666666666667	0.8195545840560874	150.0	173.0	100.0	0.6	20.0	0.08	1.959963984540054	0.01	2.0	10.0	0.02	0.22022603689092646
holdout	tail_separable_program	14016	rc2_unweighted	target	0.8573336681943496	0.8500000000000001	0.6666666666666666	not_applicable																									
holdout	tail_separable_program	14016	rc2_unweighted	reference	0.6679783793790527	0.8775510204081634	0.6666666666666666	not_applicable																									
holdout	tail_separable_program	14016	rc3_soft	target	0.8583821624544261	0.8777777777777778	0.0	not_applicable	0.5296296296296292	0.5662037037037037																							
holdout	tail_separable_program	14016	rc3_soft	reference	0.6961615750401623	0.8877551020408162	0.09523809523809523	not_applicable	0.5296296296296292	0.5662037037037037																							
holdout	tail_separable_program	14016	mirror_reduction_100	target	0.8573336681943496	0.8500000000000001	0.6666666666666666	no_gate			1.0		no_gate	464.0	272.0	192.0	0.5862068965517241	0.7095588235294118				272.0	0.0	100.0	0.6	20.0	0.08	1.959963984540054	0.01	2.0	10.0	0.02	
holdout	tail_separable_program	14016	mirror_reduction_100	reference	0.6679783793790527	0.8775510204081634	0.6666666666666666	no_gate			1.0		no_gate	464.0	272.0	192.0	0.5862068965517241	0.7095588235294118				272.0	0.0	100.0	0.6	20.0	0.08	1.959963984540054	0.01	2.0	10.0	0.02	
holdout	tail_separable_program	14016	mirror_reduction_075	target	0.8573336681943496	0.8500000000000001	0.6666666666666666	no_gate			0.75		no_gate	464.0	272.0	192.0	0.5862068965517241	0.7095588235294118				272.0	0.0	100.0	0.6	20.0	0.08	1.959963984540054	0.01	2.0	10.0	0.02	
holdout	tail_separable_program	14016	mirror_reduction_075	reference	0.6679783793790527	0.8775510204081634	0.6666666666666666	no_gate			0.75		no_gate	464.0	272.0	192.0	0.5862068965517241	0.7095588235294118				272.0	0.0	100.0	0.6	20.0	0.08	1.959963984540054	0.01	2.0	10.0	0.02	
holdout	tail_separable_program	14016	mirror_reduction_050	target	0.8573336681943496	0.8500000000000001	0.6666666666666666	no_gate			0.5		no_gate	464.0	272.0	192.0	0.5862068965517241	0.7095588235294118				272.0	0.0	100.0	0.6	20.0	0.08	1.959963984540054	0.01	2.0	10.0	0.02	
holdout	tail_separable_program	14016	mirror_reduction_050	reference	0.6679783793790527	0.8775510204081634	0.6666666666666666	no_gate			0.5		no_gate	464.0	272.0	192.0	0.5862068965517241	0.7095588235294118				272.0	0.0	100.0	0.6	20.0	0.08	1.959963984540054	0.01	2.0	10.0	0.02	
holdout	tail_separable_program	14016	mirror_reduction_025	target	0.8573336681943496	0.8500000000000001	0.6666666666666666	no_gate			0.25		no_gate	464.0	272.0	192.0	0.5862068965517241	0.7095588235294118				272.0	0.0	100.0	0.6	20.0	0.08	1.959963984540054	0.01	2.0	10.0	0.02	
holdout	tail_separable_program	14016	mirror_reduction_025	reference	0.6679783793790527	0.8775510204081634	0.6666666666666666	no_gate			0.25		no_gate	464.0	272.0	192.0	0.5862068965517241	0.7095588235294118				272.0	0.0	100.0	0.6	20.0	0.08	1.959963984540054	0.01	2.0	10.0	0.02	
holdout	weak_tail_program	14001	rc2_unweighted	target	0.9039850953027639	0.8833333333333333	0.5714285714285714	not_applicable																									
holdout	weak_tail_program	14001	rc2_unweighted	reference	0.3482906010503687	0.7055555555555556	0.6666666666666666	not_applicable																									
holdout	weak_tail_program	14001	rc3_soft	target	0.9469598274661265	0.9111111111111112	0.0	not_applicable	0.7333333333333334	0.5916666666666667																							
holdout	weak_tail_program	14001	rc3_soft	reference	0.3558146464158869	0.7111111111111111	0.0	not_applicable	0.7333333333333334	0.5916666666666667																							
holdout	weak_tail_program	14001	mirror_reduction_100	target	0.9490537163836099	0.9166666666666667	0.5714285714285714	sign_only			1.0	0.0	sign_only	486.0	332.0	154.0	0.6831275720164609	0.46686746987951805	0.46686746987951805	0.46686746987951805		332.0	154.0	100.0	0.6	20.0	0.08	1.959963984540054	0.01	2.0	10.0	0.02	
holdout	weak_tail_program	14001	mirror_reduction_100	reference	0.364809346957304	0.7166666666666668	0.9047619047619048	sign_only			1.0	0.0	sign_only	486.0	332.0	154.0	0.6831275720164609	0.46686746987951805	0.46686746987951805	0.46686746987951805		332.0	154.0	100.0	0.6	20.0	0.08	1.959963984540054	0.01	2.0	10.0	0.02	
holdout	weak_tail_program	14001	mirror_reduction_075	target	0.9051095578433634	0.9111111111111111	0.6190476190476191	enriched_tail			0.75	1.9166314437215113	enriched_tail	486.0	332.0	154.0	0.6831275720164609	0.46686746987951805	0.3501506024096385	0.3486590038314176	0.6954438495962273	261.0	154.0	100.0	0.6	20.0	0.08	1.959963984540054	0.01	2.0	10.0	0.02	0.04855786783497629
holdout	weak_tail_program	14001	mirror_reduction_075	reference	0.47275584905559304	0.7722222222222221	0.9523809523809523	enriched_tail			0.75	1.9166314437215113	enriched_tail	486.0	332.0	154.0	0.6831275720164609	0.46686746987951805	0.3501506024096385	0.3486590038314176	0.6954438495962273	261.0	154.0	100.0	0.6	20.0	0.08	1.959963984540054	0.01	2.0	10.0	0.02	0.04855786783497629
holdout	weak_tail_program	14001	mirror_reduction_050	target	0.8944122796647452	0.9166666666666667	0.5714285714285714	enriched_tail			0.5	2.5470509601548144	enriched_tail	486.0	332.0	154.0	0.6831275720164609	0.46686746987951805	0.23343373493975902	0.2315270935960591	0.7623963959422437	203.0	154.0	100.0	0.6	20.0	0.08	1.959963984540054	0.01	2.0	10.0	0.02	0.09364286413948475
holdout	weak_tail_program	14001	mirror_reduction_050	reference	0.44285943538451894	0.7555555555555556	0.9523809523809523	enriched_tail			0.5	2.5470509601548144	enriched_tail	486.0	332.0	154.0	0.6831275720164609	0.46686746987951805	0.23343373493975902	0.2315270935960591	0.7623963959422437	203.0	154.0	100.0	0.6	20.0	0.08	1.959963984540054	0.01	2.0	10.0	0.02	0.09364286413948475
holdout	weak_tail_program	14001	mirror_reduction_025	target	0.9490537163836099	0.9166666666666667	0.5714285714285714	sign_only			0.25	0.0	sign_only	486.0	332.0	154.0	0.6831275720164609	0.46686746987951805	0.11671686746987951	0.46686746987951805		332.0	154.0	100.0	0.6	20.0	0.08	1.959963984540054	0.01	2.0	10.0	0.02	
holdout	weak_tail_program	14001	mirror_reduction_025	reference	0.364809346957304	0.7166666666666668	0.9047619047619048	sign_only			0.25	0.0	sign_only	486.0	332.0	154.0	0.6831275720164609	0.46686746987951805	0.11671686746987951	0.46686746987951805		332.0	154.0	100.0	0.6	20.0	0.08	1.959963984540054	0.01	2.0	10.0	0.02	
holdout	weak_tail_program	14002	rc2_unweighted	target	0.7422051713147195	0.9326923076923077	0.7142857142857143	not_applicable																									
holdout	weak_tail_program	14002	rc2_unweighted	reference	0.774583841464236	0.8777777777777778	0.5238095238095238	not_applicable																									
holdout	weak_tail_program	14002	rc3_soft	target	0.7561987439971901	0.9134615384615385	0.0	not_applicable	0.7925925925925927	0.5990740740740741																							
holdout	weak_tail_program	14002	rc3_soft	reference	0.8308948777128489	0.9666666666666668	0.0	not_applicable	0.7925925925925927	0.5990740740740741																							
holdout	weak_tail_program	14002	mirror_reduction_100	target	0.7633983564370703	0.9134615384615385	0.9047619047619048	sign_only			1.0	0.0	sign_only	415.0	272.0	143.0	0.655421686746988	0.5294117647058824	0.5294117647058824	0.5294117647058824		272.0	143.0	100.0	0.6	20.0	0.08	1.959963984540054	0.01	2.0	10.0	0.02	
holdout	weak_tail_program	14002	mirror_reduction_100	reference	0.8180112797594704	0.9722222222222223	0.7142857142857143	sign_only			1.0	0.0	sign_only	415.0	272.0	143.0	0.655421686746988	0.5294117647058824	0.5294117647058824	0.5294117647058824		272.0	143.0	100.0	0.6	20.0	0.08	1.959963984540054	0.01	2.0	10.0	0.02	
holdout	weak_tail_program	14002	mirror_reduction_075	target	0.8336104628081275	0.9423076923076924	0.7619047619047619	enriched_tail			0.75	1.8707201487550995	enriched_tail	415.0	272.0	143.0	0.655421686746988	0.5294117647058824	0.3970588235294118	0.39215686274509803	0.6658940256790026	204.0	143.0	100.0	0.6	20.0	0.08	1.959963984540054	0.01	2.0	10.0	0.02	0.05039586421315212
holdout	weak_tail_program	14002	mirror_reduction_075	reference	0.8116005198687444	0.9722222222222222	0.6190476190476191	enriched_tail			0.75	1.8707201487550995	enriched_tail	415.0	272.0	143.0	0.655421686746988	0.5294117647058824	0.3970588235294118	0.39215686274509803	0.6658940256790026	204.0	143.0	100.0	0.6	20.0	0.08	1.959963984540054	0.01	2.0	10.0	0.02	0.05039586421315212
holdout	weak_tail_program	14002	mirror_reduction_050	target	0.8883243952757279	0.9423076923076924	0.8571428571428571	enriched_tail			0.5	2.331082076907371	enriched_tail	415.0	272.0	143.0	0.655421686746988	0.5294117647058824	0.2647058823529412	0.26380368098159507	0.7346849848231402	163.0	143.0	100.0	0.6	20.0	0.08	1.959963984540054	0.01	2.0	10.0	0.02	0.13452131376659682
holdout	weak_tail_program	14002	mirror_reduction_050	reference	0.8076061898428871	0.9777777777777779	0.7619047619047619	enriched_tail			0.5	2.331082076907371	enriched_tail	415.0	272.0	143.0	0.655421686746988	0.5294117647058824	0.2647058823529412	0.26380368098159507	0.7346849848231402	163.0	143.0	100.0	0.6	20.0	0.08	1.959963984540054	0.01	2.0	10.0	0.02	0.13452131376659682
holdout	weak_tail_program	14002	mirror_reduction_025	target	0.7633983564370703	0.9134615384615385	0.9047619047619048	sign_only			0.25	0.0	sign_only	415.0	272.0	143.0	0.655421686746988	0.5294117647058824	0.1323529411764706	0.5294117647058824		272.0	143.0	100.0	0.6	20.0	0.08	1.959963984540054	0.01	2.0	10.0	0.02	
holdout	weak_tail_program	14002	mirror_reduction_025	reference	0.8180112797594704	0.9722222222222223	0.7142857142857143	sign_only			0.25	0.0	sign_only	415.0	272.0	143.0	0.655421686746988	0.5294117647058824	0.1323529411764706	0.5294117647058824		272.0	143.0	100.0	0.6	20.0	0.08	1.959963984540054	0.01	2.0	10.0	0.02	
holdout	weak_tail_program	14003	rc2_unweighted	target	0.7248700693903244	0.8166666666666667	0.47619047619047616	not_applicable																									
holdout	weak_tail_program	14003	rc2_unweighted	reference	0.3893427725261538	0.7944444444444445	0.7142857142857143	not_applicable																									
holdout	weak_tail_program	14003	rc3_soft	target	0.7690320439556623	0.8666666666666667	0.0	not_applicable	0.840740740740741	0.6050925925925926																							
holdout	weak_tail_program	14003	rc3_soft	reference	0.6025662589830625	0.9222222222222223	0.0	not_applicable	0.840740740740741	0.6050925925925926																							
holdout	weak_tail_program	14003	mirror_reduction_100	target	0.7932738939495791	0.8888888888888888	0.38095238095238093	sign_only			1.0	0.0	sign_only	484.0	330.0	154.0	0.6818181818181818	0.4696969696969697	0.4696969696969697	0.4696969696969697		330.0	154.0	100.0	0.6	20.0	0.08	1.959963984540054	0.01	2.0	10.0	0.02	
holdout	weak_tail_program	14003	mirror_reduction_100	reference	0.6581909535412614	0.9500000000000001	0.7619047619047619	sign_only			1.0	0.0	sign_only	484.0	330.0	154.0	0.6818181818181818	0.4696969696969697	0.4696969696969697	0.4696969696969697		330.0	154.0	100.0	0.6	20.0	0.08	1.959963984540054	0.01	2.0	10.0	0.02	
holdout	weak_tail_program	14003	mirror_reduction_075	target	0.8670265146589262	0.95	0.7619047619047619	enriched_tail			0.75	1.9218955124547212	enriched_tail	484.0	330.0	154.0	0.6818181818181818	0.4696969696969697	0.3522727272727273	0.34767025089605735	0.6975095924941437	279.0	154.0	100.0	0.6	20.0	0.08	1.959963984540054	0.01	2.0	10.0	0.02	0.05104833192482605
holdout	weak_tail_program	14003	mirror_reduction_075	reference	0.6497595713711787	0.9444444444444445	0.7619047619047619	enriched_tail			0.75	1.9218955124547212	enriched_tail	484.0	330.0	154.0	0.6818181818181818	0.4696969696969697	0.3522727272727273	0.34767025089605735	0.6975095924941437	279.0	154.0	100.0	0.6	20.0	0.08	1.959963984540054	0.01	2.0	10.0	0.02	0.05104833192482605
holdout	weak_tail_program	14003	mirror_reduction_050	target	0.8541129993671673	0.9666666666666667	0.7142857142857143	enriched_tail			0.5	2.4501843775666186	enriched_tail	484.0	330.0	154.0	0.6818181818181818	0.4696969696969697	0.23484848484848486	0.23394495412844038	0.7624829572674451	218.0	154.0	100.0	0.6	20.0	0.08	1.959963984540054	0.01	2.0	10.0	0.02	0.08850927226346417
holdout	weak_tail_program	14003	mirror_reduction_050	reference	0.6317649528777297	0.9944444444444445	0.9523809523809523	enriched_tail			0.5	2.4501843775666186	enriched_tail	484.0	330.0	154.0	0.6818181818181818	0.4696969696969697	0.23484848484848486	0.23394495412844038	0.7624829572674451	218.0	154.0	100.0	0.6	20.0	0.08	1.959963984540054	0.01	2.0	10.0	0.02	0.08850927226346417
holdout	weak_tail_program	14003	mirror_reduction_025	target	0.7835927997691974	0.8722222222222222	0.7142857142857143	enriched_tail			0.25	3.2474088846456235	enriched_tail	484.0	330.0	154.0	0.6818181818181818	0.4696969696969697	0.11742424242424243	0.11564625850340136	0.8465031460708753	147.0	154.0	100.0	0.6	20.0	0.08	1.959963984540054	0.01	2.0	10.0	0.02	0.1723836361869595
holdout	weak_tail_program	14003	mirror_reduction_025	reference	0.7881252616757841	0.9888888888888889	0.9047619047619048	enriched_tail			0.25	3.2474088846456235	enriched_tail	484.0	330.0	154.0	0.6818181818181818	0.4696969696969697	0.11742424242424243	0.11564625850340136	0.8465031460708753	147.0	154.0	100.0	0.6	20.0	0.08	1.959963984540054	0.01	2.0	10.0	0.02	0.1723836361869595
holdout	weak_tail_program	14004	rc2_unweighted	target	0.7943864229765012	0.8724489795918368	0.5238095238095238	not_applicable																									
holdout	weak_tail_program	14004	rc2_unweighted	reference	0.6808001470833421	0.7602040816326531	0.6666666666666666	not_applicable																									
holdout	weak_tail_program	14004	rc3_soft	target	0.8548206068998759	0.9183673469387754	0.0	not_applicable	0.7925925925925927	0.5990740740740741																							
holdout	weak_tail_program	14004	rc3_soft	reference	0.6985526054267539	0.7653061224489796	0.0	not_applicable	0.7925925925925927	0.5990740740740741																							
holdout	weak_tail_program	14004	mirror_reduction_100	target	0.8308821259485724	0.9183673469387755	0.42857142857142855	sign_only			1.0	0.0	sign_only	449.0	299.0	150.0	0.6659242761692651	0.5050167224080268	0.5050167224080268	0.5050167224080268		299.0	150.0	100.0	0.6	20.0	0.08	1.959963984540054	0.01	2.0	10.0	0.02	
holdout	weak_tail_program	14004	mirror_reduction_100	reference	0.6927371070826863	0.7448979591836734	0.7142857142857143	sign_only			1.0	0.0	sign_only	449.0	299.0	150.0	0.6659242761692651	0.5050167224080268	0.5050167224080268	0.5050167224080268		299.0	150.0	100.0	0.6	20.0	0.08	1.959963984540054	0.01	2.0	10.0	0.02	
holdout	weak_tail_program	14004	mirror_reduction_075	target	0.8857648911854333	0.9642857142857142	0.6190476190476191	enriched_tail			0.75	1.9494769451195206	enriched_tail	449.0	299.0	150.0	0.6659242761692651	0.5050167224080268	0.3787625418060201	0.37656903765690375	0.6780970814953804	239.0	150.0	100.0	0.6	20.0	0.08	1.959963984540054	0.01	2.0	10.0	0.02	0.02008032128514059
holdout	weak_tail_program	14004	mirror_reduction_075	reference	0.7774494117307783	0.8520408163265306	0.7619047619047619	enriched_tail			0.75	1.9494769451195206	enriched_tail	449.0	299.0	150.0	0.6659242761692651	0.5050167224080268	0.3787625418060201	0.37656903765690375	0.6780970814953804	239.0	150.0	100.0	0.6	20.0	0.08	1.959963984540054	0.01	2.0	10.0	0.02	0.02008032128514059
holdout	weak_tail_program	14004	mirror_reduction_050	target	0.8910370845049858	0.9795918367346939	0.5238095238095238	enriched_tail			0.5	2.2608598616815465	enriched_tail	449.0	299.0	150.0	0.6659242761692651	0.5050167224080268	0.2525083612040134	0.24873096446700507	0.7498500240649055	197.0	150.0	100.0	0.6	20.0	0.08	1.959963984540054	0.01	2.0	10.0	0.02	0.11111111111111116
holdout	weak_tail_program	14004	mirror_reduction_050	reference	0.8416546904916	0.913265306122449	0.8095238095238095	enriched_tail			0.5	2.2608598616815465	enriched_tail	449.0	299.0	150.0	0.6659242761692651	0.5050167224080268	0.2525083612040134	0.24873096446700507	0.7498500240649055	197.0	150.0	100.0	0.6	20.0	0.08	1.959963984540054	0.01	2.0	10.0	0.02	0.11111111111111116
holdout	weak_tail_program	14004	mirror_reduction_025	target	0.8308821259485724	0.9183673469387755	0.42857142857142855	sign_only			0.25	0.0	sign_only	449.0	299.0	150.0	0.6659242761692651	0.5050167224080268	0.1262541806020067	0.5050167224080268		299.0	150.0	100.0	0.6	20.0	0.08	1.959963984540054	0.01	2.0	10.0	0.02	
holdout	weak_tail_program	14004	mirror_reduction_025	reference	0.6927371070826863	0.7448979591836734	0.7142857142857143	sign_only			0.25	0.0	sign_only	449.0	299.0	150.0	0.6659242761692651	0.5050167224080268	0.1262541806020067	0.5050167224080268		299.0	150.0	100.0	0.6	20.0	0.08	1.959963984540054	0.01	2.0	10.0	0.02	
holdout	weak_tail_program	14005	rc2_unweighted	target	0.7349883543801706	0.7611111111111111	0.5714285714285714	not_applicable																									
holdout	weak_tail_program	14005	rc2_unweighted	reference	0.5995731576056513	0.8166666666666667	0.8571428571428571	not_applicable																									
holdout	weak_tail_program	14005	rc3_soft	target	0.8110579827596257	0.7888888888888889	0.0	not_applicable	0.7555555555555555	0.5944444444444444																							
holdout	weak_tail_program	14005	rc3_soft	reference	0.7469802067858252	0.9333333333333333	0.0	not_applicable	0.7555555555555555	0.5944444444444444																							
holdout	weak_tail_program	14005	mirror_reduction_100	target	0.8272956634977392	0.7999999999999999	0.6666666666666666	sign_only			1.0	0.0	sign_only	469.0	330.0	139.0	0.7036247334754797	0.42424242424242425	0.42424242424242425	0.42424242424242425		330.0	139.0	100.0	0.6	20.0	0.08	1.959963984540054	0.01	2.0	10.0	0.02	
holdout	weak_tail_program	14005	mirror_reduction_100	reference	0.7478120899192185	0.9444444444444445	1.0	sign_only			1.0	0.0	sign_only	469.0	330.0	139.0	0.7036247334754797	0.42424242424242425	0.42424242424242425	0.42424242424242425		330.0	139.0	100.0	0.6	20.0	0.08	1.959963984540054	0.01	2.0	10.0	0.02	
holdout	weak_tail_program	14005	mirror_reduction_075	target	0.8705160702564377	0.85	0.6190476190476191	enriched_tail			0.75	2.093554430192367	enriched_tail	469.0	330.0	139.0	0.7036247334754797	0.42424242424242425	0.3181818181818182	0.31092436974789917	0.7151091800414255	238.0	139.0	100.0	0.6	20.0	0.08	1.959963984540054	0.01	2.0	10.0	0.02	0.061408419167039874
holdout	weak_tail_program	14005	mirror_reduction_075	reference	0.7698785898670207	0.9500000000000001	0.9523809523809523	enriched_tail			0.75	2.093554430192367	enriched_tail	469.0	330.0	139.0	0.7036247334754797	0.42424242424242425	0.3181818181818182	0.31092436974789917	0.7151091800414255	238.0	139.0	100.0	0.6	20.0	0.08	1.959963984540054	0.01	2.0	10.0	0.02	0.061408419167039874
holdout	weak_tail_program	14005	mirror_reduction_050	target	0.8816287631959703	0.85	0.6190476190476191	enriched_tail			0.5	2.437819613592585	enriched_tail	469.0	330.0	139.0	0.7036247334754797	0.42424242424242425	0.21212121212121213	0.21182266009852216	0.7763985610854641	203.0	139.0	100.0	0.6	20.0	0.08	1.959963984540054	0.01	2.0	10.0	0.02	0.11848101265822786
holdout	weak_tail_program	14005	mirror_reduction_050	reference	0.7714337468390462	0.9833333333333334	0.9047619047619048	enriched_tail			0.5	2.437819613592585	enriched_tail	469.0	330.0	139.0	0.7036247334754797	0.42424242424242425	0.21212121212121213	0.21182266009852216	0.7763985610854641	203.0	139.0	100.0	0.6	20.0	0.08	1.959963984540054	0.01	2.0	10.0	0.02	0.11848101265822786
holdout	weak_tail_program	14005	mirror_reduction_025	target	0.8272956634977392	0.7999999999999999	0.6666666666666666	sign_only			0.25	0.0	sign_only	469.0	330.0	139.0	0.7036247334754797	0.42424242424242425	0.10606060606060606	0.42424242424242425		330.0	139.0	100.0	0.6	20.0	0.08	1.959963984540054	0.01	2.0	10.0	0.02	
holdout	weak_tail_program	14005	mirror_reduction_025	reference	0.7478120899192185	0.9444444444444445	1.0	sign_only			0.25	0.0	sign_only	469.0	330.0	139.0	0.7036247334754797	0.42424242424242425	0.10606060606060606	0.42424242424242425		330.0	139.0	100.0	0.6	20.0	0.08	1.959963984540054	0.01	2.0	10.0	0.02	
holdout	weak_tail_program	14006	rc2_unweighted	target	0.6307255131056143	0.7916666666666665	0.6190476190476191	not_applicable																									
holdout	weak_tail_program	14006	rc2_unweighted	reference	0.6179154405702991	0.8388888888888889	0.38095238095238093	not_applicable																									
holdout	weak_tail_program	14006	rc3_soft	target	0.4890272780414573	0.7592592592592593	0.0	not_applicable	0.7666666666666666	0.5958333333333333																							
holdout	weak_tail_program	14006	rc3_soft	reference	0.6694872869969345	0.8444444444444444	0.0	not_applicable	0.7666666666666666	0.5958333333333333																							
holdout	weak_tail_program	14006	mirror_reduction_100	target	0.4713905522288756	0.75	0.8571428571428571	sign_only			1.0	0.0	sign_only	447.0	301.0	146.0	0.6733780760626398	0.4883720930232558	0.4883720930232558	0.4883720930232558		301.0	146.0	100.0	0.6	20.0	0.08	1.959963984540054	0.01	2.0	10.0	0.02	
holdout	weak_tail_program	14006	mirror_reduction_100	reference	0.6668899581569514	0.8333333333333334	0.7142857142857143	sign_only			1.0	0.0	sign_only	447.0	301.0	146.0	0.6733780760626398	0.4883720930232558	0.4883720930232558	0.4883720930232558		301.0	146.0	100.0	0.6	20.0	0.08	1.959963984540054	0.01	2.0	10.0	0.02	
holdout	weak_tail_program	14006	mirror_reduction_075	target	0.46513389576488384	0.8101851851851851	0.8095238095238095	enriched_tail			0.75	1.7991120253610249	enriched_tail	447.0	301.0	146.0	0.6733780760626398	0.4883720930232558	0.36627906976744184	0.3643724696356275	0.6854708605657112	247.0	146.0	100.0	0.6	20.0	0.08	1.959963984540054	0.01	2.0	10.0	0.02	0.04719101123595515
holdout	weak_tail_program	14006	mirror_reduction_075	reference	0.7335762380818018	0.9111111111111112	0.42857142857142855	enriched_tail			0.75	1.7991120253610249	enriched_tail	447.0	301.0	146.0	0.6733780760626398	0.4883720930232558	0.36627906976744184	0.3643724696356275	0.6854708605657112	247.0	146.0	100.0	0.6	20.0	0.08	1.959963984540054	0.01	2.0	10.0	0.02	0.04719101123595515
holdout	weak_tail_program	14006	mirror_reduction_050	target	0.4954941493904643	0.8518518518518517	0.9523809523809523	enriched_tail			0.5	2.27854283062091	enriched_tail	447.0	301.0	146.0	0.6733780760626398	0.4883720930232558	0.2441860465116279	0.24401913875598086	0.7545377699653334	209.0	146.0	100.0	0.6	20.0	0.08	1.959963984540054	0.01	2.0	10.0	0.02	0.11884057971014494
holdout	weak_tail_program	14006	mirror_reduction_050	reference	0.7922115767408404	0.938888888888889	0.7142857142857143	enriched_tail			0.5	2.27854283062091	enriched_tail	447.0	301.0	146.0	0.6733780760626398	0.4883720930232558	0.2441860465116279	0.24401913875598086	0.7545377699653334	209.0	146.0	100.0	0.6	20.0	0.08	1.959963984540054	0.01	2.0	10.0	0.02	0.11884057971014494
holdout	weak_tail_program	14006	mirror_reduction_025	target	0.6584160435945785	0.8287037037037037	1.0	enriched_tail			0.25	3.8072518625118357	enriched_tail	447.0	301.0	146.0	0.6733780760626398	0.4883720930232558	0.12209302325581395	0.11475409836065574	0.8180724780033378	61.0	146.0	100.0	0.6	20.0	0.08	1.959963984540054	0.01	2.0	10.0	0.02	0.17179487179487185
holdout	weak_tail_program	14006	mirror_reduction_025	reference	0.6994654153990771	0.9166666666666666	1.0	enriched_tail			0.25	3.8072518625118357	enriched_tail	447.0	301.0	146.0	0.6733780760626398	0.4883720930232558	0.12209302325581395	0.11475409836065574	0.8180724780033378	61.0	146.0	100.0	0.6	20.0	0.08	1.959963984540054	0.01	2.0	10.0	0.02	0.17179487179487185
holdout	weak_tail_program	14007	rc2_unweighted	target	0.8534962060021982	0.8833333333333333	0.6190476190476191	not_applicable																									
holdout	weak_tail_program	14007	rc2_unweighted	reference	0.811580023794981	0.9333333333333333	0.5714285714285714	not_applicable																									
holdout	weak_tail_program	14007	rc3_soft	target	0.8777965271028636	0.8888888888888888	0.0	not_applicable	0.7999999999999998	0.6																							
holdout	weak_tail_program	14007	rc3_soft	reference	0.8588252172614818	0.9555555555555556	0.09523809523809523	not_applicable	0.7999999999999998	0.6																							
holdout	weak_tail_program	14007	mirror_reduction_100	target	0.8579899628543549	0.8833333333333333	0.5714285714285714	sign_only			1.0	0.0	sign_only	466.0	307.0	159.0	0.6587982832618026	0.5211726384364821	0.5211726384364821	0.5211726384364821		307.0	159.0	100.0	0.6	20.0	0.08	1.959963984540054	0.01	2.0	10.0	0.02	
holdout	weak_tail_program	14007	mirror_reduction_100	reference	0.8568159390282778	0.9611111111111111	0.5238095238095238	sign_only			1.0	0.0	sign_only	466.0	307.0	159.0	0.6587982832618026	0.5211726384364821	0.5211726384364821	0.5211726384364821		307.0	159.0	100.0	0.6	20.0	0.08	1.959963984540054	0.01	2.0	10.0	0.02	
holdout	weak_tail_program	14007	mirror_reduction_075	target	0.8781621034276432	0.888888888888889	0.7142857142857143	enriched_tail			0.75	1.9523088074841446	enriched_tail	466.0	307.0	159.0	0.6587982832618026	0.5211726384364821	0.39087947882736157	0.3872340425531915	0.6720363369814271	235.0	159.0	100.0	0.6	20.0	0.08	1.959963984540054	0.01	2.0	10.0	0.02	0.0629333183022377
holdout	weak_tail_program	14007	mirror_reduction_075	reference	0.8265589764123591	0.9555555555555555	0.7142857142857143	enriched_tail			0.75	1.9523088074841446	enriched_tail	466.0	307.0	159.0	0.6587982832618026	0.5211726384364821	0.39087947882736157	0.3872340425531915	0.6720363369814271	235.0	159.0	100.0	0.6	20.0	0.08	1.959963984540054	0.01	2.0	10.0	0.02	0.0629333183022377
holdout	weak_tail_program	14007	mirror_reduction_050	target	0.9081015136033568	0.8944444444444444	0.6666666666666666	enriched_tail			0.5	2.3786419113311426	enriched_tail	466.0	307.0	159.0	0.6587982832618026	0.5211726384364821	0.26058631921824105	0.2512820512820513	0.7478720987961102	195.0	159.0	100.0	0.6	20.0	0.08	1.959963984540054	0.01	2.0	10.0	0.02	0.1302592765098587
holdout	weak_tail_program	14007	mirror_reduction_050	reference	0.8827986420517291	0.9611111111111111	0.9047619047619048	enriched_tail			0.5	2.3786419113311426	enriched_tail	466.0	307.0	159.0	0.6587982832618026	0.5211726384364821	0.26058631921824105	0.2512820512820513	0.7478720987961102	195.0	159.0	100.0	0.6	20.0	0.08	1.959963984540054	0.01	2.0	10.0	0.02	0.1302592765098587
holdout	weak_tail_program	14007	mirror_reduction_025	target	0.8579899628543549	0.8833333333333333	0.5714285714285714	sign_only			0.25	0.0	sign_only	466.0	307.0	159.0	0.6587982832618026	0.5211726384364821	0.13029315960912052	0.5211726384364821		307.0	159.0	100.0	0.6	20.0	0.08	1.959963984540054	0.01	2.0	10.0	0.02	
holdout	weak_tail_program	14007	mirror_reduction_025	reference	0.8568159390282778	0.9611111111111111	0.5238095238095238	sign_only			0.25	0.0	sign_only	466.0	307.0	159.0	0.6587982832618026	0.5211726384364821	0.13029315960912052	0.5211726384364821		307.0	159.0	100.0	0.6	20.0	0.08	1.959963984540054	0.01	2.0	10.0	0.02	
holdout	weak_tail_program	14008	rc2_unweighted	target	0.7037173363304992	0.9055555555555557	0.7142857142857143	not_applicable																									
holdout	weak_tail_program	14008	rc2_unweighted	reference	0.7422051713147195	0.8277777777777777	0.6666666666666666	not_applicable																									
holdout	weak_tail_program	14008	rc3_soft	target	0.8548561058621266	0.9555555555555556	0.0	not_applicable	0.7925925925925927	0.5990740740740741																							
holdout	weak_tail_program	14008	rc3_soft	reference	0.821089644725842	0.888888888888889	0.0	not_applicable	0.7925925925925927	0.5990740740740741																							
holdout	weak_tail_program	14008	mirror_reduction_100	target	0.8613155752799383	0.9666666666666668	0.7142857142857143	sign_only			1.0	0.0	sign_only	444.0	281.0	163.0	0.6328828828828829	0.5836298932384342	0.5836298932384342	0.5836298932384342		281.0	163.0	100.0	0.6	20.0	0.08	1.959963984540054	0.01	2.0	10.0	0.02	
holdout	weak_tail_program	14008	mirror_reduction_100	reference	0.7946278048528455	0.888888888888889	0.6190476190476191	sign_only			1.0	0.0	sign_only	444.0	281.0	163.0	0.6328828828828829	0.5836298932384342	0.5836298932384342	0.5836298932384342		281.0	163.0	100.0	0.6	20.0	0.08	1.959963984540054	0.01	2.0	10.0	0.02	
holdout	weak_tail_program	14008	mirror_reduction_075	target	0.8964715058260677	0.9777777777777779	0.7619047619047619	enriched_tail			0.75	1.9107528628890162	enriched_tail	444.0	281.0	163.0	0.6328828828828829	0.5836298932384342	0.43772241992882566	0.43636363636363634	0.6455895453852851	220.0	163.0	100.0	0.6	20.0	0.08	1.959963984540054	0.01	2.0	10.0	0.02	0.053872889771598875
holdout	weak_tail_program	14008	mirror_reduction_075	reference	0.8582729070533948	0.9388888888888889	0.6666666666666666	enriched_tail			0.75	1.9107528628890162	enriched_tail	444.0	281.0	163.0	0.6328828828828829	0.5836298932384342	0.43772241992882566	0.43636363636363634	0.6455895453852851	220.0	163.0	100.0	0.6	20.0	0.08	1.959963984540054	0.01	2.0	10.0	0.02	0.053872889771598875
holdout	weak_tail_program	14008	mirror_reduction_050	target	0.9003192937810186	0.9888888888888889	0.6666666666666666	enriched_tail			0.5	2.626376121485724	enriched_tail	444.0	281.0	163.0	0.6328828828828829	0.5836298932384342	0.2918149466192171	0.2802547770700637	0.7229769265100339	157.0	163.0	100.0	0.6	20.0	0.08	1.959963984540054	0.01	2.0	10.0	0.02	0.1361561866125761
holdout	weak_tail_program	14008	mirror_reduction_050	reference	0.8036892389458526	0.9611111111111111	0.7619047619047619	enriched_tail			0.5	2.626376121485724	enriched_tail	444.0	281.0	163.0	0.6328828828828829	0.5836298932384342	0.2918149466192171	0.2802547770700637	0.7229769265100339	157.0	163.0	100.0	0.6	20.0	0.08	1.959963984540054	0.01	2.0	10.0	0.02	0.1361561866125761
holdout	weak_tail_program	14008	mirror_reduction_025	target	0.8613155752799383	0.9666666666666668	0.7142857142857143	sign_only			0.25	0.0	sign_only	444.0	281.0	163.0	0.6328828828828829	0.5836298932384342	0.14590747330960854	0.5836298932384342		281.0	163.0	100.0	0.6	20.0	0.08	1.959963984540054	0.01	2.0	10.0	0.02	
holdout	weak_tail_program	14008	mirror_reduction_025	reference	0.7946278048528455	0.888888888888889	0.6190476190476191	sign_only			0.25	0.0	sign_only	444.0	281.0	163.0	0.6328828828828829	0.5836298932384342	0.14590747330960854	0.5836298932384342		281.0	163.0	100.0	0.6	20.0	0.08	1.959963984540054	0.01	2.0	10.0	0.02	
holdout	weak_tail_program	14009	rc2_unweighted	target	0.8943185401259405	0.9444444444444445	0.6666666666666666	not_applicable																									
holdout	weak_tail_program	14009	rc2_unweighted	reference	0.5889026428105846	0.8111111111111111	0.6666666666666666	not_applicable																									
holdout	weak_tail_program	14009	rc3_soft	target	0.9544871529298995	0.9666666666666668	0.0	not_applicable	0.7777777777777777	0.5972222222222222																							
holdout	weak_tail_program	14009	rc3_soft	reference	0.7349975425630548	0.9111111111111111	0.0	not_applicable	0.7777777777777777	0.5972222222222222																							
holdout	weak_tail_program	14009	mirror_reduction_100	target	0.9604302730784471	0.9722222222222223	0.8571428571428571	sign_only			1.0	0.0	sign_only	457.0	292.0	165.0	0.6389496717724289	0.5684931506849316	0.5684931506849316	0.5684931506849316		292.0	165.0	100.0	0.6	20.0	0.08	1.959963984540054	0.01	2.0	10.0	0.02	
holdout	weak_tail_program	14009	mirror_reduction_100	reference	0.7465003328798145	0.9222222222222223	0.7142857142857143	sign_only			1.0	0.0	sign_only	457.0	292.0	165.0	0.6389496717724289	0.5684931506849316	0.5684931506849316	0.5684931506849316		292.0	165.0	100.0	0.6	20.0	0.08	1.959963984540054	0.01	2.0	10.0	0.02	
holdout	weak_tail_program	14009	mirror_reduction_075	target	0.9251241490163005	0.9944444444444445	0.7142857142857143	enriched_tail			0.75	1.873019912586956	enriched_tail	457.0	292.0	165.0	0.6389496717724289	0.5684931506849316	0.42636986301369867	0.42276422764227645	0.6549979817074109	246.0	165.0	100.0	0.6	20.0	0.08	1.959963984540054	0.01	2.0	10.0	0.02	0.05264996506637398
holdout	weak_tail_program	14009	mirror_reduction_075	reference	0.7382767598880757	0.9444444444444444	0.8571428571428571	enriched_tail			0.75	1.873019912586956	enriched_tail	457.0	292.0	165.0	0.6389496717724289	0.5684931506849316	0.42636986301369867	0.42276422764227645	0.6549979817074109	246.0	165.0	100.0	0.6	20.0	0.08	1.959963984540054	0.01	2.0	10.0	0.02	0.05264996506637398
holdout	weak_tail_program	14009	mirror_reduction_050	target	0.9226168633645203	0.9888888888888889	0.7142857142857143	enriched_tail			0.5	2.225384139832688	enriched_tail	457.0	292.0	165.0	0.6389496717724289	0.5684931506849316	0.2842465753424658	0.2753623188405797	0.7336475155055284	207.0	165.0	100.0	0.6	20.0	0.08	1.959963984540054	0.01	2.0	10.0	0.02	0.1279630241003632
holdout	weak_tail_program	14009	mirror_reduction_050	reference	0.7737773524673991	0.9166666666666667	0.8571428571428571	enriched_tail			0.5	2.225384139832688	enriched_tail	457.0	292.0	165.0	0.6389496717724289	0.5684931506849316	0.2842465753424658	0.2753623188405797	0.7336475155055284	207.0	165.0	100.0	0.6	20.0	0.08	1.959963984540054	0.01	2.0	10.0	0.02	0.1279630241003632
holdout	weak_tail_program	14009	mirror_reduction_025	target	0.9474250394288009	0.9944444444444445	0.6190476190476191	enriched_tail			0.25	2.7102504856293876	enriched_tail	457.0	292.0	165.0	0.6389496717724289	0.5684931506849316	0.1421232876712329	0.1404494382022472	0.8293031150560173	178.0	165.0	100.0	0.6	20.0	0.08	1.959963984540054	0.01	2.0	10.0	0.02	0.2133476394849786
holdout	weak_tail_program	14009	mirror_reduction_025	reference	0.8656581391815594	0.9277777777777778	0.8571428571428571	enriched_tail			0.25	2.7102504856293876	enriched_tail	457.0	292.0	165.0	0.6389496717724289	0.5684931506849316	0.1421232876712329	0.1404494382022472	0.8293031150560173	178.0	165.0	100.0	0.6	20.0	0.08	1.959963984540054	0.01	2.0	10.0	0.02	0.2133476394849786
holdout	weak_tail_program	14010	rc2_unweighted	target	0.6417626810129469	0.7142857142857143	0.47619047619047616	not_applicable																									
holdout	weak_tail_program	14010	rc2_unweighted	reference	0.8368637721211959	0.9111111111111111	0.5714285714285714	not_applicable																									
holdout	weak_tail_program	14010	rc3_soft	target	0.7030903603553772	0.7755102040816326	0.0	not_applicable	0.6296296296296298	0.5787037037037037																							
holdout	weak_tail_program	14010	rc3_soft	reference	0.7972880352164113	0.9111111111111112	0.0	not_applicable	0.6296296296296298	0.5787037037037037																							
holdout	weak_tail_program	14010	mirror_reduction_100	target	0.6895711680905603	0.7908163265306123	0.7142857142857143	sign_only			1.0	0.0	sign_only	477.0	307.0	170.0	0.6436058700209644	0.5570032573289903	0.5570032573289903	0.5570032573289903		307.0	170.0	100.0	0.6	20.0	0.08	1.959963984540054	0.01	2.0	10.0	0.02	
holdout	weak_tail_program	14010	mirror_reduction_100	reference	0.7836917552019904	0.9111111111111111	0.6666666666666666	sign_only			1.0	0.0	sign_only	477.0	307.0	170.0	0.6436058700209644	0.5570032573289903	0.5570032573289903	0.5570032573289903		307.0	170.0	100.0	0.6	20.0	0.08	1.959963984540054	0.01	2.0	10.0	0.02	
holdout	weak_tail_program	14010	mirror_reduction_075	target	0.7296157546510496	0.826530612244898	0.6190476190476191	enriched_tail			0.75	1.8422594405260901	enriched_tail	477.0	307.0	170.0	0.6436058700209644	0.5570032573289903	0.4177524429967427	0.4163424124513619	0.6592312421154607	257.0	170.0	100.0	0.6	20.0	0.08	1.959963984540054	0.01	2.0	10.0	0.02	0.06304347826086953
holdout	weak_tail_program	14010	mirror_reduction_075	reference	0.7654281711729373	0.9111111111111111	0.8095238095238095	enriched_tail			0.75	1.8422594405260901	enriched_tail	477.0	307.0	170.0	0.6436058700209644	0.5570032573289903	0.4177524429967427	0.4163424124513619	0.6592312421154607	257.0	170.0	100.0	0.6	20.0	0.08	1.959963984540054	0.01	2.0	10.0	0.02	0.06304347826086953
holdout	weak_tail_program	14010	mirror_reduction_050	target	0.8429160055732805	0.913265306122449	0.7619047619047619	enriched_tail			0.5	2.5153137422604583	enriched_tail	477.0	307.0	170.0	0.6436058700209644	0.5570032573289903	0.2785016286644951	0.2765957446808511	0.730348840820412	188.0	170.0	100.0	0.6	20.0	0.08	1.959963984540054	0.01	2.0	10.0	0.02	0.13636991028295375
holdout	weak_tail_program	14010	mirror_reduction_050	reference	0.8300112461567359	0.9444444444444444	0.8095238095238095	enriched_tail			0.5	2.5153137422604583	enriched_tail	477.0	307.0	170.0	0.6436058700209644	0.5570032573289903	0.2785016286644951	0.2765957446808511	0.730348840820412	188.0	170.0	100.0	0.6	20.0	0.08	1.959963984540054	0.01	2.0	10.0	0.02	0.13636991028295375
holdout	weak_tail_program	14010	mirror_reduction_025	target	0.6895711680905603	0.7908163265306123	0.7142857142857143	sign_only			0.25	0.0	sign_only	477.0	307.0	170.0	0.6436058700209644	0.5570032573289903	0.13925081433224756	0.5570032573289903		307.0	170.0	100.0	0.6	20.0	0.08	1.959963984540054	0.01	2.0	10.0	0.02	
holdout	weak_tail_program	14010	mirror_reduction_025	reference	0.7836917552019904	0.9111111111111111	0.6666666666666666	sign_only			0.25	0.0	sign_only	477.0	307.0	170.0	0.6436058700209644	0.5570032573289903	0.13925081433224756	0.5570032573289903		307.0	170.0	100.0	0.6	20.0	0.08	1.959963984540054	0.01	2.0	10.0	0.02	
holdout	weak_tail_program	14011	rc2_unweighted	target	0.7128892980326292	0.7611111111111111	0.5714285714285714	not_applicable																									
holdout	weak_tail_program	14011	rc2_unweighted	reference	0.7177462737828356	0.8622448979591838	0.5714285714285714	not_applicable																									
holdout	weak_tail_program	14011	rc3_soft	target	0.8699617238557258	0.8777777777777778	0.0	not_applicable	0.7777777777777777	0.5972222222222222																							
holdout	weak_tail_program	14011	rc3_soft	reference	0.8078908358516319	0.9081632653061225	0.0	not_applicable	0.7777777777777777	0.5972222222222222																							
holdout	weak_tail_program	14011	mirror_reduction_100	target	0.8714541487620837	0.8888888888888888	0.5714285714285714	sign_only			1.0	0.0	sign_only	424.0	274.0	150.0	0.6462264150943396	0.551094890510949	0.551094890510949	0.551094890510949		274.0	150.0	100.0	0.6	20.0	0.08	1.959963984540054	0.01	2.0	10.0	0.02	
holdout	weak_tail_program	14011	mirror_reduction_100	reference	0.7618362449805556	0.9081632653061225	0.7619047619047619	sign_only			1.0	0.0	sign_only	424.0	274.0	150.0	0.6462264150943396	0.551094890510949	0.551094890510949	0.551094890510949		274.0	150.0	100.0	0.6	20.0	0.08	1.959963984540054	0.01	2.0	10.0	0.02	
holdout	weak_tail_program	14011	mirror_reduction_075	target	0.863448894457665	0.8944444444444444	0.7142857142857143	enriched_tail			0.75	1.831554108895553	enriched_tail	424.0	274.0	150.0	0.6462264150943396	0.551094890510949	0.4133211678832117	0.41025641025641024	0.660061212223509	234.0	150.0	100.0	0.6	20.0	0.08	1.959963984540054	0.01	2.0	10.0	0.02	0.049655172413793136
holdout	weak_tail_program	14011	mirror_reduction_075	reference	0.8584063420311699	0.9489795918367346	0.7142857142857143	enriched_tail			0.75	1.831554108895553	enriched_tail	424.0	274.0	150.0	0.6462264150943396	0.551094890510949	0.4133211678832117	0.41025641025641024	0.660061212223509	234.0	150.0	100.0	0.6	20.0	0.08	1.959963984540054	0.01	2.0	10.0	0.02	0.049655172413793136
holdout	weak_tail_program	14011	mirror_reduction_050	target	0.9077809369429924	0.9277777777777778	0.7142857142857143	enriched_tail			0.5	2.3720345528984645	enriched_tail	424.0	274.0	150.0	0.6462264150943396	0.551094890510949	0.2755474452554745	0.2737430167597765	0.730850163611856	179.0	150.0	100.0	0.6	20.0	0.08	1.959963984540054	0.01	2.0	10.0	0.02	0.13051745212549226
holdout	weak_tail_program	14011	mirror_reduction_050	reference	0.7861340141302491	0.9285714285714286	1.0	enriched_tail			0.5	2.3720345528984645	enriched_tail	424.0	274.0	150.0	0.6462264150943396	0.551094890510949	0.2755474452554745	0.2737430167597765	0.730850163611856	179.0	150.0	100.0	0.6	20.0	0.08	1.959963984540054	0.01	2.0	10.0	0.02	0.13051745212549226
holdout	weak_tail_program	14011	mirror_reduction_025	target	0.5412095629628572	0.8666666666666668	1.0	enriched_tail			0.25	3.9320298193318672	enriched_tail	424.0	274.0	150.0	0.6462264150943396	0.551094890510949	0.13777372262773724	0.13513513513513514	0.7745231869447662	37.0	150.0	100.0	0.6	20.0	0.08	1.959963984540054	0.01	2.0	10.0	0.02	0.2217336683417085
holdout	weak_tail_program	14011	mirror_reduction_025	reference	0.7466426428491139	0.9285714285714286	0.9523809523809523	enriched_tail			0.25	3.9320298193318672	enriched_tail	424.0	274.0	150.0	0.6462264150943396	0.551094890510949	0.13777372262773724	0.13513513513513514	0.7745231869447662	37.0	150.0	100.0	0.6	20.0	0.08	1.959963984540054	0.01	2.0	10.0	0.02	0.2217336683417085
holdout	weak_tail_program	14012	rc2_unweighted	target	0.15964419821241016		0.8571428571428571	not_applicable																									
holdout	weak_tail_program	14012	rc2_unweighted	reference	0.8202543803113138	0.9326923076923077	0.2857142857142857	not_applicable																									
holdout	weak_tail_program	14012	rc3_soft	target	0.27110400183908995		0.0	not_applicable	0.5370370370370372	0.5671296296296297																							
holdout	weak_tail_program	14012	rc3_soft	reference	0.8445038858328677	0.9423076923076923	0.0	not_applicable	0.5370370370370372	0.5671296296296297																							
holdout	weak_tail_program	14012	mirror_reduction_100	target	0.45306309842346854		1.0	sign_only			1.0	0.0	sign_only	483.0	320.0	163.0	0.6625258799171843	0.5125	0.5125	0.5125		320.0	163.0	100.0	0.6	20.0	0.08	1.959963984540054	0.01	2.0	10.0	0.02	
holdout	weak_tail_program	14012	mirror_reduction_100	reference	0.8674805098498913	0.9615384615384616	0.47619047619047616	sign_only			1.0	0.0	sign_only	483.0	320.0	163.0	0.6625258799171843	0.5125	0.5125	0.5125		320.0	163.0	100.0	0.6	20.0	0.08	1.959963984540054	0.01	2.0	10.0	0.02	
holdout	weak_tail_program	14012	mirror_reduction_075	target	0.4723972165666474		0.9523809523809523	enriched_tail			0.75	1.8468057230424924	enriched_tail	483.0	320.0	163.0	0.6625258799171843	0.5125	0.38437499999999997	0.38022813688212925	0.6784028706081047	263.0	163.0	100.0	0.6	20.0	0.08	1.959963984540054	0.01	2.0	10.0	0.02	0.04729089499526229
holdout	weak_tail_program	14012	mirror_reduction_075	reference	0.8976571200852544	0.9663461538461537	0.5714285714285714	enriched_tail			0.75	1.8468057230424924	enriched_tail	483.0	320.0	163.0	0.6625258799171843	0.5125	0.38437499999999997	0.38022813688212925	0.6784028706081047	263.0	163.0	100.0	0.6	20.0	0.08	1.959963984540054	0.01	2.0	10.0	0.02	0.04729089499526229
holdout	weak_tail_program	14012	mirror_reduction_050	target	0.514307779038518		0.9047619047619048	enriched_tail			0.5	2.2937268491702807	enriched_tail	483.0	320.0	163.0	0.6625258799171843	0.5125	0.25625	0.2558139534883721	0.7473279598858542	215.0	163.0	100.0	0.6	20.0	0.08	1.959963984540054	0.01	2.0	10.0	0.02	0.11934118513065872
holdout	weak_tail_program	14012	mirror_reduction_050	reference	0.8952695968761822	0.9134615384615385	0.6190476190476191	enriched_tail			0.5	2.2937268491702807	enriched_tail	483.0	320.0	163.0	0.6625258799171843	0.5125	0.25625	0.2558139534883721	0.7473279598858542	215.0	163.0	100.0	0.6	20.0	0.08	1.959963984540054	0.01	2.0	10.0	0.02	0.11934118513065872
holdout	weak_tail_program	14012	mirror_reduction_025	target	0.8356135470419326		0.9047619047619048	enriched_tail			0.25	3.33974581620496	enriched_tail	483.0	320.0	163.0	0.6625258799171843	0.5125	0.128125	0.12408759124087591	0.8368801609855367	137.0	163.0	100.0	0.6	20.0	0.08	1.959963984540054	0.01	2.0	10.0	0.02	0.22132253711201078
holdout	weak_tail_program	14012	mirror_reduction_025	reference	0.8819087495574429	0.8798076923076923	0.5714285714285714	enriched_tail			0.25	3.33974581620496	enriched_tail	483.0	320.0	163.0	0.6625258799171843	0.5125	0.128125	0.12408759124087591	0.8368801609855367	137.0	163.0	100.0	0.6	20.0	0.08	1.959963984540054	0.01	2.0	10.0	0.02	0.22132253711201078
holdout	weak_tail_program	14013	rc2_unweighted	target	0.906479666934633	0.9	0.5714285714285714	not_applicable																									
holdout	weak_tail_program	14013	rc2_unweighted	reference	0.43963254593175854	0.5944444444444444	0.7619047619047619	not_applicable																									
holdout	weak_tail_program	14013	rc3_soft	target	0.9477936014297292	0.9111111111111112	0.0	not_applicable	0.8518518518518521	0.6064814814814815																							
holdout	weak_tail_program	14013	rc3_soft	reference	0.6755966787050754	0.7333333333333334	0.0	not_applicable	0.8518518518518521	0.6064814814814815																							
holdout	weak_tail_program	14013	mirror_reduction_100	target	0.9649902174826305	0.9333333333333333	0.5238095238095238	sign_only			1.0	0.0	sign_only	441.0	291.0	150.0	0.6598639455782312	0.5189003436426117	0.5189003436426117	0.5189003436426117		291.0	150.0	100.0	0.6	20.0	0.08	1.959963984540054	0.01	2.0	10.0	0.02	
holdout	weak_tail_program	14013	mirror_reduction_100	reference	0.7275588031463822	0.7666666666666666	0.7619047619047619	sign_only			1.0	0.0	sign_only	441.0	291.0	150.0	0.6598639455782312	0.5189003436426117	0.5189003436426117	0.5189003436426117		291.0	150.0	100.0	0.6	20.0	0.08	1.959963984540054	0.01	2.0	10.0	0.02	
holdout	weak_tail_program	14013	mirror_reduction_075	target	0.9692119123090096	0.9388888888888889	0.5714285714285714	enriched_tail			0.75	1.7955859439188333	enriched_tail	441.0	291.0	150.0	0.6598639455782312	0.5189003436426117	0.3891752577319588	0.3861003861003861	0.6749438199015975	259.0	150.0	100.0	0.6	20.0	0.08	1.959963984540054	0.01	2.0	10.0	0.02	0.054301996942037745
holdout	weak_tail_program	14013	mirror_reduction_075	reference	0.6613014907953402	0.7555555555555555	0.9523809523809523	enriched_tail			0.75	1.7955859439188333	enriched_tail	441.0	291.0	150.0	0.6598639455782312	0.5189003436426117	0.3891752577319588	0.3861003861003861	0.6749438199015975	259.0	150.0	100.0	0.6	20.0	0.08	1.959963984540054	0.01	2.0	10.0	0.02	0.054301996942037745
holdout	weak_tail_program	14013	mirror_reduction_050	target	0.946504442807478	0.9277777777777778	0.47619047619047616	enriched_tail			0.5	2.160139045440663	enriched_tail	441.0	291.0	150.0	0.6598639455782312	0.5189003436426117	0.25945017182130586	0.25821596244131456	0.7455063825557094	213.0	150.0	100.0	0.6	20.0	0.08	1.959963984540054	0.01	2.0	10.0	0.02	0.12443766679374768
holdout	weak_tail_program	14013	mirror_reduction_050	reference	0.6210952338371046	0.7722222222222223	0.8571428571428571	enriched_tail			0.5	2.160139045440663	enriched_tail	441.0	291.0	150.0	0.6598639455782312	0.5189003436426117	0.25945017182130586	0.25821596244131456	0.7455063825557094	213.0	150.0	100.0	0.6	20.0	0.08	1.959963984540054	0.01	2.0	10.0	0.02	0.12443766679374768
holdout	weak_tail_program	14013	mirror_reduction_025	target	0.942108525312176	0.95	0.6190476190476191	enriched_tail			0.25	2.753690465836825	enriched_tail	441.0	291.0	150.0	0.6598639455782312	0.5189003436426117	0.12972508591065293	0.12432432432432433	0.8443320685064027	185.0	150.0	100.0	0.6	20.0	0.08	1.959963984540054	0.01	2.0	10.0	0.02	0.2058978662191321
holdout	weak_tail_program	14013	mirror_reduction_025	reference	0.742717411945174	0.8444444444444444	0.8571428571428571	enriched_tail			0.25	2.753690465836825	enriched_tail	441.0	291.0	150.0	0.6598639455782312	0.5189003436426117	0.12972508591065293	0.12432432432432433	0.8443320685064027	185.0	150.0	100.0	0.6	20.0	0.08	1.959963984540054	0.01	2.0	10.0	0.02	0.2058978662191321
holdout	weak_tail_program	14014	rc2_unweighted	target	0.7529374972172371	0.9388888888888889	0.42857142857142855	not_applicable																									
holdout	weak_tail_program	14014	rc2_unweighted	reference	0.5870077666839761	0.8214285714285714	0.7619047619047619	not_applicable																									
holdout	weak_tail_program	14014	rc3_soft	target	0.8101630362622133	0.9555555555555556	0.0	not_applicable	0.7851851851851848	0.5981481481481481																							
holdout	weak_tail_program	14014	rc3_soft	reference	0.623151100132366	0.846938775510204	0.0	not_applicable	0.7851851851851848	0.5981481481481481																							
holdout	weak_tail_program	14014	mirror_reduction_100	target	0.8327344449602325	0.9555555555555556	0.7142857142857143	sign_only			1.0	0.0	sign_only	489.0	319.0	170.0	0.6523517382413088	0.5360501567398119	0.5360501567398119	0.5360501567398119		319.0	170.0	100.0	0.6	20.0	0.08	1.959963984540054	0.01	2.0	10.0	0.02	
holdout	weak_tail_program	14014	mirror_reduction_100	reference	0.6503251290479891	0.8520408163265305	0.8571428571428571	sign_only			1.0	0.0	sign_only	489.0	319.0	170.0	0.6523517382413088	0.5360501567398119	0.5360501567398119	0.5360501567398119		319.0	170.0	100.0	0.6	20.0	0.08	1.959963984540054	0.01	2.0	10.0	0.02	
holdout	weak_tail_program	14014	mirror_reduction_075	target	0.9423738946524618	0.9944444444444445	0.6190476190476191	enriched_tail			0.75	1.9959028425238383	enriched_tail	489.0	319.0	170.0	0.6523517382413088	0.5360501567398119	0.40203761755485895	0.4008438818565401	0.6651713073444121	237.0	170.0	100.0	0.6	20.0	0.08	1.959963984540054	0.01	2.0	10.0	0.02	0.04597839135654258
holdout	weak_tail_program	14014	mirror_reduction_075	reference	0.6317936477737545	0.8520408163265306	0.9523809523809523	enriched_tail			0.75	1.9959028425238383	enriched_tail	489.0	319.0	170.0	0.6523517382413088	0.5360501567398119	0.40203761755485895	0.4008438818565401	0.6651713073444121	237.0	170.0	100.0	0.6	20.0	0.08	1.959963984540054	0.01	2.0	10.0	0.02	0.04597839135654258
holdout	weak_tail_program	14014	mirror_reduction_050	target	0.9569050460998684	1.0	0.5238095238095238	enriched_tail			0.5	2.4690866948489187	enriched_tail	489.0	319.0	170.0	0.6523517382413088	0.5360501567398119	0.26802507836990597	0.26737967914438504	0.7361443444390886	187.0	170.0	100.0	0.6	20.0	0.08	1.959963984540054	0.01	2.0	10.0	0.02	0.10933422549347604
holdout	weak_tail_program	14014	mirror_reduction_050	reference	0.6147911023204571	0.8622448979591837	0.9047619047619048	enriched_tail			0.5	2.4690866948489187	enriched_tail	489.0	319.0	170.0	0.6523517382413088	0.5360501567398119	0.26802507836990597	0.26737967914438504	0.7361443444390886	187.0	170.0	100.0	0.6	20.0	0.08	1.959963984540054	0.01	2.0	10.0	0.02	0.10933422549347604
holdout	weak_tail_program	14014	mirror_reduction_025	target	0.8327344449602325	0.9555555555555556	0.7142857142857143	sign_only			0.25	0.0	sign_only	489.0	319.0	170.0	0.6523517382413088	0.5360501567398119	0.13401253918495298	0.5360501567398119		319.0	170.0	100.0	0.6	20.0	0.08	1.959963984540054	0.01	2.0	10.0	0.02	
holdout	weak_tail_program	14014	mirror_reduction_025	reference	0.6503251290479891	0.8520408163265305	0.8571428571428571	sign_only			0.25	0.0	sign_only	489.0	319.0	170.0	0.6523517382413088	0.5360501567398119	0.13401253918495298	0.5360501567398119		319.0	170.0	100.0	0.6	20.0	0.08	1.959963984540054	0.01	2.0	10.0	0.02	
holdout	weak_tail_program	14015	rc2_unweighted	target	0.694887163848074	0.788888888888889	0.47619047619047616	not_applicable																									
holdout	weak_tail_program	14015	rc2_unweighted	reference	0.8599707807605209	0.9555555555555556	0.3333333333333333	not_applicable																									
holdout	weak_tail_program	14015	rc3_soft	target	0.6625821024648268	0.7777777777777778	0.09523809523809523	not_applicable	0.5111111111111111	0.5638888888888889																							
holdout	weak_tail_program	14015	rc3_soft	reference	0.9119781633444091	0.9666666666666667	0.0	not_applicable	0.5111111111111111	0.5638888888888889																							
holdout	weak_tail_program	14015	mirror_reduction_100	target	0.664160680766777	0.7888888888888889	0.9047619047619048	sign_only			1.0	0.0	sign_only	468.0	304.0	164.0	0.6495726495726496	0.5427631578947368	0.5427631578947368	0.5427631578947368		304.0	164.0	100.0	0.6	20.0	0.08	1.959963984540054	0.01	2.0	10.0	0.02	
holdout	weak_tail_program	14015	mirror_reduction_100	reference	0.9150126004649096	0.9444444444444444	0.2857142857142857	sign_only			1.0	0.0	sign_only	468.0	304.0	164.0	0.6495726495726496	0.5427631578947368	0.5427631578947368	0.5427631578947368		304.0	164.0	100.0	0.6	20.0	0.08	1.959963984540054	0.01	2.0	10.0	0.02	
holdout	weak_tail_program	14015	mirror_reduction_075	target	0.6803380865603558	0.8166666666666667	0.9523809523809523	enriched_tail			0.75	1.820204524933273	enriched_tail	468.0	304.0	164.0	0.6495726495726496	0.5427631578947368	0.40707236842105265	0.40476190476190477	0.6646302840619949	252.0	164.0	100.0	0.6	20.0	0.08	1.959963984540054	0.01	2.0	10.0	0.02	0.06318389584006645
holdout	weak_tail_program	14015	mirror_reduction_075	reference	0.9074961395941856	0.9555555555555556	0.42857142857142855	enriched_tail			0.75	1.820204524933273	enriched_tail	468.0	304.0	164.0	0.6495726495726496	0.5427631578947368	0.40707236842105265	0.40476190476190477	0.6646302840619949	252.0	164.0	100.0	0.6	20.0	0.08	1.959963984540054	0.01	2.0	10.0	0.02	0.06318389584006645
holdout	weak_tail_program	14015	mirror_reduction_050	target	0.701238350985294	0.9277777777777778	0.8571428571428571	enriched_tail			0.5	2.2104634977130213	enriched_tail	468.0	304.0	164.0	0.6495726495726496	0.5427631578947368	0.2713815789473684	0.2644230769230769	0.7408357291656628	208.0	164.0	100.0	0.6	20.0	0.08	1.959963984540054	0.01	2.0	10.0	0.02	0.13403247160476617
holdout	weak_tail_program	14015	mirror_reduction_050	reference	0.897618171546459	0.9500000000000001	0.5238095238095238	enriched_tail			0.5	2.2104634977130213	enriched_tail	468.0	304.0	164.0	0.6495726495726496	0.5427631578947368	0.2713815789473684	0.2644230769230769	0.7408357291656628	208.0	164.0	100.0	0.6	20.0	0.08	1.959963984540054	0.01	2.0	10.0	0.02	0.13403247160476617
holdout	weak_tail_program	14015	mirror_reduction_025	target	0.7379874111969155	0.8500000000000001	0.9523809523809523	enriched_tail			0.25	3.3164869430532242	enriched_tail	468.0	304.0	164.0	0.6495726495726496	0.5427631578947368	0.1356907894736842	0.13333333333333333	0.8247586355576375	120.0	164.0	100.0	0.6	20.0	0.08	1.959963984540054	0.01	2.0	10.0	0.02	0.22897423432182784
holdout	weak_tail_program	14015	mirror_reduction_025	reference	0.858038566268163	0.938888888888889	0.8095238095238095	enriched_tail			0.25	3.3164869430532242	enriched_tail	468.0	304.0	164.0	0.6495726495726496	0.5427631578947368	0.1356907894736842	0.13333333333333333	0.8247586355576375	120.0	164.0	100.0	0.6	20.0	0.08	1.959963984540054	0.01	2.0	10.0	0.02	0.22897423432182784
holdout	weak_tail_program	14016	rc2_unweighted	target	0.843985623832499	0.8500000000000001	0.6666666666666666	not_applicable																									
holdout	weak_tail_program	14016	rc2_unweighted	reference	0.6657283646882503	0.8775510204081634	0.6666666666666666	not_applicable																									
holdout	weak_tail_program	14016	rc3_soft	target	0.8284496021729619	0.8666666666666667	0.0	not_applicable	0.6333333333333337	0.5791666666666667																							
holdout	weak_tail_program	14016	rc3_soft	reference	0.6499979710633685	0.8775510204081634	0.09523809523809523	not_applicable	0.6333333333333337	0.5791666666666667																							
holdout	weak_tail_program	14016	mirror_reduction_100	target	0.8245330327725263	0.8833333333333333	0.6190476190476191	sign_only			1.0	0.0	sign_only	464.0	281.0	183.0	0.6056034482758621	0.6548042704626335	0.6548042704626335	0.6548042704626335		281.0	183.0	100.0	0.6	20.0	0.08	1.959963984540054	0.01	2.0	10.0	0.02	
holdout	weak_tail_program	14016	mirror_reduction_100	reference	0.49633375050269085	0.7806122448979591	0.9523809523809523	sign_only			1.0	0.0	sign_only	464.0	281.0	183.0	0.6056034482758621	0.6548042704626335	0.6548042704626335	0.6548042704626335		281.0	183.0	100.0	0.6	20.0	0.08	1.959963984540054	0.01	2.0	10.0	0.02	
holdout	weak_tail_program	14016	mirror_reduction_075	target	0.8248200851857513	0.8777777777777778	0.6666666666666666	enriched_tail			0.75	1.8764429722362321	enriched_tail	464.0	281.0	183.0	0.6056034482758621	0.6548042704626335	0.49110320284697506	0.49056603773584906	0.6193975349247736	212.0	183.0	100.0	0.6	20.0	0.08	1.959963984540054	0.01	2.0	10.0	0.02	0.04803830707445167
holdout	weak_tail_program	14016	mirror_reduction_075	reference	0.38204434665418585	0.7091836734693877	0.9523809523809523	enriched_tail			0.75	1.8764429722362321	enriched_tail	464.0	281.0	183.0	0.6056034482758621	0.6548042704626335	0.49110320284697506	0.49056603773584906	0.6193975349247736	212.0	183.0	100.0	0.6	20.0	0.08	1.959963984540054	0.01	2.0	10.0	0.02	0.04803830707445167
holdout	weak_tail_program	14016	mirror_reduction_050	target	0.8287967278505066	0.8722222222222222	0.6190476190476191	enriched_tail			0.5	2.1584562696714786	enriched_tail	464.0	281.0	183.0	0.6056034482758621	0.6548042704626335	0.3274021352313167	0.32105263157894737	0.7033795246798652	190.0	183.0	100.0	0.6	20.0	0.08	1.959963984540054	0.01	2.0	10.0	0.02	0.1398601398601399
holdout	weak_tail_program	14016	mirror_reduction_050	reference	0.4747858432060891	0.75	0.9047619047619048	enriched_tail			0.5	2.1584562696714786	enriched_tail	464.0	281.0	183.0	0.6056034482758621	0.6548042704626335	0.3274021352313167	0.32105263157894737	0.7033795246798652	190.0	183.0	100.0	0.6	20.0	0.08	1.959963984540054	0.01	2.0	10.0	0.02	0.1398601398601399
holdout	weak_tail_program	14016	mirror_reduction_025	target	0.8294006339952102	0.8611111111111112	0.7142857142857143	enriched_tail			0.25	3.279918989330768	enriched_tail	464.0	281.0	183.0	0.6056034482758621	0.6548042704626335	0.16370106761565836	0.16129032258064516	0.8017942968727334	124.0	183.0	100.0	0.6	20.0	0.08	1.959963984540054	0.01	2.0	10.0	0.02	0.2585470085470086
holdout	weak_tail_program	14016	mirror_reduction_025	reference	0.5523094790002039	0.7653061224489797	0.9047619047619048	enriched_tail			0.25	3.279918989330768	enriched_tail	464.0	281.0	183.0	0.6056034482758621	0.6548042704626335	0.16370106761565836	0.16129032258064516	0.8017942968727334	124.0	183.0	100.0	0.6	20.0	0.08	1.959963984540054	0.01	2.0	10.0	0.02	0.2585470085470086
holdout	missing_tail_program	14001	rc2_unweighted	target	0.8728343062002653	0.8444444444444444	0.5714285714285714	not_applicable																									
holdout	missing_tail_program	14001	rc2_unweighted	reference	0.3482906010503687	0.7055555555555556	0.6666666666666666	not_applicable																									
holdout	missing_tail_program	14001	rc3_soft	target	0.9224804638930431	0.888888888888889	0.0	not_applicable	0.6270928462709282	0.578386605783866																							
holdout	missing_tail_program	14001	rc3_soft	reference	0.3590790009701611	0.7111111111111111	0.0	not_applicable	0.6270928462709282	0.578386605783866																							
holdout	missing_tail_program	14001	mirror_reduction_100	target	0.889179517926862	0.888888888888889	0.5714285714285714	sign_only			1.0	0.0	sign_only	286.0	186.0	100.0	0.6503496503496503	0.543010752688172	0.543010752688172	0.543010752688172		186.0	100.0	100.0	0.6	20.0	0.08	1.959963984540054	0.01	2.0	10.0	0.02	
holdout	missing_tail_program	14001	mirror_reduction_100	reference	0.4109741907632287	0.7444444444444445	0.8571428571428571	sign_only			1.0	0.0	sign_only	286.0	186.0	100.0	0.6503496503496503	0.543010752688172	0.543010752688172	0.543010752688172		186.0	100.0	100.0	0.6	20.0	0.08	1.959963984540054	0.01	2.0	10.0	0.02	
holdout	missing_tail_program	14001	mirror_reduction_075	target	0.8913620200947087	0.9	0.5714285714285714	enriched_tail			0.75	1.3486263099650095	enriched_tail	286.0	186.0	100.0	0.6503496503496503	0.543010752688172	0.407258064516129	0.37398373983739835	0.6605387900410764	123.0	100.0	100.0	0.6	20.0	0.08	1.959963984540054	0.01	2.0	10.0	0.02	0.07247514390371534
holdout	missing_tail_program	14001	mirror_reduction_075	reference	0.4137429692648329	0.75	0.8095238095238095	enriched_tail			0.75	1.3486263099650095	enriched_tail	286.0	186.0	100.0	0.6503496503496503	0.543010752688172	0.407258064516129	0.37398373983739835	0.6605387900410764	123.0	100.0	100.0	0.6	20.0	0.08	1.959963984540054	0.01	2.0	10.0	0.02	0.07247514390371534
holdout	missing_tail_program	14001	mirror_reduction_050	target	0.9005243316081637	0.9277777777777778	0.6190476190476191	enriched_tail			0.5	1.6482250160091065	enriched_tail	286.0	186.0	100.0	0.6503496503496503	0.543010752688172	0.271505376344086	0.2553191489361702	0.7222629728068515	94.0	100.0	100.0	0.6	20.0	0.08	1.959963984540054	0.01	2.0	10.0	0.02	0.14093184443588758
holdout	missing_tail_program	14001	mirror_reduction_050	reference	0.4220085832286698	0.7611111111111111	0.8571428571428571	enriched_tail			0.5	1.6482250160091065	enriched_tail	286.0	186.0	100.0	0.6503496503496503	0.543010752688172	0.271505376344086	0.2553191489361702	0.7222629728068515	94.0	100.0	100.0	0.6	20.0	0.08	1.959963984540054	0.01	2.0	10.0	0.02	0.14093184443588758
holdout	missing_tail_program	14001	mirror_reduction_025	target	0.889179517926862	0.888888888888889	0.5714285714285714	sign_only			0.25	0.0	sign_only	286.0	186.0	100.0	0.6503496503496503	0.543010752688172	0.135752688172043	0.543010752688172		186.0	100.0	100.0	0.6	20.0	0.08	1.959963984540054	0.01	2.0	10.0	0.02	
holdout	missing_tail_program	14001	mirror_reduction_025	reference	0.4109741907632287	0.7444444444444445	0.8571428571428571	sign_only			0.25	0.0	sign_only	286.0	186.0	100.0	0.6503496503496503	0.543010752688172	0.135752688172043	0.543010752688172		186.0	100.0	100.0	0.6	20.0	0.08	1.959963984540054	0.01	2.0	10.0	0.02	
holdout	missing_tail_program	14002	rc2_unweighted	target	0.7104320243986575	0.888888888888889	0.7142857142857143	not_applicable																									
holdout	missing_tail_program	14002	rc2_unweighted	reference	0.7993475139964996	0.9333333333333333	0.5238095238095238	not_applicable																									
holdout	missing_tail_program	14002	rc3_soft	target	0.7139248111229876	0.9	0.0	not_applicable	0.6600000000000001	0.5825																							
holdout	missing_tail_program	14002	rc3_soft	reference	0.852589260467784	0.9666666666666668	0.0	not_applicable	0.6600000000000001	0.5825																							
holdout	missing_tail_program	14002	mirror_reduction_100	target	0.6852645264331206	0.8611111111111112	0.7142857142857143	sign_only			1.0	0.0	sign_only	233.0	151.0	82.0	0.648068669527897	0.5496688741721855	0.5496688741721855	0.5496688741721855		151.0	82.0	100.0	0.6	20.0	0.08	1.959963984540054	0.01	2.0	10.0	0.02	
holdout	missing_tail_program	14002	mirror_reduction_100	reference	0.7896122915677243	0.9277777777777778	0.6666666666666666	sign_only			1.0	0.0	sign_only	233.0	151.0	82.0	0.648068669527897	0.5496688741721855	0.5496688741721855	0.5496688741721855		151.0	82.0	100.0	0.6	20.0	0.08	1.959963984540054	0.01	2.0	10.0	0.02	
holdout	missing_tail_program	14002	mirror_reduction_075	target	0.6522026393157876	0.8111111111111111	0.6666666666666666	enriched_tail			0.75	1.2084988163194124	enriched_tail	233.0	151.0	82.0	0.648068669527897	0.5496688741721855	0.4122516556291391	0.36752136752136755	0.6623419704318209	117.0	82.0	100.0	0.6	20.0	0.08	1.959963984540054	0.01	2.0	10.0	0.02	0.052519379844961245
holdout	missing_tail_program	14002	mirror_reduction_075	reference	0.7861374187167178	0.9333333333333333	0.7142857142857143	enriched_tail			0.75	1.2084988163194124	enriched_tail	233.0	151.0	82.0	0.648068669527897	0.5496688741721855	0.4122516556291391	0.36752136752136755	0.6623419704318209	117.0	82.0	100.0	0.6	20.0	0.08	1.959963984540054	0.01	2.0	10.0	0.02	0.052519379844961245
holdout	missing_tail_program	14002	mirror_reduction_050	target	0.6547191610779981	0.8166666666666667	0.8095238095238095	enriched_tail			0.5	1.4394540289624764	enriched_tail	233.0	151.0	82.0	0.648068669527897	0.5496688741721855	0.27483443708609273	0.2708333333333333	0.7127678369090101	96.0	82.0	100.0	0.6	20.0	0.08	1.959963984540054	0.01	2.0	10.0	0.02	0.1147849462365591
holdout	missing_tail_program	14002	mirror_reduction_050	reference	0.7580143663000632	0.9166666666666667	0.7142857142857143	enriched_tail			0.5	1.4394540289624764	enriched_tail	233.0	151.0	82.0	0.648068669527897	0.5496688741721855	0.27483443708609273	0.2708333333333333	0.7127678369090101	96.0	82.0	100.0	0.6	20.0	0.08	1.959963984540054	0.01	2.0	10.0	0.02	0.1147849462365591
holdout	missing_tail_program	14002	mirror_reduction_025	target	0.42981489722434363	0.6222222222222222	0.8571428571428571	enriched_tail			0.25	5.491131206339706	enriched_tail	233.0	151.0	82.0	0.648068669527897	0.5496688741721855	0.13741721854304637	0.13513513513513514	0.7745231869447662	37.0	82.0	100.0	0.6	20.0	0.08	1.959963984540054	0.01	2.0	10.0	0.02	0.16547619047619044
holdout	missing_tail_program	14002	mirror_reduction_025	reference	0.6680935297042543	0.85	0.7619047619047619	enriched_tail			0.25	5.491131206339706	enriched_tail	233.0	151.0	82.0	0.648068669527897	0.5496688741721855	0.13741721854304637	0.13513513513513514	0.7745231869447662	37.0	82.0	100.0	0.6	20.0	0.08	1.959963984540054	0.01	2.0	10.0	0.02	0.16547619047619044
holdout	missing_tail_program	14003	rc2_unweighted	target	0.6802619165795598	0.7857142857142857	0.47619047619047616	not_applicable																									
holdout	missing_tail_program	14003	rc2_unweighted	reference	0.3801186128936529	0.7944444444444445	0.7142857142857143	not_applicable																									
holdout	missing_tail_program	14003	rc3_soft	target	0.7687815041073597	0.846938775510204	0.0	not_applicable	0.9270386266094421	0.6158798283261803																							
holdout	missing_tail_program	14003	rc3_soft	reference	0.5901178006119874	0.8666666666666667	0.0	not_applicable	0.9270386266094421	0.6158798283261803																							
holdout	missing_tail_program	14003	mirror_reduction_100	target	0.7236551227690473	0.8061224489795918	0.47619047619047616	sign_only			1.0	0.0	sign_only	324.0	220.0	104.0	0.6790123456790124	0.4772727272727273	0.4772727272727273	0.4772727272727273		220.0	104.0	100.0	0.6	20.0	0.08	1.959963984540054	0.01	2.0	10.0	0.02	
holdout	missing_tail_program	14003	mirror_reduction_100	reference	0.5521127302290219	0.8666666666666667	0.7142857142857143	sign_only			1.0	0.0	sign_only	324.0	220.0	104.0	0.6790123456790124	0.4772727272727273	0.4772727272727273	0.4772727272727273		220.0	104.0	100.0	0.6	20.0	0.08	1.959963984540054	0.01	2.0	10.0	0.02	
holdout	missing_tail_program	14003	mirror_reduction_075	target	0.7121423575743926	0.8214285714285714	0.5714285714285714	enriched_tail			0.75	1.2048755657910235	enriched_tail	324.0	220.0	104.0	0.6790123456790124	0.4772727272727273	0.35795454545454547	0.34408602150537637	0.6895181948885343	186.0	104.0	100.0	0.6	20.0	0.08	1.959963984540054	0.01	2.0	10.0	0.02	0.05821371610845294
holdout	missing_tail_program	14003	mirror_reduction_075	reference	0.5484493761836163	0.8944444444444446	0.8571428571428571	enriched_tail			0.75	1.2048755657910235	enriched_tail	324.0	220.0	104.0	0.6790123456790124	0.4772727272727273	0.35795454545454547	0.34408602150537637	0.6895181948885343	186.0	104.0	100.0	0.6	20.0	0.08	1.959963984540054	0.01	2.0	10.0	0.02	0.05821371610845294
holdout	missing_tail_program	14003	mirror_reduction_050	target	0.7081737161754399	0.806122448979592	0.7142857142857143	enriched_tail			0.5	1.4493210608117442	enriched_tail	324.0	220.0	104.0	0.6790123456790124	0.4772727272727273	0.23863636363636365	0.23178807947019867	0.7541701574274052	151.0	104.0	100.0	0.6	20.0	0.08	1.959963984540054	0.01	2.0	10.0	0.02	0.10150375939849621
holdout	missing_tail_program	14003	mirror_reduction_050	reference	0.5102861186681883	0.9055555555555556	0.8095238095238095	enriched_tail			0.5	1.4493210608117442	enriched_tail	324.0	220.0	104.0	0.6790123456790124	0.4772727272727273	0.23863636363636365	0.23178807947019867	0.7541701574274052	151.0	104.0	100.0	0.6	20.0	0.08	1.959963984540054	0.01	2.0	10.0	0.02	0.10150375939849621
holdout	missing_tail_program	14003	mirror_reduction_025	target	0.6947372690839992	0.8112244897959183	0.6190476190476191	enriched_tail			0.25	1.6708743416820737	enriched_tail	324.0	220.0	104.0	0.6790123456790124	0.4772727272727273	0.11931818181818182	0.11450381679389313	0.844458557677603	131.0	104.0	100.0	0.6	20.0	0.08	1.959963984540054	0.01	2.0	10.0	0.02	0.1729323308270676
holdout	missing_tail_program	14003	mirror_reduction_025	reference	0.4974068851663946	0.9333333333333333	0.8095238095238095	enriched_tail			0.25	1.6708743416820737	enriched_tail	324.0	220.0	104.0	0.6790123456790124	0.4772727272727273	0.11931818181818182	0.11450381679389313	0.844458557677603	131.0	104.0	100.0	0.6	20.0	0.08	1.959963984540054	0.01	2.0	10.0	0.02	0.1729323308270676
holdout	missing_tail_program	14004	rc2_unweighted	target	0.7917075185234325	0.8333333333333334	0.5238095238095238	not_applicable																									
holdout	missing_tail_program	14004	rc2_unweighted	reference	0.7025700055024542	0.7944444444444444	0.6666666666666666	not_applicable																									
holdout	missing_tail_program	14004	rc3_soft	target	0.7925791118417312	0.8555555555555556	0.0	not_applicable	0.6964285714285712	0.5870535714285714																							
holdout	missing_tail_program	14004	rc3_soft	reference	0.7254789335204078	0.8111111111111111	0.0	not_applicable	0.6964285714285712	0.5870535714285714																							
holdout	missing_tail_program	14004	mirror_reduction_100	target	0.7691805829448276	0.8388888888888889	0.5238095238095238	sign_only			1.0	0.0	sign_only	285.0	188.0	97.0	0.6596491228070176	0.5212765957446809	0.5212765957446809	0.5212765957446809		188.0	97.0	100.0	0.6	20.0	0.08	1.959963984540054	0.01	2.0	10.0	0.02	
holdout	missing_tail_program	14004	mirror_reduction_100	reference	0.6917772148637983	0.7944444444444445	0.8095238095238095	sign_only			1.0	0.0	sign_only	285.0	188.0	97.0	0.6596491228070176	0.5212765957446809	0.5212765957446809	0.5212765957446809		188.0	97.0	100.0	0.6	20.0	0.08	1.959963984540054	0.01	2.0	10.0	0.02	
holdout	missing_tail_program	14004	mirror_reduction_075	target	0.804458130257262	0.8833333333333333	0.7142857142857143	enriched_tail			0.75	1.2686005516627867	enriched_tail	285.0	188.0	97.0	0.6596491228070176	0.5212765957446809	0.39095744680851063	0.36486486486486486	0.6713832090438253	148.0	97.0	100.0	0.6	20.0	0.08	1.959963984540054	0.01	2.0	10.0	0.02	0.07119741100323629
holdout	missing_tail_program	14004	mirror_reduction_075	reference	0.727610279230844	0.8222222222222222	0.8571428571428571	enriched_tail			0.75	1.2686005516627867	enriched_tail	285.0	188.0	97.0	0.6596491228070176	0.5212765957446809	0.39095744680851063	0.36486486486486486	0.6713832090438253	148.0	97.0	100.0	0.6	20.0	0.08	1.959963984540054	0.01	2.0	10.0	0.02	0.07119741100323629
holdout	missing_tail_program	14004	mirror_reduction_050	target	0.8136568769756634	0.9222222222222223	0.6666666666666666	enriched_tail			0.5	1.4370636460705453	enriched_tail	285.0	188.0	97.0	0.6596491228070176	0.5212765957446809	0.26063829787234044	0.25	0.7365625888926903	128.0	97.0	100.0	0.6	20.0	0.08	1.959963984540054	0.01	2.0	10.0	0.02	0.14498608492683362
holdout	missing_tail_program	14004	mirror_reduction_050	reference	0.790779817827633	0.8611111111111112	0.9047619047619048	enriched_tail			0.5	1.4370636460705453	enriched_tail	285.0	188.0	97.0	0.6596491228070176	0.5212765957446809	0.26063829787234044	0.25	0.7365625888926903	128.0	97.0	100.0	0.6	20.0	0.08	1.959963984540054	0.01	2.0	10.0	0.02	0.14498608492683362
holdout	missing_tail_program	14004	mirror_reduction_025	target	0.7465670219380542	0.8833333333333334	0.5238095238095238	enriched_tail			0.25	5.048423772965194	enriched_tail	285.0	188.0	97.0	0.6596491228070176	0.5212765957446809	0.13031914893617022	0.1276595744680851	0.8220879355623253	94.0	97.0	100.0	0.6	20.0	0.08	1.959963984540054	0.01	2.0	10.0	0.02	0.1965743342700388
holdout	missing_tail_program	14004	mirror_reduction_025	reference	0.753406726459742	0.7777777777777778	0.8095238095238095	enriched_tail			0.25	5.048423772965194	enriched_tail	285.0	188.0	97.0	0.6596491228070176	0.5212765957446809	0.13031914893617022	0.1276595744680851	0.8220879355623253	94.0	97.0	100.0	0.6	20.0	0.08	1.959963984540054	0.01	2.0	10.0	0.02	0.1965743342700388
holdout	missing_tail_program	14005	rc2_unweighted	target	0.7456751691404889	0.7833333333333333	0.5714285714285714	not_applicable																									
holdout	missing_tail_program	14005	rc2_unweighted	reference	0.5673628909614064	0.8166666666666667	0.8571428571428571	not_applicable																									
holdout	missing_tail_program	14005	rc3_soft	target	0.7879000044249637	0.8	0.0	not_applicable	0.6846846846846848	0.5855855855855856																							
holdout	missing_tail_program	14005	rc3_soft	reference	0.6236982534025163	0.8777777777777778	0.0	not_applicable	0.6846846846846848	0.5855855855855856																							
holdout	missing_tail_program	14005	mirror_reduction_100	target	0.8371529391604114	0.8166666666666667	0.5238095238095238	sign_only			1.0	0.0	sign_only	320.0	223.0	97.0	0.696875	0.43946188340807174	0.43946188340807174	0.43946188340807174		223.0	97.0	100.0	0.6	20.0	0.08	1.959963984540054	0.01	2.0	10.0	0.02	
holdout	missing_tail_program	14005	mirror_reduction_100	reference	0.6873904803837536	0.938888888888889	0.9047619047619048	sign_only			1.0	0.0	sign_only	320.0	223.0	97.0	0.696875	0.43946188340807174	0.43946188340807174	0.43946188340807174		223.0	97.0	100.0	0.6	20.0	0.08	1.959963984540054	0.01	2.0	10.0	0.02	
holdout	missing_tail_program	14005	mirror_reduction_075	target	0.877797121497748	0.8888888888888888	0.5714285714285714	enriched_tail			0.75	1.3462400842788809	enriched_tail	320.0	223.0	97.0	0.696875	0.43946188340807174	0.3295964125560538	0.2894736842105263	0.7162096240034684	152.0	97.0	100.0	0.6	20.0	0.08	1.959963984540054	0.01	2.0	10.0	0.02	0.06423338566195713
holdout	missing_tail_program	14005	mirror_reduction_075	reference	0.7309615609447851	0.9611111111111112	0.9047619047619048	enriched_tail			0.75	1.3462400842788809	enriched_tail	320.0	223.0	97.0	0.696875	0.43946188340807174	0.3295964125560538	0.2894736842105263	0.7162096240034684	152.0	97.0	100.0	0.6	20.0	0.08	1.959963984540054	0.01	2.0	10.0	0.02	0.06423338566195713
holdout	missing_tail_program	14005	mirror_reduction_050	target	0.8950008873737832	0.8888888888888888	0.6190476190476191	enriched_tail			0.5	1.43899635296198	enriched_tail	320.0	223.0	97.0	0.696875	0.43946188340807174	0.21973094170403587	0.21678321678321677	0.7632454761293738	143.0	97.0	100.0	0.6	20.0	0.08	1.959963984540054	0.01	2.0	10.0	0.02	0.10985853227232534
holdout	missing_tail_program	14005	mirror_reduction_050	reference	0.759651814560387	0.9666666666666668	0.9047619047619048	enriched_tail			0.5	1.43899635296198	enriched_tail	320.0	223.0	97.0	0.696875	0.43946188340807174	0.21973094170403587	0.21678321678321677	0.7632454761293738	143.0	97.0	100.0	0.6	20.0	0.08	1.959963984540054	0.01	2.0	10.0	0.02	0.10985853227232534
holdout	missing_tail_program	14005	mirror_reduction_025	target	0.8371529391604114	0.8166666666666667	0.5238095238095238	sign_only			0.25	0.0	sign_only	320.0	223.0	97.0	0.696875	0.43946188340807174	0.10986547085201794	0.43946188340807174		223.0	97.0	100.0	0.6	20.0	0.08	1.959963984540054	0.01	2.0	10.0	0.02	
holdout	missing_tail_program	14005	mirror_reduction_025	reference	0.6873904803837536	0.938888888888889	0.9047619047619048	sign_only			0.25	0.0	sign_only	320.0	223.0	97.0	0.696875	0.43946188340807174	0.10986547085201794	0.43946188340807174		223.0	97.0	100.0	0.6	20.0	0.08	1.959963984540054	0.01	2.0	10.0	0.02	
holdout	missing_tail_program	14006	rc2_unweighted	target	0.567988778406538	0.6944444444444444	0.6190476190476191	not_applicable																									
holdout	missing_tail_program	14006	rc2_unweighted	reference	0.6381905216860961	0.8388888888888889	0.38095238095238093	not_applicable																									
holdout	missing_tail_program	14006	rc3_soft	target	0.47729140395738695	0.6888888888888888	0.0	not_applicable	0.7884057971014489	0.5985507246376811																							
holdout	missing_tail_program	14006	rc3_soft	reference	0.6494608884403086	0.8333333333333333	0.0	not_applicable	0.7884057971014489	0.5985507246376811																							
holdout	missing_tail_program	14006	mirror_reduction_100	target	0.44334660476275306	0.6833333333333333	0.9523809523809523	sign_only			1.0	0.0	sign_only	299.0	196.0	103.0	0.6555183946488294	0.5306122448979592	0.5306122448979592	0.5306122448979592		196.0	103.0	100.0	0.6	20.0	0.08	1.959963984540054	0.01	2.0	10.0	0.02	
holdout	missing_tail_program	14006	mirror_reduction_100	reference	0.6791491077298578	0.85	0.7619047619047619	sign_only			1.0	0.0	sign_only	299.0	196.0	103.0	0.6555183946488294	0.5306122448979592	0.5306122448979592	0.5306122448979592		196.0	103.0	100.0	0.6	20.0	0.08	1.959963984540054	0.01	2.0	10.0	0.02	
holdout	missing_tail_program	14006	mirror_reduction_075	target	0.5477736533938861	0.75	0.8095238095238095	enriched_tail			0.75	1.3082629668223766	enriched_tail	299.0	196.0	103.0	0.6555183946488294	0.5306122448979592	0.3979591836734694	0.36065573770491804	0.6675113245528997	122.0	103.0	100.0	0.6	20.0	0.08	1.959963984540054	0.01	2.0	10.0	0.02	0.03643336529242569
holdout	missing_tail_program	14006	mirror_reduction_075	reference	0.7828867487784713	0.9444444444444445	0.6190476190476191	enriched_tail			0.75	1.3082629668223766	enriched_tail	299.0	196.0	103.0	0.6555183946488294	0.5306122448979592	0.3979591836734694	0.36065573770491804	0.6675113245528997	122.0	103.0	100.0	0.6	20.0	0.08	1.959963984540054	0.01	2.0	10.0	0.02	0.03643336529242569
holdout	missing_tail_program	14006	mirror_reduction_050	target	0.5716246354492417	0.7666666666666667	0.7619047619047619	enriched_tail			0.5	1.4681081502941302	enriched_tail	299.0	196.0	103.0	0.6555183946488294	0.5306122448979592	0.2653061224489796	0.25892857142857145	0.7261308550867984	112.0	103.0	100.0	0.6	20.0	0.08	1.959963984540054	0.01	2.0	10.0	0.02	0.12770320656226697
holdout	missing_tail_program	14006	mirror_reduction_050	reference	0.7794995714980002	0.9388888888888889	0.5714285714285714	enriched_tail			0.5	1.4681081502941302	enriched_tail	299.0	196.0	103.0	0.6555183946488294	0.5306122448979592	0.2653061224489796	0.25892857142857145	0.7261308550867984	112.0	103.0	100.0	0.6	20.0	0.08	1.959963984540054	0.01	2.0	10.0	0.02	0.12770320656226697
holdout	missing_tail_program	14006	mirror_reduction_025	target	0.5820148012052272	0.75	0.8571428571428571	enriched_tail			0.25	1.8514807097235075	enriched_tail	299.0	196.0	103.0	0.6555183946488294	0.5306122448979592	0.1326530612244898	0.12903225806451613	0.8204688159769196	93.0	103.0	100.0	0.6	20.0	0.08	1.959963984540054	0.01	2.0	10.0	0.02	0.19685534591194975
holdout	missing_tail_program	14006	mirror_reduction_025	reference	0.7727193884047249	0.9388888888888889	0.6190476190476191	enriched_tail			0.25	1.8514807097235075	enriched_tail	299.0	196.0	103.0	0.6555183946488294	0.5306122448979592	0.1326530612244898	0.12903225806451613	0.8204688159769196	93.0	103.0	100.0	0.6	20.0	0.08	1.959963984540054	0.01	2.0	10.0	0.02	0.19685534591194975
holdout	missing_tail_program	14007	rc2_unweighted	target	0.8558077254032612	0.8833333333333333	0.6190476190476191	not_applicable																									
holdout	missing_tail_program	14007	rc2_unweighted	reference	0.8200850945804181	0.9333333333333333	0.5714285714285714	not_applicable																									
holdout	missing_tail_program	14007	rc3_soft	target	0.8897468289561179	0.9111111111111111	0.0	not_applicable	0.8124031007751942	0.6015503875968993																							
holdout	missing_tail_program	14007	rc3_soft	reference	0.8353493571085482	0.9333333333333333	0.09523809523809523	not_applicable	0.8124031007751942	0.6015503875968993																							
holdout	missing_tail_program	14007	mirror_reduction_100	target	0.8680021149977957	0.9055555555555556	0.5238095238095238	sign_only			1.0	0.0	sign_only	277.0	184.0	93.0	0.6642599277978339	0.5108695652173914	0.5108695652173914	0.5108695652173914		184.0	93.0	100.0	0.6	20.0	0.08	1.959963984540054	0.01	2.0	10.0	0.02	
holdout	missing_tail_program	14007	mirror_reduction_100	reference	0.8245682349677022	0.9333333333333333	0.6666666666666666	sign_only			1.0	0.0	sign_only	277.0	184.0	93.0	0.6642599277978339	0.5108695652173914	0.5108695652173914	0.5108695652173914		184.0	93.0	100.0	0.6	20.0	0.08	1.959963984540054	0.01	2.0	10.0	0.02	
holdout	missing_tail_program	14007	mirror_reduction_075	target	0.8798009218347906	0.9111111111111111	0.7142857142857143	enriched_tail			0.75	1.3868778077568826	enriched_tail	277.0	184.0	93.0	0.6642599277978339	0.5108695652173914	0.3831521739130435	0.3442622950819672	0.6766587775450084	122.0	93.0	100.0	0.6	20.0	0.08	1.959963984540054	0.01	2.0	10.0	0.02	0.07083333333333341
holdout	missing_tail_program	14007	mirror_reduction_075	reference	0.8049738219895288	0.9111111111111112	0.6666666666666666	enriched_tail			0.75	1.3868778077568826	enriched_tail	277.0	184.0	93.0	0.6642599277978339	0.5108695652173914	0.3831521739130435	0.3442622950819672	0.6766587775450084	122.0	93.0	100.0	0.6	20.0	0.08	1.959963984540054	0.01	2.0	10.0	0.02	0.07083333333333341
holdout	missing_tail_program	14007	mirror_reduction_050	target	0.8973399829652245	0.9222222222222223	0.6190476190476191	enriched_tail			0.5	1.5125411149431667	enriched_tail	277.0	184.0	93.0	0.6642599277978339	0.5108695652173914	0.2554347826086957	0.24074074074074073	0.737228174792749	108.0	93.0	100.0	0.6	20.0	0.08	1.959963984540054	0.01	2.0	10.0	0.02	0.11111111111111116
holdout	missing_tail_program	14007	mirror_reduction_050	reference	0.8366170549200398	0.9388888888888889	0.6666666666666666	enriched_tail			0.5	1.5125411149431667	enriched_tail	277.0	184.0	93.0	0.6642599277978339	0.5108695652173914	0.2554347826086957	0.24074074074074073	0.737228174792749	108.0	93.0	100.0	0.6	20.0	0.08	1.959963984540054	0.01	2.0	10.0	0.02	0.11111111111111116
holdout	missing_tail_program	14007	mirror_reduction_025	target	0.8410092166366354	0.888888888888889	0.6666666666666666	enriched_tail			0.25	5.514525231680968	enriched_tail	277.0	184.0	93.0	0.6642599277978339	0.5108695652173914	0.12771739130434784	0.125	0.7884076083340138	40.0	93.0	100.0	0.6	20.0	0.08	1.959963984540054	0.01	2.0	10.0	0.02	0.2028985507246377
holdout	missing_tail_program	14007	mirror_reduction_025	reference	0.7840314136125656	0.9166666666666666	0.6666666666666666	enriched_tail			0.25	5.514525231680968	enriched_tail	277.0	184.0	93.0	0.6642599277978339	0.5108695652173914	0.12771739130434784	0.125	0.7884076083340138	40.0	93.0	100.0	0.6	20.0	0.08	1.959963984540054	0.01	2.0	10.0	0.02	0.2028985507246377
holdout	missing_tail_program	14008	rc2_unweighted	target	0.6219249278904029	0.9055555555555557	0.7142857142857143	not_applicable																									
holdout	missing_tail_program	14008	rc2_unweighted	reference	0.7340338000262746	0.8277777777777777	0.6666666666666666	not_applicable																									
holdout	missing_tail_program	14008	rc3_soft	target	0.7638733287985847	0.9555555555555556	0.0	not_applicable	0.6519823788546253	0.5814977973568282																							
holdout	missing_tail_program	14008	rc3_soft	reference	0.7833711933170839	0.8777777777777778	0.0	not_applicable	0.6519823788546253	0.5814977973568282																							
holdout	missing_tail_program	14008	mirror_reduction_100	target	0.7450260074133079	0.9333333333333333	0.5714285714285714	sign_only			1.0	0.0	sign_only	272.0	167.0	105.0	0.6139705882352942	0.6347305389221557	0.6347305389221557	0.6347305389221557		167.0	105.0	100.0	0.6	20.0	0.08	1.959963984540054	0.01	2.0	10.0	0.02	
holdout	missing_tail_program	14008	mirror_reduction_100	reference	0.779254870150035	0.8722222222222222	0.6666666666666666	sign_only			1.0	0.0	sign_only	272.0	167.0	105.0	0.6139705882352942	0.6347305389221557	0.6347305389221557	0.6347305389221557		167.0	105.0	100.0	0.6	20.0	0.08	1.959963984540054	0.01	2.0	10.0	0.02	
holdout	missing_tail_program	14008	mirror_reduction_075	target	0.8457246037431476	0.9611111111111112	0.8095238095238095	enriched_tail			0.75	1.3799164471658605	enriched_tail	272.0	167.0	105.0	0.6139705882352942	0.6347305389221557	0.4760479041916168	0.42592592592592593	0.6293526812191377	108.0	105.0	100.0	0.6	20.0	0.08	1.959963984540054	0.01	2.0	10.0	0.02	0.06181925228142482
holdout	missing_tail_program	14008	mirror_reduction_075	reference	0.7940425210961417	0.8833333333333333	0.7142857142857143	enriched_tail			0.75	1.3799164471658605	enriched_tail	272.0	167.0	105.0	0.6139705882352942	0.6347305389221557	0.4760479041916168	0.42592592592592593	0.6293526812191377	108.0	105.0	100.0	0.6	20.0	0.08	1.959963984540054	0.01	2.0	10.0	0.02	0.06181925228142482
holdout	missing_tail_program	14008	mirror_reduction_050	target	0.8317265531344827	0.9722222222222223	0.8571428571428571	enriched_tail			0.5	1.675774443374268	enriched_tail	272.0	167.0	105.0	0.6139705882352942	0.6347305389221557	0.31736526946107785	0.3023255813953488	0.6886323576918694	86.0	105.0	100.0	0.6	20.0	0.08	1.959963984540054	0.01	2.0	10.0	0.02	0.14781297134238314
holdout	missing_tail_program	14008	mirror_reduction_050	reference	0.7674747360957401	0.9111111111111111	0.8095238095238095	enriched_tail			0.5	1.675774443374268	enriched_tail	272.0	167.0	105.0	0.6139705882352942	0.6347305389221557	0.31736526946107785	0.3023255813953488	0.6886323576918694	86.0	105.0	100.0	0.6	20.0	0.08	1.959963984540054	0.01	2.0	10.0	0.02	0.14781297134238314
holdout	missing_tail_program	14008	mirror_reduction_025	target	0.7528836414334023	0.9555555555555556	0.7619047619047619	enriched_tail			0.25	5.270060836647018	enriched_tail	272.0	167.0	105.0	0.6139705882352942	0.6347305389221557	0.15868263473053892	0.15789473684210525	0.7754850591783848	57.0	105.0	100.0	0.6	20.0	0.08	1.959963984540054	0.01	2.0	10.0	0.02	0.22015915119363394
holdout	missing_tail_program	14008	mirror_reduction_025	reference	0.7290219197654019	0.8833333333333334	0.9523809523809523	enriched_tail			0.25	5.270060836647018	enriched_tail	272.0	167.0	105.0	0.6139705882352942	0.6347305389221557	0.15868263473053892	0.15789473684210525	0.7754850591783848	57.0	105.0	100.0	0.6	20.0	0.08	1.959963984540054	0.01	2.0	10.0	0.02	0.22015915119363394
holdout	missing_tail_program	14009	rc2_unweighted	target	0.8982452955161752	0.9444444444444445	0.6666666666666666	not_applicable																									
holdout	missing_tail_program	14009	rc2_unweighted	reference	0.5881024694461263	0.8622448979591837	0.6666666666666666	not_applicable																									
holdout	missing_tail_program	14009	rc3_soft	target	0.966840869486894	0.9666666666666668	0.0	not_applicable	0.6508688783570298	0.5813586097946287																							
holdout	missing_tail_program	14009	rc3_soft	reference	0.665508269184045	0.9285714285714286	0.0	not_applicable	0.6508688783570298	0.5813586097946287																							
holdout	missing_tail_program	14009	mirror_reduction_100	target	0.9646729075343113	0.9666666666666667	0.6666666666666666	sign_only			1.0	0.0	sign_only	252.0	155.0	97.0	0.6150793650793651	0.632258064516129	0.632258064516129	0.632258064516129		155.0	97.0	100.0	0.6	20.0	0.08	1.959963984540054	0.01	2.0	10.0	0.02	
holdout	missing_tail_program	14009	mirror_reduction_100	reference	0.6461125769765265	0.9081632653061223	0.6666666666666666	sign_only			1.0	0.0	sign_only	252.0	155.0	97.0	0.6150793650793651	0.632258064516129	0.632258064516129	0.632258064516129		155.0	97.0	100.0	0.6	20.0	0.08	1.959963984540054	0.01	2.0	10.0	0.02	
holdout	missing_tail_program	14009	mirror_reduction_075	target	0.9268501419851556	0.9833333333333334	0.6190476190476191	enriched_tail			0.75	1.2228403506192735	enriched_tail	252.0	155.0	97.0	0.6150793650793651	0.632258064516129	0.4741935483870967	0.4365079365079365	0.6294468133268561	126.0	97.0	100.0	0.6	20.0	0.08	1.959963984540054	0.01	2.0	10.0	0.02	0.053775743707093815
holdout	missing_tail_program	14009	mirror_reduction_075	reference	0.6032411115193674	0.8979591836734693	0.8095238095238095	enriched_tail			0.75	1.2228403506192735	enriched_tail	252.0	155.0	97.0	0.6150793650793651	0.632258064516129	0.4741935483870967	0.4365079365079365	0.6294468133268561	126.0	97.0	100.0	0.6	20.0	0.08	1.959963984540054	0.01	2.0	10.0	0.02	0.053775743707093815
holdout	missing_tail_program	14009	mirror_reduction_050	target	0.940641070567485	0.9722222222222222	0.47619047619047616	enriched_tail			0.5	1.375854201802423	enriched_tail	252.0	155.0	97.0	0.6150793650793651	0.632258064516129	0.3161290322580645	0.3148148148148148	0.6895912083435539	108.0	97.0	100.0	0.6	20.0	0.08	1.959963984540054	0.01	2.0	10.0	0.02	0.11623188405797102
holdout	missing_tail_program	14009	mirror_reduction_050	reference	0.6397781399473449	0.8928571428571428	0.6666666666666666	enriched_tail			0.5	1.375854201802423	enriched_tail	252.0	155.0	97.0	0.6150793650793651	0.632258064516129	0.3161290322580645	0.3148148148148148	0.6895912083435539	108.0	97.0	100.0	0.6	20.0	0.08	1.959963984540054	0.01	2.0	10.0	0.02	0.11623188405797102
holdout	missing_tail_program	14009	mirror_reduction_025	target	0.9370136377480067	0.9722222222222222	0.6666666666666666	enriched_tail			0.25	1.705979449950476	enriched_tail	252.0	155.0	97.0	0.6150793650793651	0.632258064516129	0.15806451612903225	0.13095238095238096	0.8151444897581666	84.0	97.0	100.0	0.6	20.0	0.08	1.959963984540054	0.01	2.0	10.0	0.02	0.2631822386679
holdout	missing_tail_program	14009	mirror_reduction_025	reference	0.6820205165947267	0.9030612244897959	0.8571428571428571	enriched_tail			0.25	1.705979449950476	enriched_tail	252.0	155.0	97.0	0.6150793650793651	0.632258064516129	0.15806451612903225	0.13095238095238096	0.8151444897581666	84.0	97.0	100.0	0.6	20.0	0.08	1.959963984540054	0.01	2.0	10.0	0.02	0.2631822386679
holdout	missing_tail_program	14010	rc2_unweighted	target	0.6310809425894418	0.6777777777777778	0.47619047619047616	not_applicable																									
holdout	missing_tail_program	14010	rc2_unweighted	reference	0.8939553315006672	0.9111111111111111	0.5714285714285714	not_applicable																									
holdout	missing_tail_program	14010	rc3_soft	target	0.7028980162635166	0.7555555555555555	0.0	not_applicable	0.5427728613569318	0.5678466076696165																							
holdout	missing_tail_program	14010	rc3_soft	reference	0.8925429575665229	0.9333333333333333	0.0	not_applicable	0.5427728613569318	0.5678466076696165																							
holdout	missing_tail_program	14010	mirror_reduction_100	target	0.6525425115339955	0.7222222222222222	0.47619047619047616	sign_only			1.0	0.0	sign_only	304.0	191.0	113.0	0.6282894736842105	0.5968586387434555	0.5968586387434555	0.5968586387434555		191.0	113.0	100.0	0.6	20.0	0.08	1.959963984540054	0.01	2.0	10.0	0.02	
holdout	missing_tail_program	14010	mirror_reduction_100	reference	0.8762576292952292	0.9388888888888889	0.7619047619047619	sign_only			1.0	0.0	sign_only	304.0	191.0	113.0	0.6282894736842105	0.5968586387434555	0.5968586387434555	0.5968586387434555		191.0	113.0	100.0	0.6	20.0	0.08	1.959963984540054	0.01	2.0	10.0	0.02	
holdout	missing_tail_program	14010	mirror_reduction_075	target	0.7074766697316712	0.7555555555555555	0.47619047619047616	enriched_tail			0.75	1.2537325390618224	enriched_tail	304.0	191.0	113.0	0.6282894736842105	0.5968586387434555	0.44764397905759157	0.423841059602649	0.6413499222889913	151.0	113.0	100.0	0.6	20.0	0.08	1.959963984540054	0.01	2.0	10.0	0.02	0.07162930527416511
holdout	missing_tail_program	14010	mirror_reduction_075	reference	0.8712351361964793	0.9611111111111112	0.7619047619047619	enriched_tail			0.75	1.2537325390618224	enriched_tail	304.0	191.0	113.0	0.6282894736842105	0.5968586387434555	0.44764397905759157	0.423841059602649	0.6413499222889913	151.0	113.0	100.0	0.6	20.0	0.08	1.959963984540054	0.01	2.0	10.0	0.02	0.07162930527416511
holdout	missing_tail_program	14010	mirror_reduction_050	target	0.7362066867766123	0.7611111111111111	0.7142857142857143	enriched_tail			0.5	1.4744748461798487	enriched_tail	304.0	191.0	113.0	0.6282894736842105	0.5968586387434555	0.29842931937172773	0.2905982905982906	0.7071769001714163	117.0	113.0	100.0	0.6	20.0	0.08	1.959963984540054	0.01	2.0	10.0	0.02	0.13534026948661104
holdout	missing_tail_program	14010	mirror_reduction_050	reference	0.9035673692386523	0.9500000000000001	0.8095238095238095	enriched_tail			0.5	1.4744748461798487	enriched_tail	304.0	191.0	113.0	0.6282894736842105	0.5968586387434555	0.29842931937172773	0.2905982905982906	0.7071769001714163	117.0	113.0	100.0	0.6	20.0	0.08	1.959963984540054	0.01	2.0	10.0	0.02	0.13534026948661104
holdout	missing_tail_program	14010	mirror_reduction_025	target	0.6525425115339955	0.7222222222222222	0.47619047619047616	sign_only			0.25	0.0	sign_only	304.0	191.0	113.0	0.6282894736842105	0.5968586387434555	0.14921465968586387	0.5968586387434555		191.0	113.0	100.0	0.6	20.0	0.08	1.959963984540054	0.01	2.0	10.0	0.02	
holdout	missing_tail_program	14010	mirror_reduction_025	reference	0.8762576292952292	0.9388888888888889	0.7619047619047619	sign_only			0.25	0.0	sign_only	304.0	191.0	113.0	0.6282894736842105	0.5968586387434555	0.14921465968586387	0.5968586387434555		191.0	113.0	100.0	0.6	20.0	0.08	1.959963984540054	0.01	2.0	10.0	0.02	
holdout	missing_tail_program	14011	rc2_unweighted	target	0.6876840937504077	0.7611111111111111	0.5714285714285714	not_applicable																									
holdout	missing_tail_program	14011	rc2_unweighted	reference	0.7371373431166948	0.8622448979591838	0.5714285714285714	not_applicable																									
holdout	missing_tail_program	14011	rc3_soft	target	0.8242215448097813	0.8777777777777778	0.0	not_applicable	0.7471264367816088	0.5933908045977011																							
holdout	missing_tail_program	14011	rc3_soft	reference	0.8016774717284175	0.9183673469387754	0.0	not_applicable	0.7471264367816088	0.5933908045977011																							
holdout	missing_tail_program	14011	mirror_reduction_100	target	0.8235021597789058	0.8666666666666666	0.6190476190476191	sign_only			1.0	0.0	sign_only	260.0	169.0	91.0	0.65	0.5443786982248521	0.5443786982248521	0.5443786982248521		169.0	91.0	100.0	0.6	20.0	0.08	1.959963984540054	0.01	2.0	10.0	0.02	
holdout	missing_tail_program	14011	mirror_reduction_100	reference	0.6594748939374367	0.8724489795918366	0.7619047619047619	sign_only			1.0	0.0	sign_only	260.0	169.0	91.0	0.65	0.5443786982248521	0.5443786982248521	0.5443786982248521		169.0	91.0	100.0	0.6	20.0	0.08	1.959963984540054	0.01	2.0	10.0	0.02	
holdout	missing_tail_program	14011	mirror_reduction_075	target	0.8900696457893954	0.9500000000000001	0.7142857142857143	enriched_tail			0.75	1.423433992640142	enriched_tail	260.0	169.0	91.0	0.65	0.5443786982248521	0.40828402366863903	0.35514018691588783	0.6660238596065403	107.0	91.0	100.0	0.6	20.0	0.08	1.959963984540054	0.01	2.0	10.0	0.02	0.08671518440853587
holdout	missing_tail_program	14011	mirror_reduction_075	reference	0.5880113194735096	0.8367346938775511	0.7142857142857143	enriched_tail			0.75	1.423433992640142	enriched_tail	260.0	169.0	91.0	0.65	0.5443786982248521	0.40828402366863903	0.35514018691588783	0.6660238596065403	107.0	91.0	100.0	0.6	20.0	0.08	1.959963984540054	0.01	2.0	10.0	0.02	0.08671518440853587
holdout	missing_tail_program	14011	mirror_reduction_050	target	0.8944034132774439	0.9500000000000001	0.7142857142857143	enriched_tail			0.5	1.5456040798011437	enriched_tail	260.0	169.0	91.0	0.65	0.5443786982248521	0.27218934911242604	0.2653061224489796	0.7171546781147209	98.0	91.0	100.0	0.6	20.0	0.08	1.959963984540054	0.01	2.0	10.0	0.02	0.10975786573872703
holdout	missing_tail_program	14011	mirror_reduction_050	reference	0.5431710187191489	0.8571428571428571	0.6190476190476191	enriched_tail			0.5	1.5456040798011437	enriched_tail	260.0	169.0	91.0	0.65	0.5443786982248521	0.27218934911242604	0.2653061224489796	0.7171546781147209	98.0	91.0	100.0	0.6	20.0	0.08	1.959963984540054	0.01	2.0	10.0	0.02	0.10975786573872703
holdout	missing_tail_program	14011	mirror_reduction_025	target	0.8990103477093365	0.9555555555555556	0.7142857142857143	enriched_tail			0.25	5.031789076211732	enriched_tail	260.0	169.0	91.0	0.65	0.5443786982248521	0.13609467455621302	0.13095238095238096	0.8151444897581666	84.0	91.0	100.0	0.6	20.0	0.08	1.959963984540054	0.01	2.0	10.0	0.02	0.1887052341597797
holdout	missing_tail_program	14011	mirror_reduction_025	reference	0.5771904500192914	0.8571428571428571	0.8095238095238095	enriched_tail			0.25	5.031789076211732	enriched_tail	260.0	169.0	91.0	0.65	0.5443786982248521	0.13609467455621302	0.13095238095238096	0.8151444897581666	84.0	91.0	100.0	0.6	20.0	0.08	1.959963984540054	0.01	2.0	10.0	0.02	0.1887052341597797
holdout	missing_tail_program	14012	rc2_unweighted	target	0.13581355894441793		0.8571428571428571	not_applicable																									
holdout	missing_tail_program	14012	rc2_unweighted	reference	0.7876916816089988	0.8942307692307692	0.2857142857142857	not_applicable																									
holdout	missing_tail_program	14012	rc3_soft	target	0.1797866299901979		0.0	not_applicable	0.3738317757009346	0.5467289719626168																							
holdout	missing_tail_program	14012	rc3_soft	reference	0.7865987657719083	0.8846153846153847	0.0	not_applicable	0.3738317757009346	0.5467289719626168																							
holdout	missing_tail_program	14012	mirror_reduction_100	target	0.09111438333323904		0.8571428571428571	sign_only			1.0	0.0	sign_only	298.0	183.0	115.0	0.6140939597315436	0.6338797814207651	0.6338797814207651	0.6338797814207651		183.0	115.0	100.0	0.6	20.0	0.08	1.959963984540054	0.01	2.0	10.0	0.02	
holdout	missing_tail_program	14012	mirror_reduction_100	reference	0.8562583644013899	0.9326923076923077	0.47619047619047616	sign_only			1.0	0.0	sign_only	298.0	183.0	115.0	0.6140939597315436	0.6338797814207651	0.6338797814207651	0.6338797814207651		183.0	115.0	100.0	0.6	20.0	0.08	1.959963984540054	0.01	2.0	10.0	0.02	
holdout	missing_tail_program	14012	mirror_reduction_075	target	0.0		0.9047619047619048	enriched_tail			0.75	1.2741174287461976	enriched_tail	298.0	183.0	115.0	0.6140939597315436	0.6338797814207651	0.4754098360655738	0.4520547945205479	0.6266796067654444	146.0	115.0	100.0	0.6	20.0	0.08	1.959963984540054	0.01	2.0	10.0	0.02	0.055619360131255124
holdout	missing_tail_program	14012	mirror_reduction_075	reference	0.8946512014334981	0.9375	0.5238095238095238	enriched_tail			0.75	1.2741174287461976	enriched_tail	298.0	183.0	115.0	0.6140939597315436	0.6338797814207651	0.4754098360655738	0.4520547945205479	0.6266796067654444	146.0	115.0	100.0	0.6	20.0	0.08	1.959963984540054	0.01	2.0	10.0	0.02	0.055619360131255124
holdout	missing_tail_program	14012	mirror_reduction_050	target	-0.13791932109184263		1.0	enriched_tail			0.5	1.4365876890422404	enriched_tail	298.0	183.0	115.0	0.6140939597315436	0.6338797814207651	0.31693989071038253	0.3114754098360656	0.6957837718786681	122.0	115.0	100.0	0.6	20.0	0.08	1.959963984540054	0.01	2.0	10.0	0.02	0.14279058933146982
holdout	missing_tail_program	14012	mirror_reduction_050	reference	0.896934306942078	0.9519230769230769	0.5238095238095238	enriched_tail			0.5	1.4365876890422404	enriched_tail	298.0	183.0	115.0	0.6140939597315436	0.6338797814207651	0.31693989071038253	0.3114754098360656	0.6957837718786681	122.0	115.0	100.0	0.6	20.0	0.08	1.959963984540054	0.01	2.0	10.0	0.02	0.14279058933146982
holdout	missing_tail_program	14012	mirror_reduction_025	target	-0.21852076045841218		0.9523809523809523	enriched_tail			0.25	1.7597362136110895	enriched_tail	298.0	183.0	115.0	0.6140939597315436	0.6338797814207651	0.15846994535519127	0.15384615384615385	0.8024083075931692	104.0	115.0	100.0	0.6	20.0	0.08	1.959963984540054	0.01	2.0	10.0	0.02	0.24176527022705474
holdout	missing_tail_program	14012	mirror_reduction_025	reference	0.9106910039113432	0.9615384615384616	0.3333333333333333	enriched_tail			0.25	1.7597362136110895	enriched_tail	298.0	183.0	115.0	0.6140939597315436	0.6338797814207651	0.15846994535519127	0.15384615384615385	0.8024083075931692	104.0	115.0	100.0	0.6	20.0	0.08	1.959963984540054	0.01	2.0	10.0	0.02	0.24176527022705474
holdout	missing_tail_program	14013	rc2_unweighted	target	0.8896622621410702	0.9	0.5714285714285714	not_applicable																									
holdout	missing_tail_program	14013	rc2_unweighted	reference	0.44360665275070155	0.6586538461538461	0.7619047619047619	not_applicable																									
holdout	missing_tail_program	14013	rc3_soft	target	0.942503791572844	0.9555555555555556	0.0	not_applicable	0.8118811881188117	0.6014851485148515																							
holdout	missing_tail_program	14013	rc3_soft	reference	0.5486032404940638	0.7019230769230769	0.0	not_applicable	0.8118811881188117	0.6014851485148515																							
holdout	missing_tail_program	14013	mirror_reduction_100	target	0.9176540794554318	0.9277777777777777	0.6666666666666666	sign_only			1.0	0.0	sign_only	240.0	160.0	80.0	0.6666666666666666	0.50625	0.50625	0.50625		160.0	80.0	100.0	0.6	20.0	0.08	1.959963984540054	0.01	2.0	10.0	0.02	
holdout	missing_tail_program	14013	mirror_reduction_100	reference	0.6729081820068692	0.7788461538461539	0.7619047619047619	sign_only			1.0	0.0	sign_only	240.0	160.0	80.0	0.6666666666666666	0.50625	0.50625	0.50625		160.0	80.0	100.0	0.6	20.0	0.08	1.959963984540054	0.01	2.0	10.0	0.02	
holdout	missing_tail_program	14013	mirror_reduction_075	target	0.8966913449708741	0.8888888888888888	0.5714285714285714	enriched_tail			0.75	1.3144580962152481	enriched_tail	240.0	160.0	80.0	0.6666666666666666	0.50625	0.37968749999999996	0.3252032520325203	0.6879087991241821	123.0	80.0	100.0	0.6	20.0	0.08	1.959963984540054	0.01	2.0	10.0	0.02	0.0768247008312779
holdout	missing_tail_program	14013	mirror_reduction_075	reference	0.6047514812074044	0.7355769230769231	0.7142857142857143	enriched_tail			0.75	1.3144580962152481	enriched_tail	240.0	160.0	80.0	0.6666666666666666	0.50625	0.37968749999999996	0.3252032520325203	0.6879087991241821	123.0	80.0	100.0	0.6	20.0	0.08	1.959963984540054	0.01	2.0	10.0	0.02	0.0768247008312779
holdout	missing_tail_program	14013	mirror_reduction_050	target	0.8980032562290611	0.888888888888889	0.5714285714285714	enriched_tail			0.5	1.3684086925693169	enriched_tail	240.0	160.0	80.0	0.6666666666666666	0.50625	0.253125	0.24347826086956523	0.7374897418867423	115.0	80.0	100.0	0.6	20.0	0.08	1.959963984540054	0.01	2.0	10.0	0.02	0.12587412587412594
holdout	missing_tail_program	14013	mirror_reduction_050	reference	0.6519182919410991	0.7548076923076923	0.6666666666666666	enriched_tail			0.5	1.3684086925693169	enriched_tail	240.0	160.0	80.0	0.6666666666666666	0.50625	0.253125	0.24347826086956523	0.7374897418867423	115.0	80.0	100.0	0.6	20.0	0.08	1.959963984540054	0.01	2.0	10.0	0.02	0.12587412587412594
holdout	missing_tail_program	14013	mirror_reduction_025	target	0.9068586572218238	0.9	0.5714285714285714	enriched_tail			0.25	1.521244176586955	enriched_tail	240.0	160.0	80.0	0.6666666666666666	0.50625	0.1265625	0.11926605504587157	0.8346307100233649	109.0	80.0	100.0	0.6	20.0	0.08	1.959963984540054	0.01	2.0	10.0	0.02	0.23464665415884922
holdout	missing_tail_program	14013	mirror_reduction_025	reference	0.6772948456841927	0.7740384615384616	0.7619047619047619	enriched_tail			0.25	1.521244176586955	enriched_tail	240.0	160.0	80.0	0.6666666666666666	0.50625	0.1265625	0.11926605504587157	0.8346307100233649	109.0	80.0	100.0	0.6	20.0	0.08	1.959963984540054	0.01	2.0	10.0	0.02	0.23464665415884922
holdout	missing_tail_program	14014	rc2_unweighted	target	0.7274805727339496	0.846938775510204	0.42857142857142855	not_applicable																									
holdout	missing_tail_program	14014	rc2_unweighted	reference	0.5780244340589553	0.8055555555555555	0.7619047619047619	not_applicable																									
holdout	missing_tail_program	14014	rc3_soft	target	0.7632725711409277	0.8775510204081632	0.0	not_applicable	0.8424543946932008	0.6053067993366501																							
holdout	missing_tail_program	14014	rc3_soft	reference	0.6294499903708343	0.8148148148148148	0.0	not_applicable	0.8424543946932008	0.6053067993366501																							
holdout	missing_tail_program	14014	mirror_reduction_100	target	0.7497550220414804	0.8571428571428571	0.47619047619047616	sign_only			1.0	0.0	sign_only	267.0	173.0	94.0	0.6479400749063671	0.5491329479768786	0.5491329479768786	0.5491329479768786		173.0	94.0	100.0	0.6	20.0	0.08	1.959963984540054	0.01	2.0	10.0	0.02	
holdout	missing_tail_program	14014	mirror_reduction_100	reference	0.6489970833295975	0.8796296296296297	0.8095238095238095	sign_only			1.0	0.0	sign_only	267.0	173.0	94.0	0.6479400749063671	0.5491329479768786	0.5491329479768786	0.5491329479768786		173.0	94.0	100.0	0.6	20.0	0.08	1.959963984540054	0.01	2.0	10.0	0.02	
holdout	missing_tail_program	14014	mirror_reduction_075	target	0.8471380666943329	0.8979591836734694	0.5238095238095238	enriched_tail			0.75	1.5024033900105294	enriched_tail	267.0	173.0	94.0	0.6479400749063671	0.5491329479768786	0.411849710982659	0.3548387096774194	0.6610171570738386	93.0	94.0	100.0	0.6	20.0	0.08	1.959963984540054	0.01	2.0	10.0	0.02	0.07873675102747135
holdout	missing_tail_program	14014	mirror_reduction_075	reference	0.6515970409535569	0.9212962962962963	0.8571428571428571	enriched_tail			0.75	1.5024033900105294	enriched_tail	267.0	173.0	94.0	0.6479400749063671	0.5491329479768786	0.411849710982659	0.3548387096774194	0.6610171570738386	93.0	94.0	100.0	0.6	20.0	0.08	1.959963984540054	0.01	2.0	10.0	0.02	0.07873675102747135
holdout	missing_tail_program	14014	mirror_reduction_050	target	0.8471380666943329	0.8979591836734694	0.5238095238095238	enriched_tail			0.5	1.6280675153635258	enriched_tail	267.0	173.0	94.0	0.6479400749063671	0.5491329479768786	0.2745664739884393	0.26666666666666666	0.7130598987645332	90.0	94.0	100.0	0.6	20.0	0.08	1.959963984540054	0.01	2.0	10.0	0.02	0.12898550724637692
holdout	missing_tail_program	14014	mirror_reduction_050	reference	0.6811535370806069	0.9398148148148148	0.8571428571428571	enriched_tail			0.5	1.6280675153635258	enriched_tail	267.0	173.0	94.0	0.6479400749063671	0.5491329479768786	0.2745664739884393	0.26666666666666666	0.7130598987645332	90.0	94.0	100.0	0.6	20.0	0.08	1.959963984540054	0.01	2.0	10.0	0.02	0.12898550724637692
holdout	missing_tail_program	14014	mirror_reduction_025	target	0.7497550220414804	0.8571428571428571	0.47619047619047616	sign_only			0.25	0.0	sign_only	267.0	173.0	94.0	0.6479400749063671	0.5491329479768786	0.13728323699421965	0.5491329479768786		173.0	94.0	100.0	0.6	20.0	0.08	1.959963984540054	0.01	2.0	10.0	0.02	
holdout	missing_tail_program	14014	mirror_reduction_025	reference	0.6489970833295975	0.8796296296296297	0.8095238095238095	sign_only			0.25	0.0	sign_only	267.0	173.0	94.0	0.6479400749063671	0.5491329479768786	0.13728323699421965	0.5491329479768786		173.0	94.0	100.0	0.6	20.0	0.08	1.959963984540054	0.01	2.0	10.0	0.02	
holdout	missing_tail_program	14015	rc2_unweighted	target	0.6917548288451811	0.788888888888889	0.47619047619047616	not_applicable																									
holdout	missing_tail_program	14015	rc2_unweighted	reference	0.8428162101026854	0.8979591836734694	0.3333333333333333	not_applicable																									
holdout	missing_tail_program	14015	rc3_soft	target	0.6803084967519505	0.7888888888888889	0.09523809523809523	not_applicable	0.5645645645645647	0.5705705705705706																							
holdout	missing_tail_program	14015	rc3_soft	reference	0.8850657290334358	0.9183673469387754	0.0	not_applicable	0.5645645645645647	0.5705705705705706																							
holdout	missing_tail_program	14015	mirror_reduction_100	target	0.7011119283652778	0.8166666666666667	0.7619047619047619	sign_only			1.0	0.0	sign_only	272.0	180.0	92.0	0.6617647058823529	0.5166666666666667	0.5166666666666667	0.5166666666666667		180.0	92.0	100.0	0.6	20.0	0.08	1.959963984540054	0.01	2.0	10.0	0.02	
holdout	missing_tail_program	14015	mirror_reduction_100	reference	0.8762500115207871	0.9030612244897959	0.42857142857142855	sign_only			1.0	0.0	sign_only	272.0	180.0	92.0	0.6617647058823529	0.5166666666666667	0.5166666666666667	0.5166666666666667		180.0	92.0	100.0	0.6	20.0	0.08	1.959963984540054	0.01	2.0	10.0	0.02	
holdout	missing_tail_program	14015	mirror_reduction_075	target	0.76256597424622	0.9	0.8095238095238095	enriched_tail			0.75	1.337109726405755	enriched_tail	272.0	180.0	92.0	0.6617647058823529	0.5166666666666667	0.38750000000000007	0.34108527131782945	0.680304659601744	129.0	92.0	100.0	0.6	20.0	0.08	1.959963984540054	0.01	2.0	10.0	0.02	0.08463872713852216
holdout	missing_tail_program	14015	mirror_reduction_075	reference	0.8969691207985354	0.9234693877551021	0.5714285714285714	enriched_tail			0.75	1.337109726405755	enriched_tail	272.0	180.0	92.0	0.6617647058823529	0.5166666666666667	0.38750000000000007	0.34108527131782945	0.680304659601744	129.0	92.0	100.0	0.6	20.0	0.08	1.959963984540054	0.01	2.0	10.0	0.02	0.08463872713852216
holdout	missing_tail_program	14015	mirror_reduction_050	target	0.747119063482981	0.9	0.8571428571428571	enriched_tail			0.5	1.4136809536299284	enriched_tail	272.0	180.0	92.0	0.6617647058823529	0.5166666666666667	0.25833333333333336	0.25203252032520324	0.7338979899689807	123.0	92.0	100.0	0.6	20.0	0.08	1.959963984540054	0.01	2.0	10.0	0.02	0.14053404786103674
holdout	missing_tail_program	14015	mirror_reduction_050	reference	0.8861385386593654	0.9183673469387755	0.5714285714285714	enriched_tail			0.5	1.4136809536299284	enriched_tail	272.0	180.0	92.0	0.6617647058823529	0.5166666666666667	0.25833333333333336	0.25203252032520324	0.7338979899689807	123.0	92.0	100.0	0.6	20.0	0.08	1.959963984540054	0.01	2.0	10.0	0.02	0.14053404786103674
holdout	missing_tail_program	14015	mirror_reduction_025	target	0.7355538178814941	0.8888888888888888	0.8571428571428571	enriched_tail			0.25	1.795082546685777	enriched_tail	272.0	180.0	92.0	0.6617647058823529	0.5166666666666667	0.12916666666666668	0.1262135922330097	0.8264310773606731	103.0	92.0	100.0	0.6	20.0	0.08	1.959963984540054	0.01	2.0	10.0	0.02	0.22619047619047628
holdout	missing_tail_program	14015	mirror_reduction_025	reference	0.8694003662624663	0.923469387755102	0.5714285714285714	enriched_tail			0.25	1.795082546685777	enriched_tail	272.0	180.0	92.0	0.6617647058823529	0.5166666666666667	0.12916666666666668	0.1262135922330097	0.8264310773606731	103.0	92.0	100.0	0.6	20.0	0.08	1.959963984540054	0.01	2.0	10.0	0.02	0.22619047619047628
holdout	missing_tail_program	14016	rc2_unweighted	target	0.8573336681943496	0.8500000000000001	0.6666666666666666	not_applicable																									
holdout	missing_tail_program	14016	rc2_unweighted	reference	0.6679783793790527	0.8775510204081634	0.6666666666666666	not_applicable																									
holdout	missing_tail_program	14016	rc3_soft	target	0.8564193983634479	0.8555555555555556	0.0	not_applicable	0.4915514592933947	0.5614439324116743																							
holdout	missing_tail_program	14016	rc3_soft	reference	0.6544993958389171	0.8775510204081634	0.09523809523809523	not_applicable	0.4915514592933947	0.5614439324116743																							
holdout	missing_tail_program	14016	mirror_reduction_100	target	0.8573336681943496	0.8500000000000001	0.6666666666666666	no_gate			1.0		no_gate	292.0	164.0	128.0	0.5616438356164384	0.7865853658536586				164.0	0.0	100.0	0.6	20.0	0.08	1.959963984540054	0.01	2.0	10.0	0.02	
holdout	missing_tail_program	14016	mirror_reduction_100	reference	0.6679783793790527	0.8775510204081634	0.6666666666666666	no_gate			1.0		no_gate	292.0	164.0	128.0	0.5616438356164384	0.7865853658536586				164.0	0.0	100.0	0.6	20.0	0.08	1.959963984540054	0.01	2.0	10.0	0.02	
holdout	missing_tail_program	14016	mirror_reduction_075	target	0.8573336681943496	0.8500000000000001	0.6666666666666666	no_gate			0.75		no_gate	292.0	164.0	128.0	0.5616438356164384	0.7865853658536586				164.0	0.0	100.0	0.6	20.0	0.08	1.959963984540054	0.01	2.0	10.0	0.02	
holdout	missing_tail_program	14016	mirror_reduction_075	reference	0.6679783793790527	0.8775510204081634	0.6666666666666666	no_gate			0.75		no_gate	292.0	164.0	128.0	0.5616438356164384	0.7865853658536586				164.0	0.0	100.0	0.6	20.0	0.08	1.959963984540054	0.01	2.0	10.0	0.02	
holdout	missing_tail_program	14016	mirror_reduction_050	target	0.8573336681943496	0.8500000000000001	0.6666666666666666	no_gate			0.5		no_gate	292.0	164.0	128.0	0.5616438356164384	0.7865853658536586				164.0	0.0	100.0	0.6	20.0	0.08	1.959963984540054	0.01	2.0	10.0	0.02	
holdout	missing_tail_program	14016	mirror_reduction_050	reference	0.6679783793790527	0.8775510204081634	0.6666666666666666	no_gate			0.5		no_gate	292.0	164.0	128.0	0.5616438356164384	0.7865853658536586				164.0	0.0	100.0	0.6	20.0	0.08	1.959963984540054	0.01	2.0	10.0	0.02	
holdout	missing_tail_program	14016	mirror_reduction_025	target	0.8573336681943496	0.8500000000000001	0.6666666666666666	no_gate			0.25		no_gate	292.0	164.0	128.0	0.5616438356164384	0.7865853658536586				164.0	0.0	100.0	0.6	20.0	0.08	1.959963984540054	0.01	2.0	10.0	0.02	
holdout	missing_tail_program	14016	mirror_reduction_025	reference	0.6679783793790527	0.8775510204081634	0.6666666666666666	no_gate			0.25		no_gate	292.0	164.0	128.0	0.5616438356164384	0.7865853658536586				164.0	0.0	100.0	0.6	20.0	0.08	1.959963984540054	0.01	2.0	10.0	0.02	
holdout	diffuse_program	14001	rc2_unweighted	target	0.9007520979240845	0.9277777777777778	0.5714285714285714	not_applicable																									
holdout	diffuse_program	14001	rc2_unweighted	reference	0.3038561698873221	0.7388888888888889	0.6666666666666666	not_applicable																									
holdout	diffuse_program	14001	rc3_soft	target	0.9154213924243798	0.9333333333333333	0.0	not_applicable	0.7407407407407405	0.5925925925925926																							
holdout	diffuse_program	14001	rc3_soft	reference	0.4721129940828018	0.7333333333333334	0.0	not_applicable	0.7407407407407405	0.5925925925925926																							
holdout	diffuse_program	14001	mirror_reduction_100	target	0.9223495445951043	0.9388888888888889	0.6190476190476191	sign_only			1.0	0.0	sign_only	486.0	325.0	161.0	0.668724279835391	0.49846153846153846	0.49846153846153846	0.49846153846153846		325.0	161.0	100.0	0.6	20.0	0.08	1.959963984540054	0.01	2.0	10.0	0.02	
holdout	diffuse_program	14001	mirror_reduction_100	reference	0.46079297552162624	0.6111111111111112	0.8571428571428571	sign_only			1.0	0.0	sign_only	486.0	325.0	161.0	0.668724279835391	0.49846153846153846	0.49846153846153846	0.49846153846153846		325.0	161.0	100.0	0.6	20.0	0.08	1.959963984540054	0.01	2.0	10.0	0.02	
holdout	diffuse_program	14001	mirror_reduction_075	target	0.9223495445951043	0.9388888888888889	0.6190476190476191	sign_only			0.75	0.0	sign_only	486.0	325.0	161.0	0.668724279835391	0.49846153846153846	0.37384615384615383	0.49846153846153846		325.0	161.0	100.0	0.6	20.0	0.08	1.959963984540054	0.01	2.0	10.0	0.02	
holdout	diffuse_program	14001	mirror_reduction_075	reference	0.46079297552162624	0.6111111111111112	0.8571428571428571	sign_only			0.75	0.0	sign_only	486.0	325.0	161.0	0.668724279835391	0.49846153846153846	0.37384615384615383	0.49846153846153846		325.0	161.0	100.0	0.6	20.0	0.08	1.959963984540054	0.01	2.0	10.0	0.02	
holdout	diffuse_program	14001	mirror_reduction_050	target	0.9223495445951043	0.9388888888888889	0.6190476190476191	sign_only			0.5	0.0	sign_only	486.0	325.0	161.0	0.668724279835391	0.49846153846153846	0.24923076923076923	0.49846153846153846		325.0	161.0	100.0	0.6	20.0	0.08	1.959963984540054	0.01	2.0	10.0	0.02	
holdout	diffuse_program	14001	mirror_reduction_050	reference	0.46079297552162624	0.6111111111111112	0.8571428571428571	sign_only			0.5	0.0	sign_only	486.0	325.0	161.0	0.668724279835391	0.49846153846153846	0.24923076923076923	0.49846153846153846		325.0	161.0	100.0	0.6	20.0	0.08	1.959963984540054	0.01	2.0	10.0	0.02	
holdout	diffuse_program	14001	mirror_reduction_025	target	0.9223495445951043	0.9388888888888889	0.6190476190476191	sign_only			0.25	0.0	sign_only	486.0	325.0	161.0	0.668724279835391	0.49846153846153846	0.12461538461538461	0.49846153846153846		325.0	161.0	100.0	0.6	20.0	0.08	1.959963984540054	0.01	2.0	10.0	0.02	
holdout	diffuse_program	14001	mirror_reduction_025	reference	0.46079297552162624	0.6111111111111112	0.8571428571428571	sign_only			0.25	0.0	sign_only	486.0	325.0	161.0	0.668724279835391	0.49846153846153846	0.12461538461538461	0.49846153846153846		325.0	161.0	100.0	0.6	20.0	0.08	1.959963984540054	0.01	2.0	10.0	0.02	
holdout	diffuse_program	14002	rc2_unweighted	target	0.7856265825231566	0.9277777777777777	0.7142857142857143	not_applicable																									
holdout	diffuse_program	14002	rc2_unweighted	reference	0.7181077054311411	0.8571428571428571	0.5238095238095238	not_applicable																									
holdout	diffuse_program	14002	rc3_soft	target	0.7148954359615648	0.8666666666666667	0.0	not_applicable	0.8444444444444441	0.6055555555555555																							
holdout	diffuse_program	14002	rc3_soft	reference	0.7243754556493462	0.8979591836734693	0.0	not_applicable	0.8444444444444441	0.6055555555555555																							
holdout	diffuse_program	14002	mirror_reduction_100	target	0.7203303467466533	0.8722222222222222	0.8095238095238095	sign_only			1.0	0.0	sign_only	415.0	274.0	141.0	0.6602409638554216	0.5182481751824818	0.5182481751824818	0.5182481751824818		274.0	141.0	100.0	0.6	20.0	0.08	1.959963984540054	0.01	2.0	10.0	0.02	
holdout	diffuse_program	14002	mirror_reduction_100	reference	0.6679751402840874	0.8877551020408162	0.7619047619047619	sign_only			1.0	0.0	sign_only	415.0	274.0	141.0	0.6602409638554216	0.5182481751824818	0.5182481751824818	0.5182481751824818		274.0	141.0	100.0	0.6	20.0	0.08	1.959963984540054	0.01	2.0	10.0	0.02	
holdout	diffuse_program	14002	mirror_reduction_075	target	0.7203303467466533	0.8722222222222222	0.8095238095238095	sign_only			0.75	0.0	sign_only	415.0	274.0	141.0	0.6602409638554216	0.5182481751824818	0.38868613138686137	0.5182481751824818		274.0	141.0	100.0	0.6	20.0	0.08	1.959963984540054	0.01	2.0	10.0	0.02	
holdout	diffuse_program	14002	mirror_reduction_075	reference	0.6679751402840874	0.8877551020408162	0.7619047619047619	sign_only			0.75	0.0	sign_only	415.0	274.0	141.0	0.6602409638554216	0.5182481751824818	0.38868613138686137	0.5182481751824818		274.0	141.0	100.0	0.6	20.0	0.08	1.959963984540054	0.01	2.0	10.0	0.02	
holdout	diffuse_program	14002	mirror_reduction_050	target	0.7203303467466533	0.8722222222222222	0.8095238095238095	sign_only			0.5	0.0	sign_only	415.0	274.0	141.0	0.6602409638554216	0.5182481751824818	0.2591240875912409	0.5182481751824818		274.0	141.0	100.0	0.6	20.0	0.08	1.959963984540054	0.01	2.0	10.0	0.02	
holdout	diffuse_program	14002	mirror_reduction_050	reference	0.6679751402840874	0.8877551020408162	0.7619047619047619	sign_only			0.5	0.0	sign_only	415.0	274.0	141.0	0.6602409638554216	0.5182481751824818	0.2591240875912409	0.5182481751824818		274.0	141.0	100.0	0.6	20.0	0.08	1.959963984540054	0.01	2.0	10.0	0.02	
holdout	diffuse_program	14002	mirror_reduction_025	target	0.7203303467466533	0.8722222222222222	0.8095238095238095	sign_only			0.25	0.0	sign_only	415.0	274.0	141.0	0.6602409638554216	0.5182481751824818	0.12956204379562045	0.5182481751824818		274.0	141.0	100.0	0.6	20.0	0.08	1.959963984540054	0.01	2.0	10.0	0.02	
holdout	diffuse_program	14002	mirror_reduction_025	reference	0.6679751402840874	0.8877551020408162	0.7619047619047619	sign_only			0.25	0.0	sign_only	415.0	274.0	141.0	0.6602409638554216	0.5182481751824818	0.12956204379562045	0.5182481751824818		274.0	141.0	100.0	0.6	20.0	0.08	1.959963984540054	0.01	2.0	10.0	0.02	
holdout	diffuse_program	14003	rc2_unweighted	target	0.7101420517796734	0.8163265306122449	0.47619047619047616	not_applicable																									
holdout	diffuse_program	14003	rc2_unweighted	reference	0.5834812458070389	0.7555555555555555	0.7142857142857143	not_applicable																									
holdout	diffuse_program	14003	rc3_soft	target	0.781930823381707	0.8673469387755102	0.0	not_applicable	0.8703703703703702	0.6087962962962963																							
holdout	diffuse_program	14003	rc3_soft	reference	0.7373119624640347	0.8666666666666667	0.0	not_applicable	0.8703703703703702	0.6087962962962963																							
holdout	diffuse_program	14003	mirror_reduction_100	target	0.7809246446661903	0.8673469387755103	0.47619047619047616	sign_only			1.0	0.0	sign_only	484.0	309.0	175.0	0.6384297520661157	0.56957928802589	0.56957928802589	0.56957928802589		309.0	175.0	100.0	0.6	20.0	0.08	1.959963984540054	0.01	2.0	10.0	0.02	
holdout	diffuse_program	14003	mirror_reduction_100	reference	0.7552125190004568	0.8666666666666667	0.9047619047619048	sign_only			1.0	0.0	sign_only	484.0	309.0	175.0	0.6384297520661157	0.56957928802589	0.56957928802589	0.56957928802589		309.0	175.0	100.0	0.6	20.0	0.08	1.959963984540054	0.01	2.0	10.0	0.02	
holdout	diffuse_program	14003	mirror_reduction_075	target	0.7809246446661903	0.8673469387755103	0.47619047619047616	sign_only			0.75	0.0	sign_only	484.0	309.0	175.0	0.6384297520661157	0.56957928802589	0.4271844660194175	0.56957928802589		309.0	175.0	100.0	0.6	20.0	0.08	1.959963984540054	0.01	2.0	10.0	0.02	
holdout	diffuse_program	14003	mirror_reduction_075	reference	0.7552125190004568	0.8666666666666667	0.9047619047619048	sign_only			0.75	0.0	sign_only	484.0	309.0	175.0	0.6384297520661157	0.56957928802589	0.4271844660194175	0.56957928802589		309.0	175.0	100.0	0.6	20.0	0.08	1.959963984540054	0.01	2.0	10.0	0.02	
holdout	diffuse_program	14003	mirror_reduction_050	target	0.7809246446661903	0.8673469387755103	0.47619047619047616	sign_only			0.5	0.0	sign_only	484.0	309.0	175.0	0.6384297520661157	0.56957928802589	0.284789644012945	0.56957928802589		309.0	175.0	100.0	0.6	20.0	0.08	1.959963984540054	0.01	2.0	10.0	0.02	
holdout	diffuse_program	14003	mirror_reduction_050	reference	0.7552125190004568	0.8666666666666667	0.9047619047619048	sign_only			0.5	0.0	sign_only	484.0	309.0	175.0	0.6384297520661157	0.56957928802589	0.284789644012945	0.56957928802589		309.0	175.0	100.0	0.6	20.0	0.08	1.959963984540054	0.01	2.0	10.0	0.02	
holdout	diffuse_program	14003	mirror_reduction_025	target	0.7809246446661903	0.8673469387755103	0.47619047619047616	sign_only			0.25	0.0	sign_only	484.0	309.0	175.0	0.6384297520661157	0.56957928802589	0.1423948220064725	0.56957928802589		309.0	175.0	100.0	0.6	20.0	0.08	1.959963984540054	0.01	2.0	10.0	0.02	
holdout	diffuse_program	14003	mirror_reduction_025	reference	0.7552125190004568	0.8666666666666667	0.9047619047619048	sign_only			0.25	0.0	sign_only	484.0	309.0	175.0	0.6384297520661157	0.56957928802589	0.1423948220064725	0.56957928802589		309.0	175.0	100.0	0.6	20.0	0.08	1.959963984540054	0.01	2.0	10.0	0.02	
holdout	diffuse_program	14004	rc2_unweighted	target	0.8301212742136751	0.9666666666666667	0.5238095238095238	not_applicable																									
holdout	diffuse_program	14004	rc2_unweighted	reference	0.7490235322537323	0.826530612244898	0.6666666666666666	not_applicable																									
holdout	diffuse_program	14004	rc3_soft	target	0.799614129375424	0.9666666666666667	0.0	not_applicable	0.8666666666666663	0.6083333333333333																							
holdout	diffuse_program	14004	rc3_soft	reference	0.8434168843557299	0.8877551020408163	0.0	not_applicable	0.8666666666666663	0.6083333333333333																							
holdout	diffuse_program	14004	mirror_reduction_100	target	0.7745099693515425	0.9611111111111111	0.6190476190476191	sign_only			1.0	0.0	sign_only	449.0	293.0	156.0	0.6525612472160356	0.5358361774744027	0.5358361774744027	0.5358361774744027		293.0	156.0	100.0	0.6	20.0	0.08	1.959963984540054	0.01	2.0	10.0	0.02	
holdout	diffuse_program	14004	mirror_reduction_100	reference	0.8370789000157162	0.8928571428571429	0.8095238095238095	sign_only			1.0	0.0	sign_only	449.0	293.0	156.0	0.6525612472160356	0.5358361774744027	0.5358361774744027	0.5358361774744027		293.0	156.0	100.0	0.6	20.0	0.08	1.959963984540054	0.01	2.0	10.0	0.02	
holdout	diffuse_program	14004	mirror_reduction_075	target	0.7745099693515425	0.9611111111111111	0.6190476190476191	sign_only			0.75	0.0	sign_only	449.0	293.0	156.0	0.6525612472160356	0.5358361774744027	0.40187713310580203	0.5358361774744027		293.0	156.0	100.0	0.6	20.0	0.08	1.959963984540054	0.01	2.0	10.0	0.02	
holdout	diffuse_program	14004	mirror_reduction_075	reference	0.8370789000157162	0.8928571428571429	0.8095238095238095	sign_only			0.75	0.0	sign_only	449.0	293.0	156.0	0.6525612472160356	0.5358361774744027	0.40187713310580203	0.5358361774744027		293.0	156.0	100.0	0.6	20.0	0.08	1.959963984540054	0.01	2.0	10.0	0.02	
holdout	diffuse_program	14004	mirror_reduction_050	target	0.7745099693515425	0.9611111111111111	0.6190476190476191	sign_only			0.5	0.0	sign_only	449.0	293.0	156.0	0.6525612472160356	0.5358361774744027	0.26791808873720135	0.5358361774744027		293.0	156.0	100.0	0.6	20.0	0.08	1.959963984540054	0.01	2.0	10.0	0.02	
holdout	diffuse_program	14004	mirror_reduction_050	reference	0.8370789000157162	0.8928571428571429	0.8095238095238095	sign_only			0.5	0.0	sign_only	449.0	293.0	156.0	0.6525612472160356	0.5358361774744027	0.26791808873720135	0.5358361774744027		293.0	156.0	100.0	0.6	20.0	0.08	1.959963984540054	0.01	2.0	10.0	0.02	
holdout	diffuse_program	14004	mirror_reduction_025	target	0.7745099693515425	0.9611111111111111	0.6190476190476191	sign_only			0.25	0.0	sign_only	449.0	293.0	156.0	0.6525612472160356	0.5358361774744027	0.13395904436860068	0.5358361774744027		293.0	156.0	100.0	0.6	20.0	0.08	1.959963984540054	0.01	2.0	10.0	0.02	
holdout	diffuse_program	14004	mirror_reduction_025	reference	0.8370789000157162	0.8928571428571429	0.8095238095238095	sign_only			0.25	0.0	sign_only	449.0	293.0	156.0	0.6525612472160356	0.5358361774744027	0.13395904436860068	0.5358361774744027		293.0	156.0	100.0	0.6	20.0	0.08	1.959963984540054	0.01	2.0	10.0	0.02	
holdout	diffuse_program	14005	rc2_unweighted	target	0.7957606397718914	0.8555555555555556	0.5714285714285714	not_applicable																									
holdout	diffuse_program	14005	rc2_unweighted	reference	0.7151583278913491	0.9027777777777778	0.8571428571428571	not_applicable																									
holdout	diffuse_program	14005	rc3_soft	target	0.8504558556078394	0.9	0.0	not_applicable	0.7777777777777777	0.5972222222222222																							
holdout	diffuse_program	14005	rc3_soft	reference	0.7798781518040232	0.925925925925926	0.0	not_applicable	0.7777777777777777	0.5972222222222222																							
holdout	diffuse_program	14005	mirror_reduction_100	target	0.8731262641848673	0.9166666666666666	0.47619047619047616	sign_only			1.0	0.0	sign_only	469.0	312.0	157.0	0.6652452025586354	0.5064102564102564	0.5064102564102564	0.5064102564102564		312.0	157.0	100.0	0.6	20.0	0.08	1.959963984540054	0.01	2.0	10.0	0.02	
holdout	diffuse_program	14005	mirror_reduction_100	reference	0.7247619370079886	0.9074074074074074	0.8095238095238095	sign_only			1.0	0.0	sign_only	469.0	312.0	157.0	0.6652452025586354	0.5064102564102564	0.5064102564102564	0.5064102564102564		312.0	157.0	100.0	0.6	20.0	0.08	1.959963984540054	0.01	2.0	10.0	0.02	
holdout	diffuse_program	14005	mirror_reduction_075	target	0.8731262641848673	0.9166666666666666	0.47619047619047616	sign_only			0.75	0.0	sign_only	469.0	312.0	157.0	0.6652452025586354	0.5064102564102564	0.3798076923076923	0.5064102564102564		312.0	157.0	100.0	0.6	20.0	0.08	1.959963984540054	0.01	2.0	10.0	0.02	
holdout	diffuse_program	14005	mirror_reduction_075	reference	0.7247619370079886	0.9074074074074074	0.8095238095238095	sign_only			0.75	0.0	sign_only	469.0	312.0	157.0	0.6652452025586354	0.5064102564102564	0.3798076923076923	0.5064102564102564		312.0	157.0	100.0	0.6	20.0	0.08	1.959963984540054	0.01	2.0	10.0	0.02	
holdout	diffuse_program	14005	mirror_reduction_050	target	0.8731262641848673	0.9166666666666666	0.47619047619047616	sign_only			0.5	0.0	sign_only	469.0	312.0	157.0	0.6652452025586354	0.5064102564102564	0.2532051282051282	0.5064102564102564		312.0	157.0	100.0	0.6	20.0	0.08	1.959963984540054	0.01	2.0	10.0	0.02	
holdout	diffuse_program	14005	mirror_reduction_050	reference	0.7247619370079886	0.9074074074074074	0.8095238095238095	sign_only			0.5	0.0	sign_only	469.0	312.0	157.0	0.6652452025586354	0.5064102564102564	0.2532051282051282	0.5064102564102564		312.0	157.0	100.0	0.6	20.0	0.08	1.959963984540054	0.01	2.0	10.0	0.02	
holdout	diffuse_program	14005	mirror_reduction_025	target	0.8731262641848673	0.9166666666666666	0.47619047619047616	sign_only			0.25	0.0	sign_only	469.0	312.0	157.0	0.6652452025586354	0.5064102564102564	0.1266025641025641	0.5064102564102564		312.0	157.0	100.0	0.6	20.0	0.08	1.959963984540054	0.01	2.0	10.0	0.02	
holdout	diffuse_program	14005	mirror_reduction_025	reference	0.7247619370079886	0.9074074074074074	0.8095238095238095	sign_only			0.25	0.0	sign_only	469.0	312.0	157.0	0.6652452025586354	0.5064102564102564	0.1266025641025641	0.5064102564102564		312.0	157.0	100.0	0.6	20.0	0.08	1.959963984540054	0.01	2.0	10.0	0.02	
holdout	diffuse_program	14006	rc2_unweighted	target	0.6446985166220685	0.8557692307692308	0.6190476190476191	not_applicable																									
holdout	diffuse_program	14006	rc2_unweighted	reference	0.7487784613606696	0.8418367346938775	0.38095238095238093	not_applicable																									
holdout	diffuse_program	14006	rc3_soft	target	0.5817915268663808	0.8461538461538461	0.0	not_applicable	0.7518518518518515	0.5939814814814814																							
holdout	diffuse_program	14006	rc3_soft	reference	0.7640761769383042	0.8673469387755103	0.0	not_applicable	0.7518518518518515	0.5939814814814814																							
holdout	diffuse_program	14006	mirror_reduction_100	target	0.5487181631972265	0.846153846153846	0.9047619047619048	sign_only			1.0	0.0	sign_only	447.0	292.0	155.0	0.6532438478747203	0.5342465753424658	0.5342465753424658	0.5342465753424658		292.0	155.0	100.0	0.6	20.0	0.08	1.959963984540054	0.01	2.0	10.0	0.02	
holdout	diffuse_program	14006	mirror_reduction_100	reference	0.7517968531022263	0.8673469387755103	0.5714285714285714	sign_only			1.0	0.0	sign_only	447.0	292.0	155.0	0.6532438478747203	0.5342465753424658	0.5342465753424658	0.5342465753424658		292.0	155.0	100.0	0.6	20.0	0.08	1.959963984540054	0.01	2.0	10.0	0.02	
holdout	diffuse_program	14006	mirror_reduction_075	target	0.5487181631972265	0.846153846153846	0.9047619047619048	sign_only			0.75	0.0	sign_only	447.0	292.0	155.0	0.6532438478747203	0.5342465753424658	0.40068493150684936	0.5342465753424658		292.0	155.0	100.0	0.6	20.0	0.08	1.959963984540054	0.01	2.0	10.0	0.02	
holdout	diffuse_program	14006	mirror_reduction_075	reference	0.7517968531022263	0.8673469387755103	0.5714285714285714	sign_only			0.75	0.0	sign_only	447.0	292.0	155.0	0.6532438478747203	0.5342465753424658	0.40068493150684936	0.5342465753424658		292.0	155.0	100.0	0.6	20.0	0.08	1.959963984540054	0.01	2.0	10.0	0.02	
holdout	diffuse_program	14006	mirror_reduction_050	target	0.5487181631972265	0.846153846153846	0.9047619047619048	sign_only			0.5	0.0	sign_only	447.0	292.0	155.0	0.6532438478747203	0.5342465753424658	0.2671232876712329	0.5342465753424658		292.0	155.0	100.0	0.6	20.0	0.08	1.959963984540054	0.01	2.0	10.0	0.02	
holdout	diffuse_program	14006	mirror_reduction_050	reference	0.7517968531022263	0.8673469387755103	0.5714285714285714	sign_only			0.5	0.0	sign_only	447.0	292.0	155.0	0.6532438478747203	0.5342465753424658	0.2671232876712329	0.5342465753424658		292.0	155.0	100.0	0.6	20.0	0.08	1.959963984540054	0.01	2.0	10.0	0.02	
holdout	diffuse_program	14006	mirror_reduction_025	target	0.5487181631972265	0.846153846153846	0.9047619047619048	sign_only			0.25	0.0	sign_only	447.0	292.0	155.0	0.6532438478747203	0.5342465753424658	0.13356164383561644	0.5342465753424658		292.0	155.0	100.0	0.6	20.0	0.08	1.959963984540054	0.01	2.0	10.0	0.02	
holdout	diffuse_program	14006	mirror_reduction_025	reference	0.7517968531022263	0.8673469387755103	0.5714285714285714	sign_only			0.25	0.0	sign_only	447.0	292.0	155.0	0.6532438478747203	0.5342465753424658	0.13356164383561644	0.5342465753424658		292.0	155.0	100.0	0.6	20.0	0.08	1.959963984540054	0.01	2.0	10.0	0.02	
holdout	diffuse_program	14007	rc2_unweighted	target	0.8865642389542849	0.8833333333333333	0.6190476190476191	not_applicable																									
holdout	diffuse_program	14007	rc2_unweighted	reference	0.8390364692793926	0.9333333333333333	0.5714285714285714	not_applicable																									
holdout	diffuse_program	14007	rc3_soft	target	0.9022769006317727	0.9	0.0	not_applicable	0.7851851851851848	0.5981481481481481																							
holdout	diffuse_program	14007	rc3_soft	reference	0.9083450100120932	0.9555555555555556	0.09523809523809523	not_applicable	0.7851851851851848	0.5981481481481481																							
holdout	diffuse_program	14007	mirror_reduction_100	target	0.887724663847513	0.8944444444444445	0.7619047619047619	sign_only			1.0	0.0	sign_only	466.0	302.0	164.0	0.648068669527897	0.5463576158940397	0.5463576158940397	0.5463576158940397		302.0	164.0	100.0	0.6	20.0	0.08	1.959963984540054	0.01	2.0	10.0	0.02	
holdout	diffuse_program	14007	mirror_reduction_100	reference	0.9085265244272542	0.9666666666666667	0.8095238095238095	sign_only			1.0	0.0	sign_only	466.0	302.0	164.0	0.648068669527897	0.5463576158940397	0.5463576158940397	0.5463576158940397		302.0	164.0	100.0	0.6	20.0	0.08	1.959963984540054	0.01	2.0	10.0	0.02	
holdout	diffuse_program	14007	mirror_reduction_075	target	0.887724663847513	0.8944444444444445	0.7619047619047619	sign_only			0.75	0.0	sign_only	466.0	302.0	164.0	0.648068669527897	0.5463576158940397	0.4097682119205298	0.5463576158940397		302.0	164.0	100.0	0.6	20.0	0.08	1.959963984540054	0.01	2.0	10.0	0.02	
holdout	diffuse_program	14007	mirror_reduction_075	reference	0.9085265244272542	0.9666666666666667	0.8095238095238095	sign_only			0.75	0.0	sign_only	466.0	302.0	164.0	0.648068669527897	0.5463576158940397	0.4097682119205298	0.5463576158940397		302.0	164.0	100.0	0.6	20.0	0.08	1.959963984540054	0.01	2.0	10.0	0.02	
holdout	diffuse_program	14007	mirror_reduction_050	target	0.887724663847513	0.8944444444444445	0.7619047619047619	sign_only			0.5	0.0	sign_only	466.0	302.0	164.0	0.648068669527897	0.5463576158940397	0.2731788079470199	0.5463576158940397		302.0	164.0	100.0	0.6	20.0	0.08	1.959963984540054	0.01	2.0	10.0	0.02	
holdout	diffuse_program	14007	mirror_reduction_050	reference	0.9085265244272542	0.9666666666666667	0.8095238095238095	sign_only			0.5	0.0	sign_only	466.0	302.0	164.0	0.648068669527897	0.5463576158940397	0.2731788079470199	0.5463576158940397		302.0	164.0	100.0	0.6	20.0	0.08	1.959963984540054	0.01	2.0	10.0	0.02	
holdout	diffuse_program	14007	mirror_reduction_025	target	0.887724663847513	0.8944444444444445	0.7619047619047619	sign_only			0.25	0.0	sign_only	466.0	302.0	164.0	0.648068669527897	0.5463576158940397	0.13658940397350994	0.5463576158940397		302.0	164.0	100.0	0.6	20.0	0.08	1.959963984540054	0.01	2.0	10.0	0.02	
holdout	diffuse_program	14007	mirror_reduction_025	reference	0.9085265244272542	0.9666666666666667	0.8095238095238095	sign_only			0.25	0.0	sign_only	466.0	302.0	164.0	0.648068669527897	0.5463576158940397	0.13658940397350994	0.5463576158940397		302.0	164.0	100.0	0.6	20.0	0.08	1.959963984540054	0.01	2.0	10.0	0.02	
holdout	diffuse_program	14008	rc2_unweighted	target	0.9271048449424815	0.979591836734694	0.7142857142857143	not_applicable																									
holdout	diffuse_program	14008	rc2_unweighted	reference	0.7473862594613856	0.8277777777777777	0.6666666666666666	not_applicable																									
holdout	diffuse_program	14008	rc3_soft	target	0.9152515953736424	0.9795918367346939	0.0	not_applicable	0.7629629629629626	0.5953703703703703																							
holdout	diffuse_program	14008	rc3_soft	reference	0.8125027550731493	0.8666666666666667	0.0	not_applicable	0.7629629629629626	0.5953703703703703																							
holdout	diffuse_program	14008	mirror_reduction_100	target	0.8818481848184818	0.9693877551020408	0.6190476190476191	sign_only			1.0	0.0	sign_only	444.0	299.0	145.0	0.6734234234234234	0.4882943143812709	0.4882943143812709	0.4882943143812709		299.0	145.0	100.0	0.6	20.0	0.08	1.959963984540054	0.01	2.0	10.0	0.02	
holdout	diffuse_program	14008	mirror_reduction_100	reference	0.7822828364323675	0.8666666666666667	0.7619047619047619	sign_only			1.0	0.0	sign_only	444.0	299.0	145.0	0.6734234234234234	0.4882943143812709	0.4882943143812709	0.4882943143812709		299.0	145.0	100.0	0.6	20.0	0.08	1.959963984540054	0.01	2.0	10.0	0.02	
holdout	diffuse_program	14008	mirror_reduction_075	target	0.8818481848184818	0.9693877551020408	0.6190476190476191	sign_only			0.75	0.0	sign_only	444.0	299.0	145.0	0.6734234234234234	0.4882943143812709	0.36622073578595316	0.4882943143812709		299.0	145.0	100.0	0.6	20.0	0.08	1.959963984540054	0.01	2.0	10.0	0.02	
holdout	diffuse_program	14008	mirror_reduction_075	reference	0.7822828364323675	0.8666666666666667	0.7619047619047619	sign_only			0.75	0.0	sign_only	444.0	299.0	145.0	0.6734234234234234	0.4882943143812709	0.36622073578595316	0.4882943143812709		299.0	145.0	100.0	0.6	20.0	0.08	1.959963984540054	0.01	2.0	10.0	0.02	
holdout	diffuse_program	14008	mirror_reduction_050	target	0.8818481848184818	0.9693877551020408	0.6190476190476191	sign_only			0.5	0.0	sign_only	444.0	299.0	145.0	0.6734234234234234	0.4882943143812709	0.24414715719063546	0.4882943143812709		299.0	145.0	100.0	0.6	20.0	0.08	1.959963984540054	0.01	2.0	10.0	0.02	
holdout	diffuse_program	14008	mirror_reduction_050	reference	0.7822828364323675	0.8666666666666667	0.7619047619047619	sign_only			0.5	0.0	sign_only	444.0	299.0	145.0	0.6734234234234234	0.4882943143812709	0.24414715719063546	0.4882943143812709		299.0	145.0	100.0	0.6	20.0	0.08	1.959963984540054	0.01	2.0	10.0	0.02	
holdout	diffuse_program	14008	mirror_reduction_025	target	0.8818481848184818	0.9693877551020408	0.6190476190476191	sign_only			0.25	0.0	sign_only	444.0	299.0	145.0	0.6734234234234234	0.4882943143812709	0.12207357859531773	0.4882943143812709		299.0	145.0	100.0	0.6	20.0	0.08	1.959963984540054	0.01	2.0	10.0	0.02	
holdout	diffuse_program	14008	mirror_reduction_025	reference	0.7822828364323675	0.8666666666666667	0.7619047619047619	sign_only			0.25	0.0	sign_only	444.0	299.0	145.0	0.6734234234234234	0.4882943143812709	0.12207357859531773	0.4882943143812709		299.0	145.0	100.0	0.6	20.0	0.08	1.959963984540054	0.01	2.0	10.0	0.02	
holdout	diffuse_program	14009	rc2_unweighted	target	0.8770538944168315	0.9444444444444445	0.6666666666666666	not_applicable																									
holdout	diffuse_program	14009	rc2_unweighted	reference	0.6055778416371179	0.85	0.6666666666666666	not_applicable																									
holdout	diffuse_program	14009	rc3_soft	target	0.8599394154935148	0.9	0.0	not_applicable	0.7407407407407405	0.5925925925925926																							
holdout	diffuse_program	14009	rc3_soft	reference	0.812183164438168	0.9333333333333333	0.0	not_applicable	0.7407407407407405	0.5925925925925926																							
holdout	diffuse_program	14009	mirror_reduction_100	target	0.844219644486349	0.9000000000000001	0.5238095238095238	sign_only			1.0	0.0	sign_only	457.0	314.0	143.0	0.687089715536105	0.4585987261146497	0.4585987261146497	0.4585987261146497		314.0	143.0	100.0	0.6	20.0	0.08	1.959963984540054	0.01	2.0	10.0	0.02	
holdout	diffuse_program	14009	mirror_reduction_100	reference	0.8079684587256204	0.9166666666666667	0.8571428571428571	sign_only			1.0	0.0	sign_only	457.0	314.0	143.0	0.687089715536105	0.4585987261146497	0.4585987261146497	0.4585987261146497		314.0	143.0	100.0	0.6	20.0	0.08	1.959963984540054	0.01	2.0	10.0	0.02	
holdout	diffuse_program	14009	mirror_reduction_075	target	0.844219644486349	0.9000000000000001	0.5238095238095238	sign_only			0.75	0.0	sign_only	457.0	314.0	143.0	0.687089715536105	0.4585987261146497	0.3439490445859873	0.4585987261146497		314.0	143.0	100.0	0.6	20.0	0.08	1.959963984540054	0.01	2.0	10.0	0.02	
holdout	diffuse_program	14009	mirror_reduction_075	reference	0.8079684587256204	0.9166666666666667	0.8571428571428571	sign_only			0.75	0.0	sign_only	457.0	314.0	143.0	0.687089715536105	0.4585987261146497	0.3439490445859873	0.4585987261146497		314.0	143.0	100.0	0.6	20.0	0.08	1.959963984540054	0.01	2.0	10.0	0.02	
holdout	diffuse_program	14009	mirror_reduction_050	target	0.844219644486349	0.9000000000000001	0.5238095238095238	sign_only			0.5	0.0	sign_only	457.0	314.0	143.0	0.687089715536105	0.4585987261146497	0.22929936305732485	0.4585987261146497		314.0	143.0	100.0	0.6	20.0	0.08	1.959963984540054	0.01	2.0	10.0	0.02	
holdout	diffuse_program	14009	mirror_reduction_050	reference	0.8079684587256204	0.9166666666666667	0.8571428571428571	sign_only			0.5	0.0	sign_only	457.0	314.0	143.0	0.687089715536105	0.4585987261146497	0.22929936305732485	0.4585987261146497		314.0	143.0	100.0	0.6	20.0	0.08	1.959963984540054	0.01	2.0	10.0	0.02	
holdout	diffuse_program	14009	mirror_reduction_025	target	0.844219644486349	0.9000000000000001	0.5238095238095238	sign_only			0.25	0.0	sign_only	457.0	314.0	143.0	0.687089715536105	0.4585987261146497	0.11464968152866242	0.4585987261146497		314.0	143.0	100.0	0.6	20.0	0.08	1.959963984540054	0.01	2.0	10.0	0.02	
holdout	diffuse_program	14009	mirror_reduction_025	reference	0.8079684587256204	0.9166666666666667	0.8571428571428571	sign_only			0.25	0.0	sign_only	457.0	314.0	143.0	0.687089715536105	0.4585987261146497	0.11464968152866242	0.4585987261146497		314.0	143.0	100.0	0.6	20.0	0.08	1.959963984540054	0.01	2.0	10.0	0.02	
holdout	diffuse_program	14010	rc2_unweighted	target	0.866232800248792	1.0	0.47619047619047616	not_applicable																									
holdout	diffuse_program	14010	rc2_unweighted	reference	0.738776075349297	0.9555555555555555	0.5714285714285714	not_applicable																									
holdout	diffuse_program	14010	rc3_soft	target	0.8962613474280388	0.9888888888888889	0.0	not_applicable	0.7851851851851848	0.5981481481481481																							
holdout	diffuse_program	14010	rc3_soft	reference	0.7828027094317885	0.9111111111111112	0.0	not_applicable	0.7851851851851848	0.5981481481481481																							
holdout	diffuse_program	14010	mirror_reduction_100	target	0.9071358268195926	0.9777777777777779	0.6190476190476191	sign_only			1.0	0.0	sign_only	477.0	331.0	146.0	0.6939203354297694	0.44410876132930516	0.44410876132930516	0.44410876132930516		331.0	146.0	100.0	0.6	20.0	0.08	1.959963984540054	0.01	2.0	10.0	0.02	
holdout	diffuse_program	14010	mirror_reduction_100	reference	0.7959178194452582	0.9111111111111111	0.8571428571428571	sign_only			1.0	0.0	sign_only	477.0	331.0	146.0	0.6939203354297694	0.44410876132930516	0.44410876132930516	0.44410876132930516		331.0	146.0	100.0	0.6	20.0	0.08	1.959963984540054	0.01	2.0	10.0	0.02	
holdout	diffuse_program	14010	mirror_reduction_075	target	0.9071358268195926	0.9777777777777779	0.6190476190476191	sign_only			0.75	0.0	sign_only	477.0	331.0	146.0	0.6939203354297694	0.44410876132930516	0.3330815709969789	0.44410876132930516		331.0	146.0	100.0	0.6	20.0	0.08	1.959963984540054	0.01	2.0	10.0	0.02	
holdout	diffuse_program	14010	mirror_reduction_075	reference	0.7959178194452582	0.9111111111111111	0.8571428571428571	sign_only			0.75	0.0	sign_only	477.0	331.0	146.0	0.6939203354297694	0.44410876132930516	0.3330815709969789	0.44410876132930516		331.0	146.0	100.0	0.6	20.0	0.08	1.959963984540054	0.01	2.0	10.0	0.02	
holdout	diffuse_program	14010	mirror_reduction_050	target	0.9071358268195926	0.9777777777777779	0.6190476190476191	sign_only			0.5	0.0	sign_only	477.0	331.0	146.0	0.6939203354297694	0.44410876132930516	0.22205438066465258	0.44410876132930516		331.0	146.0	100.0	0.6	20.0	0.08	1.959963984540054	0.01	2.0	10.0	0.02	
holdout	diffuse_program	14010	mirror_reduction_050	reference	0.7959178194452582	0.9111111111111111	0.8571428571428571	sign_only			0.5	0.0	sign_only	477.0	331.0	146.0	0.6939203354297694	0.44410876132930516	0.22205438066465258	0.44410876132930516		331.0	146.0	100.0	0.6	20.0	0.08	1.959963984540054	0.01	2.0	10.0	0.02	
holdout	diffuse_program	14010	mirror_reduction_025	target	0.9071358268195926	0.9777777777777779	0.6190476190476191	sign_only			0.25	0.0	sign_only	477.0	331.0	146.0	0.6939203354297694	0.44410876132930516	0.11102719033232629	0.44410876132930516		331.0	146.0	100.0	0.6	20.0	0.08	1.959963984540054	0.01	2.0	10.0	0.02	
holdout	diffuse_program	14010	mirror_reduction_025	reference	0.7959178194452582	0.9111111111111111	0.8571428571428571	sign_only			0.25	0.0	sign_only	477.0	331.0	146.0	0.6939203354297694	0.44410876132930516	0.11102719033232629	0.44410876132930516		331.0	146.0	100.0	0.6	20.0	0.08	1.959963984540054	0.01	2.0	10.0	0.02	
holdout	diffuse_program	14011	rc2_unweighted	target	0.7202761051596863	0.7222222222222222	0.5714285714285714	not_applicable																									
holdout	diffuse_program	14011	rc2_unweighted	reference	0.747834192239055	0.8777777777777778	0.5714285714285714	not_applicable																									
holdout	diffuse_program	14011	rc3_soft	target	0.7258584605990763	0.7555555555555556	0.0	not_applicable	0.7629629629629626	0.5953703703703703																							
holdout	diffuse_program	14011	rc3_soft	reference	0.7437333677594244	0.8555555555555555	0.0	not_applicable	0.7629629629629626	0.5953703703703703																							
holdout	diffuse_program	14011	mirror_reduction_100	target	0.7542713476731749	0.7833333333333333	0.6666666666666666	sign_only			1.0	0.0	sign_only	424.0	287.0	137.0	0.6768867924528302	0.4808362369337979	0.4808362369337979	0.4808362369337979		287.0	137.0	100.0	0.6	20.0	0.08	1.959963984540054	0.01	2.0	10.0	0.02	
holdout	diffuse_program	14011	mirror_reduction_100	reference	0.6772257795627218	0.8388888888888888	0.7619047619047619	sign_only			1.0	0.0	sign_only	424.0	287.0	137.0	0.6768867924528302	0.4808362369337979	0.4808362369337979	0.4808362369337979		287.0	137.0	100.0	0.6	20.0	0.08	1.959963984540054	0.01	2.0	10.0	0.02	
holdout	diffuse_program	14011	mirror_reduction_075	target	0.7542713476731749	0.7833333333333333	0.6666666666666666	sign_only			0.75	0.0	sign_only	424.0	287.0	137.0	0.6768867924528302	0.4808362369337979	0.3606271777003484	0.4808362369337979		287.0	137.0	100.0	0.6	20.0	0.08	1.959963984540054	0.01	2.0	10.0	0.02	
holdout	diffuse_program	14011	mirror_reduction_075	reference	0.6772257795627218	0.8388888888888888	0.7619047619047619	sign_only			0.75	0.0	sign_only	424.0	287.0	137.0	0.6768867924528302	0.4808362369337979	0.3606271777003484	0.4808362369337979		287.0	137.0	100.0	0.6	20.0	0.08	1.959963984540054	0.01	2.0	10.0	0.02	
holdout	diffuse_program	14011	mirror_reduction_050	target	0.7542713476731749	0.7833333333333333	0.6666666666666666	sign_only			0.5	0.0	sign_only	424.0	287.0	137.0	0.6768867924528302	0.4808362369337979	0.24041811846689895	0.4808362369337979		287.0	137.0	100.0	0.6	20.0	0.08	1.959963984540054	0.01	2.0	10.0	0.02	
holdout	diffuse_program	14011	mirror_reduction_050	reference	0.6772257795627218	0.8388888888888888	0.7619047619047619	sign_only			0.5	0.0	sign_only	424.0	287.0	137.0	0.6768867924528302	0.4808362369337979	0.24041811846689895	0.4808362369337979		287.0	137.0	100.0	0.6	20.0	0.08	1.959963984540054	0.01	2.0	10.0	0.02	
holdout	diffuse_program	14011	mirror_reduction_025	target	0.7542713476731749	0.7833333333333333	0.6666666666666666	sign_only			0.25	0.0	sign_only	424.0	287.0	137.0	0.6768867924528302	0.4808362369337979	0.12020905923344948	0.4808362369337979		287.0	137.0	100.0	0.6	20.0	0.08	1.959963984540054	0.01	2.0	10.0	0.02	
holdout	diffuse_program	14011	mirror_reduction_025	reference	0.6772257795627218	0.8388888888888888	0.7619047619047619	sign_only			0.25	0.0	sign_only	424.0	287.0	137.0	0.6768867924528302	0.4808362369337979	0.12020905923344948	0.4808362369337979		287.0	137.0	100.0	0.6	20.0	0.08	1.959963984540054	0.01	2.0	10.0	0.02	
holdout	diffuse_program	14012	rc2_unweighted	target	0.4532506606855577	0.7653061224489796	0.8571428571428571	not_applicable																									
holdout	diffuse_program	14012	rc2_unweighted	reference	0.861093038386467	0.8888888888888888	0.2857142857142857	not_applicable																									
holdout	diffuse_program	14012	rc3_soft	target	0.3784986794924514	0.7040816326530612	0.0	not_applicable	0.8851851851851853	0.6106481481481482																							
holdout	diffuse_program	14012	rc3_soft	reference	0.8956780337655795	0.9222222222222223	0.0	not_applicable	0.8851851851851853	0.6106481481481482																							
holdout	diffuse_program	14012	mirror_reduction_100	target	0.32509215936666175	0.6632653061224489	0.9047619047619048	sign_only			1.0	0.0	sign_only	483.0	349.0	134.0	0.722567287784679	0.3868194842406877	0.3868194842406877	0.3868194842406877		349.0	134.0	100.0	0.6	20.0	0.08	1.959963984540054	0.01	2.0	10.0	0.02	
holdout	diffuse_program	14012	mirror_reduction_100	reference	0.9080558375603259	0.9222222222222223	0.47619047619047616	sign_only			1.0	0.0	sign_only	483.0	349.0	134.0	0.722567287784679	0.3868194842406877	0.3868194842406877	0.3868194842406877		349.0	134.0	100.0	0.6	20.0	0.08	1.959963984540054	0.01	2.0	10.0	0.02	
holdout	diffuse_program	14012	mirror_reduction_075	target	0.2890635423884301	0.6428571428571428	1.0	enriched_tail			0.75	3.033183844317553	enriched_tail	483.0	349.0	134.0	0.722567287784679	0.3868194842406877	0.2901146131805158	0.22058823529411764	0.733582609118571	68.0	134.0	100.0	0.6	20.0	0.08	1.959963984540054	0.01	2.0	10.0	0.02	0.09968777876895629
holdout	diffuse_program	14012	mirror_reduction_075	reference	0.7969618158349816	0.7555555555555555	0.9523809523809523	enriched_tail			0.75	3.033183844317553	enriched_tail	483.0	349.0	134.0	0.722567287784679	0.3868194842406877	0.2901146131805158	0.22058823529411764	0.733582609118571	68.0	134.0	100.0	0.6	20.0	0.08	1.959963984540054	0.01	2.0	10.0	0.02	0.09968777876895629
holdout	diffuse_program	14012	mirror_reduction_050	target	0.32509215936666175	0.6632653061224489	0.9047619047619048	sign_only			0.5	0.0	sign_only	483.0	349.0	134.0	0.722567287784679	0.3868194842406877	0.19340974212034384	0.3868194842406877		349.0	134.0	100.0	0.6	20.0	0.08	1.959963984540054	0.01	2.0	10.0	0.02	
holdout	diffuse_program	14012	mirror_reduction_050	reference	0.9080558375603259	0.9222222222222223	0.47619047619047616	sign_only			0.5	0.0	sign_only	483.0	349.0	134.0	0.722567287784679	0.3868194842406877	0.19340974212034384	0.3868194842406877		349.0	134.0	100.0	0.6	20.0	0.08	1.959963984540054	0.01	2.0	10.0	0.02	
holdout	diffuse_program	14012	mirror_reduction_025	target	0.32509215936666175	0.6632653061224489	0.9047619047619048	sign_only			0.25	0.0	sign_only	483.0	349.0	134.0	0.722567287784679	0.3868194842406877	0.09670487106017192	0.3868194842406877		349.0	134.0	100.0	0.6	20.0	0.08	1.959963984540054	0.01	2.0	10.0	0.02	
holdout	diffuse_program	14012	mirror_reduction_025	reference	0.9080558375603259	0.9222222222222223	0.47619047619047616	sign_only			0.25	0.0	sign_only	483.0	349.0	134.0	0.722567287784679	0.3868194842406877	0.09670487106017192	0.3868194842406877		349.0	134.0	100.0	0.6	20.0	0.08	1.959963984540054	0.01	2.0	10.0	0.02	
holdout	diffuse_program	14013	rc2_unweighted	target	0.9076378491555571	0.9166666666666666	0.5714285714285714	not_applicable																									
holdout	diffuse_program	14013	rc2_unweighted	reference	0.36056430446194226	0.5944444444444444	0.7619047619047619	not_applicable																									
holdout	diffuse_program	14013	rc3_soft	target	0.8970731629807348	0.9333333333333333	0.0	not_applicable	0.7259259259259263	0.5907407407407408																							
holdout	diffuse_program	14013	rc3_soft	reference	0.5117563247389171	0.8111111111111111	0.0	not_applicable	0.7259259259259263	0.5907407407407408																							
holdout	diffuse_program	14013	mirror_reduction_100	target	0.8716106312883093	0.9166666666666666	0.6190476190476191	sign_only			1.0	0.0	sign_only	441.0	290.0	151.0	0.6575963718820862	0.5241379310344828	0.5241379310344828	0.5241379310344828		290.0	151.0	100.0	0.6	20.0	0.08	1.959963984540054	0.01	2.0	10.0	0.02	
holdout	diffuse_program	14013	mirror_reduction_100	reference	0.5075618025401698	0.8555555555555555	0.9047619047619048	sign_only			1.0	0.0	sign_only	441.0	290.0	151.0	0.6575963718820862	0.5241379310344828	0.5241379310344828	0.5241379310344828		290.0	151.0	100.0	0.6	20.0	0.08	1.959963984540054	0.01	2.0	10.0	0.02	
holdout	diffuse_program	14013	mirror_reduction_075	target	0.6497075253886704	0.8777777777777779	1.0	enriched_tail			0.75	3.0850030485492415	enriched_tail	441.0	290.0	151.0	0.6575963718820862	0.5241379310344828	0.3931034482758621	0.27906976744186046	0.6709769331166456	43.0	151.0	100.0	0.6	20.0	0.08	1.959963984540054	0.01	2.0	10.0	0.02	0.10353143841515933
holdout	diffuse_program	14013	mirror_reduction_075	reference	0.3874790091117031	0.7222222222222223	0.9523809523809523	enriched_tail			0.75	3.0850030485492415	enriched_tail	441.0	290.0	151.0	0.6575963718820862	0.5241379310344828	0.3931034482758621	0.27906976744186046	0.6709769331166456	43.0	151.0	100.0	0.6	20.0	0.08	1.959963984540054	0.01	2.0	10.0	0.02	0.10353143841515933
holdout	diffuse_program	14013	mirror_reduction_050	target	0.7317728664030455	0.9444444444444445	1.0	enriched_tail			0.5	3.227954694688781	enriched_tail	441.0	290.0	151.0	0.6575963718820862	0.5241379310344828	0.2620689655172414	0.25	0.6733195433811838	32.0	151.0	100.0	0.6	20.0	0.08	1.959963984540054	0.01	2.0	10.0	0.02	0.09963280293757648
holdout	diffuse_program	14013	mirror_reduction_050	reference	0.5489320145895275	0.8055555555555556	0.9523809523809523	enriched_tail			0.5	3.227954694688781	enriched_tail	441.0	290.0	151.0	0.6575963718820862	0.5241379310344828	0.2620689655172414	0.25	0.6733195433811838	32.0	151.0	100.0	0.6	20.0	0.08	1.959963984540054	0.01	2.0	10.0	0.02	0.09963280293757648
holdout	diffuse_program	14013	mirror_reduction_025	target	0.8716106312883093	0.9166666666666666	0.6190476190476191	sign_only			0.25	0.0	sign_only	441.0	290.0	151.0	0.6575963718820862	0.5241379310344828	0.1310344827586207	0.5241379310344828		290.0	151.0	100.0	0.6	20.0	0.08	1.959963984540054	0.01	2.0	10.0	0.02	
holdout	diffuse_program	14013	mirror_reduction_025	reference	0.5075618025401698	0.8555555555555555	0.9047619047619048	sign_only			0.25	0.0	sign_only	441.0	290.0	151.0	0.6575963718820862	0.5241379310344828	0.1310344827586207	0.5241379310344828		290.0	151.0	100.0	0.6	20.0	0.08	1.959963984540054	0.01	2.0	10.0	0.02	
holdout	diffuse_program	14014	rc2_unweighted	target	0.8040379919155604	0.9	0.42857142857142855	not_applicable																									
holdout	diffuse_program	14014	rc2_unweighted	reference	0.5342151387439346	0.7193877551020408	0.7619047619047619	not_applicable																									
holdout	diffuse_program	14014	rc3_soft	target	0.8074050442074766	0.888888888888889	0.0	not_applicable	0.7185185185185183	0.5898148148148148																							
holdout	diffuse_program	14014	rc3_soft	reference	0.5383299215743524	0.7448979591836735	0.0	not_applicable	0.7185185185185183	0.5898148148148148																							
holdout	diffuse_program	14014	mirror_reduction_100	target	0.8032600562727921	0.8777777777777778	0.6190476190476191	sign_only			1.0	0.0	sign_only	489.0	320.0	169.0	0.65439672801636	0.53125	0.53125	0.53125		320.0	169.0	100.0	0.6	20.0	0.08	1.959963984540054	0.01	2.0	10.0	0.02	
holdout	diffuse_program	14014	mirror_reduction_100	reference	0.5204028474812229	0.7908163265306122	0.9523809523809523	sign_only			1.0	0.0	sign_only	489.0	320.0	169.0	0.65439672801636	0.53125	0.53125	0.53125		320.0	169.0	100.0	0.6	20.0	0.08	1.959963984540054	0.01	2.0	10.0	0.02	
holdout	diffuse_program	14014	mirror_reduction_075	target	0.8032600562727921	0.8777777777777778	0.6190476190476191	sign_only			0.75	0.0	sign_only	489.0	320.0	169.0	0.65439672801636	0.53125	0.3984375	0.53125		320.0	169.0	100.0	0.6	20.0	0.08	1.959963984540054	0.01	2.0	10.0	0.02	
holdout	diffuse_program	14014	mirror_reduction_075	reference	0.5204028474812229	0.7908163265306122	0.9523809523809523	sign_only			0.75	0.0	sign_only	489.0	320.0	169.0	0.65439672801636	0.53125	0.3984375	0.53125		320.0	169.0	100.0	0.6	20.0	0.08	1.959963984540054	0.01	2.0	10.0	0.02	
holdout	diffuse_program	14014	mirror_reduction_050	target	0.8032600562727921	0.8777777777777778	0.6190476190476191	sign_only			0.5	0.0	sign_only	489.0	320.0	169.0	0.65439672801636	0.53125	0.265625	0.53125		320.0	169.0	100.0	0.6	20.0	0.08	1.959963984540054	0.01	2.0	10.0	0.02	
holdout	diffuse_program	14014	mirror_reduction_050	reference	0.5204028474812229	0.7908163265306122	0.9523809523809523	sign_only			0.5	0.0	sign_only	489.0	320.0	169.0	0.65439672801636	0.53125	0.265625	0.53125		320.0	169.0	100.0	0.6	20.0	0.08	1.959963984540054	0.01	2.0	10.0	0.02	
holdout	diffuse_program	14014	mirror_reduction_025	target	0.8032600562727921	0.8777777777777778	0.6190476190476191	sign_only			0.25	0.0	sign_only	489.0	320.0	169.0	0.65439672801636	0.53125	0.1328125	0.53125		320.0	169.0	100.0	0.6	20.0	0.08	1.959963984540054	0.01	2.0	10.0	0.02	
holdout	diffuse_program	14014	mirror_reduction_025	reference	0.5204028474812229	0.7908163265306122	0.9523809523809523	sign_only			0.25	0.0	sign_only	489.0	320.0	169.0	0.65439672801636	0.53125	0.1328125	0.53125		320.0	169.0	100.0	0.6	20.0	0.08	1.959963984540054	0.01	2.0	10.0	0.02	
holdout	diffuse_program	14015	rc2_unweighted	target	0.8441593700343596	0.8833333333333334	0.47619047619047616	not_applicable																									
holdout	diffuse_program	14015	rc2_unweighted	reference	0.8045564583185851	1.0	0.3333333333333333	not_applicable																									
holdout	diffuse_program	14015	rc3_soft	target	0.8906535422692415	0.9222222222222223	0.09523809523809523	not_applicable	0.666666666666667	0.5833333333333334																							
holdout	diffuse_program	14015	rc3_soft	reference	0.8416977677235475	1.0	0.0	not_applicable	0.666666666666667	0.5833333333333334																							
holdout	diffuse_program	14015	mirror_reduction_100	target	0.8959370715146778	0.9277777777777778	0.7619047619047619	sign_only			1.0	0.0	sign_only	468.0	329.0	139.0	0.7029914529914529	0.425531914893617	0.425531914893617	0.425531914893617		329.0	139.0	100.0	0.6	20.0	0.08	1.959963984540054	0.01	2.0	10.0	0.02	
holdout	diffuse_program	14015	mirror_reduction_100	reference	0.8537910927628214	1.0	0.6190476190476191	sign_only			1.0	0.0	sign_only	468.0	329.0	139.0	0.7029914529914529	0.425531914893617	0.425531914893617	0.425531914893617		329.0	139.0	100.0	0.6	20.0	0.08	1.959963984540054	0.01	2.0	10.0	0.02	
holdout	diffuse_program	14015	mirror_reduction_075	target	0.48131858916902115	0.7222222222222222	1.0	enriched_tail			0.75	3.286811461450636	enriched_tail	468.0	329.0	139.0	0.7029914529914529	0.425531914893617	0.3191489361702128	0.1935483870967742	0.713404696106438	31.0	139.0	100.0	0.6	20.0	0.08	1.959963984540054	0.01	2.0	10.0	0.02	0.1483667847304211
holdout	diffuse_program	14015	mirror_reduction_075	reference	0.5297146866322091	0.7166666666666668	0.9523809523809523	enriched_tail			0.75	3.286811461450636	enriched_tail	468.0	329.0	139.0	0.7029914529914529	0.425531914893617	0.3191489361702128	0.1935483870967742	0.713404696106438	31.0	139.0	100.0	0.6	20.0	0.08	1.959963984540054	0.01	2.0	10.0	0.02	0.1483667847304211
holdout	diffuse_program	14015	mirror_reduction_050	target	0.48131858916902115	0.7222222222222222	1.0	enriched_tail			0.5	3.286811461450636	enriched_tail	468.0	329.0	139.0	0.7029914529914529	0.425531914893617	0.2127659574468085	0.1935483870967742	0.713404696106438	31.0	139.0	100.0	0.6	20.0	0.08	1.959963984540054	0.01	2.0	10.0	0.02	0.1483667847304211
holdout	diffuse_program	14015	mirror_reduction_050	reference	0.5297146866322091	0.7166666666666668	0.9523809523809523	enriched_tail			0.5	3.286811461450636	enriched_tail	468.0	329.0	139.0	0.7029914529914529	0.425531914893617	0.2127659574468085	0.1935483870967742	0.713404696106438	31.0	139.0	100.0	0.6	20.0	0.08	1.959963984540054	0.01	2.0	10.0	0.02	0.1483667847304211
holdout	diffuse_program	14015	mirror_reduction_025	target	0.8959370715146778	0.9277777777777778	0.7619047619047619	sign_only			0.25	0.0	sign_only	468.0	329.0	139.0	0.7029914529914529	0.425531914893617	0.10638297872340426	0.425531914893617		329.0	139.0	100.0	0.6	20.0	0.08	1.959963984540054	0.01	2.0	10.0	0.02	
holdout	diffuse_program	14015	mirror_reduction_025	reference	0.8537910927628214	1.0	0.6190476190476191	sign_only			0.25	0.0	sign_only	468.0	329.0	139.0	0.7029914529914529	0.425531914893617	0.10638297872340426	0.425531914893617		329.0	139.0	100.0	0.6	20.0	0.08	1.959963984540054	0.01	2.0	10.0	0.02	
holdout	diffuse_program	14016	rc2_unweighted	target	0.8272131147540985	0.9222222222222222	0.6666666666666666	not_applicable																									
holdout	diffuse_program	14016	rc2_unweighted	reference	0.7606596947873114	0.9611111111111112	0.6666666666666666	not_applicable																									
holdout	diffuse_program	14016	rc3_soft	target	0.8593903895209802	0.9333333333333333	0.0	not_applicable	0.7814814814814817	0.5976851851851852																							
holdout	diffuse_program	14016	rc3_soft	reference	0.7602562882660133	0.9888888888888889	0.09523809523809523	not_applicable	0.7814814814814817	0.5976851851851852																							
holdout	diffuse_program	14016	mirror_reduction_100	target	0.8562074228679436	0.9333333333333333	0.6666666666666666	sign_only			1.0	0.0	sign_only	464.0	310.0	154.0	0.6681034482758621	0.5	0.5	0.5		310.0	154.0	100.0	0.6	20.0	0.08	1.959963984540054	0.01	2.0	10.0	0.02	
holdout	diffuse_program	14016	mirror_reduction_100	reference	0.7388383011423822	0.9888888888888889	0.7619047619047619	sign_only			1.0	0.0	sign_only	464.0	310.0	154.0	0.6681034482758621	0.5	0.5	0.5		310.0	154.0	100.0	0.6	20.0	0.08	1.959963984540054	0.01	2.0	10.0	0.02	
holdout	diffuse_program	14016	mirror_reduction_075	target	0.8562074228679436	0.9333333333333333	0.6666666666666666	sign_only			0.75	0.0	sign_only	464.0	310.0	154.0	0.6681034482758621	0.5	0.375	0.5		310.0	154.0	100.0	0.6	20.0	0.08	1.959963984540054	0.01	2.0	10.0	0.02	
holdout	diffuse_program	14016	mirror_reduction_075	reference	0.7388383011423822	0.9888888888888889	0.7619047619047619	sign_only			0.75	0.0	sign_only	464.0	310.0	154.0	0.6681034482758621	0.5	0.375	0.5		310.0	154.0	100.0	0.6	20.0	0.08	1.959963984540054	0.01	2.0	10.0	0.02	
holdout	diffuse_program	14016	mirror_reduction_050	target	0.8562074228679436	0.9333333333333333	0.6666666666666666	sign_only			0.5	0.0	sign_only	464.0	310.0	154.0	0.6681034482758621	0.5	0.25	0.5		310.0	154.0	100.0	0.6	20.0	0.08	1.959963984540054	0.01	2.0	10.0	0.02	
holdout	diffuse_program	14016	mirror_reduction_050	reference	0.7388383011423822	0.9888888888888889	0.7619047619047619	sign_only			0.5	0.0	sign_only	464.0	310.0	154.0	0.6681034482758621	0.5	0.25	0.5		310.0	154.0	100.0	0.6	20.0	0.08	1.959963984540054	0.01	2.0	10.0	0.02	
holdout	diffuse_program	14016	mirror_reduction_025	target	0.8562074228679436	0.9333333333333333	0.6666666666666666	sign_only			0.25	0.0	sign_only	464.0	310.0	154.0	0.6681034482758621	0.5	0.125	0.5		310.0	154.0	100.0	0.6	20.0	0.08	1.959963984540054	0.01	2.0	10.0	0.02	
holdout	diffuse_program	14016	mirror_reduction_025	reference	0.7388383011423822	0.9888888888888889	0.7619047619047619	sign_only			0.25	0.0	sign_only	464.0	310.0	154.0	0.6681034482758621	0.5	0.125	0.5		310.0	154.0	100.0	0.6	20.0	0.08	1.959963984540054	0.01	2.0	10.0	0.02	
holdout	isolated_program	14001	rc2_unweighted	target	0.9173750479427254	0.9277777777777778	0.5714285714285714	not_applicable																									
holdout	isolated_program	14001	rc2_unweighted	reference	0.2679921096399803	0.7388888888888889	0.6666666666666666	not_applicable																									
holdout	isolated_program	14001	rc3_soft	target	0.868209216384751	0.9111111111111112	0.0	not_applicable	0.40740740740740744	0.5509259259259259																							
holdout	isolated_program	14001	rc3_soft	reference	0.30030096243676385	0.7555555555555556	0.0	not_applicable	0.40740740740740744	0.5509259259259259																							
holdout	isolated_program	14001	mirror_reduction_100	target	0.837688500524418	0.9055555555555556	0.5714285714285714	sign_only			1.0	0.0	sign_only	486.0	296.0	190.0	0.6090534979423868	0.6452702702702703	0.6452702702702703	0.6452702702702703		296.0	190.0	100.0	0.6	20.0	0.08	1.959963984540054	0.01	2.0	10.0	0.02	
holdout	isolated_program	14001	mirror_reduction_100	reference	0.43043481569994796	0.7833333333333334	1.0	sign_only			1.0	0.0	sign_only	486.0	296.0	190.0	0.6090534979423868	0.6452702702702703	0.6452702702702703	0.6452702702702703		296.0	190.0	100.0	0.6	20.0	0.08	1.959963984540054	0.01	2.0	10.0	0.02	
holdout	isolated_program	14001	mirror_reduction_075	target	0.7437036753055083	0.9333333333333333	0.7142857142857143	enriched_tail			0.75	1.398237487791124	enriched_tail	486.0	296.0	190.0	0.6090534979423868	0.6452702702702703	0.48395270270270274	0.48148148148148145	0.623960509282909	216.0	190.0	100.0	0.6	20.0	0.08	1.959963984540054	0.01	2.0	10.0	0.02	0.044303797468354444
holdout	isolated_program	14001	mirror_reduction_075	reference	0.11430031419639027	0.49999999999999994	1.0	enriched_tail			0.75	1.398237487791124	enriched_tail	486.0	296.0	190.0	0.6090534979423868	0.6452702702702703	0.48395270270270274	0.48148148148148145	0.623960509282909	216.0	190.0	100.0	0.6	20.0	0.08	1.959963984540054	0.01	2.0	10.0	0.02	0.044303797468354444
holdout	isolated_program	14001	mirror_reduction_050	target	0.837688500524418	0.9055555555555556	0.5714285714285714	sign_only			0.5	0.0	sign_only	486.0	296.0	190.0	0.6090534979423868	0.6452702702702703	0.32263513513513514	0.6452702702702703		296.0	190.0	100.0	0.6	20.0	0.08	1.959963984540054	0.01	2.0	10.0	0.02	
holdout	isolated_program	14001	mirror_reduction_050	reference	0.43043481569994796	0.7833333333333334	1.0	sign_only			0.5	0.0	sign_only	486.0	296.0	190.0	0.6090534979423868	0.6452702702702703	0.32263513513513514	0.6452702702702703		296.0	190.0	100.0	0.6	20.0	0.08	1.959963984540054	0.01	2.0	10.0	0.02	
holdout	isolated_program	14001	mirror_reduction_025	target	0.837688500524418	0.9055555555555556	0.5714285714285714	sign_only			0.25	0.0	sign_only	486.0	296.0	190.0	0.6090534979423868	0.6452702702702703	0.16131756756756757	0.6452702702702703		296.0	190.0	100.0	0.6	20.0	0.08	1.959963984540054	0.01	2.0	10.0	0.02	
holdout	isolated_program	14001	mirror_reduction_025	reference	0.43043481569994796	0.7833333333333334	1.0	sign_only			0.25	0.0	sign_only	486.0	296.0	190.0	0.6090534979423868	0.6452702702702703	0.16131756756756757	0.6452702702702703		296.0	190.0	100.0	0.6	20.0	0.08	1.959963984540054	0.01	2.0	10.0	0.02	
holdout	isolated_program	14002	rc2_unweighted	target	0.7363216875411996	0.9111111111111111	0.7142857142857143	not_applicable																									
holdout	isolated_program	14002	rc2_unweighted	reference	0.5870438962915696	0.8333333333333334	0.5238095238095238	not_applicable																									
holdout	isolated_program	14002	rc3_soft	target	0.7294939871468635	0.9000000000000001	0.0	not_applicable	0.02962962962962923	0.5037037037037037																							
holdout	isolated_program	14002	rc3_soft	reference	0.5835588703017753	0.8444444444444446	0.0	not_applicable	0.02962962962962923	0.5037037037037037																							
holdout	isolated_program	14002	mirror_reduction_100	target	0.7363216875411996	0.9111111111111111	0.7142857142857143	no_gate			1.0		no_gate	415.0	210.0	205.0	0.5060240963855421	0.9809523809523809				210.0	0.0	100.0	0.6	20.0	0.08	1.959963984540054	0.01	2.0	10.0	0.02	
holdout	isolated_program	14002	mirror_reduction_100	reference	0.5870438962915696	0.8333333333333334	0.5238095238095238	no_gate			1.0		no_gate	415.0	210.0	205.0	0.5060240963855421	0.9809523809523809				210.0	0.0	100.0	0.6	20.0	0.08	1.959963984540054	0.01	2.0	10.0	0.02	
holdout	isolated_program	14002	mirror_reduction_075	target	0.7363216875411996	0.9111111111111111	0.7142857142857143	no_gate			0.75		no_gate	415.0	210.0	205.0	0.5060240963855421	0.9809523809523809				210.0	0.0	100.0	0.6	20.0	0.08	1.959963984540054	0.01	2.0	10.0	0.02	
holdout	isolated_program	14002	mirror_reduction_075	reference	0.5870438962915696	0.8333333333333334	0.5238095238095238	no_gate			0.75		no_gate	415.0	210.0	205.0	0.5060240963855421	0.9809523809523809				210.0	0.0	100.0	0.6	20.0	0.08	1.959963984540054	0.01	2.0	10.0	0.02	
holdout	isolated_program	14002	mirror_reduction_050	target	0.7363216875411996	0.9111111111111111	0.7142857142857143	no_gate			0.5		no_gate	415.0	210.0	205.0	0.5060240963855421	0.9809523809523809				210.0	0.0	100.0	0.6	20.0	0.08	1.959963984540054	0.01	2.0	10.0	0.02	
holdout	isolated_program	14002	mirror_reduction_050	reference	0.5870438962915696	0.8333333333333334	0.5238095238095238	no_gate			0.5		no_gate	415.0	210.0	205.0	0.5060240963855421	0.9809523809523809				210.0	0.0	100.0	0.6	20.0	0.08	1.959963984540054	0.01	2.0	10.0	0.02	
holdout	isolated_program	14002	mirror_reduction_025	target	0.7363216875411996	0.9111111111111111	0.7142857142857143	no_gate			0.25		no_gate	415.0	210.0	205.0	0.5060240963855421	0.9809523809523809				210.0	0.0	100.0	0.6	20.0	0.08	1.959963984540054	0.01	2.0	10.0	0.02	
holdout	isolated_program	14002	mirror_reduction_025	reference	0.5870438962915696	0.8333333333333334	0.5238095238095238	no_gate			0.25		no_gate	415.0	210.0	205.0	0.5060240963855421	0.9809523809523809				210.0	0.0	100.0	0.6	20.0	0.08	1.959963984540054	0.01	2.0	10.0	0.02	
holdout	isolated_program	14003	rc2_unweighted	target	0.48865924842253916	0.736111111111111	0.47619047619047616	not_applicable																									
holdout	isolated_program	14003	rc2_unweighted	reference	0.5484303452821063	0.7777777777777778	0.7142857142857143	not_applicable																									
holdout	isolated_program	14003	rc3_soft	target	0.4933019818882921	0.7314814814814814	0.0	not_applicable	0.12222222222222179	0.5152777777777777																							
holdout	isolated_program	14003	rc3_soft	reference	0.5637707037569092	0.788888888888889	0.0	not_applicable	0.12222222222222179	0.5152777777777777																							
holdout	isolated_program	14003	mirror_reduction_100	target	0.48865924842253916	0.736111111111111	0.47619047619047616	no_gate			1.0		no_gate	484.0	258.0	226.0	0.5330578512396694	0.8798449612403101				258.0	0.0	100.0	0.6	20.0	0.08	1.959963984540054	0.01	2.0	10.0	0.02	
holdout	isolated_program	14003	mirror_reduction_100	reference	0.5484303452821063	0.7777777777777778	0.7142857142857143	no_gate			1.0		no_gate	484.0	258.0	226.0	0.5330578512396694	0.8798449612403101				258.0	0.0	100.0	0.6	20.0	0.08	1.959963984540054	0.01	2.0	10.0	0.02	
holdout	isolated_program	14003	mirror_reduction_075	target	0.48865924842253916	0.736111111111111	0.47619047619047616	no_gate			0.75		no_gate	484.0	258.0	226.0	0.5330578512396694	0.8798449612403101				258.0	0.0	100.0	0.6	20.0	0.08	1.959963984540054	0.01	2.0	10.0	0.02	
holdout	isolated_program	14003	mirror_reduction_075	reference	0.5484303452821063	0.7777777777777778	0.7142857142857143	no_gate			0.75		no_gate	484.0	258.0	226.0	0.5330578512396694	0.8798449612403101				258.0	0.0	100.0	0.6	20.0	0.08	1.959963984540054	0.01	2.0	10.0	0.02	
holdout	isolated_program	14003	mirror_reduction_050	target	0.48865924842253916	0.736111111111111	0.47619047619047616	no_gate			0.5		no_gate	484.0	258.0	226.0	0.5330578512396694	0.8798449612403101				258.0	0.0	100.0	0.6	20.0	0.08	1.959963984540054	0.01	2.0	10.0	0.02	
holdout	isolated_program	14003	mirror_reduction_050	reference	0.5484303452821063	0.7777777777777778	0.7142857142857143	no_gate			0.5		no_gate	484.0	258.0	226.0	0.5330578512396694	0.8798449612403101				258.0	0.0	100.0	0.6	20.0	0.08	1.959963984540054	0.01	2.0	10.0	0.02	
holdout	isolated_program	14003	mirror_reduction_025	target	0.48865924842253916	0.736111111111111	0.47619047619047616	no_gate			0.25		no_gate	484.0	258.0	226.0	0.5330578512396694	0.8798449612403101				258.0	0.0	100.0	0.6	20.0	0.08	1.959963984540054	0.01	2.0	10.0	0.02	
holdout	isolated_program	14003	mirror_reduction_025	reference	0.5484303452821063	0.7777777777777778	0.7142857142857143	no_gate			0.25		no_gate	484.0	258.0	226.0	0.5330578512396694	0.8798449612403101				258.0	0.0	100.0	0.6	20.0	0.08	1.959963984540054	0.01	2.0	10.0	0.02	
holdout	isolated_program	14004	rc2_unweighted	target	0.8110297469595258	0.9666666666666667	0.5238095238095238	not_applicable																									
holdout	isolated_program	14004	rc2_unweighted	reference	0.7349252031242778	0.826530612244898	0.6666666666666666	not_applicable																									
holdout	isolated_program	14004	rc3_soft	target	0.8110297469595258	0.9666666666666667	0.5238095238095238	not_applicable	0.0	0.49166666666666664																							
holdout	isolated_program	14004	rc3_soft	reference	0.7349252031242778	0.826530612244898	0.6666666666666666	not_applicable	0.0	0.49166666666666664																							
holdout	isolated_program	14004	mirror_reduction_100	target	0.8110297469595258	0.9666666666666667	0.5238095238095238	no_gate			1.0		no_gate	449.0	222.0	227.0	0.49443207126948774	1.027027027027027				222.0	0.0	100.0	0.6	20.0	0.08	1.959963984540054	0.01	2.0	10.0	0.02	
holdout	isolated_program	14004	mirror_reduction_100	reference	0.7349252031242778	0.826530612244898	0.6666666666666666	no_gate			1.0		no_gate	449.0	222.0	227.0	0.49443207126948774	1.027027027027027				222.0	0.0	100.0	0.6	20.0	0.08	1.959963984540054	0.01	2.0	10.0	0.02	
holdout	isolated_program	14004	mirror_reduction_075	target	0.8110297469595258	0.9666666666666667	0.5238095238095238	no_gate			0.75		no_gate	449.0	222.0	227.0	0.49443207126948774	1.027027027027027				222.0	0.0	100.0	0.6	20.0	0.08	1.959963984540054	0.01	2.0	10.0	0.02	
holdout	isolated_program	14004	mirror_reduction_075	reference	0.7349252031242778	0.826530612244898	0.6666666666666666	no_gate			0.75		no_gate	449.0	222.0	227.0	0.49443207126948774	1.027027027027027				222.0	0.0	100.0	0.6	20.0	0.08	1.959963984540054	0.01	2.0	10.0	0.02	
holdout	isolated_program	14004	mirror_reduction_050	target	0.8110297469595258	0.9666666666666667	0.5238095238095238	no_gate			0.5		no_gate	449.0	222.0	227.0	0.49443207126948774	1.027027027027027				222.0	0.0	100.0	0.6	20.0	0.08	1.959963984540054	0.01	2.0	10.0	0.02	
holdout	isolated_program	14004	mirror_reduction_050	reference	0.7349252031242778	0.826530612244898	0.6666666666666666	no_gate			0.5		no_gate	449.0	222.0	227.0	0.49443207126948774	1.027027027027027				222.0	0.0	100.0	0.6	20.0	0.08	1.959963984540054	0.01	2.0	10.0	0.02	
holdout	isolated_program	14004	mirror_reduction_025	target	0.8110297469595258	0.9666666666666667	0.5238095238095238	no_gate			0.25		no_gate	449.0	222.0	227.0	0.49443207126948774	1.027027027027027				222.0	0.0	100.0	0.6	20.0	0.08	1.959963984540054	0.01	2.0	10.0	0.02	
holdout	isolated_program	14004	mirror_reduction_025	reference	0.7349252031242778	0.826530612244898	0.6666666666666666	no_gate			0.25		no_gate	449.0	222.0	227.0	0.49443207126948774	1.027027027027027				222.0	0.0	100.0	0.6	20.0	0.08	1.959963984540054	0.01	2.0	10.0	0.02	
holdout	isolated_program	14005	rc2_unweighted	target	0.7305820605356314	0.8316326530612246	0.5714285714285714	not_applicable																									
holdout	isolated_program	14005	rc2_unweighted	reference	0.6128978190452975	0.7833333333333333	0.8571428571428571	not_applicable																									
holdout	isolated_program	14005	rc3_soft	target	0.7305820605356314	0.8316326530612246	0.5714285714285714	not_applicable	0.0	0.48333333333333334																							
holdout	isolated_program	14005	rc3_soft	reference	0.6128978190452975	0.7833333333333333	0.8571428571428571	not_applicable	0.0	0.48333333333333334																							
holdout	isolated_program	14005	mirror_reduction_100	target	0.7305820605356314	0.8316326530612246	0.5714285714285714	no_gate			1.0		no_gate	469.0	242.0	227.0	0.5159914712153518	0.9421487603305785				242.0	0.0	100.0	0.6	20.0	0.08	1.959963984540054	0.01	2.0	10.0	0.02	
holdout	isolated_program	14005	mirror_reduction_100	reference	0.6128978190452975	0.7833333333333333	0.8571428571428571	no_gate			1.0		no_gate	469.0	242.0	227.0	0.5159914712153518	0.9421487603305785				242.0	0.0	100.0	0.6	20.0	0.08	1.959963984540054	0.01	2.0	10.0	0.02	
holdout	isolated_program	14005	mirror_reduction_075	target	0.7305820605356314	0.8316326530612246	0.5714285714285714	no_gate			0.75		no_gate	469.0	242.0	227.0	0.5159914712153518	0.9421487603305785				242.0	0.0	100.0	0.6	20.0	0.08	1.959963984540054	0.01	2.0	10.0	0.02	
holdout	isolated_program	14005	mirror_reduction_075	reference	0.6128978190452975	0.7833333333333333	0.8571428571428571	no_gate			0.75		no_gate	469.0	242.0	227.0	0.5159914712153518	0.9421487603305785				242.0	0.0	100.0	0.6	20.0	0.08	1.959963984540054	0.01	2.0	10.0	0.02	
holdout	isolated_program	14005	mirror_reduction_050	target	0.7305820605356314	0.8316326530612246	0.5714285714285714	no_gate			0.5		no_gate	469.0	242.0	227.0	0.5159914712153518	0.9421487603305785				242.0	0.0	100.0	0.6	20.0	0.08	1.959963984540054	0.01	2.0	10.0	0.02	
holdout	isolated_program	14005	mirror_reduction_050	reference	0.6128978190452975	0.7833333333333333	0.8571428571428571	no_gate			0.5		no_gate	469.0	242.0	227.0	0.5159914712153518	0.9421487603305785				242.0	0.0	100.0	0.6	20.0	0.08	1.959963984540054	0.01	2.0	10.0	0.02	
holdout	isolated_program	14005	mirror_reduction_025	target	0.7305820605356314	0.8316326530612246	0.5714285714285714	no_gate			0.25		no_gate	469.0	242.0	227.0	0.5159914712153518	0.9421487603305785				242.0	0.0	100.0	0.6	20.0	0.08	1.959963984540054	0.01	2.0	10.0	0.02	
holdout	isolated_program	14005	mirror_reduction_025	reference	0.6128978190452975	0.7833333333333333	0.8571428571428571	no_gate			0.25		no_gate	469.0	242.0	227.0	0.5159914712153518	0.9421487603305785				242.0	0.0	100.0	0.6	20.0	0.08	1.959963984540054	0.01	2.0	10.0	0.02	
holdout	isolated_program	14006	rc2_unweighted	target	0.6293303201969311	0.8163265306122449	0.6190476190476191	not_applicable																									
holdout	isolated_program	14006	rc2_unweighted	reference	0.6194203024571945	0.7388888888888889	0.38095238095238093	not_applicable																									
holdout	isolated_program	14006	rc3_soft	target	0.6292513992963216	0.8061224489795918	0.0	not_applicable	0.09999999999999964	0.5125																							
holdout	isolated_program	14006	rc3_soft	reference	0.6267507311683023	0.7444444444444445	0.0	not_applicable	0.09999999999999964	0.5125																							
holdout	isolated_program	14006	mirror_reduction_100	target	0.6293303201969311	0.8163265306122449	0.6190476190476191	no_gate			1.0		no_gate	447.0	225.0	222.0	0.5033557046979866	0.9911111111111112				225.0	0.0	100.0	0.6	20.0	0.08	1.959963984540054	0.01	2.0	10.0	0.02	
holdout	isolated_program	14006	mirror_reduction_100	reference	0.6194203024571945	0.7388888888888889	0.38095238095238093	no_gate			1.0		no_gate	447.0	225.0	222.0	0.5033557046979866	0.9911111111111112				225.0	0.0	100.0	0.6	20.0	0.08	1.959963984540054	0.01	2.0	10.0	0.02	
holdout	isolated_program	14006	mirror_reduction_075	target	0.6293303201969311	0.8163265306122449	0.6190476190476191	no_gate			0.75		no_gate	447.0	225.0	222.0	0.5033557046979866	0.9911111111111112				225.0	0.0	100.0	0.6	20.0	0.08	1.959963984540054	0.01	2.0	10.0	0.02	
holdout	isolated_program	14006	mirror_reduction_075	reference	0.6194203024571945	0.7388888888888889	0.38095238095238093	no_gate			0.75		no_gate	447.0	225.0	222.0	0.5033557046979866	0.9911111111111112				225.0	0.0	100.0	0.6	20.0	0.08	1.959963984540054	0.01	2.0	10.0	0.02	
holdout	isolated_program	14006	mirror_reduction_050	target	0.6293303201969311	0.8163265306122449	0.6190476190476191	no_gate			0.5		no_gate	447.0	225.0	222.0	0.5033557046979866	0.9911111111111112				225.0	0.0	100.0	0.6	20.0	0.08	1.959963984540054	0.01	2.0	10.0	0.02	
holdout	isolated_program	14006	mirror_reduction_050	reference	0.6194203024571945	0.7388888888888889	0.38095238095238093	no_gate			0.5		no_gate	447.0	225.0	222.0	0.5033557046979866	0.9911111111111112				225.0	0.0	100.0	0.6	20.0	0.08	1.959963984540054	0.01	2.0	10.0	0.02	
holdout	isolated_program	14006	mirror_reduction_025	target	0.6293303201969311	0.8163265306122449	0.6190476190476191	no_gate			0.25		no_gate	447.0	225.0	222.0	0.5033557046979866	0.9911111111111112				225.0	0.0	100.0	0.6	20.0	0.08	1.959963984540054	0.01	2.0	10.0	0.02	
holdout	isolated_program	14006	mirror_reduction_025	reference	0.6194203024571945	0.7388888888888889	0.38095238095238093	no_gate			0.25		no_gate	447.0	225.0	222.0	0.5033557046979866	0.9911111111111112				225.0	0.0	100.0	0.6	20.0	0.08	1.959963984540054	0.01	2.0	10.0	0.02	
holdout	isolated_program	14007	rc2_unweighted	target	0.8466773299105974	0.8833333333333333	0.6190476190476191	not_applicable																									
holdout	isolated_program	14007	rc2_unweighted	reference	0.826112676220605	0.9333333333333333	0.5714285714285714	not_applicable																									
holdout	isolated_program	14007	rc3_soft	target	0.8372934563658017	0.8777777777777778	0.0	not_applicable	0.059259259259259345	0.5074074074074074																							
holdout	isolated_program	14007	rc3_soft	reference	0.8099900739317532	0.9222222222222223	0.09523809523809523	not_applicable	0.059259259259259345	0.5074074074074074																							
holdout	isolated_program	14007	mirror_reduction_100	target	0.8466773299105974	0.8833333333333333	0.6190476190476191	no_gate			1.0		no_gate	466.0	233.0	233.0	0.5	1.0042918454935623				233.0	0.0	100.0	0.6	20.0	0.08	1.959963984540054	0.01	2.0	10.0	0.02	
holdout	isolated_program	14007	mirror_reduction_100	reference	0.826112676220605	0.9333333333333333	0.5714285714285714	no_gate			1.0		no_gate	466.0	233.0	233.0	0.5	1.0042918454935623				233.0	0.0	100.0	0.6	20.0	0.08	1.959963984540054	0.01	2.0	10.0	0.02	
holdout	isolated_program	14007	mirror_reduction_075	target	0.8466773299105974	0.8833333333333333	0.6190476190476191	no_gate			0.75		no_gate	466.0	233.0	233.0	0.5	1.0042918454935623				233.0	0.0	100.0	0.6	20.0	0.08	1.959963984540054	0.01	2.0	10.0	0.02	
holdout	isolated_program	14007	mirror_reduction_075	reference	0.826112676220605	0.9333333333333333	0.5714285714285714	no_gate			0.75		no_gate	466.0	233.0	233.0	0.5	1.0042918454935623				233.0	0.0	100.0	0.6	20.0	0.08	1.959963984540054	0.01	2.0	10.0	0.02	
holdout	isolated_program	14007	mirror_reduction_050	target	0.8466773299105974	0.8833333333333333	0.6190476190476191	no_gate			0.5		no_gate	466.0	233.0	233.0	0.5	1.0042918454935623				233.0	0.0	100.0	0.6	20.0	0.08	1.959963984540054	0.01	2.0	10.0	0.02	
holdout	isolated_program	14007	mirror_reduction_050	reference	0.826112676220605	0.9333333333333333	0.5714285714285714	no_gate			0.5		no_gate	466.0	233.0	233.0	0.5	1.0042918454935623				233.0	0.0	100.0	0.6	20.0	0.08	1.959963984540054	0.01	2.0	10.0	0.02	
holdout	isolated_program	14007	mirror_reduction_025	target	0.8466773299105974	0.8833333333333333	0.6190476190476191	no_gate			0.25		no_gate	466.0	233.0	233.0	0.5	1.0042918454935623				233.0	0.0	100.0	0.6	20.0	0.08	1.959963984540054	0.01	2.0	10.0	0.02	
holdout	isolated_program	14007	mirror_reduction_025	reference	0.826112676220605	0.9333333333333333	0.5714285714285714	no_gate			0.25		no_gate	466.0	233.0	233.0	0.5	1.0042918454935623				233.0	0.0	100.0	0.6	20.0	0.08	1.959963984540054	0.01	2.0	10.0	0.02	
holdout	isolated_program	14008	rc2_unweighted	target	0.8850682101027231	0.979591836734694	0.7142857142857143	not_applicable																									
holdout	isolated_program	14008	rc2_unweighted	reference	0.7581806282722514	0.8214285714285715	0.6666666666666666	not_applicable																									
holdout	isolated_program	14008	rc3_soft	target	0.8850682101027231	0.979591836734694	0.7142857142857143	not_applicable	0.0	0.4935185185185185																							
holdout	isolated_program	14008	rc3_soft	reference	0.7581806282722514	0.8214285714285715	0.6666666666666666	not_applicable	0.0	0.4935185185185185																							
holdout	isolated_program	14008	mirror_reduction_100	target	0.8850682101027231	0.979591836734694	0.7142857142857143	no_gate			1.0		no_gate	444.0	228.0	216.0	0.5135135135135135	0.9517543859649122				228.0	0.0	100.0	0.6	20.0	0.08	1.959963984540054	0.01	2.0	10.0	0.02	
holdout	isolated_program	14008	mirror_reduction_100	reference	0.7581806282722514	0.8214285714285715	0.6666666666666666	no_gate			1.0		no_gate	444.0	228.0	216.0	0.5135135135135135	0.9517543859649122				228.0	0.0	100.0	0.6	20.0	0.08	1.959963984540054	0.01	2.0	10.0	0.02	
holdout	isolated_program	14008	mirror_reduction_075	target	0.8850682101027231	0.979591836734694	0.7142857142857143	no_gate			0.75		no_gate	444.0	228.0	216.0	0.5135135135135135	0.9517543859649122				228.0	0.0	100.0	0.6	20.0	0.08	1.959963984540054	0.01	2.0	10.0	0.02	
holdout	isolated_program	14008	mirror_reduction_075	reference	0.7581806282722514	0.8214285714285715	0.6666666666666666	no_gate			0.75		no_gate	444.0	228.0	216.0	0.5135135135135135	0.9517543859649122				228.0	0.0	100.0	0.6	20.0	0.08	1.959963984540054	0.01	2.0	10.0	0.02	
holdout	isolated_program	14008	mirror_reduction_050	target	0.8850682101027231	0.979591836734694	0.7142857142857143	no_gate			0.5		no_gate	444.0	228.0	216.0	0.5135135135135135	0.9517543859649122				228.0	0.0	100.0	0.6	20.0	0.08	1.959963984540054	0.01	2.0	10.0	0.02	
holdout	isolated_program	14008	mirror_reduction_050	reference	0.7581806282722514	0.8214285714285715	0.6666666666666666	no_gate			0.5		no_gate	444.0	228.0	216.0	0.5135135135135135	0.9517543859649122				228.0	0.0	100.0	0.6	20.0	0.08	1.959963984540054	0.01	2.0	10.0	0.02	
holdout	isolated_program	14008	mirror_reduction_025	target	0.8850682101027231	0.979591836734694	0.7142857142857143	no_gate			0.25		no_gate	444.0	228.0	216.0	0.5135135135135135	0.9517543859649122				228.0	0.0	100.0	0.6	20.0	0.08	1.959963984540054	0.01	2.0	10.0	0.02	
holdout	isolated_program	14008	mirror_reduction_025	reference	0.7581806282722514	0.8214285714285715	0.6666666666666666	no_gate			0.25		no_gate	444.0	228.0	216.0	0.5135135135135135	0.9517543859649122				228.0	0.0	100.0	0.6	20.0	0.08	1.959963984540054	0.01	2.0	10.0	0.02	
holdout	isolated_program	14009	rc2_unweighted	target	0.8441477040116595	0.888888888888889	0.6666666666666666	not_applicable																									
holdout	isolated_program	14009	rc2_unweighted	reference	0.5972498959110281	0.85	0.6666666666666666	not_applicable																									
holdout	isolated_program	14009	rc3_soft	target	0.8441477040116595	0.888888888888889	0.6666666666666666	not_applicable	0.0	0.4962962962962963																							
holdout	isolated_program	14009	rc3_soft	reference	0.5972498959110281	0.85	0.6666666666666666	not_applicable	0.0	0.4962962962962963																							
holdout	isolated_program	14009	mirror_reduction_100	target	0.8441477040116595	0.888888888888889	0.6666666666666666	no_gate			1.0		no_gate	457.0	242.0	215.0	0.5295404814004376	0.8925619834710744				242.0	0.0	100.0	0.6	20.0	0.08	1.959963984540054	0.01	2.0	10.0	0.02	
holdout	isolated_program	14009	mirror_reduction_100	reference	0.5972498959110281	0.85	0.6666666666666666	no_gate			1.0		no_gate	457.0	242.0	215.0	0.5295404814004376	0.8925619834710744				242.0	0.0	100.0	0.6	20.0	0.08	1.959963984540054	0.01	2.0	10.0	0.02	
holdout	isolated_program	14009	mirror_reduction_075	target	0.8441477040116595	0.888888888888889	0.6666666666666666	no_gate			0.75		no_gate	457.0	242.0	215.0	0.5295404814004376	0.8925619834710744				242.0	0.0	100.0	0.6	20.0	0.08	1.959963984540054	0.01	2.0	10.0	0.02	
holdout	isolated_program	14009	mirror_reduction_075	reference	0.5972498959110281	0.85	0.6666666666666666	no_gate			0.75		no_gate	457.0	242.0	215.0	0.5295404814004376	0.8925619834710744				242.0	0.0	100.0	0.6	20.0	0.08	1.959963984540054	0.01	2.0	10.0	0.02	
holdout	isolated_program	14009	mirror_reduction_050	target	0.8441477040116595	0.888888888888889	0.6666666666666666	no_gate			0.5		no_gate	457.0	242.0	215.0	0.5295404814004376	0.8925619834710744				242.0	0.0	100.0	0.6	20.0	0.08	1.959963984540054	0.01	2.0	10.0	0.02	
holdout	isolated_program	14009	mirror_reduction_050	reference	0.5972498959110281	0.85	0.6666666666666666	no_gate			0.5		no_gate	457.0	242.0	215.0	0.5295404814004376	0.8925619834710744				242.0	0.0	100.0	0.6	20.0	0.08	1.959963984540054	0.01	2.0	10.0	0.02	
holdout	isolated_program	14009	mirror_reduction_025	target	0.8441477040116595	0.888888888888889	0.6666666666666666	no_gate			0.25		no_gate	457.0	242.0	215.0	0.5295404814004376	0.8925619834710744				242.0	0.0	100.0	0.6	20.0	0.08	1.959963984540054	0.01	2.0	10.0	0.02	
holdout	isolated_program	14009	mirror_reduction_025	reference	0.5972498959110281	0.85	0.6666666666666666	no_gate			0.25		no_gate	457.0	242.0	215.0	0.5295404814004376	0.8925619834710744				242.0	0.0	100.0	0.6	20.0	0.08	1.959963984540054	0.01	2.0	10.0	0.02	
holdout	isolated_program	14010	rc2_unweighted	target	0.8058930597175079	1.0	0.47619047619047616	not_applicable																									
holdout	isolated_program	14010	rc2_unweighted	reference	0.8592762443677133	0.9111111111111111	0.5714285714285714	not_applicable																									
holdout	isolated_program	14010	rc3_soft	target	0.7843487078240077	1.0	0.0	not_applicable	0.17777777777777803	0.5222222222222223																							
holdout	isolated_program	14010	rc3_soft	reference	0.8500855873776517	0.9222222222222223	0.0	not_applicable	0.17777777777777803	0.5222222222222223																							
holdout	isolated_program	14010	mirror_reduction_100	target	0.8058930597175079	1.0	0.47619047619047616	no_gate			1.0		no_gate	477.0	254.0	223.0	0.5324947589098532	0.8818897637795275				254.0	0.0	100.0	0.6	20.0	0.08	1.959963984540054	0.01	2.0	10.0	0.02	
holdout	isolated_program	14010	mirror_reduction_100	reference	0.8592762443677133	0.9111111111111111	0.5714285714285714	no_gate			1.0		no_gate	477.0	254.0	223.0	0.5324947589098532	0.8818897637795275				254.0	0.0	100.0	0.6	20.0	0.08	1.959963984540054	0.01	2.0	10.0	0.02	
holdout	isolated_program	14010	mirror_reduction_075	target	0.8058930597175079	1.0	0.47619047619047616	no_gate			0.75		no_gate	477.0	254.0	223.0	0.5324947589098532	0.8818897637795275				254.0	0.0	100.0	0.6	20.0	0.08	1.959963984540054	0.01	2.0	10.0	0.02	
holdout	isolated_program	14010	mirror_reduction_075	reference	0.8592762443677133	0.9111111111111111	0.5714285714285714	no_gate			0.75		no_gate	477.0	254.0	223.0	0.5324947589098532	0.8818897637795275				254.0	0.0	100.0	0.6	20.0	0.08	1.959963984540054	0.01	2.0	10.0	0.02	
holdout	isolated_program	14010	mirror_reduction_050	target	0.8058930597175079	1.0	0.47619047619047616	no_gate			0.5		no_gate	477.0	254.0	223.0	0.5324947589098532	0.8818897637795275				254.0	0.0	100.0	0.6	20.0	0.08	1.959963984540054	0.01	2.0	10.0	0.02	
holdout	isolated_program	14010	mirror_reduction_050	reference	0.8592762443677133	0.9111111111111111	0.5714285714285714	no_gate			0.5		no_gate	477.0	254.0	223.0	0.5324947589098532	0.8818897637795275				254.0	0.0	100.0	0.6	20.0	0.08	1.959963984540054	0.01	2.0	10.0	0.02	
holdout	isolated_program	14010	mirror_reduction_025	target	0.8058930597175079	1.0	0.47619047619047616	no_gate			0.25		no_gate	477.0	254.0	223.0	0.5324947589098532	0.8818897637795275				254.0	0.0	100.0	0.6	20.0	0.08	1.959963984540054	0.01	2.0	10.0	0.02	
holdout	isolated_program	14010	mirror_reduction_025	reference	0.8592762443677133	0.9111111111111111	0.5714285714285714	no_gate			0.25		no_gate	477.0	254.0	223.0	0.5324947589098532	0.8818897637795275				254.0	0.0	100.0	0.6	20.0	0.08	1.959963984540054	0.01	2.0	10.0	0.02	
holdout	isolated_program	14011	rc2_unweighted	target	0.6739630809534876	0.7000000000000001	0.5714285714285714	not_applicable																									
holdout	isolated_program	14011	rc2_unweighted	reference	0.7070389353929106	0.7884615384615384	0.5714285714285714	not_applicable																									
holdout	isolated_program	14011	rc3_soft	target	0.6783877169761391	0.711111111111111	0.0	not_applicable	0.13333333333333375	0.5166666666666667																							
holdout	isolated_program	14011	rc3_soft	reference	0.6909165941098407	0.8076923076923077	0.0	not_applicable	0.13333333333333375	0.5166666666666667																							
holdout	isolated_program	14011	mirror_reduction_100	target	0.6739630809534876	0.7000000000000001	0.5714285714285714	no_gate			1.0		no_gate	424.0	207.0	217.0	0.4882075471698113	1.0531400966183575				207.0	0.0	100.0	0.6	20.0	0.08	1.959963984540054	0.01	2.0	10.0	0.02	
holdout	isolated_program	14011	mirror_reduction_100	reference	0.7070389353929106	0.7884615384615384	0.5714285714285714	no_gate			1.0		no_gate	424.0	207.0	217.0	0.4882075471698113	1.0531400966183575				207.0	0.0	100.0	0.6	20.0	0.08	1.959963984540054	0.01	2.0	10.0	0.02	
holdout	isolated_program	14011	mirror_reduction_075	target	0.6739630809534876	0.7000000000000001	0.5714285714285714	no_gate			0.75		no_gate	424.0	207.0	217.0	0.4882075471698113	1.0531400966183575				207.0	0.0	100.0	0.6	20.0	0.08	1.959963984540054	0.01	2.0	10.0	0.02	
holdout	isolated_program	14011	mirror_reduction_075	reference	0.7070389353929106	0.7884615384615384	0.5714285714285714	no_gate			0.75		no_gate	424.0	207.0	217.0	0.4882075471698113	1.0531400966183575				207.0	0.0	100.0	0.6	20.0	0.08	1.959963984540054	0.01	2.0	10.0	0.02	
holdout	isolated_program	14011	mirror_reduction_050	target	0.6739630809534876	0.7000000000000001	0.5714285714285714	no_gate			0.5		no_gate	424.0	207.0	217.0	0.4882075471698113	1.0531400966183575				207.0	0.0	100.0	0.6	20.0	0.08	1.959963984540054	0.01	2.0	10.0	0.02	
holdout	isolated_program	14011	mirror_reduction_050	reference	0.7070389353929106	0.7884615384615384	0.5714285714285714	no_gate			0.5		no_gate	424.0	207.0	217.0	0.4882075471698113	1.0531400966183575				207.0	0.0	100.0	0.6	20.0	0.08	1.959963984540054	0.01	2.0	10.0	0.02	
holdout	isolated_program	14011	mirror_reduction_025	target	0.6739630809534876	0.7000000000000001	0.5714285714285714	no_gate			0.25		no_gate	424.0	207.0	217.0	0.4882075471698113	1.0531400966183575				207.0	0.0	100.0	0.6	20.0	0.08	1.959963984540054	0.01	2.0	10.0	0.02	
holdout	isolated_program	14011	mirror_reduction_025	reference	0.7070389353929106	0.7884615384615384	0.5714285714285714	no_gate			0.25		no_gate	424.0	207.0	217.0	0.4882075471698113	1.0531400966183575				207.0	0.0	100.0	0.6	20.0	0.08	1.959963984540054	0.01	2.0	10.0	0.02	
holdout	isolated_program	14012	rc2_unweighted	target	0.28015190784761423	0.6444444444444444	0.8571428571428571	not_applicable																									
holdout	isolated_program	14012	rc2_unweighted	reference	0.882335455241108	0.8333333333333334	0.2857142857142857	not_applicable																									
holdout	isolated_program	14012	rc3_soft	target	0.2626458859394036	0.6444444444444445	0.0	not_applicable	0.7370370370370374	0.5921296296296297																							
holdout	isolated_program	14012	rc3_soft	reference	0.8531459626233918	0.8111111111111111	0.0	not_applicable	0.7370370370370374	0.5921296296296297																							
holdout	isolated_program	14012	mirror_reduction_100	target	0.3980973783450216	0.7277777777777779	1.0	sign_only			1.0	0.0	sign_only	483.0	339.0	144.0	0.7018633540372671	0.4277286135693215	0.4277286135693215	0.4277286135693215		339.0	144.0	100.0	0.6	20.0	0.08	1.959963984540054	0.01	2.0	10.0	0.02	
holdout	isolated_program	14012	mirror_reduction_100	reference	0.8564912703234941	0.8166666666666667	0.23809523809523808	sign_only			1.0	0.0	sign_only	483.0	339.0	144.0	0.7018633540372671	0.4277286135693215	0.4277286135693215	0.4277286135693215		339.0	144.0	100.0	0.6	20.0	0.08	1.959963984540054	0.01	2.0	10.0	0.02	
holdout	isolated_program	14012	mirror_reduction_075	target	0.02272804891868797	0.5222222222222223	0.9523809523809523	enriched_tail			0.75	1.801035040443838	enriched_tail	483.0	339.0	144.0	0.7018633540372671	0.4277286135693215	0.32079646017699115	0.305	0.7143213131585489	200.0	144.0	100.0	0.6	20.0	0.08	1.959963984540054	0.01	2.0	10.0	0.02	0.06053738010773879
holdout	isolated_program	14012	mirror_reduction_075	reference	0.7652285586528156	0.7833333333333333	0.6190476190476191	enriched_tail			0.75	1.801035040443838	enriched_tail	483.0	339.0	144.0	0.7018633540372671	0.4277286135693215	0.32079646017699115	0.305	0.7143213131585489	200.0	144.0	100.0	0.6	20.0	0.08	1.959963984540054	0.01	2.0	10.0	0.02	0.06053738010773879
holdout	isolated_program	14012	mirror_reduction_050	target	0.3980973783450216	0.7277777777777779	1.0	sign_only			0.5	0.0	sign_only	483.0	339.0	144.0	0.7018633540372671	0.4277286135693215	0.21386430678466076	0.4277286135693215		339.0	144.0	100.0	0.6	20.0	0.08	1.959963984540054	0.01	2.0	10.0	0.02	
holdout	isolated_program	14012	mirror_reduction_050	reference	0.8564912703234941	0.8166666666666667	0.23809523809523808	sign_only			0.5	0.0	sign_only	483.0	339.0	144.0	0.7018633540372671	0.4277286135693215	0.21386430678466076	0.4277286135693215		339.0	144.0	100.0	0.6	20.0	0.08	1.959963984540054	0.01	2.0	10.0	0.02	
holdout	isolated_program	14012	mirror_reduction_025	target	0.3980973783450216	0.7277777777777779	1.0	sign_only			0.25	0.0	sign_only	483.0	339.0	144.0	0.7018633540372671	0.4277286135693215	0.10693215339233038	0.4277286135693215		339.0	144.0	100.0	0.6	20.0	0.08	1.959963984540054	0.01	2.0	10.0	0.02	
holdout	isolated_program	14012	mirror_reduction_025	reference	0.8564912703234941	0.8166666666666667	0.23809523809523808	sign_only			0.25	0.0	sign_only	483.0	339.0	144.0	0.7018633540372671	0.4277286135693215	0.10693215339233038	0.4277286135693215		339.0	144.0	100.0	0.6	20.0	0.08	1.959963984540054	0.01	2.0	10.0	0.02	
holdout	isolated_program	14013	rc2_unweighted	target	0.8786835732515724	0.9388888888888889	0.5714285714285714	not_applicable																									
holdout	isolated_program	14013	rc2_unweighted	reference	0.4917826791451386	0.6122448979591837	0.7619047619047619	not_applicable																									
holdout	isolated_program	14013	rc3_soft	target	0.8753383054526629	0.9333333333333333	0.0	not_applicable	0.17037037037037006	0.5212962962962963																							
holdout	isolated_program	14013	rc3_soft	reference	0.470908197056417	0.6122448979591837	0.0	not_applicable	0.17037037037037006	0.5212962962962963																							
holdout	isolated_program	14013	mirror_reduction_100	target	0.8786835732515724	0.9388888888888889	0.5714285714285714	no_gate			1.0		no_gate	441.0	239.0	202.0	0.5419501133786848	0.8493723849372385				239.0	0.0	100.0	0.6	20.0	0.08	1.959963984540054	0.01	2.0	10.0	0.02	
holdout	isolated_program	14013	mirror_reduction_100	reference	0.4917826791451386	0.6122448979591837	0.7619047619047619	no_gate			1.0		no_gate	441.0	239.0	202.0	0.5419501133786848	0.8493723849372385				239.0	0.0	100.0	0.6	20.0	0.08	1.959963984540054	0.01	2.0	10.0	0.02	
holdout	isolated_program	14013	mirror_reduction_075	target	0.8786835732515724	0.9388888888888889	0.5714285714285714	no_gate			0.75		no_gate	441.0	239.0	202.0	0.5419501133786848	0.8493723849372385				239.0	0.0	100.0	0.6	20.0	0.08	1.959963984540054	0.01	2.0	10.0	0.02	
holdout	isolated_program	14013	mirror_reduction_075	reference	0.4917826791451386	0.6122448979591837	0.7619047619047619	no_gate			0.75		no_gate	441.0	239.0	202.0	0.5419501133786848	0.8493723849372385				239.0	0.0	100.0	0.6	20.0	0.08	1.959963984540054	0.01	2.0	10.0	0.02	
holdout	isolated_program	14013	mirror_reduction_050	target	0.8786835732515724	0.9388888888888889	0.5714285714285714	no_gate			0.5		no_gate	441.0	239.0	202.0	0.5419501133786848	0.8493723849372385				239.0	0.0	100.0	0.6	20.0	0.08	1.959963984540054	0.01	2.0	10.0	0.02	
holdout	isolated_program	14013	mirror_reduction_050	reference	0.4917826791451386	0.6122448979591837	0.7619047619047619	no_gate			0.5		no_gate	441.0	239.0	202.0	0.5419501133786848	0.8493723849372385				239.0	0.0	100.0	0.6	20.0	0.08	1.959963984540054	0.01	2.0	10.0	0.02	
holdout	isolated_program	14013	mirror_reduction_025	target	0.8786835732515724	0.9388888888888889	0.5714285714285714	no_gate			0.25		no_gate	441.0	239.0	202.0	0.5419501133786848	0.8493723849372385				239.0	0.0	100.0	0.6	20.0	0.08	1.959963984540054	0.01	2.0	10.0	0.02	
holdout	isolated_program	14013	mirror_reduction_025	reference	0.4917826791451386	0.6122448979591837	0.7619047619047619	no_gate			0.25		no_gate	441.0	239.0	202.0	0.5419501133786848	0.8493723849372385				239.0	0.0	100.0	0.6	20.0	0.08	1.959963984540054	0.01	2.0	10.0	0.02	
holdout	isolated_program	14014	rc2_unweighted	target	0.8128681005088798	0.9666666666666667	0.42857142857142855	not_applicable																									
holdout	isolated_program	14014	rc2_unweighted	reference	0.68149600584548	0.7333333333333333	0.7619047619047619	not_applicable																									
holdout	isolated_program	14014	rc3_soft	target	0.8028725406605723	0.9444444444444445	0.0	not_applicable	0.2666666666666666	0.5333333333333333																							
holdout	isolated_program	14014	rc3_soft	reference	0.6938188037395604	0.7666666666666667	0.0	not_applicable	0.2666666666666666	0.5333333333333333																							
holdout	isolated_program	14014	mirror_reduction_100	target	0.8128681005088798	0.9666666666666667	0.42857142857142855	no_gate			1.0		no_gate	489.0	287.0	202.0	0.5869120654396728	0.7073170731707317				287.0	0.0	100.0	0.6	20.0	0.08	1.959963984540054	0.01	2.0	10.0	0.02	
holdout	isolated_program	14014	mirror_reduction_100	reference	0.68149600584548	0.7333333333333333	0.7619047619047619	no_gate			1.0		no_gate	489.0	287.0	202.0	0.5869120654396728	0.7073170731707317				287.0	0.0	100.0	0.6	20.0	0.08	1.959963984540054	0.01	2.0	10.0	0.02	
holdout	isolated_program	14014	mirror_reduction_075	target	0.8128681005088798	0.9666666666666667	0.42857142857142855	no_gate			0.75		no_gate	489.0	287.0	202.0	0.5869120654396728	0.7073170731707317				287.0	0.0	100.0	0.6	20.0	0.08	1.959963984540054	0.01	2.0	10.0	0.02	
holdout	isolated_program	14014	mirror_reduction_075	reference	0.68149600584548	0.7333333333333333	0.7619047619047619	no_gate			0.75		no_gate	489.0	287.0	202.0	0.5869120654396728	0.7073170731707317				287.0	0.0	100.0	0.6	20.0	0.08	1.959963984540054	0.01	2.0	10.0	0.02	
holdout	isolated_program	14014	mirror_reduction_050	target	0.8128681005088798	0.9666666666666667	0.42857142857142855	no_gate			0.5		no_gate	489.0	287.0	202.0	0.5869120654396728	0.7073170731707317				287.0	0.0	100.0	0.6	20.0	0.08	1.959963984540054	0.01	2.0	10.0	0.02	
holdout	isolated_program	14014	mirror_reduction_050	reference	0.68149600584548	0.7333333333333333	0.7619047619047619	no_gate			0.5		no_gate	489.0	287.0	202.0	0.5869120654396728	0.7073170731707317				287.0	0.0	100.0	0.6	20.0	0.08	1.959963984540054	0.01	2.0	10.0	0.02	
holdout	isolated_program	14014	mirror_reduction_025	target	0.8128681005088798	0.9666666666666667	0.42857142857142855	no_gate			0.25		no_gate	489.0	287.0	202.0	0.5869120654396728	0.7073170731707317				287.0	0.0	100.0	0.6	20.0	0.08	1.959963984540054	0.01	2.0	10.0	0.02	
holdout	isolated_program	14014	mirror_reduction_025	reference	0.68149600584548	0.7333333333333333	0.7619047619047619	no_gate			0.25		no_gate	489.0	287.0	202.0	0.5869120654396728	0.7073170731707317				287.0	0.0	100.0	0.6	20.0	0.08	1.959963984540054	0.01	2.0	10.0	0.02	
holdout	isolated_program	14015	rc2_unweighted	target	0.867993710605423	0.9111111111111111	0.47619047619047616	not_applicable																									
holdout	isolated_program	14015	rc2_unweighted	reference	0.8415034122676345	1.0	0.3333333333333333	not_applicable																									
holdout	isolated_program	14015	rc3_soft	target	0.8319227854659513	0.8777777777777778	0.09523809523809523	not_applicable	0.3111111111111109	0.5388888888888889																							
holdout	isolated_program	14015	rc3_soft	reference	0.8057963336129726	1.0	0.0	not_applicable	0.3111111111111109	0.5388888888888889																							
holdout	isolated_program	14015	mirror_reduction_100	target	0.867993710605423	0.9111111111111111	0.47619047619047616	no_gate			1.0		no_gate	468.0	259.0	209.0	0.5534188034188035	0.8108108108108109				259.0	0.0	100.0	0.6	20.0	0.08	1.959963984540054	0.01	2.0	10.0	0.02	
holdout	isolated_program	14015	mirror_reduction_100	reference	0.8415034122676345	1.0	0.3333333333333333	no_gate			1.0		no_gate	468.0	259.0	209.0	0.5534188034188035	0.8108108108108109				259.0	0.0	100.0	0.6	20.0	0.08	1.959963984540054	0.01	2.0	10.0	0.02	
holdout	isolated_program	14015	mirror_reduction_075	target	0.867993710605423	0.9111111111111111	0.47619047619047616	no_gate			0.75		no_gate	468.0	259.0	209.0	0.5534188034188035	0.8108108108108109				259.0	0.0	100.0	0.6	20.0	0.08	1.959963984540054	0.01	2.0	10.0	0.02	
holdout	isolated_program	14015	mirror_reduction_075	reference	0.8415034122676345	1.0	0.3333333333333333	no_gate			0.75		no_gate	468.0	259.0	209.0	0.5534188034188035	0.8108108108108109				259.0	0.0	100.0	0.6	20.0	0.08	1.959963984540054	0.01	2.0	10.0	0.02	
holdout	isolated_program	14015	mirror_reduction_050	target	0.867993710605423	0.9111111111111111	0.47619047619047616	no_gate			0.5		no_gate	468.0	259.0	209.0	0.5534188034188035	0.8108108108108109				259.0	0.0	100.0	0.6	20.0	0.08	1.959963984540054	0.01	2.0	10.0	0.02	
holdout	isolated_program	14015	mirror_reduction_050	reference	0.8415034122676345	1.0	0.3333333333333333	no_gate			0.5		no_gate	468.0	259.0	209.0	0.5534188034188035	0.8108108108108109				259.0	0.0	100.0	0.6	20.0	0.08	1.959963984540054	0.01	2.0	10.0	0.02	
holdout	isolated_program	14015	mirror_reduction_025	target	0.867993710605423	0.9111111111111111	0.47619047619047616	no_gate			0.25		no_gate	468.0	259.0	209.0	0.5534188034188035	0.8108108108108109				259.0	0.0	100.0	0.6	20.0	0.08	1.959963984540054	0.01	2.0	10.0	0.02	
holdout	isolated_program	14015	mirror_reduction_025	reference	0.8415034122676345	1.0	0.3333333333333333	no_gate			0.25		no_gate	468.0	259.0	209.0	0.5534188034188035	0.8108108108108109				259.0	0.0	100.0	0.6	20.0	0.08	1.959963984540054	0.01	2.0	10.0	0.02	
holdout	isolated_program	14016	rc2_unweighted	target	0.8100580092016059	0.9055555555555554	0.6666666666666666	not_applicable																									
holdout	isolated_program	14016	rc2_unweighted	reference	0.7089835628912724	0.8777777777777778	0.6666666666666666	not_applicable																									
holdout	isolated_program	14016	rc3_soft	target	0.8214731881984165	0.9	0.0	not_applicable	0.20370370370370328	0.5254629629629629																							
holdout	isolated_program	14016	rc3_soft	reference	0.6776453618703596	0.8666666666666667	0.09523809523809523	not_applicable	0.20370370370370328	0.5254629629629629																							
holdout	isolated_program	14016	mirror_reduction_100	target	0.8100580092016059	0.9055555555555554	0.6666666666666666	no_gate			1.0		no_gate	464.0	241.0	223.0	0.5193965517241379	0.9294605809128631				241.0	0.0	100.0	0.6	20.0	0.08	1.959963984540054	0.01	2.0	10.0	0.02	
holdout	isolated_program	14016	mirror_reduction_100	reference	0.7089835628912724	0.8777777777777778	0.6666666666666666	no_gate			1.0		no_gate	464.0	241.0	223.0	0.5193965517241379	0.9294605809128631				241.0	0.0	100.0	0.6	20.0	0.08	1.959963984540054	0.01	2.0	10.0	0.02	
holdout	isolated_program	14016	mirror_reduction_075	target	0.8100580092016059	0.9055555555555554	0.6666666666666666	no_gate			0.75		no_gate	464.0	241.0	223.0	0.5193965517241379	0.9294605809128631				241.0	0.0	100.0	0.6	20.0	0.08	1.959963984540054	0.01	2.0	10.0	0.02	
holdout	isolated_program	14016	mirror_reduction_075	reference	0.7089835628912724	0.8777777777777778	0.6666666666666666	no_gate			0.75		no_gate	464.0	241.0	223.0	0.5193965517241379	0.9294605809128631				241.0	0.0	100.0	0.6	20.0	0.08	1.959963984540054	0.01	2.0	10.0	0.02	
holdout	isolated_program	14016	mirror_reduction_050	target	0.8100580092016059	0.9055555555555554	0.6666666666666666	no_gate			0.5		no_gate	464.0	241.0	223.0	0.5193965517241379	0.9294605809128631				241.0	0.0	100.0	0.6	20.0	0.08	1.959963984540054	0.01	2.0	10.0	0.02	
holdout	isolated_program	14016	mirror_reduction_050	reference	0.7089835628912724	0.8777777777777778	0.6666666666666666	no_gate			0.5		no_gate	464.0	241.0	223.0	0.5193965517241379	0.9294605809128631				241.0	0.0	100.0	0.6	20.0	0.08	1.959963984540054	0.01	2.0	10.0	0.02	
holdout	isolated_program	14016	mirror_reduction_025	target	0.8100580092016059	0.9055555555555554	0.6666666666666666	no_gate			0.25		no_gate	464.0	241.0	223.0	0.5193965517241379	0.9294605809128631				241.0	0.0	100.0	0.6	20.0	0.08	1.959963984540054	0.01	2.0	10.0	0.02	
holdout	isolated_program	14016	mirror_reduction_025	reference	0.7089835628912724	0.8777777777777778	0.6666666666666666	no_gate			0.25		no_gate	464.0	241.0	223.0	0.5193965517241379	0.9294605809128631				241.0	0.0	100.0	0.6	20.0	0.08	1.959963984540054	0.01	2.0	10.0	0.02	
holdout	noisy_program	14001	rc2_unweighted	target	0.9171035860605147	0.9277777777777778	0.5714285714285714	not_applicable																									
holdout	noisy_program	14001	rc2_unweighted	reference	0.2873751738810132	0.7388888888888889	0.6666666666666666	not_applicable																									
holdout	noisy_program	14001	rc3_soft	target	0.908619087341778	0.9333333333333333	0.0	not_applicable	0.0370370370370372	0.5046296296296297																							
holdout	noisy_program	14001	rc3_soft	reference	0.33572401314496136	0.7555555555555556	0.0	not_applicable	0.0370370370370372	0.5046296296296297																							
holdout	noisy_program	14001	mirror_reduction_100	target	0.9171035860605147	0.9277777777777778	0.5714285714285714	no_gate			1.0		no_gate	486.0	229.0	257.0	0.4711934156378601	1.1266375545851528				229.0	0.0	100.0	0.6	20.0	0.08	1.959963984540054	0.01	2.0	10.0	0.02	
holdout	noisy_program	14001	mirror_reduction_100	reference	0.2873751738810132	0.7388888888888889	0.6666666666666666	no_gate			1.0		no_gate	486.0	229.0	257.0	0.4711934156378601	1.1266375545851528				229.0	0.0	100.0	0.6	20.0	0.08	1.959963984540054	0.01	2.0	10.0	0.02	
holdout	noisy_program	14001	mirror_reduction_075	target	0.9171035860605147	0.9277777777777778	0.5714285714285714	no_gate			0.75		no_gate	486.0	229.0	257.0	0.4711934156378601	1.1266375545851528				229.0	0.0	100.0	0.6	20.0	0.08	1.959963984540054	0.01	2.0	10.0	0.02	
holdout	noisy_program	14001	mirror_reduction_075	reference	0.2873751738810132	0.7388888888888889	0.6666666666666666	no_gate			0.75		no_gate	486.0	229.0	257.0	0.4711934156378601	1.1266375545851528				229.0	0.0	100.0	0.6	20.0	0.08	1.959963984540054	0.01	2.0	10.0	0.02	
holdout	noisy_program	14001	mirror_reduction_050	target	0.9171035860605147	0.9277777777777778	0.5714285714285714	no_gate			0.5		no_gate	486.0	229.0	257.0	0.4711934156378601	1.1266375545851528				229.0	0.0	100.0	0.6	20.0	0.08	1.959963984540054	0.01	2.0	10.0	0.02	
holdout	noisy_program	14001	mirror_reduction_050	reference	0.2873751738810132	0.7388888888888889	0.6666666666666666	no_gate			0.5		no_gate	486.0	229.0	257.0	0.4711934156378601	1.1266375545851528				229.0	0.0	100.0	0.6	20.0	0.08	1.959963984540054	0.01	2.0	10.0	0.02	
holdout	noisy_program	14001	mirror_reduction_025	target	0.9171035860605147	0.9277777777777778	0.5714285714285714	no_gate			0.25		no_gate	486.0	229.0	257.0	0.4711934156378601	1.1266375545851528				229.0	0.0	100.0	0.6	20.0	0.08	1.959963984540054	0.01	2.0	10.0	0.02	
holdout	noisy_program	14001	mirror_reduction_025	reference	0.2873751738810132	0.7388888888888889	0.6666666666666666	no_gate			0.25		no_gate	486.0	229.0	257.0	0.4711934156378601	1.1266375545851528				229.0	0.0	100.0	0.6	20.0	0.08	1.959963984540054	0.01	2.0	10.0	0.02	
holdout	noisy_program	14002	rc2_unweighted	target	0.7971280739072087	0.9111111111111111	0.7142857142857143	not_applicable																									
holdout	noisy_program	14002	rc2_unweighted	reference	0.7438825844538853	0.8877551020408163	0.5238095238095238	not_applicable																									
holdout	noisy_program	14002	rc3_soft	target	0.7971280739072087	0.9111111111111111	0.7142857142857143	not_applicable	0.0	0.49537037037037035																							
holdout	noisy_program	14002	rc3_soft	reference	0.7438825844538853	0.8877551020408163	0.5238095238095238	not_applicable	0.0	0.49537037037037035																							
holdout	noisy_program	14002	mirror_reduction_100	target	0.7971280739072087	0.9111111111111111	0.7142857142857143	no_gate			1.0		no_gate	415.0	203.0	212.0	0.4891566265060241	1.0492610837438423				203.0	0.0	100.0	0.6	20.0	0.08	1.959963984540054	0.01	2.0	10.0	0.02	
holdout	noisy_program	14002	mirror_reduction_100	reference	0.7438825844538853	0.8877551020408163	0.5238095238095238	no_gate			1.0		no_gate	415.0	203.0	212.0	0.4891566265060241	1.0492610837438423				203.0	0.0	100.0	0.6	20.0	0.08	1.959963984540054	0.01	2.0	10.0	0.02	
holdout	noisy_program	14002	mirror_reduction_075	target	0.7971280739072087	0.9111111111111111	0.7142857142857143	no_gate			0.75		no_gate	415.0	203.0	212.0	0.4891566265060241	1.0492610837438423				203.0	0.0	100.0	0.6	20.0	0.08	1.959963984540054	0.01	2.0	10.0	0.02	
holdout	noisy_program	14002	mirror_reduction_075	reference	0.7438825844538853	0.8877551020408163	0.5238095238095238	no_gate			0.75		no_gate	415.0	203.0	212.0	0.4891566265060241	1.0492610837438423				203.0	0.0	100.0	0.6	20.0	0.08	1.959963984540054	0.01	2.0	10.0	0.02	
holdout	noisy_program	14002	mirror_reduction_050	target	0.7971280739072087	0.9111111111111111	0.7142857142857143	no_gate			0.5		no_gate	415.0	203.0	212.0	0.4891566265060241	1.0492610837438423				203.0	0.0	100.0	0.6	20.0	0.08	1.959963984540054	0.01	2.0	10.0	0.02	
holdout	noisy_program	14002	mirror_reduction_050	reference	0.7438825844538853	0.8877551020408163	0.5238095238095238	no_gate			0.5		no_gate	415.0	203.0	212.0	0.4891566265060241	1.0492610837438423				203.0	0.0	100.0	0.6	20.0	0.08	1.959963984540054	0.01	2.0	10.0	0.02	
holdout	noisy_program	14002	mirror_reduction_025	target	0.7971280739072087	0.9111111111111111	0.7142857142857143	no_gate			0.25		no_gate	415.0	203.0	212.0	0.4891566265060241	1.0492610837438423				203.0	0.0	100.0	0.6	20.0	0.08	1.959963984540054	0.01	2.0	10.0	0.02	
holdout	noisy_program	14002	mirror_reduction_025	reference	0.7438825844538853	0.8877551020408163	0.5238095238095238	no_gate			0.25		no_gate	415.0	203.0	212.0	0.4891566265060241	1.0492610837438423				203.0	0.0	100.0	0.6	20.0	0.08	1.959963984540054	0.01	2.0	10.0	0.02	
holdout	noisy_program	14003	rc2_unweighted	target	0.6855851353442627	0.75	0.47619047619047616	not_applicable																									
holdout	noisy_program	14003	rc2_unweighted	reference	0.6082578683951723	0.7602040816326531	0.7142857142857143	not_applicable																									
holdout	noisy_program	14003	rc3_soft	target	0.6729524545520748	0.7448979591836734	0.0	not_applicable	0.0037037037037039866	0.500462962962963																							
holdout	noisy_program	14003	rc3_soft	reference	0.6266423819108636	0.7653061224489796	0.0	not_applicable	0.0037037037037039866	0.500462962962963																							
holdout	noisy_program	14003	mirror_reduction_100	target	0.6855851353442627	0.75	0.47619047619047616	no_gate			1.0		no_gate	484.0	268.0	216.0	0.5537190082644629	0.8097014925373134				268.0	0.0	100.0	0.6	20.0	0.08	1.959963984540054	0.01	2.0	10.0	0.02	
holdout	noisy_program	14003	mirror_reduction_100	reference	0.6082578683951723	0.7602040816326531	0.7142857142857143	no_gate			1.0		no_gate	484.0	268.0	216.0	0.5537190082644629	0.8097014925373134				268.0	0.0	100.0	0.6	20.0	0.08	1.959963984540054	0.01	2.0	10.0	0.02	
holdout	noisy_program	14003	mirror_reduction_075	target	0.6855851353442627	0.75	0.47619047619047616	no_gate			0.75		no_gate	484.0	268.0	216.0	0.5537190082644629	0.8097014925373134				268.0	0.0	100.0	0.6	20.0	0.08	1.959963984540054	0.01	2.0	10.0	0.02	
holdout	noisy_program	14003	mirror_reduction_075	reference	0.6082578683951723	0.7602040816326531	0.7142857142857143	no_gate			0.75		no_gate	484.0	268.0	216.0	0.5537190082644629	0.8097014925373134				268.0	0.0	100.0	0.6	20.0	0.08	1.959963984540054	0.01	2.0	10.0	0.02	
holdout	noisy_program	14003	mirror_reduction_050	target	0.6855851353442627	0.75	0.47619047619047616	no_gate			0.5		no_gate	484.0	268.0	216.0	0.5537190082644629	0.8097014925373134				268.0	0.0	100.0	0.6	20.0	0.08	1.959963984540054	0.01	2.0	10.0	0.02	
holdout	noisy_program	14003	mirror_reduction_050	reference	0.6082578683951723	0.7602040816326531	0.7142857142857143	no_gate			0.5		no_gate	484.0	268.0	216.0	0.5537190082644629	0.8097014925373134				268.0	0.0	100.0	0.6	20.0	0.08	1.959963984540054	0.01	2.0	10.0	0.02	
holdout	noisy_program	14003	mirror_reduction_025	target	0.6855851353442627	0.75	0.47619047619047616	no_gate			0.25		no_gate	484.0	268.0	216.0	0.5537190082644629	0.8097014925373134				268.0	0.0	100.0	0.6	20.0	0.08	1.959963984540054	0.01	2.0	10.0	0.02	
holdout	noisy_program	14003	mirror_reduction_025	reference	0.6082578683951723	0.7602040816326531	0.7142857142857143	no_gate			0.25		no_gate	484.0	268.0	216.0	0.5537190082644629	0.8097014925373134				268.0	0.0	100.0	0.6	20.0	0.08	1.959963984540054	0.01	2.0	10.0	0.02	
holdout	noisy_program	14004	rc2_unweighted	target	0.8474082958411203	0.95	0.5238095238095238	not_applicable																									
holdout	noisy_program	14004	rc2_unweighted	reference	0.73958869888971	0.7555555555555555	0.6666666666666666	not_applicable																									
holdout	noisy_program	14004	rc3_soft	target	0.8474082958411203	0.95	0.5238095238095238	not_applicable	0.0	0.4962962962962963																							
holdout	noisy_program	14004	rc3_soft	reference	0.73958869888971	0.7555555555555555	0.6666666666666666	not_applicable	0.0	0.4962962962962963																							
holdout	noisy_program	14004	mirror_reduction_100	target	0.8474082958411203	0.95	0.5238095238095238	no_gate			1.0		no_gate	449.0	231.0	218.0	0.5144766146993318	0.948051948051948				231.0	0.0	100.0	0.6	20.0	0.08	1.959963984540054	0.01	2.0	10.0	0.02	
holdout	noisy_program	14004	mirror_reduction_100	reference	0.73958869888971	0.7555555555555555	0.6666666666666666	no_gate			1.0		no_gate	449.0	231.0	218.0	0.5144766146993318	0.948051948051948				231.0	0.0	100.0	0.6	20.0	0.08	1.959963984540054	0.01	2.0	10.0	0.02	
holdout	noisy_program	14004	mirror_reduction_075	target	0.8474082958411203	0.95	0.5238095238095238	no_gate			0.75		no_gate	449.0	231.0	218.0	0.5144766146993318	0.948051948051948				231.0	0.0	100.0	0.6	20.0	0.08	1.959963984540054	0.01	2.0	10.0	0.02	
holdout	noisy_program	14004	mirror_reduction_075	reference	0.73958869888971	0.7555555555555555	0.6666666666666666	no_gate			0.75		no_gate	449.0	231.0	218.0	0.5144766146993318	0.948051948051948				231.0	0.0	100.0	0.6	20.0	0.08	1.959963984540054	0.01	2.0	10.0	0.02	
holdout	noisy_program	14004	mirror_reduction_050	target	0.8474082958411203	0.95	0.5238095238095238	no_gate			0.5		no_gate	449.0	231.0	218.0	0.5144766146993318	0.948051948051948				231.0	0.0	100.0	0.6	20.0	0.08	1.959963984540054	0.01	2.0	10.0	0.02	
holdout	noisy_program	14004	mirror_reduction_050	reference	0.73958869888971	0.7555555555555555	0.6666666666666666	no_gate			0.5		no_gate	449.0	231.0	218.0	0.5144766146993318	0.948051948051948				231.0	0.0	100.0	0.6	20.0	0.08	1.959963984540054	0.01	2.0	10.0	0.02	
holdout	noisy_program	14004	mirror_reduction_025	target	0.8474082958411203	0.95	0.5238095238095238	no_gate			0.25		no_gate	449.0	231.0	218.0	0.5144766146993318	0.948051948051948				231.0	0.0	100.0	0.6	20.0	0.08	1.959963984540054	0.01	2.0	10.0	0.02	
holdout	noisy_program	14004	mirror_reduction_025	reference	0.73958869888971	0.7555555555555555	0.6666666666666666	no_gate			0.25		no_gate	449.0	231.0	218.0	0.5144766146993318	0.948051948051948				231.0	0.0	100.0	0.6	20.0	0.08	1.959963984540054	0.01	2.0	10.0	0.02	
holdout	noisy_program	14005	rc2_unweighted	target	0.7668764677834425	0.8555555555555556	0.5714285714285714	not_applicable																									
holdout	noisy_program	14005	rc2_unweighted	reference	0.6789410187706449	0.8444444444444444	0.8571428571428571	not_applicable																									
holdout	noisy_program	14005	rc3_soft	target	0.792072941737275	0.8555555555555556	0.0	not_applicable	0.23703703703703738	0.5296296296296297																							
holdout	noisy_program	14005	rc3_soft	reference	0.6760640650314387	0.888888888888889	0.0	not_applicable	0.23703703703703738	0.5296296296296297																							
holdout	noisy_program	14005	mirror_reduction_100	target	0.7668764677834425	0.8555555555555556	0.5714285714285714	no_gate			1.0		no_gate	469.0	257.0	212.0	0.5479744136460555	0.8287937743190662				257.0	0.0	100.0	0.6	20.0	0.08	1.959963984540054	0.01	2.0	10.0	0.02	
holdout	noisy_program	14005	mirror_reduction_100	reference	0.6789410187706449	0.8444444444444444	0.8571428571428571	no_gate			1.0		no_gate	469.0	257.0	212.0	0.5479744136460555	0.8287937743190662				257.0	0.0	100.0	0.6	20.0	0.08	1.959963984540054	0.01	2.0	10.0	0.02	
holdout	noisy_program	14005	mirror_reduction_075	target	0.7668764677834425	0.8555555555555556	0.5714285714285714	no_gate			0.75		no_gate	469.0	257.0	212.0	0.5479744136460555	0.8287937743190662				257.0	0.0	100.0	0.6	20.0	0.08	1.959963984540054	0.01	2.0	10.0	0.02	
holdout	noisy_program	14005	mirror_reduction_075	reference	0.6789410187706449	0.8444444444444444	0.8571428571428571	no_gate			0.75		no_gate	469.0	257.0	212.0	0.5479744136460555	0.8287937743190662				257.0	0.0	100.0	0.6	20.0	0.08	1.959963984540054	0.01	2.0	10.0	0.02	
holdout	noisy_program	14005	mirror_reduction_050	target	0.7668764677834425	0.8555555555555556	0.5714285714285714	no_gate			0.5		no_gate	469.0	257.0	212.0	0.5479744136460555	0.8287937743190662				257.0	0.0	100.0	0.6	20.0	0.08	1.959963984540054	0.01	2.0	10.0	0.02	
holdout	noisy_program	14005	mirror_reduction_050	reference	0.6789410187706449	0.8444444444444444	0.8571428571428571	no_gate			0.5		no_gate	469.0	257.0	212.0	0.5479744136460555	0.8287937743190662				257.0	0.0	100.0	0.6	20.0	0.08	1.959963984540054	0.01	2.0	10.0	0.02	
holdout	noisy_program	14005	mirror_reduction_025	target	0.7668764677834425	0.8555555555555556	0.5714285714285714	no_gate			0.25		no_gate	469.0	257.0	212.0	0.5479744136460555	0.8287937743190662				257.0	0.0	100.0	0.6	20.0	0.08	1.959963984540054	0.01	2.0	10.0	0.02	
holdout	noisy_program	14005	mirror_reduction_025	reference	0.6789410187706449	0.8444444444444444	0.8571428571428571	no_gate			0.25		no_gate	469.0	257.0	212.0	0.5479744136460555	0.8287937743190662				257.0	0.0	100.0	0.6	20.0	0.08	1.959963984540054	0.01	2.0	10.0	0.02	
holdout	noisy_program	14006	rc2_unweighted	target	0.6814960468848612	0.8557692307692308	0.6190476190476191	not_applicable																									
holdout	noisy_program	14006	rc2_unweighted	reference	0.7267697952581965	0.8125	0.38095238095238093	not_applicable																									
holdout	noisy_program	14006	rc3_soft	target	0.6814960468848612	0.8557692307692308	0.6190476190476191	not_applicable	0.0	0.49398148148148147																							
holdout	noisy_program	14006	rc3_soft	reference	0.7267697952581965	0.8125	0.38095238095238093	not_applicable	0.0	0.49398148148148147																							
holdout	noisy_program	14006	mirror_reduction_100	target	0.6814960468848612	0.8557692307692308	0.6190476190476191	no_gate			1.0		no_gate	447.0	206.0	241.0	0.4608501118568233	1.174757281553398				206.0	0.0	100.0	0.6	20.0	0.08	1.959963984540054	0.01	2.0	10.0	0.02	
holdout	noisy_program	14006	mirror_reduction_100	reference	0.7267697952581965	0.8125	0.38095238095238093	no_gate			1.0		no_gate	447.0	206.0	241.0	0.4608501118568233	1.174757281553398				206.0	0.0	100.0	0.6	20.0	0.08	1.959963984540054	0.01	2.0	10.0	0.02	
holdout	noisy_program	14006	mirror_reduction_075	target	0.6814960468848612	0.8557692307692308	0.6190476190476191	no_gate			0.75		no_gate	447.0	206.0	241.0	0.4608501118568233	1.174757281553398				206.0	0.0	100.0	0.6	20.0	0.08	1.959963984540054	0.01	2.0	10.0	0.02	
holdout	noisy_program	14006	mirror_reduction_075	reference	0.7267697952581965	0.8125	0.38095238095238093	no_gate			0.75		no_gate	447.0	206.0	241.0	0.4608501118568233	1.174757281553398				206.0	0.0	100.0	0.6	20.0	0.08	1.959963984540054	0.01	2.0	10.0	0.02	
holdout	noisy_program	14006	mirror_reduction_050	target	0.6814960468848612	0.8557692307692308	0.6190476190476191	no_gate			0.5		no_gate	447.0	206.0	241.0	0.4608501118568233	1.174757281553398				206.0	0.0	100.0	0.6	20.0	0.08	1.959963984540054	0.01	2.0	10.0	0.02	
holdout	noisy_program	14006	mirror_reduction_050	reference	0.7267697952581965	0.8125	0.38095238095238093	no_gate			0.5		no_gate	447.0	206.0	241.0	0.4608501118568233	1.174757281553398				206.0	0.0	100.0	0.6	20.0	0.08	1.959963984540054	0.01	2.0	10.0	0.02	
holdout	noisy_program	14006	mirror_reduction_025	target	0.6814960468848612	0.8557692307692308	0.6190476190476191	no_gate			0.25		no_gate	447.0	206.0	241.0	0.4608501118568233	1.174757281553398				206.0	0.0	100.0	0.6	20.0	0.08	1.959963984540054	0.01	2.0	10.0	0.02	
holdout	noisy_program	14006	mirror_reduction_025	reference	0.7267697952581965	0.8125	0.38095238095238093	no_gate			0.25		no_gate	447.0	206.0	241.0	0.4608501118568233	1.174757281553398				206.0	0.0	100.0	0.6	20.0	0.08	1.959963984540054	0.01	2.0	10.0	0.02	
holdout	noisy_program	14007	rc2_unweighted	target	0.871074977317463	0.8833333333333333	0.6190476190476191	not_applicable																									
holdout	noisy_program	14007	rc2_unweighted	reference	0.8051651296521548	0.9333333333333333	0.5714285714285714	not_applicable																									
holdout	noisy_program	14007	rc3_soft	target	0.8730936531352099	0.888888888888889	0.0	not_applicable	0.0740740740740744	0.5092592592592593																							
holdout	noisy_program	14007	rc3_soft	reference	0.795050665328611	0.9333333333333333	0.09523809523809523	not_applicable	0.0740740740740744	0.5092592592592593																							
holdout	noisy_program	14007	mirror_reduction_100	target	0.871074977317463	0.8833333333333333	0.6190476190476191	no_gate			1.0		no_gate	466.0	235.0	231.0	0.5042918454935622	0.9872340425531915				235.0	0.0	100.0	0.6	20.0	0.08	1.959963984540054	0.01	2.0	10.0	0.02	
holdout	noisy_program	14007	mirror_reduction_100	reference	0.8051651296521548	0.9333333333333333	0.5714285714285714	no_gate			1.0		no_gate	466.0	235.0	231.0	0.5042918454935622	0.9872340425531915				235.0	0.0	100.0	0.6	20.0	0.08	1.959963984540054	0.01	2.0	10.0	0.02	
holdout	noisy_program	14007	mirror_reduction_075	target	0.871074977317463	0.8833333333333333	0.6190476190476191	no_gate			0.75		no_gate	466.0	235.0	231.0	0.5042918454935622	0.9872340425531915				235.0	0.0	100.0	0.6	20.0	0.08	1.959963984540054	0.01	2.0	10.0	0.02	
holdout	noisy_program	14007	mirror_reduction_075	reference	0.8051651296521548	0.9333333333333333	0.5714285714285714	no_gate			0.75		no_gate	466.0	235.0	231.0	0.5042918454935622	0.9872340425531915				235.0	0.0	100.0	0.6	20.0	0.08	1.959963984540054	0.01	2.0	10.0	0.02	
holdout	noisy_program	14007	mirror_reduction_050	target	0.871074977317463	0.8833333333333333	0.6190476190476191	no_gate			0.5		no_gate	466.0	235.0	231.0	0.5042918454935622	0.9872340425531915				235.0	0.0	100.0	0.6	20.0	0.08	1.959963984540054	0.01	2.0	10.0	0.02	
holdout	noisy_program	14007	mirror_reduction_050	reference	0.8051651296521548	0.9333333333333333	0.5714285714285714	no_gate			0.5		no_gate	466.0	235.0	231.0	0.5042918454935622	0.9872340425531915				235.0	0.0	100.0	0.6	20.0	0.08	1.959963984540054	0.01	2.0	10.0	0.02	
holdout	noisy_program	14007	mirror_reduction_025	target	0.871074977317463	0.8833333333333333	0.6190476190476191	no_gate			0.25		no_gate	466.0	235.0	231.0	0.5042918454935622	0.9872340425531915				235.0	0.0	100.0	0.6	20.0	0.08	1.959963984540054	0.01	2.0	10.0	0.02	
holdout	noisy_program	14007	mirror_reduction_025	reference	0.8051651296521548	0.9333333333333333	0.5714285714285714	no_gate			0.25		no_gate	466.0	235.0	231.0	0.5042918454935622	0.9872340425531915				235.0	0.0	100.0	0.6	20.0	0.08	1.959963984540054	0.01	2.0	10.0	0.02	
holdout	noisy_program	14008	rc2_unweighted	target	0.910516196838662	0.9555555555555556	0.7142857142857143	not_applicable																									
holdout	noisy_program	14008	rc2_unweighted	reference	0.7806476457622785	0.9222222222222222	0.6666666666666666	not_applicable																									
holdout	noisy_program	14008	rc3_soft	target	0.910516196838662	0.9555555555555556	0.7142857142857143	not_applicable	0.0	0.487962962962963																							
holdout	noisy_program	14008	rc3_soft	reference	0.7806476457622785	0.9222222222222222	0.6666666666666666	not_applicable	0.0	0.487962962962963																							
holdout	noisy_program	14008	mirror_reduction_100	target	0.910516196838662	0.9555555555555556	0.7142857142857143	no_gate			1.0		no_gate	444.0	222.0	222.0	0.5	1.0045045045045045				222.0	0.0	100.0	0.6	20.0	0.08	1.959963984540054	0.01	2.0	10.0	0.02	
holdout	noisy_program	14008	mirror_reduction_100	reference	0.7806476457622785	0.9222222222222222	0.6666666666666666	no_gate			1.0		no_gate	444.0	222.0	222.0	0.5	1.0045045045045045				222.0	0.0	100.0	0.6	20.0	0.08	1.959963984540054	0.01	2.0	10.0	0.02	
holdout	noisy_program	14008	mirror_reduction_075	target	0.910516196838662	0.9555555555555556	0.7142857142857143	no_gate			0.75		no_gate	444.0	222.0	222.0	0.5	1.0045045045045045				222.0	0.0	100.0	0.6	20.0	0.08	1.959963984540054	0.01	2.0	10.0	0.02	
holdout	noisy_program	14008	mirror_reduction_075	reference	0.7806476457622785	0.9222222222222222	0.6666666666666666	no_gate			0.75		no_gate	444.0	222.0	222.0	0.5	1.0045045045045045				222.0	0.0	100.0	0.6	20.0	0.08	1.959963984540054	0.01	2.0	10.0	0.02	
holdout	noisy_program	14008	mirror_reduction_050	target	0.910516196838662	0.9555555555555556	0.7142857142857143	no_gate			0.5		no_gate	444.0	222.0	222.0	0.5	1.0045045045045045				222.0	0.0	100.0	0.6	20.0	0.08	1.959963984540054	0.01	2.0	10.0	0.02	
holdout	noisy_program	14008	mirror_reduction_050	reference	0.7806476457622785	0.9222222222222222	0.6666666666666666	no_gate			0.5		no_gate	444.0	222.0	222.0	0.5	1.0045045045045045				222.0	0.0	100.0	0.6	20.0	0.08	1.959963984540054	0.01	2.0	10.0	0.02	
holdout	noisy_program	14008	mirror_reduction_025	target	0.910516196838662	0.9555555555555556	0.7142857142857143	no_gate			0.25		no_gate	444.0	222.0	222.0	0.5	1.0045045045045045				222.0	0.0	100.0	0.6	20.0	0.08	1.959963984540054	0.01	2.0	10.0	0.02	
holdout	noisy_program	14008	mirror_reduction_025	reference	0.7806476457622785	0.9222222222222222	0.6666666666666666	no_gate			0.25		no_gate	444.0	222.0	222.0	0.5	1.0045045045045045				222.0	0.0	100.0	0.6	20.0	0.08	1.959963984540054	0.01	2.0	10.0	0.02	
holdout	noisy_program	14009	rc2_unweighted	target	0.8799204370284136	0.9833333333333334	0.6666666666666666	not_applicable																									
holdout	noisy_program	14009	rc2_unweighted	reference	0.5956665839998493	0.85	0.6666666666666666	not_applicable																									
holdout	noisy_program	14009	rc3_soft	target	0.8799204370284136	0.9833333333333334	0.6666666666666666	not_applicable	0.0	0.462037037037037																							
holdout	noisy_program	14009	rc3_soft	reference	0.5956665839998493	0.85	0.6666666666666666	not_applicable	0.0	0.462037037037037																							
holdout	noisy_program	14009	mirror_reduction_100	target	0.8799204370284136	0.9833333333333334	0.6666666666666666	no_gate			1.0		no_gate	457.0	207.0	250.0	0.45295404814004375	1.21256038647343				207.0	0.0	100.0	0.6	20.0	0.08	1.959963984540054	0.01	2.0	10.0	0.02	
holdout	noisy_program	14009	mirror_reduction_100	reference	0.5956665839998493	0.85	0.6666666666666666	no_gate			1.0		no_gate	457.0	207.0	250.0	0.45295404814004375	1.21256038647343				207.0	0.0	100.0	0.6	20.0	0.08	1.959963984540054	0.01	2.0	10.0	0.02	
holdout	noisy_program	14009	mirror_reduction_075	target	0.8799204370284136	0.9833333333333334	0.6666666666666666	no_gate			0.75		no_gate	457.0	207.0	250.0	0.45295404814004375	1.21256038647343				207.0	0.0	100.0	0.6	20.0	0.08	1.959963984540054	0.01	2.0	10.0	0.02	
holdout	noisy_program	14009	mirror_reduction_075	reference	0.5956665839998493	0.85	0.6666666666666666	no_gate			0.75		no_gate	457.0	207.0	250.0	0.45295404814004375	1.21256038647343				207.0	0.0	100.0	0.6	20.0	0.08	1.959963984540054	0.01	2.0	10.0	0.02	
holdout	noisy_program	14009	mirror_reduction_050	target	0.8799204370284136	0.9833333333333334	0.6666666666666666	no_gate			0.5		no_gate	457.0	207.0	250.0	0.45295404814004375	1.21256038647343				207.0	0.0	100.0	0.6	20.0	0.08	1.959963984540054	0.01	2.0	10.0	0.02	
holdout	noisy_program	14009	mirror_reduction_050	reference	0.5956665839998493	0.85	0.6666666666666666	no_gate			0.5		no_gate	457.0	207.0	250.0	0.45295404814004375	1.21256038647343				207.0	0.0	100.0	0.6	20.0	0.08	1.959963984540054	0.01	2.0	10.0	0.02	
holdout	noisy_program	14009	mirror_reduction_025	target	0.8799204370284136	0.9833333333333334	0.6666666666666666	no_gate			0.25		no_gate	457.0	207.0	250.0	0.45295404814004375	1.21256038647343				207.0	0.0	100.0	0.6	20.0	0.08	1.959963984540054	0.01	2.0	10.0	0.02	
holdout	noisy_program	14009	mirror_reduction_025	reference	0.5956665839998493	0.85	0.6666666666666666	no_gate			0.25		no_gate	457.0	207.0	250.0	0.45295404814004375	1.21256038647343				207.0	0.0	100.0	0.6	20.0	0.08	1.959963984540054	0.01	2.0	10.0	0.02	
holdout	noisy_program	14010	rc2_unweighted	target	0.856444859003043	1.0	0.47619047619047616	not_applicable																									
holdout	noisy_program	14010	rc2_unweighted	reference	0.8117025314370044	0.9111111111111111	0.5714285714285714	not_applicable																									
holdout	noisy_program	14010	rc3_soft	target	0.8403263141342715	1.0	0.0	not_applicable	0.014814814814815058	0.5018518518518519																							
holdout	noisy_program	14010	rc3_soft	reference	0.7929566927551558	0.9000000000000001	0.0	not_applicable	0.014814814814815058	0.5018518518518519																							
holdout	noisy_program	14010	mirror_reduction_100	target	0.856444859003043	1.0	0.47619047619047616	no_gate			1.0		no_gate	477.0	227.0	250.0	0.4758909853249476	1.105726872246696				227.0	0.0	100.0	0.6	20.0	0.08	1.959963984540054	0.01	2.0	10.0	0.02	
holdout	noisy_program	14010	mirror_reduction_100	reference	0.8117025314370044	0.9111111111111111	0.5714285714285714	no_gate			1.0		no_gate	477.0	227.0	250.0	0.4758909853249476	1.105726872246696				227.0	0.0	100.0	0.6	20.0	0.08	1.959963984540054	0.01	2.0	10.0	0.02	
holdout	noisy_program	14010	mirror_reduction_075	target	0.856444859003043	1.0	0.47619047619047616	no_gate			0.75		no_gate	477.0	227.0	250.0	0.4758909853249476	1.105726872246696				227.0	0.0	100.0	0.6	20.0	0.08	1.959963984540054	0.01	2.0	10.0	0.02	
holdout	noisy_program	14010	mirror_reduction_075	reference	0.8117025314370044	0.9111111111111111	0.5714285714285714	no_gate			0.75		no_gate	477.0	227.0	250.0	0.4758909853249476	1.105726872246696				227.0	0.0	100.0	0.6	20.0	0.08	1.959963984540054	0.01	2.0	10.0	0.02	
holdout	noisy_program	14010	mirror_reduction_050	target	0.856444859003043	1.0	0.47619047619047616	no_gate			0.5		no_gate	477.0	227.0	250.0	0.4758909853249476	1.105726872246696				227.0	0.0	100.0	0.6	20.0	0.08	1.959963984540054	0.01	2.0	10.0	0.02	
holdout	noisy_program	14010	mirror_reduction_050	reference	0.8117025314370044	0.9111111111111111	0.5714285714285714	no_gate			0.5		no_gate	477.0	227.0	250.0	0.4758909853249476	1.105726872246696				227.0	0.0	100.0	0.6	20.0	0.08	1.959963984540054	0.01	2.0	10.0	0.02	
holdout	noisy_program	14010	mirror_reduction_025	target	0.856444859003043	1.0	0.47619047619047616	no_gate			0.25		no_gate	477.0	227.0	250.0	0.4758909853249476	1.105726872246696				227.0	0.0	100.0	0.6	20.0	0.08	1.959963984540054	0.01	2.0	10.0	0.02	
holdout	noisy_program	14010	mirror_reduction_025	reference	0.8117025314370044	0.9111111111111111	0.5714285714285714	no_gate			0.25		no_gate	477.0	227.0	250.0	0.4758909853249476	1.105726872246696				227.0	0.0	100.0	0.6	20.0	0.08	1.959963984540054	0.01	2.0	10.0	0.02	
holdout	noisy_program	14011	rc2_unweighted	target	0.7151731539073334	0.7222222222222222	0.5714285714285714	not_applicable																									
holdout	noisy_program	14011	rc2_unweighted	reference	0.7581612257059849	0.8777777777777778	0.5714285714285714	not_applicable																									
holdout	noisy_program	14011	rc3_soft	target	0.7151731539073334	0.7222222222222222	0.5714285714285714	not_applicable	0.0	0.48703703703703705																							
holdout	noisy_program	14011	rc3_soft	reference	0.7581612257059849	0.8777777777777778	0.5714285714285714	not_applicable	0.0	0.48703703703703705																							
holdout	noisy_program	14011	mirror_reduction_100	target	0.7151731539073334	0.7222222222222222	0.5714285714285714	no_gate			1.0		no_gate	424.0	201.0	223.0	0.4740566037735849	1.1144278606965174				201.0	0.0	100.0	0.6	20.0	0.08	1.959963984540054	0.01	2.0	10.0	0.02	
holdout	noisy_program	14011	mirror_reduction_100	reference	0.7581612257059849	0.8777777777777778	0.5714285714285714	no_gate			1.0		no_gate	424.0	201.0	223.0	0.4740566037735849	1.1144278606965174				201.0	0.0	100.0	0.6	20.0	0.08	1.959963984540054	0.01	2.0	10.0	0.02	
holdout	noisy_program	14011	mirror_reduction_075	target	0.7151731539073334	0.7222222222222222	0.5714285714285714	no_gate			0.75		no_gate	424.0	201.0	223.0	0.4740566037735849	1.1144278606965174				201.0	0.0	100.0	0.6	20.0	0.08	1.959963984540054	0.01	2.0	10.0	0.02	
holdout	noisy_program	14011	mirror_reduction_075	reference	0.7581612257059849	0.8777777777777778	0.5714285714285714	no_gate			0.75		no_gate	424.0	201.0	223.0	0.4740566037735849	1.1144278606965174				201.0	0.0	100.0	0.6	20.0	0.08	1.959963984540054	0.01	2.0	10.0	0.02	
holdout	noisy_program	14011	mirror_reduction_050	target	0.7151731539073334	0.7222222222222222	0.5714285714285714	no_gate			0.5		no_gate	424.0	201.0	223.0	0.4740566037735849	1.1144278606965174				201.0	0.0	100.0	0.6	20.0	0.08	1.959963984540054	0.01	2.0	10.0	0.02	
holdout	noisy_program	14011	mirror_reduction_050	reference	0.7581612257059849	0.8777777777777778	0.5714285714285714	no_gate			0.5		no_gate	424.0	201.0	223.0	0.4740566037735849	1.1144278606965174				201.0	0.0	100.0	0.6	20.0	0.08	1.959963984540054	0.01	2.0	10.0	0.02	
holdout	noisy_program	14011	mirror_reduction_025	target	0.7151731539073334	0.7222222222222222	0.5714285714285714	no_gate			0.25		no_gate	424.0	201.0	223.0	0.4740566037735849	1.1144278606965174				201.0	0.0	100.0	0.6	20.0	0.08	1.959963984540054	0.01	2.0	10.0	0.02	
holdout	noisy_program	14011	mirror_reduction_025	reference	0.7581612257059849	0.8777777777777778	0.5714285714285714	no_gate			0.25		no_gate	424.0	201.0	223.0	0.4740566037735849	1.1144278606965174				201.0	0.0	100.0	0.6	20.0	0.08	1.959963984540054	0.01	2.0	10.0	0.02	
holdout	noisy_program	14012	rc2_unweighted	target	0.318999452954581	0.7333333333333333	0.8571428571428571	not_applicable																									
holdout	noisy_program	14012	rc2_unweighted	reference	0.888130128263872	0.9555555555555555	0.2857142857142857	not_applicable																									
holdout	noisy_program	14012	rc3_soft	target	0.29945026216370063	0.7333333333333334	0.0	not_applicable	0.05555555555555536	0.5069444444444444																							
holdout	noisy_program	14012	rc3_soft	reference	0.8888890765353507	0.9555555555555556	0.0	not_applicable	0.05555555555555536	0.5069444444444444																							
holdout	noisy_program	14012	mirror_reduction_100	target	0.318999452954581	0.7333333333333333	0.8571428571428571	no_gate			1.0		no_gate	483.0	266.0	217.0	0.5507246376811594	0.8195488721804511				266.0	0.0	100.0	0.6	20.0	0.08	1.959963984540054	0.01	2.0	10.0	0.02	
holdout	noisy_program	14012	mirror_reduction_100	reference	0.888130128263872	0.9555555555555555	0.2857142857142857	no_gate			1.0		no_gate	483.0	266.0	217.0	0.5507246376811594	0.8195488721804511				266.0	0.0	100.0	0.6	20.0	0.08	1.959963984540054	0.01	2.0	10.0	0.02	
holdout	noisy_program	14012	mirror_reduction_075	target	0.318999452954581	0.7333333333333333	0.8571428571428571	no_gate			0.75		no_gate	483.0	266.0	217.0	0.5507246376811594	0.8195488721804511				266.0	0.0	100.0	0.6	20.0	0.08	1.959963984540054	0.01	2.0	10.0	0.02	
holdout	noisy_program	14012	mirror_reduction_075	reference	0.888130128263872	0.9555555555555555	0.2857142857142857	no_gate			0.75		no_gate	483.0	266.0	217.0	0.5507246376811594	0.8195488721804511				266.0	0.0	100.0	0.6	20.0	0.08	1.959963984540054	0.01	2.0	10.0	0.02	
holdout	noisy_program	14012	mirror_reduction_050	target	0.318999452954581	0.7333333333333333	0.8571428571428571	no_gate			0.5		no_gate	483.0	266.0	217.0	0.5507246376811594	0.8195488721804511				266.0	0.0	100.0	0.6	20.0	0.08	1.959963984540054	0.01	2.0	10.0	0.02	
holdout	noisy_program	14012	mirror_reduction_050	reference	0.888130128263872	0.9555555555555555	0.2857142857142857	no_gate			0.5		no_gate	483.0	266.0	217.0	0.5507246376811594	0.8195488721804511				266.0	0.0	100.0	0.6	20.0	0.08	1.959963984540054	0.01	2.0	10.0	0.02	
holdout	noisy_program	14012	mirror_reduction_025	target	0.318999452954581	0.7333333333333333	0.8571428571428571	no_gate			0.25		no_gate	483.0	266.0	217.0	0.5507246376811594	0.8195488721804511				266.0	0.0	100.0	0.6	20.0	0.08	1.959963984540054	0.01	2.0	10.0	0.02	
holdout	noisy_program	14012	mirror_reduction_025	reference	0.888130128263872	0.9555555555555555	0.2857142857142857	no_gate			0.25		no_gate	483.0	266.0	217.0	0.5507246376811594	0.8195488721804511				266.0	0.0	100.0	0.6	20.0	0.08	1.959963984540054	0.01	2.0	10.0	0.02	
holdout	noisy_program	14013	rc2_unweighted	target	0.9191919679877213	0.9388888888888889	0.5714285714285714	not_applicable																									
holdout	noisy_program	14013	rc2_unweighted	reference	0.37463465493222964	0.5944444444444444	0.7619047619047619	not_applicable																									
holdout	noisy_program	14013	rc3_soft	target	0.9183751977999933	0.9444444444444444	0.0	not_applicable	0.14814814814814792	0.5185185185185185																							
holdout	noisy_program	14013	rc3_soft	reference	0.40455338033399135	0.6111111111111112	0.0	not_applicable	0.14814814814814792	0.5185185185185185																							
holdout	noisy_program	14013	mirror_reduction_100	target	0.9191919679877213	0.9388888888888889	0.5714285714285714	no_gate			1.0		no_gate	441.0	235.0	206.0	0.5328798185941043	0.8808510638297873				235.0	0.0	100.0	0.6	20.0	0.08	1.959963984540054	0.01	2.0	10.0	0.02	
holdout	noisy_program	14013	mirror_reduction_100	reference	0.37463465493222964	0.5944444444444444	0.7619047619047619	no_gate			1.0		no_gate	441.0	235.0	206.0	0.5328798185941043	0.8808510638297873				235.0	0.0	100.0	0.6	20.0	0.08	1.959963984540054	0.01	2.0	10.0	0.02	
holdout	noisy_program	14013	mirror_reduction_075	target	0.9191919679877213	0.9388888888888889	0.5714285714285714	no_gate			0.75		no_gate	441.0	235.0	206.0	0.5328798185941043	0.8808510638297873				235.0	0.0	100.0	0.6	20.0	0.08	1.959963984540054	0.01	2.0	10.0	0.02	
holdout	noisy_program	14013	mirror_reduction_075	reference	0.37463465493222964	0.5944444444444444	0.7619047619047619	no_gate			0.75		no_gate	441.0	235.0	206.0	0.5328798185941043	0.8808510638297873				235.0	0.0	100.0	0.6	20.0	0.08	1.959963984540054	0.01	2.0	10.0	0.02	
holdout	noisy_program	14013	mirror_reduction_050	target	0.9191919679877213	0.9388888888888889	0.5714285714285714	no_gate			0.5		no_gate	441.0	235.0	206.0	0.5328798185941043	0.8808510638297873				235.0	0.0	100.0	0.6	20.0	0.08	1.959963984540054	0.01	2.0	10.0	0.02	
holdout	noisy_program	14013	mirror_reduction_050	reference	0.37463465493222964	0.5944444444444444	0.7619047619047619	no_gate			0.5		no_gate	441.0	235.0	206.0	0.5328798185941043	0.8808510638297873				235.0	0.0	100.0	0.6	20.0	0.08	1.959963984540054	0.01	2.0	10.0	0.02	
holdout	noisy_program	14013	mirror_reduction_025	target	0.9191919679877213	0.9388888888888889	0.5714285714285714	no_gate			0.25		no_gate	441.0	235.0	206.0	0.5328798185941043	0.8808510638297873				235.0	0.0	100.0	0.6	20.0	0.08	1.959963984540054	0.01	2.0	10.0	0.02	
holdout	noisy_program	14013	mirror_reduction_025	reference	0.37463465493222964	0.5944444444444444	0.7619047619047619	no_gate			0.25		no_gate	441.0	235.0	206.0	0.5328798185941043	0.8808510638297873				235.0	0.0	100.0	0.6	20.0	0.08	1.959963984540054	0.01	2.0	10.0	0.02	
holdout	noisy_program	14014	rc2_unweighted	target	0.8016293449307135	0.9	0.42857142857142855	not_applicable																									
holdout	noisy_program	14014	rc2_unweighted	reference	0.5822656164306743	0.7111111111111111	0.7619047619047619	not_applicable																									
holdout	noisy_program	14014	rc3_soft	target	0.8016293449307135	0.9	0.42857142857142855	not_applicable	0.0	0.4962962962962963																							
holdout	noisy_program	14014	rc3_soft	reference	0.5822656164306743	0.7111111111111111	0.7619047619047619	not_applicable	0.0	0.4962962962962963																							
holdout	noisy_program	14014	mirror_reduction_100	target	0.8016293449307135	0.9	0.42857142857142855	no_gate			1.0		no_gate	489.0	217.0	272.0	0.4437627811860941	1.2580645161290323				217.0	0.0	100.0	0.6	20.0	0.08	1.959963984540054	0.01	2.0	10.0	0.02	
holdout	noisy_program	14014	mirror_reduction_100	reference	0.5822656164306743	0.7111111111111111	0.7619047619047619	no_gate			1.0		no_gate	489.0	217.0	272.0	0.4437627811860941	1.2580645161290323				217.0	0.0	100.0	0.6	20.0	0.08	1.959963984540054	0.01	2.0	10.0	0.02	
holdout	noisy_program	14014	mirror_reduction_075	target	0.8016293449307135	0.9	0.42857142857142855	no_gate			0.75		no_gate	489.0	217.0	272.0	0.4437627811860941	1.2580645161290323				217.0	0.0	100.0	0.6	20.0	0.08	1.959963984540054	0.01	2.0	10.0	0.02	
holdout	noisy_program	14014	mirror_reduction_075	reference	0.5822656164306743	0.7111111111111111	0.7619047619047619	no_gate			0.75		no_gate	489.0	217.0	272.0	0.4437627811860941	1.2580645161290323				217.0	0.0	100.0	0.6	20.0	0.08	1.959963984540054	0.01	2.0	10.0	0.02	
holdout	noisy_program	14014	mirror_reduction_050	target	0.8016293449307135	0.9	0.42857142857142855	no_gate			0.5		no_gate	489.0	217.0	272.0	0.4437627811860941	1.2580645161290323				217.0	0.0	100.0	0.6	20.0	0.08	1.959963984540054	0.01	2.0	10.0	0.02	
holdout	noisy_program	14014	mirror_reduction_050	reference	0.5822656164306743	0.7111111111111111	0.7619047619047619	no_gate			0.5		no_gate	489.0	217.0	272.0	0.4437627811860941	1.2580645161290323				217.0	0.0	100.0	0.6	20.0	0.08	1.959963984540054	0.01	2.0	10.0	0.02	
holdout	noisy_program	14014	mirror_reduction_025	target	0.8016293449307135	0.9	0.42857142857142855	no_gate			0.25		no_gate	489.0	217.0	272.0	0.4437627811860941	1.2580645161290323				217.0	0.0	100.0	0.6	20.0	0.08	1.959963984540054	0.01	2.0	10.0	0.02	
holdout	noisy_program	14014	mirror_reduction_025	reference	0.5822656164306743	0.7111111111111111	0.7619047619047619	no_gate			0.25		no_gate	489.0	217.0	272.0	0.4437627811860941	1.2580645161290323				217.0	0.0	100.0	0.6	20.0	0.08	1.959963984540054	0.01	2.0	10.0	0.02	
holdout	noisy_program	14015	rc2_unweighted	target	0.8603828533405632	0.8833333333333334	0.47619047619047616	not_applicable																									
holdout	noisy_program	14015	rc2_unweighted	reference	0.8499461489978195	1.0	0.3333333333333333	not_applicable																									
holdout	noisy_program	14015	rc3_soft	target	0.8603828533405632	0.8833333333333334	0.47619047619047616	not_applicable	0.0	0.49907407407407406																							
holdout	noisy_program	14015	rc3_soft	reference	0.8499461489978195	1.0	0.3333333333333333	not_applicable	0.0	0.49907407407407406																							
holdout	noisy_program	14015	mirror_reduction_100	target	0.8603828533405632	0.8833333333333334	0.47619047619047616	no_gate			1.0		no_gate	468.0	233.0	235.0	0.49786324786324787	1.0128755364806867				233.0	0.0	100.0	0.6	20.0	0.08	1.959963984540054	0.01	2.0	10.0	0.02	
holdout	noisy_program	14015	mirror_reduction_100	reference	0.8499461489978195	1.0	0.3333333333333333	no_gate			1.0		no_gate	468.0	233.0	235.0	0.49786324786324787	1.0128755364806867				233.0	0.0	100.0	0.6	20.0	0.08	1.959963984540054	0.01	2.0	10.0	0.02	
holdout	noisy_program	14015	mirror_reduction_075	target	0.8603828533405632	0.8833333333333334	0.47619047619047616	no_gate			0.75		no_gate	468.0	233.0	235.0	0.49786324786324787	1.0128755364806867				233.0	0.0	100.0	0.6	20.0	0.08	1.959963984540054	0.01	2.0	10.0	0.02	
holdout	noisy_program	14015	mirror_reduction_075	reference	0.8499461489978195	1.0	0.3333333333333333	no_gate			0.75		no_gate	468.0	233.0	235.0	0.49786324786324787	1.0128755364806867				233.0	0.0	100.0	0.6	20.0	0.08	1.959963984540054	0.01	2.0	10.0	0.02	
holdout	noisy_program	14015	mirror_reduction_050	target	0.8603828533405632	0.8833333333333334	0.47619047619047616	no_gate			0.5		no_gate	468.0	233.0	235.0	0.49786324786324787	1.0128755364806867				233.0	0.0	100.0	0.6	20.0	0.08	1.959963984540054	0.01	2.0	10.0	0.02	
holdout	noisy_program	14015	mirror_reduction_050	reference	0.8499461489978195	1.0	0.3333333333333333	no_gate			0.5		no_gate	468.0	233.0	235.0	0.49786324786324787	1.0128755364806867				233.0	0.0	100.0	0.6	20.0	0.08	1.959963984540054	0.01	2.0	10.0	0.02	
holdout	noisy_program	14015	mirror_reduction_025	target	0.8603828533405632	0.8833333333333334	0.47619047619047616	no_gate			0.25		no_gate	468.0	233.0	235.0	0.49786324786324787	1.0128755364806867				233.0	0.0	100.0	0.6	20.0	0.08	1.959963984540054	0.01	2.0	10.0	0.02	
holdout	noisy_program	14015	mirror_reduction_025	reference	0.8499461489978195	1.0	0.3333333333333333	no_gate			0.25		no_gate	468.0	233.0	235.0	0.49786324786324787	1.0128755364806867				233.0	0.0	100.0	0.6	20.0	0.08	1.959963984540054	0.01	2.0	10.0	0.02	
holdout	noisy_program	14016	rc2_unweighted	target	0.846985765084077	0.9055555555555554	0.6666666666666666	not_applicable																									
holdout	noisy_program	14016	rc2_unweighted	reference	0.7301461596568061	0.9611111111111112	0.6666666666666666	not_applicable																									
holdout	noisy_program	14016	rc3_soft	target	0.846985765084077	0.9055555555555554	0.6666666666666666	not_applicable	0.0	0.4949074074074074																							
holdout	noisy_program	14016	rc3_soft	reference	0.7301461596568061	0.9611111111111112	0.6666666666666666	not_applicable	0.0	0.4949074074074074																							
holdout	noisy_program	14016	mirror_reduction_100	target	0.846985765084077	0.9055555555555554	0.6666666666666666	no_gate			1.0		no_gate	464.0	231.0	233.0	0.4978448275862069	1.0129870129870129				231.0	0.0	100.0	0.6	20.0	0.08	1.959963984540054	0.01	2.0	10.0	0.02	
holdout	noisy_program	14016	mirror_reduction_100	reference	0.7301461596568061	0.9611111111111112	0.6666666666666666	no_gate			1.0		no_gate	464.0	231.0	233.0	0.4978448275862069	1.0129870129870129				231.0	0.0	100.0	0.6	20.0	0.08	1.959963984540054	0.01	2.0	10.0	0.02	
holdout	noisy_program	14016	mirror_reduction_075	target	0.846985765084077	0.9055555555555554	0.6666666666666666	no_gate			0.75		no_gate	464.0	231.0	233.0	0.4978448275862069	1.0129870129870129				231.0	0.0	100.0	0.6	20.0	0.08	1.959963984540054	0.01	2.0	10.0	0.02	
holdout	noisy_program	14016	mirror_reduction_075	reference	0.7301461596568061	0.9611111111111112	0.6666666666666666	no_gate			0.75		no_gate	464.0	231.0	233.0	0.4978448275862069	1.0129870129870129				231.0	0.0	100.0	0.6	20.0	0.08	1.959963984540054	0.01	2.0	10.0	0.02	
holdout	noisy_program	14016	mirror_reduction_050	target	0.846985765084077	0.9055555555555554	0.6666666666666666	no_gate			0.5		no_gate	464.0	231.0	233.0	0.4978448275862069	1.0129870129870129				231.0	0.0	100.0	0.6	20.0	0.08	1.959963984540054	0.01	2.0	10.0	0.02	
holdout	noisy_program	14016	mirror_reduction_050	reference	0.7301461596568061	0.9611111111111112	0.6666666666666666	no_gate			0.5		no_gate	464.0	231.0	233.0	0.4978448275862069	1.0129870129870129				231.0	0.0	100.0	0.6	20.0	0.08	1.959963984540054	0.01	2.0	10.0	0.02	
holdout	noisy_program	14016	mirror_reduction_025	target	0.846985765084077	0.9055555555555554	0.6666666666666666	no_gate			0.25		no_gate	464.0	231.0	233.0	0.4978448275862069	1.0129870129870129				231.0	0.0	100.0	0.6	20.0	0.08	1.959963984540054	0.01	2.0	10.0	0.02	
holdout	noisy_program	14016	mirror_reduction_025	reference	0.7301461596568061	0.9611111111111112	0.6666666666666666	no_gate			0.25		no_gate	464.0	231.0	233.0	0.4978448275862069	1.0129870129870129				231.0	0.0	100.0	0.6	20.0	0.08	1.959963984540054	0.01	2.0	10.0	0.02	
holdout	antagonistic_program	14001	rc2_unweighted	target	0.9171035860605147	0.9277777777777778	0.5714285714285714	not_applicable																									
holdout	antagonistic_program	14001	rc2_unweighted	reference	0.2873751738810132	0.7388888888888889	0.6666666666666666	not_applicable																									
holdout	antagonistic_program	14001	rc3_soft	target	0.9171035860605147	0.9277777777777778	0.5714285714285714	not_applicable	0.0	0.37777777777777777																							
holdout	antagonistic_program	14001	rc3_soft	reference	0.2873751738810132	0.7388888888888889	0.6666666666666666	not_applicable	0.0	0.37777777777777777																							
holdout	antagonistic_program	14001	mirror_reduction_100	target	0.9171035860605147	0.9277777777777778	0.5714285714285714	no_gate			1.0		no_gate	486.0	134.0	352.0	0.2757201646090535	2.6343283582089554				134.0	0.0	100.0	0.6	20.0	0.08	1.959963984540054	0.01	2.0	10.0	0.02	
holdout	antagonistic_program	14001	mirror_reduction_100	reference	0.2873751738810132	0.7388888888888889	0.6666666666666666	no_gate			1.0		no_gate	486.0	134.0	352.0	0.2757201646090535	2.6343283582089554				134.0	0.0	100.0	0.6	20.0	0.08	1.959963984540054	0.01	2.0	10.0	0.02	
holdout	antagonistic_program	14001	mirror_reduction_075	target	0.9171035860605147	0.9277777777777778	0.5714285714285714	no_gate			0.75		no_gate	486.0	134.0	352.0	0.2757201646090535	2.6343283582089554				134.0	0.0	100.0	0.6	20.0	0.08	1.959963984540054	0.01	2.0	10.0	0.02	
holdout	antagonistic_program	14001	mirror_reduction_075	reference	0.2873751738810132	0.7388888888888889	0.6666666666666666	no_gate			0.75		no_gate	486.0	134.0	352.0	0.2757201646090535	2.6343283582089554				134.0	0.0	100.0	0.6	20.0	0.08	1.959963984540054	0.01	2.0	10.0	0.02	
holdout	antagonistic_program	14001	mirror_reduction_050	target	0.9171035860605147	0.9277777777777778	0.5714285714285714	no_gate			0.5		no_gate	486.0	134.0	352.0	0.2757201646090535	2.6343283582089554				134.0	0.0	100.0	0.6	20.0	0.08	1.959963984540054	0.01	2.0	10.0	0.02	
holdout	antagonistic_program	14001	mirror_reduction_050	reference	0.2873751738810132	0.7388888888888889	0.6666666666666666	no_gate			0.5		no_gate	486.0	134.0	352.0	0.2757201646090535	2.6343283582089554				134.0	0.0	100.0	0.6	20.0	0.08	1.959963984540054	0.01	2.0	10.0	0.02	
holdout	antagonistic_program	14001	mirror_reduction_025	target	0.9171035860605147	0.9277777777777778	0.5714285714285714	no_gate			0.25		no_gate	486.0	134.0	352.0	0.2757201646090535	2.6343283582089554				134.0	0.0	100.0	0.6	20.0	0.08	1.959963984540054	0.01	2.0	10.0	0.02	
holdout	antagonistic_program	14001	mirror_reduction_025	reference	0.2873751738810132	0.7388888888888889	0.6666666666666666	no_gate			0.25		no_gate	486.0	134.0	352.0	0.2757201646090535	2.6343283582089554				134.0	0.0	100.0	0.6	20.0	0.08	1.959963984540054	0.01	2.0	10.0	0.02	
holdout	antagonistic_program	14002	rc2_unweighted	target	0.7971280739072087	0.9111111111111111	0.7142857142857143	not_applicable																									
holdout	antagonistic_program	14002	rc2_unweighted	reference	0.7438825844538853	0.8877551020408163	0.5238095238095238	not_applicable																									
holdout	antagonistic_program	14002	rc3_soft	target	0.7971280739072087	0.9111111111111111	0.7142857142857143	not_applicable	0.0	0.3888888888888889																							
holdout	antagonistic_program	14002	rc3_soft	reference	0.7438825844538853	0.8877551020408163	0.5238095238095238	not_applicable	0.0	0.3888888888888889																							
holdout	antagonistic_program	14002	mirror_reduction_100	target	0.7971280739072087	0.9111111111111111	0.7142857142857143	no_gate			1.0		no_gate	415.0	136.0	279.0	0.327710843373494	2.0588235294117645				136.0	0.0	100.0	0.6	20.0	0.08	1.959963984540054	0.01	2.0	10.0	0.02	
holdout	antagonistic_program	14002	mirror_reduction_100	reference	0.7438825844538853	0.8877551020408163	0.5238095238095238	no_gate			1.0		no_gate	415.0	136.0	279.0	0.327710843373494	2.0588235294117645				136.0	0.0	100.0	0.6	20.0	0.08	1.959963984540054	0.01	2.0	10.0	0.02	
holdout	antagonistic_program	14002	mirror_reduction_075	target	0.7971280739072087	0.9111111111111111	0.7142857142857143	no_gate			0.75		no_gate	415.0	136.0	279.0	0.327710843373494	2.0588235294117645				136.0	0.0	100.0	0.6	20.0	0.08	1.959963984540054	0.01	2.0	10.0	0.02	
holdout	antagonistic_program	14002	mirror_reduction_075	reference	0.7438825844538853	0.8877551020408163	0.5238095238095238	no_gate			0.75		no_gate	415.0	136.0	279.0	0.327710843373494	2.0588235294117645				136.0	0.0	100.0	0.6	20.0	0.08	1.959963984540054	0.01	2.0	10.0	0.02	
holdout	antagonistic_program	14002	mirror_reduction_050	target	0.7971280739072087	0.9111111111111111	0.7142857142857143	no_gate			0.5		no_gate	415.0	136.0	279.0	0.327710843373494	2.0588235294117645				136.0	0.0	100.0	0.6	20.0	0.08	1.959963984540054	0.01	2.0	10.0	0.02	
holdout	antagonistic_program	14002	mirror_reduction_050	reference	0.7438825844538853	0.8877551020408163	0.5238095238095238	no_gate			0.5		no_gate	415.0	136.0	279.0	0.327710843373494	2.0588235294117645				136.0	0.0	100.0	0.6	20.0	0.08	1.959963984540054	0.01	2.0	10.0	0.02	
holdout	antagonistic_program	14002	mirror_reduction_025	target	0.7971280739072087	0.9111111111111111	0.7142857142857143	no_gate			0.25		no_gate	415.0	136.0	279.0	0.327710843373494	2.0588235294117645				136.0	0.0	100.0	0.6	20.0	0.08	1.959963984540054	0.01	2.0	10.0	0.02	
holdout	antagonistic_program	14002	mirror_reduction_025	reference	0.7438825844538853	0.8877551020408163	0.5238095238095238	no_gate			0.25		no_gate	415.0	136.0	279.0	0.327710843373494	2.0588235294117645				136.0	0.0	100.0	0.6	20.0	0.08	1.959963984540054	0.01	2.0	10.0	0.02	
holdout	antagonistic_program	14003	rc2_unweighted	target	0.6855851353442627	0.75	0.47619047619047616	not_applicable																									
holdout	antagonistic_program	14003	rc2_unweighted	reference	0.6082578683951723	0.7602040816326531	0.7142857142857143	not_applicable																									
holdout	antagonistic_program	14003	rc3_soft	target	0.6855851353442627	0.75	0.47619047619047616	not_applicable	0.0	0.3763888888888889																							
holdout	antagonistic_program	14003	rc3_soft	reference	0.6082578683951723	0.7602040816326531	0.7142857142857143	not_applicable	0.0	0.3763888888888889																							
holdout	antagonistic_program	14003	mirror_reduction_100	target	0.6855851353442627	0.75	0.47619047619047616	no_gate			1.0		no_gate	484.0	165.0	319.0	0.3409090909090909	1.9393939393939394				165.0	0.0	100.0	0.6	20.0	0.08	1.959963984540054	0.01	2.0	10.0	0.02	
holdout	antagonistic_program	14003	mirror_reduction_100	reference	0.6082578683951723	0.7602040816326531	0.7142857142857143	no_gate			1.0		no_gate	484.0	165.0	319.0	0.3409090909090909	1.9393939393939394				165.0	0.0	100.0	0.6	20.0	0.08	1.959963984540054	0.01	2.0	10.0	0.02	
holdout	antagonistic_program	14003	mirror_reduction_075	target	0.6855851353442627	0.75	0.47619047619047616	no_gate			0.75		no_gate	484.0	165.0	319.0	0.3409090909090909	1.9393939393939394				165.0	0.0	100.0	0.6	20.0	0.08	1.959963984540054	0.01	2.0	10.0	0.02	
holdout	antagonistic_program	14003	mirror_reduction_075	reference	0.6082578683951723	0.7602040816326531	0.7142857142857143	no_gate			0.75		no_gate	484.0	165.0	319.0	0.3409090909090909	1.9393939393939394				165.0	0.0	100.0	0.6	20.0	0.08	1.959963984540054	0.01	2.0	10.0	0.02	
holdout	antagonistic_program	14003	mirror_reduction_050	target	0.6855851353442627	0.75	0.47619047619047616	no_gate			0.5		no_gate	484.0	165.0	319.0	0.3409090909090909	1.9393939393939394				165.0	0.0	100.0	0.6	20.0	0.08	1.959963984540054	0.01	2.0	10.0	0.02	
holdout	antagonistic_program	14003	mirror_reduction_050	reference	0.6082578683951723	0.7602040816326531	0.7142857142857143	no_gate			0.5		no_gate	484.0	165.0	319.0	0.3409090909090909	1.9393939393939394				165.0	0.0	100.0	0.6	20.0	0.08	1.959963984540054	0.01	2.0	10.0	0.02	
holdout	antagonistic_program	14003	mirror_reduction_025	target	0.6855851353442627	0.75	0.47619047619047616	no_gate			0.25		no_gate	484.0	165.0	319.0	0.3409090909090909	1.9393939393939394				165.0	0.0	100.0	0.6	20.0	0.08	1.959963984540054	0.01	2.0	10.0	0.02	
holdout	antagonistic_program	14003	mirror_reduction_025	reference	0.6082578683951723	0.7602040816326531	0.7142857142857143	no_gate			0.25		no_gate	484.0	165.0	319.0	0.3409090909090909	1.9393939393939394				165.0	0.0	100.0	0.6	20.0	0.08	1.959963984540054	0.01	2.0	10.0	0.02	
holdout	antagonistic_program	14004	rc2_unweighted	target	0.8474082958411203	0.95	0.5238095238095238	not_applicable																									
holdout	antagonistic_program	14004	rc2_unweighted	reference	0.73958869888971	0.7555555555555555	0.6666666666666666	not_applicable																									
holdout	antagonistic_program	14004	rc3_soft	target	0.8474082958411203	0.95	0.5238095238095238	not_applicable	0.0	0.3675925925925926																							
holdout	antagonistic_program	14004	rc3_soft	reference	0.73958869888971	0.7555555555555555	0.6666666666666666	not_applicable	0.0	0.3675925925925926																							
holdout	antagonistic_program	14004	mirror_reduction_100	target	0.8474082958411203	0.95	0.5238095238095238	no_gate			1.0		no_gate	449.0	137.0	312.0	0.3051224944320713	2.2846715328467155				137.0	0.0	100.0	0.6	20.0	0.08	1.959963984540054	0.01	2.0	10.0	0.02	
holdout	antagonistic_program	14004	mirror_reduction_100	reference	0.73958869888971	0.7555555555555555	0.6666666666666666	no_gate			1.0		no_gate	449.0	137.0	312.0	0.3051224944320713	2.2846715328467155				137.0	0.0	100.0	0.6	20.0	0.08	1.959963984540054	0.01	2.0	10.0	0.02	
holdout	antagonistic_program	14004	mirror_reduction_075	target	0.8474082958411203	0.95	0.5238095238095238	no_gate			0.75		no_gate	449.0	137.0	312.0	0.3051224944320713	2.2846715328467155				137.0	0.0	100.0	0.6	20.0	0.08	1.959963984540054	0.01	2.0	10.0	0.02	
holdout	antagonistic_program	14004	mirror_reduction_075	reference	0.73958869888971	0.7555555555555555	0.6666666666666666	no_gate			0.75		no_gate	449.0	137.0	312.0	0.3051224944320713	2.2846715328467155				137.0	0.0	100.0	0.6	20.0	0.08	1.959963984540054	0.01	2.0	10.0	0.02	
holdout	antagonistic_program	14004	mirror_reduction_050	target	0.8474082958411203	0.95	0.5238095238095238	no_gate			0.5		no_gate	449.0	137.0	312.0	0.3051224944320713	2.2846715328467155				137.0	0.0	100.0	0.6	20.0	0.08	1.959963984540054	0.01	2.0	10.0	0.02	
holdout	antagonistic_program	14004	mirror_reduction_050	reference	0.73958869888971	0.7555555555555555	0.6666666666666666	no_gate			0.5		no_gate	449.0	137.0	312.0	0.3051224944320713	2.2846715328467155				137.0	0.0	100.0	0.6	20.0	0.08	1.959963984540054	0.01	2.0	10.0	0.02	
holdout	antagonistic_program	14004	mirror_reduction_025	target	0.8474082958411203	0.95	0.5238095238095238	no_gate			0.25		no_gate	449.0	137.0	312.0	0.3051224944320713	2.2846715328467155				137.0	0.0	100.0	0.6	20.0	0.08	1.959963984540054	0.01	2.0	10.0	0.02	
holdout	antagonistic_program	14004	mirror_reduction_025	reference	0.73958869888971	0.7555555555555555	0.6666666666666666	no_gate			0.25		no_gate	449.0	137.0	312.0	0.3051224944320713	2.2846715328467155				137.0	0.0	100.0	0.6	20.0	0.08	1.959963984540054	0.01	2.0	10.0	0.02	
holdout	antagonistic_program	14005	rc2_unweighted	target	0.7668764677834425	0.8555555555555556	0.5714285714285714	not_applicable																									
holdout	antagonistic_program	14005	rc2_unweighted	reference	0.6789410187706449	0.8444444444444444	0.8571428571428571	not_applicable																									
holdout	antagonistic_program	14005	rc3_soft	target	0.7668764677834425	0.8555555555555556	0.5714285714285714	not_applicable	0.0	0.3814814814814815																							
holdout	antagonistic_program	14005	rc3_soft	reference	0.6789410187706449	0.8444444444444444	0.8571428571428571	not_applicable	0.0	0.3814814814814815																							
holdout	antagonistic_program	14005	mirror_reduction_100	target	0.7668764677834425	0.8555555555555556	0.5714285714285714	no_gate			1.0		no_gate	469.0	137.0	332.0	0.2921108742004264	2.4306569343065694				137.0	0.0	100.0	0.6	20.0	0.08	1.959963984540054	0.01	2.0	10.0	0.02	
holdout	antagonistic_program	14005	mirror_reduction_100	reference	0.6789410187706449	0.8444444444444444	0.8571428571428571	no_gate			1.0		no_gate	469.0	137.0	332.0	0.2921108742004264	2.4306569343065694				137.0	0.0	100.0	0.6	20.0	0.08	1.959963984540054	0.01	2.0	10.0	0.02	
holdout	antagonistic_program	14005	mirror_reduction_075	target	0.7668764677834425	0.8555555555555556	0.5714285714285714	no_gate			0.75		no_gate	469.0	137.0	332.0	0.2921108742004264	2.4306569343065694				137.0	0.0	100.0	0.6	20.0	0.08	1.959963984540054	0.01	2.0	10.0	0.02	
holdout	antagonistic_program	14005	mirror_reduction_075	reference	0.6789410187706449	0.8444444444444444	0.8571428571428571	no_gate			0.75		no_gate	469.0	137.0	332.0	0.2921108742004264	2.4306569343065694				137.0	0.0	100.0	0.6	20.0	0.08	1.959963984540054	0.01	2.0	10.0	0.02	
holdout	antagonistic_program	14005	mirror_reduction_050	target	0.7668764677834425	0.8555555555555556	0.5714285714285714	no_gate			0.5		no_gate	469.0	137.0	332.0	0.2921108742004264	2.4306569343065694				137.0	0.0	100.0	0.6	20.0	0.08	1.959963984540054	0.01	2.0	10.0	0.02	
holdout	antagonistic_program	14005	mirror_reduction_050	reference	0.6789410187706449	0.8444444444444444	0.8571428571428571	no_gate			0.5		no_gate	469.0	137.0	332.0	0.2921108742004264	2.4306569343065694				137.0	0.0	100.0	0.6	20.0	0.08	1.959963984540054	0.01	2.0	10.0	0.02	
holdout	antagonistic_program	14005	mirror_reduction_025	target	0.7668764677834425	0.8555555555555556	0.5714285714285714	no_gate			0.25		no_gate	469.0	137.0	332.0	0.2921108742004264	2.4306569343065694				137.0	0.0	100.0	0.6	20.0	0.08	1.959963984540054	0.01	2.0	10.0	0.02	
holdout	antagonistic_program	14005	mirror_reduction_025	reference	0.6789410187706449	0.8444444444444444	0.8571428571428571	no_gate			0.25		no_gate	469.0	137.0	332.0	0.2921108742004264	2.4306569343065694				137.0	0.0	100.0	0.6	20.0	0.08	1.959963984540054	0.01	2.0	10.0	0.02	
holdout	antagonistic_program	14006	rc2_unweighted	target	0.6814960468848612	0.8557692307692308	0.6190476190476191	not_applicable																									
holdout	antagonistic_program	14006	rc2_unweighted	reference	0.7267697952581965	0.8125	0.38095238095238093	not_applicable																									
holdout	antagonistic_program	14006	rc3_soft	target	0.6814960468848612	0.8557692307692308	0.6190476190476191	not_applicable	0.0	0.3763888888888889																							
holdout	antagonistic_program	14006	rc3_soft	reference	0.7267697952581965	0.8125	0.38095238095238093	not_applicable	0.0	0.3763888888888889																							
holdout	antagonistic_program	14006	mirror_reduction_100	target	0.6814960468848612	0.8557692307692308	0.6190476190476191	no_gate			1.0		no_gate	447.0	124.0	323.0	0.27740492170022374	2.6129032258064515				124.0	0.0	100.0	0.6	20.0	0.08	1.959963984540054	0.01	2.0	10.0	0.02	
holdout	antagonistic_program	14006	mirror_reduction_100	reference	0.7267697952581965	0.8125	0.38095238095238093	no_gate			1.0		no_gate	447.0	124.0	323.0	0.27740492170022374	2.6129032258064515				124.0	0.0	100.0	0.6	20.0	0.08	1.959963984540054	0.01	2.0	10.0	0.02	
holdout	antagonistic_program	14006	mirror_reduction_075	target	0.6814960468848612	0.8557692307692308	0.6190476190476191	no_gate			0.75		no_gate	447.0	124.0	323.0	0.27740492170022374	2.6129032258064515				124.0	0.0	100.0	0.6	20.0	0.08	1.959963984540054	0.01	2.0	10.0	0.02	
holdout	antagonistic_program	14006	mirror_reduction_075	reference	0.7267697952581965	0.8125	0.38095238095238093	no_gate			0.75		no_gate	447.0	124.0	323.0	0.27740492170022374	2.6129032258064515				124.0	0.0	100.0	0.6	20.0	0.08	1.959963984540054	0.01	2.0	10.0	0.02	
holdout	antagonistic_program	14006	mirror_reduction_050	target	0.6814960468848612	0.8557692307692308	0.6190476190476191	no_gate			0.5		no_gate	447.0	124.0	323.0	0.27740492170022374	2.6129032258064515				124.0	0.0	100.0	0.6	20.0	0.08	1.959963984540054	0.01	2.0	10.0	0.02	
holdout	antagonistic_program	14006	mirror_reduction_050	reference	0.7267697952581965	0.8125	0.38095238095238093	no_gate			0.5		no_gate	447.0	124.0	323.0	0.27740492170022374	2.6129032258064515				124.0	0.0	100.0	0.6	20.0	0.08	1.959963984540054	0.01	2.0	10.0	0.02	
holdout	antagonistic_program	14006	mirror_reduction_025	target	0.6814960468848612	0.8557692307692308	0.6190476190476191	no_gate			0.25		no_gate	447.0	124.0	323.0	0.27740492170022374	2.6129032258064515				124.0	0.0	100.0	0.6	20.0	0.08	1.959963984540054	0.01	2.0	10.0	0.02	
holdout	antagonistic_program	14006	mirror_reduction_025	reference	0.7267697952581965	0.8125	0.38095238095238093	no_gate			0.25		no_gate	447.0	124.0	323.0	0.27740492170022374	2.6129032258064515				124.0	0.0	100.0	0.6	20.0	0.08	1.959963984540054	0.01	2.0	10.0	0.02	
holdout	antagonistic_program	14007	rc2_unweighted	target	0.871074977317463	0.8833333333333333	0.6190476190476191	not_applicable																									
holdout	antagonistic_program	14007	rc2_unweighted	reference	0.8051651296521548	0.9333333333333333	0.5714285714285714	not_applicable																									
holdout	antagonistic_program	14007	rc3_soft	target	0.871074977317463	0.8833333333333333	0.6190476190476191	not_applicable	0.0	0.37777777777777777																							
holdout	antagonistic_program	14007	rc3_soft	reference	0.8051651296521548	0.9333333333333333	0.5714285714285714	not_applicable	0.0	0.37777777777777777																							
holdout	antagonistic_program	14007	mirror_reduction_100	target	0.871074977317463	0.8833333333333333	0.6190476190476191	no_gate			1.0		no_gate	466.0	144.0	322.0	0.3090128755364807	2.2430555555555554				144.0	0.0	100.0	0.6	20.0	0.08	1.959963984540054	0.01	2.0	10.0	0.02	
holdout	antagonistic_program	14007	mirror_reduction_100	reference	0.8051651296521548	0.9333333333333333	0.5714285714285714	no_gate			1.0		no_gate	466.0	144.0	322.0	0.3090128755364807	2.2430555555555554				144.0	0.0	100.0	0.6	20.0	0.08	1.959963984540054	0.01	2.0	10.0	0.02	
holdout	antagonistic_program	14007	mirror_reduction_075	target	0.871074977317463	0.8833333333333333	0.6190476190476191	no_gate			0.75		no_gate	466.0	144.0	322.0	0.3090128755364807	2.2430555555555554				144.0	0.0	100.0	0.6	20.0	0.08	1.959963984540054	0.01	2.0	10.0	0.02	
holdout	antagonistic_program	14007	mirror_reduction_075	reference	0.8051651296521548	0.9333333333333333	0.5714285714285714	no_gate			0.75		no_gate	466.0	144.0	322.0	0.3090128755364807	2.2430555555555554				144.0	0.0	100.0	0.6	20.0	0.08	1.959963984540054	0.01	2.0	10.0	0.02	
holdout	antagonistic_program	14007	mirror_reduction_050	target	0.871074977317463	0.8833333333333333	0.6190476190476191	no_gate			0.5		no_gate	466.0	144.0	322.0	0.3090128755364807	2.2430555555555554				144.0	0.0	100.0	0.6	20.0	0.08	1.959963984540054	0.01	2.0	10.0	0.02	
holdout	antagonistic_program	14007	mirror_reduction_050	reference	0.8051651296521548	0.9333333333333333	0.5714285714285714	no_gate			0.5		no_gate	466.0	144.0	322.0	0.3090128755364807	2.2430555555555554				144.0	0.0	100.0	0.6	20.0	0.08	1.959963984540054	0.01	2.0	10.0	0.02	
holdout	antagonistic_program	14007	mirror_reduction_025	target	0.871074977317463	0.8833333333333333	0.6190476190476191	no_gate			0.25		no_gate	466.0	144.0	322.0	0.3090128755364807	2.2430555555555554				144.0	0.0	100.0	0.6	20.0	0.08	1.959963984540054	0.01	2.0	10.0	0.02	
holdout	antagonistic_program	14007	mirror_reduction_025	reference	0.8051651296521548	0.9333333333333333	0.5714285714285714	no_gate			0.25		no_gate	466.0	144.0	322.0	0.3090128755364807	2.2430555555555554				144.0	0.0	100.0	0.6	20.0	0.08	1.959963984540054	0.01	2.0	10.0	0.02	
holdout	antagonistic_program	14008	rc2_unweighted	target	0.910516196838662	0.9555555555555556	0.7142857142857143	not_applicable																									
holdout	antagonistic_program	14008	rc2_unweighted	reference	0.7806476457622785	0.9222222222222222	0.6666666666666666	not_applicable																									
holdout	antagonistic_program	14008	rc3_soft	target	0.910516196838662	0.9555555555555556	0.7142857142857143	not_applicable	0.0	0.36574074074074076																							
holdout	antagonistic_program	14008	rc3_soft	reference	0.7806476457622785	0.9222222222222222	0.6666666666666666	not_applicable	0.0	0.36574074074074076																							
holdout	antagonistic_program	14008	mirror_reduction_100	target	0.910516196838662	0.9555555555555556	0.7142857142857143	no_gate			1.0		no_gate	444.0	125.0	319.0	0.28153153153153154	2.56				125.0	0.0	100.0	0.6	20.0	0.08	1.959963984540054	0.01	2.0	10.0	0.02	
holdout	antagonistic_program	14008	mirror_reduction_100	reference	0.7806476457622785	0.9222222222222222	0.6666666666666666	no_gate			1.0		no_gate	444.0	125.0	319.0	0.28153153153153154	2.56				125.0	0.0	100.0	0.6	20.0	0.08	1.959963984540054	0.01	2.0	10.0	0.02	
holdout	antagonistic_program	14008	mirror_reduction_075	target	0.910516196838662	0.9555555555555556	0.7142857142857143	no_gate			0.75		no_gate	444.0	125.0	319.0	0.28153153153153154	2.56				125.0	0.0	100.0	0.6	20.0	0.08	1.959963984540054	0.01	2.0	10.0	0.02	
holdout	antagonistic_program	14008	mirror_reduction_075	reference	0.7806476457622785	0.9222222222222222	0.6666666666666666	no_gate			0.75		no_gate	444.0	125.0	319.0	0.28153153153153154	2.56				125.0	0.0	100.0	0.6	20.0	0.08	1.959963984540054	0.01	2.0	10.0	0.02	
holdout	antagonistic_program	14008	mirror_reduction_050	target	0.910516196838662	0.9555555555555556	0.7142857142857143	no_gate			0.5		no_gate	444.0	125.0	319.0	0.28153153153153154	2.56				125.0	0.0	100.0	0.6	20.0	0.08	1.959963984540054	0.01	2.0	10.0	0.02	
holdout	antagonistic_program	14008	mirror_reduction_050	reference	0.7806476457622785	0.9222222222222222	0.6666666666666666	no_gate			0.5		no_gate	444.0	125.0	319.0	0.28153153153153154	2.56				125.0	0.0	100.0	0.6	20.0	0.08	1.959963984540054	0.01	2.0	10.0	0.02	
holdout	antagonistic_program	14008	mirror_reduction_025	target	0.910516196838662	0.9555555555555556	0.7142857142857143	no_gate			0.25		no_gate	444.0	125.0	319.0	0.28153153153153154	2.56				125.0	0.0	100.0	0.6	20.0	0.08	1.959963984540054	0.01	2.0	10.0	0.02	
holdout	antagonistic_program	14008	mirror_reduction_025	reference	0.7806476457622785	0.9222222222222222	0.6666666666666666	no_gate			0.25		no_gate	444.0	125.0	319.0	0.28153153153153154	2.56				125.0	0.0	100.0	0.6	20.0	0.08	1.959963984540054	0.01	2.0	10.0	0.02	
holdout	antagonistic_program	14009	rc2_unweighted	target	0.8799204370284136	0.9833333333333334	0.6666666666666666	not_applicable																									
holdout	antagonistic_program	14009	rc2_unweighted	reference	0.5956665839998493	0.85	0.6666666666666666	not_applicable																									
holdout	antagonistic_program	14009	rc3_soft	target	0.8799204370284136	0.9833333333333334	0.6666666666666666	not_applicable	0.0	0.3574074074074074																							
holdout	antagonistic_program	14009	rc3_soft	reference	0.5956665839998493	0.85	0.6666666666666666	not_applicable	0.0	0.3574074074074074																							
holdout	antagonistic_program	14009	mirror_reduction_100	target	0.8799204370284136	0.9833333333333334	0.6666666666666666	no_gate			1.0		no_gate	457.0	129.0	328.0	0.28227571115973743	2.550387596899225				129.0	0.0	100.0	0.6	20.0	0.08	1.959963984540054	0.01	2.0	10.0	0.02	
holdout	antagonistic_program	14009	mirror_reduction_100	reference	0.5956665839998493	0.85	0.6666666666666666	no_gate			1.0		no_gate	457.0	129.0	328.0	0.28227571115973743	2.550387596899225				129.0	0.0	100.0	0.6	20.0	0.08	1.959963984540054	0.01	2.0	10.0	0.02	
holdout	antagonistic_program	14009	mirror_reduction_075	target	0.8799204370284136	0.9833333333333334	0.6666666666666666	no_gate			0.75		no_gate	457.0	129.0	328.0	0.28227571115973743	2.550387596899225				129.0	0.0	100.0	0.6	20.0	0.08	1.959963984540054	0.01	2.0	10.0	0.02	
holdout	antagonistic_program	14009	mirror_reduction_075	reference	0.5956665839998493	0.85	0.6666666666666666	no_gate			0.75		no_gate	457.0	129.0	328.0	0.28227571115973743	2.550387596899225				129.0	0.0	100.0	0.6	20.0	0.08	1.959963984540054	0.01	2.0	10.0	0.02	
holdout	antagonistic_program	14009	mirror_reduction_050	target	0.8799204370284136	0.9833333333333334	0.6666666666666666	no_gate			0.5		no_gate	457.0	129.0	328.0	0.28227571115973743	2.550387596899225				129.0	0.0	100.0	0.6	20.0	0.08	1.959963984540054	0.01	2.0	10.0	0.02	
holdout	antagonistic_program	14009	mirror_reduction_050	reference	0.5956665839998493	0.85	0.6666666666666666	no_gate			0.5		no_gate	457.0	129.0	328.0	0.28227571115973743	2.550387596899225				129.0	0.0	100.0	0.6	20.0	0.08	1.959963984540054	0.01	2.0	10.0	0.02	
holdout	antagonistic_program	14009	mirror_reduction_025	target	0.8799204370284136	0.9833333333333334	0.6666666666666666	no_gate			0.25		no_gate	457.0	129.0	328.0	0.28227571115973743	2.550387596899225				129.0	0.0	100.0	0.6	20.0	0.08	1.959963984540054	0.01	2.0	10.0	0.02	
holdout	antagonistic_program	14009	mirror_reduction_025	reference	0.5956665839998493	0.85	0.6666666666666666	no_gate			0.25		no_gate	457.0	129.0	328.0	0.28227571115973743	2.550387596899225				129.0	0.0	100.0	0.6	20.0	0.08	1.959963984540054	0.01	2.0	10.0	0.02	
holdout	antagonistic_program	14010	rc2_unweighted	target	0.856444859003043	1.0	0.47619047619047616	not_applicable																									
holdout	antagonistic_program	14010	rc2_unweighted	reference	0.8117025314370044	0.9111111111111111	0.5714285714285714	not_applicable																									
holdout	antagonistic_program	14010	rc3_soft	target	0.856444859003043	1.0	0.47619047619047616	not_applicable	0.0	0.3972222222222222																							
holdout	antagonistic_program	14010	rc3_soft	reference	0.8117025314370044	0.9111111111111111	0.5714285714285714	not_applicable	0.0	0.3972222222222222																							
holdout	antagonistic_program	14010	mirror_reduction_100	target	0.856444859003043	1.0	0.47619047619047616	no_gate			1.0		no_gate	477.0	141.0	336.0	0.29559748427672955	2.3900709219858154				141.0	0.0	100.0	0.6	20.0	0.08	1.959963984540054	0.01	2.0	10.0	0.02	
holdout	antagonistic_program	14010	mirror_reduction_100	reference	0.8117025314370044	0.9111111111111111	0.5714285714285714	no_gate			1.0		no_gate	477.0	141.0	336.0	0.29559748427672955	2.3900709219858154				141.0	0.0	100.0	0.6	20.0	0.08	1.959963984540054	0.01	2.0	10.0	0.02	
holdout	antagonistic_program	14010	mirror_reduction_075	target	0.856444859003043	1.0	0.47619047619047616	no_gate			0.75		no_gate	477.0	141.0	336.0	0.29559748427672955	2.3900709219858154				141.0	0.0	100.0	0.6	20.0	0.08	1.959963984540054	0.01	2.0	10.0	0.02	
holdout	antagonistic_program	14010	mirror_reduction_075	reference	0.8117025314370044	0.9111111111111111	0.5714285714285714	no_gate			0.75		no_gate	477.0	141.0	336.0	0.29559748427672955	2.3900709219858154				141.0	0.0	100.0	0.6	20.0	0.08	1.959963984540054	0.01	2.0	10.0	0.02	
holdout	antagonistic_program	14010	mirror_reduction_050	target	0.856444859003043	1.0	0.47619047619047616	no_gate			0.5		no_gate	477.0	141.0	336.0	0.29559748427672955	2.3900709219858154				141.0	0.0	100.0	0.6	20.0	0.08	1.959963984540054	0.01	2.0	10.0	0.02	
holdout	antagonistic_program	14010	mirror_reduction_050	reference	0.8117025314370044	0.9111111111111111	0.5714285714285714	no_gate			0.5		no_gate	477.0	141.0	336.0	0.29559748427672955	2.3900709219858154				141.0	0.0	100.0	0.6	20.0	0.08	1.959963984540054	0.01	2.0	10.0	0.02	
holdout	antagonistic_program	14010	mirror_reduction_025	target	0.856444859003043	1.0	0.47619047619047616	no_gate			0.25		no_gate	477.0	141.0	336.0	0.29559748427672955	2.3900709219858154				141.0	0.0	100.0	0.6	20.0	0.08	1.959963984540054	0.01	2.0	10.0	0.02	
holdout	antagonistic_program	14010	mirror_reduction_025	reference	0.8117025314370044	0.9111111111111111	0.5714285714285714	no_gate			0.25		no_gate	477.0	141.0	336.0	0.29559748427672955	2.3900709219858154				141.0	0.0	100.0	0.6	20.0	0.08	1.959963984540054	0.01	2.0	10.0	0.02	
holdout	antagonistic_program	14011	rc2_unweighted	target	0.7151731539073334	0.7222222222222222	0.5714285714285714	not_applicable																									
holdout	antagonistic_program	14011	rc2_unweighted	reference	0.7581612257059849	0.8777777777777778	0.5714285714285714	not_applicable																									
holdout	antagonistic_program	14011	rc3_soft	target	0.7151731539073334	0.7222222222222222	0.5714285714285714	not_applicable	0.0	0.375																							
holdout	antagonistic_program	14011	rc3_soft	reference	0.7581612257059849	0.8777777777777778	0.5714285714285714	not_applicable	0.0	0.375																							
holdout	antagonistic_program	14011	mirror_reduction_100	target	0.7151731539073334	0.7222222222222222	0.5714285714285714	no_gate			1.0		no_gate	424.0	116.0	308.0	0.27358490566037735	2.663793103448276				116.0	0.0	100.0	0.6	20.0	0.08	1.959963984540054	0.01	2.0	10.0	0.02	
holdout	antagonistic_program	14011	mirror_reduction_100	reference	0.7581612257059849	0.8777777777777778	0.5714285714285714	no_gate			1.0		no_gate	424.0	116.0	308.0	0.27358490566037735	2.663793103448276				116.0	0.0	100.0	0.6	20.0	0.08	1.959963984540054	0.01	2.0	10.0	0.02	
holdout	antagonistic_program	14011	mirror_reduction_075	target	0.7151731539073334	0.7222222222222222	0.5714285714285714	no_gate			0.75		no_gate	424.0	116.0	308.0	0.27358490566037735	2.663793103448276				116.0	0.0	100.0	0.6	20.0	0.08	1.959963984540054	0.01	2.0	10.0	0.02	
holdout	antagonistic_program	14011	mirror_reduction_075	reference	0.7581612257059849	0.8777777777777778	0.5714285714285714	no_gate			0.75		no_gate	424.0	116.0	308.0	0.27358490566037735	2.663793103448276				116.0	0.0	100.0	0.6	20.0	0.08	1.959963984540054	0.01	2.0	10.0	0.02	
holdout	antagonistic_program	14011	mirror_reduction_050	target	0.7151731539073334	0.7222222222222222	0.5714285714285714	no_gate			0.5		no_gate	424.0	116.0	308.0	0.27358490566037735	2.663793103448276				116.0	0.0	100.0	0.6	20.0	0.08	1.959963984540054	0.01	2.0	10.0	0.02	
holdout	antagonistic_program	14011	mirror_reduction_050	reference	0.7581612257059849	0.8777777777777778	0.5714285714285714	no_gate			0.5		no_gate	424.0	116.0	308.0	0.27358490566037735	2.663793103448276				116.0	0.0	100.0	0.6	20.0	0.08	1.959963984540054	0.01	2.0	10.0	0.02	
holdout	antagonistic_program	14011	mirror_reduction_025	target	0.7151731539073334	0.7222222222222222	0.5714285714285714	no_gate			0.25		no_gate	424.0	116.0	308.0	0.27358490566037735	2.663793103448276				116.0	0.0	100.0	0.6	20.0	0.08	1.959963984540054	0.01	2.0	10.0	0.02	
holdout	antagonistic_program	14011	mirror_reduction_025	reference	0.7581612257059849	0.8777777777777778	0.5714285714285714	no_gate			0.25		no_gate	424.0	116.0	308.0	0.27358490566037735	2.663793103448276				116.0	0.0	100.0	0.6	20.0	0.08	1.959963984540054	0.01	2.0	10.0	0.02	
holdout	antagonistic_program	14012	rc2_unweighted	target	0.318999452954581	0.7333333333333333	0.8571428571428571	not_applicable																									
holdout	antagonistic_program	14012	rc2_unweighted	reference	0.888130128263872	0.9555555555555555	0.2857142857142857	not_applicable																									
holdout	antagonistic_program	14012	rc3_soft	target	0.318999452954581	0.7333333333333333	0.8571428571428571	not_applicable	0.0	0.3597222222222222																							
holdout	antagonistic_program	14012	rc3_soft	reference	0.888130128263872	0.9555555555555555	0.2857142857142857	not_applicable	0.0	0.3597222222222222																							
holdout	antagonistic_program	14012	mirror_reduction_100	target	0.318999452954581	0.7333333333333333	0.8571428571428571	no_gate			1.0		no_gate	483.0	129.0	354.0	0.2670807453416149	2.751937984496124				129.0	0.0	100.0	0.6	20.0	0.08	1.959963984540054	0.01	2.0	10.0	0.02	
holdout	antagonistic_program	14012	mirror_reduction_100	reference	0.888130128263872	0.9555555555555555	0.2857142857142857	no_gate			1.0		no_gate	483.0	129.0	354.0	0.2670807453416149	2.751937984496124				129.0	0.0	100.0	0.6	20.0	0.08	1.959963984540054	0.01	2.0	10.0	0.02	
holdout	antagonistic_program	14012	mirror_reduction_075	target	0.318999452954581	0.7333333333333333	0.8571428571428571	no_gate			0.75		no_gate	483.0	129.0	354.0	0.2670807453416149	2.751937984496124				129.0	0.0	100.0	0.6	20.0	0.08	1.959963984540054	0.01	2.0	10.0	0.02	
holdout	antagonistic_program	14012	mirror_reduction_075	reference	0.888130128263872	0.9555555555555555	0.2857142857142857	no_gate			0.75		no_gate	483.0	129.0	354.0	0.2670807453416149	2.751937984496124				129.0	0.0	100.0	0.6	20.0	0.08	1.959963984540054	0.01	2.0	10.0	0.02	
holdout	antagonistic_program	14012	mirror_reduction_050	target	0.318999452954581	0.7333333333333333	0.8571428571428571	no_gate			0.5		no_gate	483.0	129.0	354.0	0.2670807453416149	2.751937984496124				129.0	0.0	100.0	0.6	20.0	0.08	1.959963984540054	0.01	2.0	10.0	0.02	
holdout	antagonistic_program	14012	mirror_reduction_050	reference	0.888130128263872	0.9555555555555555	0.2857142857142857	no_gate			0.5		no_gate	483.0	129.0	354.0	0.2670807453416149	2.751937984496124				129.0	0.0	100.0	0.6	20.0	0.08	1.959963984540054	0.01	2.0	10.0	0.02	
holdout	antagonistic_program	14012	mirror_reduction_025	target	0.318999452954581	0.7333333333333333	0.8571428571428571	no_gate			0.25		no_gate	483.0	129.0	354.0	0.2670807453416149	2.751937984496124				129.0	0.0	100.0	0.6	20.0	0.08	1.959963984540054	0.01	2.0	10.0	0.02	
holdout	antagonistic_program	14012	mirror_reduction_025	reference	0.888130128263872	0.9555555555555555	0.2857142857142857	no_gate			0.25		no_gate	483.0	129.0	354.0	0.2670807453416149	2.751937984496124				129.0	0.0	100.0	0.6	20.0	0.08	1.959963984540054	0.01	2.0	10.0	0.02	
holdout	antagonistic_program	14013	rc2_unweighted	target	0.9191919679877213	0.9388888888888889	0.5714285714285714	not_applicable																									
holdout	antagonistic_program	14013	rc2_unweighted	reference	0.37463465493222964	0.5944444444444444	0.7619047619047619	not_applicable																									
holdout	antagonistic_program	14013	rc3_soft	target	0.9191919679877213	0.9388888888888889	0.5714285714285714	not_applicable	0.0	0.38055555555555554																							
holdout	antagonistic_program	14013	rc3_soft	reference	0.37463465493222964	0.5944444444444444	0.7619047619047619	not_applicable	0.0	0.38055555555555554																							
holdout	antagonistic_program	14013	mirror_reduction_100	target	0.9191919679877213	0.9388888888888889	0.5714285714285714	no_gate			1.0		no_gate	441.0	130.0	311.0	0.2947845804988662	2.4				130.0	0.0	100.0	0.6	20.0	0.08	1.959963984540054	0.01	2.0	10.0	0.02	
holdout	antagonistic_program	14013	mirror_reduction_100	reference	0.37463465493222964	0.5944444444444444	0.7619047619047619	no_gate			1.0		no_gate	441.0	130.0	311.0	0.2947845804988662	2.4				130.0	0.0	100.0	0.6	20.0	0.08	1.959963984540054	0.01	2.0	10.0	0.02	
holdout	antagonistic_program	14013	mirror_reduction_075	target	0.9191919679877213	0.9388888888888889	0.5714285714285714	no_gate			0.75		no_gate	441.0	130.0	311.0	0.2947845804988662	2.4				130.0	0.0	100.0	0.6	20.0	0.08	1.959963984540054	0.01	2.0	10.0	0.02	
holdout	antagonistic_program	14013	mirror_reduction_075	reference	0.37463465493222964	0.5944444444444444	0.7619047619047619	no_gate			0.75		no_gate	441.0	130.0	311.0	0.2947845804988662	2.4				130.0	0.0	100.0	0.6	20.0	0.08	1.959963984540054	0.01	2.0	10.0	0.02	
holdout	antagonistic_program	14013	mirror_reduction_050	target	0.9191919679877213	0.9388888888888889	0.5714285714285714	no_gate			0.5		no_gate	441.0	130.0	311.0	0.2947845804988662	2.4				130.0	0.0	100.0	0.6	20.0	0.08	1.959963984540054	0.01	2.0	10.0	0.02	
holdout	antagonistic_program	14013	mirror_reduction_050	reference	0.37463465493222964	0.5944444444444444	0.7619047619047619	no_gate			0.5		no_gate	441.0	130.0	311.0	0.2947845804988662	2.4				130.0	0.0	100.0	0.6	20.0	0.08	1.959963984540054	0.01	2.0	10.0	0.02	
holdout	antagonistic_program	14013	mirror_reduction_025	target	0.9191919679877213	0.9388888888888889	0.5714285714285714	no_gate			0.25		no_gate	441.0	130.0	311.0	0.2947845804988662	2.4				130.0	0.0	100.0	0.6	20.0	0.08	1.959963984540054	0.01	2.0	10.0	0.02	
holdout	antagonistic_program	14013	mirror_reduction_025	reference	0.37463465493222964	0.5944444444444444	0.7619047619047619	no_gate			0.25		no_gate	441.0	130.0	311.0	0.2947845804988662	2.4				130.0	0.0	100.0	0.6	20.0	0.08	1.959963984540054	0.01	2.0	10.0	0.02	
holdout	antagonistic_program	14014	rc2_unweighted	target	0.8016293449307135	0.9	0.42857142857142855	not_applicable																									
holdout	antagonistic_program	14014	rc2_unweighted	reference	0.5822656164306743	0.7111111111111111	0.7619047619047619	not_applicable																									
holdout	antagonistic_program	14014	rc3_soft	target	0.8016293449307135	0.9	0.42857142857142855	not_applicable	0.0	0.3851851851851852																							
holdout	antagonistic_program	14014	rc3_soft	reference	0.5822656164306743	0.7111111111111111	0.7619047619047619	not_applicable	0.0	0.3851851851851852																							
holdout	antagonistic_program	14014	mirror_reduction_100	target	0.8016293449307135	0.9	0.42857142857142855	no_gate			1.0		no_gate	489.0	150.0	339.0	0.3067484662576687	2.2666666666666666				150.0	0.0	100.0	0.6	20.0	0.08	1.959963984540054	0.01	2.0	10.0	0.02	
holdout	antagonistic_program	14014	mirror_reduction_100	reference	0.5822656164306743	0.7111111111111111	0.7619047619047619	no_gate			1.0		no_gate	489.0	150.0	339.0	0.3067484662576687	2.2666666666666666				150.0	0.0	100.0	0.6	20.0	0.08	1.959963984540054	0.01	2.0	10.0	0.02	
holdout	antagonistic_program	14014	mirror_reduction_075	target	0.8016293449307135	0.9	0.42857142857142855	no_gate			0.75		no_gate	489.0	150.0	339.0	0.3067484662576687	2.2666666666666666				150.0	0.0	100.0	0.6	20.0	0.08	1.959963984540054	0.01	2.0	10.0	0.02	
holdout	antagonistic_program	14014	mirror_reduction_075	reference	0.5822656164306743	0.7111111111111111	0.7619047619047619	no_gate			0.75		no_gate	489.0	150.0	339.0	0.3067484662576687	2.2666666666666666				150.0	0.0	100.0	0.6	20.0	0.08	1.959963984540054	0.01	2.0	10.0	0.02	
holdout	antagonistic_program	14014	mirror_reduction_050	target	0.8016293449307135	0.9	0.42857142857142855	no_gate			0.5		no_gate	489.0	150.0	339.0	0.3067484662576687	2.2666666666666666				150.0	0.0	100.0	0.6	20.0	0.08	1.959963984540054	0.01	2.0	10.0	0.02	
holdout	antagonistic_program	14014	mirror_reduction_050	reference	0.5822656164306743	0.7111111111111111	0.7619047619047619	no_gate			0.5		no_gate	489.0	150.0	339.0	0.3067484662576687	2.2666666666666666				150.0	0.0	100.0	0.6	20.0	0.08	1.959963984540054	0.01	2.0	10.0	0.02	
holdout	antagonistic_program	14014	mirror_reduction_025	target	0.8016293449307135	0.9	0.42857142857142855	no_gate			0.25		no_gate	489.0	150.0	339.0	0.3067484662576687	2.2666666666666666				150.0	0.0	100.0	0.6	20.0	0.08	1.959963984540054	0.01	2.0	10.0	0.02	
holdout	antagonistic_program	14014	mirror_reduction_025	reference	0.5822656164306743	0.7111111111111111	0.7619047619047619	no_gate			0.25		no_gate	489.0	150.0	339.0	0.3067484662576687	2.2666666666666666				150.0	0.0	100.0	0.6	20.0	0.08	1.959963984540054	0.01	2.0	10.0	0.02	
holdout	antagonistic_program	14015	rc2_unweighted	target	0.8603828533405632	0.8833333333333334	0.47619047619047616	not_applicable																									
holdout	antagonistic_program	14015	rc2_unweighted	reference	0.8499461489978195	1.0	0.3333333333333333	not_applicable																									
holdout	antagonistic_program	14015	rc3_soft	target	0.8603828533405632	0.8833333333333334	0.47619047619047616	not_applicable	0.0	0.3888888888888889																							
holdout	antagonistic_program	14015	rc3_soft	reference	0.8499461489978195	1.0	0.3333333333333333	not_applicable	0.0	0.3888888888888889																							
holdout	antagonistic_program	14015	mirror_reduction_100	target	0.8603828533405632	0.8833333333333334	0.47619047619047616	no_gate			1.0		no_gate	468.0	126.0	342.0	0.2692307692307692	2.7222222222222223				126.0	0.0	100.0	0.6	20.0	0.08	1.959963984540054	0.01	2.0	10.0	0.02	
holdout	antagonistic_program	14015	mirror_reduction_100	reference	0.8499461489978195	1.0	0.3333333333333333	no_gate			1.0		no_gate	468.0	126.0	342.0	0.2692307692307692	2.7222222222222223				126.0	0.0	100.0	0.6	20.0	0.08	1.959963984540054	0.01	2.0	10.0	0.02	
holdout	antagonistic_program	14015	mirror_reduction_075	target	0.8603828533405632	0.8833333333333334	0.47619047619047616	no_gate			0.75		no_gate	468.0	126.0	342.0	0.2692307692307692	2.7222222222222223				126.0	0.0	100.0	0.6	20.0	0.08	1.959963984540054	0.01	2.0	10.0	0.02	
holdout	antagonistic_program	14015	mirror_reduction_075	reference	0.8499461489978195	1.0	0.3333333333333333	no_gate			0.75		no_gate	468.0	126.0	342.0	0.2692307692307692	2.7222222222222223				126.0	0.0	100.0	0.6	20.0	0.08	1.959963984540054	0.01	2.0	10.0	0.02	
holdout	antagonistic_program	14015	mirror_reduction_050	target	0.8603828533405632	0.8833333333333334	0.47619047619047616	no_gate			0.5		no_gate	468.0	126.0	342.0	0.2692307692307692	2.7222222222222223				126.0	0.0	100.0	0.6	20.0	0.08	1.959963984540054	0.01	2.0	10.0	0.02	
holdout	antagonistic_program	14015	mirror_reduction_050	reference	0.8499461489978195	1.0	0.3333333333333333	no_gate			0.5		no_gate	468.0	126.0	342.0	0.2692307692307692	2.7222222222222223				126.0	0.0	100.0	0.6	20.0	0.08	1.959963984540054	0.01	2.0	10.0	0.02	
holdout	antagonistic_program	14015	mirror_reduction_025	target	0.8603828533405632	0.8833333333333334	0.47619047619047616	no_gate			0.25		no_gate	468.0	126.0	342.0	0.2692307692307692	2.7222222222222223				126.0	0.0	100.0	0.6	20.0	0.08	1.959963984540054	0.01	2.0	10.0	0.02	
holdout	antagonistic_program	14015	mirror_reduction_025	reference	0.8499461489978195	1.0	0.3333333333333333	no_gate			0.25		no_gate	468.0	126.0	342.0	0.2692307692307692	2.7222222222222223				126.0	0.0	100.0	0.6	20.0	0.08	1.959963984540054	0.01	2.0	10.0	0.02	
holdout	antagonistic_program	14016	rc2_unweighted	target	0.846985765084077	0.9055555555555554	0.6666666666666666	not_applicable																									
holdout	antagonistic_program	14016	rc2_unweighted	reference	0.7301461596568061	0.9611111111111112	0.6666666666666666	not_applicable																									
holdout	antagonistic_program	14016	rc3_soft	target	0.846985765084077	0.9055555555555554	0.6666666666666666	not_applicable	0.0	0.3763888888888889																							
holdout	antagonistic_program	14016	rc3_soft	reference	0.7301461596568061	0.9611111111111112	0.6666666666666666	not_applicable	0.0	0.3763888888888889																							
holdout	antagonistic_program	14016	mirror_reduction_100	target	0.846985765084077	0.9055555555555554	0.6666666666666666	no_gate			1.0		no_gate	464.0	148.0	316.0	0.31896551724137934	2.141891891891892				148.0	0.0	100.0	0.6	20.0	0.08	1.959963984540054	0.01	2.0	10.0	0.02	
holdout	antagonistic_program	14016	mirror_reduction_100	reference	0.7301461596568061	0.9611111111111112	0.6666666666666666	no_gate			1.0		no_gate	464.0	148.0	316.0	0.31896551724137934	2.141891891891892				148.0	0.0	100.0	0.6	20.0	0.08	1.959963984540054	0.01	2.0	10.0	0.02	
holdout	antagonistic_program	14016	mirror_reduction_075	target	0.846985765084077	0.9055555555555554	0.6666666666666666	no_gate			0.75		no_gate	464.0	148.0	316.0	0.31896551724137934	2.141891891891892				148.0	0.0	100.0	0.6	20.0	0.08	1.959963984540054	0.01	2.0	10.0	0.02	
holdout	antagonistic_program	14016	mirror_reduction_075	reference	0.7301461596568061	0.9611111111111112	0.6666666666666666	no_gate			0.75		no_gate	464.0	148.0	316.0	0.31896551724137934	2.141891891891892				148.0	0.0	100.0	0.6	20.0	0.08	1.959963984540054	0.01	2.0	10.0	0.02	
holdout	antagonistic_program	14016	mirror_reduction_050	target	0.846985765084077	0.9055555555555554	0.6666666666666666	no_gate			0.5		no_gate	464.0	148.0	316.0	0.31896551724137934	2.141891891891892				148.0	0.0	100.0	0.6	20.0	0.08	1.959963984540054	0.01	2.0	10.0	0.02	
holdout	antagonistic_program	14016	mirror_reduction_050	reference	0.7301461596568061	0.9611111111111112	0.6666666666666666	no_gate			0.5		no_gate	464.0	148.0	316.0	0.31896551724137934	2.141891891891892				148.0	0.0	100.0	0.6	20.0	0.08	1.959963984540054	0.01	2.0	10.0	0.02	
holdout	antagonistic_program	14016	mirror_reduction_025	target	0.846985765084077	0.9055555555555554	0.6666666666666666	no_gate			0.25		no_gate	464.0	148.0	316.0	0.31896551724137934	2.141891891891892				148.0	0.0	100.0	0.6	20.0	0.08	1.959963984540054	0.01	2.0	10.0	0.02	
holdout	antagonistic_program	14016	mirror_reduction_025	reference	0.7301461596568061	0.9611111111111112	0.6666666666666666	no_gate			0.25		no_gate	464.0	148.0	316.0	0.31896551724137934	2.141891891891892				148.0	0.0	100.0	0.6	20.0	0.08	1.959963984540054	0.01	2.0	10.0	0.02	
holdout	global_null	14001	rc2_unweighted	target			0.9523809523809523	not_applicable																									
holdout	global_null	14001	rc2_unweighted	reference			0.9047619047619048	not_applicable																									
holdout	global_null	14001	rc3_soft	target			0.09523809523809523	not_applicable	0.25185185185185155	0.5314814814814814																							
holdout	global_null	14001	rc3_soft	reference			0.0	not_applicable	0.25185185185185155	0.5314814814814814																							
holdout	global_null	14001	mirror_reduction_100	target			0.9523809523809523	no_gate			1.0		no_gate	105.0	53.0	52.0	0.5047619047619047	1.0				53.0	0.0	100.0	0.6	20.0	0.08	1.959963984540054	0.01	2.0	10.0	0.02	
holdout	global_null	14001	mirror_reduction_100	reference			0.9047619047619048	no_gate			1.0		no_gate	105.0	53.0	52.0	0.5047619047619047	1.0				53.0	0.0	100.0	0.6	20.0	0.08	1.959963984540054	0.01	2.0	10.0	0.02	
holdout	global_null	14001	mirror_reduction_075	target			0.9523809523809523	no_gate			0.75		no_gate	105.0	53.0	52.0	0.5047619047619047	1.0				53.0	0.0	100.0	0.6	20.0	0.08	1.959963984540054	0.01	2.0	10.0	0.02	
holdout	global_null	14001	mirror_reduction_075	reference			0.9047619047619048	no_gate			0.75		no_gate	105.0	53.0	52.0	0.5047619047619047	1.0				53.0	0.0	100.0	0.6	20.0	0.08	1.959963984540054	0.01	2.0	10.0	0.02	
holdout	global_null	14001	mirror_reduction_050	target			0.9523809523809523	no_gate			0.5		no_gate	105.0	53.0	52.0	0.5047619047619047	1.0				53.0	0.0	100.0	0.6	20.0	0.08	1.959963984540054	0.01	2.0	10.0	0.02	
holdout	global_null	14001	mirror_reduction_050	reference			0.9047619047619048	no_gate			0.5		no_gate	105.0	53.0	52.0	0.5047619047619047	1.0				53.0	0.0	100.0	0.6	20.0	0.08	1.959963984540054	0.01	2.0	10.0	0.02	
holdout	global_null	14001	mirror_reduction_025	target			0.9523809523809523	no_gate			0.25		no_gate	105.0	53.0	52.0	0.5047619047619047	1.0				53.0	0.0	100.0	0.6	20.0	0.08	1.959963984540054	0.01	2.0	10.0	0.02	
holdout	global_null	14001	mirror_reduction_025	reference			0.9047619047619048	no_gate			0.25		no_gate	105.0	53.0	52.0	0.5047619047619047	1.0				53.0	0.0	100.0	0.6	20.0	0.08	1.959963984540054	0.01	2.0	10.0	0.02	
holdout	global_null	14002	rc2_unweighted	target			0.9047619047619048	not_applicable																									
holdout	global_null	14002	rc2_unweighted	reference			1.0	not_applicable																									
holdout	global_null	14002	rc3_soft	target			0.14285714285714285	not_applicable	0.014814814814815058	0.5018518518518519																							
holdout	global_null	14002	rc3_soft	reference			0.0	not_applicable	0.014814814814815058	0.5018518518518519																							
holdout	global_null	14002	mirror_reduction_100	target			0.9047619047619048	no_gate			1.0		no_gate	103.0	47.0	56.0	0.4563106796116505	1.2127659574468086				47.0	0.0	100.0	0.6	20.0	0.08	1.959963984540054	0.01	2.0	10.0	0.02	
holdout	global_null	14002	mirror_reduction_100	reference			1.0	no_gate			1.0		no_gate	103.0	47.0	56.0	0.4563106796116505	1.2127659574468086				47.0	0.0	100.0	0.6	20.0	0.08	1.959963984540054	0.01	2.0	10.0	0.02	
holdout	global_null	14002	mirror_reduction_075	target			0.9047619047619048	no_gate			0.75		no_gate	103.0	47.0	56.0	0.4563106796116505	1.2127659574468086				47.0	0.0	100.0	0.6	20.0	0.08	1.959963984540054	0.01	2.0	10.0	0.02	
holdout	global_null	14002	mirror_reduction_075	reference			1.0	no_gate			0.75		no_gate	103.0	47.0	56.0	0.4563106796116505	1.2127659574468086				47.0	0.0	100.0	0.6	20.0	0.08	1.959963984540054	0.01	2.0	10.0	0.02	
holdout	global_null	14002	mirror_reduction_050	target			0.9047619047619048	no_gate			0.5		no_gate	103.0	47.0	56.0	0.4563106796116505	1.2127659574468086				47.0	0.0	100.0	0.6	20.0	0.08	1.959963984540054	0.01	2.0	10.0	0.02	
holdout	global_null	14002	mirror_reduction_050	reference			1.0	no_gate			0.5		no_gate	103.0	47.0	56.0	0.4563106796116505	1.2127659574468086				47.0	0.0	100.0	0.6	20.0	0.08	1.959963984540054	0.01	2.0	10.0	0.02	
holdout	global_null	14002	mirror_reduction_025	target			0.9047619047619048	no_gate			0.25		no_gate	103.0	47.0	56.0	0.4563106796116505	1.2127659574468086				47.0	0.0	100.0	0.6	20.0	0.08	1.959963984540054	0.01	2.0	10.0	0.02	
holdout	global_null	14002	mirror_reduction_025	reference			1.0	no_gate			0.25		no_gate	103.0	47.0	56.0	0.4563106796116505	1.2127659574468086				47.0	0.0	100.0	0.6	20.0	0.08	1.959963984540054	0.01	2.0	10.0	0.02	
holdout	global_null	14003	rc2_unweighted	target			0.8571428571428571	not_applicable																									
holdout	global_null	14003	rc2_unweighted	reference			0.9523809523809523	not_applicable																									
holdout	global_null	14003	rc3_soft	target			0.0	not_applicable	0.02592592592592613	0.5032407407407408																							
holdout	global_null	14003	rc3_soft	reference			0.14285714285714285	not_applicable	0.02592592592592613	0.5032407407407408																							
holdout	global_null	14003	mirror_reduction_100	target			0.8571428571428571	no_gate			1.0		no_gate	98.0	50.0	48.0	0.5102040816326531	0.98				50.0	0.0	100.0	0.6	20.0	0.08	1.959963984540054	0.01	2.0	10.0	0.02	
holdout	global_null	14003	mirror_reduction_100	reference			0.9523809523809523	no_gate			1.0		no_gate	98.0	50.0	48.0	0.5102040816326531	0.98				50.0	0.0	100.0	0.6	20.0	0.08	1.959963984540054	0.01	2.0	10.0	0.02	
holdout	global_null	14003	mirror_reduction_075	target			0.8571428571428571	no_gate			0.75		no_gate	98.0	50.0	48.0	0.5102040816326531	0.98				50.0	0.0	100.0	0.6	20.0	0.08	1.959963984540054	0.01	2.0	10.0	0.02	
holdout	global_null	14003	mirror_reduction_075	reference			0.9523809523809523	no_gate			0.75		no_gate	98.0	50.0	48.0	0.5102040816326531	0.98				50.0	0.0	100.0	0.6	20.0	0.08	1.959963984540054	0.01	2.0	10.0	0.02	
holdout	global_null	14003	mirror_reduction_050	target			0.8571428571428571	no_gate			0.5		no_gate	98.0	50.0	48.0	0.5102040816326531	0.98				50.0	0.0	100.0	0.6	20.0	0.08	1.959963984540054	0.01	2.0	10.0	0.02	
holdout	global_null	14003	mirror_reduction_050	reference			0.9523809523809523	no_gate			0.5		no_gate	98.0	50.0	48.0	0.5102040816326531	0.98				50.0	0.0	100.0	0.6	20.0	0.08	1.959963984540054	0.01	2.0	10.0	0.02	
holdout	global_null	14003	mirror_reduction_025	target			0.8571428571428571	no_gate			0.25		no_gate	98.0	50.0	48.0	0.5102040816326531	0.98				50.0	0.0	100.0	0.6	20.0	0.08	1.959963984540054	0.01	2.0	10.0	0.02	
holdout	global_null	14003	mirror_reduction_025	reference			0.9523809523809523	no_gate			0.25		no_gate	98.0	50.0	48.0	0.5102040816326531	0.98				50.0	0.0	100.0	0.6	20.0	0.08	1.959963984540054	0.01	2.0	10.0	0.02	
holdout	global_null	14004	rc2_unweighted	target			0.8571428571428571	not_applicable																									
holdout	global_null	14004	rc2_unweighted	reference			0.9047619047619048	not_applicable																									
holdout	global_null	14004	rc3_soft	target			0.09523809523809523	not_applicable	0.16666666666666696	0.5208333333333334																							
holdout	global_null	14004	rc3_soft	reference			0.2857142857142857	not_applicable	0.16666666666666696	0.5208333333333334																							
holdout	global_null	14004	mirror_reduction_100	target			0.8571428571428571	no_gate			1.0		no_gate	100.0	55.0	45.0	0.55	0.8363636363636363				55.0	0.0	100.0	0.6	20.0	0.08	1.959963984540054	0.01	2.0	10.0	0.02	
holdout	global_null	14004	mirror_reduction_100	reference			0.9047619047619048	no_gate			1.0		no_gate	100.0	55.0	45.0	0.55	0.8363636363636363				55.0	0.0	100.0	0.6	20.0	0.08	1.959963984540054	0.01	2.0	10.0	0.02	
holdout	global_null	14004	mirror_reduction_075	target			0.8571428571428571	no_gate			0.75		no_gate	100.0	55.0	45.0	0.55	0.8363636363636363				55.0	0.0	100.0	0.6	20.0	0.08	1.959963984540054	0.01	2.0	10.0	0.02	
holdout	global_null	14004	mirror_reduction_075	reference			0.9047619047619048	no_gate			0.75		no_gate	100.0	55.0	45.0	0.55	0.8363636363636363				55.0	0.0	100.0	0.6	20.0	0.08	1.959963984540054	0.01	2.0	10.0	0.02	
holdout	global_null	14004	mirror_reduction_050	target			0.8571428571428571	no_gate			0.5		no_gate	100.0	55.0	45.0	0.55	0.8363636363636363				55.0	0.0	100.0	0.6	20.0	0.08	1.959963984540054	0.01	2.0	10.0	0.02	
holdout	global_null	14004	mirror_reduction_050	reference			0.9047619047619048	no_gate			0.5		no_gate	100.0	55.0	45.0	0.55	0.8363636363636363				55.0	0.0	100.0	0.6	20.0	0.08	1.959963984540054	0.01	2.0	10.0	0.02	
holdout	global_null	14004	mirror_reduction_025	target			0.8571428571428571	no_gate			0.25		no_gate	100.0	55.0	45.0	0.55	0.8363636363636363				55.0	0.0	100.0	0.6	20.0	0.08	1.959963984540054	0.01	2.0	10.0	0.02	
holdout	global_null	14004	mirror_reduction_025	reference			0.9047619047619048	no_gate			0.25		no_gate	100.0	55.0	45.0	0.55	0.8363636363636363				55.0	0.0	100.0	0.6	20.0	0.08	1.959963984540054	0.01	2.0	10.0	0.02	
holdout	global_null	14005	rc2_unweighted	target			0.9523809523809523	not_applicable																									
holdout	global_null	14005	rc2_unweighted	reference			0.8571428571428571	not_applicable																									
holdout	global_null	14005	rc3_soft	target			0.9523809523809523	not_applicable	0.0	0.4847222222222222																							
holdout	global_null	14005	rc3_soft	reference			0.8571428571428571	not_applicable	0.0	0.4847222222222222																							
holdout	global_null	14005	mirror_reduction_100	target			0.9523809523809523	no_gate			1.0		no_gate	117.0	55.0	62.0	0.4700854700854701	1.1454545454545455				55.0	0.0	100.0	0.6	20.0	0.08	1.959963984540054	0.01	2.0	10.0	0.02	
holdout	global_null	14005	mirror_reduction_100	reference			0.8571428571428571	no_gate			1.0		no_gate	117.0	55.0	62.0	0.4700854700854701	1.1454545454545455				55.0	0.0	100.0	0.6	20.0	0.08	1.959963984540054	0.01	2.0	10.0	0.02	
holdout	global_null	14005	mirror_reduction_075	target			0.9523809523809523	no_gate			0.75		no_gate	117.0	55.0	62.0	0.4700854700854701	1.1454545454545455				55.0	0.0	100.0	0.6	20.0	0.08	1.959963984540054	0.01	2.0	10.0	0.02	
holdout	global_null	14005	mirror_reduction_075	reference			0.8571428571428571	no_gate			0.75		no_gate	117.0	55.0	62.0	0.4700854700854701	1.1454545454545455				55.0	0.0	100.0	0.6	20.0	0.08	1.959963984540054	0.01	2.0	10.0	0.02	
holdout	global_null	14005	mirror_reduction_050	target			0.9523809523809523	no_gate			0.5		no_gate	117.0	55.0	62.0	0.4700854700854701	1.1454545454545455				55.0	0.0	100.0	0.6	20.0	0.08	1.959963984540054	0.01	2.0	10.0	0.02	
holdout	global_null	14005	mirror_reduction_050	reference			0.8571428571428571	no_gate			0.5		no_gate	117.0	55.0	62.0	0.4700854700854701	1.1454545454545455				55.0	0.0	100.0	0.6	20.0	0.08	1.959963984540054	0.01	2.0	10.0	0.02	
holdout	global_null	14005	mirror_reduction_025	target			0.9523809523809523	no_gate			0.25		no_gate	117.0	55.0	62.0	0.4700854700854701	1.1454545454545455				55.0	0.0	100.0	0.6	20.0	0.08	1.959963984540054	0.01	2.0	10.0	0.02	
holdout	global_null	14005	mirror_reduction_025	reference			0.8571428571428571	no_gate			0.25		no_gate	117.0	55.0	62.0	0.4700854700854701	1.1454545454545455				55.0	0.0	100.0	0.6	20.0	0.08	1.959963984540054	0.01	2.0	10.0	0.02	
holdout	global_null	14006	rc2_unweighted	target			0.9047619047619048	not_applicable																									
holdout	global_null	14006	rc2_unweighted	reference			1.0	not_applicable																									
holdout	global_null	14006	rc3_soft	target			0.0	not_applicable	0.04814814814814827	0.5060185185185185																							
holdout	global_null	14006	rc3_soft	reference			0.14285714285714285	not_applicable	0.04814814814814827	0.5060185185185185																							
holdout	global_null	14006	mirror_reduction_100	target			0.9047619047619048	no_gate			1.0		no_gate	93.0	54.0	39.0	0.5806451612903226	0.7407407407407407				54.0	0.0	100.0	0.6	20.0	0.08	1.959963984540054	0.01	2.0	10.0	0.02	
holdout	global_null	14006	mirror_reduction_100	reference			1.0	no_gate			1.0		no_gate	93.0	54.0	39.0	0.5806451612903226	0.7407407407407407				54.0	0.0	100.0	0.6	20.0	0.08	1.959963984540054	0.01	2.0	10.0	0.02	
holdout	global_null	14006	mirror_reduction_075	target			0.9047619047619048	no_gate			0.75		no_gate	93.0	54.0	39.0	0.5806451612903226	0.7407407407407407				54.0	0.0	100.0	0.6	20.0	0.08	1.959963984540054	0.01	2.0	10.0	0.02	
holdout	global_null	14006	mirror_reduction_075	reference			1.0	no_gate			0.75		no_gate	93.0	54.0	39.0	0.5806451612903226	0.7407407407407407				54.0	0.0	100.0	0.6	20.0	0.08	1.959963984540054	0.01	2.0	10.0	0.02	
holdout	global_null	14006	mirror_reduction_050	target			0.9047619047619048	no_gate			0.5		no_gate	93.0	54.0	39.0	0.5806451612903226	0.7407407407407407				54.0	0.0	100.0	0.6	20.0	0.08	1.959963984540054	0.01	2.0	10.0	0.02	
holdout	global_null	14006	mirror_reduction_050	reference			1.0	no_gate			0.5		no_gate	93.0	54.0	39.0	0.5806451612903226	0.7407407407407407				54.0	0.0	100.0	0.6	20.0	0.08	1.959963984540054	0.01	2.0	10.0	0.02	
holdout	global_null	14006	mirror_reduction_025	target			0.9047619047619048	no_gate			0.25		no_gate	93.0	54.0	39.0	0.5806451612903226	0.7407407407407407				54.0	0.0	100.0	0.6	20.0	0.08	1.959963984540054	0.01	2.0	10.0	0.02	
holdout	global_null	14006	mirror_reduction_025	reference			1.0	no_gate			0.25		no_gate	93.0	54.0	39.0	0.5806451612903226	0.7407407407407407				54.0	0.0	100.0	0.6	20.0	0.08	1.959963984540054	0.01	2.0	10.0	0.02	
holdout	global_null	14007	rc2_unweighted	target			0.9047619047619048	not_applicable																									
holdout	global_null	14007	rc2_unweighted	reference			0.9047619047619048	not_applicable																									
holdout	global_null	14007	rc3_soft	target			0.14285714285714285	not_applicable	0.06296296296296333	0.5078703703703704																							
holdout	global_null	14007	rc3_soft	reference			0.0	not_applicable	0.06296296296296333	0.5078703703703704																							
holdout	global_null	14007	mirror_reduction_100	target			0.9047619047619048	no_gate			1.0		no_gate	95.0	44.0	51.0	0.4631578947368421	1.1818181818181819				44.0	0.0	100.0	0.6	20.0	0.08	1.959963984540054	0.01	2.0	10.0	0.02	
holdout	global_null	14007	mirror_reduction_100	reference			0.9047619047619048	no_gate			1.0		no_gate	95.0	44.0	51.0	0.4631578947368421	1.1818181818181819				44.0	0.0	100.0	0.6	20.0	0.08	1.959963984540054	0.01	2.0	10.0	0.02	
holdout	global_null	14007	mirror_reduction_075	target			0.9047619047619048	no_gate			0.75		no_gate	95.0	44.0	51.0	0.4631578947368421	1.1818181818181819				44.0	0.0	100.0	0.6	20.0	0.08	1.959963984540054	0.01	2.0	10.0	0.02	
holdout	global_null	14007	mirror_reduction_075	reference			0.9047619047619048	no_gate			0.75		no_gate	95.0	44.0	51.0	0.4631578947368421	1.1818181818181819				44.0	0.0	100.0	0.6	20.0	0.08	1.959963984540054	0.01	2.0	10.0	0.02	
holdout	global_null	14007	mirror_reduction_050	target			0.9047619047619048	no_gate			0.5		no_gate	95.0	44.0	51.0	0.4631578947368421	1.1818181818181819				44.0	0.0	100.0	0.6	20.0	0.08	1.959963984540054	0.01	2.0	10.0	0.02	
holdout	global_null	14007	mirror_reduction_050	reference			0.9047619047619048	no_gate			0.5		no_gate	95.0	44.0	51.0	0.4631578947368421	1.1818181818181819				44.0	0.0	100.0	0.6	20.0	0.08	1.959963984540054	0.01	2.0	10.0	0.02	
holdout	global_null	14007	mirror_reduction_025	target			0.9047619047619048	no_gate			0.25		no_gate	95.0	44.0	51.0	0.4631578947368421	1.1818181818181819				44.0	0.0	100.0	0.6	20.0	0.08	1.959963984540054	0.01	2.0	10.0	0.02	
holdout	global_null	14007	mirror_reduction_025	reference			0.9047619047619048	no_gate			0.25		no_gate	95.0	44.0	51.0	0.4631578947368421	1.1818181818181819				44.0	0.0	100.0	0.6	20.0	0.08	1.959963984540054	0.01	2.0	10.0	0.02	
holdout	global_null	14008	rc2_unweighted	target			0.9523809523809523	not_applicable																									
holdout	global_null	14008	rc2_unweighted	reference			0.9523809523809523	not_applicable																									
holdout	global_null	14008	rc3_soft	target			0.09523809523809523	not_applicable	0.0037037037037039866	0.500462962962963																							
holdout	global_null	14008	rc3_soft	reference			0.23809523809523808	not_applicable	0.0037037037037039866	0.500462962962963																							
holdout	global_null	14008	mirror_reduction_100	target			0.9523809523809523	no_gate			1.0		no_gate	111.0	51.0	60.0	0.4594594594594595	1.196078431372549				51.0	0.0	100.0	0.6	20.0	0.08	1.959963984540054	0.01	2.0	10.0	0.02	
holdout	global_null	14008	mirror_reduction_100	reference			0.9523809523809523	no_gate			1.0		no_gate	111.0	51.0	60.0	0.4594594594594595	1.196078431372549				51.0	0.0	100.0	0.6	20.0	0.08	1.959963984540054	0.01	2.0	10.0	0.02	
holdout	global_null	14008	mirror_reduction_075	target			0.9523809523809523	no_gate			0.75		no_gate	111.0	51.0	60.0	0.4594594594594595	1.196078431372549				51.0	0.0	100.0	0.6	20.0	0.08	1.959963984540054	0.01	2.0	10.0	0.02	
holdout	global_null	14008	mirror_reduction_075	reference			0.9523809523809523	no_gate			0.75		no_gate	111.0	51.0	60.0	0.4594594594594595	1.196078431372549				51.0	0.0	100.0	0.6	20.0	0.08	1.959963984540054	0.01	2.0	10.0	0.02	
holdout	global_null	14008	mirror_reduction_050	target			0.9523809523809523	no_gate			0.5		no_gate	111.0	51.0	60.0	0.4594594594594595	1.196078431372549				51.0	0.0	100.0	0.6	20.0	0.08	1.959963984540054	0.01	2.0	10.0	0.02	
holdout	global_null	14008	mirror_reduction_050	reference			0.9523809523809523	no_gate			0.5		no_gate	111.0	51.0	60.0	0.4594594594594595	1.196078431372549				51.0	0.0	100.0	0.6	20.0	0.08	1.959963984540054	0.01	2.0	10.0	0.02	
holdout	global_null	14008	mirror_reduction_025	target			0.9523809523809523	no_gate			0.25		no_gate	111.0	51.0	60.0	0.4594594594594595	1.196078431372549				51.0	0.0	100.0	0.6	20.0	0.08	1.959963984540054	0.01	2.0	10.0	0.02	
holdout	global_null	14008	mirror_reduction_025	reference			0.9523809523809523	no_gate			0.25		no_gate	111.0	51.0	60.0	0.4594594594594595	1.196078431372549				51.0	0.0	100.0	0.6	20.0	0.08	1.959963984540054	0.01	2.0	10.0	0.02	
holdout	global_null	14009	rc2_unweighted	target			0.8095238095238095	not_applicable																									
holdout	global_null	14009	rc2_unweighted	reference			0.9523809523809523	not_applicable																									
holdout	global_null	14009	rc3_soft	target			0.8095238095238095	not_applicable	0.0	0.48935185185185187																							
holdout	global_null	14009	rc3_soft	reference			0.9523809523809523	not_applicable	0.0	0.48935185185185187																							
holdout	global_null	14009	mirror_reduction_100	target			0.8095238095238095	no_gate			1.0		no_gate	113.0	53.0	60.0	0.4690265486725664	1.150943396226415				53.0	0.0	100.0	0.6	20.0	0.08	1.959963984540054	0.01	2.0	10.0	0.02	
holdout	global_null	14009	mirror_reduction_100	reference			0.9523809523809523	no_gate			1.0		no_gate	113.0	53.0	60.0	0.4690265486725664	1.150943396226415				53.0	0.0	100.0	0.6	20.0	0.08	1.959963984540054	0.01	2.0	10.0	0.02	
holdout	global_null	14009	mirror_reduction_075	target			0.8095238095238095	no_gate			0.75		no_gate	113.0	53.0	60.0	0.4690265486725664	1.150943396226415				53.0	0.0	100.0	0.6	20.0	0.08	1.959963984540054	0.01	2.0	10.0	0.02	
holdout	global_null	14009	mirror_reduction_075	reference			0.9523809523809523	no_gate			0.75		no_gate	113.0	53.0	60.0	0.4690265486725664	1.150943396226415				53.0	0.0	100.0	0.6	20.0	0.08	1.959963984540054	0.01	2.0	10.0	0.02	
holdout	global_null	14009	mirror_reduction_050	target			0.8095238095238095	no_gate			0.5		no_gate	113.0	53.0	60.0	0.4690265486725664	1.150943396226415				53.0	0.0	100.0	0.6	20.0	0.08	1.959963984540054	0.01	2.0	10.0	0.02	
holdout	global_null	14009	mirror_reduction_050	reference			0.9523809523809523	no_gate			0.5		no_gate	113.0	53.0	60.0	0.4690265486725664	1.150943396226415				53.0	0.0	100.0	0.6	20.0	0.08	1.959963984540054	0.01	2.0	10.0	0.02	
holdout	global_null	14009	mirror_reduction_025	target			0.8095238095238095	no_gate			0.25		no_gate	113.0	53.0	60.0	0.4690265486725664	1.150943396226415				53.0	0.0	100.0	0.6	20.0	0.08	1.959963984540054	0.01	2.0	10.0	0.02	
holdout	global_null	14009	mirror_reduction_025	reference			0.9523809523809523	no_gate			0.25		no_gate	113.0	53.0	60.0	0.4690265486725664	1.150943396226415				53.0	0.0	100.0	0.6	20.0	0.08	1.959963984540054	0.01	2.0	10.0	0.02	
holdout	global_null	14010	rc2_unweighted	target			0.8571428571428571	not_applicable																									
holdout	global_null	14010	rc2_unweighted	reference			0.9523809523809523	not_applicable																									
holdout	global_null	14010	rc3_soft	target			0.0	not_applicable	0.1888888888888891	0.5236111111111111																							
holdout	global_null	14010	rc3_soft	reference			0.0	not_applicable	0.1888888888888891	0.5236111111111111																							
holdout	global_null	14010	mirror_reduction_100	target			1.0	sign_only			1.0	0.0	sign_only	128.0	77.0	51.0	0.6015625	0.6753246753246753	0.6753246753246753	0.6753246753246753		77.0	51.0	100.0	0.6	20.0	0.08	1.959963984540054	0.01	2.0	10.0	0.02	
holdout	global_null	14010	mirror_reduction_100	reference			0.9047619047619048	sign_only			1.0	0.0	sign_only	128.0	77.0	51.0	0.6015625	0.6753246753246753	0.6753246753246753	0.6753246753246753		77.0	51.0	100.0	0.6	20.0	0.08	1.959963984540054	0.01	2.0	10.0	0.02	
holdout	global_null	14010	mirror_reduction_075	target			1.0	sign_only			0.75	0.0	sign_only	128.0	77.0	51.0	0.6015625	0.6753246753246753	0.5064935064935066	0.6753246753246753		77.0	51.0	100.0	0.6	20.0	0.08	1.959963984540054	0.01	2.0	10.0	0.02	
holdout	global_null	14010	mirror_reduction_075	reference			0.9047619047619048	sign_only			0.75	0.0	sign_only	128.0	77.0	51.0	0.6015625	0.6753246753246753	0.5064935064935066	0.6753246753246753		77.0	51.0	100.0	0.6	20.0	0.08	1.959963984540054	0.01	2.0	10.0	0.02	
holdout	global_null	14010	mirror_reduction_050	target			1.0	sign_only			0.5	0.0	sign_only	128.0	77.0	51.0	0.6015625	0.6753246753246753	0.33766233766233766	0.6753246753246753		77.0	51.0	100.0	0.6	20.0	0.08	1.959963984540054	0.01	2.0	10.0	0.02	
holdout	global_null	14010	mirror_reduction_050	reference			0.9047619047619048	sign_only			0.5	0.0	sign_only	128.0	77.0	51.0	0.6015625	0.6753246753246753	0.33766233766233766	0.6753246753246753		77.0	51.0	100.0	0.6	20.0	0.08	1.959963984540054	0.01	2.0	10.0	0.02	
holdout	global_null	14010	mirror_reduction_025	target			1.0	sign_only			0.25	0.0	sign_only	128.0	77.0	51.0	0.6015625	0.6753246753246753	0.16883116883116883	0.6753246753246753		77.0	51.0	100.0	0.6	20.0	0.08	1.959963984540054	0.01	2.0	10.0	0.02	
holdout	global_null	14010	mirror_reduction_025	reference			0.9047619047619048	sign_only			0.25	0.0	sign_only	128.0	77.0	51.0	0.6015625	0.6753246753246753	0.16883116883116883	0.6753246753246753		77.0	51.0	100.0	0.6	20.0	0.08	1.959963984540054	0.01	2.0	10.0	0.02	
holdout	global_null	14011	rc2_unweighted	target			0.8571428571428571	not_applicable																									
holdout	global_null	14011	rc2_unweighted	reference			0.9523809523809523	not_applicable																									
holdout	global_null	14011	rc3_soft	target			0.8571428571428571	not_applicable	0.0	0.4949074074074074																							
holdout	global_null	14011	rc3_soft	reference			0.9523809523809523	not_applicable	0.0	0.4949074074074074																							
holdout	global_null	14011	mirror_reduction_100	target			0.8571428571428571	no_gate			1.0		no_gate	112.0	56.0	56.0	0.5	1.0178571428571428				56.0	0.0	100.0	0.6	20.0	0.08	1.959963984540054	0.01	2.0	10.0	0.02	
holdout	global_null	14011	mirror_reduction_100	reference			0.9523809523809523	no_gate			1.0		no_gate	112.0	56.0	56.0	0.5	1.0178571428571428				56.0	0.0	100.0	0.6	20.0	0.08	1.959963984540054	0.01	2.0	10.0	0.02	
holdout	global_null	14011	mirror_reduction_075	target			0.8571428571428571	no_gate			0.75		no_gate	112.0	56.0	56.0	0.5	1.0178571428571428				56.0	0.0	100.0	0.6	20.0	0.08	1.959963984540054	0.01	2.0	10.0	0.02	
holdout	global_null	14011	mirror_reduction_075	reference			0.9523809523809523	no_gate			0.75		no_gate	112.0	56.0	56.0	0.5	1.0178571428571428				56.0	0.0	100.0	0.6	20.0	0.08	1.959963984540054	0.01	2.0	10.0	0.02	
holdout	global_null	14011	mirror_reduction_050	target			0.8571428571428571	no_gate			0.5		no_gate	112.0	56.0	56.0	0.5	1.0178571428571428				56.0	0.0	100.0	0.6	20.0	0.08	1.959963984540054	0.01	2.0	10.0	0.02	
holdout	global_null	14011	mirror_reduction_050	reference			0.9523809523809523	no_gate			0.5		no_gate	112.0	56.0	56.0	0.5	1.0178571428571428				56.0	0.0	100.0	0.6	20.0	0.08	1.959963984540054	0.01	2.0	10.0	0.02	
holdout	global_null	14011	mirror_reduction_025	target			0.8571428571428571	no_gate			0.25		no_gate	112.0	56.0	56.0	0.5	1.0178571428571428				56.0	0.0	100.0	0.6	20.0	0.08	1.959963984540054	0.01	2.0	10.0	0.02	
holdout	global_null	14011	mirror_reduction_025	reference			0.9523809523809523	no_gate			0.25		no_gate	112.0	56.0	56.0	0.5	1.0178571428571428				56.0	0.0	100.0	0.6	20.0	0.08	1.959963984540054	0.01	2.0	10.0	0.02	
holdout	global_null	14012	rc2_unweighted	target			0.8571428571428571	not_applicable																									
holdout	global_null	14012	rc2_unweighted	reference			1.0	not_applicable																									
holdout	global_null	14012	rc3_soft	target			0.0	not_applicable	0.059259259259259345	0.5074074074074074																							
holdout	global_null	14012	rc3_soft	reference			0.09523809523809523	not_applicable	0.059259259259259345	0.5074074074074074																							
holdout	global_null	14012	mirror_reduction_100	target			0.8571428571428571	no_gate			1.0		no_gate	123.0	64.0	59.0	0.5203252032520326	0.9375				64.0	0.0	100.0	0.6	20.0	0.08	1.959963984540054	0.01	2.0	10.0	0.02	
holdout	global_null	14012	mirror_reduction_100	reference			1.0	no_gate			1.0		no_gate	123.0	64.0	59.0	0.5203252032520326	0.9375				64.0	0.0	100.0	0.6	20.0	0.08	1.959963984540054	0.01	2.0	10.0	0.02	
holdout	global_null	14012	mirror_reduction_075	target			0.8571428571428571	no_gate			0.75		no_gate	123.0	64.0	59.0	0.5203252032520326	0.9375				64.0	0.0	100.0	0.6	20.0	0.08	1.959963984540054	0.01	2.0	10.0	0.02	
holdout	global_null	14012	mirror_reduction_075	reference			1.0	no_gate			0.75		no_gate	123.0	64.0	59.0	0.5203252032520326	0.9375				64.0	0.0	100.0	0.6	20.0	0.08	1.959963984540054	0.01	2.0	10.0	0.02	
holdout	global_null	14012	mirror_reduction_050	target			0.8571428571428571	no_gate			0.5		no_gate	123.0	64.0	59.0	0.5203252032520326	0.9375				64.0	0.0	100.0	0.6	20.0	0.08	1.959963984540054	0.01	2.0	10.0	0.02	
holdout	global_null	14012	mirror_reduction_050	reference			1.0	no_gate			0.5		no_gate	123.0	64.0	59.0	0.5203252032520326	0.9375				64.0	0.0	100.0	0.6	20.0	0.08	1.959963984540054	0.01	2.0	10.0	0.02	
holdout	global_null	14012	mirror_reduction_025	target			0.8571428571428571	no_gate			0.25		no_gate	123.0	64.0	59.0	0.5203252032520326	0.9375				64.0	0.0	100.0	0.6	20.0	0.08	1.959963984540054	0.01	2.0	10.0	0.02	
holdout	global_null	14012	mirror_reduction_025	reference			1.0	no_gate			0.25		no_gate	123.0	64.0	59.0	0.5203252032520326	0.9375				64.0	0.0	100.0	0.6	20.0	0.08	1.959963984540054	0.01	2.0	10.0	0.02	
holdout	global_null	14013	rc2_unweighted	target			0.9047619047619048	not_applicable																									
holdout	global_null	14013	rc2_unweighted	reference			0.8571428571428571	not_applicable																									
holdout	global_null	14013	rc3_soft	target			0.19047619047619047	not_applicable	0.02962962962962923	0.5037037037037037																							
holdout	global_null	14013	rc3_soft	reference			0.09523809523809523	not_applicable	0.02962962962962923	0.5037037037037037																							
holdout	global_null	14013	mirror_reduction_100	target			0.9047619047619048	no_gate			1.0		no_gate	113.0	64.0	49.0	0.5663716814159292	0.78125				64.0	0.0	100.0	0.6	20.0	0.08	1.959963984540054	0.01	2.0	10.0	0.02	
holdout	global_null	14013	mirror_reduction_100	reference			0.8571428571428571	no_gate			1.0		no_gate	113.0	64.0	49.0	0.5663716814159292	0.78125				64.0	0.0	100.0	0.6	20.0	0.08	1.959963984540054	0.01	2.0	10.0	0.02	
holdout	global_null	14013	mirror_reduction_075	target			0.9047619047619048	no_gate			0.75		no_gate	113.0	64.0	49.0	0.5663716814159292	0.78125				64.0	0.0	100.0	0.6	20.0	0.08	1.959963984540054	0.01	2.0	10.0	0.02	
holdout	global_null	14013	mirror_reduction_075	reference			0.8571428571428571	no_gate			0.75		no_gate	113.0	64.0	49.0	0.5663716814159292	0.78125				64.0	0.0	100.0	0.6	20.0	0.08	1.959963984540054	0.01	2.0	10.0	0.02	
holdout	global_null	14013	mirror_reduction_050	target			0.9047619047619048	no_gate			0.5		no_gate	113.0	64.0	49.0	0.5663716814159292	0.78125				64.0	0.0	100.0	0.6	20.0	0.08	1.959963984540054	0.01	2.0	10.0	0.02	
holdout	global_null	14013	mirror_reduction_050	reference			0.8571428571428571	no_gate			0.5		no_gate	113.0	64.0	49.0	0.5663716814159292	0.78125				64.0	0.0	100.0	0.6	20.0	0.08	1.959963984540054	0.01	2.0	10.0	0.02	
holdout	global_null	14013	mirror_reduction_025	target			0.9047619047619048	no_gate			0.25		no_gate	113.0	64.0	49.0	0.5663716814159292	0.78125				64.0	0.0	100.0	0.6	20.0	0.08	1.959963984540054	0.01	2.0	10.0	0.02	
holdout	global_null	14013	mirror_reduction_025	reference			0.8571428571428571	no_gate			0.25		no_gate	113.0	64.0	49.0	0.5663716814159292	0.78125				64.0	0.0	100.0	0.6	20.0	0.08	1.959963984540054	0.01	2.0	10.0	0.02	
holdout	global_null	14014	rc2_unweighted	target			1.0	not_applicable																									
holdout	global_null	14014	rc2_unweighted	reference			0.9523809523809523	not_applicable																									
holdout	global_null	14014	rc3_soft	target			0.09523809523809523	not_applicable	0.06296296296296333	0.5078703703703704																							
holdout	global_null	14014	rc3_soft	reference			0.09523809523809523	not_applicable	0.06296296296296333	0.5078703703703704																							
holdout	global_null	14014	mirror_reduction_100	target			1.0	no_gate			1.0		no_gate	100.0	44.0	56.0	0.44	1.2954545454545454				44.0	0.0	100.0	0.6	20.0	0.08	1.959963984540054	0.01	2.0	10.0	0.02	
holdout	global_null	14014	mirror_reduction_100	reference			0.9523809523809523	no_gate			1.0		no_gate	100.0	44.0	56.0	0.44	1.2954545454545454				44.0	0.0	100.0	0.6	20.0	0.08	1.959963984540054	0.01	2.0	10.0	0.02	
holdout	global_null	14014	mirror_reduction_075	target			1.0	no_gate			0.75		no_gate	100.0	44.0	56.0	0.44	1.2954545454545454				44.0	0.0	100.0	0.6	20.0	0.08	1.959963984540054	0.01	2.0	10.0	0.02	
holdout	global_null	14014	mirror_reduction_075	reference			0.9523809523809523	no_gate			0.75		no_gate	100.0	44.0	56.0	0.44	1.2954545454545454				44.0	0.0	100.0	0.6	20.0	0.08	1.959963984540054	0.01	2.0	10.0	0.02	
holdout	global_null	14014	mirror_reduction_050	target			1.0	no_gate			0.5		no_gate	100.0	44.0	56.0	0.44	1.2954545454545454				44.0	0.0	100.0	0.6	20.0	0.08	1.959963984540054	0.01	2.0	10.0	0.02	
holdout	global_null	14014	mirror_reduction_050	reference			0.9523809523809523	no_gate			0.5		no_gate	100.0	44.0	56.0	0.44	1.2954545454545454				44.0	0.0	100.0	0.6	20.0	0.08	1.959963984540054	0.01	2.0	10.0	0.02	
holdout	global_null	14014	mirror_reduction_025	target			1.0	no_gate			0.25		no_gate	100.0	44.0	56.0	0.44	1.2954545454545454				44.0	0.0	100.0	0.6	20.0	0.08	1.959963984540054	0.01	2.0	10.0	0.02	
holdout	global_null	14014	mirror_reduction_025	reference			0.9523809523809523	no_gate			0.25		no_gate	100.0	44.0	56.0	0.44	1.2954545454545454				44.0	0.0	100.0	0.6	20.0	0.08	1.959963984540054	0.01	2.0	10.0	0.02	
holdout	global_null	14015	rc2_unweighted	target			0.8571428571428571	not_applicable																									
holdout	global_null	14015	rc2_unweighted	reference			0.9523809523809523	not_applicable																									
holdout	global_null	14015	rc3_soft	target			0.8571428571428571	not_applicable	0.0	0.49953703703703706																							
holdout	global_null	14015	rc3_soft	reference			0.9523809523809523	not_applicable	0.0	0.49953703703703706																							
holdout	global_null	14015	mirror_reduction_100	target			0.8571428571428571	no_gate			1.0		no_gate	108.0	51.0	57.0	0.4722222222222222	1.1372549019607843				51.0	0.0	100.0	0.6	20.0	0.08	1.959963984540054	0.01	2.0	10.0	0.02	
holdout	global_null	14015	mirror_reduction_100	reference			0.9523809523809523	no_gate			1.0		no_gate	108.0	51.0	57.0	0.4722222222222222	1.1372549019607843				51.0	0.0	100.0	0.6	20.0	0.08	1.959963984540054	0.01	2.0	10.0	0.02	
holdout	global_null	14015	mirror_reduction_075	target			0.8571428571428571	no_gate			0.75		no_gate	108.0	51.0	57.0	0.4722222222222222	1.1372549019607843				51.0	0.0	100.0	0.6	20.0	0.08	1.959963984540054	0.01	2.0	10.0	0.02	
holdout	global_null	14015	mirror_reduction_075	reference			0.9523809523809523	no_gate			0.75		no_gate	108.0	51.0	57.0	0.4722222222222222	1.1372549019607843				51.0	0.0	100.0	0.6	20.0	0.08	1.959963984540054	0.01	2.0	10.0	0.02	
holdout	global_null	14015	mirror_reduction_050	target			0.8571428571428571	no_gate			0.5		no_gate	108.0	51.0	57.0	0.4722222222222222	1.1372549019607843				51.0	0.0	100.0	0.6	20.0	0.08	1.959963984540054	0.01	2.0	10.0	0.02	
holdout	global_null	14015	mirror_reduction_050	reference			0.9523809523809523	no_gate			0.5		no_gate	108.0	51.0	57.0	0.4722222222222222	1.1372549019607843				51.0	0.0	100.0	0.6	20.0	0.08	1.959963984540054	0.01	2.0	10.0	0.02	
holdout	global_null	14015	mirror_reduction_025	target			0.8571428571428571	no_gate			0.25		no_gate	108.0	51.0	57.0	0.4722222222222222	1.1372549019607843				51.0	0.0	100.0	0.6	20.0	0.08	1.959963984540054	0.01	2.0	10.0	0.02	
holdout	global_null	14015	mirror_reduction_025	reference			0.9523809523809523	no_gate			0.25		no_gate	108.0	51.0	57.0	0.4722222222222222	1.1372549019607843				51.0	0.0	100.0	0.6	20.0	0.08	1.959963984540054	0.01	2.0	10.0	0.02	
holdout	global_null	14016	rc2_unweighted	target			0.9047619047619048	not_applicable																									
holdout	global_null	14016	rc2_unweighted	reference			0.9047619047619048	not_applicable																									
holdout	global_null	14016	rc3_soft	target			0.0	not_applicable	0.0037037037037039866	0.500462962962963																							
holdout	global_null	14016	rc3_soft	reference			0.0	not_applicable	0.0037037037037039866	0.500462962962963																							
holdout	global_null	14016	mirror_reduction_100	target			0.9047619047619048	no_gate			1.0		no_gate	114.0	52.0	62.0	0.45614035087719296	1.2115384615384615				52.0	0.0	100.0	0.6	20.0	0.08	1.959963984540054	0.01	2.0	10.0	0.02	
holdout	global_null	14016	mirror_reduction_100	reference			0.9047619047619048	no_gate			1.0		no_gate	114.0	52.0	62.0	0.45614035087719296	1.2115384615384615				52.0	0.0	100.0	0.6	20.0	0.08	1.959963984540054	0.01	2.0	10.0	0.02	
holdout	global_null	14016	mirror_reduction_075	target			0.9047619047619048	no_gate			0.75		no_gate	114.0	52.0	62.0	0.45614035087719296	1.2115384615384615				52.0	0.0	100.0	0.6	20.0	0.08	1.959963984540054	0.01	2.0	10.0	0.02	
holdout	global_null	14016	mirror_reduction_075	reference			0.9047619047619048	no_gate			0.75		no_gate	114.0	52.0	62.0	0.45614035087719296	1.2115384615384615				52.0	0.0	100.0	0.6	20.0	0.08	1.959963984540054	0.01	2.0	10.0	0.02	
holdout	global_null	14016	mirror_reduction_050	target			0.9047619047619048	no_gate			0.5		no_gate	114.0	52.0	62.0	0.45614035087719296	1.2115384615384615				52.0	0.0	100.0	0.6	20.0	0.08	1.959963984540054	0.01	2.0	10.0	0.02	
holdout	global_null	14016	mirror_reduction_050	reference			0.9047619047619048	no_gate			0.5		no_gate	114.0	52.0	62.0	0.45614035087719296	1.2115384615384615				52.0	0.0	100.0	0.6	20.0	0.08	1.959963984540054	0.01	2.0	10.0	0.02	
holdout	global_null	14016	mirror_reduction_025	target			0.9047619047619048	no_gate			0.25		no_gate	114.0	52.0	62.0	0.45614035087719296	1.2115384615384615				52.0	0.0	100.0	0.6	20.0	0.08	1.959963984540054	0.01	2.0	10.0	0.02	
holdout	global_null	14016	mirror_reduction_025	reference			0.9047619047619048	no_gate			0.25		no_gate	114.0	52.0	62.0	0.45614035087719296	1.2115384615384615				52.0	0.0	100.0	0.6	20.0	0.08	1.959963984540054	0.01	2.0	10.0	0.02	
